run,item,sim_A,sim_B,wer_A,wer_B,dur_A,dur_B,degen_A,degen_B,d_sim,d_wer
C1_0,it0000,0.4461417496204376,0.49491697549819946,0.17391304347826086,0.08695652173913043,12.16,9.44,False,False,0.04877522587776184,-0.08695652173913043
C1_0,it0001,0.3067445755004883,0.33221620321273804,0.2777777777777778,0.16666666666666666,4.96,9.84,False,False,0.025471627712249756,-0.11111111111111113
C1_0,it0002,0.38134387135505676,0.302962064743042,0.06666666666666667,0.5333333333333333,5.12,12.32,False,False,-0.07838180661201477,0.4666666666666667
C1_0,it0003,0.22958295047283173,0.3898240029811859,0.2,0.2,5.2,7.28,False,False,0.1602410525083542,0.0
C1_0,it0004,0.4452027380466461,0.31105369329452515,0.125,0.125,5.2,4.8,False,False,-0.13414904475212097,0.0
C1_0,it0005,0.3895905017852783,0.29297757148742676,0.07407407407407407,0.037037037037037035,7.2,8.32,False,False,-0.09661293029785156,-0.037037037037037035
C1_0,it0006,0.3137493431568146,0.396604061126709,0.2222222222222222,0.16666666666666666,6.48,7.2,False,False,0.08285471796989441,-0.05555555555555555
C1_0,it0007,0.24948085844516754,0.30679500102996826,0.09090909090909091,0.09090909090909091,13.52,8.96,False,False,0.05731414258480072,0.0
C1_0,it0008,0.22684118151664734,0.34424927830696106,0.14285714285714285,0.3333333333333333,6.4,5.92,False,False,0.11740809679031372,0.19047619047619047
C1_0,it0009,0.580304741859436,0.49774548411369324,0.037037037037037035,0.14814814814814814,7.84,6.32,False,False,-0.0825592577457428,0.1111111111111111
C1_0,it0010,0.6202408671379089,0.5526278018951416,0.2222222222222222,0.3888888888888889,6.88,6.08,False,False,-0.06761306524276733,0.16666666666666669
C1_0,it0011,0.33328452706336975,0.32064440846443176,0.0,0.0,8.08,9.68,False,False,-0.012640118598937988,0.0
C1_0,it0012,0.19542504847049713,0.40998831391334534,0.4827586206896552,0.6206896551724138,8.72,6.4,False,False,0.2145632654428482,0.13793103448275862
C1_0,it0013,0.5532040596008301,0.5218124389648438,0.0,0.037037037037037035,9.12,12.24,False,False,-0.03139162063598633,0.037037037037037035
C1_0,it0014,0.38932904601097107,0.3846694231033325,0.06666666666666667,0.06666666666666667,5.68,5.2,False,False,-0.00465962290763855,0.0
C1_0,it0015,0.386040598154068,0.2798944115638733,0.11764705882352941,0.0,4.24,3.28,False,False,-0.1061461865901947,-0.11764705882352941
C1_0,it0016,0.4313569664955139,0.48856592178344727,0.17647058823529413,0.08823529411764706,9.28,9.2,False,False,0.05720895528793335,-0.08823529411764706
C1_0,it0017,0.3884309232234955,0.38029009103775024,0.06666666666666667,0.13333333333333333,4.32,3.52,False,False,-0.00814083218574524,0.06666666666666667
C1_0,it0018,0.16903036832809448,0.20607639849185944,0.20588235294117646,0.029411764705882353,10.0,9.76,False,False,0.037046030163764954,-0.1764705882352941
C1_0,it0019,0.5575037598609924,0.4915286898612976,0.021739130434782608,0.2391304347826087,12.56,10.16,False,False,-0.06597506999969482,0.2173913043478261
C1_0,it0020,0.318467915058136,0.32561254501342773,0.46153846153846156,0.23076923076923078,4.24,4.64,False,False,0.007144629955291748,-0.23076923076923078
C1_0,it0021,0.3509269952774048,0.42812079191207886,0.15151515151515152,0.12121212121212122,9.76,11.52,False,False,0.07719379663467407,-0.030303030303030304
C1_0,it0022,0.4787689745426178,0.40406978130340576,0.325,0.4,12.24,14.96,False,False,-0.07469919323921204,0.07500000000000001
C1_0,it0023,0.5079666376113892,0.4675403833389282,0.2777777777777778,0.16666666666666666,4.88,3.84,False,False,-0.04042625427246094,-0.11111111111111113
C1_0,it0024,0.4180030822753906,0.44983887672424316,0.07142857142857142,0.21428571428571427,4.56,4.4,False,False,0.03183579444885254,0.14285714285714285
C1_0,it0025,0.4958875775337219,0.5408117175102234,0.15,0.2,6.48,4.32,False,False,0.044924139976501465,0.05000000000000002
C1_0,it0026,0.16890813410282135,0.2098000943660736,0.0,0.0,4.48,4.16,False,False,0.04089196026325226,0.0
C1_0,it0027,0.5843672156333923,0.5254682898521423,0.125,0.1875,5.04,4.88,False,False,-0.05889892578125,0.0625
C1_0,it0028,0.4915235638618469,0.561536431312561,0.11904761904761904,0.14285714285714285,12.56,9.92,False,False,0.07001286745071411,0.023809523809523808
C1_0,it0029,0.17111381888389587,0.2827910780906677,0.0625,0.0625,4.56,4.56,False,False,0.11167725920677185,0.0
C1_0,it0030,0.4931623637676239,0.3713890314102173,0.08,0.2,7.44,5.84,False,False,-0.12177333235740662,0.12000000000000001
C1_0,it0031,0.24607901275157928,0.2757799029350281,0.16666666666666666,0.16666666666666666,5.68,6.96,False,False,0.02970089018344879,0.0
C1_0,it0032,0.5903884768486023,0.4824015498161316,0.4074074074074074,0.07407407407407407,8.56,7.36,False,False,-0.1079869270324707,-0.3333333333333333
C1_0,it0033,0.2740231156349182,0.27893802523612976,0.23076923076923078,0.46153846153846156,4.72,6.16,False,False,0.004914909601211548,0.23076923076923078
C1_0,it0034,0.41096463799476624,0.5328917503356934,0.23333333333333334,0.4,9.28,12.4,False,False,0.12192711234092712,0.16666666666666669
C1_0,it0035,0.15558862686157227,0.3252190947532654,0.46153846153846156,0.46153846153846156,5.36,3.92,False,False,0.16963046789169312,0.0
C1_0,it0036,0.4211524724960327,0.3475716710090637,0.0,0.2222222222222222,5.52,3.36,False,False,-0.073580801486969,0.2222222222222222
C1_0,it0037,0.5844845771789551,0.5878956317901611,0.0,0.0,5.68,8.88,False,False,0.0034110546112060547,0.0
C1_0,it0038,0.06165071204304695,0.24258427321910858,0.08108108108108109,0.32432432432432434,13.92,14.96,False,False,0.18093356117606163,0.24324324324324326
C1_0,it0039,0.3269446790218353,0.4030967652797699,0.04878048780487805,0.04878048780487805,13.6,14.96,False,False,0.07615208625793457,0.0
C1_0,it0040,0.10823634266853333,0.24847915768623352,0.0,0.2,4.48,6.32,False,False,0.1402428150177002,0.2
C1_0,it0041,0.43739962577819824,0.3858984410762787,0.4090909090909091,0.18181818181818182,7.36,6.72,False,False,-0.051501184701919556,-0.2272727272727273
C1_0,it0042,0.3584926724433899,0.3926748037338257,0.14814814814814814,0.2222222222222222,8.64,8.64,False,False,0.03418213129043579,0.07407407407407407
C1_0,it0043,0.20971444249153137,0.14394818246364594,0.0,0.0,7.68,6.72,False,False,-0.06576626002788544,0.0
C1_0,it0044,0.433834969997406,0.4218222498893738,0.6,0.52,7.36,6.8,False,False,-0.012012720108032227,-0.07999999999999996
C1_0,it0045,0.3384592831134796,0.2846236526966095,0.23333333333333334,0.1,9.84,7.68,False,False,-0.05383563041687012,-0.13333333333333333
C1_0,it0046,0.2551668584346771,0.33956241607666016,0.125,0.125,5.92,5.52,False,False,0.08439555764198303,0.0
C1_0,it0047,0.22362737357616425,0.18401914834976196,0.5,0.4,8.56,9.44,False,False,-0.03960822522640228,-0.09999999999999998
C1_0,it0048,0.5303105711936951,0.5258458852767944,0.0,0.0,4.64,10.16,False,False,-0.004464685916900635,0.0
C1_0,it0049,0.422457754611969,0.5031407475471497,0.0,0.18181818181818182,5.92,7.44,False,False,0.08068299293518066,0.18181818181818182
C1_0,it0050,0.04660143330693245,0.059076182544231415,0.5,0.5454545454545454,5.76,9.6,False,False,0.012474749237298965,0.045454545454545414
C1_0,it0051,0.3814338743686676,0.38598117232322693,0.034482758620689655,0.034482758620689655,10.08,7.52,False,False,0.004547297954559326,0.0
C1_0,it0052,0.23666784167289734,0.2169916033744812,0.0,0.0,4.24,6.0,False,False,-0.019676238298416138,0.0
C1_0,it0053,0.23299843072891235,0.1842697709798813,0.21621621621621623,0.21621621621621623,12.56,10.88,False,False,-0.04872865974903107,0.0
C1_0,it0054,0.05545360967516899,0.03893440216779709,0.20833333333333334,0.2916666666666667,6.48,6.0,False,False,-0.016519207507371902,0.08333333333333334
C1_0,it0055,0.44809237122535706,0.488134503364563,0.07692307692307693,0.038461538461538464,7.2,8.56,False,False,0.04004213213920593,-0.038461538461538464
C1_0,it0056,0.3429785966873169,0.280731737613678,0.3,0.25,7.52,10.0,False,False,-0.062246859073638916,-0.04999999999999999
C1_0,it0057,0.38196930289268494,0.2909858822822571,0.08823529411764706,0.23529411764705882,10.72,7.12,False,False,-0.09098342061042786,0.14705882352941174
C1_0,it0058,0.32243260741233826,0.18212150037288666,0.25,0.3333333333333333,4.56,4.0,False,False,-0.1403111070394516,0.08333333333333331
C1_0,it0059,0.4936382472515106,0.5938299894332886,0.14285714285714285,0.42857142857142855,8.16,5.84,False,False,0.10019174218177795,0.2857142857142857
C1_0,it0060,0.3111813962459564,0.37700599431991577,0.058823529411764705,0.0,5.12,5.92,False,False,0.06582459807395935,-0.058823529411764705
C1_0,it0061,0.61929851770401,0.5684064030647278,0.0,0.11428571428571428,9.84,7.12,False,False,-0.05089211463928223,0.11428571428571428
C1_0,it0062,0.5690560340881348,0.6851488947868347,0.14285714285714285,0.0,6.16,8.24,False,False,0.11609286069869995,-0.14285714285714285
C1_0,it0063,0.38652849197387695,0.4496113359928131,0.0,0.10344827586206896,9.12,14.96,False,False,0.06308284401893616,0.10344827586206896
C1_0,it0064,0.4489404857158661,0.4029073119163513,0.1111111111111111,0.05555555555555555,5.44,5.28,False,False,-0.04603317379951477,-0.05555555555555555
C1_0,it0065,0.5408223867416382,0.49386066198349,0.1794871794871795,0.07692307692307693,10.8,8.8,False,False,-0.04696172475814819,-0.10256410256410256
C1_0,it0066,0.32227474451065063,0.2864568829536438,0.14285714285714285,0.42857142857142855,7.2,5.12,False,False,-0.035817861557006836,0.2857142857142857
C1_0,it0067,0.23427411913871765,0.10626904666423798,0.1111111111111111,0.16666666666666666,4.56,5.28,False,False,-0.12800507247447968,0.05555555555555555
C1_0,it0068,0.5488187074661255,0.5364990830421448,0.0,0.0,13.28,11.28,False,False,-0.012319624423980713,0.0
C1_0,it0069,0.21751286089420319,0.4025246202945709,0.09090909090909091,0.22727272727272727,7.52,6.08,False,False,0.18501175940036774,0.13636363636363635
C1_0,it0070,0.249172642827034,0.393074095249176,0.0,0.0,4.48,4.88,False,False,0.14390145242214203,0.0
C1_0,it0071,0.5396904349327087,0.36605697870254517,0.10714285714285714,0.4642857142857143,7.52,4.96,False,False,-0.17363345623016357,0.35714285714285715
C1_0,it0072,0.43999361991882324,0.4726620614528656,0.0,0.09090909090909091,8.96,11.2,False,False,0.03266844153404236,0.09090909090909091
C1_0,it0073,0.1909428983926773,0.21832531690597534,0.3103448275862069,0.41379310344827586,6.88,11.12,False,False,0.027382418513298035,0.10344827586206895
C1_0,it0074,0.3039989769458771,0.25082188844680786,0.2,0.2,5.36,10.24,False,False,-0.053177088499069214,0.0
C1_0,it0075,0.3935754895210266,0.46156853437423706,0.13043478260869565,0.0,7.84,11.36,False,False,0.06799304485321045,-0.13043478260869565
C1_0,it0076,0.2816186845302582,0.2581685781478882,0.21739130434782608,0.13043478260869565,5.92,8.0,False,False,-0.023450106382369995,-0.08695652173913043
C1_0,it0077,0.3748304545879364,0.33186665177345276,0.25,0.16666666666666666,4.8,6.08,False,False,-0.04296380281448364,-0.08333333333333334
C1_0,it0078,0.29981616139411926,0.2984737157821655,0.19047619047619047,0.09523809523809523,7.36,10.0,False,False,-0.0013424456119537354,-0.09523809523809523
C1_0,it0079,0.6501411199569702,0.5643938183784485,0.0,0.0,9.12,10.24,False,False,-0.08574730157852173,0.0
C1_0,it0080,0.23815970122814178,0.01759226806461811,0.12195121951219512,0.34146341463414637,12.0,14.08,False,False,-0.22056743316352367,0.21951219512195125
C1_0,it0081,0.2887393832206726,0.25956112146377563,0.03571428571428571,0.0,8.24,7.76,False,False,-0.029178261756896973,-0.03571428571428571
C1_0,it0082,0.5459299087524414,0.45285764336586,0.11764705882352941,0.35294117647058826,6.56,6.96,False,False,-0.09307226538658142,0.23529411764705885
C1_0,it0083,0.3244855999946594,0.4372504949569702,0.0,0.029411764705882353,12.4,14.72,False,False,0.11276489496231079,0.029411764705882353
C1_0,it0084,0.5021683573722839,0.47116613388061523,0.15555555555555556,0.17777777777777778,12.56,10.96,False,False,-0.0310022234916687,0.022222222222222227
C1_0,it0085,0.4562266170978546,0.5236571431159973,0.0,0.14285714285714285,4.72,5.6,False,False,0.0674305260181427,0.14285714285714285
C1_0,it0086,0.6492890119552612,0.5189628601074219,0.058823529411764705,0.11764705882352941,4.64,8.56,False,False,-0.13032615184783936,0.058823529411764705
C1_0,it0087,0.4525887072086334,0.5501309633255005,0.1875,0.25,4.48,9.52,False,False,0.09754225611686707,0.0625
C1_0,it0088,0.2665192782878876,0.4011457860469818,0.19047619047619047,0.42857142857142855,6.4,8.0,False,False,0.13462650775909424,0.23809523809523808
C1_0,it0089,0.30847883224487305,0.30198073387145996,0.0,0.0,7.68,7.92,False,False,-0.006498098373413086,0.0
C1_0,it0090,0.45169422030448914,0.5924252271652222,0.0,0.058823529411764705,6.24,6.8,False,False,0.14073100686073303,0.058823529411764705
C1_0,it0091,0.33428144454956055,0.3863949775695801,0.03225806451612903,0.0,9.2,7.68,False,False,0.05211353302001953,-0.03225806451612903
C1_0,it0092,0.34471794962882996,0.397871196269989,0.02857142857142857,0.2,10.32,10.0,False,False,0.05315324664115906,0.17142857142857143
C1_0,it0093,0.4346541166305542,0.27675628662109375,0.0,0.10526315789473684,5.76,4.48,False,False,-0.15789783000946045,0.10526315789473684
C1_0,it0094,0.4561595618724823,0.3416409492492676,0.07692307692307693,0.07692307692307693,5.12,4.56,False,False,-0.11451861262321472,0.0
C1_0,it0095,0.46276652812957764,0.5476270914077759,0.2857142857142857,0.047619047619047616,6.64,6.72,False,False,0.08486056327819824,-0.23809523809523808
C1_0,it0096,0.3641431927680969,0.27440720796585083,0.22727272727272727,0.5454545454545454,6.48,8.48,False,False,-0.0897359848022461,0.3181818181818181
C1_0,it0097,0.5678824186325073,0.5729227662086487,0.0,0.2,6.56,7.6,False,False,0.005040347576141357,0.2
C1_0,it0098,0.4485192894935608,0.39302507042884827,0.18518518518518517,0.14814814814814814,9.12,10.64,False,False,-0.055494219064712524,-0.037037037037037035
C1_0,it0099,0.132207453250885,0.144980326294899,0.13043478260869565,0.043478260869565216,6.16,6.24,False,False,0.012772873044013977,-0.08695652173913043
C1_0,it0100,0.6044402718544006,0.6425853967666626,0.15384615384615385,0.07692307692307693,4.64,4.24,False,False,0.03814512491226196,-0.07692307692307693
C1_0,it0101,0.1549517810344696,0.2653527855873108,0.10526315789473684,0.21052631578947367,12.4,11.04,False,False,0.11040100455284119,0.10526315789473684
C1_0,it0102,0.3330315351486206,0.38448163866996765,0.07692307692307693,0.07692307692307693,4.96,6.72,False,False,0.051450103521347046,0.0
C1_0,it0103,0.41809535026550293,0.5062397122383118,0.18181818181818182,0.0,6.64,7.36,False,False,0.08814436197280884,-0.18181818181818182
C1_0,it0104,0.5132691264152527,0.45682165026664734,0.0,0.041666666666666664,5.6,5.52,False,False,-0.05644747614860535,0.041666666666666664
C1_0,it0105,0.5187149047851562,0.6302429437637329,0.22857142857142856,0.3142857142857143,11.2,14.96,False,False,0.11152803897857666,0.08571428571428572
C1_0,it0106,0.3778834044933319,0.4202047884464264,0.041666666666666664,0.0,6.8,9.6,False,False,0.04232138395309448,-0.041666666666666664
C1_0,it0107,0.4638608396053314,0.5113247036933899,0.13043478260869565,0.043478260869565216,8.16,8.88,False,False,0.04746386408805847,-0.08695652173913043
C1_0,it0108,0.3429582118988037,0.31040582060813904,0.0625,0.0,5.04,7.6,False,False,-0.03255239129066467,-0.0625
C1_0,it0109,0.3120359480381012,0.31227749586105347,0.10526315789473684,0.0,6.24,8.08,False,False,0.0002415478229522705,-0.10526315789473684
C1_0,it0110,0.18528936803340912,0.18853557109832764,0.2,0.2,8.56,8.24,False,False,0.003246203064918518,0.0
C1_0,it0111,0.14858350157737732,0.23301035165786743,0.3333333333333333,0.18181818181818182,10.16,9.04,False,False,0.08442685008049011,-0.1515151515151515
C1_0,it0112,0.5254073143005371,0.5367051362991333,0.11363636363636363,0.1590909090909091,14.8,13.68,False,False,0.011297821998596191,0.045454545454545456
C1_0,it0113,0.44071298837661743,0.46355491876602173,0.06818181818181818,0.09090909090909091,14.4,12.24,False,False,0.022841930389404297,0.022727272727272735
C1_0,it0114,0.14378122985363007,0.25875335931777954,0.1111111111111111,0.4444444444444444,5.52,5.84,False,False,0.11497212946414948,0.3333333333333333
C1_0,it0115,0.2535859942436218,0.2399391084909439,0.07142857142857142,0.0,4.08,4.4,False,False,-0.013646885752677917,-0.07142857142857142
C1_0,it0116,0.2160869836807251,0.37121903896331787,0.058823529411764705,0.11764705882352941,4.96,12.96,False,False,0.15513205528259277,0.058823529411764705
C1_0,it0117,0.5553306341171265,0.4638846516609192,0.0,0.029411764705882353,10.24,10.48,False,False,-0.09144598245620728,0.029411764705882353
C1_0,it0118,0.40260717272758484,0.5589113831520081,0.4423076923076923,0.15384615384615385,14.96,12.32,False,False,0.15630421042442322,-0.28846153846153844
C1_0,it0119,0.3595905303955078,0.6482254862785339,0.21428571428571427,0.0,4.64,6.72,False,False,0.2886349558830261,-0.21428571428571427
C1_0,it0120,0.5642324686050415,0.4522642493247986,0.06666666666666667,0.0,5.76,8.0,False,False,-0.11196821928024292,-0.06666666666666667
C1_0,it0121,0.3846709728240967,0.28694480657577515,0.2,0.15,6.24,6.4,False,False,-0.09772616624832153,-0.05000000000000002
C1_0,it0122,0.3265891969203949,0.27932965755462646,0.36363636363636365,0.3181818181818182,8.32,8.16,False,False,-0.04725953936576843,-0.04545454545454547
C1_0,it0123,0.4471936523914337,0.35408487915992737,0.058823529411764705,0.17647058823529413,5.12,4.48,False,False,-0.09310877323150635,0.11764705882352942
C1_0,it0124,0.4885592460632324,0.3091138005256653,0.06060606060606061,0.3333333333333333,11.92,7.44,False,False,-0.17944544553756714,0.2727272727272727
C1_0,it0125,0.26883912086486816,0.35187575221061707,0.2564102564102564,0.1282051282051282,11.52,14.56,False,False,0.0830366313457489,-0.1282051282051282
C1_0,it0126,0.3402628004550934,0.49674731492996216,0.1875,0.0,4.24,6.4,False,False,0.15648451447486877,-0.1875
C1_0,it0127,0.3994717299938202,0.3990221917629242,0.058823529411764705,0.17647058823529413,5.44,5.44,False,False,-0.0004495382308959961,0.11764705882352942
C1_0,it0128,0.13605479896068573,0.330099493265152,0.0,0.0,5.04,5.84,False,False,0.19404469430446625,0.0
C1_0,it0129,0.31115493178367615,0.18137259781360626,0.0,0.0,5.76,6.8,False,False,-0.12978233397006989,0.0
C1_0,it0130,0.34376785159111023,0.3065415918827057,0.0,0.3,4.08,7.44,False,False,-0.03722625970840454,0.3
C1_0,it0131,0.412197083234787,0.4393407702445984,0.22580645161290322,0.3548387096774194,10.4,9.76,False,False,0.0271436870098114,0.12903225806451615
C1_0,it0132,0.4197635054588318,0.09698081016540527,0.0,0.14285714285714285,4.48,8.0,False,False,-0.3227826952934265,0.14285714285714285
C1_0,it0133,0.41636502742767334,0.5055556893348694,0.0,0.03571428571428571,8.4,10.0,False,False,0.08919066190719604,0.03571428571428571
C1_0,it0134,0.329612672328949,0.31765538454055786,0.10526315789473684,0.0,11.76,11.84,False,False,-0.011957287788391113,-0.10526315789473684
C1_0,it0135,0.4217357337474823,0.4018213450908661,0.1282051282051282,0.358974358974359,11.52,9.84,False,False,-0.01991438865661621,0.23076923076923078
C1_0,it0136,0.4613181948661804,0.5650373101234436,0.0,0.0,6.64,10.4,False,False,0.10371911525726318,0.0
C1_0,it0137,0.3411831557750702,0.42708873748779297,0.3333333333333333,0.5,4.24,9.84,False,False,0.08590558171272278,0.16666666666666669
C1_0,it0138,0.4416913390159607,0.42957040667533875,0.2777777777777778,0.2777777777777778,5.92,6.8,False,False,-0.012120932340621948,0.0
C1_0,it0139,0.15741032361984253,0.26747000217437744,0.0,0.05555555555555555,5.68,6.0,False,False,0.11005967855453491,0.05555555555555555
C1_0,it0140,0.4874751567840576,0.5039276480674744,0.041666666666666664,0.08333333333333333,7.84,9.36,False,False,0.016452491283416748,0.041666666666666664
C1_0,it0141,0.691303014755249,0.5709648132324219,0.26666666666666666,0.2,9.92,9.12,False,False,-0.12033820152282715,-0.06666666666666665
C1_0,it0142,0.1116088405251503,0.18284198641777039,0.04,0.08,6.72,6.96,False,False,0.07123314589262009,0.04
C1_0,it0143,0.4199182391166687,0.372134268283844,0.1875,0.0,5.28,5.84,False,False,-0.04778397083282471,-0.1875
C1_0,it0144,0.30061084032058716,0.38144761323928833,0.17857142857142858,0.14285714285714285,9.04,9.12,False,False,0.08083677291870117,-0.035714285714285726
C1_0,it0145,0.6152427196502686,0.6376422643661499,0.225,0.15,13.12,12.64,False,False,0.022399544715881348,-0.07500000000000001
C1_0,it0146,0.5147635340690613,0.5282803177833557,0.1,0.05,5.52,7.76,False,False,0.013516783714294434,-0.05
C1_0,it0147,0.39559128880500793,0.3548009395599365,0.0,0.0,6.0,8.72,False,False,-0.04079034924507141,0.0
C1_0,it0148,0.16617752611637115,0.016197362914681435,0.14285714285714285,0.2857142857142857,8.56,5.92,False,False,-0.14998016320168972,0.14285714285714285
C1_0,it0149,0.432444304227829,0.40858620405197144,0.07142857142857142,0.14285714285714285,4.08,3.44,False,False,-0.023858100175857544,0.07142857142857142
C1_0,it0150,0.4021386206150055,0.47338616847991943,0.038461538461538464,0.07692307692307693,7.52,6.56,False,False,0.07124754786491394,0.038461538461538464
C1_0,it0151,0.5169083476066589,0.5256332159042358,0.0,0.058823529411764705,5.04,4.4,False,False,0.008724868297576904,0.058823529411764705
C1_0,it0152,0.33455801010131836,0.41907960176467896,0.0,0.058823529411764705,5.44,6.16,False,False,0.0845215916633606,0.058823529411764705
C1_0,it0153,0.4191226065158844,0.40565603971481323,0.16666666666666666,0.14285714285714285,13.52,11.44,False,False,-0.013466566801071167,-0.023809523809523808
C1_0,it0154,0.06916021555662155,0.17631657421588898,0.05263157894736842,0.21052631578947367,5.92,6.24,False,False,0.10715635865926743,0.15789473684210525
C1_0,it0155,0.15784871578216553,0.3452387750148773,0.03571428571428571,0.03571428571428571,8.16,11.68,False,False,0.1873900592327118,0.0
C1_0,it0156,0.19303016364574432,0.14313408732414246,0.14285714285714285,0.0,7.2,7.84,False,False,-0.04989607632160187,-0.14285714285714285
C1_0,it0157,0.4943256378173828,0.5107467174530029,0.0,0.16279069767441862,13.84,13.36,False,False,0.016421079635620117,0.16279069767441862
C1_0,it0158,0.3320777416229248,0.32547545433044434,0.10526315789473684,0.2631578947368421,6.08,8.0,False,False,-0.006602287292480469,0.15789473684210525
C1_0,it0159,0.24487033486366272,0.23411956429481506,0.21428571428571427,0.14285714285714285,4.24,5.12,False,False,-0.010750770568847656,-0.07142857142857142
C1_0,it0160,0.3775705397129059,0.4023298919200897,0.0967741935483871,0.0,8.96,9.76,False,False,0.024759352207183838,-0.0967741935483871
C1_0,it0161,0.31776338815689087,0.35274237394332886,0.0,0.13793103448275862,7.84,7.84,False,False,0.03497898578643799,0.13793103448275862
C1_0,it0162,0.2952197194099426,0.19563186168670654,0.14814814814814814,0.3333333333333333,7.44,6.4,False,False,-0.09958785772323608,0.18518518518518517
C1_0,it0163,0.2798542082309723,0.40627554059028625,0.0,0.17647058823529413,4.4,4.96,False,False,0.12642133235931396,0.17647058823529413
C1_0,it0164,0.3097216784954071,0.3977738320827484,0.0967741935483871,0.03225806451612903,8.4,6.48,False,False,0.08805215358734131,-0.06451612903225806
C1_0,it0165,0.23659633100032806,0.32865238189697266,0.09090909090909091,0.06060606060606061,12.32,14.96,False,False,0.09205605089664459,-0.030303030303030304
C1_0,it0166,0.23130102455615997,0.31470900774002075,0.16666666666666666,0.25,4.16,9.6,False,False,0.08340798318386078,0.08333333333333334
C1_0,it0167,0.3951524496078491,0.49998611211776733,0.21052631578947367,0.05263157894736842,6.0,7.12,False,False,0.10483366250991821,-0.15789473684210525
C1_0,it0168,0.18059022724628448,0.3813549280166626,0.2,0.1,4.16,3.44,False,False,0.2007647007703781,-0.1
C1_0,it0169,0.3292139768600464,0.3372572362422943,0.05,0.0,6.4,8.56,False,False,0.008043259382247925,-0.05
C1_0,it0170,0.3887553811073303,0.5162811875343323,0.17647058823529413,0.17647058823529413,5.2,6.56,False,False,0.12752580642700195,0.0
C1_0,it0171,0.5363758206367493,0.5417834520339966,0.14285714285714285,0.047619047619047616,7.44,6.0,False,False,0.0054076313972473145,-0.09523809523809523
C1_0,it0172,0.2493806630373001,0.2755001485347748,0.0,0.04,7.68,6.88,False,False,0.02611948549747467,0.04
C1_0,it0173,0.6977500915527344,0.6235705018043518,0.06666666666666667,0.0,9.12,8.08,False,False,-0.07417958974838257,-0.06666666666666667
C1_0,it0174,0.26534634828567505,0.19943052530288696,0.0,0.0,4.96,4.8,False,False,-0.06591582298278809,0.0
C1_0,it0175,0.001275092363357544,0.2934311628341675,0.06666666666666667,0.2,5.12,9.76,False,False,0.29215607047080994,0.13333333333333336
C1_0,it0176,0.24276146292686462,0.3403596580028534,0.1111111111111111,0.0,5.04,5.68,False,False,0.09759819507598877,-0.1111111111111111
C1_0,it0177,0.409593790769577,0.4494554400444031,0.05263157894736842,0.05263157894736842,5.28,5.28,False,False,0.03986164927482605,0.0
C1_0,it0178,0.1412944495677948,0.13118800520896912,0.47058823529411764,0.5882352941176471,5.84,4.0,False,False,-0.010106444358825684,0.11764705882352944
C1_0,it0179,0.6289074420928955,0.5332139134407043,0.06451612903225806,0.06451612903225806,11.12,10.4,False,False,-0.09569352865219116,0.0
C1_0,it0180,0.3985789716243744,0.46920046210289,0.07142857142857142,0.07142857142857142,4.32,4.32,False,False,0.07062149047851562,0.0
C1_0,it0181,0.4605787396430969,0.5072501301765442,0.024390243902439025,0.0,12.96,14.96,False,False,0.046671390533447266,-0.024390243902439025
C1_0,it0182,0.40009230375289917,0.39684849977493286,0.0,0.28,6.8,5.04,False,False,-0.0032438039779663086,0.28
C1_0,it0183,0.48659348487854004,0.5918903946876526,0.04,0.0,6.48,5.68,False,False,0.10529690980911255,-0.04
C1_0,it0184,0.29826804995536804,0.25478729605674744,0.2,0.13333333333333333,4.96,4.64,False,False,-0.043480753898620605,-0.06666666666666668
C1_0,it0185,0.46129775047302246,0.39575833082199097,0.16129032258064516,0.12903225806451613,9.92,6.32,False,False,-0.0655394196510315,-0.03225806451612903
C1_0,it0186,0.4600587487220764,0.5370171666145325,0.08333333333333333,0.041666666666666664,6.08,5.84,False,False,0.07695841789245605,-0.041666666666666664
C1_0,it0187,0.3763115704059601,0.43447956442832947,0.125,0.125,4.56,4.0,False,False,0.058167994022369385,0.0
C1_0,it0188,0.29728493094444275,0.4985293447971344,0.0,0.0,4.96,5.2,False,False,0.20124441385269165,0.0
C1_0,it0189,0.15827065706253052,0.3370245099067688,0.05,0.1,5.6,5.04,False,False,0.17875385284423828,0.05
C1_0,it0190,0.3718617558479309,0.6100533604621887,0.0,0.125,5.92,5.68,False,False,0.2381916046142578,0.125
C1_0,it0191,0.36040762066841125,0.22810044884681702,0.2,0.16,8.24,6.32,False,False,-0.13230717182159424,-0.04000000000000001
C1_0,it0192,0.5724159479141235,0.5029159188270569,0.18518518518518517,0.18518518518518517,7.68,7.04,False,False,-0.06950002908706665,0.0
C1_0,it0193,0.18979349732398987,0.24361082911491394,0.25,0.4375,5.68,5.2,False,False,0.05381733179092407,0.1875
C1_0,it0194,0.5727890133857727,0.6210892796516418,0.0,0.09523809523809523,6.56,5.44,False,False,0.04830026626586914,0.09523809523809523
C1_0,it0195,0.4565519690513611,0.422265887260437,0.4230769230769231,0.19230769230769232,8.64,6.48,False,False,-0.03428608179092407,-0.23076923076923075
C1_0,it0196,0.30594944953918457,0.46628132462501526,0.35714285714285715,0.42857142857142855,6.88,10.4,False,False,0.1603318750858307,0.0714285714285714
C1_0,it0197,0.33518290519714355,0.3589251935482025,0.0,0.0,4.72,5.76,False,False,0.02374228835105896,0.0
C1_0,it0198,0.16731995344161987,0.15373702347278595,0.0,0.0625,4.48,5.76,False,False,-0.013582929968833923,0.0625
C1_0,it0199,0.4118838906288147,0.3576473295688629,0.11764705882352941,0.11764705882352941,6.08,6.56,False,False,-0.05423656105995178,0.0
C1_0,it0200,0.3990072011947632,0.46983155608177185,0.09090909090909091,0.045454545454545456,7.28,7.12,False,False,0.07082435488700867,-0.045454545454545456
C1_0,it0201,0.3360549211502075,0.29226815700531006,0.9444444444444444,0.16666666666666666,5.92,5.92,True,False,-0.04378676414489746,-0.7777777777777778
C1_0,it0202,0.39962974190711975,0.4147457182407379,0.08333333333333333,0.0,4.72,6.64,False,False,0.015115976333618164,-0.08333333333333333
C1_0,it0203,0.459529310464859,0.4521501064300537,0.15384615384615385,0.07692307692307693,6.88,6.72,False,False,-0.007379204034805298,-0.07692307692307693
C1_0,it0204,0.36592787504196167,0.41710394620895386,0.04,0.36,8.16,5.52,False,False,0.05117607116699219,0.32
C1_0,it0205,0.5430665016174316,0.48853594064712524,0.4166666666666667,0.08333333333333333,6.96,8.88,False,False,-0.054530560970306396,-0.33333333333333337
C1_0,it0206,0.384674608707428,0.43522369861602783,0.18181818181818182,0.12121212121212122,9.84,6.64,False,False,0.050549089908599854,-0.06060606060606061
C1_0,it0207,0.2780363857746124,0.2375922054052353,0.16666666666666666,0.0,5.92,7.76,False,False,-0.040444180369377136,-0.16666666666666666
C1_0,it0208,0.36929863691329956,0.21787980198860168,0.2903225806451613,0.2903225806451613,11.28,8.96,False,False,-0.15141883492469788,0.0
C1_0,it0209,0.48938411474227905,0.5928835272789001,0.16,0.08,7.44,9.92,False,False,0.1034994125366211,-0.08
C1_0,it0210,0.2611779272556305,0.38065871596336365,0.38095238095238093,0.09523809523809523,11.92,9.44,False,False,0.11948078870773315,-0.2857142857142857
C1_0,it0211,0.6770128011703491,0.577826976776123,0.029411764705882353,0.17647058823529413,11.44,14.32,False,False,-0.09918582439422607,0.14705882352941177
C1_0,it0212,0.1538044512271881,0.21873976290225983,0.0,0.0,5.28,6.24,False,False,0.06493531167507172,0.0
C1_0,it0213,0.5159086585044861,0.28495216369628906,0.07407407407407407,0.1111111111111111,7.68,8.8,False,False,-0.23095649480819702,0.037037037037037035
C1_0,it0214,0.49668988585472107,0.49377700686454773,0.02564102564102564,0.07692307692307693,10.8,7.76,False,False,-0.00291287899017334,0.05128205128205129
C1_0,it0215,0.19521188735961914,0.23265928030014038,0.2727272727272727,0.36363636363636365,4.88,13.84,False,False,0.03744739294052124,0.09090909090909094
C1_0,it0216,0.36879274249076843,0.43832963705062866,0.06666666666666667,0.0,5.12,6.8,False,False,0.06953689455986023,-0.06666666666666667
C1_0,it0217,0.3488950729370117,0.3645521104335785,0.23809523809523808,0.5714285714285714,7.12,11.84,False,False,0.015657037496566772,0.3333333333333333
C1_0,it0218,0.5120145082473755,0.5852970480918884,0.058823529411764705,0.058823529411764705,5.44,5.36,False,False,0.07328253984451294,0.0
C1_0,it0219,0.2041374146938324,0.26334667205810547,0.029411764705882353,0.14705882352941177,11.04,8.08,False,False,0.05920925736427307,0.11764705882352941
C1_0,it0220,0.3865300416946411,0.34350037574768066,0.08695652173913043,0.08695652173913043,5.68,4.32,False,False,-0.04302966594696045,0.0
C1_0,it0221,0.36670947074890137,0.4070471227169037,0.058823529411764705,0.029411764705882353,9.76,13.44,False,False,0.04033765196800232,-0.029411764705882353
C1_0,it0222,0.4528590738773346,0.4740488529205322,0.0625,0.375,4.08,8.48,False,False,0.021189779043197632,0.3125
C1_0,it0223,0.4634596109390259,0.4926517903804779,0.16666666666666666,0.06666666666666667,8.4,10.96,False,False,0.029192179441452026,-0.09999999999999999
C1_0,it0224,0.3024481534957886,0.1598433256149292,0.0,0.09523809523809523,5.76,6.0,False,False,-0.14260482788085938,0.09523809523809523
C1_0,it0225,0.5946491956710815,0.49814745783805847,0.0,0.045454545454545456,8.16,6.4,False,False,-0.09650173783302307,0.045454545454545456
C1_0,it0226,0.2621464729309082,0.368501216173172,0.10714285714285714,0.17857142857142858,8.4,6.64,False,False,0.1063547432422638,0.07142857142857144
C1_0,it0227,0.3433181047439575,0.3935709595680237,0.55,0.8,5.36,4.96,False,False,0.05025285482406616,0.25
C1_0,it0228,0.6970615386962891,0.6605945229530334,0.0,0.05555555555555555,5.36,5.36,False,False,-0.036467015743255615,0.05555555555555555
C1_0,it0229,0.16195985674858093,0.30745235085487366,0.045454545454545456,0.045454545454545456,6.64,6.88,False,False,0.14549249410629272,0.0
C1_0,it0230,0.6026145815849304,0.6262642741203308,0.0,0.0,8.0,6.48,False,False,0.02364969253540039,0.0
C1_0,it0231,0.4433131814002991,0.35714805126190186,0.0967741935483871,0.06451612903225806,10.0,10.64,False,False,-0.08616513013839722,-0.03225806451612903
C1_0,it0232,0.20227909088134766,0.20475073158740997,0.0,0.09090909090909091,6.88,6.32,False,False,0.002471640706062317,0.09090909090909091
C1_0,it0233,0.351133793592453,0.27334827184677124,0.09523809523809523,0.14285714285714285,6.96,6.08,False,False,-0.07778552174568176,0.047619047619047616
C1_0,it0234,0.4894707202911377,0.5069041848182678,0.3103448275862069,0.41379310344827586,10.64,8.8,False,False,0.017433464527130127,0.10344827586206895
C1_0,it0235,0.1924055814743042,0.344021737575531,0.21052631578947367,0.2631578947368421,6.24,8.64,False,False,0.1516161561012268,0.05263157894736842
C1_0,it0236,0.43843597173690796,0.405855655670166,0.0,0.3333333333333333,5.04,9.2,False,False,-0.03258031606674194,0.3333333333333333
C1_0,it0237,0.42480289936065674,0.41502153873443604,0.11764705882352941,0.058823529411764705,5.44,8.16,False,False,-0.009781360626220703,-0.058823529411764705
C1_0,it0238,0.304987370967865,0.3479185402393341,0.0625,0.0625,5.12,3.84,False,False,0.042931169271469116,0.0
C1_0,it0239,0.5010040402412415,0.5046210885047913,0.1724137931034483,0.20689655172413793,8.56,7.2,False,False,0.0036170482635498047,0.03448275862068964
C1_0,it0240,0.3503330945968628,0.2956276535987854,0.0,0.0,4.08,3.28,False,False,-0.05470544099807739,0.0
C1_0,it0241,0.3645823299884796,0.49246156215667725,0.3125,0.375,4.48,7.68,False,False,0.12787923216819763,0.0625
C1_0,it0242,0.5164779424667358,0.32350656390190125,0.05263157894736842,0.10526315789473684,6.48,6.32,False,False,-0.1929713785648346,0.05263157894736842
C1_0,it0243,0.5159031748771667,0.46386611461639404,0.07692307692307693,0.0,4.24,6.96,False,False,-0.052037060260772705,-0.07692307692307693
C1_0,it0244,0.2999536097049713,0.3763558268547058,0.1875,0.0,5.04,4.32,False,False,0.0764022171497345,-0.1875
C1_0,it0245,0.46332335472106934,0.4077872633934021,0.17647058823529413,0.11764705882352941,5.12,4.48,False,False,-0.055536091327667236,-0.05882352941176472
C1_0,it0246,0.39919939637184143,0.5038870573043823,0.13636363636363635,0.045454545454545456,12.56,13.44,False,False,0.1046876609325409,-0.0909090909090909
C1_0,it0247,0.38969650864601135,0.4482463002204895,0.058823529411764705,0.0,5.68,7.28,False,False,0.05854979157447815,-0.058823529411764705
C1_0,it0248,0.2144555151462555,0.2824857831001282,0.13793103448275862,0.27586206896551724,8.16,8.16,False,False,0.06803026795387268,0.13793103448275862
C1_0,it0249,0.46095454692840576,0.47834980487823486,0.3,0.15,6.64,5.92,False,False,0.0173952579498291,-0.15
C1_0,it0250,0.28236183524131775,0.4342813491821289,0.11904761904761904,0.19047619047619047,13.76,14.96,False,False,0.15191951394081116,0.07142857142857142
C1_0,it0251,0.37044715881347656,0.5449724197387695,0.0,0.21875,8.16,11.44,False,False,0.17452526092529297,0.21875
C1_0,it0252,0.3282979130744934,0.32032468914985657,0.4166666666666667,0.0,4.24,7.76,False,False,-0.00797322392463684,-0.4166666666666667
C1_0,it0253,0.36902961134910583,0.37712711095809937,0.23076923076923078,0.07692307692307693,4.24,6.08,False,False,0.00809749960899353,-0.15384615384615385
C1_0,it0254,0.49278685450553894,0.4688205122947693,0.13333333333333333,0.1,10.08,7.28,False,False,-0.023966342210769653,-0.033333333333333326
C1_0,it0255,0.4462644159793854,0.3517269492149353,0.0,0.0967741935483871,11.04,12.72,False,False,-0.09453746676445007,0.0967741935483871
C1_0,it0256,0.26507821679115295,0.2865401804447174,0.20588235294117646,0.14705882352941177,9.6,11.52,False,False,0.021461963653564453,-0.05882352941176469
C1_0,it0257,0.47972893714904785,0.5025460124015808,0.0,0.25,7.68,7.68,False,False,0.02281707525253296,0.25
C1_0,it0258,0.33594435453414917,0.43802908062934875,0.0,0.0,6.48,8.4,False,False,0.10208472609519958,0.0
C1_0,it0259,0.5534675717353821,0.5695815682411194,0.1836734693877551,0.14285714285714285,13.28,11.2,False,False,0.016113996505737305,-0.04081632653061226
C1_0,it0260,0.527094304561615,0.40483856201171875,0.2,0.0,4.48,6.56,False,False,-0.12225574254989624,-0.2
C1_0,it0261,0.4525914192199707,0.5043392181396484,0.18518518518518517,0.25925925925925924,11.44,8.64,False,False,0.051747798919677734,0.07407407407407407
C1_0,it0262,0.3927569091320038,0.41532647609710693,0.18518518518518517,0.37037037037037035,8.16,6.96,False,False,0.02256956696510315,0.18518518518518517
C1_0,it0263,0.5370482802391052,0.4649863839149475,0.0,0.1,5.68,5.6,False,False,-0.07206189632415771,0.1
C1_0,it0264,0.24110795557498932,0.3124901056289673,0.25,0.125,4.72,5.84,False,False,0.07138215005397797,-0.125
C1_0,it0265,0.39241933822631836,0.366432785987854,0.1111111111111111,0.05555555555555555,11.76,14.96,False,False,-0.025986552238464355,-0.05555555555555555
C1_0,it0266,0.3242183029651642,0.4409434497356415,0.04,0.0,7.92,8.24,False,False,0.1167251467704773,-0.04
C1_0,it0267,0.4030655324459076,0.37760525941848755,0.14814814814814814,0.037037037037037035,8.56,10.4,False,False,-0.025460273027420044,-0.1111111111111111
C1_0,it0268,0.38713932037353516,0.4364749789237976,0.2727272727272727,0.24242424242424243,9.36,9.92,False,False,0.04933565855026245,-0.030303030303030276
C1_0,it0269,0.538375735282898,0.4986601173877716,0.2916666666666667,0.2916666666666667,7.76,5.76,False,False,-0.03971561789512634,0.0
C1_0,it0270,0.6293874979019165,0.6524956226348877,0.07692307692307693,0.05128205128205128,11.6,8.72,False,False,0.02310812473297119,-0.025641025641025647
C1_0,it0271,0.19546101987361908,0.39125755429267883,0.2,0.13333333333333333,4.24,8.56,False,False,0.19579653441905975,-0.06666666666666668
C1_0,it0272,0.13060523569583893,0.25896069407463074,0.17647058823529413,0.20588235294117646,9.2,8.56,False,False,0.1283554583787918,0.02941176470588233
C1_0,it0273,0.4178617596626282,0.44601914286613464,0.0,0.05555555555555555,5.92,5.12,False,False,0.02815738320350647,0.05555555555555555
C1_0,it0274,0.33754876255989075,0.25524598360061646,0.23076923076923078,0.34615384615384615,10.32,7.2,False,False,-0.08230277895927429,0.11538461538461536
C1_0,it0275,0.5946400165557861,0.6126323342323303,0.125,0.0625,7.68,7.28,False,False,0.01799231767654419,-0.0625
C1_0,it0276,0.44213244318962097,0.43299874663352966,0.16666666666666666,0.5,4.08,4.32,False,False,-0.009133696556091309,0.33333333333333337
C1_0,it0277,0.280495285987854,0.3183441162109375,0.08333333333333333,0.1875,13.52,10.08,False,False,0.037848830223083496,0.10416666666666667
C1_0,it0278,0.33824798464775085,0.24199877679347992,0.17857142857142858,0.14285714285714285,7.92,8.64,False,False,-0.09624920785427094,-0.035714285714285726
C1_0,it0279,0.5858520269393921,0.6044847369194031,0.23684210526315788,0.21052631578947367,12.16,12.48,False,False,0.018632709980010986,-0.02631578947368421
C1_0,it0280,0.36362576484680176,0.4031544625759125,0.05555555555555555,0.2222222222222222,6.4,5.36,False,False,0.03952869772911072,0.16666666666666666
C1_0,it0281,0.21761105954647064,0.3004724979400635,0.2727272727272727,0.0,4.0,2.72,False,False,0.08286143839359283,-0.2727272727272727
C1_0,it0282,0.5180742740631104,0.5077847838401794,0.0,0.24,6.32,6.4,False,False,-0.010289490222930908,0.24
C1_0,it0283,0.46089088916778564,0.467574805021286,0.125,0.125,5.36,4.56,False,False,0.006683915853500366,0.0
C1_0,it0284,0.2666208744049072,0.21543559432029724,0.0,0.38461538461538464,8.88,7.92,False,False,-0.051185280084609985,0.38461538461538464
C1_0,it0285,0.5306350588798523,0.5528580546379089,0.024390243902439025,0.024390243902439025,13.2,12.88,False,False,0.02222299575805664,0.0
C1_0,it0286,0.15996459126472473,0.22839832305908203,0.17857142857142858,0.21428571428571427,8.48,8.56,False,False,0.0684337317943573,0.0357142857142857
C1_0,it0287,0.6295793652534485,0.5743135213851929,0.5,0.2727272727272727,7.84,8.96,False,False,-0.055265843868255615,-0.2272727272727273
C1_0,it0288,0.582209050655365,0.5975408554077148,0.13636363636363635,0.18181818181818182,14.24,13.68,False,False,0.015331804752349854,0.04545454545454547
C1_0,it0289,0.47453761100769043,0.4919564723968506,0.0,0.1111111111111111,5.68,9.52,False,False,0.017418861389160156,0.1111111111111111
C1_0,it0290,0.18267542123794556,0.1314200907945633,0.19047619047619047,0.23809523809523808,12.08,11.28,False,False,-0.05125533044338226,0.047619047619047616
C1_0,it0291,0.07018733024597168,0.2501792907714844,0.0,0.1111111111111111,5.44,9.28,False,False,0.1799919605255127,0.1111111111111111
C1_0,it0292,0.22473756968975067,0.18780073523521423,0.17142857142857143,0.02857142857142857,11.12,9.36,False,False,-0.03693683445453644,-0.14285714285714285
C1_0,it0293,0.16374124586582184,0.1274849772453308,0.125,0.125,6.56,5.36,False,False,-0.03625626862049103,0.0
C1_0,it0294,0.4110602140426636,0.2556929588317871,0.0,0.05555555555555555,6.48,7.28,False,False,-0.15536725521087646,0.05555555555555555
C1_0,it0295,0.44039422273635864,0.4778108596801758,0.11320754716981132,0.1509433962264151,14.24,11.68,False,False,0.03741663694381714,0.037735849056603765
C1_0,it0296,0.5832115411758423,0.5051947832107544,0.1875,0.25,13.44,8.72,False,False,-0.07801675796508789,0.0625
C1_0,it0297,0.2926575243473053,0.46086469292640686,0.48,0.4,7.44,8.48,False,False,0.16820716857910156,-0.07999999999999996
C1_0,it0298,0.567600667476654,0.41155996918678284,0.125,0.20833333333333334,6.08,4.16,False,False,-0.15604069828987122,0.08333333333333334
C1_0,it0299,0.6413522362709045,0.649272084236145,0.02857142857142857,0.02857142857142857,11.36,10.56,False,False,0.007919847965240479,0.0
C1_0,it0300,0.361711323261261,0.3963702619075775,0.1875,0.25,6.32,5.6,False,False,0.03465893864631653,0.0625
C1_0,it0301,0.37200209498405457,0.44580796360969543,0.15625,0.15625,9.84,9.28,False,False,0.07380586862564087,0.0
C1_0,it0302,0.5778504014015198,0.5329248905181885,0.16666666666666666,0.30952380952380953,11.28,13.68,False,False,-0.0449255108833313,0.14285714285714288
C1_0,it0303,0.39829641580581665,0.5511739253997803,0.1,0.2,6.56,6.64,False,False,0.15287750959396362,0.1
C1_0,it0304,0.42697346210479736,0.17685765027999878,0.07692307692307693,0.38461538461538464,5.44,4.96,False,False,-0.2501158118247986,0.3076923076923077
C1_0,it0305,0.34459614753723145,0.3989229202270508,0.1111111111111111,0.08888888888888889,12.8,14.96,False,False,0.054326772689819336,-0.022222222222222213
C1_0,it0306,0.24696597456932068,0.36167609691619873,0.3333333333333333,0.047619047619047616,6.56,6.72,False,False,0.11471012234687805,-0.2857142857142857
C1_0,it0307,0.206935852766037,0.1957140862941742,0.14285714285714285,0.0,5.04,6.72,False,False,-0.011221766471862793,-0.14285714285714285
C1_0,it0308,0.4894334077835083,0.5475041270256042,0.38235294117647056,0.14705882352941177,10.4,7.52,False,False,0.05807071924209595,-0.2352941176470588
C1_0,it0309,0.40852320194244385,0.5161135196685791,0.0,0.15384615384615385,5.2,3.84,False,False,0.10759031772613525,0.15384615384615385
C1_0,it0310,0.41718074679374695,0.41107848286628723,0.36666666666666664,0.26666666666666666,8.48,5.52,False,False,-0.006102263927459717,-0.09999999999999998
C1_0,it0311,0.26015424728393555,0.3670986592769623,0.19047619047619047,0.47619047619047616,5.84,3.44,False,False,0.10694441199302673,0.2857142857142857
C1_0,it0312,0.6402149200439453,0.7025930285453796,0.047619047619047616,0.047619047619047616,12.24,12.4,False,False,0.062378108501434326,0.0
C1_0,it0313,0.41627225279808044,0.3760038912296295,0.058823529411764705,0.11764705882352941,4.96,7.76,False,False,-0.04026836156845093,0.058823529411764705
C1_0,it0314,0.3237977623939514,0.2701188921928406,0.16,0.16,6.32,5.76,False,False,-0.05367887020111084,0.0
C1_0,it0315,0.3890918493270874,0.30310332775115967,0.16,0.04,7.92,8.0,False,False,-0.08598852157592773,-0.12
C1_0,it0316,0.3507179021835327,0.3551517724990845,0.041666666666666664,0.20833333333333334,13.28,14.96,False,False,0.004433870315551758,0.16666666666666669
C1_0,it0317,0.3995894193649292,0.5049446821212769,0.0,0.0,8.16,9.28,False,False,0.10535526275634766,0.0
C1_0,it0318,0.15981563925743103,0.4171290695667267,0.1875,0.4375,5.04,13.84,False,False,0.25731343030929565,0.25
C1_0,it0319,0.3315542936325073,0.40691810846328735,0.15789473684210525,0.3157894736842105,5.6,8.48,False,False,0.07536381483078003,0.15789473684210525
C1_0,it0320,0.6013579964637756,0.555954098701477,0.038461538461538464,0.07692307692307693,8.0,8.32,False,False,-0.045403897762298584,0.038461538461538464
C1_0,it0321,0.05907968431711197,0.20895203948020935,0.1111111111111111,0.05555555555555555,5.12,4.08,False,False,0.14987235516309738,-0.05555555555555555
C1_0,it0322,0.5048696398735046,0.4566657543182373,0.35294117647058826,0.7647058823529411,4.72,12.56,False,False,-0.048203885555267334,0.41176470588235287
C1_0,it0323,0.44324904680252075,0.49107956886291504,0.0,0.0,6.96,9.04,False,False,0.04783052206039429,0.0
C1_0,it0324,0.4159442186355591,0.4519879221916199,0.0,0.1111111111111111,5.92,6.08,False,False,0.03604370355606079,0.1111111111111111
C1_0,it0325,0.304709792137146,0.3669898808002472,0.022727272727272728,0.13636363636363635,12.8,12.0,False,False,0.062280088663101196,0.11363636363636362
C1_0,it0326,0.28104379773139954,0.3555474281311035,0.08333333333333333,0.125,5.92,7.04,False,False,0.07450363039970398,0.04166666666666667
C1_0,it0327,0.15710654854774475,0.49456194043159485,0.0,0.0,4.56,4.48,False,False,0.3374553918838501,0.0
C1_0,it0328,0.457121878862381,0.38967832922935486,0.3448275862068966,0.41379310344827586,8.0,5.36,False,False,-0.06744354963302612,0.06896551724137928
C1_0,it0329,0.4092184901237488,0.3727191090583801,0.4166666666666667,0.0,4.24,8.4,False,False,-0.03649938106536865,-0.4166666666666667
C1_0,it0330,0.4190182685852051,0.5606265068054199,0.029411764705882353,0.058823529411764705,9.6,8.32,False,False,0.14160823822021484,0.029411764705882353
C1_0,it0331,0.45207270979881287,0.4830215573310852,0.07407407407407407,0.07407407407407407,8.88,11.68,False,False,0.03094884753227234,0.0
C1_0,it0332,0.39062294363975525,0.4588848054409027,0.0,0.0,4.0,5.36,False,False,0.06826186180114746,0.0
C1_0,it0333,0.5624774694442749,0.5311461687088013,0.17073170731707318,0.07317073170731707,12.24,12.88,False,False,-0.03133130073547363,-0.09756097560975611
C1_0,it0334,0.3923373520374298,0.33547496795654297,0.25,0.2708333333333333,13.76,14.96,False,False,-0.05686238408088684,0.020833333333333315
C1_0,it0335,0.5375609993934631,0.5351768732070923,0.14285714285714285,0.0,4.48,5.76,False,False,-0.0023841261863708496,-0.14285714285714285
C1_0,it0336,0.5463455319404602,0.5415275692939758,0.14285714285714285,0.11428571428571428,11.84,9.44,False,False,-0.004817962646484375,-0.028571428571428567
C1_0,it0337,0.30665332078933716,0.3661709129810333,0.05128205128205128,0.10256410256410256,13.44,12.64,False,False,0.05951759219169617,0.05128205128205128
C1_0,it0338,0.4313238561153412,0.3933314085006714,0.17647058823529413,0.17647058823529413,6.24,6.56,False,False,-0.0379924476146698,0.0
C1_0,it0339,0.35378172993659973,0.21654805541038513,0.04,0.0,7.2,8.16,False,False,-0.1372336745262146,-0.04
C1_0,it0340,0.31613510847091675,0.3239990472793579,0.07692307692307693,0.0,4.16,4.72,False,False,0.007863938808441162,-0.07692307692307693
C1_0,it0341,0.5610327124595642,0.5280305743217468,0.03571428571428571,0.03571428571428571,8.88,7.92,False,False,-0.03300213813781738,0.0
C1_0,it0342,0.4054792821407318,0.5374349355697632,0.125,0.0,6.88,7.76,False,False,0.13195565342903137,-0.125
C1_0,it0343,0.29492509365081787,0.17165207862854004,0.08888888888888889,0.13333333333333333,13.76,10.72,False,False,-0.12327301502227783,0.04444444444444444
C1_0,it0344,0.5735286474227905,0.638651967048645,0.0,0.38461538461538464,8.16,5.44,False,False,0.06512331962585449,0.38461538461538464
C1_0,it0345,0.20504748821258545,0.08366917818784714,0.4074074074074074,0.4074074074074074,7.52,5.84,False,False,-0.12137831002473831,0.0
C1_0,it0346,0.31811535358428955,0.4055005609989166,0.043478260869565216,0.21739130434782608,6.96,5.12,False,False,0.08738520741462708,0.17391304347826086
C1_0,it0347,0.4854457378387451,0.4624994397163391,0.02564102564102564,0.20512820512820512,11.76,13.76,False,False,-0.022946298122406006,0.1794871794871795
C1_0,it0348,0.21779996156692505,0.37102511525154114,0.2,0.0,4.08,4.0,False,False,0.1532251536846161,-0.2
C1_0,it0349,0.5769099593162537,0.2575584948062897,0.12121212121212122,0.030303030303030304,12.16,14.96,False,False,-0.319351464509964,-0.09090909090909091
C1_0,it0350,0.43702811002731323,0.4308320879936218,0.07142857142857142,0.32142857142857145,7.44,9.2,False,False,-0.006196022033691406,0.25
C1_0,it0351,0.4128984808921814,0.40238890051841736,0.09090909090909091,0.2727272727272727,8.4,11.6,False,False,-0.010509580373764038,0.1818181818181818
C1_0,it0352,0.4163134694099426,0.29398012161254883,0.041666666666666664,0.125,8.64,8.08,False,False,-0.1223333477973938,0.08333333333333334
C1_0,it0353,0.26075059175491333,0.053490228950977325,0.0,0.0,6.8,7.6,False,False,-0.207260362803936,0.0
C1_0,it0354,0.43523913621902466,0.4511924982070923,0.1,0.05,6.0,6.08,False,False,0.015953361988067627,-0.05
C1_0,it0355,0.4746145009994507,0.3529367744922638,0.07407407407407407,0.3333333333333333,9.12,7.12,False,False,-0.12167772650718689,0.25925925925925924
C1_0,it0356,0.340704083442688,0.308936208486557,0.15384615384615385,0.15384615384615385,4.48,4.88,False,False,-0.03176787495613098,0.0
C1_0,it0357,0.39717257022857666,0.48805224895477295,0.03333333333333333,0.03333333333333333,8.32,6.56,False,False,0.09087967872619629,0.0
C1_0,it0358,0.3574416935443878,0.4862728714942932,0.0,0.0,8.96,8.48,False,False,0.1288311779499054,0.0
C1_0,it0359,0.44436368346214294,0.4952995777130127,0.45454545454545453,0.09090909090909091,13.52,10.4,False,False,0.05093589425086975,-0.36363636363636365
C1_0,it0360,0.5776408910751343,0.6103973984718323,0.0,0.08695652173913043,6.96,7.76,False,False,0.032756507396698,0.08695652173913043
C1_0,it0361,0.25893741846084595,0.27144894003868103,0.058823529411764705,0.4117647058823529,6.4,5.52,False,False,0.012511521577835083,0.3529411764705882
C1_0,it0362,0.38594675064086914,0.34014371037483215,0.13333333333333333,0.06666666666666667,4.16,5.04,False,False,-0.04580304026603699,-0.06666666666666667
C1_0,it0363,0.5588183403015137,0.5927600860595703,0.24390243902439024,0.17073170731707318,12.64,13.36,False,False,0.03394174575805664,-0.07317073170731705
C1_0,it0364,0.5728633403778076,0.5531693696975708,0.16,0.12,8.4,8.56,False,False,-0.019693970680236816,-0.04000000000000001
C1_0,it0365,0.3924756646156311,0.4574292004108429,0.0,0.0,4.56,5.04,False,False,0.06495353579521179,0.0
C1_0,it0366,0.3176599442958832,0.3907071650028229,0.11538461538461539,0.07692307692307693,9.04,7.68,False,False,0.0730472207069397,-0.038461538461538464
C1_0,it0367,0.18476571142673492,0.19936248660087585,0.16,0.12,14.64,14.96,False,False,0.01459677517414093,-0.04000000000000001
C1_0,it0368,0.39427900314331055,0.48086804151535034,0.2857142857142857,0.09523809523809523,6.24,5.92,False,False,0.0865890383720398,-0.19047619047619047
C1_0,it0369,0.33508509397506714,0.2760761082172394,0.1875,0.125,4.72,6.08,False,False,-0.05900898575782776,-0.0625
C1_0,it0370,0.46352800726890564,0.5555170774459839,0.04,0.12,9.68,13.44,False,False,0.09198907017707825,0.07999999999999999
C1_0,it0371,0.006566802971065044,0.021563563495874405,0.03125,0.4375,9.12,14.96,False,False,0.01499676052480936,0.40625
C1_0,it0372,0.629646897315979,0.6601530313491821,0.0,0.0,8.4,7.6,False,False,0.030506134033203125,0.0
C1_0,it0373,0.45496711134910583,0.5747812986373901,0.037037037037037035,0.1111111111111111,10.24,13.28,False,False,0.1198141872882843,0.07407407407407407
C1_0,it0374,0.282778263092041,0.41547468304634094,0.2222222222222222,0.2222222222222222,5.68,5.92,False,False,0.13269641995429993,0.0
C1_0,it0375,0.31523942947387695,0.3093796372413635,0.13333333333333333,0.13333333333333333,4.0,4.24,False,False,-0.005859792232513428,0.0
C1_0,it0376,0.581950843334198,0.5849601030349731,0.2222222222222222,0.2222222222222222,6.24,6.0,False,False,0.0030092597007751465,0.0
C1_0,it0377,0.28978484869003296,0.2895020544528961,0.0,0.0,7.84,10.08,False,False,-0.0002827942371368408,0.0
C1_0,it0378,0.4497527778148651,0.4152180850505829,0.0,0.26666666666666666,5.04,12.4,False,False,-0.03453469276428223,0.26666666666666666
C1_0,it0379,0.3550876975059509,0.33810171484947205,0.0,0.0,5.28,6.48,False,False,-0.016985982656478882,0.0
C1_0,it0380,0.3949250876903534,0.41545569896698,0.05263157894736842,0.2631578947368421,4.88,5.44,False,False,0.020530611276626587,0.21052631578947367
C1_0,it0381,0.4705582857131958,0.5226566195487976,0.0,0.0,4.8,6.24,False,False,0.05209833383560181,0.0
C1_0,it0382,0.5435445308685303,0.46081534028053284,0.0,0.3181818181818182,6.72,11.76,False,False,-0.08272919058799744,0.3181818181818182
C1_0,it0383,0.3477291762828827,0.2708177864551544,0.1794871794871795,0.1794871794871795,10.56,10.56,False,False,-0.07691138982772827,0.0
C1_0,it0384,0.34634989500045776,0.19486822187900543,0.13333333333333333,0.2,4.0,4.4,False,False,-0.15148167312145233,0.06666666666666668
C1_0,it0385,0.20816254615783691,0.2355930656194687,0.08333333333333333,0.08333333333333333,4.24,7.28,False,False,0.027430519461631775,0.0
C1_0,it0386,0.5188109278678894,0.4592237174510956,0.07142857142857142,0.0,4.72,4.08,False,False,-0.05958721041679382,-0.07142857142857142
C1_0,it0387,0.37478703260421753,0.3099823594093323,0.06060606060606061,0.06060606060606061,11.36,12.8,False,False,-0.06480467319488525,0.0
C1_0,it0388,0.5047810673713684,0.4659382104873657,0.05263157894736842,0.0,6.64,6.32,False,False,-0.038842856884002686,-0.05263157894736842
C1_0,it0389,0.6895714402198792,0.6766905188560486,0.06521739130434782,0.06521739130434782,14.48,14.96,False,False,-0.012880921363830566,0.0
C1_0,it0390,0.49061524868011475,0.35483115911483765,0.11627906976744186,0.2558139534883721,11.76,13.2,False,False,-0.1357840895652771,0.13953488372093026
C1_0,it0391,0.40417909622192383,0.4592694044113159,0.043478260869565216,0.043478260869565216,8.96,9.92,False,False,0.05509030818939209,0.0
C1_0,it0392,0.3222895860671997,0.33590227365493774,0.2857142857142857,0.14285714285714285,7.68,7.6,False,False,0.013612687587738037,-0.14285714285714285
C1_0,it0393,0.4822370409965515,0.36345428228378296,0.0,0.0,4.88,6.16,False,False,-0.11878275871276855,0.0
C1_0,it0394,0.5861029624938965,0.5205011963844299,0.0,0.0,6.8,7.6,False,False,-0.06560176610946655,0.0
C1_0,it0395,0.10613945871591568,0.14179740846157074,0.29411764705882354,0.11764705882352941,5.68,4.88,False,False,0.03565794974565506,-0.17647058823529413
C1_0,it0396,0.5466267466545105,0.5504418611526489,0.4,0.0,6.24,6.96,False,False,0.0038151144981384277,-0.4
C1_0,it0397,0.38027191162109375,0.44474467635154724,0.05263157894736842,0.05263157894736842,6.4,7.04,False,False,0.06447276473045349,0.0
C1_0,it0398,0.49531257152557373,0.41086679697036743,0.25,0.5,6.48,4.32,False,False,-0.0844457745552063,0.25
C1_0,it0399,0.4379219114780426,0.27906596660614014,0.1111111111111111,0.16666666666666666,5.12,5.84,False,False,-0.15885594487190247,0.05555555555555555
C1_1,it0000,0.3892330527305603,0.4810938835144043,0.2608695652173913,0.2391304347826087,12.16,9.44,False,False,0.091860830783844,-0.021739130434782594
C1_1,it0001,0.11252613365650177,0.3595851957798004,0.5,0.6111111111111112,4.96,9.84,False,False,0.24705906212329865,0.11111111111111116
C1_1,it0002,0.21270455420017242,0.2758188545703888,0.3333333333333333,0.3333333333333333,5.12,12.32,False,False,0.06311430037021637,0.0
C1_1,it0003,0.282876580953598,0.3326815962791443,0.13333333333333333,0.4,5.2,7.28,False,False,0.049805015325546265,0.2666666666666667
C1_1,it0004,0.4041108787059784,0.2069322019815445,0.1875,0.125,5.2,4.8,False,False,-0.1971786767244339,-0.0625
C1_1,it0005,0.37022721767425537,0.4274563789367676,0.07407407407407407,0.14814814814814814,7.2,8.32,False,False,0.05722916126251221,0.07407407407407407
C1_1,it0006,0.4145573675632477,0.346923828125,0.16666666666666666,0.2222222222222222,6.48,7.2,False,False,-0.06763353943824768,0.05555555555555555
C1_1,it0007,0.33579814434051514,0.2797231674194336,0.2727272727272727,0.13636363636363635,13.52,8.96,False,False,-0.05607497692108154,-0.13636363636363635
C1_1,it0008,0.22046902775764465,0.20407059788703918,0.3333333333333333,0.3333333333333333,6.4,5.92,False,False,-0.01639842987060547,0.0
C1_1,it0009,0.47449180483818054,0.44367632269859314,0.1111111111111111,0.1111111111111111,7.84,6.32,False,False,-0.030815482139587402,0.0
C1_1,it0010,0.6024557948112488,0.5547822117805481,0.5,0.3333333333333333,6.88,6.08,False,False,-0.047673583030700684,-0.16666666666666669
C1_1,it0011,0.3465251326560974,0.3351839780807495,0.0,0.043478260869565216,8.08,9.68,False,False,-0.0113411545753479,0.043478260869565216
C1_1,it0012,0.3493119478225708,0.40573641657829285,0.6896551724137931,0.6896551724137931,8.72,6.4,False,False,0.056424468755722046,0.0
C1_1,it0013,0.5756253004074097,0.534618079662323,0.07407407407407407,0.14814814814814814,9.12,12.24,False,False,-0.04100722074508667,0.07407407407407407
C1_1,it0014,0.3210773766040802,0.43983542919158936,0.26666666666666666,0.06666666666666667,5.68,5.2,False,False,0.11875805258750916,-0.2
C1_1,it0015,0.5121912360191345,0.400795578956604,0.35294117647058826,0.17647058823529413,4.24,3.28,False,False,-0.11139565706253052,-0.17647058823529413
C1_1,it0016,0.4234534800052643,0.4041602313518524,0.029411764705882353,0.11764705882352941,9.28,9.2,False,False,-0.019293248653411865,0.08823529411764705
C1_1,it0017,0.3278883993625641,0.34446394443511963,0.06666666666666667,0.26666666666666666,4.32,3.52,False,False,0.016575545072555542,0.2
C1_1,it0018,0.23500974476337433,0.16312065720558167,0.08823529411764706,0.029411764705882353,10.0,9.76,False,False,-0.07188908755779266,-0.05882352941176471
C1_1,it0019,0.422818124294281,0.4365997016429901,0.21739130434782608,0.34782608695652173,12.56,10.16,False,False,0.013781577348709106,0.13043478260869565
C1_1,it0020,0.25683873891830444,0.2879120111465454,0.46153846153846156,0.3076923076923077,4.24,4.64,False,False,0.031073272228240967,-0.15384615384615385
C1_1,it0021,0.4220021665096283,0.3742787837982178,0.18181818181818182,0.09090909090909091,9.76,11.52,False,False,-0.04772338271141052,-0.09090909090909091
C1_1,it0022,0.3707066774368286,0.4122682511806488,1.25,0.55,12.24,14.96,True,False,0.04156157374382019,-0.7
C1_1,it0023,0.34007278084754944,0.5302926301956177,0.3333333333333333,0.6666666666666666,4.88,3.84,False,False,0.19021984934806824,0.3333333333333333
C1_1,it0024,0.44395768642425537,0.3829042613506317,0.14285714285714285,0.2857142857142857,4.56,4.4,False,False,-0.06105342507362366,0.14285714285714285
C1_1,it0025,0.5627545118331909,0.6318662166595459,0.0,0.1,6.48,4.32,False,False,0.06911170482635498,0.1
C1_1,it0026,0.3139086067676544,0.3326055705547333,0.125,0.0,4.48,4.16,False,False,0.018696963787078857,-0.125
C1_1,it0027,0.5143508911132812,0.6434719562530518,0.125,0.1875,5.04,4.88,False,False,0.1291210651397705,0.0625
C1_1,it0028,0.4591163396835327,0.4062656760215759,0.3333333333333333,0.23809523809523808,12.56,9.92,False,False,-0.05285066366195679,-0.09523809523809523
C1_1,it0029,0.3956659138202667,0.32827135920524597,0.25,0.1875,4.56,4.56,False,False,-0.06739455461502075,-0.0625
C1_1,it0030,0.47906267642974854,0.5717883110046387,0.16,0.08,7.44,5.84,False,False,0.09272563457489014,-0.08
C1_1,it0031,0.12287430465221405,0.273054301738739,0.2777777777777778,0.16666666666666666,5.68,6.96,False,False,0.15017999708652496,-0.11111111111111113
C1_1,it0032,0.44939911365509033,0.6253237128257751,0.07407407407407407,0.14814814814814814,8.56,7.36,False,False,0.17592459917068481,0.07407407407407407
C1_1,it0033,0.23319940268993378,0.3857415020465851,0.15384615384615385,0.15384615384615385,4.72,6.16,False,False,0.1525420993566513,0.0
C1_1,it0034,0.35671529173851013,0.22904901206493378,0.23333333333333334,0.03333333333333333,9.28,12.4,False,False,-0.12766627967357635,-0.2
C1_1,it0035,0.1281299591064453,0.2067890465259552,0.3076923076923077,0.23076923076923078,5.36,3.92,False,False,0.07865908741950989,-0.07692307692307693
C1_1,it0036,0.463530957698822,0.39780548214912415,0.0,0.2222222222222222,5.52,3.36,False,False,-0.06572547554969788,0.2222222222222222
C1_1,it0037,0.4874410927295685,0.5383257269859314,0.06666666666666667,0.0,5.68,8.88,False,False,0.050884634256362915,-0.06666666666666667
C1_1,it0038,0.09924079477787018,0.1402277648448944,0.08108108108108109,0.13513513513513514,13.92,14.96,False,False,0.04098697006702423,0.05405405405405406
C1_1,it0039,0.40017229318618774,0.36516034603118896,0.1951219512195122,0.14634146341463414,13.6,14.96,False,False,-0.03501194715499878,-0.048780487804878064
C1_1,it0040,0.17154565453529358,0.18953359127044678,0.13333333333333333,0.06666666666666667,4.48,6.32,False,False,0.017987936735153198,-0.06666666666666667
C1_1,it0041,0.4391424357891083,0.39850422739982605,0.045454545454545456,0.13636363636363635,7.36,6.72,False,False,-0.04063820838928223,0.0909090909090909
C1_1,it0042,0.31702953577041626,0.38728711009025574,0.2222222222222222,0.1111111111111111,8.64,8.64,False,False,0.07025757431983948,-0.1111111111111111
C1_1,it0043,0.2515006959438324,0.26513099670410156,0.11538461538461539,0.038461538461538464,7.68,6.72,False,False,0.013630300760269165,-0.07692307692307693
C1_1,it0044,0.4404919743537903,0.49570250511169434,0.16,0.52,7.36,6.8,False,False,0.05521053075790405,0.36
C1_1,it0045,0.33841633796691895,0.4538689851760864,0.13333333333333333,0.1,9.84,7.68,False,False,0.11545264720916748,-0.033333333333333326
C1_1,it0046,0.20750905573368073,0.1864587366580963,0.125,0.1875,5.92,5.52,False,False,-0.02105031907558441,0.0625
C1_1,it0047,0.23252545297145844,0.1903866082429886,0.75,0.4,8.56,9.44,False,False,-0.04213884472846985,-0.35
C1_1,it0048,0.40342438220977783,0.48542264103889465,0.25,0.5,4.64,10.16,False,False,0.08199825882911682,0.25
C1_1,it0049,0.5208427906036377,0.3811987042427063,0.3181818181818182,0.3181818181818182,5.92,7.44,False,False,-0.1396440863609314,0.0
C1_1,it0050,0.1806975156068802,0.08517046272754669,0.36363636363636365,0.8181818181818182,5.76,9.6,False,False,-0.0955270528793335,0.4545454545454546
C1_1,it0051,0.367121160030365,0.30004507303237915,0.3103448275862069,0.034482758620689655,10.08,7.52,False,False,-0.06707608699798584,-0.27586206896551724
C1_1,it0052,0.40500062704086304,0.24740588665008545,0.06666666666666667,0.06666666666666667,4.24,6.0,False,False,-0.1575947403907776,0.0
C1_1,it0053,0.313262939453125,0.3213450312614441,0.35135135135135137,0.2972972972972973,12.56,10.88,False,False,0.008082091808319092,-0.05405405405405406
C1_1,it0054,0.07095164060592651,0.17704984545707703,0.20833333333333334,0.16666666666666666,6.48,6.0,False,False,0.10609820485115051,-0.041666666666666685
C1_1,it0055,0.4426877200603485,0.4005519449710846,0.3076923076923077,0.038461538461538464,7.2,8.56,False,False,-0.042135775089263916,-0.2692307692307693
C1_1,it0056,0.25146934390068054,0.24631324410438538,0.4,0.25,7.52,10.0,False,False,-0.005156099796295166,-0.15000000000000002
C1_1,it0057,0.2976481318473816,0.36453020572662354,0.4117647058823529,0.17647058823529413,10.72,7.12,False,False,0.06688207387924194,-0.2352941176470588
C1_1,it0058,0.28961068391799927,0.31463223695755005,0.16666666666666666,0.08333333333333333,4.56,4.0,False,False,0.02502155303955078,-0.08333333333333333
C1_1,it0059,0.47055384516716003,0.49674779176712036,0.07142857142857142,0.39285714285714285,8.16,5.84,False,False,0.026193946599960327,0.3214285714285714
C1_1,it0060,0.32114118337631226,0.35555022954940796,0.0,0.11764705882352941,5.12,5.92,False,False,0.0344090461730957,0.11764705882352941
C1_1,it0061,0.5569246411323547,0.4151158630847931,0.02857142857142857,0.08571428571428572,9.84,7.12,False,False,-0.14180877804756165,0.05714285714285715
C1_1,it0062,0.4508090317249298,0.343413770198822,0.047619047619047616,0.09523809523809523,6.16,8.24,False,False,-0.10739526152610779,0.047619047619047616
C1_1,it0063,0.36397454142570496,0.3486955165863037,0.5517241379310345,0.41379310344827586,9.12,14.96,False,False,-0.015279024839401245,-0.13793103448275862
C1_1,it0064,0.31615886092185974,0.40897858142852783,0.3888888888888889,0.2777777777777778,5.44,5.28,False,False,0.09281972050666809,-0.1111111111111111
C1_1,it0065,0.6335858106613159,0.4690293073654175,0.10256410256410256,0.15384615384615385,10.8,8.8,False,False,-0.16455650329589844,0.051282051282051294
C1_1,it0066,0.28639835119247437,0.31762930750846863,0.3333333333333333,0.7142857142857143,7.2,5.12,False,False,0.031230956315994263,0.380952380952381
C1_1,it0067,0.15856292843818665,0.13219614326953888,0.2777777777777778,0.2777777777777778,4.56,5.28,False,False,-0.026366785168647766,0.0
C1_1,it0068,0.5983321070671082,0.5517248511314392,0.05128205128205128,0.02564102564102564,13.28,11.28,False,False,-0.046607255935668945,-0.02564102564102564
C1_1,it0069,0.2074665129184723,0.38183748722076416,0.2727272727272727,0.2727272727272727,7.52,6.08,False,False,0.17437097430229187,0.0
C1_1,it0070,0.3784954249858856,0.37162333726882935,0.13333333333333333,0.4,4.48,4.88,False,False,-0.006872087717056274,0.2666666666666667
C1_1,it0071,0.42644864320755005,0.327349990606308,0.32142857142857145,0.42857142857142855,7.52,4.96,False,False,-0.09909865260124207,0.1071428571428571
C1_1,it0072,0.4358668923377991,0.45071443915367126,0.09090909090909091,0.045454545454545456,8.96,11.2,False,False,0.014847546815872192,-0.045454545454545456
C1_1,it0073,0.12308401614427567,0.2745177149772644,0.4482758620689655,0.41379310344827586,6.88,11.12,False,False,0.15143369883298874,-0.03448275862068967
C1_1,it0074,0.22758203744888306,0.22293248772621155,0.4,0.4,5.36,10.24,False,False,-0.004649549722671509,0.0
C1_1,it0075,0.42311859130859375,0.4100927710533142,0.08695652173913043,0.17391304347826086,7.84,11.36,False,False,-0.013025820255279541,0.08695652173913043
C1_1,it0076,0.2980910539627075,0.36057591438293457,0.30434782608695654,0.34782608695652173,5.92,8.0,False,False,0.06248486042022705,0.04347826086956519
C1_1,it0077,0.5230699777603149,0.494362473487854,0.4166666666666667,0.6666666666666666,4.8,6.08,False,False,-0.028707504272460938,0.24999999999999994
C1_1,it0078,0.28330641984939575,0.21250700950622559,0.23809523809523808,0.14285714285714285,7.36,10.0,False,False,-0.07079941034317017,-0.09523809523809523
C1_1,it0079,0.538425624370575,0.5899283289909363,0.125,0.16666666666666666,9.12,10.24,False,False,0.05150270462036133,0.04166666666666666
C1_1,it0080,0.30148041248321533,0.11532853543758392,0.3902439024390244,0.9024390243902439,12.0,14.08,False,True,-0.1861518770456314,0.5121951219512195
C1_1,it0081,0.2820356488227844,0.20482134819030762,0.17857142857142858,0.07142857142857142,8.24,7.76,False,False,-0.0772143006324768,-0.10714285714285715
C1_1,it0082,0.4153478741645813,0.37910977005958557,0.0,0.0,6.56,6.96,False,False,-0.03623810410499573,0.0
C1_1,it0083,0.32364556193351746,0.3794746994972229,0.14705882352941177,0.029411764705882353,12.4,14.72,False,False,0.055829137563705444,-0.11764705882352941
C1_1,it0084,0.3554399609565735,0.4424538016319275,0.06666666666666667,0.06666666666666667,12.56,10.96,False,False,0.087013840675354,0.0
C1_1,it0085,0.3117443919181824,0.5003188848495483,0.14285714285714285,0.0,4.72,5.6,False,False,0.18857449293136597,-0.14285714285714285
C1_1,it0086,0.5316149592399597,0.6902040839195251,0.7647058823529411,0.23529411764705882,4.64,8.56,False,False,0.15858912467956543,-0.5294117647058822
C1_1,it0087,0.6380292177200317,0.4343797266483307,0.25,0.5625,4.48,9.52,False,False,-0.20364949107170105,0.3125
C1_1,it0088,0.31222158670425415,0.25930115580558777,0.14285714285714285,0.23809523809523808,6.4,8.0,False,False,-0.05292043089866638,0.09523809523809523
C1_1,it0089,0.15934744477272034,0.2922114431858063,0.0,0.08333333333333333,7.68,7.92,False,False,0.13286399841308594,0.08333333333333333
C1_1,it0090,0.5085530281066895,0.4895048439502716,0.058823529411764705,0.17647058823529413,6.24,6.8,False,False,-0.019048184156417847,0.11764705882352942
C1_1,it0091,0.5573230981826782,0.5725738406181335,0.25806451612903225,0.0967741935483871,9.2,7.68,False,False,0.015250742435455322,-0.16129032258064516
C1_1,it0092,0.377983421087265,0.3903627097606659,0.22857142857142856,0.05714285714285714,10.32,10.0,False,False,0.012379288673400879,-0.17142857142857143
C1_1,it0093,0.30911171436309814,0.26789823174476624,0.0,0.05263157894736842,5.76,4.48,False,False,-0.04121348261833191,0.05263157894736842
C1_1,it0094,0.4184072017669678,0.35699227452278137,0.0,0.0,5.12,4.56,False,False,-0.0614149272441864,0.0
C1_1,it0095,0.43934518098831177,0.466078519821167,0.19047619047619047,0.19047619047619047,6.64,6.72,False,False,0.026733338832855225,0.0
C1_1,it0096,0.428652822971344,0.43141332268714905,0.5,0.22727272727272727,6.48,8.48,False,False,0.0027604997158050537,-0.2727272727272727
C1_1,it0097,0.6111842393875122,0.5741028189659119,0.0,0.15,6.56,7.6,False,False,-0.03708142042160034,0.15
C1_1,it0098,0.33611828088760376,0.3782946765422821,0.18518518518518517,0.07407407407407407,9.12,10.64,False,False,0.042176395654678345,-0.1111111111111111
C1_1,it0099,0.17780572175979614,0.2821624279022217,0.13043478260869565,0.0,6.16,6.24,False,False,0.10435670614242554,-0.13043478260869565
C1_1,it0100,0.6536291837692261,0.5091609954833984,0.0,0.0,4.64,4.24,False,False,-0.14446818828582764,0.0
C1_1,it0101,0.24779632687568665,0.22171969711780548,0.10526315789473684,0.3157894736842105,12.4,11.04,False,False,-0.026076629757881165,0.21052631578947367
C1_1,it0102,0.37786152958869934,0.37160712480545044,0.0,0.0,4.96,6.72,False,False,-0.006254404783248901,0.0
C1_1,it0103,0.4686906039714813,0.32024744153022766,0.045454545454545456,0.13636363636363635,6.64,7.36,False,False,-0.14844316244125366,0.0909090909090909
C1_1,it0104,0.45394986867904663,0.36755117774009705,0.16666666666666666,0.125,5.6,5.52,False,False,-0.08639869093894958,-0.04166666666666666
C1_1,it0105,0.561360776424408,0.4410991072654724,0.2571428571428571,0.22857142857142856,11.2,14.96,False,False,-0.12026166915893555,-0.028571428571428553
C1_1,it0106,0.3719731569290161,0.4661426544189453,0.16666666666666666,0.125,6.8,9.6,False,False,0.0941694974899292,-0.04166666666666666
C1_1,it0107,0.27720531821250916,0.22927454113960266,0.21739130434782608,0.21739130434782608,8.16,8.88,False,False,-0.047930777072906494,0.0
C1_1,it0108,0.3663598597049713,0.3403916358947754,0.3125,0.1875,5.04,7.6,False,False,-0.025968223810195923,-0.125
C1_1,it0109,0.3180079460144043,0.31856998801231384,0.10526315789473684,0.15789473684210525,6.24,8.08,False,False,0.0005620419979095459,0.05263157894736842
C1_1,it0110,0.2911395728588104,0.21526779234409332,0.4,0.2,8.56,8.24,False,False,-0.0758717805147171,-0.2
C1_1,it0111,0.19331617653369904,0.24993695318698883,0.15151515151515152,0.3939393939393939,10.16,9.04,False,False,0.056620776653289795,0.2424242424242424
C1_1,it0112,0.5400219559669495,0.5192288160324097,0.20454545454545456,0.22727272727272727,14.8,13.68,False,False,-0.020793139934539795,0.022727272727272707
C1_1,it0113,0.4605482816696167,0.4760059118270874,0.20454545454545456,0.13636363636363635,14.4,12.24,False,False,0.015457630157470703,-0.0681818181818182
C1_1,it0114,0.4011954367160797,0.4180084466934204,0.3333333333333333,0.6666666666666666,5.52,5.84,False,False,0.016813009977340698,0.3333333333333333
C1_1,it0115,0.1564926952123642,0.19161346554756165,0.2857142857142857,0.0,4.08,4.4,False,False,0.03512077033519745,-0.2857142857142857
C1_1,it0116,0.3178177773952484,0.32510387897491455,0.35294117647058826,0.8823529411764706,4.96,12.96,False,True,0.007286101579666138,0.5294117647058822
C1_1,it0117,0.5474892854690552,0.4940899610519409,0.29411764705882354,0.08823529411764706,10.24,10.48,False,False,-0.05339932441711426,-0.20588235294117646
C1_1,it0118,0.5952461957931519,0.516963005065918,0.28846153846153844,0.17307692307692307,14.96,12.32,False,False,-0.07828319072723389,-0.11538461538461536
C1_1,it0119,0.4359373152256012,0.6215190291404724,0.6428571428571429,0.21428571428571427,4.64,6.72,False,False,0.18558171391487122,-0.4285714285714286
C1_1,it0120,0.3982170820236206,0.5452150106430054,0.06666666666666667,0.2,5.76,8.0,False,False,0.14699792861938477,0.13333333333333336
C1_1,it0121,0.41957759857177734,0.38220271468162537,0.3,0.4,6.24,6.4,False,False,-0.03737488389015198,0.10000000000000003
C1_1,it0122,0.2558687925338745,0.2742978632450104,0.36363636363636365,0.18181818181818182,8.32,8.16,False,False,0.018429070711135864,-0.18181818181818182
C1_1,it0123,0.37436628341674805,0.33613669872283936,0.11764705882352941,0.17647058823529413,5.12,4.48,False,False,-0.03822958469390869,0.05882352941176472
C1_1,it0124,0.3894898295402527,0.44284042716026306,0.21212121212121213,0.36363636363636365,11.92,7.44,False,False,0.053350597620010376,0.15151515151515152
C1_1,it0125,0.4181959629058838,0.2579616904258728,0.10256410256410256,0.23076923076923078,11.52,14.56,False,False,-0.160234272480011,0.12820512820512822
C1_1,it0126,0.31295937299728394,0.41906869411468506,0.125,0.0625,4.24,6.4,False,False,0.10610932111740112,-0.0625
C1_1,it0127,0.25064998865127563,0.2815551161766052,0.058823529411764705,0.058823529411764705,5.44,5.44,False,False,0.03090512752532959,0.0
C1_1,it0128,0.48927778005599976,0.2840169072151184,0.05,0.15,5.04,5.84,False,False,-0.20526087284088135,0.09999999999999999
C1_1,it0129,0.1835995614528656,0.146428182721138,0.0,0.0,5.76,6.8,False,False,-0.0371713787317276,0.0
C1_1,it0130,0.4177717864513397,0.3915218710899353,0.2,0.3,4.08,7.44,False,False,-0.02624991536140442,0.09999999999999998
C1_1,it0131,0.3021549880504608,0.27986404299736023,0.12903225806451613,0.25806451612903225,10.4,9.76,False,False,-0.022290945053100586,0.12903225806451613
C1_1,it0132,0.20559008419513702,0.3242419958114624,0.0,0.0,4.48,8.0,False,False,0.11865191161632538,0.0
C1_1,it0133,0.5759754180908203,0.4912092685699463,0.07142857142857142,0.0,8.4,10.0,False,False,-0.08476614952087402,-0.07142857142857142
C1_1,it0134,0.3334168791770935,0.3398526608943939,0.21052631578947367,0.07894736842105263,11.76,11.84,False,False,0.006435781717300415,-0.13157894736842105
C1_1,it0135,0.3266422748565674,0.36758002638816833,0.2564102564102564,0.23076923076923078,11.52,9.84,False,False,0.04093775153160095,-0.025641025641025605
C1_1,it0136,0.33532896637916565,0.36907514929771423,0.1,0.25,6.64,10.4,False,False,0.033746182918548584,0.15
C1_1,it0137,0.4560321271419525,0.43530166149139404,0.3333333333333333,0.25,4.24,9.84,False,False,-0.02073046565055847,-0.08333333333333331
C1_1,it0138,0.5937855243682861,0.6824005842208862,0.2777777777777778,0.16666666666666666,5.92,6.8,False,False,0.0886150598526001,-0.11111111111111113
C1_1,it0139,0.35259366035461426,0.2891651690006256,0.0,0.2222222222222222,5.68,6.0,False,False,-0.06342849135398865,0.2222222222222222
C1_1,it0140,0.3268672525882721,0.40542423725128174,0.3333333333333333,0.16666666666666666,7.84,9.36,False,False,0.07855698466300964,-0.16666666666666666
C1_1,it0141,0.6045730710029602,0.5825992226600647,0.5666666666666667,0.4,9.92,9.12,False,False,-0.021973848342895508,-0.16666666666666663
C1_1,it0142,0.22506792843341827,0.29407820105552673,0.04,0.28,6.72,6.96,False,False,0.06901027262210846,0.24000000000000002
C1_1,it0143,0.4017680883407593,0.4906036853790283,0.0,0.0,5.28,5.84,False,False,0.08883559703826904,0.0
C1_1,it0144,0.12789322435855865,0.10075472295284271,0.07142857142857142,0.0,9.04,9.12,False,False,-0.027138501405715942,-0.07142857142857142
C1_1,it0145,0.5600778460502625,0.4670058488845825,0.1,0.1,13.12,12.64,False,False,-0.09307199716567993,0.0
C1_1,it0146,0.38816702365875244,0.31526097655296326,0.05,0.2,5.52,7.76,False,False,-0.07290604710578918,0.15000000000000002
C1_1,it0147,0.412420392036438,0.4906763434410095,0.21739130434782608,0.13043478260869565,6.0,8.72,False,False,0.07825595140457153,-0.08695652173913043
C1_1,it0148,0.09959746897220612,0.11243268102407455,0.21428571428571427,0.32142857142857145,8.56,5.92,False,False,0.012835212051868439,0.10714285714285718
C1_1,it0149,0.42895784974098206,0.3075405955314636,0.14285714285714285,0.2857142857142857,4.08,3.44,False,False,-0.12141725420951843,0.14285714285714285
C1_1,it0150,0.30314162373542786,0.1303953230381012,0.11538461538461539,0.23076923076923078,7.52,6.56,False,False,-0.17274630069732666,0.11538461538461539
C1_1,it0151,0.4897044897079468,0.522035539150238,0.0,0.058823529411764705,5.04,4.4,False,False,0.03233104944229126,0.058823529411764705
C1_1,it0152,0.3311057686805725,0.21418671309947968,0.0,0.0,5.44,6.16,False,False,-0.11691905558109283,0.0
C1_1,it0153,0.3708653151988983,0.2886207401752472,0.16666666666666666,0.35714285714285715,13.52,11.44,False,False,-0.08224457502365112,0.1904761904761905
C1_1,it0154,0.19072623550891876,0.11870080232620239,0.3157894736842105,0.15789473684210525,5.92,6.24,False,False,-0.07202543318271637,-0.15789473684210525
C1_1,it0155,0.3152180016040802,0.19102908670902252,0.03571428571428571,0.17857142857142858,8.16,11.68,False,False,-0.12418891489505768,0.14285714285714285
C1_1,it0156,0.25274643301963806,0.2920234799385071,0.14285714285714285,0.0,7.2,7.84,False,False,0.03927704691886902,-0.14285714285714285
C1_1,it0157,0.4426247775554657,0.5098021030426025,0.16279069767441862,0.09302325581395349,13.84,13.36,False,False,0.06717732548713684,-0.06976744186046513
C1_1,it0158,0.22236186265945435,0.2108995020389557,0.10526315789473684,0.10526315789473684,6.08,8.0,False,False,-0.011462360620498657,0.0
C1_1,it0159,0.1562018245458603,0.25147745013237,0.21428571428571427,0.0,4.24,5.12,False,False,0.0952756255865097,-0.21428571428571427
C1_1,it0160,0.352939635515213,0.42350825667381287,0.03225806451612903,0.16129032258064516,8.96,9.76,False,False,0.07056862115859985,0.12903225806451613
C1_1,it0161,0.37224939465522766,0.23607634007930756,0.1724137931034483,0.20689655172413793,7.84,7.84,False,False,-0.1361730545759201,0.03448275862068964
C1_1,it0162,0.19310390949249268,0.42363855242729187,0.5185185185185185,0.5185185185185185,7.44,6.4,False,False,0.2305346429347992,0.0
C1_1,it0163,0.3249060809612274,0.4157363772392273,0.058823529411764705,0.11764705882352941,4.4,4.96,False,False,0.09083029627799988,0.058823529411764705
C1_1,it0164,0.1972120851278305,0.39571744203567505,0.1935483870967742,0.0,8.4,6.48,False,False,0.19850535690784454,-0.1935483870967742
C1_1,it0165,0.19694703817367554,0.25507980585098267,0.030303030303030304,0.15151515151515152,12.32,14.96,False,False,0.05813276767730713,0.12121212121212122
C1_1,it0166,0.43504244089126587,0.27088573575019836,0.5,0.25,4.16,9.6,False,False,-0.1641567051410675,-0.25
C1_1,it0167,0.4595978856086731,0.43778130412101746,0.10526315789473684,0.42105263157894735,6.0,7.12,False,False,-0.02181658148765564,0.3157894736842105
C1_1,it0168,0.14919738471508026,0.2787485420703888,0.0,0.2,4.16,3.44,False,False,0.12955115735530853,0.2
C1_1,it0169,0.4097513258457184,0.41524338722229004,0.15,0.2,6.4,8.56,False,False,0.005492061376571655,0.05000000000000002
C1_1,it0170,0.4211750328540802,0.45282018184661865,0.35294117647058826,0.17647058823529413,5.2,6.56,False,False,0.03164514899253845,-0.17647058823529413
C1_1,it0171,0.5542519688606262,0.5512206554412842,0.09523809523809523,0.047619047619047616,7.44,6.0,False,False,-0.003031313419342041,-0.047619047619047616
C1_1,it0172,0.24886706471443176,0.3398078680038452,0.0,0.04,7.68,6.88,False,False,0.09094080328941345,0.04
C1_1,it0173,0.6007102131843567,0.5902676582336426,0.0,0.0,9.12,8.08,False,False,-0.010442554950714111,0.0
C1_1,it0174,0.32756975293159485,0.3023712635040283,0.125,0.125,4.96,4.8,False,False,-0.02519848942756653,0.0
C1_1,it0175,0.2493676245212555,0.2458079606294632,0.26666666666666666,0.13333333333333333,5.12,9.76,False,False,-0.0035596638917922974,-0.13333333333333333
C1_1,it0176,0.44037431478500366,0.3569876551628113,0.2777777777777778,0.2777777777777778,5.04,5.68,False,False,-0.08338665962219238,0.0
C1_1,it0177,0.5146853923797607,0.47435101866722107,0.10526315789473684,0.05263157894736842,5.28,5.28,False,False,-0.04033437371253967,-0.05263157894736842
C1_1,it0178,0.13866858184337616,0.3200594186782837,0.8235294117647058,0.8823529411764706,5.84,4.0,False,False,0.18139083683490753,0.05882352941176472
C1_1,it0179,0.6524152755737305,0.6457399129867554,0.16129032258064516,0.12903225806451613,11.12,10.4,False,False,-0.006675362586975098,-0.03225806451612903
C1_1,it0180,0.4332980513572693,0.3683411180973053,0.21428571428571427,0.0,4.32,4.32,False,False,-0.06495693325996399,-0.21428571428571427
C1_1,it0181,0.5445868968963623,0.5226802825927734,0.12195121951219512,0.0975609756097561,12.96,14.96,False,False,-0.021906614303588867,-0.02439024390243902
C1_1,it0182,0.39216285943984985,0.42487776279449463,0.28,0.28,6.8,5.04,False,False,0.032714903354644775,0.0
C1_1,it0183,0.39215967059135437,0.4491479992866516,0.0,0.08,6.48,5.68,False,False,0.05698832869529724,0.08
C1_1,it0184,0.11687348783016205,0.26215434074401855,0.5333333333333333,0.4,4.96,4.64,False,False,0.1452808529138565,-0.1333333333333333
C1_1,it0185,0.2789267301559448,0.27380773425102234,0.06451612903225806,0.16129032258064516,9.92,6.32,False,False,-0.005118995904922485,0.0967741935483871
C1_1,it0186,0.5134289860725403,0.5797921419143677,0.2916666666666667,0.125,6.08,5.84,False,False,0.06636315584182739,-0.16666666666666669
C1_1,it0187,0.3677319884300232,0.4209544062614441,0.0,0.375,4.56,4.0,False,False,0.0532224178314209,0.375
C1_1,it0188,0.430990606546402,0.37703996896743774,0.16666666666666666,0.0,4.96,5.2,False,False,-0.05395063757896423,-0.16666666666666666
C1_1,it0189,0.2841910421848297,0.4018859565258026,0.0,0.0,5.6,5.04,False,False,0.1176949143409729,0.0
C1_1,it0190,0.4353164732456207,0.6008491516113281,0.0625,0.0625,5.92,5.68,False,False,0.1655326783657074,0.0
C1_1,it0191,0.3228875398635864,0.3451206684112549,0.2,0.0,8.24,6.32,False,False,0.022233128547668457,-0.2
C1_1,it0192,0.5241802930831909,0.5558722019195557,0.18518518518518517,0.3333333333333333,7.68,7.04,False,False,0.031691908836364746,0.14814814814814814
C1_1,it0193,0.18975406885147095,0.09284087270498276,0.1875,0.3125,5.68,5.2,False,False,-0.09691319614648819,0.125
C1_1,it0194,0.5935978889465332,0.5926545858383179,0.047619047619047616,0.047619047619047616,6.56,5.44,False,False,-0.000943303108215332,0.0
C1_1,it0195,0.4271554946899414,0.4463849663734436,0.46153846153846156,0.19230769230769232,8.64,6.48,False,False,0.019229471683502197,-0.2692307692307693
C1_1,it0196,0.41051313281059265,0.3264748752117157,0.2857142857142857,0.35714285714285715,6.88,10.4,False,False,-0.08403825759887695,0.07142857142857145
C1_1,it0197,0.34742996096611023,0.3391544818878174,0.18181818181818182,0.0,4.72,5.76,False,False,-0.008275479078292847,-0.18181818181818182
C1_1,it0198,0.06919258832931519,0.17784498631954193,0.0625,0.0,4.48,5.76,False,False,0.10865239799022675,-0.0625
C1_1,it0199,0.3772142231464386,0.35633063316345215,0.11764705882352941,0.058823529411764705,6.08,6.56,False,False,-0.02088358998298645,-0.058823529411764705
C1_1,it0200,0.3924080729484558,0.4907713234424591,0.2727272727272727,0.18181818181818182,7.28,7.12,False,False,0.0983632504940033,-0.09090909090909088
C1_1,it0201,0.4425709843635559,0.4032231569290161,0.3333333333333333,0.2222222222222222,5.92,5.92,False,False,-0.039347827434539795,-0.1111111111111111
C1_1,it0202,0.42830413579940796,0.4571567475795746,0.08333333333333333,0.0,4.72,6.64,False,False,0.028852611780166626,-0.08333333333333333
C1_1,it0203,0.3977806270122528,0.2986859083175659,0.038461538461538464,0.038461538461538464,6.88,6.72,False,False,-0.09909471869468689,0.0
C1_1,it0204,0.41541457176208496,0.42259785532951355,0.36,0.36,8.16,5.52,False,False,0.007183283567428589,0.0
C1_1,it0205,0.43122607469558716,0.458760529756546,0.5416666666666666,0.25,6.96,8.88,False,False,0.027534455060958862,-0.29166666666666663
C1_1,it0206,0.35227999091148376,0.38104042410850525,0.3939393939393939,0.12121212121212122,9.84,6.64,False,False,0.028760433197021484,-0.2727272727272727
C1_1,it0207,0.2902308404445648,0.35738062858581543,0.1111111111111111,0.2222222222222222,5.92,7.76,False,False,0.06714978814125061,0.1111111111111111
C1_1,it0208,0.36348292231559753,0.2956494092941284,0.25806451612903225,0.1935483870967742,11.28,8.96,False,False,-0.06783351302146912,-0.06451612903225806
C1_1,it0209,0.4778463840484619,0.5396852493286133,0.2,0.0,7.44,9.92,False,False,0.06183886528015137,-0.2
C1_1,it0210,0.24300962686538696,0.29089322686195374,0.11904761904761904,0.047619047619047616,11.92,9.44,False,False,0.04788359999656677,-0.07142857142857142
C1_1,it0211,0.6477481126785278,0.5799140930175781,0.14705882352941177,0.14705882352941177,11.44,14.32,False,False,-0.06783401966094971,0.0
C1_1,it0212,0.2684336304664612,0.052379459142684937,0.05263157894736842,0.0,5.28,6.24,False,False,-0.21605417132377625,-0.05263157894736842
C1_1,it0213,0.4582664966583252,0.45035794377326965,0.1111111111111111,0.3333333333333333,7.68,8.8,False,False,-0.007908552885055542,0.2222222222222222
C1_1,it0214,0.47769731283187866,0.4392501711845398,0.1282051282051282,0.1794871794871795,10.8,7.76,False,False,-0.03844714164733887,0.051282051282051294
C1_1,it0215,0.2709525525569916,0.2628011703491211,0.36363636363636365,0.6363636363636364,4.88,13.84,False,False,-0.008151382207870483,0.2727272727272727
C1_1,it0216,0.35878366231918335,0.2544940710067749,0.26666666666666666,0.0,5.12,6.8,False,False,-0.10428959131240845,-0.26666666666666666
C1_1,it0217,0.33086568117141724,0.4201107621192932,0.47619047619047616,0.47619047619047616,7.12,11.84,False,False,0.08924508094787598,0.0
C1_1,it0218,0.5438442826271057,0.46504491567611694,0.11764705882352941,0.058823529411764705,5.44,5.36,False,False,-0.07879936695098877,-0.058823529411764705
C1_1,it0219,0.12235386669635773,0.4004850685596466,0.5588235294117647,0.35294117647058826,11.04,8.08,False,False,0.2781312018632889,-0.20588235294117646
C1_1,it0220,0.2434120774269104,0.2595643103122711,0.0,0.13043478260869565,5.68,4.32,False,False,0.016152232885360718,0.13043478260869565
C1_1,it0221,0.3369990885257721,0.3044043183326721,0.058823529411764705,0.08823529411764706,9.76,13.44,False,False,-0.032594770193099976,0.02941176470588236
C1_1,it0222,0.4488101005554199,0.4569419324398041,0.3125,0.4375,4.08,8.48,False,False,0.008131831884384155,0.125
C1_1,it0223,0.49946558475494385,0.41072624921798706,0.06666666666666667,0.23333333333333334,8.4,10.96,False,False,-0.08873933553695679,0.16666666666666669
C1_1,it0224,0.24101202189922333,0.1471470147371292,0.0,0.0,5.76,6.0,False,False,-0.09386500716209412,0.0
C1_1,it0225,0.3430686593055725,0.4505746364593506,0.09090909090909091,0.045454545454545456,8.16,6.4,False,False,0.10750597715377808,-0.045454545454545456
C1_1,it0226,0.43529200553894043,0.39731988310813904,0.14285714285714285,0.10714285714285714,8.4,6.64,False,False,-0.03797212243080139,-0.03571428571428571
C1_1,it0227,0.25843262672424316,0.29240840673446655,0.4,0.6,5.36,4.96,False,False,0.03397578001022339,0.19999999999999996
C1_1,it0228,0.5877292156219482,0.6475527882575989,0.2777777777777778,0.1111111111111111,5.36,5.36,False,False,0.059823572635650635,-0.16666666666666669
C1_1,it0229,0.37773361802101135,0.29856806993484497,0.0,0.0,6.64,6.88,False,False,-0.07916554808616638,0.0
C1_1,it0230,0.5886551141738892,0.5956835746765137,0.2,0.0,8.0,6.48,False,False,0.007028460502624512,-0.2
C1_1,it0231,0.4740712344646454,0.4665904641151428,0.0967741935483871,0.0,10.0,10.64,False,False,-0.0074807703495025635,-0.0967741935483871
C1_1,it0232,0.20948827266693115,0.2091381996870041,0.13636363636363635,0.09090909090909091,6.88,6.32,False,False,-0.000350072979927063,-0.04545454545454544
C1_1,it0233,0.307014524936676,0.17711351811885834,0.047619047619047616,0.09523809523809523,6.96,6.08,False,False,-0.1299010068178177,0.047619047619047616
C1_1,it0234,0.4897115230560303,0.5806465148925781,0.13793103448275862,0.27586206896551724,10.64,8.8,False,False,0.09093499183654785,0.13793103448275862
C1_1,it0235,0.3422960042953491,0.26961806416511536,0.3157894736842105,0.2631578947368421,6.24,8.64,False,False,-0.07267794013023376,-0.05263157894736842
C1_1,it0236,0.32499217987060547,0.3449224531650543,0.06666666666666667,0.0,5.04,9.2,False,False,0.019930273294448853,-0.06666666666666667
C1_1,it0237,0.37230125069618225,0.4121154248714447,0.058823529411764705,0.058823529411764705,5.44,8.16,False,False,0.03981417417526245,0.0
C1_1,it0238,0.37514403462409973,0.40876176953315735,0.0,0.125,5.12,3.84,False,False,0.03361773490905762,0.125
C1_1,it0239,0.36385270953178406,0.4613501727581024,0.13793103448275862,0.20689655172413793,8.56,7.2,False,False,0.09749746322631836,0.06896551724137931
C1_1,it0240,0.26705482602119446,0.29440245032310486,0.0,0.0,4.08,3.28,False,False,0.0273476243019104,0.0
C1_1,it0241,0.3153059780597687,0.4591423571109772,0.5625,0.3125,4.48,7.68,False,False,0.1438363790512085,-0.25
C1_1,it0242,0.49169600009918213,0.4003763794898987,0.21052631578947367,0.2631578947368421,6.48,6.32,False,False,-0.09131962060928345,0.05263157894736842
C1_1,it0243,0.306709885597229,0.4999077618122101,0.3076923076923077,0.23076923076923078,4.24,6.96,False,False,0.19319787621498108,-0.07692307692307693
C1_1,it0244,0.233038067817688,0.15551592409610748,0.125,0.125,5.04,4.32,False,False,-0.0775221437215805,0.0
C1_1,it0245,0.525436520576477,0.4682435095310211,0.11764705882352941,0.23529411764705882,5.12,4.48,False,False,-0.05719301104545593,0.11764705882352941
C1_1,it0246,0.4681267738342285,0.5661122798919678,0.11363636363636363,0.25,12.56,13.44,False,False,0.09798550605773926,0.13636363636363635
C1_1,it0247,0.3737618923187256,0.35417890548706055,0.058823529411764705,0.058823529411764705,5.68,7.28,False,False,-0.01958298683166504,0.0
C1_1,it0248,0.153657466173172,0.17049077153205872,0.2413793103448276,0.20689655172413793,8.16,8.16,False,False,0.01683330535888672,-0.03448275862068967
C1_1,it0249,0.4893999993801117,0.552154004573822,0.2,0.25,6.64,5.92,False,False,0.06275400519371033,0.04999999999999999
C1_1,it0250,0.22055990993976593,0.2072199583053589,0.30952380952380953,0.11904761904761904,13.76,14.96,False,False,-0.013339951634407043,-0.1904761904761905
C1_1,it0251,0.4160926342010498,0.5206233859062195,0.03125,0.125,8.16,11.44,False,False,0.10453075170516968,0.09375
C1_1,it0252,0.20689824223518372,0.25185710191726685,0.3333333333333333,0.08333333333333333,4.24,7.76,False,False,0.04495885968208313,-0.25
C1_1,it0253,0.4944309592247009,0.7011771202087402,0.6153846153846154,0.07692307692307693,4.24,6.08,False,False,0.2067461609840393,-0.5384615384615385
C1_1,it0254,0.49042361974716187,0.2835734188556671,0.0,0.13333333333333333,10.08,7.28,False,False,-0.20685020089149475,0.13333333333333333
C1_1,it0255,0.4201517701148987,0.4163166582584381,0.0967741935483871,0.0,11.04,12.72,False,False,-0.0038351118564605713,-0.0967741935483871
C1_1,it0256,0.2820003032684326,0.14216239750385284,0.20588235294117646,0.17647058823529413,9.6,11.52,False,False,-0.13983790576457977,-0.02941176470588233
C1_1,it0257,0.2776371240615845,0.34666576981544495,0.35714285714285715,0.35714285714285715,7.68,7.68,False,False,0.06902864575386047,0.0
C1_1,it0258,0.5630607008934021,0.4642159938812256,0.09523809523809523,0.0,6.48,8.4,False,False,-0.09884470701217651,-0.09523809523809523
C1_1,it0259,0.3428030014038086,0.48740604519844055,0.3469387755102041,0.2653061224489796,13.28,11.2,False,False,0.14460304379463196,-0.08163265306122447
C1_1,it0260,0.6107009649276733,0.491774320602417,0.13333333333333333,0.2,4.48,6.56,False,False,-0.11892664432525635,0.06666666666666668
C1_1,it0261,0.5359240770339966,0.5006335377693176,0.2222222222222222,0.07407407407407407,11.44,8.64,False,False,-0.035290539264678955,-0.14814814814814814
C1_1,it0262,0.3840121924877167,0.2881695032119751,0.3333333333333333,0.037037037037037035,8.16,6.96,False,False,-0.09584268927574158,-0.2962962962962963
C1_1,it0263,0.45147210359573364,0.47435495257377625,0.2,0.25,5.68,5.6,False,False,0.022882848978042603,0.04999999999999999
C1_1,it0264,0.3504681885242462,0.34467241168022156,0.1875,0.125,4.72,5.84,False,False,-0.005795776844024658,-0.0625
C1_1,it0265,0.30663639307022095,0.19554448127746582,0.16666666666666666,0.2222222222222222,11.76,14.96,False,False,-0.11109191179275513,0.05555555555555555
C1_1,it0266,0.3278341293334961,0.2758450508117676,0.0,0.08,7.92,8.24,False,False,-0.051989078521728516,0.08
C1_1,it0267,0.3685029447078705,0.43396663665771484,0.1111111111111111,0.2962962962962963,8.56,10.4,False,False,0.06546369194984436,0.18518518518518517
C1_1,it0268,0.37092339992523193,0.3248791992664337,0.3333333333333333,0.24242424242424243,9.36,9.92,False,False,-0.04604420065879822,-0.09090909090909088
C1_1,it0269,0.5121726989746094,0.4659343957901001,0.20833333333333334,0.2916666666666667,7.76,5.76,False,False,-0.04623830318450928,0.08333333333333334
C1_1,it0270,0.6691994667053223,0.5705088973045349,0.07692307692307693,0.07692307692307693,11.6,8.72,False,False,-0.09869056940078735,0.0
C1_1,it0271,0.18409666419029236,0.39769965410232544,0.4666666666666667,0.4666666666666667,4.24,8.56,False,False,0.21360298991203308,0.0
C1_1,it0272,0.4022340476512909,0.3145591616630554,0.17647058823529413,0.11764705882352941,9.2,8.56,False,False,-0.08767488598823547,-0.05882352941176472
C1_1,it0273,0.40169036388397217,0.32050856947898865,0.0,0.0,5.92,5.12,False,False,-0.08118179440498352,0.0
C1_1,it0274,0.12661318480968475,0.13115352392196655,0.19230769230769232,0.2692307692307692,10.32,7.2,False,False,0.004540339112281799,0.0769230769230769
C1_1,it0275,0.5941529870033264,0.5687010288238525,0.125,0.0,7.68,7.28,False,False,-0.025451958179473877,-0.125
C1_1,it0276,0.39848408102989197,0.46164730191230774,0.16666666666666666,0.25,4.08,4.32,False,False,0.06316322088241577,0.08333333333333334
C1_1,it0277,0.29679468274116516,0.34919679164886475,0.125,0.3333333333333333,13.52,10.08,False,False,0.052402108907699585,0.20833333333333331
C1_1,it0278,0.2744564414024353,0.21278414130210876,0.25,0.2857142857142857,7.92,8.64,False,False,-0.06167230010032654,0.0357142857142857
C1_1,it0279,0.5467201471328735,0.5410810708999634,0.2631578947368421,0.2631578947368421,12.16,12.48,False,False,-0.005639076232910156,0.0
C1_1,it0280,0.40094223618507385,0.34947773814201355,0.16666666666666666,0.16666666666666666,6.4,5.36,False,False,-0.0514644980430603,0.0
C1_1,it0281,0.35302314162254333,0.2818131446838379,0.36363636363636365,0.2727272727272727,4.0,2.72,False,False,-0.07120999693870544,-0.09090909090909094
C1_1,it0282,0.45268625020980835,0.5005517601966858,0.12,0.16,6.32,6.4,False,False,0.04786550998687744,0.04000000000000001
C1_1,it0283,0.44406858086586,0.4143431782722473,0.0625,0.0625,5.36,4.56,False,False,-0.02972540259361267,0.0
C1_1,it0284,0.1686304807662964,0.21691864728927612,0.2692307692307692,0.4230769230769231,8.88,7.92,False,False,0.048288166522979736,0.15384615384615385
C1_1,it0285,0.495159775018692,0.5759655833244324,0.12195121951219512,0.07317073170731707,13.2,12.88,False,False,0.08080580830574036,-0.04878048780487805
C1_1,it0286,0.28462275862693787,0.26109495759010315,0.17857142857142858,0.14285714285714285,8.48,8.56,False,False,-0.023527801036834717,-0.035714285714285726
C1_1,it0287,0.5295535922050476,0.5835777521133423,0.18181818181818182,0.45454545454545453,7.84,8.96,False,False,0.05402415990829468,0.2727272727272727
C1_1,it0288,0.556474506855011,0.5948565602302551,0.3409090909090909,0.38636363636363635,14.24,13.68,False,False,0.03838205337524414,0.04545454545454547
C1_1,it0289,0.5915137529373169,0.41616106033325195,0.0,0.16666666666666666,5.68,9.52,False,False,-0.17535269260406494,0.16666666666666666
C1_1,it0290,0.21011313796043396,0.319718599319458,0.35714285714285715,0.30952380952380953,12.08,11.28,False,False,0.10960546135902405,-0.047619047619047616
C1_1,it0291,0.19929620623588562,0.20272628962993622,0.05555555555555555,0.0,5.44,9.28,False,False,0.003430083394050598,-0.05555555555555555
C1_1,it0292,0.25831282138824463,0.4619557857513428,0.02857142857142857,0.17142857142857143,11.12,9.36,False,False,0.20364296436309814,0.14285714285714285
C1_1,it0293,0.4232386648654938,0.31740087270736694,0.08333333333333333,0.041666666666666664,6.56,5.36,False,False,-0.10583779215812683,-0.041666666666666664
C1_1,it0294,0.22504015266895294,0.06760939210653305,0.0,0.0,6.48,7.28,False,False,-0.1574307605624199,0.0
C1_1,it0295,0.4273187518119812,0.4155516028404236,0.18867924528301888,0.2641509433962264,14.24,11.68,False,False,-0.011767148971557617,0.07547169811320753
C1_1,it0296,0.393018901348114,0.40242040157318115,0.25,0.28125,13.44,8.72,False,False,0.009401500225067139,0.03125
C1_1,it0297,0.32486897706985474,0.31880033016204834,0.16,0.2,7.44,8.48,False,False,-0.0060686469078063965,0.04000000000000001
C1_1,it0298,0.41999873518943787,0.4725729525089264,0.125,0.08333333333333333,6.08,4.16,False,False,0.052574217319488525,-0.04166666666666667
C1_1,it0299,0.5754748582839966,0.5967419743537903,0.11428571428571428,0.11428571428571428,11.36,10.56,False,False,0.0212671160697937,0.0
C1_1,it0300,0.2774137258529663,0.2849133014678955,0.1875,0.0,6.32,5.6,False,False,0.007499575614929199,-0.1875
C1_1,it0301,0.40413516759872437,0.4309241473674774,0.1875,0.09375,9.84,9.28,False,False,0.026788979768753052,-0.09375
C1_1,it0302,0.5853557586669922,0.5042126774787903,0.19047619047619047,0.16666666666666666,11.28,13.68,False,False,-0.0811430811882019,-0.023809523809523808
C1_1,it0303,0.3754071295261383,0.3907533586025238,0.2,0.2,6.56,6.64,False,False,0.015346229076385498,0.0
C1_1,it0304,0.45406588912010193,0.30087482929229736,0.15384615384615385,0.07692307692307693,5.44,4.96,False,False,-0.15319105982780457,-0.07692307692307693
C1_1,it0305,0.3946067988872528,0.3935234248638153,0.044444444444444446,0.24444444444444444,12.8,14.96,False,False,-0.0010833740234375,0.19999999999999998
C1_1,it0306,0.2185940146446228,0.41797178983688354,0.047619047619047616,0.19047619047619047,6.56,6.72,False,False,0.19937777519226074,0.14285714285714285
C1_1,it0307,0.27020958065986633,0.38702523708343506,0.07142857142857142,0.0,5.04,6.72,False,False,0.11681565642356873,-0.07142857142857142
C1_1,it0308,0.4203976094722748,0.4595465660095215,0.38235294117647056,0.23529411764705882,10.4,7.52,False,False,0.039148956537246704,-0.14705882352941174
C1_1,it0309,0.4470221996307373,0.46870219707489014,0.0,0.15384615384615385,5.2,3.84,False,False,0.021679997444152832,0.15384615384615385
C1_1,it0310,0.40042948722839355,0.2811635434627533,0.6,0.5,8.48,5.52,False,False,-0.11926594376564026,-0.09999999999999998
C1_1,it0311,0.18340043723583221,0.41880208253860474,0.47619047619047616,0.19047619047619047,5.84,3.44,False,False,0.23540164530277252,-0.2857142857142857
C1_1,it0312,0.6549655795097351,0.641137421131134,0.09523809523809523,0.0,12.24,12.4,False,False,-0.013828158378601074,-0.09523809523809523
C1_1,it0313,0.5060046315193176,0.5458855628967285,0.058823529411764705,0.0,4.96,7.76,False,False,0.03988093137741089,-0.058823529411764705
C1_1,it0314,0.21655666828155518,0.22634534537792206,0.24,0.24,6.32,5.76,False,False,0.009788677096366882,0.0
C1_1,it0315,0.24627597630023956,0.1543167680501938,0.16,0.12,7.92,8.0,False,False,-0.09195920825004578,-0.04000000000000001
C1_1,it0316,0.3927159309387207,0.42284560203552246,0.375,0.22916666666666666,13.28,14.96,False,False,0.030129671096801758,-0.14583333333333334
C1_1,it0317,0.38775205612182617,0.4262768626213074,0.0,0.07407407407407407,8.16,9.28,False,False,0.0385248064994812,0.07407407407407407
C1_1,it0318,0.3317369818687439,0.3406049907207489,0.3125,0.8125,5.04,13.84,False,False,0.008868008852005005,0.5
C1_1,it0319,0.2493467628955841,0.46778038144111633,0.05263157894736842,0.10526315789473684,5.6,8.48,False,False,0.21843361854553223,0.05263157894736842
C1_1,it0320,0.4948587119579315,0.4699740409851074,0.11538461538461539,0.11538461538461539,8.0,8.32,False,False,-0.024884670972824097,0.0
C1_1,it0321,0.08603160083293915,0.06899920850992203,0.05555555555555555,0.1111111111111111,5.12,4.08,False,False,-0.01703239232301712,0.05555555555555555
C1_1,it0322,0.500912070274353,0.5180026888847351,0.5882352941176471,0.9411764705882353,4.72,12.56,False,False,0.01709061861038208,0.3529411764705882
C1_1,it0323,0.4812913239002228,0.5681823492050171,0.05,0.1,6.96,9.04,False,False,0.08689102530479431,0.05
C1_1,it0324,0.3728666603565216,0.4298914968967438,0.05555555555555555,0.0,5.92,6.08,False,False,0.05702483654022217,-0.05555555555555555
C1_1,it0325,0.32736048102378845,0.28789398074150085,0.0,0.045454545454545456,12.8,12.0,False,False,-0.0394665002822876,0.045454545454545456
C1_1,it0326,0.16444236040115356,0.20325085520744324,0.041666666666666664,0.08333333333333333,5.92,7.04,False,False,0.03880849480628967,0.041666666666666664
C1_1,it0327,0.43287283182144165,0.23341375589370728,0.06666666666666667,0.13333333333333333,4.56,4.48,False,False,-0.19945907592773438,0.06666666666666667
C1_1,it0328,0.5193495750427246,0.5111556053161621,0.4482758620689655,0.3448275862068966,8.0,5.36,False,False,-0.0081939697265625,-0.10344827586206895
C1_1,it0329,0.4895472228527069,0.34032371640205383,0.16666666666666666,0.3333333333333333,4.24,8.4,False,False,-0.14922350645065308,0.16666666666666666
C1_1,it0330,0.2730277478694916,0.3236030638217926,0.029411764705882353,0.058823529411764705,9.6,8.32,False,False,0.050575315952301025,0.029411764705882353
C1_1,it0331,0.43114346265792847,0.305774450302124,0.4074074074074074,0.0,8.88,11.68,False,False,-0.12536901235580444,-0.4074074074074074
C1_1,it0332,0.2550003230571747,0.32960712909698486,0.08333333333333333,0.0,4.0,5.36,False,False,0.07460680603981018,-0.08333333333333333
C1_1,it0333,0.6448502540588379,0.5543338060379028,0.2682926829268293,0.12195121951219512,12.24,12.88,False,False,-0.09051644802093506,-0.14634146341463417
C1_1,it0334,0.4466279149055481,0.4364565312862396,0.22916666666666666,0.25,13.76,14.96,False,False,-0.010171383619308472,0.020833333333333343
C1_1,it0335,0.526829719543457,0.36344289779663086,0.14285714285714285,0.07142857142857142,4.48,5.76,False,False,-0.16338682174682617,-0.07142857142857142
C1_1,it0336,0.5789839625358582,0.37065038084983826,0.17142857142857143,0.2857142857142857,11.84,9.44,False,False,-0.2083335816860199,0.11428571428571427
C1_1,it0337,0.2588980495929718,0.36953476071357727,0.15384615384615385,0.2564102564102564,13.44,12.64,False,False,0.11063671112060547,0.10256410256410253
C1_1,it0338,0.42589011788368225,0.35846906900405884,0.11764705882352941,0.17647058823529413,6.24,6.56,False,False,-0.06742104887962341,0.05882352941176472
C1_1,it0339,0.47987428307533264,0.4186077117919922,0.16,0.0,7.2,8.16,False,False,-0.061266571283340454,-0.16
C1_1,it0340,0.2401195764541626,0.3889330327510834,0.0,0.07692307692307693,4.16,4.72,False,False,0.14881345629692078,0.07692307692307693
C1_1,it0341,0.6020260453224182,0.5526831150054932,0.17857142857142858,0.14285714285714285,8.88,7.92,False,False,-0.04934293031692505,-0.035714285714285726
C1_1,it0342,0.3707938492298126,0.4724404513835907,0.0625,0.0,6.88,7.76,False,False,0.10164660215377808,-0.0625
C1_1,it0343,0.33869507908821106,0.36756008863449097,0.2222222222222222,0.022222222222222223,13.76,10.72,False,False,0.028865009546279907,-0.19999999999999998
C1_1,it0344,0.6384578943252563,0.5770408511161804,0.0,0.07692307692307693,8.16,5.44,False,False,-0.06141704320907593,0.07692307692307693
C1_1,it0345,0.2394925057888031,0.016511905938386917,0.25925925925925924,0.7037037037037037,7.52,5.84,False,False,-0.22298059985041618,0.4444444444444445
C1_1,it0346,0.37354692816734314,0.4981311559677124,0.043478260869565216,0.2608695652173913,6.96,5.12,False,False,0.12458422780036926,0.21739130434782608
C1_1,it0347,0.49461275339126587,0.44821852445602417,0.07692307692307693,0.28205128205128205,11.76,13.76,False,False,-0.0463942289352417,0.20512820512820512
C1_1,it0348,0.2826826870441437,0.3219599723815918,0.0,0.0,4.08,4.0,False,False,0.03927728533744812,0.0
C1_1,it0349,0.23579388856887817,0.2004406750202179,0.09090909090909091,0.18181818181818182,12.16,14.96,False,False,-0.03535321354866028,0.09090909090909091
C1_1,it0350,0.3677639961242676,0.46696987748146057,0.10714285714285714,0.2857142857142857,7.44,9.2,False,False,0.099205881357193,0.17857142857142855
C1_1,it0351,0.40579918026924133,0.34033823013305664,0.045454545454545456,0.13636363636363635,8.4,11.6,False,False,-0.06546095013618469,0.0909090909090909
C1_1,it0352,0.4477640390396118,0.3391389548778534,0.0,0.0,8.64,8.08,False,False,-0.10862508416175842,0.0
C1_1,it0353,0.18140240013599396,0.2731744050979614,0.0,0.0,6.8,7.6,False,False,0.09177200496196747,0.0
C1_1,it0354,0.4379260241985321,0.5097495913505554,0.2,0.15,6.0,6.08,False,False,0.07182356715202332,-0.05000000000000002
C1_1,it0355,0.490908145904541,0.4813102185726166,0.25925925925925924,0.0,9.12,7.12,False,False,-0.009597927331924438,-0.25925925925925924
C1_1,it0356,0.30063873529434204,0.1481984555721283,0.15384615384615385,0.23076923076923078,4.48,4.88,False,False,-0.15244027972221375,0.07692307692307693
C1_1,it0357,0.42036527395248413,0.37119191884994507,0.13333333333333333,0.2,8.32,6.56,False,False,-0.04917335510253906,0.06666666666666668
C1_1,it0358,0.32742398977279663,0.2444247305393219,0.08695652173913043,0.21739130434782608,8.96,8.48,False,False,-0.08299925923347473,0.13043478260869565
C1_1,it0359,0.5583762526512146,0.5186944603919983,0.29545454545454547,0.3181818181818182,13.52,10.4,False,False,-0.03968179225921631,0.022727272727272707
C1_1,it0360,0.5502220392227173,0.6374831795692444,0.08695652173913043,0.0,6.96,7.76,False,False,0.0872611403465271,-0.08695652173913043
C1_1,it0361,0.2186858206987381,0.3023741543292999,0.058823529411764705,0.5294117647058824,6.4,5.52,False,False,0.08368833363056183,0.47058823529411764
C1_1,it0362,0.44398748874664307,0.4869200885295868,0.06666666666666667,0.06666666666666667,4.16,5.04,False,False,0.042932599782943726,0.0
C1_1,it0363,0.578557014465332,0.468848317861557,0.0975609756097561,0.21951219512195122,12.64,13.36,False,False,-0.10970869660377502,0.12195121951219512
C1_1,it0364,0.5332475900650024,0.6323269009590149,0.12,0.08,8.4,8.56,False,False,0.09907931089401245,-0.039999999999999994
C1_1,it0365,0.5000712871551514,0.4451948404312134,0.0,0.0,4.56,5.04,False,False,-0.05487644672393799,0.0
C1_1,it0366,0.2346729338169098,0.20162071287631989,0.11538461538461539,0.38461538461538464,9.04,7.68,False,False,-0.033052220940589905,0.2692307692307693
C1_1,it0367,0.4591071903705597,0.3616545498371124,0.28,0.28,14.64,14.96,False,False,-0.09745264053344727,0.0
C1_1,it0368,0.2996382415294647,0.29521700739860535,0.0,0.14285714285714285,6.24,5.92,False,False,-0.004421234130859375,0.14285714285714285
C1_1,it0369,0.3594510555267334,0.3208578824996948,0.0,0.3125,4.72,6.08,False,False,-0.038593173027038574,0.3125
C1_1,it0370,0.5312694311141968,0.5049289464950562,0.16,0.24,9.68,13.44,False,False,-0.026340484619140625,0.07999999999999999
C1_1,it0371,0.01898377202451229,0.1101200059056282,0.15625,0.4375,9.12,14.96,False,False,0.09113623388111591,0.28125
C1_1,it0372,0.5752242207527161,0.6918255090713501,0.06896551724137931,0.27586206896551724,8.4,7.6,False,False,0.11660128831863403,0.20689655172413793
C1_1,it0373,0.546902596950531,0.4741939604282379,0.037037037037037035,0.0,10.24,13.28,False,False,-0.07270863652229309,-0.037037037037037035
C1_1,it0374,0.4524720013141632,0.25686511397361755,0.16666666666666666,0.2777777777777778,5.68,5.92,False,False,-0.19560688734054565,0.11111111111111113
C1_1,it0375,0.31661030650138855,0.178164541721344,0.0,0.0,4.0,4.24,False,False,-0.13844576478004456,0.0
C1_1,it0376,0.2895425260066986,0.39081835746765137,0.16666666666666666,0.3333333333333333,6.24,6.0,False,False,0.10127583146095276,0.16666666666666666
C1_1,it0377,0.21988171339035034,0.36609527468681335,0.08,0.24,7.84,10.08,False,False,0.146213561296463,0.15999999999999998
C1_1,it0378,0.5577394962310791,0.5466350317001343,0.3333333333333333,0.3333333333333333,5.04,12.4,False,False,-0.011104464530944824,0.0
C1_1,it0379,0.2310810089111328,0.2725294232368469,0.0,0.0,5.28,6.48,False,False,0.04144841432571411,0.0
C1_1,it0380,0.43992531299591064,0.36847877502441406,0.21052631578947367,0.5789473684210527,4.88,5.44,False,False,-0.07144653797149658,0.368421052631579
C1_1,it0381,0.465019553899765,0.4343486428260803,0.0,0.15384615384615385,4.8,6.24,False,False,-0.030670911073684692,0.15384615384615385
C1_1,it0382,0.4019673764705658,0.56224524974823,0.0,0.18181818181818182,6.72,11.76,False,False,0.16027787327766418,0.18181818181818182
C1_1,it0383,0.2585207521915436,0.27935364842414856,0.23076923076923078,0.3076923076923077,10.56,10.56,False,False,0.02083289623260498,0.07692307692307693
C1_1,it0384,0.242667555809021,0.0890805721282959,0.13333333333333333,0.26666666666666666,4.0,4.4,False,False,-0.1535869836807251,0.13333333333333333
C1_1,it0385,0.2908428907394409,0.18963225185871124,0.16666666666666666,0.08333333333333333,4.24,7.28,False,False,-0.10121063888072968,-0.08333333333333333
C1_1,it0386,0.42864447832107544,0.5758949518203735,0.0,0.0,4.72,4.08,False,False,0.1472504734992981,0.0
C1_1,it0387,0.32668256759643555,0.43279898166656494,0.06060606060606061,0.18181818181818182,11.36,12.8,False,False,0.1061164140701294,0.12121212121212122
C1_1,it0388,0.4871029853820801,0.43997079133987427,0.0,0.05263157894736842,6.64,6.32,False,False,-0.04713219404220581,0.05263157894736842
C1_1,it0389,0.6285263895988464,0.6148297190666199,0.13043478260869565,0.1956521739130435,14.48,14.96,False,False,-0.013696670532226562,0.06521739130434784
C1_1,it0390,0.44411417841911316,0.3140277564525604,0.20930232558139536,0.06976744186046512,11.76,13.2,False,False,-0.13008642196655273,-0.13953488372093026
C1_1,it0391,0.32301872968673706,0.30437856912612915,0.30434782608695654,0.34782608695652173,8.96,9.92,False,False,-0.01864016056060791,0.04347826086956519
C1_1,it0392,0.25712138414382935,0.278939425945282,0.19047619047619047,0.14285714285714285,7.68,7.6,False,False,0.021818041801452637,-0.047619047619047616
C1_1,it0393,0.2729816138744354,0.4862612783908844,0.07692307692307693,0.0,4.88,6.16,False,False,0.21327966451644897,-0.07692307692307693
C1_1,it0394,0.5594307780265808,0.5769093036651611,0.04,0.0,6.8,7.6,False,False,0.017478525638580322,-0.04
C1_1,it0395,0.18834441900253296,0.09259282052516937,0.8235294117647058,0.35294117647058826,5.68,4.88,False,False,-0.09575159847736359,-0.4705882352941176
C1_1,it0396,0.4218095541000366,0.642428457736969,0.1,0.1,6.24,6.96,False,False,0.22061890363693237,0.0
C1_1,it0397,0.37684452533721924,0.41546663641929626,0.05263157894736842,0.10526315789473684,6.4,7.04,False,False,0.038622111082077026,0.05263157894736842
C1_1,it0398,0.37021908164024353,0.4615585505962372,0.25,0.25,6.48,4.32,False,False,0.09133946895599365,0.0
C1_1,it0399,0.31498855352401733,0.363927960395813,0.1111111111111111,0.2777777777777778,5.12,5.84,False,False,0.048939406871795654,0.16666666666666669
C1_2,it0000,0.4023686349391937,0.5348290205001831,0.32608695652173914,0.06521739130434782,12.16,9.44,False,False,0.13246038556098938,-0.2608695652173913
C1_2,it0001,0.16460056602954865,0.33396515250205994,0.7222222222222222,0.7777777777777778,4.96,9.84,False,False,0.1693645864725113,0.05555555555555558
C1_2,it0002,0.18348821997642517,0.31045079231262207,0.26666666666666666,0.4,5.12,12.32,False,False,0.1269625723361969,0.13333333333333336
C1_2,it0003,0.21617451310157776,0.2919113039970398,0.2,0.4,5.2,7.28,False,False,0.07573679089546204,0.2
C1_2,it0004,0.3037479519844055,0.288227379322052,0.125,0.1875,5.2,4.8,False,False,-0.015520572662353516,0.0625
C1_2,it0005,0.2388458251953125,0.1906220018863678,0.18518518518518517,0.07407407407407407,7.2,8.32,False,False,-0.0482238233089447,-0.1111111111111111
C1_2,it0006,0.3071138262748718,0.45578837394714355,0.2777777777777778,0.3333333333333333,6.48,7.2,False,False,0.14867454767227173,0.055555555555555525
C1_2,it0007,0.2497919201850891,0.2913895547389984,0.1590909090909091,0.13636363636363635,13.52,8.96,False,False,0.0415976345539093,-0.022727272727272735
C1_2,it0008,0.04723837226629257,0.4195477068424225,0.5714285714285714,2.5714285714285716,6.4,5.92,False,True,0.3723093345761299,2.0
C1_2,it0009,0.4976688623428345,0.5148131847381592,0.2222222222222222,0.07407407407407407,7.84,6.32,False,False,0.017144322395324707,-0.14814814814814814
C1_2,it0010,0.6151301860809326,0.5302736759185791,0.16666666666666666,0.3888888888888889,6.88,6.08,False,False,-0.08485651016235352,0.22222222222222224
C1_2,it0011,0.46503058075904846,0.3608456254005432,0.0,0.17391304347826086,8.08,9.68,False,False,-0.10418495535850525,0.17391304347826086
C1_2,it0012,0.35870444774627686,0.37624433636665344,0.7931034482758621,0.7586206896551724,8.72,6.4,False,False,0.017539888620376587,-0.034482758620689724
C1_2,it0013,0.6187478303909302,0.5310447812080383,0.1111111111111111,0.1111111111111111,9.12,12.24,False,False,-0.08770304918289185,0.0
C1_2,it0014,0.32058286666870117,0.35078150033950806,0.2,0.2,5.68,5.2,False,False,0.030198633670806885,0.0
C1_2,it0015,0.442954421043396,0.3935159146785736,0.11764705882352941,0.17647058823529413,4.24,3.28,False,False,-0.04943850636482239,0.05882352941176472
C1_2,it0016,0.306218683719635,0.40849944949150085,0.2647058823529412,0.17647058823529413,9.28,9.2,False,False,0.10228076577186584,-0.08823529411764705
C1_2,it0017,0.22445333003997803,0.27922773361206055,0.0,0.0,4.32,3.52,False,False,0.05477440357208252,0.0
C1_2,it0018,0.1958818882703781,0.2325236052274704,0.20588235294117646,0.11764705882352941,10.0,9.76,False,False,0.036641716957092285,-0.08823529411764705
C1_2,it0019,0.5495573878288269,0.5476402044296265,0.30434782608695654,0.30434782608695654,12.56,10.16,False,False,-0.0019171833992004395,0.0
C1_2,it0020,0.3163324296474457,0.17876198887825012,0.3076923076923077,0.3076923076923077,4.24,4.64,False,False,-0.13757044076919556,0.0
C1_2,it0021,0.42441704869270325,0.13246607780456543,0.42424242424242425,0.696969696969697,9.76,11.52,False,False,-0.2919509708881378,0.27272727272727276
C1_2,it0022,0.3941992521286011,0.3940616250038147,0.45,0.625,12.24,14.96,False,False,-0.00013762712478637695,0.175
C1_2,it0023,0.5960919857025146,0.560301661491394,0.3888888888888889,0.2777777777777778,4.88,3.84,False,False,-0.035790324211120605,-0.1111111111111111
C1_2,it0024,0.4691636264324188,0.5083407759666443,0.21428571428571427,0.21428571428571427,4.56,4.4,False,False,0.039177149534225464,0.0
C1_2,it0025,0.4545173943042755,0.36584535241127014,0.4,0.25,6.48,4.32,False,False,-0.08867204189300537,-0.15000000000000002
C1_2,it0026,0.2561880052089691,0.2794799506664276,0.0,0.0625,4.48,4.16,False,False,0.023291945457458496,0.0625
C1_2,it0027,0.6202955842018127,0.48660945892333984,0.0625,0.25,5.04,4.88,False,False,-0.1336861252784729,0.1875
C1_2,it0028,0.5075411796569824,0.4792522192001343,0.2619047619047619,0.21428571428571427,12.56,9.92,False,False,-0.028288960456848145,-0.047619047619047644
C1_2,it0029,0.2691061794757843,0.36903446912765503,0.1875,0.0625,4.56,4.56,False,False,0.09992828965187073,-0.125
C1_2,it0030,0.4459339678287506,0.39782285690307617,0.2,0.24,7.44,5.84,False,False,-0.04811111092567444,0.03999999999999998
C1_2,it0031,0.20108157396316528,0.2358815222978592,0.1111111111111111,0.2777777777777778,5.68,6.96,False,False,0.03479994833469391,0.16666666666666669
C1_2,it0032,0.41088053584098816,0.5588691830635071,0.07407407407407407,0.2222222222222222,8.56,7.36,False,False,0.14798864722251892,0.14814814814814814
C1_2,it0033,0.19843223690986633,0.31291553378105164,0.0,0.15384615384615385,4.72,6.16,False,False,0.1144832968711853,0.15384615384615385
C1_2,it0034,0.2761225402355194,0.18415319919586182,0.16666666666666666,0.16666666666666666,9.28,12.4,False,False,-0.09196934103965759,0.0
C1_2,it0035,0.11689753830432892,0.20014730095863342,0.15384615384615385,0.46153846153846156,5.36,3.92,False,False,0.0832497626543045,0.3076923076923077
C1_2,it0036,0.5423310995101929,0.500641942024231,0.3888888888888889,0.6666666666666666,5.52,3.36,False,False,-0.041689157485961914,0.27777777777777773
C1_2,it0037,0.5036038160324097,0.4557620882987976,0.0,0.3333333333333333,5.68,8.88,False,False,-0.04784172773361206,0.3333333333333333
C1_2,it0038,0.21817681193351746,0.15371999144554138,0.16216216216216217,0.40540540540540543,13.92,14.96,False,False,-0.06445682048797607,0.24324324324324326
C1_2,it0039,0.40392282605171204,0.35311272740364075,0.4146341463414634,0.24390243902439024,13.6,14.96,False,False,-0.05081009864807129,-0.17073170731707316
C1_2,it0040,0.11121725291013718,0.04272303730249405,0.4,0.2,4.48,6.32,False,False,-0.06849421560764313,-0.2
C1_2,it0041,0.34070196747779846,0.35838329792022705,0.2727272727272727,0.13636363636363635,7.36,6.72,False,False,0.01768133044242859,-0.13636363636363635
C1_2,it0042,0.39194294810295105,0.49343743920326233,0.4444444444444444,0.2962962962962963,8.64,8.64,False,False,0.10149449110031128,-0.14814814814814814
C1_2,it0043,0.26916199922561646,0.1932498812675476,0.07692307692307693,0.19230769230769232,7.68,6.72,False,False,-0.07591211795806885,0.11538461538461539
C1_2,it0044,0.16216139495372772,0.3702535033226013,0.16,0.28,7.36,6.8,False,False,0.2080921083688736,0.12000000000000002
C1_2,it0045,0.3066592216491699,0.23096270859241486,0.13333333333333333,0.13333333333333333,9.84,7.68,False,False,-0.07569651305675507,0.0
C1_2,it0046,0.25586315989494324,0.2553391456604004,0.0625,0.1875,5.92,5.52,False,False,-0.0005240142345428467,0.125
C1_2,it0047,0.23642811179161072,0.20913708209991455,0.6,0.7,8.56,9.44,False,False,-0.027291029691696167,0.09999999999999998
C1_2,it0048,0.42081496119499207,0.33522361516952515,0.1875,0.1875,4.64,10.16,False,False,-0.08559134602546692,0.0
C1_2,it0049,0.5403839945793152,0.5066355466842651,0.4090909090909091,0.5,5.92,7.44,False,False,-0.03374844789505005,0.09090909090909088
C1_2,it0050,0.0015525557100772858,0.2596082091331482,0.5,0.6818181818181818,5.76,9.6,False,False,0.2580556534230709,0.18181818181818177
C1_2,it0051,0.4510074853897095,0.37943196296691895,0.2413793103448276,0.20689655172413793,10.08,7.52,False,False,-0.07157552242279053,-0.03448275862068967
C1_2,it0052,0.3432735800743103,0.12452470511198044,0.2,0.13333333333333333,4.24,6.0,False,False,-0.21874887496232986,-0.06666666666666668
C1_2,it0053,0.2068587839603424,0.20754528045654297,0.4594594594594595,0.21621621621621623,12.56,10.88,False,False,0.0006864964962005615,-0.24324324324324326
C1_2,it0054,0.12033769488334656,0.0362873300909996,0.20833333333333334,0.08333333333333333,6.48,6.0,False,False,-0.08405036479234695,-0.125
C1_2,it0055,0.5401145815849304,0.4541974663734436,0.07692307692307693,0.11538461538461539,7.2,8.56,False,False,-0.08591711521148682,0.038461538461538464
C1_2,it0056,0.3213365077972412,0.20961757004261017,0.1,0.25,7.52,10.0,False,False,-0.11171893775463104,0.15
C1_2,it0057,0.25620484352111816,0.18893279135227203,0.17647058823529413,0.35294117647058826,10.72,7.12,False,False,-0.06727205216884613,0.17647058823529413
C1_2,it0058,0.22157765924930573,0.26598984003067017,0.08333333333333333,0.25,4.56,4.0,False,False,0.04441218078136444,0.16666666666666669
C1_2,it0059,0.5092501044273376,0.4710894823074341,0.21428571428571427,0.32142857142857145,8.16,5.84,False,False,-0.038160622119903564,0.10714285714285718
C1_2,it0060,0.23373772203922272,0.34572678804397583,0.058823529411764705,0.23529411764705882,5.12,5.92,False,False,0.11198906600475311,0.1764705882352941
C1_2,it0061,0.543575644493103,0.4881594479084015,0.0,0.17142857142857143,9.84,7.12,False,False,-0.05541619658470154,0.17142857142857143
C1_2,it0062,0.5421178936958313,0.5323939323425293,0.09523809523809523,0.0,6.16,8.24,False,False,-0.009723961353302002,-0.09523809523809523
C1_2,it0063,0.2811032235622406,0.2851259112358093,0.2413793103448276,0.5172413793103449,9.12,14.96,False,False,0.004022687673568726,0.27586206896551724
C1_2,it0064,0.5114430785179138,0.3961769938468933,0.3333333333333333,0.2222222222222222,5.44,5.28,False,False,-0.11526608467102051,-0.1111111111111111
C1_2,it0065,0.5033585429191589,0.5185855627059937,0.2564102564102564,0.02564102564102564,10.8,8.8,False,False,0.015227019786834717,-0.23076923076923075
C1_2,it0066,0.4122914969921112,0.30373430252075195,0.38095238095238093,0.47619047619047616,7.2,5.12,False,False,-0.10855719447135925,0.09523809523809523
C1_2,it0067,0.12401863932609558,0.23578105866909027,0.3333333333333333,0.16666666666666666,4.56,5.28,False,False,0.11176241934299469,-0.16666666666666666
C1_2,it0068,0.5939761400222778,0.5289813280105591,0.07692307692307693,0.02564102564102564,13.28,11.28,False,False,-0.06499481201171875,-0.05128205128205129
C1_2,it0069,0.2368301898241043,0.45729389786720276,0.18181818181818182,0.36363636363636365,7.52,6.08,False,False,0.22046370804309845,0.18181818181818182
C1_2,it0070,0.5472214221954346,0.4952273964881897,0.06666666666666667,0.0,4.48,4.88,False,False,-0.05199402570724487,-0.06666666666666667
C1_2,it0071,0.5791021585464478,0.42293229699134827,0.2857142857142857,0.32142857142857145,7.52,4.96,False,False,-0.1561698615550995,0.035714285714285754
C1_2,it0072,0.49164992570877075,0.4424072206020355,0.18181818181818182,0.22727272727272727,8.96,11.2,False,False,-0.04924270510673523,0.04545454545454544
C1_2,it0073,0.1822872757911682,0.27847325801849365,0.41379310344827586,0.5172413793103449,6.88,11.12,False,False,0.09618598222732544,0.103448275862069
C1_2,it0074,0.2460802048444748,0.18351545929908752,0.4,0.2,5.36,10.24,False,False,-0.06256474554538727,-0.2
C1_2,it0075,0.35312381386756897,0.31690412759780884,0.2608695652173913,0.2608695652173913,7.84,11.36,False,False,-0.03621968626976013,0.0
C1_2,it0076,0.15467317402362823,0.22520165145397186,0.2608695652173913,0.5652173913043478,5.92,8.0,False,False,0.07052847743034363,0.3043478260869565
C1_2,it0077,0.5198113918304443,0.27169889211654663,0.5,0.4166666666666667,4.8,6.08,False,False,-0.2481124997138977,-0.08333333333333331
C1_2,it0078,0.28530797362327576,0.24033808708190918,0.3333333333333333,0.23809523809523808,7.36,10.0,False,False,-0.04496988654136658,-0.09523809523809523
C1_2,it0079,0.533677339553833,0.48331913352012634,0.16666666666666666,0.041666666666666664,9.12,10.24,False,False,-0.050358206033706665,-0.125
C1_2,it0080,0.25896093249320984,0.1297946721315384,0.1951219512195122,0.43902439024390244,12.0,14.08,False,False,-0.12916626036167145,0.24390243902439024
C1_2,it0081,0.2397402822971344,0.27126485109329224,0.03571428571428571,0.32142857142857145,8.24,7.76,False,False,0.03152456879615784,0.28571428571428575
C1_2,it0082,0.3832453191280365,0.38351261615753174,0.4117647058823529,0.35294117647058826,6.56,6.96,False,False,0.00026729702949523926,-0.05882352941176466
C1_2,it0083,0.3338559567928314,0.3070611357688904,0.3235294117647059,0.058823529411764705,12.4,14.72,False,False,-0.02679482102394104,-0.2647058823529412
C1_2,it0084,0.5050522685050964,0.3271220922470093,0.044444444444444446,0.06666666666666667,12.56,10.96,False,False,-0.17793017625808716,0.02222222222222222
C1_2,it0085,0.39189034700393677,0.46758759021759033,0.0,0.14285714285714285,4.72,5.6,False,False,0.07569724321365356,0.14285714285714285
C1_2,it0086,0.5598638653755188,0.573755145072937,0.058823529411764705,0.4117647058823529,4.64,8.56,False,False,0.013891279697418213,0.3529411764705882
C1_2,it0087,0.6229039430618286,0.5822412967681885,0.375,0.3125,4.48,9.52,False,False,-0.04066264629364014,-0.0625
C1_2,it0088,0.30034300684928894,0.1661701202392578,0.047619047619047616,0.42857142857142855,6.4,8.0,False,False,-0.13417288661003113,0.38095238095238093
C1_2,it0089,0.16568154096603394,0.22220802307128906,0.041666666666666664,0.0,7.68,7.92,False,False,0.05652648210525513,-0.041666666666666664
C1_2,it0090,0.4926967918872833,0.5461907982826233,0.29411764705882354,0.0,6.24,6.8,False,False,0.053494006395339966,-0.29411764705882354
C1_2,it0091,0.47104811668395996,0.45443516969680786,0.3870967741935484,0.2903225806451613,9.2,7.68,False,False,-0.0166129469871521,-0.09677419354838707
C1_2,it0092,0.29461923241615295,0.4283318817615509,0.11428571428571428,0.08571428571428572,10.32,10.0,False,False,0.13371264934539795,-0.028571428571428567
C1_2,it0093,0.27795666456222534,0.29515835642814636,0.0,0.42105263157894735,5.76,4.48,False,False,0.01720169186592102,0.42105263157894735
C1_2,it0094,0.5073679089546204,0.41677600145339966,0.0,0.07692307692307693,5.12,4.56,False,False,-0.0905919075012207,0.07692307692307693
C1_2,it0095,0.4462207555770874,0.40359270572662354,0.14285714285714285,0.3333333333333333,6.64,6.72,False,False,-0.04262804985046387,0.19047619047619047
C1_2,it0096,0.4823668897151947,0.4417978525161743,0.36363636363636365,0.2727272727272727,6.48,8.48,False,False,-0.040569037199020386,-0.09090909090909094
C1_2,it0097,0.4262046217918396,0.561481237411499,0.05,0.05,6.56,7.6,False,False,0.13527661561965942,0.0
C1_2,it0098,0.3519006371498108,0.37910452485084534,0.37037037037037035,0.037037037037037035,9.12,10.64,False,False,0.027203887701034546,-0.3333333333333333
C1_2,it0099,0.07336987555027008,0.1210985779762268,0.043478260869565216,0.13043478260869565,6.16,6.24,False,False,0.047728702425956726,0.08695652173913043
C1_2,it0100,0.5395377278327942,0.44572582840919495,0.15384615384615385,0.0,4.64,4.24,False,False,-0.09381189942359924,-0.15384615384615385
C1_2,it0101,0.2138286530971527,0.25149229168891907,0.15789473684210525,0.2631578947368421,12.4,11.04,False,False,0.03766363859176636,0.10526315789473684
C1_2,it0102,0.3206976056098938,0.33500948548316956,0.23076923076923078,0.15384615384615385,4.96,6.72,False,False,0.014311879873275757,-0.07692307692307693
C1_2,it0103,0.33337146043777466,0.45457905530929565,0.4090909090909091,0.13636363636363635,6.64,7.36,False,False,0.121207594871521,-0.27272727272727276
C1_2,it0104,0.4101927876472473,0.38521623611450195,0.125,0.041666666666666664,5.6,5.52,False,False,-0.02497655153274536,-0.08333333333333334
C1_2,it0105,0.41897082328796387,0.28888654708862305,0.34285714285714286,0.3142857142857143,11.2,14.96,False,False,-0.13008427619934082,-0.02857142857142858
C1_2,it0106,0.34153711795806885,0.36607104539871216,0.041666666666666664,0.125,6.8,9.6,False,False,0.02453392744064331,0.08333333333333334
C1_2,it0107,0.3933471143245697,0.4248180687427521,0.30434782608695654,0.17391304347826086,8.16,8.88,False,False,0.03147095441818237,-0.13043478260869568
C1_2,it0108,0.3285311162471771,0.3485312759876251,0.0625,0.0625,5.04,7.6,False,False,0.020000159740447998,0.0
C1_2,it0109,0.27457195520401,0.3920854330062866,0.21052631578947367,0.15789473684210525,6.24,8.08,False,False,0.11751347780227661,-0.05263157894736842
C1_2,it0110,0.2482825070619583,0.1975547820329666,0.1,0.2,8.56,8.24,False,False,-0.0507277250289917,0.1
C1_2,it0111,0.15139424800872803,0.14439520239830017,0.24242424242424243,0.5151515151515151,10.16,9.04,False,False,-0.0069990456104278564,0.2727272727272727
C1_2,it0112,0.4642539918422699,0.4722585678100586,0.11363636363636363,0.36363636363636365,14.8,13.68,False,False,0.008004575967788696,0.25
C1_2,it0113,0.4726135730743408,0.44710060954093933,0.11363636363636363,0.09090909090909091,14.4,12.24,False,False,-0.02551296353340149,-0.02272727272727272
C1_2,it0114,0.2833603322505951,0.3789479732513428,0.4444444444444444,0.3333333333333333,5.52,5.84,False,False,0.09558764100074768,-0.1111111111111111
C1_2,it0115,0.26608991622924805,0.10316774249076843,0.0,0.0,4.08,4.4,False,False,-0.16292217373847961,0.0
C1_2,it0116,0.5080813765525818,0.39126166701316833,0.35294117647058826,0.7647058823529411,4.96,12.96,False,False,-0.11681970953941345,0.41176470588235287
C1_2,it0117,0.502868115901947,0.5116183757781982,0.11764705882352941,0.029411764705882353,10.24,10.48,False,False,0.00875025987625122,-0.08823529411764705
C1_2,it0118,0.4272969365119934,0.4556007385253906,0.6153846153846154,0.38461538461538464,14.96,12.32,False,False,0.028303802013397217,-0.23076923076923078
C1_2,it0119,0.3367942273616791,0.26182109117507935,0.14285714285714285,0.0,4.64,6.72,False,False,-0.07497313618659973,-0.14285714285714285
C1_2,it0120,0.4862897992134094,0.4708783030509949,0.06666666666666667,0.06666666666666667,5.76,8.0,False,False,-0.01541149616241455,0.0
C1_2,it0121,0.32682767510414124,0.40458184480667114,0.2,0.05,6.24,6.4,False,False,0.07775416970252991,-0.15000000000000002
C1_2,it0122,0.2161366492509842,0.31041568517684937,0.4090909090909091,0.4090909090909091,8.32,8.16,False,False,0.09427903592586517,0.0
C1_2,it0123,0.5674735307693481,0.3110480010509491,0.35294117647058826,0.058823529411764705,5.12,4.48,False,False,-0.25642552971839905,-0.29411764705882354
C1_2,it0124,0.3168048858642578,0.35744762420654297,0.21212121212121213,0.30303030303030304,11.92,7.44,False,False,0.040642738342285156,0.09090909090909091
C1_2,it0125,0.49481213092803955,0.47692596912384033,0.10256410256410256,0.2564102564102564,11.52,14.56,False,False,-0.01788616180419922,0.15384615384615383
C1_2,it0126,0.3935256004333496,0.3181326985359192,0.0,0.0,4.24,6.4,False,False,-0.07539290189743042,0.0
C1_2,it0127,0.2552953064441681,0.30929213762283325,0.35294117647058826,0.23529411764705882,5.44,5.44,False,False,0.05399683117866516,-0.11764705882352944
C1_2,it0128,0.3267359733581543,0.5012190341949463,0.1,0.0,5.04,5.84,False,False,0.174483060836792,-0.1
C1_2,it0129,0.13831904530525208,0.30374789237976074,0.0,0.23529411764705882,5.76,6.8,False,False,0.16542884707450867,0.23529411764705882
C1_2,it0130,0.11405283212661743,0.3438275456428528,0.1,0.5,4.08,7.44,False,False,0.22977471351623535,0.4
C1_2,it0131,0.18584004044532776,0.3492608368396759,0.2903225806451613,0.3548387096774194,10.4,9.76,False,False,0.16342079639434814,0.06451612903225806
C1_2,it0132,0.27404728531837463,0.26518315076828003,0.07142857142857142,0.07142857142857142,4.48,8.0,False,False,-0.008864134550094604,0.0
C1_2,it0133,0.4351159930229187,0.48196443915367126,0.0,0.10714285714285714,8.4,10.0,False,False,0.046848446130752563,0.10714285714285714
C1_2,it0134,0.22073403000831604,0.32131287455558777,0.13157894736842105,0.13157894736842105,11.76,11.84,False,False,0.10057884454727173,0.0
C1_2,it0135,0.551283597946167,0.45551782846450806,0.3076923076923077,0.358974358974359,11.52,9.84,False,False,-0.09576576948165894,0.051282051282051266
C1_2,it0136,0.3956185579299927,0.48556381464004517,0.05,0.0,6.64,10.4,False,False,0.08994525671005249,-0.05
C1_2,it0137,0.3587397336959839,0.25812438130378723,0.3333333333333333,0.4166666666666667,4.24,9.84,False,False,-0.10061535239219666,0.08333333333333337
C1_2,it0138,0.5986176133155823,0.5540066361427307,0.3333333333333333,0.6111111111111112,5.92,6.8,False,False,-0.04461097717285156,0.27777777777777785
C1_2,it0139,0.2171347737312317,0.27925342321395874,0.05555555555555555,0.1111111111111111,5.68,6.0,False,False,0.06211864948272705,0.05555555555555555
C1_2,it0140,0.4363034963607788,0.39629295468330383,0.16666666666666666,0.041666666666666664,7.84,9.36,False,False,-0.040010541677474976,-0.125
C1_2,it0141,0.6086967587471008,0.6622588038444519,0.3333333333333333,0.2,9.92,9.12,False,False,0.053562045097351074,-0.1333333333333333
C1_2,it0142,0.11148800700902939,0.09424783289432526,0.32,0.2,6.72,6.96,False,False,-0.017240174114704132,-0.12
C1_2,it0143,0.35335883498191833,0.38611048460006714,0.0,0.0,5.28,5.84,False,False,0.032751649618148804,0.0
C1_2,it0144,0.3093970715999603,0.3946104049682617,0.14285714285714285,0.03571428571428571,9.04,9.12,False,False,0.08521333336830139,-0.10714285714285714
C1_2,it0145,0.6195902824401855,0.5781704187393188,0.2,0.025,13.12,12.64,False,False,-0.0414198637008667,-0.17500000000000002
C1_2,it0146,0.30080193281173706,0.4510918855667114,0.2,0.2,5.52,7.76,False,False,0.15028995275497437,0.0
C1_2,it0147,0.2739904224872589,0.4177285432815552,0.08695652173913043,0.043478260869565216,6.0,8.72,False,False,0.14373812079429626,-0.043478260869565216
C1_2,it0148,0.008636590093374252,0.06149279326200485,0.2857142857142857,0.2857142857142857,8.56,5.92,False,False,0.0528562031686306,0.0
C1_2,it0149,0.3623391389846802,0.23931428790092468,0.42857142857142855,0.42857142857142855,4.08,3.44,False,False,-0.1230248510837555,0.0
C1_2,it0150,0.43797239661216736,0.5099400281906128,0.3076923076923077,0.34615384615384615,7.52,6.56,False,False,0.07196763157844543,0.038461538461538436
C1_2,it0151,0.2718616724014282,0.5007343888282776,0.058823529411764705,0.0,5.04,4.4,False,False,0.22887271642684937,-0.058823529411764705
C1_2,it0152,0.35531526803970337,0.33888399600982666,0.0,0.0,5.44,6.16,False,False,-0.01643127202987671,0.0
C1_2,it0153,0.43178945779800415,0.3199247717857361,0.40476190476190477,0.3333333333333333,13.52,11.44,False,False,-0.11186468601226807,-0.07142857142857145
C1_2,it0154,0.030646130442619324,0.12820817530155182,0.15789473684210525,0.05263157894736842,5.92,6.24,False,False,0.0975620448589325,-0.10526315789473684
C1_2,it0155,0.3227376341819763,0.0760420486330986,0.03571428571428571,0.25,8.16,11.68,False,False,-0.24669558554887772,0.2142857142857143
C1_2,it0156,0.12741178274154663,0.14045631885528564,0.19047619047619047,0.2857142857142857,7.2,7.84,False,False,0.013044536113739014,0.09523809523809523
C1_2,it0157,0.3903609812259674,0.4065156579017639,0.13953488372093023,0.11627906976744186,13.84,13.36,False,False,0.01615467667579651,-0.023255813953488372
C1_2,it0158,0.17664001882076263,0.4110417068004608,0.15789473684210525,0.21052631578947367,6.08,8.0,False,False,0.23440168797969818,0.05263157894736842
C1_2,it0159,0.36498937010765076,0.25963783264160156,0.35714285714285715,0.0,4.24,5.12,False,False,-0.1053515374660492,-0.35714285714285715
C1_2,it0160,0.33017846941947937,0.4215226173400879,0.06451612903225806,0.2903225806451613,8.96,9.76,False,False,0.09134414792060852,0.22580645161290325
C1_2,it0161,0.25212180614471436,0.26682472229003906,0.06896551724137931,0.27586206896551724,7.84,7.84,False,False,0.014702916145324707,0.20689655172413793
C1_2,it0162,0.1946561187505722,0.3795825242996216,0.25925925925925924,0.2222222222222222,7.44,6.4,False,False,0.18492640554904938,-0.037037037037037035
C1_2,it0163,0.39399397373199463,0.37745147943496704,0.0,0.0,4.4,4.96,False,False,-0.016542494297027588,0.0
C1_2,it0164,0.27354446053504944,0.22830720245838165,0.3225806451612903,0.03225806451612903,8.4,6.48,False,False,-0.045237258076667786,-0.29032258064516125
C1_2,it0165,0.16930516064167023,0.19134491682052612,0.18181818181818182,0.36363636363636365,12.32,14.96,False,False,0.022039756178855896,0.18181818181818182
C1_2,it0166,0.31478482484817505,0.24031737446784973,0.6666666666666666,0.4166666666666667,4.16,9.6,False,False,-0.07446745038032532,-0.24999999999999994
C1_2,it0167,0.5128125548362732,0.4230218231678009,0.47368421052631576,0.15789473684210525,6.0,7.12,False,False,-0.08979073166847229,-0.3157894736842105
C1_2,it0168,0.25860798358917236,0.14297831058502197,0.1,0.3,4.16,3.44,False,False,-0.11562967300415039,0.19999999999999998
C1_2,it0169,0.36315247416496277,0.3110750615596771,0.05,0.2,6.4,8.56,False,False,-0.052077412605285645,0.15000000000000002
C1_2,it0170,0.3074425756931305,0.42883482575416565,0.23529411764705882,0.35294117647058826,5.2,6.56,False,False,0.12139225006103516,0.11764705882352944
C1_2,it0171,0.5561696887016296,0.5476413369178772,0.23809523809523808,0.09523809523809523,7.44,6.0,False,False,-0.008528351783752441,-0.14285714285714285
C1_2,it0172,0.28650546073913574,0.20088782906532288,0.08,0.0,7.68,6.88,False,False,-0.08561763167381287,-0.08
C1_2,it0173,0.5192102789878845,0.6111395359039307,0.0,0.13333333333333333,9.12,8.08,False,False,0.09192925691604614,0.13333333333333333
C1_2,it0174,0.38889279961586,0.3996022641658783,0.25,0.3125,4.96,4.8,False,False,0.01070946455001831,0.0625
C1_2,it0175,0.1984662562608719,0.21478526294231415,0.26666666666666666,0.4,5.12,9.76,False,False,0.01631900668144226,0.13333333333333336
C1_2,it0176,0.3922398090362549,0.377532958984375,0.1111111111111111,0.05555555555555555,5.04,5.68,False,False,-0.014706850051879883,-0.05555555555555555
C1_2,it0177,0.2487337589263916,0.23389190435409546,0.05263157894736842,0.10526315789473684,5.28,5.28,False,False,-0.014841854572296143,0.05263157894736842
C1_2,it0178,0.15104661881923676,0.11681400239467621,0.47058823529411764,0.5882352941176471,5.84,4.0,False,False,-0.03423261642456055,0.11764705882352944
C1_2,it0179,0.6039980053901672,0.6394612193107605,0.1935483870967742,0.3548387096774194,11.12,10.4,False,False,0.03546321392059326,0.16129032258064518
C1_2,it0180,0.3523603677749634,0.31314903497695923,0.07142857142857142,0.21428571428571427,4.32,4.32,False,False,-0.03921133279800415,0.14285714285714285
C1_2,it0181,0.5452905297279358,0.5358144044876099,0.14634146341463414,0.12195121951219512,12.96,14.96,False,False,-0.009476125240325928,-0.02439024390243902
C1_2,it0182,0.4454788267612457,0.31767740845680237,0.04,0.12,6.8,5.04,False,False,-0.12780141830444336,0.07999999999999999
C1_2,it0183,0.5613559484481812,0.5018455386161804,0.04,0.12,6.48,5.68,False,False,-0.05951040983200073,0.07999999999999999
C1_2,it0184,0.2457459717988968,0.216023251414299,0.26666666666666666,0.13333333333333333,4.96,4.64,False,False,-0.02972272038459778,-0.13333333333333333
C1_2,it0185,0.2704222798347473,0.4053436815738678,0.03225806451612903,0.16129032258064516,9.92,6.32,False,False,0.13492140173912048,0.12903225806451613
C1_2,it0186,0.35994476079940796,0.5440380573272705,0.08333333333333333,0.3333333333333333,6.08,5.84,False,False,0.18409329652786255,0.25
C1_2,it0187,0.4231291711330414,0.36900219321250916,0.25,0.25,4.56,4.0,False,False,-0.05412697792053223,0.0
C1_2,it0188,0.4421921372413635,0.4608909487724304,0.2222222222222222,0.3888888888888889,4.96,5.2,False,False,0.018698811531066895,0.16666666666666669
C1_2,it0189,0.16407911479473114,0.4403020143508911,0.0,0.0,5.6,5.04,False,False,0.27622289955616,0.0
C1_2,it0190,0.48463812470436096,0.47384703159332275,0.125,0.0625,5.92,5.68,False,False,-0.010791093111038208,-0.0625
C1_2,it0191,0.22440579533576965,0.2492578625679016,0.12,0.44,8.24,6.32,False,False,0.024852067232131958,0.32
C1_2,it0192,0.4937196969985962,0.45125532150268555,0.5185185185185185,0.6296296296296297,7.68,7.04,False,False,-0.042464375495910645,0.11111111111111116
C1_2,it0193,0.17685121297836304,0.219122514128685,0.3125,0.3125,5.68,5.2,False,False,0.04227130115032196,0.0
C1_2,it0194,0.574619472026825,0.6152562499046326,0.0,0.047619047619047616,6.56,5.44,False,False,0.04063677787780762,0.047619047619047616
C1_2,it0195,0.4995965361595154,0.3785320818424225,0.34615384615384615,0.2692307692307692,8.64,6.48,False,False,-0.1210644543170929,-0.07692307692307693
C1_2,it0196,0.4581758677959442,0.2882414758205414,0.35714285714285715,0.35714285714285715,6.88,10.4,False,False,-0.16993439197540283,0.0
C1_2,it0197,0.22466935217380524,0.3096277713775635,0.2727272727272727,0.09090909090909091,4.72,5.76,False,False,0.08495841920375824,-0.1818181818181818
C1_2,it0198,0.18215230107307434,0.09404259920120239,0.25,0.3125,4.48,5.76,False,False,-0.08810970187187195,0.0625
C1_2,it0199,0.4718731641769409,0.5303994417190552,0.11764705882352941,0.058823529411764705,6.08,6.56,False,False,0.05852627754211426,-0.058823529411764705
C1_2,it0200,0.39906468987464905,0.3761238157749176,0.13636363636363635,0.22727272727272727,7.28,7.12,False,False,-0.022940874099731445,0.09090909090909091
C1_2,it0201,0.2850523293018341,0.2901957929134369,0.2777777777777778,0.05555555555555555,5.92,5.92,False,False,0.005143463611602783,-0.22222222222222224
C1_2,it0202,0.485485315322876,0.4327942728996277,0.16666666666666666,0.16666666666666666,4.72,6.64,False,False,-0.05269104242324829,0.0
C1_2,it0203,0.4400673806667328,0.39676398038864136,0.2692307692307692,0.07692307692307693,6.88,6.72,False,False,-0.04330340027809143,-0.1923076923076923
C1_2,it0204,0.45257699489593506,0.4435915946960449,0.12,0.24,8.16,5.52,False,False,-0.008985400199890137,0.12
C1_2,it0205,0.3813515901565552,0.4699713885784149,0.4166666666666667,0.375,6.96,8.88,False,False,0.08861979842185974,-0.041666666666666685
C1_2,it0206,0.39911624789237976,0.4747370183467865,0.5757575757575758,0.36363636363636365,9.84,6.64,False,False,0.07562077045440674,-0.21212121212121215
C1_2,it0207,0.26962077617645264,0.26290637254714966,0.1111111111111111,0.05555555555555555,5.92,7.76,False,False,-0.0067144036293029785,-0.05555555555555555
C1_2,it0208,0.3042656481266022,0.2890077531337738,0.3548387096774194,0.3548387096774194,11.28,8.96,False,False,-0.01525789499282837,0.0
C1_2,it0209,0.5166007876396179,0.548238217830658,0.24,0.08,7.44,9.92,False,False,0.03163743019104004,-0.15999999999999998
C1_2,it0210,0.2573435306549072,0.3484395146369934,0.30952380952380953,0.38095238095238093,11.92,9.44,False,False,0.09109598398208618,0.0714285714285714
C1_2,it0211,0.5219442844390869,0.5141516923904419,0.08823529411764706,0.11764705882352941,11.44,14.32,False,False,-0.0077925920486450195,0.029411764705882346
C1_2,it0212,0.2031383067369461,0.1908682882785797,0.3157894736842105,0.15789473684210525,5.28,6.24,False,False,-0.012270018458366394,-0.15789473684210525
C1_2,it0213,0.5704746842384338,0.4605959951877594,0.07407407407407407,0.4074074074074074,7.68,8.8,False,False,-0.10987868905067444,0.3333333333333333
C1_2,it0214,0.4952455163002014,0.5387558341026306,0.1794871794871795,0.2564102564102564,10.8,7.76,False,False,0.0435103178024292,0.0769230769230769
C1_2,it0215,0.1365881860256195,0.25442448258399963,0.2727272727272727,0.8181818181818182,4.88,13.84,False,False,0.11783629655838013,0.5454545454545455
C1_2,it0216,0.46707653999328613,0.473835825920105,0.2,0.13333333333333333,5.12,6.8,False,False,0.006759285926818848,-0.06666666666666668
C1_2,it0217,0.3093423545360565,0.41060322523117065,0.38095238095238093,0.19047619047619047,7.12,11.84,False,False,0.10126087069511414,-0.19047619047619047
C1_2,it0218,0.5529511570930481,0.4991379380226135,0.058823529411764705,0.11764705882352941,5.44,5.36,False,False,-0.05381321907043457,0.058823529411764705
C1_2,it0219,0.29490697383880615,0.16790615022182465,0.20588235294117646,0.23529411764705882,11.04,8.08,False,False,-0.1270008236169815,0.02941176470588236
C1_2,it0220,0.2051156759262085,0.22541193664073944,0.043478260869565216,0.2608695652173913,5.68,4.32,False,False,0.020296260714530945,0.21739130434782608
C1_2,it0221,0.23229539394378662,0.31409573554992676,0.23529411764705882,0.35294117647058826,9.76,13.44,False,False,0.08180034160614014,0.11764705882352944
C1_2,it0222,0.3337138593196869,0.17855539917945862,0.375,0.5,4.08,8.48,False,False,-0.15515846014022827,0.125
C1_2,it0223,0.5703065991401672,0.46845728158950806,0.3,0.2,8.4,10.96,False,False,-0.10184931755065918,-0.09999999999999998
C1_2,it0224,0.20487642288208008,0.22622977197170258,0.0,0.09523809523809523,5.76,6.0,False,False,0.021353349089622498,0.09523809523809523
C1_2,it0225,0.40952950716018677,0.44111424684524536,0.045454545454545456,0.0,8.16,6.4,False,False,0.031584739685058594,-0.045454545454545456
C1_2,it0226,0.3490269184112549,0.5200150609016418,0.10714285714285714,0.10714285714285714,8.4,6.64,False,False,0.17098814249038696,0.0
C1_2,it0227,0.22657150030136108,0.26272085309028625,0.3,0.6,5.36,4.96,False,False,0.03614935278892517,0.3
C1_2,it0228,0.646328866481781,0.6916430592536926,0.05555555555555555,0.16666666666666666,5.36,5.36,False,False,0.04531419277191162,0.1111111111111111
C1_2,it0229,0.18580380082130432,0.27814948558807373,0.13636363636363635,0.18181818181818182,6.64,6.88,False,False,0.09234568476676941,0.04545454545454547
C1_2,it0230,0.3676515221595764,0.5811599493026733,0.0,0.08,8.0,6.48,False,False,0.21350842714309692,0.08
C1_2,it0231,0.3999645709991455,0.32170969247817993,0.12903225806451613,0.0,10.0,10.64,False,False,-0.07825487852096558,-0.12903225806451613
C1_2,it0232,0.2039247453212738,0.26316845417022705,0.0,0.13636363636363635,6.88,6.32,False,False,0.05924370884895325,0.13636363636363635
C1_2,it0233,0.26098883152008057,0.24113959074020386,0.14285714285714285,0.14285714285714285,6.96,6.08,False,False,-0.01984924077987671,0.0
C1_2,it0234,0.5609810948371887,0.5067606568336487,0.2413793103448276,0.41379310344827586,10.64,8.8,False,False,-0.05422043800354004,0.17241379310344826
C1_2,it0235,0.2908593416213989,0.28256726264953613,0.2631578947368421,0.15789473684210525,6.24,8.64,False,False,-0.008292078971862793,-0.10526315789473684
C1_2,it0236,0.29951226711273193,0.3211771249771118,0.06666666666666667,0.26666666666666666,5.04,9.2,False,False,0.021664857864379883,0.2
C1_2,it0237,0.35477447509765625,0.38112062215805054,0.23529411764705882,0.11764705882352941,5.44,8.16,False,False,0.026346147060394287,-0.11764705882352941
C1_2,it0238,0.4415896534919739,0.4628273844718933,0.1875,0.125,5.12,3.84,False,False,0.021237730979919434,-0.0625
C1_2,it0239,0.4628971815109253,0.4658535122871399,0.06896551724137931,0.10344827586206896,8.56,7.2,False,False,0.0029563307762145996,0.034482758620689655
C1_2,it0240,0.21681030094623566,0.23465490341186523,0.0,0.0,4.08,3.28,False,False,0.017844602465629578,0.0
C1_2,it0241,0.41651344299316406,0.41388005018234253,0.4375,0.125,4.48,7.68,False,False,-0.002633392810821533,-0.3125
C1_2,it0242,0.32685741782188416,0.3742893934249878,0.3157894736842105,0.15789473684210525,6.48,6.32,False,False,0.04743197560310364,-0.15789473684210525
C1_2,it0243,0.4421801269054413,0.5446125864982605,0.15384615384615385,0.07692307692307693,4.24,6.96,False,False,0.10243245959281921,-0.07692307692307693
C1_2,it0244,0.27084439992904663,0.16114969551563263,0.0,0.1875,5.04,4.32,False,False,-0.109694704413414,0.1875
C1_2,it0245,0.5554144978523254,0.47109007835388184,0.11764705882352941,0.11764705882352941,5.12,4.48,False,False,-0.0843244194984436,0.0
C1_2,it0246,0.36871039867401123,0.45315757393836975,0.13636363636363635,0.45454545454545453,12.56,13.44,False,False,0.08444717526435852,0.3181818181818182
C1_2,it0247,0.2512310743331909,0.3755495548248291,0.23529411764705882,0.23529411764705882,5.68,7.28,False,False,0.12431848049163818,0.0
C1_2,it0248,0.3926844894886017,0.2364099621772766,0.3448275862068966,0.20689655172413793,8.16,8.16,False,False,-0.15627452731132507,-0.13793103448275865
C1_2,it0249,0.4501939117908478,0.32636210322380066,0.45,0.35,6.64,5.92,False,False,-0.12383180856704712,-0.10000000000000003
C1_2,it0250,0.32071784138679504,0.33607685565948486,0.38095238095238093,0.2857142857142857,13.76,14.96,False,False,0.01535901427268982,-0.09523809523809523
C1_2,it0251,0.34441474080085754,0.4713227152824402,0.15625,0.15625,8.16,11.44,False,False,0.12690797448158264,0.0
C1_2,it0252,0.32880333065986633,0.28833234310150146,0.3333333333333333,0.0,4.24,7.76,False,False,-0.04047098755836487,-0.3333333333333333
C1_2,it0253,0.3296654224395752,0.6132066249847412,0.5384615384615384,0.15384615384615385,4.24,6.08,False,False,0.283541202545166,-0.3846153846153846
C1_2,it0254,0.3426486849784851,0.47225621342658997,0.06666666666666667,0.23333333333333334,10.08,7.28,False,False,0.12960752844810486,0.16666666666666669
C1_2,it0255,0.4159284234046936,0.3961990773677826,0.3548387096774194,0.03225806451612903,11.04,12.72,False,False,-0.01972934603691101,-0.32258064516129037
C1_2,it0256,0.3499113619327545,0.226023867726326,0.08823529411764706,0.5,9.6,11.52,False,False,-0.12388749420642853,0.4117647058823529
C1_2,it0257,0.3284566402435303,0.30275803804397583,0.0,0.03571428571428571,7.68,7.68,False,False,-0.025698602199554443,0.03571428571428571
C1_2,it0258,0.6029531359672546,0.5839812159538269,0.2857142857142857,0.0,6.48,8.4,False,False,-0.018971920013427734,-0.2857142857142857
C1_2,it0259,0.3605324327945709,0.4577350616455078,0.20408163265306123,0.16326530612244897,13.28,11.2,False,False,0.09720262885093689,-0.04081632653061226
C1_2,it0260,0.4171510338783264,0.4775533378124237,0.13333333333333333,0.06666666666666667,4.48,6.56,False,False,0.06040230393409729,-0.06666666666666667
C1_2,it0261,0.53171706199646,0.4251719117164612,0.14814814814814814,0.3333333333333333,11.44,8.64,False,False,-0.10654515027999878,0.18518518518518517
C1_2,it0262,0.3636104166507721,0.37052708864212036,0.14814814814814814,0.3333333333333333,8.16,6.96,False,False,0.006916671991348267,0.18518518518518517
C1_2,it0263,0.4609854519367218,0.480843186378479,0.0,0.15,5.68,5.6,False,False,0.019857734441757202,0.15
C1_2,it0264,0.3264337182044983,0.4044414162635803,0.125,0.1875,4.72,5.84,False,False,0.07800769805908203,0.0625
C1_2,it0265,0.19663621485233307,0.4524449110031128,0.3055555555555556,0.3611111111111111,11.76,14.96,False,False,0.2558086961507797,0.055555555555555525
C1_2,it0266,0.4029589891433716,0.3364715576171875,0.12,0.08,7.92,8.24,False,False,-0.06648743152618408,-0.039999999999999994
C1_2,it0267,0.3294970393180847,0.3478900194168091,0.037037037037037035,0.037037037037037035,8.56,10.4,False,False,0.018392980098724365,0.0
C1_2,it0268,0.32680743932724,0.4279255270957947,0.36363636363636365,0.2727272727272727,9.36,9.92,False,False,0.10111808776855469,-0.09090909090909094
C1_2,it0269,0.3761470317840576,0.4246142506599426,0.25,0.2916666666666667,7.76,5.76,False,False,0.04846721887588501,0.041666666666666685
C1_2,it0270,0.6157772541046143,0.5299615859985352,0.15384615384615385,0.1794871794871795,11.6,8.72,False,False,-0.0858156681060791,0.025641025641025633
C1_2,it0271,0.4277532398700714,0.5023118853569031,0.5333333333333333,0.13333333333333333,4.24,8.56,False,False,0.07455864548683167,-0.4
C1_2,it0272,0.1584300845861435,0.23985116183757782,0.3235294117647059,0.14705882352941177,9.2,8.56,False,False,0.08142107725143433,-0.17647058823529413
C1_2,it0273,0.2647806406021118,0.31963881850242615,0.05555555555555555,0.0,5.92,5.12,False,False,0.05485817790031433,-0.05555555555555555
C1_2,it0274,0.28060483932495117,0.2407481074333191,0.15384615384615385,0.19230769230769232,10.32,7.2,False,False,-0.03985673189163208,0.038461538461538464
C1_2,it0275,0.5434613227844238,0.6533558964729309,0.1875,0.125,7.68,7.28,False,False,0.10989457368850708,-0.0625
C1_2,it0276,0.4701148271560669,0.44986507296562195,0.16666666666666666,0.5,4.08,4.32,False,False,-0.020249754190444946,0.33333333333333337
C1_2,it0277,0.3283746540546417,0.28932589292526245,0.20833333333333334,0.3125,13.52,10.08,False,False,-0.03904876112937927,0.10416666666666666
C1_2,it0278,0.1772897094488144,0.184111550450325,0.25,0.21428571428571427,7.92,8.64,False,False,0.00682184100151062,-0.035714285714285726
C1_2,it0279,0.5079585313796997,0.5424387454986572,0.3684210526315789,0.4473684210526316,12.16,12.48,False,False,0.03448021411895752,0.07894736842105265
C1_2,it0280,0.24583515524864197,0.2920059263706207,0.05555555555555555,0.2777777777777778,6.4,5.36,False,False,0.04617077112197876,0.22222222222222224
C1_2,it0281,0.17587712407112122,0.2310153990983963,0.45454545454545453,0.36363636363636365,4.0,2.72,False,False,0.055138275027275085,-0.09090909090909088
C1_2,it0282,0.45255646109580994,0.5030820965766907,0.24,0.12,6.32,6.4,False,False,0.05052563548088074,-0.12
C1_2,it0283,0.44850224256515503,0.4478522539138794,0.125,0.1875,5.36,4.56,False,False,-0.0006499886512756348,0.0625
C1_2,it0284,0.19653956592082977,0.203485369682312,0.11538461538461539,0.3076923076923077,8.88,7.92,False,False,0.006945803761482239,0.19230769230769232
C1_2,it0285,0.47110819816589355,0.49054205417633057,0.24390243902439024,0.07317073170731707,13.2,12.88,False,False,0.01943385601043701,-0.17073170731707316
C1_2,it0286,0.18650220334529877,0.2129106968641281,0.32142857142857145,0.2857142857142857,8.48,8.56,False,False,0.026408493518829346,-0.035714285714285754
C1_2,it0287,0.6528526544570923,0.5812860727310181,0.2727272727272727,0.4090909090909091,7.84,8.96,False,False,-0.07156658172607422,0.1363636363636364
C1_2,it0288,0.5265853404998779,0.5861963629722595,0.5909090909090909,0.1590909090909091,14.24,13.68,False,False,0.05961102247238159,-0.4318181818181819
C1_2,it0289,0.4573139250278473,0.4793032705783844,0.16666666666666666,0.5,5.68,9.52,False,False,0.02198934555053711,0.33333333333333337
C1_2,it0290,0.19918712973594666,0.2781093120574951,0.23809523809523808,0.2857142857142857,12.08,11.28,False,False,0.07892218232154846,0.047619047619047616
C1_2,it0291,0.12750861048698425,0.21028095483779907,0.0,0.5,5.44,9.28,False,False,0.08277234435081482,0.5
C1_2,it0292,0.22661612927913666,0.24986532330513,0.14285714285714285,0.11428571428571428,11.12,9.36,False,False,0.023249194025993347,-0.028571428571428567
C1_2,it0293,0.3852559030056,0.3438613712787628,0.16666666666666666,0.08333333333333333,6.56,5.36,False,False,-0.04139453172683716,-0.08333333333333333
C1_2,it0294,0.28743913769721985,0.17649593949317932,0.05555555555555555,0.0,6.48,7.28,False,False,-0.11094319820404053,-0.05555555555555555
C1_2,it0295,0.4648262858390808,0.45924681425094604,0.16981132075471697,0.3018867924528302,14.24,11.68,False,False,-0.005579471588134766,0.1320754716981132
C1_2,it0296,0.4795464277267456,0.4067288339138031,0.15625,0.25,13.44,8.72,False,False,-0.0728175938129425,0.09375
C1_2,it0297,0.19360095262527466,0.21686266362667084,0.28,0.28,7.44,8.48,False,False,0.02326171100139618,0.0
C1_2,it0298,0.4376869797706604,0.5379247069358826,0.5,0.375,6.08,4.16,False,False,0.10023772716522217,-0.125
C1_2,it0299,0.5732846856117249,0.47489675879478455,0.14285714285714285,0.11428571428571428,11.36,10.56,False,False,-0.09838792681694031,-0.028571428571428567
C1_2,it0300,0.3969374895095825,0.3178650438785553,0.0625,0.0,6.32,5.6,False,False,-0.07907244563102722,-0.0625
C1_2,it0301,0.5001951456069946,0.4576980173587799,0.375,0.28125,9.84,9.28,False,False,-0.04249712824821472,-0.09375
C1_2,it0302,0.536636471748352,0.5645313858985901,0.2619047619047619,0.35714285714285715,11.28,13.68,False,False,0.027894914150238037,0.09523809523809523
C1_2,it0303,0.3508579134941101,0.3900917172431946,0.3,0.2,6.56,6.64,False,False,0.03923380374908447,-0.09999999999999998
C1_2,it0304,0.40024372935295105,0.44022297859191895,0.15384615384615385,0.23076923076923078,5.44,4.96,False,False,0.039979249238967896,0.07692307692307693
C1_2,it0305,0.3254537880420685,0.4226612448692322,0.15555555555555556,0.1111111111111111,12.8,14.96,False,False,0.0972074568271637,-0.04444444444444445
C1_2,it0306,0.3845001757144928,0.3174196779727936,0.23809523809523808,0.14285714285714285,6.56,6.72,False,False,-0.06708049774169922,-0.09523809523809523
C1_2,it0307,0.33167505264282227,0.2541044354438782,0.07142857142857142,0.21428571428571427,5.04,6.72,False,False,-0.07757061719894409,0.14285714285714285
C1_2,it0308,0.4430459141731262,0.34842449426651,0.11764705882352941,0.2647058823529412,10.4,7.52,False,False,-0.09462141990661621,0.14705882352941177
C1_2,it0309,0.5983697772026062,0.4190806448459625,0.07692307692307693,0.23076923076923078,5.2,3.84,False,False,-0.17928913235664368,0.15384615384615385
C1_2,it0310,0.43606483936309814,0.4509584307670593,0.5333333333333333,0.4,8.48,5.52,False,False,0.014893591403961182,-0.1333333333333333
C1_2,it0311,0.31966865062713623,0.36669665575027466,0.3333333333333333,0.38095238095238093,5.84,3.44,False,False,0.04702800512313843,0.047619047619047616
C1_2,it0312,0.5664765238761902,0.6959917545318604,0.3333333333333333,0.21428571428571427,12.24,12.4,False,False,0.12951523065567017,-0.11904761904761904
C1_2,it0313,0.5245725512504578,0.5244507789611816,0.17647058823529413,0.17647058823529413,4.96,7.76,False,False,-0.00012177228927612305,0.0
C1_2,it0314,0.19633564352989197,0.14535632729530334,0.16,0.28,6.32,5.76,False,False,-0.05097931623458862,0.12000000000000002
C1_2,it0315,0.18978753685951233,0.3767648935317993,0.12,0.2,7.92,8.0,False,False,0.186977356672287,0.08000000000000002
C1_2,it0316,0.22369837760925293,0.33659160137176514,0.2708333333333333,0.20833333333333334,13.28,14.96,False,False,0.11289322376251221,-0.06249999999999997
C1_2,it0317,0.39972859621047974,0.3408319354057312,0.037037037037037035,0.14814814814814814,8.16,9.28,False,False,-0.058896660804748535,0.1111111111111111
C1_2,it0318,0.1440374255180359,0.22988519072532654,0.25,0.8125,5.04,13.84,False,False,0.08584776520729065,0.5625
C1_2,it0319,0.325237900018692,0.43102866411209106,0.15789473684210525,0.05263157894736842,5.6,8.48,False,False,0.10579076409339905,-0.10526315789473684
C1_2,it0320,0.5822276473045349,0.5493995547294617,0.19230769230769232,0.15384615384615385,8.0,8.32,False,False,-0.03282809257507324,-0.038461538461538464
C1_2,it0321,0.14385755360126495,0.15654920041561127,0.0,0.0,5.12,4.08,False,False,0.012691646814346313,0.0
C1_2,it0322,0.4856864809989929,0.3897205591201782,0.4117647058823529,0.8823529411764706,4.72,12.56,False,False,-0.0959659218788147,0.47058823529411764
C1_2,it0323,0.5683448910713196,0.4772818684577942,0.05,0.15,6.96,9.04,False,False,-0.09106302261352539,0.09999999999999999
C1_2,it0324,0.5022449493408203,0.49350404739379883,0.0,0.1111111111111111,5.92,6.08,False,False,-0.008740901947021484,0.1111111111111111
C1_2,it0325,0.15166358649730682,0.27745309472084045,0.1590909090909091,0.18181818181818182,12.8,12.0,False,False,0.12578950822353363,0.022727272727272735
C1_2,it0326,0.14777424931526184,0.3405488431453705,0.16666666666666666,0.08333333333333333,5.92,7.04,False,False,0.19277459383010864,-0.08333333333333333
C1_2,it0327,0.2280764877796173,0.4331921935081482,0.3333333333333333,0.5333333333333333,4.56,4.48,False,False,0.20511570572853088,0.2
C1_2,it0328,0.4913581311702728,0.6024242639541626,0.1724137931034483,0.41379310344827586,8.0,5.36,False,False,0.11106613278388977,0.24137931034482757
C1_2,it0329,0.4348295032978058,0.2713403105735779,0.3333333333333333,0.4166666666666667,4.24,8.4,False,False,-0.1634891927242279,0.08333333333333337
C1_2,it0330,0.5110576152801514,0.5196042656898499,0.058823529411764705,0.0,9.6,8.32,False,False,0.008546650409698486,-0.058823529411764705
C1_2,it0331,0.36425715684890747,0.25678175687789917,0.07407407407407407,0.1111111111111111,8.88,11.68,False,False,-0.1074753999710083,0.037037037037037035
C1_2,it0332,0.3217455744743347,0.4158244729042053,0.16666666666666666,0.16666666666666666,4.0,5.36,False,False,0.0940788984298706,0.0
C1_2,it0333,0.5890016555786133,0.6000867486000061,0.12195121951219512,0.12195121951219512,12.24,12.88,False,False,0.011085093021392822,0.0
C1_2,it0334,0.29587194323539734,0.2912626266479492,0.20833333333333334,0.125,13.76,14.96,False,False,-0.00460931658744812,-0.08333333333333334
C1_2,it0335,0.3673069477081299,0.4518231153488159,0.14285714285714285,0.21428571428571427,4.48,5.76,False,False,0.08451616764068604,0.07142857142857142
C1_2,it0336,0.5557836890220642,0.5687940716743469,0.11428571428571428,0.08571428571428572,11.84,9.44,False,False,0.013010382652282715,-0.028571428571428567
C1_2,it0337,0.33222898840904236,0.22645053267478943,0.23076923076923078,0.07692307692307693,13.44,12.64,False,False,-0.10577845573425293,-0.15384615384615385
C1_2,it0338,0.37005624175071716,0.37029746174812317,0.11764705882352941,0.11764705882352941,6.24,6.56,False,False,0.00024121999740600586,0.0
C1_2,it0339,0.31444501876831055,0.34550055861473083,0.04,0.16,7.2,8.16,False,False,0.031055539846420288,0.12
C1_2,it0340,0.21761247515678406,0.3092852830886841,0.07692307692307693,0.38461538461538464,4.16,4.72,False,False,0.09167280793190002,0.3076923076923077
C1_2,it0341,0.5775288939476013,0.6530790328979492,0.0,0.07142857142857142,8.88,7.92,False,False,0.0755501389503479,0.07142857142857142
C1_2,it0342,0.36589568853378296,0.33032840490341187,0.0625,0.0625,6.88,7.76,False,False,-0.035567283630371094,0.0
C1_2,it0343,0.1263377070426941,0.28585392236709595,0.4,0.15555555555555556,13.76,10.72,False,False,0.15951621532440186,-0.24444444444444446
C1_2,it0344,0.5500480532646179,0.5163171887397766,0.38461538461538464,0.2692307692307692,8.16,5.44,False,False,-0.03373086452484131,-0.11538461538461542
C1_2,it0345,0.21096786856651306,0.18951714038848877,0.48148148148148145,0.5925925925925926,7.52,5.84,False,False,-0.021450728178024292,0.1111111111111111
C1_2,it0346,0.36044877767562866,0.4691539406776428,0.21739130434782608,0.043478260869565216,6.96,5.12,False,False,0.10870516300201416,-0.17391304347826086
C1_2,it0347,0.44546282291412354,0.5384857058525085,0.28205128205128205,0.15384615384615385,11.76,13.76,False,False,0.09302288293838501,-0.1282051282051282
C1_2,it0348,0.24351051449775696,0.3480413854122162,0.13333333333333333,0.26666666666666666,4.08,4.0,False,False,0.10453087091445923,0.13333333333333333
C1_2,it0349,0.468772292137146,0.2667989134788513,0.12121212121212122,0.15151515151515152,12.16,14.96,False,False,-0.20197337865829468,0.030303030303030304
C1_2,it0350,0.5007423162460327,0.30478376150131226,0.14285714285714285,0.14285714285714285,7.44,9.2,False,False,-0.19595855474472046,0.0
C1_2,it0351,0.2757737934589386,0.30838045477867126,0.13636363636363635,0.0,8.4,11.6,False,False,0.032606661319732666,-0.13636363636363635
C1_2,it0352,0.27303239703178406,0.3584553599357605,0.041666666666666664,0.125,8.64,8.08,False,False,0.08542296290397644,0.08333333333333334
C1_2,it0353,0.185482457280159,0.19635021686553955,0.0,0.0,6.8,7.6,False,False,0.010867759585380554,0.0
C1_2,it0354,0.3972530961036682,0.47887521982192993,0.1,0.2,6.0,6.08,False,False,0.08162212371826172,0.1
C1_2,it0355,0.43957608938217163,0.4365133047103882,0.1111111111111111,0.1111111111111111,9.12,7.12,False,False,-0.0030627846717834473,0.0
C1_2,it0356,0.2442149817943573,0.3449835181236267,0.07692307692307693,0.3076923076923077,4.48,4.88,False,False,0.10076853632926941,0.23076923076923078
C1_2,it0357,0.4063742160797119,0.5218334197998047,0.13333333333333333,0.3,8.32,6.56,False,False,0.11545920372009277,0.16666666666666666
C1_2,it0358,0.34315598011016846,0.3054136633872986,0.13043478260869565,0.17391304347826086,8.96,8.48,False,False,-0.03774231672286987,0.043478260869565216
C1_2,it0359,0.5605965256690979,0.504963219165802,0.25,0.3409090909090909,13.52,10.4,False,False,-0.0556333065032959,0.09090909090909088
C1_2,it0360,0.5254791378974915,0.47632694244384766,0.0,0.21739130434782608,6.96,7.76,False,False,-0.0491521954536438,0.21739130434782608
C1_2,it0361,0.18986865878105164,0.10986404120922089,0.058823529411764705,0.29411764705882354,6.4,5.52,False,False,-0.08000461757183075,0.23529411764705882
C1_2,it0362,0.3489415943622589,0.45856785774230957,0.06666666666666667,0.06666666666666667,4.16,5.04,False,False,0.10962626338005066,0.0
C1_2,it0363,0.4876450002193451,0.5149977803230286,0.24390243902439024,0.2926829268292683,12.64,13.36,False,False,0.02735278010368347,0.04878048780487804
C1_2,it0364,0.5691935420036316,0.5674600601196289,0.16,0.2,8.4,8.56,False,False,-0.0017334818840026855,0.04000000000000001
C1_2,it0365,0.4704033434391022,0.39307767152786255,0.1,0.0,4.56,5.04,False,False,-0.07732567191123962,-0.1
C1_2,it0366,0.2869548201560974,0.3323879539966583,0.38461538461538464,0.23076923076923078,9.04,7.68,False,False,0.04543313384056091,-0.15384615384615385
C1_2,it0367,0.22574880719184875,0.1492016315460205,0.32,0.1,14.64,14.96,False,False,-0.07654717564582825,-0.22
C1_2,it0368,0.36194977164268494,0.35231098532676697,0.19047619047619047,0.14285714285714285,6.24,5.92,False,False,-0.009638786315917969,-0.047619047619047616
C1_2,it0369,0.35911381244659424,0.2859625518321991,0.0625,0.0625,4.72,6.08,False,False,-0.07315126061439514,0.0
C1_2,it0370,0.557047963142395,0.4893823564052582,0.12,0.16,9.68,13.44,False,False,-0.06766560673713684,0.04000000000000001
C1_2,it0371,0.14078035950660706,0.03239645063877106,0.125,0.65625,9.12,14.96,False,False,-0.108383908867836,0.53125
C1_2,it0372,0.5657658576965332,0.5815706253051758,0.06896551724137931,0.1724137931034483,8.4,7.6,False,False,0.015804767608642578,0.10344827586206898
C1_2,it0373,0.5641903877258301,0.43825215101242065,0.07407407407407407,0.0,10.24,13.28,False,False,-0.12593823671340942,-0.07407407407407407
C1_2,it0374,0.33506089448928833,0.24680116772651672,0.16666666666666666,0.05555555555555555,5.68,5.92,False,False,-0.0882597267627716,-0.1111111111111111
C1_2,it0375,0.15667381882667542,0.22741691768169403,0.13333333333333333,0.4,4.0,4.24,False,False,0.07074309885501862,0.2666666666666667
C1_2,it0376,0.39031243324279785,0.3910040259361267,0.16666666666666666,0.05555555555555555,6.24,6.0,False,False,0.0006915926933288574,-0.1111111111111111
C1_2,it0377,0.30735695362091064,0.30353468656539917,0.36,0.12,7.84,10.08,False,False,-0.0038222670555114746,-0.24
C1_2,it0378,0.5094372034072876,0.5087772607803345,0.26666666666666666,0.26666666666666666,5.04,12.4,False,False,-0.000659942626953125,0.0
C1_2,it0379,0.20878292620182037,0.34231287240982056,0.10526315789473684,0.0,5.28,6.48,False,False,0.13352994620800018,-0.10526315789473684
C1_2,it0380,0.24210059642791748,0.2762041389942169,0.10526315789473684,0.3157894736842105,4.88,5.44,False,False,0.03410354256629944,0.21052631578947367
C1_2,it0381,0.5179396271705627,0.5799546837806702,0.23076923076923078,0.0,4.8,6.24,False,False,0.06201505661010742,-0.23076923076923078
C1_2,it0382,0.42019790410995483,0.4252917170524597,0.09090909090909091,0.5,6.72,11.76,False,False,0.005093812942504883,0.40909090909090906
C1_2,it0383,0.1845329999923706,0.2678028345108032,0.23076923076923078,0.20512820512820512,10.56,10.56,False,False,0.08326983451843262,-0.02564102564102566
C1_2,it0384,0.18164081871509552,0.18059049546718597,0.4,0.2,4.0,4.4,False,False,-0.001050323247909546,-0.2
C1_2,it0385,0.24243706464767456,0.21077045798301697,0.16666666666666666,0.25,4.24,7.28,False,False,-0.03166660666465759,0.08333333333333334
C1_2,it0386,0.49001362919807434,0.5435323715209961,0.14285714285714285,0.07142857142857142,4.72,4.08,False,False,0.05351874232292175,-0.07142857142857142
C1_2,it0387,0.37479889392852783,0.4069945216178894,0.09090909090909091,0.12121212121212122,11.36,12.8,False,False,0.03219562768936157,0.030303030303030304
C1_2,it0388,0.38870611786842346,0.4662582278251648,0.10526315789473684,0.15789473684210525,6.64,6.32,False,False,0.07755210995674133,0.05263157894736842
C1_2,it0389,0.6725233197212219,0.6752750277519226,0.15217391304347827,0.2391304347826087,14.48,14.96,False,False,0.0027517080307006836,0.08695652173913043
C1_2,it0390,0.3506407141685486,0.41074416041374207,0.13953488372093023,0.23255813953488372,11.76,13.2,False,False,0.06010344624519348,0.09302325581395349
C1_2,it0391,0.39947250485420227,0.453302800655365,0.2608695652173913,0.5217391304347826,8.96,9.92,False,False,0.05383029580116272,0.2608695652173913
C1_2,it0392,0.29341429471969604,0.19679591059684753,0.14285714285714285,0.047619047619047616,7.68,7.6,False,False,-0.09661838412284851,-0.09523809523809523
C1_2,it0393,0.252579003572464,0.20742717385292053,0.23076923076923078,0.0,4.88,6.16,False,False,-0.04515182971954346,-0.23076923076923078
C1_2,it0394,0.5497304797172546,0.4814816415309906,0.04,0.04,6.8,7.6,False,False,-0.06824883818626404,0.0
C1_2,it0395,0.1438886523246765,0.1372070014476776,0.4117647058823529,0.9411764705882353,5.68,4.88,False,False,-0.006681650876998901,0.5294117647058824
C1_2,it0396,0.46616899967193604,0.6110284924507141,0.05,0.2,6.24,6.96,False,False,0.14485949277877808,0.15000000000000002
C1_2,it0397,0.3291037678718567,0.33081746101379395,0.05263157894736842,0.05263157894736842,6.4,7.04,False,False,0.0017136931419372559,0.0
C1_2,it0398,0.44740861654281616,0.37089765071868896,0.1,0.45,6.48,4.32,False,False,-0.0765109658241272,0.35
C1_2,it0399,0.34934648871421814,0.26727867126464844,0.16666666666666666,0.2777777777777778,5.12,5.84,False,False,-0.0820678174495697,0.11111111111111113
C2_0,it0000,0.3433471620082855,0.5084025263786316,0.10869565217391304,0.043478260869565216,12.16,9.44,False,False,0.16505536437034607,-0.06521739130434782
C2_0,it0001,0.22066369652748108,0.1797373741865158,0.2777777777777778,0.2777777777777778,4.96,9.84,False,False,-0.04092632234096527,0.0
C2_0,it0002,0.2645251154899597,0.4007548391819,0.2,0.3333333333333333,5.12,12.32,False,False,0.1362297236919403,0.1333333333333333
C2_0,it0003,0.26504698395729065,0.24894240498542786,0.06666666666666667,0.13333333333333333,5.2,7.28,False,False,-0.016104578971862793,0.06666666666666667
C2_0,it0004,0.2932577133178711,0.3284463584423065,0.125,0.3125,5.2,4.8,False,False,0.035188645124435425,0.1875
C2_0,it0005,0.43297621607780457,0.533998966217041,0.0,0.037037037037037035,7.2,8.32,False,False,0.10102275013923645,0.037037037037037035
C2_0,it0006,0.24277406930923462,0.37743455171585083,0.05555555555555555,0.16666666666666666,6.48,7.2,False,False,0.1346604824066162,0.1111111111111111
C2_0,it0007,0.4090944230556488,0.35864636301994324,0.09090909090909091,0.18181818181818182,13.52,8.96,False,False,-0.050448060035705566,0.09090909090909091
C2_0,it0008,0.1680336743593216,0.27881303429603577,0.2857142857142857,0.2857142857142857,6.4,5.92,False,False,0.11077935993671417,0.0
C2_0,it0009,0.5140025615692139,0.5566539168357849,0.0,0.07407407407407407,7.84,6.32,False,False,0.042651355266571045,0.07407407407407407
C2_0,it0010,0.5049800872802734,0.549750804901123,0.16666666666666666,0.3333333333333333,6.88,6.08,False,False,0.04477071762084961,0.16666666666666666
C2_0,it0011,0.35840970277786255,0.4450840950012207,0.043478260869565216,0.08695652173913043,8.08,9.68,False,False,0.08667439222335815,0.043478260869565216
C2_0,it0012,0.3056981563568115,0.19671444594860077,0.6551724137931034,0.8620689655172413,8.72,6.4,False,False,-0.10898371040821075,0.2068965517241379
C2_0,it0013,0.5912383794784546,0.46495532989501953,0.1111111111111111,0.25925925925925924,9.12,12.24,False,False,-0.12628304958343506,0.14814814814814814
C2_0,it0014,0.3286422789096832,0.29907989501953125,0.0,0.2,5.68,5.2,False,False,-0.029562383890151978,0.2
C2_0,it0015,0.45339757204055786,0.5032167434692383,0.11764705882352941,0.11764705882352941,4.24,3.28,False,False,0.04981917142868042,0.0
C2_0,it0016,0.31148561835289,0.47801458835601807,0.17647058823529413,0.058823529411764705,9.28,9.2,False,False,0.16652897000312805,-0.11764705882352942
C2_0,it0017,0.359870046377182,0.464719295501709,0.06666666666666667,0.13333333333333333,4.32,3.52,False,False,0.10484924912452698,0.06666666666666667
C2_0,it0018,0.1260061264038086,0.25501808524131775,0.029411764705882353,0.14705882352941177,10.0,9.76,False,False,0.12901195883750916,0.11764705882352941
C2_0,it0019,0.5198224186897278,0.5299179553985596,0.043478260869565216,0.2608695652173913,12.56,10.16,False,False,0.010095536708831787,0.21739130434782608
C2_0,it0020,0.07279983162879944,0.2835288643836975,0.7692307692307693,0.3076923076923077,4.24,4.64,False,False,0.21072903275489807,-0.46153846153846156
C2_0,it0021,0.4761442542076111,0.45558324456214905,0.24242424242424243,0.21212121212121213,9.76,11.52,False,False,-0.020561009645462036,-0.030303030303030304
C2_0,it0022,0.4249505400657654,0.47135278582572937,0.45,0.5,12.24,14.96,False,False,0.04640224575996399,0.04999999999999999
C2_0,it0023,0.5595247745513916,0.5452724695205688,0.3888888888888889,0.6111111111111112,4.88,3.84,False,False,-0.014252305030822754,0.22222222222222227
C2_0,it0024,0.41180431842803955,0.4204999506473541,0.21428571428571427,0.14285714285714285,4.56,4.4,False,False,0.008695632219314575,-0.07142857142857142
C2_0,it0025,0.5434966087341309,0.4956763684749603,0.3,0.35,6.48,4.32,False,False,-0.04782024025917053,0.04999999999999999
C2_0,it0026,0.2587658166885376,0.3481590747833252,0.125,0.0,4.48,4.16,False,False,0.0893932580947876,-0.125
C2_0,it0027,0.49127209186553955,0.6584224104881287,0.0625,0.1875,5.04,4.88,False,False,0.1671503186225891,0.125
C2_0,it0028,0.5583723187446594,0.5199868083000183,0.23809523809523808,0.11904761904761904,12.56,9.92,False,False,-0.03838551044464111,-0.11904761904761904
C2_0,it0029,0.4660329520702362,0.3546987771987915,0.0,0.0,4.56,4.56,False,False,-0.1113341748714447,0.0
C2_0,it0030,0.3470269739627838,0.39952901005744934,0.2,0.12,7.44,5.84,False,False,0.05250203609466553,-0.08000000000000002
C2_0,it0031,0.2478226125240326,0.23204293847084045,0.16666666666666666,0.1111111111111111,5.68,6.96,False,False,-0.01577967405319214,-0.05555555555555555
C2_0,it0032,0.5941610932350159,0.43017593026161194,0.4074074074074074,0.3333333333333333,8.56,7.36,False,False,-0.16398516297340393,-0.07407407407407407
C2_0,it0033,0.013692675158381462,0.17194050550460815,0.15384615384615385,0.23076923076923078,4.72,6.16,False,False,0.1582478303462267,0.07692307692307693
C2_0,it0034,0.40339547395706177,0.40270981192588806,0.4,0.1,9.28,12.4,False,False,-0.0006856620311737061,-0.30000000000000004
C2_0,it0035,0.15663419663906097,0.16484232246875763,1.0,0.6153846153846154,5.36,3.92,False,False,0.008208125829696655,-0.3846153846153846
C2_0,it0036,0.4796123802661896,0.273298978805542,0.0,0.4444444444444444,5.52,3.36,False,False,-0.20631340146064758,0.4444444444444444
C2_0,it0037,0.49372899532318115,0.34468787908554077,0.06666666666666667,0.26666666666666666,5.68,8.88,False,False,-0.14904111623764038,0.2
C2_0,it0038,0.22438746690750122,0.10184872150421143,0.2702702702702703,0.1891891891891892,13.92,14.96,False,False,-0.1225387454032898,-0.08108108108108109
C2_0,it0039,0.448621928691864,0.3033415675163269,0.36585365853658536,0.21951219512195122,13.6,14.96,False,False,-0.1452803611755371,-0.14634146341463414
C2_0,it0040,0.28449416160583496,0.0462685190141201,0.26666666666666666,0.0,4.48,6.32,False,False,-0.23822564259171486,-0.26666666666666666
C2_0,it0041,0.2971152365207672,0.3684539794921875,0.13636363636363635,0.18181818181818182,7.36,6.72,False,False,0.07133874297142029,0.04545454545454547
C2_0,it0042,0.3378681242465973,0.38273394107818604,0.5185185185185185,0.3333333333333333,8.64,8.64,False,False,0.044865816831588745,-0.18518518518518517
C2_0,it0043,0.05403055250644684,0.20667533576488495,0.3076923076923077,0.038461538461538464,7.68,6.72,False,False,0.1526447832584381,-0.2692307692307693
C2_0,it0044,0.36369144916534424,0.5518423318862915,0.68,0.96,7.36,6.8,False,False,0.18815088272094727,0.2799999999999999
C2_0,it0045,0.3209476172924042,0.2655896544456482,0.23333333333333334,0.6,9.84,7.68,False,False,-0.05535796284675598,0.36666666666666664
C2_0,it0046,0.2203150987625122,0.2341300994157791,0.125,0.375,5.92,5.52,False,False,0.013815000653266907,0.25
C2_0,it0047,0.3587816655635834,0.20598618686199188,0.55,0.55,8.56,9.44,False,False,-0.1527954787015915,0.0
C2_0,it0048,0.4792199432849884,0.43560856580734253,0.125,0.1875,4.64,10.16,False,False,-0.043611377477645874,0.0625
C2_0,it0049,0.506426990032196,0.6102009415626526,0.45454545454545453,0.4090909090909091,5.92,7.44,False,False,0.10377395153045654,-0.045454545454545414
C2_0,it0050,-0.059601739048957825,0.056236688047647476,0.36363636363636365,0.5454545454545454,5.76,9.6,False,False,0.1158384270966053,0.18181818181818177
C2_0,it0051,0.432114839553833,0.4290384352207184,0.10344827586206896,0.1724137931034483,10.08,7.52,False,False,-0.003076404333114624,0.06896551724137932
C2_0,it0052,0.29414087533950806,0.14417392015457153,0.0,0.0,4.24,6.0,False,False,-0.14996695518493652,0.0
C2_0,it0053,0.25488850474357605,0.06856459379196167,0.3783783783783784,0.32432432432432434,12.56,10.88,False,False,-0.18632391095161438,-0.05405405405405406
C2_0,it0054,0.1298835277557373,-0.027340492233633995,0.0,0.25,6.48,6.0,False,False,-0.1572240199893713,0.25
C2_0,it0055,0.511563777923584,0.5097446441650391,0.11538461538461539,0.15384615384615385,7.2,8.56,False,False,-0.0018191337585449219,0.038461538461538464
C2_0,it0056,0.26247096061706543,0.1886720359325409,0.25,0.3,7.52,10.0,False,False,-0.07379892468452454,0.04999999999999999
C2_0,it0057,0.3098750710487366,0.3123520612716675,0.35294117647058826,0.29411764705882354,10.72,7.12,False,False,0.002476990222930908,-0.05882352941176472
C2_0,it0058,0.2859213054180145,0.4388465881347656,0.25,0.25,4.56,4.0,False,False,0.1529252827167511,0.0
C2_0,it0059,0.4821590185165405,0.5481982231140137,0.10714285714285714,0.6785714285714286,8.16,5.84,False,False,0.06603920459747314,0.5714285714285715
C2_0,it0060,0.35944730043411255,0.30695149302482605,0.058823529411764705,0.11764705882352941,5.12,5.92,False,False,-0.0524958074092865,0.058823529411764705
C2_0,it0061,0.6293068528175354,0.596412718296051,0.05714285714285714,0.0,9.84,7.12,False,False,-0.032894134521484375,-0.05714285714285714
C2_0,it0062,0.5057330131530762,0.6045870184898376,0.047619047619047616,0.0,6.16,8.24,False,False,0.09885400533676147,-0.047619047619047616
C2_0,it0063,0.3083941340446472,0.3245059847831726,0.27586206896551724,0.7241379310344828,9.12,14.96,False,False,0.01611185073852539,0.4482758620689655
C2_0,it0064,0.41744354367256165,0.3595193028450012,0.7222222222222222,0.16666666666666666,5.44,5.28,False,False,-0.057924240827560425,-0.5555555555555556
C2_0,it0065,0.481428861618042,0.5742003321647644,0.3076923076923077,0.07692307692307693,10.8,8.8,False,False,0.09277147054672241,-0.23076923076923078
C2_0,it0066,0.39669328927993774,0.20444627106189728,0.6666666666666666,0.19047619047619047,7.2,5.12,False,False,-0.19224701821804047,-0.47619047619047616
C2_0,it0067,0.2233322411775589,0.24562466144561768,0.5555555555555556,0.05555555555555555,4.56,5.28,False,False,0.022292420268058777,-0.5
C2_0,it0068,0.5134180784225464,0.6350135803222656,0.0,0.0,13.28,11.28,False,False,0.12159550189971924,0.0
C2_0,it0069,0.4639841914176941,0.2882821261882782,0.045454545454545456,0.09090909090909091,7.52,6.08,False,False,-0.1757020652294159,0.045454545454545456
C2_0,it0070,0.29513469338417053,0.3571246266365051,0.0,0.0,4.48,4.88,False,False,0.061989933252334595,0.0
C2_0,it0071,0.501619815826416,0.44351255893707275,0.21428571428571427,0.35714285714285715,7.52,4.96,False,False,-0.05810725688934326,0.14285714285714288
C2_0,it0072,0.4180614948272705,0.5047165155410767,0.18181818181818182,0.13636363636363635,8.96,11.2,False,False,0.08665502071380615,-0.04545454545454547
C2_0,it0073,0.23296622931957245,0.26125165820121765,0.3448275862068966,0.3793103448275862,6.88,11.12,False,False,0.028285428881645203,0.03448275862068961
C2_0,it0074,0.3044569790363312,0.20141571760177612,0.13333333333333333,0.06666666666666667,5.36,10.24,False,False,-0.10304126143455505,-0.06666666666666667
C2_0,it0075,0.42648980021476746,0.4699617028236389,0.08695652173913043,0.08695652173913043,7.84,11.36,False,False,0.04347190260887146,0.0
C2_0,it0076,0.07284994423389435,0.29222458600997925,0.2608695652173913,0.21739130434782608,5.92,8.0,False,False,0.2193746417760849,-0.043478260869565216
C2_0,it0077,0.5449765920639038,0.5737297534942627,0.3333333333333333,0.16666666666666666,4.8,6.08,False,False,0.028753161430358887,-0.16666666666666666
C2_0,it0078,0.27207157015800476,0.2655538320541382,0.3333333333333333,0.3333333333333333,7.36,10.0,False,False,-0.006517738103866577,0.0
C2_0,it0079,0.5939903259277344,0.6223527193069458,0.16666666666666666,0.25,9.12,10.24,False,False,0.028362393379211426,0.08333333333333334
C2_0,it0080,0.19111502170562744,0.21840475499629974,0.21951219512195122,0.34146341463414637,12.0,14.08,False,False,0.027289733290672302,0.12195121951219515
C2_0,it0081,0.17709067463874817,0.28427743911743164,0.07142857142857142,0.32142857142857145,8.24,7.76,False,False,0.10718676447868347,0.25
C2_0,it0082,0.41090506315231323,0.35898518562316895,0.11764705882352941,0.47058823529411764,6.56,6.96,False,False,-0.05191987752914429,0.3529411764705882
C2_0,it0083,0.408587783575058,0.41066256165504456,0.0,0.14705882352941177,12.4,14.72,False,False,0.0020747780799865723,0.14705882352941177
C2_0,it0084,0.470082551240921,0.48095566034317017,0.08888888888888889,0.2,12.56,10.96,False,False,0.010873109102249146,0.11111111111111112
C2_0,it0085,0.38220441341400146,0.4066227078437805,0.42857142857142855,0.0,4.72,5.6,False,False,0.024418294429779053,-0.42857142857142855
C2_0,it0086,0.5086185932159424,0.45856189727783203,0.058823529411764705,0.35294117647058826,4.64,8.56,False,False,-0.05005669593811035,0.29411764705882354
C2_0,it0087,0.6779711246490479,0.5601451992988586,0.1875,0.4375,4.48,9.52,False,False,-0.11782592535018921,0.25
C2_0,it0088,0.11582916975021362,0.2464158982038498,0.2857142857142857,0.09523809523809523,6.4,8.0,False,False,0.13058672845363617,-0.19047619047619047
C2_0,it0089,0.21846352517604828,0.22614264488220215,0.0,0.0,7.68,7.92,False,False,0.00767911970615387,0.0
C2_0,it0090,0.4656277894973755,0.5857012867927551,0.11764705882352941,0.0,6.24,6.8,False,False,0.12007349729537964,-0.11764705882352941
C2_0,it0091,0.420127809047699,0.40383654832839966,0.12903225806451613,0.22580645161290322,9.2,7.68,False,False,-0.016291260719299316,0.0967741935483871
C2_0,it0092,0.430192768573761,0.46474209427833557,0.08571428571428572,0.05714285714285714,10.32,10.0,False,False,0.034549325704574585,-0.028571428571428574
C2_0,it0093,0.3116495907306671,0.4847816824913025,0.0,0.0,5.76,4.48,False,False,0.17313209176063538,0.0
C2_0,it0094,0.5116357803344727,0.4258976876735687,0.07692307692307693,0.07692307692307693,5.12,4.56,False,False,-0.08573809266090393,0.0
C2_0,it0095,0.5294173955917358,0.42417794466018677,0.14285714285714285,0.23809523809523808,6.64,6.72,False,False,-0.10523945093154907,0.09523809523809523
C2_0,it0096,0.30254846811294556,0.4550393521785736,0.5,0.5454545454545454,6.48,8.48,False,False,0.15249088406562805,0.045454545454545414
C2_0,it0097,0.5300604701042175,0.5482273101806641,0.0,0.1,6.56,7.6,False,False,0.018166840076446533,0.1
C2_0,it0098,0.380392462015152,0.35634323954582214,0.14814814814814814,0.07407407407407407,9.12,10.64,False,False,-0.024049222469329834,-0.07407407407407407
C2_0,it0099,0.2027389407157898,0.2390148639678955,0.13043478260869565,0.043478260869565216,6.16,6.24,False,False,0.03627592325210571,-0.08695652173913043
C2_0,it0100,0.573648989200592,0.5897691249847412,0.0,0.07692307692307693,4.64,4.24,False,False,0.01612013578414917,0.07692307692307693
C2_0,it0101,0.2953159213066101,0.23402199149131775,0.10526315789473684,0.05263157894736842,12.4,11.04,False,False,-0.06129392981529236,-0.05263157894736842
C2_0,it0102,0.40518486499786377,0.3977093994617462,0.0,0.07692307692307693,4.96,6.72,False,False,-0.007475465536117554,0.07692307692307693
C2_0,it0103,0.42358145117759705,0.3783876597881317,0.13636363636363635,0.13636363636363635,6.64,7.36,False,False,-0.04519379138946533,0.0
C2_0,it0104,0.4152306020259857,0.4431137442588806,0.25,0.08333333333333333,5.6,5.52,False,False,0.027883142232894897,-0.16666666666666669
C2_0,it0105,0.5894650220870972,0.630794882774353,0.2571428571428571,0.42857142857142855,11.2,14.96,False,False,0.04132986068725586,0.17142857142857143
C2_0,it0106,0.26132678985595703,0.3642762005329132,0.3333333333333333,0.16666666666666666,6.8,9.6,False,False,0.10294941067695618,-0.16666666666666666
C2_0,it0107,0.5007694959640503,0.4681415855884552,0.34782608695652173,0.13043478260869565,8.16,8.88,False,False,-0.03262791037559509,-0.21739130434782608
C2_0,it0108,0.2738380432128906,0.40944740176200867,0.0,0.0,5.04,7.6,False,False,0.13560935854911804,0.0
C2_0,it0109,0.3625825047492981,0.4255187511444092,0.2631578947368421,0.15789473684210525,6.24,8.08,False,False,0.06293624639511108,-0.10526315789473684
C2_0,it0110,0.3453816771507263,0.27193301916122437,0.3,0.26666666666666666,8.56,8.24,False,False,-0.07344865798950195,-0.033333333333333326
C2_0,it0111,0.13735172152519226,0.17240001261234283,0.3333333333333333,0.5151515151515151,10.16,9.04,False,False,0.035048291087150574,0.18181818181818182
C2_0,it0112,0.6098188757896423,0.5191763639450073,0.0,0.045454545454545456,14.8,13.68,False,False,-0.09064251184463501,0.045454545454545456
C2_0,it0113,0.4335513114929199,0.435560405254364,0.09090909090909091,0.1590909090909091,14.4,12.24,False,False,0.002009093761444092,0.06818181818181818
C2_0,it0114,0.45796453952789307,0.2143464982509613,0.3888888888888889,0.2777777777777778,5.52,5.84,False,False,-0.24361804127693176,-0.1111111111111111
C2_0,it0115,0.26947715878486633,0.07367370277643204,0.0,0.0,4.08,4.4,False,False,-0.1958034560084343,0.0
C2_0,it0116,0.27489256858825684,0.3508579134941101,0.11764705882352941,0.7058823529411765,4.96,12.96,False,False,0.07596534490585327,0.5882352941176471
C2_0,it0117,0.563801646232605,0.5621222257614136,0.058823529411764705,0.058823529411764705,10.24,10.48,False,False,-0.0016794204711914062,0.0
C2_0,it0118,0.42427384853363037,0.4274245500564575,0.17307692307692307,0.25,14.96,12.32,False,False,0.0031507015228271484,0.07692307692307693
C2_0,it0119,0.3985060155391693,0.40833261609077454,0.21428571428571427,0.0,4.64,6.72,False,False,0.009826600551605225,-0.21428571428571427
C2_0,it0120,0.5248583555221558,0.5042868256568909,0.06666666666666667,0.0,5.76,8.0,False,False,-0.020571529865264893,-0.06666666666666667
C2_0,it0121,0.278344064950943,0.43731725215911865,0.25,0.1,6.24,6.4,False,False,0.15897318720817566,-0.15
C2_0,it0122,0.29381459951400757,0.2857920527458191,0.36363636363636365,0.13636363636363635,8.32,8.16,False,False,-0.008022546768188477,-0.2272727272727273
C2_0,it0123,0.5386428236961365,0.4551759958267212,0.058823529411764705,0.17647058823529413,5.12,4.48,False,False,-0.08346682786941528,0.11764705882352942
C2_0,it0124,0.382541298866272,0.35548919439315796,0.5454545454545454,0.30303030303030304,11.92,7.44,False,False,-0.027052104473114014,-0.24242424242424238
C2_0,it0125,0.4283756613731384,0.42479509115219116,0.20512820512820512,0.23076923076923078,11.52,14.56,False,False,-0.0035805702209472656,0.02564102564102566
C2_0,it0126,0.3344888389110565,0.28532907366752625,0.0,0.0625,4.24,6.4,False,False,-0.04915976524353027,0.0625
C2_0,it0127,0.24198509752750397,0.47368115186691284,0.23529411764705882,0.0,5.44,5.44,False,False,0.23169605433940887,-0.23529411764705882
C2_0,it0128,0.3314668536186218,0.36794203519821167,0.2,0.1,5.04,5.84,False,False,0.036475181579589844,-0.1
C2_0,it0129,0.24816899001598358,0.2298569679260254,0.0,0.058823529411764705,5.76,6.8,False,False,-0.01831202208995819,0.058823529411764705
C2_0,it0130,0.31709811091423035,0.29564496874809265,0.1,0.1,4.08,7.44,False,False,-0.021453142166137695,0.0
C2_0,it0131,0.3689351975917816,0.2724008858203888,0.22580645161290322,0.1935483870967742,10.4,9.76,False,False,-0.09653431177139282,-0.03225806451612903
C2_0,it0132,0.21132367849349976,0.15088403224945068,0.14285714285714285,0.0,4.48,8.0,False,False,-0.06043964624404907,-0.14285714285714285
C2_0,it0133,0.49879318475723267,0.5492931008338928,0.0,0.14285714285714285,8.4,10.0,False,False,0.050499916076660156,0.14285714285714285
C2_0,it0134,0.35556143522262573,0.2410682737827301,0.0,0.13157894736842105,11.76,11.84,False,False,-0.11449316143989563,0.13157894736842105
C2_0,it0135,0.23389595746994019,0.3211003541946411,0.2564102564102564,0.4358974358974359,11.52,9.84,False,False,0.08720439672470093,0.17948717948717952
C2_0,it0136,0.5592483878135681,0.46371740102767944,0.0,0.1,6.64,10.4,False,False,-0.09553098678588867,0.1
C2_0,it0137,0.41379839181900024,0.4079434871673584,0.16666666666666666,0.4166666666666667,4.24,9.84,False,False,-0.005854904651641846,0.25
C2_0,it0138,0.6017424464225769,0.5763219594955444,0.5555555555555556,0.3888888888888889,5.92,6.8,False,False,-0.02542048692703247,-0.16666666666666669
C2_0,it0139,0.37896937131881714,0.5186195969581604,0.1111111111111111,0.05555555555555555,5.68,6.0,False,False,0.13965022563934326,-0.05555555555555555
C2_0,it0140,0.30296778678894043,0.34346243739128113,0.375,0.4583333333333333,7.84,9.36,False,False,0.0404946506023407,0.08333333333333331
C2_0,it0141,0.6558207869529724,0.6596842408180237,0.13333333333333333,0.5333333333333333,9.92,9.12,False,False,0.0038634538650512695,0.4
C2_0,it0142,0.17474563419818878,0.2649590075016022,0.24,0.16,6.72,6.96,False,False,0.09021337330341339,-0.07999999999999999
C2_0,it0143,0.42083102464675903,0.47456616163253784,0.0625,0.0,5.28,5.84,False,False,0.05373513698577881,-0.0625
C2_0,it0144,0.44990044832229614,0.3897289037704468,0.2857142857142857,0.0,9.04,9.12,False,False,-0.060171544551849365,-0.2857142857142857
C2_0,it0145,0.5033470988273621,0.5819042325019836,0.075,0.075,13.12,12.64,False,False,0.07855713367462158,0.0
C2_0,it0146,0.35623493790626526,0.35175222158432007,0.15,0.05,5.52,7.76,False,False,-0.00448271632194519,-0.09999999999999999
C2_0,it0147,0.28497427701950073,0.35587143898010254,0.0,0.0,6.0,8.72,False,False,0.0708971619606018,0.0
C2_0,it0148,0.07566004246473312,0.16457420587539673,0.14285714285714285,0.25,8.56,5.92,False,False,0.0889141634106636,0.10714285714285715
C2_0,it0149,0.4018433690071106,0.5649924278259277,0.21428571428571427,0.21428571428571427,4.08,3.44,False,False,0.16314905881881714,0.0
C2_0,it0150,0.3048641085624695,0.3016985356807709,0.5,0.23076923076923078,7.52,6.56,False,False,-0.0031655728816986084,-0.2692307692307692
C2_0,it0151,0.48607581853866577,0.5097858309745789,0.23529411764705882,0.0,5.04,4.4,False,False,0.023710012435913086,-0.23529411764705882
C2_0,it0152,0.3125980496406555,0.3577251434326172,0.11764705882352941,0.0,5.44,6.16,False,False,0.04512709379196167,-0.11764705882352941
C2_0,it0153,0.30293238162994385,0.37660348415374756,0.42857142857142855,0.35714285714285715,13.52,11.44,False,False,0.07367110252380371,-0.0714285714285714
C2_0,it0154,0.12405723333358765,0.10590606927871704,0.05263157894736842,0.15789473684210525,5.92,6.24,False,False,-0.018151164054870605,0.10526315789473684
C2_0,it0155,0.36543673276901245,0.3569766581058502,0.07142857142857142,0.17857142857142858,8.16,11.68,False,False,-0.008460074663162231,0.10714285714285715
C2_0,it0156,0.3399586081504822,0.23727016150951385,0.09523809523809523,0.09523809523809523,7.2,7.84,False,False,-0.10268844664096832,0.0
C2_0,it0157,0.4506761431694031,0.4864693880081177,0.4883720930232558,0.18604651162790697,13.84,13.36,False,False,0.0357932448387146,-0.3023255813953488
C2_0,it0158,0.3058589994907379,0.29634585976600647,0.2631578947368421,0.15789473684210525,6.08,8.0,False,False,-0.009513139724731445,-0.10526315789473684
C2_0,it0159,0.3464846611022949,0.2982482612133026,0.14285714285714285,0.14285714285714285,4.24,5.12,False,False,-0.04823639988899231,0.0
C2_0,it0160,0.37137728929519653,0.35619163513183594,0.22580645161290322,0.25806451612903225,8.96,9.76,False,False,-0.015185654163360596,0.03225806451612903
C2_0,it0161,0.3928781747817993,0.24518753588199615,0.06896551724137931,0.1724137931034483,7.84,7.84,False,False,-0.14769063889980316,0.10344827586206898
C2_0,it0162,0.3387383818626404,0.21871693432331085,0.2962962962962963,0.25925925925925924,7.44,6.4,False,False,-0.12002144753932953,-0.037037037037037035
C2_0,it0163,0.3575185239315033,0.3408653140068054,0.11764705882352941,0.0,4.4,4.96,False,False,-0.016653209924697876,-0.11764705882352941
C2_0,it0164,0.26888659596443176,0.22494326531887054,0.06451612903225806,0.03225806451612903,8.4,6.48,False,False,-0.04394333064556122,-0.03225806451612903
C2_0,it0165,0.1758510023355484,0.1864023208618164,0.15151515151515152,0.21212121212121213,12.32,14.96,False,False,0.010551318526268005,0.06060606060606061
C2_0,it0166,0.37052661180496216,0.33522602915763855,0.5,0.4166666666666667,4.16,9.6,False,False,-0.03530058264732361,-0.08333333333333331
C2_0,it0167,0.4694541096687317,0.51766437292099,0.0,0.21052631578947367,6.0,7.12,False,False,0.0482102632522583,0.21052631578947367
C2_0,it0168,0.23934367299079895,0.18912768363952637,0.1,0.0,4.16,3.44,False,False,-0.05021598935127258,-0.1
C2_0,it0169,0.3246243894100189,0.34374234080314636,0.05,0.15,6.4,8.56,False,False,0.01911795139312744,0.09999999999999999
C2_0,it0170,0.34560343623161316,0.4030435383319855,0.23529411764705882,0.23529411764705882,5.2,6.56,False,False,0.057440102100372314,0.0
C2_0,it0171,0.6332293748855591,0.5947650671005249,0.047619047619047616,0.23809523809523808,7.44,6.0,False,False,-0.03846430778503418,0.19047619047619047
C2_0,it0172,0.22783944010734558,0.14141571521759033,0.04,0.0,7.68,6.88,False,False,-0.08642372488975525,-0.04
C2_0,it0173,0.5474342703819275,0.6107213497161865,0.03333333333333333,0.13333333333333333,9.12,8.08,False,False,0.06328707933425903,0.1
C2_0,it0174,0.3408218324184418,0.2837626039981842,0.0,0.0,4.96,4.8,False,False,-0.05705922842025757,0.0
C2_0,it0175,0.415590763092041,0.35488831996917725,0.06666666666666667,0.06666666666666667,5.12,9.76,False,False,-0.06070244312286377,0.0
C2_0,it0176,0.25977641344070435,0.2880677282810211,0.4444444444444444,0.05555555555555555,5.04,5.68,False,False,0.028291314840316772,-0.38888888888888884
C2_0,it0177,0.5094130039215088,0.450733482837677,0.05263157894736842,0.0,5.28,5.28,False,False,-0.05867952108383179,-0.05263157894736842
C2_0,it0178,0.034656621515750885,0.08361400663852692,0.5294117647058824,0.6470588235294118,5.84,4.0,False,False,0.04895738512277603,0.11764705882352944
C2_0,it0179,0.5284133553504944,0.5965509414672852,0.25806451612903225,0.12903225806451613,11.12,10.4,False,False,0.06813758611679077,-0.12903225806451613
C2_0,it0180,0.4384123384952545,0.415133535861969,0.07142857142857142,0.14285714285714285,4.32,4.32,False,False,-0.023278802633285522,0.07142857142857142
C2_0,it0181,0.4971300959587097,0.508264422416687,0.07317073170731707,0.0,12.96,14.96,False,False,0.011134326457977295,-0.07317073170731707
C2_0,it0182,0.3931075632572174,0.4021708071231842,0.16,0.44,6.8,5.04,False,False,0.009063243865966797,0.28
C2_0,it0183,0.5498380064964294,0.5390245318412781,0.04,0.0,6.48,5.68,False,False,-0.010813474655151367,-0.04
C2_0,it0184,0.316770076751709,0.12420042604207993,0.13333333333333333,0.26666666666666666,4.96,4.64,False,False,-0.19256965070962906,0.13333333333333333
C2_0,it0185,0.4002837538719177,0.31125563383102417,0.3870967741935484,0.41935483870967744,9.92,6.32,False,False,-0.08902812004089355,0.03225806451612906
C2_0,it0186,0.3360323905944824,0.5107923150062561,0.041666666666666664,0.375,6.08,5.84,False,False,0.17475992441177368,0.3333333333333333
C2_0,it0187,0.30965349078178406,0.4702603220939636,0.1875,0.3125,4.56,4.0,False,False,0.16060683131217957,0.125
C2_0,it0188,0.394172728061676,0.39088311791419983,0.16666666666666666,0.0,4.96,5.2,False,False,-0.0032896101474761963,-0.16666666666666666
C2_0,it0189,0.17453153431415558,0.29616668820381165,0.05,0.05,5.6,5.04,False,False,0.12163515388965607,0.0
C2_0,it0190,0.5637491345405579,0.47031065821647644,0.0625,0.0625,5.92,5.68,False,False,-0.09343847632408142,0.0
C2_0,it0191,0.28297820687294006,0.28190240263938904,0.16,0.12,8.24,6.32,False,False,-0.0010758042335510254,-0.04000000000000001
C2_0,it0192,0.6090793013572693,0.5535410642623901,0.2962962962962963,0.18518518518518517,7.68,7.04,False,False,-0.05553823709487915,-0.1111111111111111
C2_0,it0193,0.13348205387592316,0.22603900730609894,0.375,0.3125,5.68,5.2,False,False,0.09255695343017578,-0.0625
C2_0,it0194,0.6387319564819336,0.6463971138000488,0.0,0.0,6.56,5.44,False,False,0.007665157318115234,0.0
C2_0,it0195,0.45060795545578003,0.488636314868927,0.46153846153846156,0.3076923076923077,8.64,6.48,False,False,0.03802835941314697,-0.15384615384615385
C2_0,it0196,0.3882610499858856,0.5183262825012207,0.21428571428571427,0.14285714285714285,6.88,10.4,False,False,0.13006523251533508,-0.07142857142857142
C2_0,it0197,0.28194448351860046,0.27853843569755554,0.09090909090909091,0.0,4.72,5.76,False,False,-0.003406047821044922,-0.09090909090909091
C2_0,it0198,0.22622232139110565,0.059716179966926575,0.125,0.25,4.48,5.76,False,False,-0.16650614142417908,0.125
C2_0,it0199,0.3112712502479553,0.4022568464279175,0.058823529411764705,0.17647058823529413,6.08,6.56,False,False,0.09098559617996216,0.11764705882352942
C2_0,it0200,0.40439099073410034,0.4023556113243103,0.5909090909090909,0.2727272727272727,7.28,7.12,False,False,-0.002035379409790039,-0.31818181818181823
C2_0,it0201,0.24214696884155273,0.35268014669418335,0.0,0.16666666666666666,5.92,5.92,False,False,0.11053317785263062,0.16666666666666666
C2_0,it0202,0.4647941589355469,0.31677067279815674,0.08333333333333333,0.0,4.72,6.64,False,False,-0.14802348613739014,-0.08333333333333333
C2_0,it0203,0.4347825050354004,0.41712573170661926,0.038461538461538464,0.038461538461538464,6.88,6.72,False,False,-0.017656773328781128,0.0
C2_0,it0204,0.3581569790840149,0.4701771140098572,0.2,0.32,8.16,5.52,False,False,0.11202013492584229,0.12
C2_0,it0205,0.5458595752716064,0.543972909450531,0.25,0.4583333333333333,6.96,8.88,False,False,-0.0018866658210754395,0.20833333333333331
C2_0,it0206,0.453841894865036,0.4815193712711334,0.030303030303030304,0.12121212121212122,9.84,6.64,False,False,0.027677476406097412,0.09090909090909091
C2_0,it0207,0.3480411171913147,0.3489208519458771,0.1111111111111111,0.2777777777777778,5.92,7.76,False,False,0.0008797347545623779,0.16666666666666669
C2_0,it0208,0.2916642129421234,0.39610159397125244,0.22580645161290322,0.1935483870967742,11.28,8.96,False,False,0.10443738102912903,-0.03225806451612903
C2_0,it0209,0.5547738671302795,0.5679290294647217,0.08,0.28,7.44,9.92,False,False,0.013155162334442139,0.2
C2_0,it0210,0.12689903378486633,0.25621387362480164,0.16666666666666666,0.2857142857142857,11.92,9.44,False,False,0.1293148398399353,0.11904761904761904
C2_0,it0211,0.6622557044029236,0.6343734264373779,0.23529411764705882,0.17647058823529413,11.44,14.32,False,False,-0.027882277965545654,-0.05882352941176469
C2_0,it0212,0.2014361321926117,0.05692083016037941,0.05263157894736842,0.0,5.28,6.24,False,False,-0.14451530203223228,-0.05263157894736842
C2_0,it0213,0.5203837156295776,0.5275598168373108,0.25925925925925924,0.25925925925925924,7.68,8.8,False,False,0.007176101207733154,0.0
C2_0,it0214,0.43361496925354004,0.5337045788764954,0.1794871794871795,0.15384615384615385,10.8,7.76,False,False,0.10008960962295532,-0.025641025641025633
C2_0,it0215,0.06464585661888123,0.28642192482948303,0.09090909090909091,0.5454545454545454,4.88,13.84,False,False,0.2217760682106018,0.4545454545454545
C2_0,it0216,0.30856621265411377,0.333282470703125,0.26666666666666666,0.0,5.12,6.8,False,False,0.02471625804901123,-0.26666666666666666
C2_0,it0217,0.11791204661130905,0.2881726920604706,0.42857142857142855,0.6190476190476191,7.12,11.84,False,False,0.17026064544916153,0.19047619047619052
C2_0,it0218,0.49101558327674866,0.5405640602111816,0.11764705882352941,0.23529411764705882,5.44,5.36,False,False,0.04954847693443298,0.11764705882352941
C2_0,it0219,0.20063194632530212,0.24263374507427216,0.23529411764705882,0.7352941176470589,11.04,8.08,False,False,0.04200179874897003,0.5
C2_0,it0220,0.1685476452112198,0.28464794158935547,0.043478260869565216,0.17391304347826086,5.68,4.32,False,False,0.11610029637813568,0.13043478260869565
C2_0,it0221,0.3730331063270569,0.38301363587379456,0.11764705882352941,0.11764705882352941,9.76,13.44,False,False,0.009980529546737671,0.0
C2_0,it0222,0.05755480006337166,0.3910701870918274,0.375,0.1875,4.08,8.48,False,False,0.33351538702845573,-0.1875
C2_0,it0223,0.5049027800559998,0.33871743083000183,0.43333333333333335,0.26666666666666666,8.4,10.96,False,False,-0.16618534922599792,-0.16666666666666669
C2_0,it0224,0.32723599672317505,0.23615393042564392,0.0,0.0,5.76,6.0,False,False,-0.09108206629753113,0.0
C2_0,it0225,0.510161280632019,0.475407212972641,0.09090909090909091,0.045454545454545456,8.16,6.4,False,False,-0.03475406765937805,-0.045454545454545456
C2_0,it0226,0.37955984473228455,0.41769465804100037,0.21428571428571427,0.42857142857142855,8.4,6.64,False,False,0.03813481330871582,0.21428571428571427
C2_0,it0227,0.33234935998916626,0.1431826800107956,0.3,0.2,5.36,4.96,False,False,-0.18916667997837067,-0.09999999999999998
C2_0,it0228,0.7252503037452698,0.6537103056907654,0.2222222222222222,0.05555555555555555,5.36,5.36,False,False,-0.0715399980545044,-0.16666666666666666
C2_0,it0229,0.2594362497329712,0.2617102265357971,0.5909090909090909,0.045454545454545456,6.64,6.88,False,False,0.0022739768028259277,-0.5454545454545455
C2_0,it0230,0.5988000631332397,0.688051164150238,0.04,0.24,8.0,6.48,False,False,0.08925110101699829,0.19999999999999998
C2_0,it0231,0.338518351316452,0.4577449560165405,0.16129032258064516,0.12903225806451613,10.0,10.64,False,False,0.1192266047000885,-0.03225806451612903
C2_0,it0232,0.28408417105674744,0.1830776035785675,0.045454545454545456,0.045454545454545456,6.88,6.32,False,False,-0.10100656747817993,0.0
C2_0,it0233,0.3172435164451599,0.35729849338531494,0.0,0.09523809523809523,6.96,6.08,False,False,0.04005497694015503,0.09523809523809523
C2_0,it0234,0.5133509635925293,0.4886380732059479,0.3448275862068966,0.2413793103448276,10.64,8.8,False,False,-0.02471289038658142,-0.10344827586206898
C2_0,it0235,0.21327534317970276,0.258903443813324,0.2631578947368421,0.21052631578947367,6.24,8.64,False,False,0.045628100633621216,-0.05263157894736842
C2_0,it0236,0.2869594693183899,0.4105129837989807,0.0,0.06666666666666667,5.04,9.2,False,False,0.12355351448059082,0.06666666666666667
C2_0,it0237,0.42564019560813904,0.4493637681007385,0.23529411764705882,0.058823529411764705,5.44,8.16,False,False,0.023723572492599487,-0.1764705882352941
C2_0,it0238,0.26465722918510437,0.4446333348751068,0.0,0.25,5.12,3.84,False,False,0.17997610569000244,0.25
C2_0,it0239,0.42207762598991394,0.44446051120758057,0.20689655172413793,0.2413793103448276,8.56,7.2,False,False,0.022382885217666626,0.03448275862068967
C2_0,it0240,0.2417038381099701,0.1991318166255951,0.0,0.0,4.08,3.28,False,False,-0.042572021484375,0.0
C2_0,it0241,0.49095726013183594,0.3030456006526947,0.375,0.6875,4.48,7.68,False,False,-0.18791165947914124,0.3125
C2_0,it0242,0.4733157753944397,0.42977374792099,0.05263157894736842,0.2631578947368421,6.48,6.32,False,False,-0.04354202747344971,0.21052631578947367
C2_0,it0243,0.4592428505420685,0.42933332920074463,0.0,0.0,4.24,6.96,False,False,-0.029909521341323853,0.0
C2_0,it0244,0.38229310512542725,0.31123727560043335,0.0625,0.0625,5.04,4.32,False,False,-0.0710558295249939,0.0
C2_0,it0245,0.5071529746055603,0.43330147862434387,0.35294117647058826,0.058823529411764705,5.12,4.48,False,False,-0.07385149598121643,-0.29411764705882354
C2_0,it0246,0.3553462028503418,0.5208089351654053,0.18181818181818182,0.45454545454545453,12.56,13.44,False,False,0.16546273231506348,0.2727272727272727
C2_0,it0247,0.3432298004627228,0.4006943702697754,0.058823529411764705,0.058823529411764705,5.68,7.28,False,False,0.05746456980705261,0.0
C2_0,it0248,0.30607908964157104,0.13290859758853912,0.27586206896551724,0.13793103448275862,8.16,8.16,False,False,-0.17317049205303192,-0.13793103448275862
C2_0,it0249,0.34043774008750916,0.4593448042869568,0.45,0.45,6.64,5.92,False,False,0.11890706419944763,0.0
C2_0,it0250,0.29158294200897217,0.3786594569683075,0.047619047619047616,0.21428571428571427,13.76,14.96,False,False,0.08707651495933533,0.16666666666666666
C2_0,it0251,0.4283396899700165,0.4907936155796051,0.15625,0.28125,8.16,11.44,False,False,0.06245392560958862,0.125
C2_0,it0252,0.1801385134458542,0.12244457006454468,0.3333333333333333,0.16666666666666666,4.24,7.76,False,False,-0.05769394338130951,-0.16666666666666666
C2_0,it0253,0.4589384198188782,0.6052765846252441,0.6153846153846154,0.07692307692307693,4.24,6.08,False,False,0.14633816480636597,-0.5384615384615385
C2_0,it0254,0.5494973063468933,0.5076608061790466,0.0,0.03333333333333333,10.08,7.28,False,False,-0.04183650016784668,0.03333333333333333
C2_0,it0255,0.4713883101940155,0.49402809143066406,0.03225806451612903,0.16129032258064516,11.04,12.72,False,False,0.02263978123664856,0.12903225806451613
C2_0,it0256,0.4631291925907135,0.3221895694732666,0.17647058823529413,0.29411764705882354,9.6,11.52,False,False,-0.1409396231174469,0.11764705882352941
C2_0,it0257,0.4652103781700134,0.4598802924156189,0.03571428571428571,0.10714285714285714,7.68,7.68,False,False,-0.005330085754394531,0.07142857142857142
C2_0,it0258,0.4164649248123169,0.6246886849403381,0.047619047619047616,0.047619047619047616,6.48,8.4,False,False,0.20822376012802124,0.0
C2_0,it0259,0.4705756902694702,0.4362729787826538,0.4897959183673469,0.08163265306122448,13.28,11.2,False,False,-0.034302711486816406,-0.40816326530612246
C2_0,it0260,0.46268922090530396,0.42995405197143555,0.13333333333333333,0.0,4.48,6.56,False,False,-0.03273516893386841,-0.13333333333333333
C2_0,it0261,0.551449716091156,0.49106836318969727,0.14814814814814814,0.2962962962962963,11.44,8.64,False,False,-0.06038135290145874,0.14814814814814814
C2_0,it0262,0.2254391461610794,0.24310187995433807,0.3333333333333333,0.1111111111111111,8.16,6.96,False,False,0.017662733793258667,-0.2222222222222222
C2_0,it0263,0.5375223755836487,0.4108904004096985,0.05,0.0,5.68,5.6,False,False,-0.1266319751739502,-0.05
C2_0,it0264,0.40061846375465393,0.35572370886802673,0.125,0.0,4.72,5.84,False,False,-0.0448947548866272,-0.125
C2_0,it0265,0.31828051805496216,0.4276503920555115,0.16666666666666666,0.05555555555555555,11.76,14.96,False,False,0.10936987400054932,-0.1111111111111111
C2_0,it0266,0.33475250005722046,0.39755797386169434,0.24,0.04,7.92,8.24,False,False,0.06280547380447388,-0.19999999999999998
C2_0,it0267,0.3815697133541107,0.43892547488212585,0.25925925925925924,0.037037037037037035,8.56,10.4,False,False,0.05735576152801514,-0.2222222222222222
C2_0,it0268,0.5005318522453308,0.5428631901741028,0.30303030303030304,0.30303030303030304,9.36,9.92,False,False,0.04233133792877197,0.0
C2_0,it0269,0.5203837752342224,0.4846193194389343,0.3333333333333333,0.20833333333333334,7.76,5.76,False,False,-0.035764455795288086,-0.12499999999999997
C2_0,it0270,0.6438762545585632,0.5337512493133545,0.02564102564102564,0.05128205128205128,11.6,8.72,False,False,-0.11012500524520874,0.02564102564102564
C2_0,it0271,0.299624502658844,0.40054503083229065,0.6666666666666666,0.2,4.24,8.56,False,False,0.10092052817344666,-0.4666666666666666
C2_0,it0272,0.3817713260650635,0.23825272917747498,0.14705882352941177,0.11764705882352941,9.2,8.56,False,False,-0.1435185968875885,-0.02941176470588236
C2_0,it0273,0.3778769075870514,0.31066226959228516,0.0,0.0,5.92,5.12,False,False,-0.06721463799476624,0.0
C2_0,it0274,0.26857322454452515,0.16513940691947937,0.23076923076923078,0.19230769230769232,10.32,7.2,False,False,-0.10343381762504578,-0.038461538461538464
C2_0,it0275,0.5709909796714783,0.5231847167015076,0.0625,0.3125,7.68,7.28,False,False,-0.0478062629699707,0.25
C2_0,it0276,0.44744980335235596,0.46727654337882996,0.25,0.25,4.08,4.32,False,False,0.019826740026474,0.0
C2_0,it0277,0.35835784673690796,0.341416597366333,0.20833333333333334,0.3125,13.52,10.08,False,False,-0.01694124937057495,0.10416666666666666
C2_0,it0278,0.20697394013404846,0.4223870038986206,0.17857142857142858,0.2857142857142857,7.92,8.64,False,False,0.21541306376457214,0.10714285714285712
C2_0,it0279,0.4815332591533661,0.5691754221916199,0.34210526315789475,0.39473684210526316,12.16,12.48,False,False,0.08764216303825378,0.05263157894736842
C2_0,it0280,0.4184872508049011,0.3996679186820984,0.16666666666666666,0.0,6.4,5.36,False,False,-0.018819332122802734,-0.16666666666666666
C2_0,it0281,0.2915270924568176,0.34879833459854126,0.36363636363636365,0.09090909090909091,4.0,2.72,False,False,0.05727124214172363,-0.2727272727272727
C2_0,it0282,0.4788816273212433,0.45880982279777527,0.28,0.12,6.32,6.4,False,False,-0.020071804523468018,-0.16000000000000003
C2_0,it0283,0.4778798818588257,0.41641032695770264,0.0625,0.1875,5.36,4.56,False,False,-0.06146955490112305,0.125
C2_0,it0284,0.12590816617012024,0.38739079236984253,0.19230769230769232,0.15384615384615385,8.88,7.92,False,False,0.2614826261997223,-0.038461538461538464
C2_0,it0285,0.5363730788230896,0.45679712295532227,0.1951219512195122,0.1951219512195122,13.2,12.88,False,False,-0.07957595586776733,0.0
C2_0,it0286,0.34151145815849304,0.3481675088405609,0.17857142857142858,0.42857142857142855,8.48,8.56,False,False,0.006656050682067871,0.24999999999999997
C2_0,it0287,0.6147331595420837,0.5143842101097107,0.5909090909090909,0.18181818181818182,7.84,8.96,False,False,-0.10034894943237305,-0.4090909090909091
C2_0,it0288,0.5647540092468262,0.5688157081604004,0.6363636363636364,0.38636363636363635,14.24,13.68,False,False,0.004061698913574219,-0.25
C2_0,it0289,0.40372124314308167,0.3874393105506897,0.1111111111111111,0.2777777777777778,5.68,9.52,False,False,-0.016281932592391968,0.16666666666666669
C2_0,it0290,0.3077714741230011,0.21922288835048676,0.2857142857142857,0.16666666666666666,12.08,11.28,False,False,-0.08854858577251434,-0.11904761904761904
C2_0,it0291,0.18454547226428986,0.15576879680156708,0.2222222222222222,0.05555555555555555,5.44,9.28,False,False,-0.02877667546272278,-0.16666666666666666
C2_0,it0292,0.2648908793926239,0.34585466980934143,0.0,0.05714285714285714,11.12,9.36,False,False,0.08096379041671753,0.05714285714285714
C2_0,it0293,0.2696722149848938,0.31976956129074097,0.3333333333333333,0.16666666666666666,6.56,5.36,False,False,0.05009734630584717,-0.16666666666666666
C2_0,it0294,0.273756206035614,0.28552332520484924,0.3888888888888889,0.0,6.48,7.28,False,False,0.01176711916923523,-0.3888888888888889
C2_0,it0295,0.48696547746658325,0.4898792505264282,0.24528301886792453,0.2830188679245283,14.24,11.68,False,False,0.0029137730598449707,0.037735849056603765
C2_0,it0296,0.3613802194595337,0.3461969494819641,0.46875,0.5625,13.44,8.72,False,False,-0.01518326997756958,0.09375
C2_0,it0297,0.3827238380908966,0.2950156629085541,0.32,0.48,7.44,8.48,False,False,-0.08770817518234253,0.15999999999999998
C2_0,it0298,0.4393010139465332,0.4618142545223236,0.125,0.16666666666666666,6.08,4.16,False,False,0.022513240575790405,0.04166666666666666
C2_0,it0299,0.5807596445083618,0.5182345509529114,0.05714285714285714,0.11428571428571428,11.36,10.56,False,False,-0.06252509355545044,0.05714285714285714
C2_0,it0300,0.19879701733589172,0.29920729994773865,0.0,0.25,6.32,5.6,False,False,0.10041028261184692,0.25
C2_0,it0301,0.39582544565200806,0.40264952182769775,0.28125,0.25,9.84,9.28,False,False,0.006824076175689697,-0.03125
C2_0,it0302,0.5870847105979919,0.5415543913841248,0.19047619047619047,0.2857142857142857,11.28,13.68,False,False,-0.04553031921386719,0.09523809523809523
C2_0,it0303,0.4891921281814575,0.45474377274513245,0.2,0.3,6.56,6.64,False,False,-0.03444835543632507,0.09999999999999998
C2_0,it0304,0.34687280654907227,0.29964813590049744,0.46153846153846156,0.6923076923076923,5.44,4.96,False,False,-0.04722467064857483,0.23076923076923073
C2_0,it0305,0.3929451107978821,0.21216347813606262,0.06666666666666667,0.08888888888888889,12.8,14.96,False,False,-0.18078163266181946,0.022222222222222227
C2_0,it0306,0.4315040707588196,0.32883626222610474,0.047619047619047616,0.047619047619047616,6.56,6.72,False,False,-0.10266780853271484,0.0
C2_0,it0307,0.2751038074493408,0.34099024534225464,0.07142857142857142,0.07142857142857142,5.04,6.72,False,False,0.06588643789291382,0.0
C2_0,it0308,0.4435288906097412,0.5983374118804932,0.23529411764705882,0.11764705882352941,10.4,7.52,False,False,0.15480852127075195,-0.11764705882352941
C2_0,it0309,0.49629533290863037,0.46155139803886414,0.15384615384615385,0.0,5.2,3.84,False,False,-0.034743934869766235,-0.15384615384615385
C2_0,it0310,0.48176196217536926,0.5455256104469299,0.36666666666666664,0.36666666666666664,8.48,5.52,False,False,0.06376364827156067,0.0
C2_0,it0311,0.34763193130493164,0.21902590990066528,0.23809523809523808,0.3333333333333333,5.84,3.44,False,False,-0.12860602140426636,0.09523809523809523
C2_0,it0312,0.6721169352531433,0.6375629305839539,0.3333333333333333,0.19047619047619047,12.24,12.4,False,False,-0.03455400466918945,-0.14285714285714285
C2_0,it0313,0.4454037547111511,0.4981974959373474,0.058823529411764705,0.0,4.96,7.76,False,False,0.05279374122619629,-0.058823529411764705
C2_0,it0314,0.22435371577739716,0.2239440381526947,0.6,0.28,6.32,5.76,False,False,-0.0004096776247024536,-0.31999999999999995
C2_0,it0315,0.23862585425376892,0.4130941331386566,0.0,0.36,7.92,8.0,False,False,0.1744682788848877,0.36
C2_0,it0316,0.35806572437286377,0.465580016374588,0.2708333333333333,0.4166666666666667,13.28,14.96,False,False,0.10751429200172424,0.14583333333333337
C2_0,it0317,0.4126957058906555,0.4424379765987396,0.14814814814814814,0.0,8.16,9.28,False,False,0.029742270708084106,-0.14814814814814814
C2_0,it0318,0.12318764626979828,0.348564475774765,0.1875,0.5625,5.04,13.84,False,False,0.22537682950496674,0.375
C2_0,it0319,0.396812379360199,0.3916412591934204,0.15789473684210525,0.05263157894736842,5.6,8.48,False,False,-0.0051711201667785645,-0.10526315789473684
C2_0,it0320,0.5266185402870178,0.5731998682022095,0.07692307692307693,0.11538461538461539,8.0,8.32,False,False,0.04658132791519165,0.038461538461538464
C2_0,it0321,0.12003832310438156,0.03853859007358551,0.0,0.1111111111111111,5.12,4.08,False,False,-0.08149973303079605,0.1111111111111111
C2_0,it0322,0.5071733593940735,0.5572218298912048,0.29411764705882354,0.4117647058823529,4.72,12.56,False,False,0.05004847049713135,0.11764705882352938
C2_0,it0323,0.43590623140335083,0.46601390838623047,0.15,0.0,6.96,9.04,False,False,0.03010767698287964,-0.15
C2_0,it0324,0.38390201330184937,0.47030115127563477,0.1111111111111111,0.0,5.92,6.08,False,False,0.0863991379737854,-0.1111111111111111
C2_0,it0325,0.2506048381328583,0.3985755741596222,0.13636363636363635,0.22727272727272727,12.8,12.0,False,False,0.14797073602676392,0.09090909090909091
C2_0,it0326,0.21842731535434723,0.11529013514518738,0.0,0.125,5.92,7.04,False,False,-0.10313718020915985,0.125
C2_0,it0327,0.32348790764808655,0.47448021173477173,0.0,0.06666666666666667,4.56,4.48,False,False,0.15099230408668518,0.06666666666666667
C2_0,it0328,0.3989788293838501,0.3367859721183777,0.10344827586206896,0.20689655172413793,8.0,5.36,False,False,-0.06219285726547241,0.10344827586206896
C2_0,it0329,0.348087877035141,0.2340816855430603,0.3333333333333333,0.16666666666666666,4.24,8.4,False,False,-0.11400619149208069,-0.16666666666666666
C2_0,it0330,0.5017964839935303,0.4369925558567047,0.0,0.11764705882352941,9.6,8.32,False,False,-0.06480392813682556,0.11764705882352941
C2_0,it0331,0.48698410391807556,0.44792646169662476,0.1111111111111111,0.2222222222222222,8.88,11.68,False,False,-0.039057642221450806,0.1111111111111111
C2_0,it0332,0.3726920485496521,0.2959809899330139,0.08333333333333333,0.5,4.0,5.36,False,False,-0.07671105861663818,0.4166666666666667
C2_0,it0333,0.5696003437042236,0.5584672689437866,0.0975609756097561,0.17073170731707318,12.24,12.88,False,False,-0.011133074760437012,0.07317073170731708
C2_0,it0334,0.4174762964248657,0.4041577875614166,0.20833333333333334,0.10416666666666667,13.76,14.96,False,False,-0.013318508863449097,-0.10416666666666667
C2_0,it0335,0.37961655855178833,0.24697737395763397,0.14285714285714285,0.07142857142857142,4.48,5.76,False,False,-0.13263918459415436,-0.07142857142857142
C2_0,it0336,0.5374913215637207,0.5651370286941528,0.08571428571428572,0.08571428571428572,11.84,9.44,False,False,0.02764570713043213,0.0
C2_0,it0337,0.27887505292892456,0.30756890773773193,0.23076923076923078,0.1282051282051282,13.44,12.64,False,False,0.028693854808807373,-0.10256410256410259
C2_0,it0338,0.3533934950828552,0.3935873508453369,0.0,0.17647058823529413,6.24,6.56,False,False,0.04019385576248169,0.17647058823529413
C2_0,it0339,0.34818875789642334,0.3068186044692993,0.04,0.16,7.2,8.16,False,False,-0.04137015342712402,0.12
C2_0,it0340,0.18138182163238525,0.3530966639518738,0.46153846153846156,0.07692307692307693,4.16,4.72,False,False,0.17171484231948853,-0.38461538461538464
C2_0,it0341,0.6036564111709595,0.5531994700431824,0.14285714285714285,0.03571428571428571,8.88,7.92,False,False,-0.0504569411277771,-0.10714285714285714
C2_0,it0342,0.41944417357444763,0.49078798294067383,0.0625,0.0625,6.88,7.76,False,False,0.0713438093662262,0.0
C2_0,it0343,0.2509768307209015,0.27976518869400024,0.2222222222222222,0.28888888888888886,13.76,10.72,False,False,0.028788357973098755,0.06666666666666665
C2_0,it0344,0.5877124667167664,0.5596809387207031,0.038461538461538464,0.34615384615384615,8.16,5.44,False,False,-0.028031527996063232,0.3076923076923077
C2_0,it0345,0.1660253256559372,0.12405389547348022,0.37037037037037035,0.5185185185185185,7.52,5.84,False,False,-0.04197143018245697,0.14814814814814814
C2_0,it0346,0.4715007543563843,0.30032286047935486,0.043478260869565216,0.17391304347826086,6.96,5.12,False,False,-0.17117789387702942,0.13043478260869565
C2_0,it0347,0.4637305736541748,0.4285096228122711,0.3076923076923077,0.23076923076923078,11.76,13.76,False,False,-0.035220950841903687,-0.07692307692307693
C2_0,it0348,0.3557645082473755,0.3156041204929352,0.13333333333333333,0.0,4.08,4.0,False,False,-0.04016038775444031,-0.13333333333333333
C2_0,it0349,0.25446996092796326,0.518474817276001,0.18181818181818182,0.18181818181818182,12.16,14.96,False,False,0.2640048563480377,0.0
C2_0,it0350,0.4307461082935333,0.3703024387359619,0.17857142857142858,0.03571428571428571,7.44,9.2,False,False,-0.06044366955757141,-0.14285714285714285
C2_0,it0351,0.38607510924339294,0.40369680523872375,0.13636363636363635,0.045454545454545456,8.4,11.6,False,False,0.01762169599533081,-0.0909090909090909
C2_0,it0352,0.3084145188331604,0.3321172297000885,0.08333333333333333,0.041666666666666664,8.64,8.08,False,False,0.0237027108669281,-0.041666666666666664
C2_0,it0353,0.3072167932987213,0.3382229208946228,0.038461538461538464,0.0,6.8,7.6,False,False,0.03100612759590149,-0.038461538461538464
C2_0,it0354,0.282084196805954,0.5116536021232605,0.0,0.05,6.0,6.08,False,False,0.22956940531730652,0.05
C2_0,it0355,0.3232334852218628,0.3768773078918457,0.07407407407407407,0.14814814814814814,9.12,7.12,False,False,0.05364382266998291,0.07407407407407407
C2_0,it0356,0.2761865556240082,0.33147555589675903,0.6153846153846154,0.23076923076923078,4.48,4.88,False,False,0.055289000272750854,-0.38461538461538464
C2_0,it0357,0.4609982967376709,0.43557626008987427,0.13333333333333333,0.0,8.32,6.56,False,False,-0.02542203664779663,-0.13333333333333333
C2_0,it0358,0.26518434286117554,0.38960593938827515,0.391304347826087,0.17391304347826086,8.96,8.48,False,False,0.12442159652709961,-0.2173913043478261
C2_0,it0359,0.5389703512191772,0.5670377612113953,0.4772727272727273,0.2727272727272727,13.52,10.4,False,False,0.028067409992218018,-0.20454545454545459
C2_0,it0360,0.6239933371543884,0.5496853590011597,0.0,0.0,6.96,7.76,False,False,-0.07430797815322876,0.0
C2_0,it0361,0.27920210361480713,0.21000903844833374,0.058823529411764705,0.17647058823529413,6.4,5.52,False,False,-0.06919306516647339,0.11764705882352942
C2_0,it0362,0.32768023014068604,0.4461931586265564,0.13333333333333333,0.13333333333333333,4.16,5.04,False,False,0.11851292848587036,0.0
C2_0,it0363,0.48894572257995605,0.5464551448822021,0.17073170731707318,0.12195121951219512,12.64,13.36,False,False,0.057509422302246094,-0.048780487804878064
C2_0,it0364,0.536494255065918,0.5942047238349915,0.2,0.12,8.4,8.56,False,False,0.057710468769073486,-0.08000000000000002
C2_0,it0365,0.5627590417861938,0.4815758764743805,0.2,0.1,4.56,5.04,False,False,-0.08118316531181335,-0.1
C2_0,it0366,0.3332606256008148,0.2529630661010742,0.15384615384615385,0.19230769230769232,9.04,7.68,False,False,-0.0802975594997406,0.038461538461538464
C2_0,it0367,0.28679901361465454,0.24086686968803406,0.3,0.14,14.64,14.96,False,False,-0.04593214392662048,-0.15999999999999998
C2_0,it0368,0.2632930874824524,0.476815402507782,0.09523809523809523,0.23809523809523808,6.24,5.92,False,False,0.2135223150253296,0.14285714285714285
C2_0,it0369,0.43384239077568054,0.3819272816181183,0.0625,0.0625,4.72,6.08,False,False,-0.051915109157562256,0.0
C2_0,it0370,0.4613676965236664,0.5436886548995972,0.16,0.24,9.68,13.44,False,False,0.08232095837593079,0.07999999999999999
C2_0,it0371,0.04317291080951691,0.033654943108558655,0.09375,0.21875,9.12,14.96,False,False,-0.009517967700958252,0.125
C2_0,it0372,0.4903537929058075,0.5266082882881165,0.10344827586206896,0.034482758620689655,8.4,7.6,False,False,0.03625449538230896,-0.06896551724137931
C2_0,it0373,0.5217004418373108,0.5254045724868774,0.0,0.0,10.24,13.28,False,False,0.0037041306495666504,0.0
C2_0,it0374,0.23305991291999817,0.44624194502830505,0.4444444444444444,0.0,5.68,5.92,False,False,0.21318203210830688,-0.4444444444444444
C2_0,it0375,0.24407508969306946,0.23564954102039337,0.0,0.0,4.0,4.24,False,False,-0.008425548672676086,0.0
C2_0,it0376,0.4973049759864807,0.34822338819503784,0.2777777777777778,0.16666666666666666,6.24,6.0,False,False,-0.14908158779144287,-0.11111111111111113
C2_0,it0377,0.33030980825424194,0.3178173005580902,0.0,0.04,7.84,10.08,False,False,-0.012492507696151733,0.04
C2_0,it0378,0.49876827001571655,0.4437137246131897,0.3333333333333333,0.3333333333333333,5.04,12.4,False,False,-0.055054545402526855,0.0
C2_0,it0379,0.26851826906204224,0.32001322507858276,0.05263157894736842,0.05263157894736842,5.28,6.48,False,False,0.05149495601654053,0.0
C2_0,it0380,0.31420978903770447,0.3978816866874695,0.10526315789473684,0.21052631578947367,4.88,5.44,False,False,0.08367189764976501,0.10526315789473684
C2_0,it0381,0.3999388813972473,0.563156247138977,0.46153846153846156,0.0,4.8,6.24,False,False,0.16321736574172974,-0.46153846153846156
C2_0,it0382,0.4443771243095398,0.47415125370025635,0.0,0.18181818181818182,6.72,11.76,False,False,0.029774129390716553,0.18181818181818182
C2_0,it0383,0.2014131098985672,0.38813498616218567,0.20512820512820512,0.10256410256410256,10.56,10.56,False,False,0.18672187626361847,-0.10256410256410256
C2_0,it0384,0.2128380835056305,0.3978983163833618,0.26666666666666666,0.4,4.0,4.4,False,False,0.18506023287773132,0.13333333333333336
C2_0,it0385,0.24730980396270752,0.18756800889968872,0.75,0.3333333333333333,4.24,7.28,False,False,-0.0597417950630188,-0.4166666666666667
C2_0,it0386,0.5715746879577637,0.4942697286605835,0.21428571428571427,0.14285714285714285,4.72,4.08,False,False,-0.07730495929718018,-0.07142857142857142
C2_0,it0387,0.3783649206161499,0.41018444299697876,0.030303030303030304,0.09090909090909091,11.36,12.8,False,False,0.03181952238082886,0.06060606060606061
C2_0,it0388,0.46124163269996643,0.352932333946228,0.0,0.10526315789473684,6.64,6.32,False,False,-0.1083092987537384,0.10526315789473684
C2_0,it0389,0.5915378332138062,0.6718279719352722,0.13043478260869565,0.06521739130434782,14.48,14.96,False,False,0.08029013872146606,-0.06521739130434782
C2_0,it0390,0.4805397391319275,0.3944244086742401,0.16279069767441862,0.16279069767441862,11.76,13.2,False,False,-0.08611533045768738,0.0
C2_0,it0391,0.3561343550682068,0.48086124658584595,0.08695652173913043,0.0,8.96,9.92,False,False,0.12472689151763916,-0.08695652173913043
C2_0,it0392,0.19017194211483002,0.32236531376838684,0.14285714285714285,0.19047619047619047,7.68,7.6,False,False,0.13219337165355682,0.047619047619047616
C2_0,it0393,0.3044397234916687,0.3962394893169403,0.0,0.0,4.88,6.16,False,False,0.0917997658252716,0.0
C2_0,it0394,0.49276813864707947,0.5286712050437927,0.04,0.0,6.8,7.6,False,False,0.03590306639671326,-0.04
C2_0,it0395,0.18994837999343872,0.16272608935832977,0.35294117647058826,0.35294117647058826,5.68,4.88,False,False,-0.027222290635108948,0.0
C2_0,it0396,0.3896091878414154,0.5621393918991089,0.35,0.25,6.24,6.96,False,False,0.17253020405769348,-0.09999999999999998
C2_0,it0397,0.4246484041213989,0.4471980929374695,0.05263157894736842,0.05263157894736842,6.4,7.04,False,False,0.022549688816070557,0.0
C2_0,it0398,0.4779103994369507,0.4219105839729309,0.3,0.3,6.48,4.32,False,False,-0.055999815464019775,0.0
C2_0,it0399,0.38187283277511597,0.28324735164642334,0.2777777777777778,0.2222222222222222,5.12,5.84,False,False,-0.09862548112869263,-0.05555555555555558
C2_1,it0000,0.3447449505329132,0.4993543028831482,0.4782608695652174,0.13043478260869565,12.16,9.44,False,False,0.15460935235023499,-0.34782608695652173
C2_1,it0001,0.17665612697601318,0.3758675456047058,0.3888888888888889,0.7222222222222222,4.96,9.84,False,False,0.19921141862869263,0.3333333333333333
C2_1,it0002,0.2613866329193115,0.3668114244937897,0.4,0.4666666666666667,5.12,12.32,False,False,0.10542479157447815,0.06666666666666665
C2_1,it0003,0.11121955513954163,0.4415454864501953,0.06666666666666667,0.13333333333333333,5.2,7.28,False,False,0.3303259313106537,0.06666666666666667
C2_1,it0004,0.23598550260066986,0.4414793848991394,0.125,0.3125,5.2,4.8,False,False,0.20549388229846954,0.1875
C2_1,it0005,0.46422097086906433,0.3847663998603821,0.14814814814814814,0.07407407407407407,7.2,8.32,False,False,-0.07945457100868225,-0.07407407407407407
C2_1,it0006,0.32328206300735474,0.407216340303421,0.5,0.2777777777777778,6.48,7.2,False,False,0.08393427729606628,-0.2222222222222222
C2_1,it0007,0.35323962569236755,0.33788955211639404,0.25,0.1590909090909091,13.52,8.96,False,False,-0.01535007357597351,-0.09090909090909091
C2_1,it0008,0.2516566514968872,0.17042259871959686,0.2857142857142857,0.23809523809523808,6.4,5.92,False,False,-0.08123405277729034,-0.047619047619047616
C2_1,it0009,0.5100152492523193,0.5126638412475586,0.14814814814814814,0.037037037037037035,7.84,6.32,False,False,0.002648591995239258,-0.1111111111111111
C2_1,it0010,0.5483810901641846,0.4575512111186981,0.3333333333333333,0.3888888888888889,6.88,6.08,False,False,-0.09082987904548645,0.05555555555555558
C2_1,it0011,0.3980095386505127,0.32352474331855774,0.0,0.0,8.08,9.68,False,False,-0.07448479533195496,0.0
C2_1,it0012,0.33833783864974976,0.2910732626914978,0.6896551724137931,0.7241379310344828,8.72,6.4,False,False,-0.04726457595825195,0.03448275862068961
C2_1,it0013,0.39461642503738403,0.5562163591384888,0.14814814814814814,0.07407407407407407,9.12,12.24,False,False,0.16159993410110474,-0.07407407407407407
C2_1,it0014,0.3800438642501831,0.3917721211910248,0.2,0.2,5.68,5.2,False,False,0.011728256940841675,0.0
C2_1,it0015,0.5902151465415955,0.3642690181732178,0.29411764705882354,0.17647058823529413,4.24,3.28,False,False,-0.22594612836837769,-0.11764705882352941
C2_1,it0016,0.47719475626945496,0.5362473726272583,0.20588235294117646,0.2647058823529412,9.28,9.2,False,False,0.059052616357803345,0.05882352941176472
C2_1,it0017,0.3433108925819397,0.4144234359264374,0.2,0.13333333333333333,4.32,3.52,False,False,0.07111254334449768,-0.06666666666666668
C2_1,it0018,0.30756044387817383,0.14397212862968445,0.2647058823529412,0.029411764705882353,10.0,9.76,False,False,-0.16358831524848938,-0.23529411764705882
C2_1,it0019,0.5074397325515747,0.48009225726127625,0.391304347826087,0.1956521739130435,12.56,10.16,False,False,-0.027347475290298462,-0.1956521739130435
C2_1,it0020,0.2622600495815277,0.3067224621772766,0.38461538461538464,0.3076923076923077,4.24,4.64,False,False,0.0444624125957489,-0.07692307692307693
C2_1,it0021,0.4664686918258667,0.33415260910987854,0.36363636363636365,0.3939393939393939,9.76,11.52,False,False,-0.13231608271598816,0.030303030303030276
C2_1,it0022,0.3875791132450104,0.3754115104675293,0.45,0.3,12.24,14.96,False,False,-0.012167602777481079,-0.15000000000000002
C2_1,it0023,0.48669424653053284,0.46559566259384155,0.2222222222222222,0.5,4.88,3.84,False,False,-0.021098583936691284,0.2777777777777778
C2_1,it0024,0.45525413751602173,0.4884985685348511,0.21428571428571427,0.2857142857142857,4.56,4.4,False,False,0.033244431018829346,0.07142857142857142
C2_1,it0025,0.5071314573287964,0.5243874788284302,0.25,0.2,6.48,4.32,False,False,0.01725602149963379,-0.04999999999999999
C2_1,it0026,0.2714542746543884,0.14893905818462372,0.1875,0.25,4.48,4.16,False,False,-0.12251521646976471,0.0625
C2_1,it0027,0.5929320454597473,0.44533464312553406,0.125,0.25,5.04,4.88,False,False,-0.14759740233421326,0.125
C2_1,it0028,0.5110917091369629,0.4717714786529541,0.14285714285714285,0.40476190476190477,12.56,9.92,False,False,-0.03932023048400879,0.2619047619047619
C2_1,it0029,0.39538833498954773,0.3281724154949188,0.125,0.125,4.56,4.56,False,False,-0.0672159194946289,0.0
C2_1,it0030,0.44364655017852783,0.3768210709095001,0.0,0.16,7.44,5.84,False,False,-0.06682547926902771,0.16
C2_1,it0031,0.3728751540184021,0.2438528835773468,0.3888888888888889,0.2777777777777778,5.68,6.96,False,False,-0.1290222704410553,-0.1111111111111111
C2_1,it0032,0.35798949003219604,0.5357624888420105,0.3333333333333333,0.2962962962962963,8.56,7.36,False,False,0.17777299880981445,-0.037037037037037035
C2_1,it0033,0.3617746829986572,0.2528844475746155,0.15384615384615385,0.15384615384615385,4.72,6.16,False,False,-0.10889023542404175,0.0
C2_1,it0034,0.14631535112857819,0.13887999951839447,0.16666666666666666,0.3333333333333333,9.28,12.4,False,False,-0.007435351610183716,0.16666666666666666
C2_1,it0035,0.036574870347976685,0.13848817348480225,0.46153846153846156,0.5384615384615384,5.36,3.92,False,False,0.10191330313682556,0.07692307692307687
C2_1,it0036,0.5490034222602844,0.5130208134651184,0.2777777777777778,0.3333333333333333,5.52,3.36,False,False,-0.035982608795166016,0.055555555555555525
C2_1,it0037,0.5389184951782227,0.4822033941745758,0.0,0.26666666666666666,5.68,8.88,False,False,-0.05671510100364685,0.26666666666666666
C2_1,it0038,0.18463478982448578,0.23388135433197021,0.10810810810810811,0.16216216216216217,13.92,14.96,False,False,0.049246564507484436,0.05405405405405406
C2_1,it0039,0.43483179807662964,0.4557581841945648,0.3902439024390244,0.0975609756097561,13.6,14.96,False,False,0.02092638611793518,-0.29268292682926833
C2_1,it0040,0.3381922245025635,0.09845371544361115,0.4,0.3333333333333333,4.48,6.32,False,False,-0.23973850905895233,-0.06666666666666671
C2_1,it0041,0.3189244568347931,0.3503325879573822,0.09090909090909091,0.22727272727272727,7.36,6.72,False,False,0.03140813112258911,0.13636363636363635
C2_1,it0042,0.1735677421092987,0.3265365660190582,0.2962962962962963,0.5555555555555556,8.64,8.64,False,False,0.15296882390975952,0.2592592592592593
C2_1,it0043,0.14814384281635284,0.2274388074874878,0.0,0.0,7.68,6.72,False,False,0.07929496467113495,0.0
C2_1,it0044,0.34740832448005676,0.5678452253341675,0.4,0.64,7.36,6.8,False,False,0.22043690085411072,0.24
C2_1,it0045,0.4036446511745453,0.3053266704082489,0.23333333333333334,0.26666666666666666,9.84,7.68,False,False,-0.09831798076629639,0.033333333333333326
C2_1,it0046,0.30784136056900024,0.26477330923080444,0.3125,0.125,5.92,5.52,False,False,-0.0430680513381958,-0.1875
C2_1,it0047,0.11534105986356735,0.2633918225765228,0.35,0.55,8.56,9.44,False,False,0.14805076271295547,0.20000000000000007
C2_1,it0048,0.39898544549942017,0.34995409846305847,0.25,0.375,4.64,10.16,False,False,-0.049031347036361694,0.125
C2_1,it0049,0.2734190821647644,0.45709630846977234,0.18181818181818182,0.3181818181818182,5.92,7.44,False,False,0.18367722630500793,0.13636363636363635
C2_1,it0050,-0.05806812271475792,0.04824445769190788,0.5,0.5909090909090909,5.76,9.6,False,False,0.1063125804066658,0.09090909090909094
C2_1,it0051,0.3847416639328003,0.3940892815589905,0.1724137931034483,0.1724137931034483,10.08,7.52,False,False,0.009347617626190186,0.0
C2_1,it0052,0.4292569160461426,0.30944621562957764,0.06666666666666667,0.0,4.24,6.0,False,False,-0.11981070041656494,-0.06666666666666667
C2_1,it0053,0.3508654236793518,0.18783293664455414,0.40540540540540543,0.5675675675675675,12.56,10.88,False,False,-0.16303248703479767,0.16216216216216212
C2_1,it0054,0.0661405622959137,0.14987623691558838,0.625,0.08333333333333333,6.48,6.0,False,False,0.08373567461967468,-0.5416666666666666
C2_1,it0055,0.4836592972278595,0.4304676651954651,0.15384615384615385,0.2692307692307692,7.2,8.56,False,False,-0.05319163203239441,0.11538461538461536
C2_1,it0056,0.1920652836561203,0.20159777998924255,0.15,0.1,7.52,10.0,False,False,0.009532496333122253,-0.04999999999999999
C2_1,it0057,0.1955954134464264,0.35067716240882874,0.29411764705882354,0.4117647058823529,10.72,7.12,False,False,0.15508174896240234,0.11764705882352938
C2_1,it0058,0.35282599925994873,0.24507378041744232,0.16666666666666666,0.4166666666666667,4.56,4.0,False,False,-0.10775221884250641,0.25
C2_1,it0059,0.5054857134819031,0.5847219824790955,0.21428571428571427,0.2857142857142857,8.16,5.84,False,False,0.07923626899719238,0.07142857142857142
C2_1,it0060,0.2910560667514801,0.33067652583122253,0.29411764705882354,0.058823529411764705,5.12,5.92,False,False,0.03962045907974243,-0.23529411764705882
C2_1,it0061,0.505757212638855,0.527962863445282,0.14285714285714285,0.05714285714285714,9.84,7.12,False,False,0.022205650806427002,-0.08571428571428572
C2_1,it0062,0.5463021397590637,0.6011345386505127,0.19047619047619047,0.14285714285714285,6.16,8.24,False,False,0.054832398891448975,-0.047619047619047616
C2_1,it0063,0.24885998666286469,0.35847461223602295,0.2413793103448276,0.2413793103448276,9.12,14.96,False,False,0.10961462557315826,0.0
C2_1,it0064,0.44814714789390564,0.31549549102783203,0.1111111111111111,0.3333333333333333,5.44,5.28,False,False,-0.1326516568660736,0.2222222222222222
C2_1,it0065,0.544135570526123,0.4950530230998993,0.1282051282051282,0.1794871794871795,10.8,8.8,False,False,-0.049082547426223755,0.051282051282051294
C2_1,it0066,0.3772227168083191,0.42296090722084045,0.3333333333333333,0.19047619047619047,7.2,5.12,False,False,0.04573819041252136,-0.14285714285714285
C2_1,it0067,0.19419069588184357,0.22304806113243103,0.05555555555555555,0.2222222222222222,4.56,5.28,False,False,0.028857365250587463,0.16666666666666666
C2_1,it0068,0.6069011092185974,0.5099023580551147,0.05128205128205128,0.0,13.28,11.28,False,False,-0.09699875116348267,-0.05128205128205128
C2_1,it0069,0.26422321796417236,0.14292864501476288,0.13636363636363635,0.3181818181818182,7.52,6.08,False,False,-0.12129457294940948,0.18181818181818182
C2_1,it0070,0.34645721316337585,0.21617306768894196,0.2,0.26666666666666666,4.48,4.88,False,False,-0.1302841454744339,0.06666666666666665
C2_1,it0071,0.4159679710865021,0.5865866541862488,0.2857142857142857,0.39285714285714285,7.52,4.96,False,False,0.1706186830997467,0.10714285714285715
C2_1,it0072,0.4863571524620056,0.5088651776313782,0.13636363636363635,0.045454545454545456,8.96,11.2,False,False,0.02250802516937256,-0.0909090909090909
C2_1,it0073,0.25904330611228943,0.15834146738052368,0.5517241379310345,0.4482758620689655,6.88,11.12,False,False,-0.10070183873176575,-0.10344827586206895
C2_1,it0074,0.3101782202720642,0.31899064779281616,0.13333333333333333,0.5333333333333333,5.36,10.24,False,False,0.008812427520751953,0.4
C2_1,it0075,0.24847263097763062,0.42090460658073425,0.08695652173913043,0.0,7.84,11.36,False,False,0.17243197560310364,-0.08695652173913043
C2_1,it0076,0.2685348689556122,0.21594884991645813,0.30434782608695654,0.21739130434782608,5.92,8.0,False,False,-0.05258601903915405,-0.08695652173913046
C2_1,it0077,0.2666773796081543,0.44067150354385376,0.3333333333333333,0.25,4.8,6.08,False,False,0.17399412393569946,-0.08333333333333331
C2_1,it0078,0.24987924098968506,0.23844388127326965,0.09523809523809523,0.0,7.36,10.0,False,False,-0.011435359716415405,-0.09523809523809523
C2_1,it0079,0.4959622621536255,0.49674415588378906,0.16666666666666666,0.16666666666666666,9.12,10.24,False,False,0.0007818937301635742,0.0
C2_1,it0080,0.19950267672538757,0.22067369520664215,0.34146341463414637,0.4634146341463415,12.0,14.08,False,False,0.021171018481254578,0.12195121951219512
C2_1,it0081,0.356282114982605,0.26109981536865234,0.21428571428571427,0.10714285714285714,8.24,7.76,False,False,-0.09518229961395264,-0.10714285714285714
C2_1,it0082,0.4642060399055481,0.4254779815673828,0.17647058823529413,0.058823529411764705,6.56,6.96,False,False,-0.03872805833816528,-0.11764705882352942
C2_1,it0083,0.3743142783641815,0.3525797128677368,0.08823529411764706,0.08823529411764706,12.4,14.72,False,False,-0.021734565496444702,0.0
C2_1,it0084,0.44043660163879395,0.48491933941841125,0.28888888888888886,0.08888888888888889,12.56,10.96,False,False,0.04448273777961731,-0.19999999999999996
C2_1,it0085,0.3763723373413086,0.5329970121383667,0.14285714285714285,0.21428571428571427,4.72,5.6,False,False,0.1566246747970581,0.07142857142857142
C2_1,it0086,0.5636743307113647,0.4473494291305542,0.17647058823529413,0.4117647058823529,4.64,8.56,False,False,-0.11632490158081055,0.2352941176470588
C2_1,it0087,0.5775017142295837,0.671176552772522,0.1875,0.3125,4.48,9.52,False,False,0.09367483854293823,0.125
C2_1,it0088,0.29565364122390747,0.28974246978759766,0.0,0.09523809523809523,6.4,8.0,False,False,-0.0059111714363098145,0.09523809523809523
C2_1,it0089,0.15742312371730804,0.30231183767318726,0.041666666666666664,0.0,7.68,7.92,False,False,0.1448887139558792,-0.041666666666666664
C2_1,it0090,0.4704616367816925,0.5044791102409363,0.11764705882352941,0.17647058823529413,6.24,6.8,False,False,0.034017473459243774,0.05882352941176472
C2_1,it0091,0.49024856090545654,0.5577179789543152,0.16129032258064516,0.2903225806451613,9.2,7.68,False,False,0.06746941804885864,0.12903225806451615
C2_1,it0092,0.3414277732372284,0.3566820025444031,0.02857142857142857,0.14285714285714285,10.32,10.0,False,False,0.015254229307174683,0.11428571428571428
C2_1,it0093,0.20173314213752747,0.46207740902900696,0.21052631578947367,0.0,5.76,4.48,False,False,0.2603442668914795,-0.21052631578947367
C2_1,it0094,0.44122543931007385,0.4736337661743164,0.0,0.0,5.12,4.56,False,False,0.032408326864242554,0.0
C2_1,it0095,0.4185989201068878,0.5360392332077026,0.38095238095238093,0.38095238095238093,6.64,6.72,False,False,0.11744031310081482,0.0
C2_1,it0096,0.40801480412483215,0.4016282558441162,0.5,0.2727272727272727,6.48,8.48,False,False,-0.006386548280715942,-0.2272727272727273
C2_1,it0097,0.5227208733558655,0.5364499688148499,0.15,0.0,6.56,7.6,False,False,0.013729095458984375,-0.15
C2_1,it0098,0.3964395821094513,0.37601232528686523,0.2222222222222222,0.2222222222222222,9.12,10.64,False,False,-0.02042725682258606,0.0
C2_1,it0099,0.11161212623119354,0.037616364657878876,0.17391304347826086,0.0,6.16,6.24,False,False,-0.07399576157331467,-0.17391304347826086
C2_1,it0100,0.6135945916175842,0.4718993902206421,0.0,0.07692307692307693,4.64,4.24,False,False,-0.14169520139694214,0.07692307692307693
C2_1,it0101,0.2132030725479126,0.22940625250339508,0.18421052631578946,0.10526315789473684,12.4,11.04,False,False,0.016203179955482483,-0.07894736842105263
C2_1,it0102,0.22123472392559052,0.4908970296382904,0.23076923076923078,0.0,4.96,6.72,False,False,0.2696623057126999,-0.23076923076923078
C2_1,it0103,0.3368659019470215,0.3829527795314789,0.36363636363636365,0.4090909090909091,6.64,7.36,False,False,0.0460868775844574,0.04545454545454547
C2_1,it0104,0.46033719182014465,0.4658718705177307,0.0,0.20833333333333334,5.6,5.52,False,False,0.00553467869758606,0.20833333333333334
C2_1,it0105,0.45678430795669556,0.6162921786308289,0.2571428571428571,0.2857142857142857,11.2,14.96,False,False,0.1595078706741333,0.02857142857142858
C2_1,it0106,0.32447391748428345,0.39585649967193604,0.375,0.0,6.8,9.6,False,False,0.07138258218765259,-0.375
C2_1,it0107,0.4561620354652405,0.3700868487358093,0.21739130434782608,0.17391304347826086,8.16,8.88,False,False,-0.08607518672943115,-0.043478260869565216
C2_1,it0108,0.19218239188194275,0.26370862126350403,0.1875,0.125,5.04,7.6,False,False,0.07152622938156128,-0.0625
C2_1,it0109,0.37918221950531006,0.34291234612464905,0.21052631578947367,0.10526315789473684,6.24,8.08,False,False,-0.03626987338066101,-0.10526315789473684
C2_1,it0110,0.1813855916261673,0.1623220294713974,0.4,0.4,8.56,8.24,False,False,-0.019063562154769897,0.0
C2_1,it0111,0.20555464923381805,0.09248752892017365,0.42424242424242425,0.42424242424242425,10.16,9.04,False,False,-0.11306712031364441,0.0
C2_1,it0112,0.5928758978843689,0.5613889098167419,0.13636363636363635,0.29545454545454547,14.8,13.68,False,False,-0.03148698806762695,0.15909090909090912
C2_1,it0113,0.4821152091026306,0.4038954973220825,0.22727272727272727,0.11363636363636363,14.4,12.24,False,False,-0.0782197117805481,-0.11363636363636363
C2_1,it0114,0.48493847250938416,0.38932159543037415,0.5,0.2222222222222222,5.52,5.84,False,False,-0.09561687707901001,-0.2777777777777778
C2_1,it0115,0.1891338974237442,0.19518573582172394,0.07142857142857142,0.0,4.08,4.4,False,False,0.006051838397979736,-0.07142857142857142
C2_1,it0116,0.27724894881248474,0.39504003524780273,0.29411764705882354,0.8235294117647058,4.96,12.96,False,False,0.117791086435318,0.5294117647058822
C2_1,it0117,0.47894856333732605,0.5172905921936035,0.08823529411764706,0.029411764705882353,10.24,10.48,False,False,0.038342028856277466,-0.05882352941176471
C2_1,it0118,0.5296351909637451,0.48541396856307983,0.28846153846153844,0.17307692307692307,14.96,12.32,False,False,-0.04422122240066528,-0.11538461538461536
C2_1,it0119,0.4656277894973755,0.5559278726577759,0.21428571428571427,0.07142857142857142,4.64,6.72,False,False,0.09030008316040039,-0.14285714285714285
C2_1,it0120,0.47255295515060425,0.5178633332252502,0.0,0.2,5.76,8.0,False,False,0.045310378074645996,0.2
C2_1,it0121,0.415488600730896,0.31109419465065,0.4,0.15,6.24,6.4,False,False,-0.10439440608024597,-0.25
C2_1,it0122,0.34067878127098083,0.3312814235687256,0.3181818181818182,0.45454545454545453,8.32,8.16,False,False,-0.009397357702255249,0.13636363636363635
C2_1,it0123,0.28569480776786804,0.4320948123931885,0.17647058823529413,0.29411764705882354,5.12,4.48,False,False,0.14640000462532043,0.11764705882352941
C2_1,it0124,0.42200058698654175,0.3340311646461487,0.24242424242424243,0.45454545454545453,11.92,7.44,False,False,-0.08796942234039307,0.2121212121212121
C2_1,it0125,0.39787209033966064,0.32668542861938477,0.1282051282051282,0.28205128205128205,11.52,14.56,False,False,-0.07118666172027588,0.15384615384615385
C2_1,it0126,0.5518378615379333,0.31780728697776794,0.1875,0.0,4.24,6.4,False,False,-0.2340305745601654,-0.1875
C2_1,it0127,0.29680442810058594,0.28734081983566284,0.23529411764705882,0.058823529411764705,5.44,5.44,False,False,-0.009463608264923096,-0.1764705882352941
C2_1,it0128,0.26633501052856445,0.22404079139232635,0.15,0.2,5.04,5.84,False,False,-0.0422942191362381,0.05000000000000002
C2_1,it0129,0.22571887075901031,0.25581061840057373,0.23529411764705882,0.29411764705882354,5.76,6.8,False,False,0.030091747641563416,0.05882352941176472
C2_1,it0130,0.3428846597671509,0.337248295545578,0.2,0.1,4.08,7.44,False,False,-0.005636364221572876,-0.1
C2_1,it0131,0.4150930941104889,0.39925941824913025,0.1935483870967742,0.1935483870967742,10.4,9.76,False,False,-0.015833675861358643,0.0
C2_1,it0132,0.2150651067495346,0.17057359218597412,0.07142857142857142,0.0,4.48,8.0,False,False,-0.044491514563560486,-0.07142857142857142
C2_1,it0133,0.48154324293136597,0.4930495321750641,0.03571428571428571,0.10714285714285714,8.4,10.0,False,False,0.01150628924369812,0.07142857142857142
C2_1,it0134,0.38953328132629395,0.3021557033061981,0.23684210526315788,0.0,11.76,11.84,False,False,-0.08737757802009583,-0.23684210526315788
C2_1,it0135,0.2765263020992279,0.3566059470176697,0.10256410256410256,0.1282051282051282,11.52,9.84,False,False,0.08007964491844177,0.025641025641025633
C2_1,it0136,0.34294813871383667,0.34501031041145325,0.15,0.0,6.64,10.4,False,False,0.002062171697616577,-0.15
C2_1,it0137,0.46934953331947327,0.2528700828552246,0.25,0.4166666666666667,4.24,9.84,False,False,-0.21647945046424866,0.16666666666666669
C2_1,it0138,0.6264069676399231,0.6227109432220459,0.6111111111111112,0.2222222222222222,5.92,6.8,False,False,-0.0036960244178771973,-0.38888888888888895
C2_1,it0139,0.4598293602466583,0.300429105758667,0.16666666666666666,0.0,5.68,6.0,False,False,-0.15940025448799133,-0.16666666666666666
C2_1,it0140,0.16877210140228271,0.2320142388343811,0.08333333333333333,0.125,7.84,9.36,False,False,0.06324213743209839,0.04166666666666667
C2_1,it0141,0.6041752099990845,0.5439546704292297,0.5666666666666667,0.4666666666666667,9.92,9.12,False,False,-0.060220539569854736,-0.09999999999999998
C2_1,it0142,0.29399266839027405,0.26736077666282654,0.2,0.4,6.72,6.96,False,False,-0.02663189172744751,0.2
C2_1,it0143,0.35613512992858887,0.33054956793785095,0.0625,0.0625,5.28,5.84,False,False,-0.025585561990737915,0.0
C2_1,it0144,0.34507569670677185,0.3455316424369812,0.21428571428571427,0.03571428571428571,9.04,9.12,False,False,0.0004559457302093506,-0.17857142857142855
C2_1,it0145,0.5798786282539368,0.625429093837738,0.05,0.125,13.12,12.64,False,False,0.04555046558380127,0.075
C2_1,it0146,0.4066975712776184,0.37037304043769836,0.1,0.0,5.52,7.76,False,False,-0.036324530839920044,-0.1
C2_1,it0147,0.33563098311424255,0.4237925112247467,0.043478260869565216,0.0,6.0,8.72,False,False,0.08816152811050415,-0.043478260869565216
C2_1,it0148,0.135943204164505,0.1382792592048645,0.10714285714285714,0.21428571428571427,8.56,5.92,False,False,0.002336055040359497,0.10714285714285714
C2_1,it0149,0.4156666100025177,0.4616091251373291,0.21428571428571427,0.14285714285714285,4.08,3.44,False,False,0.0459425151348114,-0.07142857142857142
C2_1,it0150,0.43167877197265625,0.3498782813549042,0.15384615384615385,0.11538461538461539,7.52,6.56,False,False,-0.08180049061775208,-0.038461538461538464
C2_1,it0151,0.5890592336654663,0.49754568934440613,0.0,0.0,5.04,4.4,False,False,-0.09151354432106018,0.0
C2_1,it0152,0.2657794952392578,0.3589306175708771,0.0,0.0,5.44,6.16,False,False,0.09315112233161926,0.0
C2_1,it0153,0.379262238740921,0.34342384338378906,0.14285714285714285,0.30952380952380953,13.52,11.44,False,False,-0.03583839535713196,0.16666666666666669
C2_1,it0154,-0.01725764200091362,0.05157964304089546,0.0,0.05263157894736842,5.92,6.24,False,False,0.06883728504180908,0.05263157894736842
C2_1,it0155,0.3262332081794739,0.061141837388277054,0.14285714285714285,0.07142857142857142,8.16,11.68,False,False,-0.2650913707911968,-0.07142857142857142
C2_1,it0156,0.2936767339706421,0.2872505784034729,0.23809523809523808,0.14285714285714285,7.2,7.84,False,False,-0.0064261555671691895,-0.09523809523809523
C2_1,it0157,0.4298669993877411,0.4521435499191284,0.18604651162790697,0.11627906976744186,13.84,13.36,False,False,0.02227655053138733,-0.06976744186046512
C2_1,it0158,0.2907021939754486,0.3924098610877991,0.10526315789473684,0.2631578947368421,6.08,8.0,False,False,0.10170766711235046,0.15789473684210525
C2_1,it0159,0.30828332901000977,0.1750478297472,0.07142857142857142,0.0,4.24,5.12,False,False,-0.13323549926280975,-0.07142857142857142
C2_1,it0160,0.47695255279541016,0.45221585035324097,0.16129032258064516,0.3225806451612903,8.96,9.76,False,False,-0.02473670244216919,0.16129032258064516
C2_1,it0161,0.3444436490535736,0.38660645484924316,0.10344827586206896,0.06896551724137931,7.84,7.84,False,False,0.042162805795669556,-0.034482758620689655
C2_1,it0162,0.184919536113739,0.24033012986183167,0.2222222222222222,0.3333333333333333,7.44,6.4,False,False,0.05541059374809265,0.1111111111111111
C2_1,it0163,0.260909765958786,0.3591657876968384,0.058823529411764705,0.11764705882352941,4.4,4.96,False,False,0.09825602173805237,0.058823529411764705
C2_1,it0164,0.3545016646385193,0.2925233244895935,0.0967741935483871,0.1935483870967742,8.4,6.48,False,False,-0.06197834014892578,0.0967741935483871
C2_1,it0165,0.3522273898124695,0.31994158029556274,0.21212121212121213,0.18181818181818182,12.32,14.96,False,False,-0.03228580951690674,-0.030303030303030304
C2_1,it0166,0.20078228414058685,0.22588074207305908,0.3333333333333333,0.3333333333333333,4.16,9.6,False,False,0.02509845793247223,0.0
C2_1,it0167,0.43508368730545044,0.5110112428665161,0.2631578947368421,0.05263157894736842,6.0,7.12,False,False,0.07592755556106567,-0.21052631578947367
C2_1,it0168,0.30446743965148926,0.34155115485191345,0.3,0.5,4.16,3.44,False,False,0.037083715200424194,0.2
C2_1,it0169,0.39352697134017944,0.443616658449173,0.2,0.2,6.4,8.56,False,False,0.05008968710899353,0.0
C2_1,it0170,0.21687568724155426,0.3131510317325592,0.29411764705882354,0.23529411764705882,5.2,6.56,False,False,0.09627534449100494,-0.05882352941176472
C2_1,it0171,0.5663436651229858,0.5484365224838257,0.047619047619047616,0.2857142857142857,7.44,6.0,False,False,-0.017907142639160156,0.23809523809523808
C2_1,it0172,0.21711106598377228,0.19494852423667908,0.04,0.0,7.68,6.88,False,False,-0.0221625417470932,-0.04
C2_1,it0173,0.5178251266479492,0.6704635620117188,0.03333333333333333,0.1,9.12,8.08,False,False,0.15263843536376953,0.06666666666666668
C2_1,it0174,0.3333689868450165,0.36766940355300903,0.1875,0.25,4.96,4.8,False,False,0.034300416707992554,0.0625
C2_1,it0175,0.15328720211982727,0.2695881128311157,0.2,0.2,5.12,9.76,False,False,0.11630091071128845,0.0
C2_1,it0176,0.2530497610569,0.3026403486728668,0.16666666666666666,0.16666666666666666,5.04,5.68,False,False,0.0495905876159668,0.0
C2_1,it0177,0.44705110788345337,0.4667999744415283,0.15789473684210525,0.15789473684210525,5.28,5.28,False,False,0.01974886655807495,0.0
C2_1,it0178,0.14673571288585663,0.2521868348121643,0.8823529411764706,0.7058823529411765,5.84,4.0,False,False,0.10545112192630768,-0.17647058823529405
C2_1,it0179,0.671416163444519,0.6119083166122437,0.12903225806451613,0.25806451612903225,11.12,10.4,False,False,-0.05950784683227539,0.12903225806451613
C2_1,it0180,0.5051450729370117,0.4245505630970001,0.0,0.07142857142857142,4.32,4.32,False,False,-0.0805945098400116,0.07142857142857142
C2_1,it0181,0.4230859577655792,0.358317106962204,0.024390243902439025,0.1951219512195122,12.96,14.96,False,False,-0.06476885080337524,0.17073170731707318
C2_1,it0182,0.4387013912200928,0.4424440860748291,0.36,0.28,6.8,5.04,False,False,0.003742694854736328,-0.07999999999999996
C2_1,it0183,0.3725045621395111,0.38174545764923096,0.08,0.04,6.48,5.68,False,False,0.009240895509719849,-0.04
C2_1,it0184,0.1410086452960968,0.2113959789276123,0.13333333333333333,0.4666666666666667,4.96,4.64,False,False,0.0703873336315155,0.33333333333333337
C2_1,it0185,0.5085523128509521,0.4646364450454712,0.22580645161290322,0.45161290322580644,9.92,6.32,False,False,-0.04391586780548096,0.22580645161290322
C2_1,it0186,0.40578413009643555,0.4631926417350769,0.3333333333333333,0.20833333333333334,6.08,5.84,False,False,0.05740851163864136,-0.12499999999999997
C2_1,it0187,0.448650985956192,0.341604620218277,0.25,0.125,4.56,4.0,False,False,-0.10704636573791504,-0.125
C2_1,it0188,0.39694100618362427,0.46983203291893005,0.3888888888888889,0.5,4.96,5.2,False,False,0.07289102673530579,0.1111111111111111
C2_1,it0189,0.1874738186597824,0.31648752093315125,0.3,0.0,5.6,5.04,False,False,0.12901370227336884,-0.3
C2_1,it0190,0.4594474732875824,0.4984568655490875,0.0625,0.125,5.92,5.68,False,False,0.03900939226150513,0.0625
C2_1,it0191,0.31257230043411255,0.2772139012813568,0.2,0.12,8.24,6.32,False,False,-0.03535839915275574,-0.08000000000000002
C2_1,it0192,0.46414270997047424,0.48158323764801025,0.2962962962962963,0.2962962962962963,7.68,7.04,False,False,0.01744052767753601,0.0
C2_1,it0193,0.2480245977640152,0.27203455567359924,0.1875,0.375,5.68,5.2,False,False,0.024009957909584045,0.1875
C2_1,it0194,0.5876222252845764,0.5168940424919128,0.047619047619047616,0.14285714285714285,6.56,5.44,False,False,-0.07072818279266357,0.09523809523809523
C2_1,it0195,0.37410399317741394,0.3372819721698761,0.46153846153846156,0.2692307692307692,8.64,6.48,False,False,-0.03682202100753784,-0.19230769230769235
C2_1,it0196,0.4027954936027527,0.4555368721485138,0.2857142857142857,0.2857142857142857,6.88,10.4,False,False,0.05274137854576111,0.0
C2_1,it0197,0.27075329422950745,0.36994653940200806,0.18181818181818182,0.0,4.72,5.76,False,False,0.09919324517250061,-0.18181818181818182
C2_1,it0198,0.11520935595035553,0.14473140239715576,0.0625,0.0,4.48,5.76,False,False,0.029522046446800232,-0.0625
C2_1,it0199,0.41979342699050903,0.33770129084587097,0.11764705882352941,0.0,6.08,6.56,False,False,-0.08209213614463806,-0.11764705882352941
C2_1,it0200,0.4098264276981354,0.38611525297164917,0.0,0.3181818181818182,7.28,7.12,False,False,-0.023711174726486206,0.3181818181818182
C2_1,it0201,0.41821902990341187,0.3543896973133087,0.16666666666666666,0.3333333333333333,5.92,5.92,False,False,-0.06382933259010315,0.16666666666666666
C2_1,it0202,0.4756978750228882,0.3915519714355469,0.3333333333333333,0.3333333333333333,4.72,6.64,False,False,-0.08414590358734131,0.0
C2_1,it0203,0.34402990341186523,0.3452286124229431,0.038461538461538464,0.038461538461538464,6.88,6.72,False,False,0.0011987090110778809,0.0
C2_1,it0204,0.41584140062332153,0.30098727345466614,0.16,0.28,8.16,5.52,False,False,-0.1148541271686554,0.12000000000000002
C2_1,it0205,0.4963502883911133,0.44356346130371094,0.375,0.4166666666666667,6.96,8.88,False,False,-0.052786827087402344,0.041666666666666685
C2_1,it0206,0.45621609687805176,0.46763119101524353,0.18181818181818182,0.18181818181818182,9.84,6.64,False,False,0.011415094137191772,0.0
C2_1,it0207,0.3677448332309723,0.2924022376537323,0.1111111111111111,0.6666666666666666,5.92,7.76,False,False,-0.07534259557723999,0.5555555555555556
C2_1,it0208,0.39631304144859314,0.27736786007881165,0.0967741935483871,0.4838709677419355,11.28,8.96,False,False,-0.1189451813697815,0.3870967741935484
C2_1,it0209,0.5268667340278625,0.599054217338562,0.08,0.12,7.44,9.92,False,False,0.07218748331069946,0.039999999999999994
C2_1,it0210,0.36489975452423096,0.29017534852027893,0.23809523809523808,0.30952380952380953,11.92,9.44,False,False,-0.07472440600395203,0.07142857142857145
C2_1,it0211,0.6093865036964417,0.6595253348350525,0.20588235294117646,0.17647058823529413,11.44,14.32,False,False,0.05013883113861084,-0.02941176470588233
C2_1,it0212,0.26369723677635193,0.2208457738161087,0.42105263157894735,0.0,5.28,6.24,False,False,-0.042851462960243225,-0.42105263157894735
C2_1,it0213,0.4562033414840698,0.5727999210357666,0.4444444444444444,0.2222222222222222,7.68,8.8,False,False,0.11659657955169678,-0.2222222222222222
C2_1,it0214,0.47438713908195496,0.4189503788948059,0.07692307692307693,0.28205128205128205,10.8,7.76,False,False,-0.05543676018714905,0.20512820512820512
C2_1,it0215,0.18052586913108826,0.2808469533920288,0.18181818181818182,0.6363636363636364,4.88,13.84,False,False,0.10032108426094055,0.45454545454545453
C2_1,it0216,0.4148384630680084,0.2709658443927765,0.26666666666666666,0.2,5.12,6.8,False,False,-0.14387261867523193,-0.06666666666666665
C2_1,it0217,0.24281252920627594,0.42902541160583496,0.9047619047619048,0.38095238095238093,7.12,11.84,True,False,0.18621288239955902,-0.5238095238095238
C2_1,it0218,0.4742451310157776,0.4971380829811096,0.11764705882352941,0.17647058823529413,5.44,5.36,False,False,0.02289295196533203,0.05882352941176472
C2_1,it0219,0.3385257422924042,0.30643442273139954,0.2647058823529412,0.23529411764705882,11.04,8.08,False,False,-0.03209131956100464,-0.02941176470588236
C2_1,it0220,0.2903616726398468,0.3535090386867523,0.043478260869565216,0.08695652173913043,5.68,4.32,False,False,0.06314736604690552,0.043478260869565216
C2_1,it0221,0.3174583911895752,0.3985843062400818,0.17647058823529413,0.058823529411764705,9.76,13.44,False,False,0.08112591505050659,-0.11764705882352942
C2_1,it0222,0.0733390599489212,0.326565682888031,0.5625,0.3125,4.08,8.48,False,False,0.2532266229391098,-0.25
C2_1,it0223,0.36155179142951965,0.3471238613128662,0.1,0.2,8.4,10.96,False,False,-0.014427930116653442,0.1
C2_1,it0224,0.22056066989898682,0.25851255655288696,0.0,0.0,5.76,6.0,False,False,0.037951886653900146,0.0
C2_1,it0225,0.32824742794036865,0.4860672056674957,0.0,0.13636363636363635,8.16,6.4,False,False,0.15781977772712708,0.13636363636363635
C2_1,it0226,0.4190651774406433,0.4959927201271057,0.21428571428571427,0.21428571428571427,8.4,6.64,False,False,0.0769275426864624,0.0
C2_1,it0227,0.29632699489593506,0.3118423521518707,0.5,0.35,5.36,4.96,False,False,0.015515357255935669,-0.15000000000000002
C2_1,it0228,0.5862964391708374,0.6156593561172485,0.0,0.05555555555555555,5.36,5.36,False,False,0.029362916946411133,0.05555555555555555
C2_1,it0229,0.1702229231595993,0.3925653398036957,0.09090909090909091,0.2727272727272727,6.64,6.88,False,False,0.22234241664409637,0.1818181818181818
C2_1,it0230,0.5399723052978516,0.5547542572021484,0.16,0.08,8.0,6.48,False,False,0.014781951904296875,-0.08
C2_1,it0231,0.32887905836105347,0.3634166121482849,0.06451612903225806,0.0,10.0,10.64,False,False,0.034537553787231445,-0.06451612903225806
C2_1,it0232,0.16025809943675995,0.22178922593593597,0.13636363636363635,0.09090909090909091,6.88,6.32,False,False,0.061531126499176025,-0.04545454545454544
C2_1,it0233,0.4456576108932495,0.30965369939804077,0.2857142857142857,0.38095238095238093,6.96,6.08,False,False,-0.13600391149520874,0.09523809523809523
C2_1,it0234,0.5815078020095825,0.49460649490356445,0.3448275862068966,0.2413793103448276,10.64,8.8,False,False,-0.08690130710601807,-0.10344827586206898
C2_1,it0235,0.26075291633605957,0.20470786094665527,0.21052631578947367,0.3157894736842105,6.24,8.64,False,False,-0.0560450553894043,0.10526315789473684
C2_1,it0236,0.3190455138683319,0.23428510129451752,0.0,0.13333333333333333,5.04,9.2,False,False,-0.08476041257381439,0.13333333333333333
C2_1,it0237,0.4357872009277344,0.46175679564476013,0.11764705882352941,0.058823529411764705,5.44,8.16,False,False,0.025969594717025757,-0.058823529411764705
C2_1,it0238,0.3928179144859314,0.3795991837978363,0.0,0.0625,5.12,3.84,False,False,-0.013218730688095093,0.0625
C2_1,it0239,0.3944811522960663,0.3050241768360138,0.3103448275862069,0.5862068965517241,8.56,7.2,False,False,-0.08945697546005249,0.2758620689655172
C2_1,it0240,0.2779105305671692,0.1204100027680397,0.14285714285714285,0.14285714285714285,4.08,3.28,False,False,-0.15750052779912949,0.0
C2_1,it0241,0.2667585015296936,0.49383166432380676,0.5625,0.3125,4.48,7.68,False,False,0.22707316279411316,-0.25
C2_1,it0242,0.5403100252151489,0.4284127950668335,0.21052631578947367,0.15789473684210525,6.48,6.32,False,False,-0.11189723014831543,-0.05263157894736842
C2_1,it0243,0.4556930661201477,0.5388877391815186,0.0,0.23076923076923078,4.24,6.96,False,False,0.08319467306137085,0.23076923076923078
C2_1,it0244,0.23237086832523346,0.3068998157978058,0.0625,0.375,5.04,4.32,False,False,0.07452894747257233,0.3125
C2_1,it0245,0.3788374364376068,0.3979281485080719,0.058823529411764705,0.29411764705882354,5.12,4.48,False,False,0.019090712070465088,0.23529411764705882
C2_1,it0246,0.5564990043640137,0.4111442565917969,0.18181818181818182,0.3181818181818182,12.56,13.44,False,False,-0.1453547477722168,0.13636363636363635
C2_1,it0247,0.22433707118034363,0.3131234049797058,0.23529411764705882,0.5294117647058824,5.68,7.28,False,False,0.08878633379936218,0.29411764705882354
C2_1,it0248,0.1301155537366867,0.12447205185890198,0.10344827586206896,0.2413793103448276,8.16,8.16,False,False,-0.005643501877784729,0.13793103448275862
C2_1,it0249,0.4240848422050476,0.33582884073257446,0.35,0.3,6.64,5.92,False,False,-0.08825600147247314,-0.04999999999999999
C2_1,it0250,0.1978289633989334,0.19067467749118805,0.5952380952380952,0.11904761904761904,13.76,14.96,False,False,-0.007154285907745361,-0.47619047619047616
C2_1,it0251,0.48493582010269165,0.5037099719047546,0.03125,0.15625,8.16,11.44,False,False,0.01877415180206299,0.125
C2_1,it0252,0.25264689326286316,0.07133523374795914,0.5,0.16666666666666666,4.24,7.76,False,False,-0.18131165951490402,-0.33333333333333337
C2_1,it0253,0.5252645015716553,0.6051666736602783,0.3076923076923077,0.23076923076923078,4.24,6.08,False,False,0.07990217208862305,-0.07692307692307693
C2_1,it0254,0.33359280228614807,0.3366297483444214,0.1,0.06666666666666667,10.08,7.28,False,False,0.0030369460582733154,-0.03333333333333334
C2_1,it0255,0.43204423785209656,0.2981260418891907,0.22580645161290322,0.22580645161290322,11.04,12.72,False,False,-0.13391819596290588,0.0
C2_1,it0256,0.30697399377822876,0.19228120148181915,0.14705882352941177,0.17647058823529413,9.6,11.52,False,False,-0.1146927922964096,0.02941176470588236
C2_1,it0257,0.3650308847427368,0.37357601523399353,0.35714285714285715,0.0,7.68,7.68,False,False,0.008545130491256714,-0.35714285714285715
C2_1,it0258,0.5791780352592468,0.5476807951927185,0.0,0.0,6.48,8.4,False,False,-0.03149724006652832,0.0
C2_1,it0259,0.4203101694583893,0.4317588806152344,0.2857142857142857,0.3673469387755102,13.28,11.2,False,False,0.011448711156845093,0.08163265306122452
C2_1,it0260,0.5775594711303711,0.5972534418106079,0.2,0.0,4.48,6.56,False,False,0.019693970680236816,-0.2
C2_1,it0261,0.46534615755081177,0.45695701241493225,0.07407407407407407,0.25925925925925924,11.44,8.64,False,False,-0.008389145135879517,0.18518518518518517
C2_1,it0262,0.40209075808525085,0.3093176484107971,0.4444444444444444,0.2222222222222222,8.16,6.96,False,False,-0.09277310967445374,-0.2222222222222222
C2_1,it0263,0.42594000697135925,0.47919654846191406,0.05,0.6,5.68,5.6,False,False,0.05325654149055481,0.5499999999999999
C2_1,it0264,0.30024972558021545,0.31237339973449707,0.0625,0.3125,4.72,5.84,False,False,0.012123674154281616,0.25
C2_1,it0265,0.26238977909088135,0.3023861050605774,0.16666666666666666,0.2222222222222222,11.76,14.96,False,False,0.039996325969696045,0.05555555555555555
C2_1,it0266,0.2955608367919922,0.3802635967731476,0.0,0.04,7.92,8.24,False,False,0.0847027599811554,0.04
C2_1,it0267,0.3453599512577057,0.4373033940792084,0.2962962962962963,0.14814814814814814,8.56,10.4,False,False,0.09194344282150269,-0.14814814814814814
C2_1,it0268,0.49811282753944397,0.39664924144744873,0.42424242424242425,0.3939393939393939,9.36,9.92,False,False,-0.10146358609199524,-0.03030303030303033
C2_1,it0269,0.4825887978076935,0.38008999824523926,0.5,0.20833333333333334,7.76,5.76,False,False,-0.10249879956245422,-0.29166666666666663
C2_1,it0270,0.6174359321594238,0.5879292488098145,0.07692307692307693,0.10256410256410256,11.6,8.72,False,False,-0.029506683349609375,0.025641025641025633
C2_1,it0271,0.24747100472450256,0.46011218428611755,0.6,0.4,4.24,8.56,False,False,0.212641179561615,-0.19999999999999996
C2_1,it0272,0.2051188200712204,0.35818982124328613,0.3235294117647059,0.23529411764705882,9.2,8.56,False,False,0.15307100117206573,-0.08823529411764708
C2_1,it0273,0.20415234565734863,0.3110572397708893,0.0,0.0,5.92,5.12,False,False,0.10690489411354065,0.0
C2_1,it0274,0.21101036667823792,0.17165814340114594,0.23076923076923078,0.38461538461538464,10.32,7.2,False,False,-0.03935222327709198,0.15384615384615385
C2_1,it0275,0.6514397263526917,0.496390700340271,0.0625,0.0,7.68,7.28,False,False,-0.15504902601242065,-0.0625
C2_1,it0276,0.3557373881340027,0.4940516948699951,0.3333333333333333,0.25,4.08,4.32,False,False,0.13831430673599243,-0.08333333333333331
C2_1,it0277,0.3206508755683899,0.39123475551605225,0.3125,0.1875,13.52,10.08,False,False,0.07058387994766235,-0.125
C2_1,it0278,0.15681611001491547,0.3221184015274048,0.21428571428571427,0.2857142857142857,7.92,8.64,False,False,0.16530229151248932,0.07142857142857142
C2_1,it0279,0.5138159990310669,0.504156231880188,0.34210526315789475,0.47368421052631576,12.16,12.48,False,False,-0.009659767150878906,0.13157894736842102
C2_1,it0280,0.5383175611495972,0.40341541171073914,0.4444444444444444,0.2222222222222222,6.4,5.36,False,False,-0.13490214943885803,-0.2222222222222222
C2_1,it0281,0.311817467212677,0.1945885270833969,0.7272727272727273,0.09090909090909091,4.0,2.72,False,False,-0.11722894012928009,-0.6363636363636364
C2_1,it0282,0.5996701121330261,0.5688828825950623,0.12,0.36,6.32,6.4,False,False,-0.030787229537963867,0.24
C2_1,it0283,0.5832539796829224,0.5052840113639832,0.125,0.0625,5.36,4.56,False,False,-0.07796996831893921,-0.0625
C2_1,it0284,0.14094237983226776,0.20741340517997742,0.34615384615384615,0.34615384615384615,8.88,7.92,False,False,0.06647102534770966,0.0
C2_1,it0285,0.499189555644989,0.5057246685028076,0.024390243902439025,0.14634146341463414,13.2,12.88,False,False,0.0065351128578186035,0.12195121951219512
C2_1,it0286,0.17109373211860657,0.22097964584827423,0.35714285714285715,0.25,8.48,8.56,False,False,0.049885913729667664,-0.10714285714285715
C2_1,it0287,0.5896551012992859,0.563969612121582,0.36363636363636365,0.4090909090909091,7.84,8.96,False,False,-0.025685489177703857,0.04545454545454547
C2_1,it0288,0.5497302412986755,0.5330305099487305,0.18181818181818182,0.18181818181818182,14.24,13.68,False,False,-0.01669973134994507,0.0
C2_1,it0289,0.5001857876777649,0.4715201258659363,0.0,0.1111111111111111,5.68,9.52,False,False,-0.028665661811828613,0.1111111111111111
C2_1,it0290,0.30136510729789734,0.29621538519859314,0.40476190476190477,0.2619047619047619,12.08,11.28,False,False,-0.005149722099304199,-0.14285714285714285
C2_1,it0291,0.18236203491687775,0.04962771385908127,0.2777777777777778,0.1111111111111111,5.44,9.28,False,False,-0.13273432105779648,-0.16666666666666669
C2_1,it0292,0.2750502824783325,0.27995574474334717,0.14285714285714285,0.05714285714285714,11.12,9.36,False,False,0.0049054622650146484,-0.08571428571428572
C2_1,it0293,0.3325428068637848,0.2749219536781311,0.20833333333333334,0.16666666666666666,6.56,5.36,False,False,-0.057620853185653687,-0.041666666666666685
C2_1,it0294,0.18220721185207367,0.18610802292823792,0.0,0.0,6.48,7.28,False,False,0.0039008110761642456,0.0
C2_1,it0295,0.4951516389846802,0.4400738775730133,0.1320754716981132,0.1320754716981132,14.24,11.68,False,False,-0.05507776141166687,0.0
C2_1,it0296,0.44716155529022217,0.43861114978790283,0.21875,0.65625,13.44,8.72,False,False,-0.008550405502319336,0.4375
C2_1,it0297,0.16845127940177917,0.3114803731441498,0.2,0.4,7.44,8.48,False,False,0.1430290937423706,0.2
C2_1,it0298,0.4874313771724701,0.541547954082489,0.125,0.3333333333333333,6.08,4.16,False,False,0.05411657691001892,0.20833333333333331
C2_1,it0299,0.5887188911437988,0.5445646047592163,0.02857142857142857,0.17142857142857143,11.36,10.56,False,False,-0.04415428638458252,0.14285714285714285
C2_1,it0300,0.17880815267562866,0.2963007688522339,0.0,0.1875,6.32,5.6,False,False,0.11749261617660522,0.1875
C2_1,it0301,0.4455318748950958,0.4079841673374176,0.1875,0.4375,9.84,9.28,False,False,-0.03754770755767822,0.25
C2_1,it0302,0.4893113672733307,0.5161789059638977,0.42857142857142855,0.21428571428571427,11.28,13.68,False,False,0.026867538690567017,-0.21428571428571427
C2_1,it0303,0.3944653868675232,0.30316460132598877,0.2,0.15,6.56,6.64,False,False,-0.09130078554153442,-0.05000000000000002
C2_1,it0304,0.378711998462677,0.27774739265441895,0.3076923076923077,0.07692307692307693,5.44,4.96,False,False,-0.10096460580825806,-0.23076923076923078
C2_1,it0305,0.32854264974594116,0.395565003156662,0.2222222222222222,0.26666666666666666,12.8,14.96,False,False,0.06702235341072083,0.04444444444444445
C2_1,it0306,0.27380189299583435,0.4508621394634247,0.38095238095238093,0.09523809523809523,6.56,6.72,False,False,0.17706024646759033,-0.2857142857142857
C2_1,it0307,0.2751798629760742,0.295077919960022,0.14285714285714285,0.07142857142857142,5.04,6.72,False,False,0.019898056983947754,-0.07142857142857142
C2_1,it0308,0.4623046815395355,0.4622882008552551,0.3235294117647059,0.17647058823529413,10.4,7.52,False,False,-1.6480684280395508e-05,-0.14705882352941177
C2_1,it0309,0.3038388788700104,0.3642505407333374,0.07692307692307693,0.23076923076923078,5.2,3.84,False,False,0.060411661863327026,0.15384615384615385
C2_1,it0310,0.48614633083343506,0.24945393204689026,0.43333333333333335,0.3,8.48,5.52,False,False,-0.2366923987865448,-0.13333333333333336
C2_1,it0311,0.12251284718513489,0.31113481521606445,0.3333333333333333,0.5238095238095238,5.84,3.44,False,False,0.18862196803092957,0.19047619047619052
C2_1,it0312,0.5129331350326538,0.6478670239448547,0.16666666666666666,0.07142857142857142,12.24,12.4,False,False,0.13493388891220093,-0.09523809523809523
C2_1,it0313,0.4513208568096161,0.500663697719574,0.058823529411764705,0.11764705882352941,4.96,7.76,False,False,0.049342840909957886,0.058823529411764705
C2_1,it0314,0.22035476565361023,0.13316228985786438,0.16,0.2,6.32,5.76,False,False,-0.08719247579574585,0.04000000000000001
C2_1,it0315,0.3890385627746582,0.27806347608566284,0.16,0.16,7.92,8.0,False,False,-0.11097508668899536,0.0
C2_1,it0316,0.3999149799346924,0.46307796239852905,0.16666666666666666,0.20833333333333334,13.28,14.96,False,False,0.06316298246383667,0.041666666666666685
C2_1,it0317,0.402921587228775,0.4310046434402466,0.0,0.0,8.16,9.28,False,False,0.028083056211471558,0.0
C2_1,it0318,0.30497312545776367,0.37941789627075195,0.375,0.125,5.04,13.84,False,False,0.07444477081298828,-0.25
C2_1,it0319,0.35825490951538086,0.4433416426181793,0.21052631578947367,0.21052631578947367,5.6,8.48,False,False,0.08508673310279846,0.0
C2_1,it0320,0.5523926615715027,0.4807996153831482,0.3076923076923077,0.34615384615384615,8.0,8.32,False,False,-0.07159304618835449,0.038461538461538436
C2_1,it0321,0.19953571259975433,0.16059237718582153,0.05555555555555555,0.16666666666666666,5.12,4.08,False,False,-0.0389433354139328,0.1111111111111111
C2_1,it0322,0.4635474383831024,0.47126269340515137,0.47058823529411764,0.7647058823529411,4.72,12.56,False,False,0.00771525502204895,0.2941176470588235
C2_1,it0323,0.4845658838748932,0.5016228556632996,0.3,0.1,6.96,9.04,False,False,0.017056971788406372,-0.19999999999999998
C2_1,it0324,0.2797534763813019,0.31373560428619385,0.05555555555555555,0.16666666666666666,5.92,6.08,False,False,0.03398212790489197,0.1111111111111111
C2_1,it0325,0.16471755504608154,0.38701900839805603,0.045454545454545456,0.11363636363636363,12.8,12.0,False,False,0.2223014533519745,0.06818181818181818
C2_1,it0326,0.09647423028945923,0.1308523565530777,0.3333333333333333,0.2916666666666667,5.92,7.04,False,False,0.03437812626361847,-0.04166666666666663
C2_1,it0327,0.16009269654750824,0.4417199492454529,0.13333333333333333,0.13333333333333333,4.56,4.48,False,False,0.28162725269794464,0.0
C2_1,it0328,0.3396103084087372,0.48846185207366943,0.3103448275862069,0.41379310344827586,8.0,5.36,False,False,0.14885154366493225,0.10344827586206895
C2_1,it0329,0.46436530351638794,0.24910657107830048,0.25,0.4166666666666667,4.24,8.4,False,False,-0.21525873243808746,0.16666666666666669
C2_1,it0330,0.47894686460494995,0.49516165256500244,0.029411764705882353,0.14705882352941177,9.6,8.32,False,False,0.01621478796005249,0.11764705882352941
C2_1,it0331,0.3552091717720032,0.4183405041694641,0.1111111111111111,0.07407407407407407,8.88,11.68,False,False,0.06313133239746094,-0.037037037037037035
C2_1,it0332,0.40377452969551086,0.3822277784347534,0.16666666666666666,0.25,4.0,5.36,False,False,-0.021546751260757446,0.08333333333333334
C2_1,it0333,0.5732605457305908,0.5496808886528015,0.1951219512195122,0.21951219512195122,12.24,12.88,False,False,-0.023579657077789307,0.02439024390243902
C2_1,it0334,0.4138263463973999,0.4740406274795532,0.1875,0.5208333333333334,13.76,14.96,False,False,0.06021428108215332,0.33333333333333337
C2_1,it0335,0.4231535792350769,0.49528369307518005,0.0,0.0,4.48,5.76,False,False,0.07213011384010315,0.0
C2_1,it0336,0.5170180797576904,0.5181716084480286,0.05714285714285714,0.2571428571428571,11.84,9.44,False,False,0.0011535286903381348,0.19999999999999998
C2_1,it0337,0.25213393568992615,0.328094482421875,0.358974358974359,0.2564102564102564,13.44,12.64,False,False,0.07596054673194885,-0.10256410256410259
C2_1,it0338,0.43142643570899963,0.45447349548339844,0.17647058823529413,0.11764705882352941,6.24,6.56,False,False,0.023047059774398804,-0.05882352941176472
C2_1,it0339,0.3686140775680542,0.42290782928466797,0.28,0.32,7.2,8.16,False,False,0.05429375171661377,0.03999999999999998
C2_1,it0340,0.2616366147994995,0.25200384855270386,0.3076923076923077,0.15384615384615385,4.16,4.72,False,False,-0.009632766246795654,-0.15384615384615385
C2_1,it0341,0.6049594879150391,0.5809413194656372,0.17857142857142858,0.21428571428571427,8.88,7.92,False,False,-0.024018168449401855,0.0357142857142857
C2_1,it0342,0.3844186067581177,0.3218618631362915,0.25,0.125,6.88,7.76,False,False,-0.06255674362182617,-0.125
C2_1,it0343,0.25172320008277893,0.3009266257286072,0.24444444444444444,0.08888888888888889,13.76,10.72,False,False,0.04920342564582825,-0.15555555555555556
C2_1,it0344,0.5758841037750244,0.5458888411521912,0.19230769230769232,0.46153846153846156,8.16,5.44,False,False,-0.029995262622833252,0.2692307692307693
C2_1,it0345,0.18606987595558167,0.14267341792583466,0.2962962962962963,0.7037037037037037,7.52,5.84,False,False,-0.04339645802974701,0.40740740740740744
C2_1,it0346,0.35005563497543335,0.45779311656951904,0.2608695652173913,0.21739130434782608,6.96,5.12,False,False,0.1077374815940857,-0.043478260869565216
C2_1,it0347,0.445364773273468,0.4401598572731018,0.20512820512820512,0.2564102564102564,11.76,13.76,False,False,-0.005204916000366211,0.051282051282051266
C2_1,it0348,0.24838608503341675,0.27322161197662354,0.06666666666666667,0.13333333333333333,4.08,4.0,False,False,0.024835526943206787,0.06666666666666667
C2_1,it0349,0.29317861795425415,0.42694389820098877,0.09090909090909091,0.030303030303030304,12.16,14.96,False,False,0.13376528024673462,-0.06060606060606061
C2_1,it0350,0.4459446966648102,0.40735167264938354,0.25,0.03571428571428571,7.44,9.2,False,False,-0.038593024015426636,-0.2142857142857143
C2_1,it0351,0.4513673484325409,0.3871159553527832,0.045454545454545456,0.2727272727272727,8.4,11.6,False,False,-0.06425139307975769,0.22727272727272724
C2_1,it0352,0.422798752784729,0.3625375032424927,0.041666666666666664,0.0,8.64,8.08,False,False,-0.06026124954223633,-0.041666666666666664
C2_1,it0353,0.16389888525009155,0.29195642471313477,0.038461538461538464,0.15384615384615385,6.8,7.6,False,False,0.1280575394630432,0.11538461538461539
C2_1,it0354,0.4152010679244995,0.4059067368507385,0.05,0.1,6.0,6.08,False,False,-0.009294331073760986,0.05
C2_1,it0355,0.506519615650177,0.38950279355049133,0.37037037037037035,0.1111111111111111,9.12,7.12,False,False,-0.11701682209968567,-0.25925925925925924
C2_1,it0356,0.335591584444046,0.3606603145599365,0.07692307692307693,0.23076923076923078,4.48,4.88,False,False,0.025068730115890503,0.15384615384615385
C2_1,it0357,0.38532891869544983,0.42438581585884094,0.06666666666666667,0.23333333333333334,8.32,6.56,False,False,0.03905689716339111,0.16666666666666669
C2_1,it0358,0.3301815986633301,0.3433554172515869,0.13043478260869565,0.17391304347826086,8.96,8.48,False,False,0.013173818588256836,0.043478260869565216
C2_1,it0359,0.48856621980667114,0.5689922571182251,0.29545454545454547,0.3181818181818182,13.52,10.4,False,False,0.08042603731155396,0.022727272727272707
C2_1,it0360,0.5131287574768066,0.5489221215248108,0.17391304347826086,0.13043478260869565,6.96,7.76,False,False,0.03579336404800415,-0.043478260869565216
C2_1,it0361,0.1282978653907776,0.23348960280418396,0.29411764705882354,0.17647058823529413,6.4,5.52,False,False,0.10519173741340637,-0.11764705882352941
C2_1,it0362,0.31296104192733765,0.4311453402042389,0.26666666666666666,0.13333333333333333,4.16,5.04,False,False,0.11818429827690125,-0.13333333333333333
C2_1,it0363,0.48018038272857666,0.4299914836883545,0.17073170731707318,0.14634146341463414,12.64,13.36,False,False,-0.05018889904022217,-0.024390243902439046
C2_1,it0364,0.5810708403587341,0.613018810749054,0.08,0.12,8.4,8.56,False,False,0.031947970390319824,0.039999999999999994
C2_1,it0365,0.47550076246261597,0.4339744746685028,0.0,0.0,4.56,5.04,False,False,-0.04152628779411316,0.0
C2_1,it0366,0.24071067571640015,0.2204809933900833,0.5,0.23076923076923078,9.04,7.68,False,False,-0.020229682326316833,-0.2692307692307692
C2_1,it0367,0.2938072085380554,0.3673350512981415,0.12,0.12,14.64,14.96,False,False,0.07352784276008606,0.0
C2_1,it0368,0.2920784652233124,0.33362534642219543,0.047619047619047616,0.19047619047619047,6.24,5.92,False,False,0.04154688119888306,0.14285714285714285
C2_1,it0369,0.32313865423202515,0.34248000383377075,0.0,0.0625,4.72,6.08,False,False,0.019341349601745605,0.0625
C2_1,it0370,0.44335293769836426,0.4018521010875702,0.04,0.48,9.68,13.44,False,False,-0.04150083661079407,0.44
C2_1,it0371,-0.010838828980922699,0.051140107214450836,0.0625,0.5,9.12,14.96,False,False,0.061978936195373535,0.4375
C2_1,it0372,0.5280088782310486,0.6067914962768555,0.06896551724137931,0.2413793103448276,8.4,7.6,False,False,0.07878261804580688,0.1724137931034483
C2_1,it0373,0.508329451084137,0.5529170036315918,0.07407407407407407,0.0,10.24,13.28,False,False,0.044587552547454834,-0.07407407407407407
C2_1,it0374,0.2077232003211975,0.4573986828327179,0.16666666666666666,0.1111111111111111,5.68,5.92,False,False,0.24967548251152039,-0.05555555555555555
C2_1,it0375,0.13629278540611267,0.4333018660545349,0.26666666666666666,0.0,4.0,4.24,False,False,0.29700908064842224,-0.26666666666666666
C2_1,it0376,0.24593263864517212,0.3142937421798706,0.2222222222222222,0.2222222222222222,6.24,6.0,False,False,0.06836110353469849,0.0
C2_1,it0377,0.2103930413722992,0.3075207471847534,0.16,0.08,7.84,10.08,False,False,0.09712770581245422,-0.08
C2_1,it0378,0.4673955738544464,0.4521177113056183,0.13333333333333333,0.5333333333333333,5.04,12.4,False,False,-0.015277862548828125,0.4
C2_1,it0379,0.2187967449426651,0.29220205545425415,0.10526315789473684,0.0,5.28,6.48,False,False,0.07340531051158905,-0.10526315789473684
C2_1,it0380,0.3872424066066742,0.24656672775745392,0.10526315789473684,0.2631578947368421,4.88,5.44,False,False,-0.14067567884922028,0.15789473684210525
C2_1,it0381,0.5783159732818604,0.3688734471797943,0.23076923076923078,0.07692307692307693,4.8,6.24,False,False,-0.20944252610206604,-0.15384615384615385
C2_1,it0382,0.399125874042511,0.49725058674812317,0.045454545454545456,0.2727272727272727,6.72,11.76,False,False,0.09812471270561218,0.22727272727272724
C2_1,it0383,0.30657655000686646,0.34624961018562317,0.10256410256410256,0.1282051282051282,10.56,10.56,False,False,0.039673060178756714,0.025641025641025633
C2_1,it0384,0.0577303022146225,0.10957282036542892,0.4666666666666667,0.26666666666666666,4.0,4.4,False,False,0.05184251815080643,-0.2
C2_1,it0385,0.1561167687177658,0.17945745587348938,0.08333333333333333,0.4166666666666667,4.24,7.28,False,False,0.023340687155723572,0.33333333333333337
C2_1,it0386,0.3840582072734833,0.48867398500442505,0.2857142857142857,0.5,4.72,4.08,False,False,0.10461577773094177,0.2142857142857143
C2_1,it0387,0.3245198726654053,0.29860466718673706,0.12121212121212122,0.09090909090909091,11.36,12.8,False,False,-0.025915205478668213,-0.030303030303030304
C2_1,it0388,0.4667053818702698,0.46524351835250854,0.10526315789473684,0.0,6.64,6.32,False,False,-0.0014618635177612305,-0.10526315789473684
C2_1,it0389,0.6735708117485046,0.6504573225975037,0.08695652173913043,0.2391304347826087,14.48,14.96,False,False,-0.023113489151000977,0.15217391304347827
C2_1,it0390,0.43068164587020874,0.37852001190185547,0.18604651162790697,0.11627906976744186,11.76,13.2,False,False,-0.05216163396835327,-0.06976744186046512
C2_1,it0391,0.35649609565734863,0.40736740827560425,0.08695652173913043,0.30434782608695654,8.96,9.92,False,False,0.050871312618255615,0.2173913043478261
C2_1,it0392,0.3045578896999359,0.28100770711898804,0.047619047619047616,0.09523809523809523,7.68,7.6,False,False,-0.023550182580947876,0.047619047619047616
C2_1,it0393,0.392839252948761,0.36168813705444336,0.07692307692307693,0.07692307692307693,4.88,6.16,False,False,-0.031151115894317627,0.0
C2_1,it0394,0.4812358021736145,0.5180932283401489,0.0,0.04,6.8,7.6,False,False,0.036857426166534424,0.04
C2_1,it0395,0.0994396060705185,0.19956281781196594,0.5294117647058824,0.47058823529411764,5.68,4.88,False,False,0.10012321174144745,-0.05882352941176472
C2_1,it0396,0.5735375881195068,0.5317292213439941,0.05,0.4,6.24,6.96,False,False,-0.041808366775512695,0.35000000000000003
C2_1,it0397,0.40541157126426697,0.34925487637519836,0.05263157894736842,0.05263157894736842,6.4,7.04,False,False,-0.056156694889068604,0.0
C2_1,it0398,0.39821964502334595,0.44574448466300964,0.15,0.4,6.48,4.32,False,False,0.047524839639663696,0.25
C2_1,it0399,0.30974501371383667,0.45869892835617065,0.16666666666666666,0.16666666666666666,5.12,5.84,False,False,0.14895391464233398,0.0
C2_2,it0000,0.5617468357086182,0.4808521568775177,0.21739130434782608,0.0,12.16,9.44,False,False,-0.08089467883110046,-0.21739130434782608
C2_2,it0001,0.3141136169433594,0.31794270873069763,0.4444444444444444,0.4444444444444444,4.96,9.84,False,False,0.003829091787338257,0.0
C2_2,it0002,0.16352646052837372,0.28108489513397217,0.2,0.8,5.12,12.32,False,False,0.11755843460559845,0.6000000000000001
C2_2,it0003,0.1532747447490692,0.24278408288955688,0.6666666666666666,0.26666666666666666,5.2,7.28,False,False,0.08950933814048767,-0.39999999999999997
C2_2,it0004,0.30597642064094543,0.2707763910293579,0.125,0.1875,5.2,4.8,False,False,-0.035200029611587524,0.0625
C2_2,it0005,0.2681887149810791,0.26008340716362,0.037037037037037035,0.0,7.2,8.32,False,False,-0.008105307817459106,-0.037037037037037035
C2_2,it0006,0.32160159945487976,0.3753327429294586,0.05555555555555555,0.2777777777777778,6.48,7.2,False,False,0.05373114347457886,0.22222222222222224
C2_2,it0007,0.4423304796218872,0.3259541988372803,0.29545454545454547,0.20454545454545456,13.52,8.96,False,False,-0.11637628078460693,-0.09090909090909091
C2_2,it0008,0.30782029032707214,0.16170194745063782,0.2857142857142857,0.3333333333333333,6.4,5.92,False,False,-0.14611834287643433,0.047619047619047616
C2_2,it0009,0.5320156812667847,0.5099740624427795,0.2962962962962963,0.0,7.84,6.32,False,False,-0.022041618824005127,-0.2962962962962963
C2_2,it0010,0.5203923583030701,0.5524977445602417,0.2222222222222222,0.16666666666666666,6.88,6.08,False,False,0.03210538625717163,-0.05555555555555555
C2_2,it0011,0.4525504410266876,0.44915083050727844,0.043478260869565216,0.08695652173913043,8.08,9.68,False,False,-0.0033996105194091797,0.043478260869565216
C2_2,it0012,0.16045479476451874,0.3460142910480499,0.6896551724137931,0.4827586206896552,8.72,6.4,False,False,0.1855594962835312,-0.20689655172413796
C2_2,it0013,0.5264297127723694,0.4243070185184479,0.037037037037037035,0.0,9.12,12.24,False,False,-0.10212269425392151,-0.037037037037037035
C2_2,it0014,0.39219769835472107,0.4156016409397125,0.0,0.2,5.68,5.2,False,False,0.023403942584991455,0.2
C2_2,it0015,0.5062569379806519,0.43632328510284424,0.17647058823529413,0.11764705882352941,4.24,3.28,False,False,-0.06993365287780762,-0.05882352941176472
C2_2,it0016,0.42571690678596497,0.21906867623329163,0.14705882352941177,0.23529411764705882,9.28,9.2,False,False,-0.20664823055267334,0.08823529411764705
C2_2,it0017,0.3649882376194,0.30439600348472595,0.06666666666666667,0.2,4.32,3.52,False,False,-0.06059223413467407,0.13333333333333336
C2_2,it0018,0.2118953913450241,0.2924407720565796,0.029411764705882353,0.14705882352941177,10.0,9.76,False,False,0.08054538071155548,0.11764705882352941
C2_2,it0019,0.5607747435569763,0.5874668955802917,0.15217391304347827,0.1956521739130435,12.56,10.16,False,False,0.02669215202331543,0.043478260869565216
C2_2,it0020,0.15719974040985107,0.18239277601242065,0.7692307692307693,0.46153846153846156,4.24,4.64,False,False,0.02519303560256958,-0.3076923076923077
C2_2,it0021,0.47142165899276733,0.45227882266044617,0.15151515151515152,0.21212121212121213,9.76,11.52,False,False,-0.019142836332321167,0.06060606060606061
C2_2,it0022,0.3387841284275055,0.3480794429779053,0.4,0.65,12.24,14.96,False,False,0.00929531455039978,0.25
C2_2,it0023,0.3167857825756073,0.5869936943054199,0.16666666666666666,0.16666666666666666,4.88,3.84,False,False,0.2702079117298126,0.0
C2_2,it0024,0.5291637182235718,0.41025203466415405,0.21428571428571427,0.14285714285714285,4.56,4.4,False,False,-0.11891168355941772,-0.07142857142857142
C2_2,it0025,0.505118727684021,0.4697504937648773,0.25,0.15,6.48,4.32,False,False,-0.03536823391914368,-0.1
C2_2,it0026,0.16913992166519165,0.12155236303806305,0.0,0.0,4.48,4.16,False,False,-0.0475875586271286,0.0
C2_2,it0027,0.5896519422531128,0.5863734483718872,0.3125,0.0625,5.04,4.88,False,False,-0.003278493881225586,-0.25
C2_2,it0028,0.5044036507606506,0.5533155202865601,0.2619047619047619,0.19047619047619047,12.56,9.92,False,False,0.048911869525909424,-0.07142857142857145
C2_2,it0029,0.26690003275871277,0.310111403465271,0.0625,0.0,4.56,4.56,False,False,0.04321137070655823,-0.0625
C2_2,it0030,0.4094918370246887,0.3928295373916626,0.2,0.16,7.44,5.84,False,False,-0.016662299633026123,-0.04000000000000001
C2_2,it0031,0.13124647736549377,0.21227416396141052,0.3888888888888889,0.16666666666666666,5.68,6.96,False,False,0.08102768659591675,-0.22222222222222224
C2_2,it0032,0.5111396908760071,0.5453801155090332,0.18518518518518517,0.2222222222222222,8.56,7.36,False,False,0.03424042463302612,0.037037037037037035
C2_2,it0033,0.2830662727355957,0.31184399127960205,0.15384615384615385,0.0,4.72,6.16,False,False,0.028777718544006348,-0.15384615384615385
C2_2,it0034,0.2828172743320465,0.23894158005714417,0.16666666666666666,0.26666666666666666,9.28,12.4,False,False,-0.043875694274902344,0.1
C2_2,it0035,0.1953016072511673,0.26602599024772644,0.38461538461538464,0.15384615384615385,5.36,3.92,False,False,0.07072438299655914,-0.23076923076923078
C2_2,it0036,0.5682154893875122,0.4805838167667389,0.1111111111111111,0.4444444444444444,5.52,3.36,False,False,-0.08763167262077332,0.3333333333333333
C2_2,it0037,0.4086335301399231,0.5137261152267456,0.0,0.0,5.68,8.88,False,False,0.10509258508682251,0.0
C2_2,it0038,0.20676642656326294,0.2212807834148407,0.16216216216216217,0.1891891891891892,13.92,14.96,False,False,0.014514356851577759,0.02702702702702703
C2_2,it0039,0.5165234804153442,0.45405662059783936,0.21951219512195122,0.07317073170731707,13.6,14.96,False,False,-0.06246685981750488,-0.14634146341463417
C2_2,it0040,0.322828084230423,0.14644692838191986,0.4,0.13333333333333333,4.48,6.32,False,False,-0.1763811558485031,-0.2666666666666667
C2_2,it0041,0.4086231589317322,0.34417450428009033,0.18181818181818182,0.13636363636363635,7.36,6.72,False,False,-0.06444865465164185,-0.04545454545454547
C2_2,it0042,0.4412993788719177,0.41392070055007935,0.3333333333333333,0.25925925925925924,8.64,8.64,False,False,-0.02737867832183838,-0.07407407407407407
C2_2,it0043,0.029910894110798836,0.13779796659946442,0.0,0.07692307692307693,7.68,6.72,False,False,0.10788707248866558,0.07692307692307693
C2_2,it0044,0.5243242979049683,0.288921594619751,0.32,0.28,7.36,6.8,False,False,-0.23540270328521729,-0.03999999999999998
C2_2,it0045,0.3341888189315796,0.3448296785354614,0.16666666666666666,0.13333333333333333,9.84,7.68,False,False,0.010640859603881836,-0.033333333333333326
C2_2,it0046,0.18740427494049072,0.18840748071670532,0.375,0.125,5.92,5.52,False,False,0.0010032057762145996,-0.25
C2_2,it0047,0.2325088083744049,0.2845609188079834,0.55,0.3,8.56,9.44,False,False,0.05205211043357849,-0.25000000000000006
C2_2,it0048,0.3339383602142334,0.45531779527664185,0.1875,0.1875,4.64,10.16,False,False,0.12137943506240845,0.0
C2_2,it0049,0.5271447896957397,0.5648285150527954,0.3181818181818182,0.3181818181818182,5.92,7.44,False,False,0.037683725357055664,0.0
C2_2,it0050,-0.13141067326068878,0.054283879697322845,0.45454545454545453,0.5,5.76,9.6,False,False,0.18569455295801163,0.04545454545454547
C2_2,it0051,0.4148584008216858,0.41130882501602173,0.2413793103448276,0.13793103448275862,10.08,7.52,False,False,-0.0035495758056640625,-0.10344827586206898
C2_2,it0052,0.2740011513233185,0.25236478447914124,0.06666666666666667,0.06666666666666667,4.24,6.0,False,False,-0.021636366844177246,0.0
C2_2,it0053,0.3136273920536041,0.3461430072784424,0.32432432432432434,0.16216216216216217,12.56,10.88,False,False,0.03251561522483826,-0.16216216216216217
C2_2,it0054,0.06941846758127213,0.041760317981243134,0.0,0.2916666666666667,6.48,6.0,False,False,-0.02765814960002899,0.2916666666666667
C2_2,it0055,0.5453127026557922,0.4991782009601593,0.4230769230769231,0.34615384615384615,7.2,8.56,False,False,-0.046134501695632935,-0.07692307692307693
C2_2,it0056,0.3213357925415039,0.15199825167655945,0.25,0.25,7.52,10.0,False,False,-0.16933754086494446,0.0
C2_2,it0057,0.305377721786499,0.40995490550994873,0.3235294117647059,0.2647058823529412,10.72,7.12,False,False,0.10457718372344971,-0.05882352941176472
C2_2,it0058,0.3182154595851898,0.27782168984413147,0.5833333333333334,0.3333333333333333,4.56,4.0,False,False,-0.04039376974105835,-0.25000000000000006
C2_2,it0059,0.568355143070221,0.5465769171714783,0.2857142857142857,0.2857142857142857,8.16,5.84,False,False,-0.021778225898742676,0.0
C2_2,it0060,0.394561767578125,0.34049439430236816,0.058823529411764705,0.058823529411764705,5.12,5.92,False,False,-0.054067373275756836,0.0
C2_2,it0061,0.48011845350265503,0.5506219863891602,0.11428571428571428,0.08571428571428572,9.84,7.12,False,False,0.07050353288650513,-0.028571428571428567
C2_2,it0062,0.49442172050476074,0.4827417731285095,0.09523809523809523,0.09523809523809523,6.16,8.24,False,False,-0.01167994737625122,0.0
C2_2,it0063,0.28404319286346436,0.32596826553344727,0.13793103448275862,0.3448275862068966,9.12,14.96,False,False,0.04192507266998291,0.20689655172413796
C2_2,it0064,0.39201876521110535,0.4375869035720825,0.1111111111111111,0.16666666666666666,5.44,5.28,False,False,0.04556813836097717,0.05555555555555555
C2_2,it0065,0.6130940318107605,0.5622546672821045,0.20512820512820512,0.1794871794871795,10.8,8.8,False,False,-0.050839364528656006,-0.025641025641025633
C2_2,it0066,0.34328386187553406,0.22677534818649292,0.23809523809523808,0.42857142857142855,7.2,5.12,False,False,-0.11650851368904114,0.19047619047619047
C2_2,it0067,0.23440968990325928,0.21693256497383118,0.4444444444444444,0.16666666666666666,4.56,5.28,False,False,-0.0174771249294281,-0.2777777777777778
C2_2,it0068,0.5203605890274048,0.534818708896637,0.1794871794871795,0.0,13.28,11.28,False,False,0.014458119869232178,-0.1794871794871795
C2_2,it0069,0.3671489655971527,0.355697900056839,0.045454545454545456,0.13636363636363635,7.52,6.08,False,False,-0.01145106554031372,0.0909090909090909
C2_2,it0070,0.3958568871021271,0.3796307146549225,0.06666666666666667,0.06666666666666667,4.48,4.88,False,False,-0.01622617244720459,0.0
C2_2,it0071,0.45000702142715454,0.3545135259628296,0.4642857142857143,0.39285714285714285,7.52,4.96,False,False,-0.09549349546432495,-0.07142857142857145
C2_2,it0072,0.5169609189033508,0.47730448842048645,0.09090909090909091,0.18181818181818182,8.96,11.2,False,False,-0.03965643048286438,0.09090909090909091
C2_2,it0073,0.1082565113902092,0.29015541076660156,0.3103448275862069,0.2413793103448276,6.88,11.12,False,False,0.18189889937639236,-0.06896551724137931
C2_2,it0074,0.2458765059709549,0.2547774910926819,0.5333333333333333,0.4,5.36,10.24,False,False,0.00890098512172699,-0.1333333333333333
C2_2,it0075,0.24334552884101868,0.32951006293296814,0.17391304347826086,0.13043478260869565,7.84,11.36,False,False,0.08616453409194946,-0.043478260869565216
C2_2,it0076,0.26072800159454346,0.33044278621673584,0.21739130434782608,0.391304347826087,5.92,8.0,False,False,0.06971478462219238,0.1739130434782609
C2_2,it0077,0.6510177254676819,0.34540194272994995,0.3333333333333333,0.25,4.8,6.08,False,False,-0.30561578273773193,-0.08333333333333331
C2_2,it0078,0.2411426305770874,0.14137789607048035,0.2857142857142857,0.19047619047619047,7.36,10.0,False,False,-0.09976473450660706,-0.09523809523809523
C2_2,it0079,0.5225092172622681,0.4912526309490204,0.0,0.16666666666666666,9.12,10.24,False,False,-0.03125658631324768,0.16666666666666666
C2_2,it0080,0.11021139472723007,0.15837781131267548,0.2682926829268293,0.43902439024390244,12.0,14.08,False,False,0.048166416585445404,0.17073170731707316
C2_2,it0081,0.24915671348571777,0.23955105245113373,0.07142857142857142,0.07142857142857142,8.24,7.76,False,False,-0.009605661034584045,0.0
C2_2,it0082,0.46058350801467896,0.5119712352752686,0.058823529411764705,0.11764705882352941,6.56,6.96,False,False,0.0513877272605896,0.058823529411764705
C2_2,it0083,0.3911125063896179,0.36894315481185913,0.08823529411764706,0.08823529411764706,12.4,14.72,False,False,-0.02216935157775879,0.0
C2_2,it0084,0.4467974603176117,0.41660305857658386,0.1111111111111111,0.1111111111111111,12.56,10.96,False,False,-0.030194401741027832,0.0
C2_2,it0085,0.4498889446258545,0.24270549416542053,0.14285714285714285,0.21428571428571427,4.72,5.6,False,False,-0.20718345046043396,0.07142857142857142
C2_2,it0086,0.44913965463638306,0.5514276027679443,0.35294117647058826,0.35294117647058826,4.64,8.56,False,False,0.10228794813156128,0.0
C2_2,it0087,0.6091530323028564,0.5623975992202759,0.25,0.4375,4.48,9.52,False,False,-0.046755433082580566,0.1875
C2_2,it0088,0.22948527336120605,0.33411815762519836,0.09523809523809523,0.047619047619047616,6.4,8.0,False,False,0.10463288426399231,-0.047619047619047616
C2_2,it0089,0.15444383025169373,0.22086882591247559,0.0,0.08333333333333333,7.68,7.92,False,False,0.06642499566078186,0.08333333333333333
C2_2,it0090,0.4720037579536438,0.5555176734924316,0.0,0.0,6.24,6.8,False,False,0.08351391553878784,0.0
C2_2,it0091,0.35744011402130127,0.39555081725120544,0.0967741935483871,0.25806451612903225,9.2,7.68,False,False,0.038110703229904175,0.16129032258064516
C2_2,it0092,0.29358601570129395,0.4134625494480133,0.17142857142857143,0.08571428571428572,10.32,10.0,False,False,0.11987653374671936,-0.08571428571428572
C2_2,it0093,0.30224621295928955,0.2089996635913849,0.15789473684210525,0.15789473684210525,5.76,4.48,False,False,-0.09324654936790466,0.0
C2_2,it0094,0.5180286765098572,0.3629501163959503,0.23076923076923078,0.0,5.12,4.56,False,False,-0.15507856011390686,-0.23076923076923078
C2_2,it0095,0.47170400619506836,0.44770100712776184,0.38095238095238093,0.19047619047619047,6.64,6.72,False,False,-0.02400299906730652,-0.19047619047619047
C2_2,it0096,0.37199145555496216,0.35860487818717957,0.6363636363636364,0.45454545454545453,6.48,8.48,False,False,-0.013386577367782593,-0.18181818181818182
C2_2,it0097,0.492474764585495,0.5817053318023682,0.05,0.15,6.56,7.6,False,False,0.08923056721687317,0.09999999999999999
C2_2,it0098,0.36093834042549133,0.3445238769054413,0.07407407407407407,0.037037037037037035,9.12,10.64,False,False,-0.01641446352005005,-0.037037037037037035
C2_2,it0099,0.16784803569316864,0.14543971419334412,0.08695652173913043,0.0,6.16,6.24,False,False,-0.022408321499824524,-0.08695652173913043
C2_2,it0100,0.6015560030937195,0.5532823204994202,0.0,0.0,4.64,4.24,False,False,-0.048273682594299316,0.0
C2_2,it0101,0.2959049940109253,0.2973541021347046,0.10526315789473684,0.15789473684210525,12.4,11.04,False,False,0.0014491081237792969,0.05263157894736842
C2_2,it0102,0.3304837644100189,0.4804004430770874,0.0,0.07692307692307693,4.96,6.72,False,False,0.14991667866706848,0.07692307692307693
C2_2,it0103,0.3962112367153168,0.22803692519664764,0.13636363636363635,0.09090909090909091,6.64,7.36,False,False,-0.16817431151866913,-0.04545454545454544
C2_2,it0104,0.48554983735084534,0.4793667495250702,0.25,0.041666666666666664,5.6,5.52,False,False,-0.0061830878257751465,-0.20833333333333334
C2_2,it0105,0.600130021572113,0.6316726803779602,0.17142857142857143,0.2571428571428571,11.2,14.96,False,False,0.03154265880584717,0.08571428571428569
C2_2,it0106,0.34845292568206787,0.26012927293777466,0.08333333333333333,0.08333333333333333,6.8,9.6,False,False,-0.08832365274429321,0.0
C2_2,it0107,0.383203387260437,0.3934078812599182,0.2608695652173913,0.13043478260869565,8.16,8.88,False,False,0.010204493999481201,-0.13043478260869565
C2_2,it0108,0.465013325214386,0.3074355125427246,0.25,0.1875,5.04,7.6,False,False,-0.15757781267166138,-0.0625
C2_2,it0109,0.37649014592170715,0.4702729284763336,0.3157894736842105,0.15789473684210525,6.24,8.08,False,False,0.09378278255462646,-0.15789473684210525
C2_2,it0110,0.3958200216293335,0.296186238527298,0.16666666666666666,0.1,8.56,8.24,False,False,-0.09963378310203552,-0.06666666666666665
C2_2,it0111,0.1231892853975296,0.12932679057121277,0.24242424242424243,0.36363636363636365,10.16,9.04,False,False,0.0061375051736831665,0.12121212121212122
C2_2,it0112,0.5147901773452759,0.528009831905365,0.09090909090909091,0.06818181818181818,14.8,13.68,False,False,0.013219654560089111,-0.022727272727272735
C2_2,it0113,0.36304447054862976,0.4681149125099182,0.045454545454545456,0.022727272727272728,14.4,12.24,False,False,0.10507044196128845,-0.022727272727272728
C2_2,it0114,0.40291309356689453,0.46398138999938965,0.4444444444444444,0.3333333333333333,5.52,5.84,False,False,0.06106829643249512,-0.1111111111111111
C2_2,it0115,0.18957966566085815,0.25449952483177185,0.07142857142857142,0.0,4.08,4.4,False,False,0.0649198591709137,-0.07142857142857142
C2_2,it0116,0.2639303207397461,0.3628993034362793,0.17647058823529413,0.47058823529411764,4.96,12.96,False,False,0.0989689826965332,0.2941176470588235
C2_2,it0117,0.44180062413215637,0.48555028438568115,0.0,0.08823529411764706,10.24,10.48,False,False,0.04374966025352478,0.08823529411764706
C2_2,it0118,0.40241944789886475,0.5287215709686279,0.4230769230769231,0.28846153846153844,14.96,12.32,False,False,0.12630212306976318,-0.13461538461538464
C2_2,it0119,0.4218481183052063,0.45916393399238586,0.8571428571428571,0.14285714285714285,4.64,6.72,False,False,0.037315815687179565,-0.7142857142857142
C2_2,it0120,0.48185181617736816,0.49893689155578613,0.0,0.0,5.76,8.0,False,False,0.01708507537841797,0.0
C2_2,it0121,0.33617275953292847,0.41263994574546814,0.4,0.2,6.24,6.4,False,False,0.07646718621253967,-0.2
C2_2,it0122,0.247961163520813,0.3075954020023346,0.2727272727272727,0.45454545454545453,8.32,8.16,False,False,0.059634238481521606,0.18181818181818182
C2_2,it0123,0.5315888524055481,0.5088925957679749,0.17647058823529413,0.29411764705882354,5.12,4.48,False,False,-0.022696256637573242,0.11764705882352941
C2_2,it0124,0.43633949756622314,0.345858633518219,0.2727272727272727,0.5757575757575758,11.92,7.44,False,False,-0.09048086404800415,0.3030303030303031
C2_2,it0125,0.4035497307777405,0.4515199065208435,0.2564102564102564,0.3076923076923077,11.52,14.56,False,False,0.04797017574310303,0.05128205128205132
C2_2,it0126,0.2105533480644226,0.40579184889793396,0.0625,0.125,4.24,6.4,False,False,0.19523850083351135,0.0625
C2_2,it0127,0.1743708848953247,0.26197221875190735,0.0,0.11764705882352941,5.44,5.44,False,False,0.08760133385658264,0.11764705882352941
C2_2,it0128,0.39235758781433105,0.33410409092903137,0.05,0.15,5.04,5.84,False,False,-0.05825349688529968,0.09999999999999999
C2_2,it0129,0.3261059820652008,0.23745909333229065,0.11764705882352941,0.0,5.76,6.8,False,False,-0.08864688873291016,-0.11764705882352941
C2_2,it0130,0.33733007311820984,0.21549995243549347,0.1,0.2,4.08,7.44,False,False,-0.12183012068271637,0.1
C2_2,it0131,0.3171992599964142,0.44337305426597595,0.16129032258064516,0.12903225806451613,10.4,9.76,False,False,0.12617379426956177,-0.03225806451612903
C2_2,it0132,0.3183026909828186,0.1826641857624054,0.21428571428571427,0.0,4.48,8.0,False,False,-0.1356385052204132,-0.21428571428571427
C2_2,it0133,0.503854513168335,0.5198537707328796,0.03571428571428571,0.0,8.4,10.0,False,False,0.015999257564544678,-0.03571428571428571
C2_2,it0134,0.45333701372146606,0.3991800844669342,0.0,0.21052631578947367,11.76,11.84,False,False,-0.05415692925453186,0.21052631578947367
C2_2,it0135,0.4117935001850128,0.30877014994621277,0.3333333333333333,0.1282051282051282,11.52,9.84,False,False,-0.10302335023880005,-0.20512820512820512
C2_2,it0136,0.4249719977378845,0.5685594081878662,0.05,0.0,6.64,10.4,False,False,0.1435874104499817,-0.05
C2_2,it0137,0.47339051961898804,0.39059382677078247,0.16666666666666666,0.3333333333333333,4.24,9.84,False,False,-0.08279669284820557,0.16666666666666666
C2_2,it0138,0.4754473865032196,0.28172025084495544,0.2777777777777778,0.2222222222222222,5.92,6.8,False,False,-0.19372713565826416,-0.05555555555555558
C2_2,it0139,0.3855053186416626,0.34682410955429077,0.0,0.0,5.68,6.0,False,False,-0.038681209087371826,0.0
C2_2,it0140,0.2802704870700836,0.39173048734664917,0.25,0.0,7.84,9.36,False,False,0.11146000027656555,-0.25
C2_2,it0141,0.616095781326294,0.645614504814148,0.23333333333333334,0.13333333333333333,9.92,9.12,False,False,0.029518723487854004,-0.1
C2_2,it0142,0.11853250861167908,0.005919983610510826,0.12,0.08,6.72,6.96,False,False,-0.11261252500116825,-0.039999999999999994
C2_2,it0143,0.2967364192008972,0.3853624165058136,0.0,0.0,5.28,5.84,False,False,0.08862599730491638,0.0
C2_2,it0144,0.04657702147960663,0.2997758388519287,0.03571428571428571,0.03571428571428571,9.04,9.12,False,False,0.2531988173723221,0.0
C2_2,it0145,0.6437492370605469,0.6337357759475708,0.025,0.025,13.12,12.64,False,False,-0.010013461112976074,0.0
C2_2,it0146,0.30575987696647644,0.43353205919265747,0.0,0.3,5.52,7.76,False,False,0.12777218222618103,0.3
C2_2,it0147,0.453419029712677,0.2724992334842682,0.0,0.0,6.0,8.72,False,False,-0.1809197962284088,0.0
C2_2,it0148,0.12606103718280792,0.1594172567129135,0.14285714285714285,0.21428571428571427,8.56,5.92,False,False,0.03335621953010559,0.07142857142857142
C2_2,it0149,0.3571713864803314,0.43811726570129395,0.14285714285714285,0.14285714285714285,4.08,3.44,False,False,0.08094587922096252,0.0
C2_2,it0150,0.3423183262348175,0.3506632447242737,0.23076923076923078,0.19230769230769232,7.52,6.56,False,False,0.008344918489456177,-0.038461538461538464
C2_2,it0151,0.4247737526893616,0.4196595251560211,0.11764705882352941,0.058823529411764705,5.04,4.4,False,False,-0.005114227533340454,-0.058823529411764705
C2_2,it0152,0.2776230573654175,0.29773515462875366,0.0,0.058823529411764705,5.44,6.16,False,False,0.02011209726333618,0.058823529411764705
C2_2,it0153,0.37070220708847046,0.4340907633304596,0.19047619047619047,0.21428571428571427,13.52,11.44,False,False,0.06338855624198914,0.023809523809523808
C2_2,it0154,0.04291783645749092,0.01710514724254608,0.10526315789473684,0.3157894736842105,5.92,6.24,False,False,-0.02581268921494484,0.21052631578947367
C2_2,it0155,0.3811580538749695,0.2675290107727051,0.0,0.03571428571428571,8.16,11.68,False,False,-0.1136290431022644,0.03571428571428571
C2_2,it0156,0.2755536437034607,0.10948294401168823,0.14285714285714285,0.047619047619047616,7.2,7.84,False,False,-0.16607069969177246,-0.09523809523809523
C2_2,it0157,0.5277048945426941,0.5129188895225525,0.3023255813953488,0.20930232558139536,13.84,13.36,False,False,-0.014786005020141602,-0.09302325581395346
C2_2,it0158,0.27294355630874634,0.22786520421504974,0.10526315789473684,0.10526315789473684,6.08,8.0,False,False,-0.045078352093696594,0.0
C2_2,it0159,0.353855699300766,0.21878471970558167,0.0,0.07142857142857142,4.24,5.12,False,False,-0.13507097959518433,0.07142857142857142
C2_2,it0160,0.39898815751075745,0.532954752445221,0.0,0.12903225806451613,8.96,9.76,False,False,0.1339665949344635,0.12903225806451613
C2_2,it0161,0.20581257343292236,0.17418977618217468,0.13793103448275862,0.2413793103448276,7.84,7.84,False,False,-0.03162279725074768,0.10344827586206898
C2_2,it0162,0.29449543356895447,0.1547616422176361,0.2962962962962963,0.3333333333333333,7.44,6.4,False,False,-0.13973379135131836,0.037037037037037035
C2_2,it0163,0.32689258456230164,0.3813331127166748,0.0,0.17647058823529413,4.4,4.96,False,False,0.05444052815437317,0.17647058823529413
C2_2,it0164,0.1564083695411682,0.3820860683917999,0.03225806451612903,0.06451612903225806,8.4,6.48,False,False,0.2256776988506317,0.03225806451612903
C2_2,it0165,0.14922912418842316,0.16331437230110168,0.18181818181818182,0.2727272727272727,12.32,14.96,False,False,0.014085248112678528,0.09090909090909088
C2_2,it0166,0.15168839693069458,0.18451747298240662,0.4166666666666667,0.25,4.16,9.6,False,False,0.032829076051712036,-0.16666666666666669
C2_2,it0167,0.4872659742832184,0.449330598115921,0.10526315789473684,0.21052631578947367,6.0,7.12,False,False,-0.03793537616729736,0.10526315789473684
C2_2,it0168,0.12926781177520752,0.276113361120224,0.1,0.0,4.16,3.44,False,False,0.14684554934501648,-0.1
C2_2,it0169,0.33151891827583313,0.32089489698410034,0.05,0.0,6.4,8.56,False,False,-0.010624021291732788,-0.05
C2_2,it0170,0.3807240426540375,0.3983948528766632,0.17647058823529413,0.17647058823529413,5.2,6.56,False,False,0.017670810222625732,0.0
C2_2,it0171,0.5728397369384766,0.635554313659668,0.09523809523809523,0.23809523809523808,7.44,6.0,False,False,0.0627145767211914,0.14285714285714285
C2_2,it0172,0.37322333455085754,0.1394801139831543,0.0,0.0,7.68,6.88,False,False,-0.23374322056770325,0.0
C2_2,it0173,0.6373096108436584,0.5616300702095032,0.0,0.0,9.12,8.08,False,False,-0.07567954063415527,0.0
C2_2,it0174,0.3550400733947754,0.24533258378505707,0.125,0.125,4.96,4.8,False,False,-0.10970748960971832,0.0
C2_2,it0175,0.024290379136800766,0.3845984637737274,0.06666666666666667,0.26666666666666666,5.12,9.76,False,False,0.36030808463692665,0.2
C2_2,it0176,0.2983231544494629,0.29880326986312866,0.16666666666666666,0.0,5.04,5.68,False,False,0.0004801154136657715,-0.16666666666666666
C2_2,it0177,0.3416594862937927,0.3660406172275543,0.05263157894736842,0.05263157894736842,5.28,5.28,False,False,0.024381130933761597,0.0
C2_2,it0178,0.2626144289970398,0.1866522878408432,0.8235294117647058,0.6470588235294118,5.84,4.0,False,False,-0.0759621411561966,-0.17647058823529405
C2_2,it0179,0.622725248336792,0.5917131900787354,0.22580645161290322,0.2903225806451613,11.12,10.4,False,False,-0.03101205825805664,0.06451612903225809
C2_2,it0180,0.5510901808738708,0.4745550751686096,0.07142857142857142,0.21428571428571427,4.32,4.32,False,False,-0.07653510570526123,0.14285714285714285
C2_2,it0181,0.4823320806026459,0.4617477357387543,0.0,0.024390243902439025,12.96,14.96,False,False,-0.0205843448638916,0.024390243902439025
C2_2,it0182,0.30898526310920715,0.32362687587738037,0.04,0.04,6.8,5.04,False,False,0.014641612768173218,0.0
C2_2,it0183,0.5894678831100464,0.544129490852356,0.32,0.08,6.48,5.68,False,False,-0.04533839225769043,-0.24
C2_2,it0184,0.3662765920162201,0.2592465281486511,0.4,0.2,4.96,4.64,False,False,-0.10703006386756897,-0.2
C2_2,it0185,0.3286626935005188,0.4575148820877075,0.06451612903225806,0.25806451612903225,9.92,6.32,False,False,0.12885218858718872,0.1935483870967742
C2_2,it0186,0.21189948916435242,0.3904513120651245,0.0,0.16666666666666666,6.08,5.84,False,False,0.1785518229007721,0.16666666666666666
C2_2,it0187,0.5938199758529663,0.4474843740463257,0.25,0.0625,4.56,4.0,False,False,-0.14633560180664062,-0.1875
C2_2,it0188,0.47424420714378357,0.3441668450832367,0.1111111111111111,0.3333333333333333,4.96,5.2,False,False,-0.13007736206054688,0.2222222222222222
C2_2,it0189,0.3072754740715027,0.36482852697372437,0.0,0.25,5.6,5.04,False,False,0.05755305290222168,0.25
C2_2,it0190,0.49034199118614197,0.5978254079818726,0.125,0.0,5.92,5.68,False,False,0.10748341679573059,-0.125
C2_2,it0191,0.26251131296157837,0.28007176518440247,0.08,0.12,8.24,6.32,False,False,0.017560452222824097,0.039999999999999994
C2_2,it0192,0.48416078090667725,0.48801693320274353,0.2222222222222222,0.2962962962962963,7.68,7.04,False,False,0.003856152296066284,0.07407407407407407
C2_2,it0193,0.1188565194606781,0.256203293800354,0.3125,0.3125,5.68,5.2,False,False,0.1373467743396759,0.0
C2_2,it0194,0.6398245096206665,0.5854056477546692,0.09523809523809523,0.0,6.56,5.44,False,False,-0.054418861865997314,-0.09523809523809523
C2_2,it0195,0.4932366609573364,0.5426932573318481,0.19230769230769232,0.11538461538461539,8.64,6.48,False,False,0.04945659637451172,-0.07692307692307693
C2_2,it0196,0.3560374677181244,0.3117577135562897,0.0,0.14285714285714285,6.88,10.4,False,False,-0.04427975416183472,0.14285714285714285
C2_2,it0197,0.2685997188091278,0.35159391164779663,0.0,0.0,4.72,5.76,False,False,0.08299419283866882,0.0
C2_2,it0198,0.2317369282245636,0.2119239866733551,0.0,0.1875,4.48,5.76,False,False,-0.019812941551208496,0.1875
C2_2,it0199,0.4268261790275574,0.30717721581459045,0.058823529411764705,0.0,6.08,6.56,False,False,-0.11964896321296692,-0.058823529411764705
C2_2,it0200,0.4091264009475708,0.4935588538646698,0.18181818181818182,0.13636363636363635,7.28,7.12,False,False,0.084432452917099,-0.04545454545454547
C2_2,it0201,0.4698643684387207,0.49071234464645386,0.16666666666666666,0.0,5.92,5.92,False,False,0.020847976207733154,-0.16666666666666666
C2_2,it0202,0.43856504559516907,0.485551118850708,0.08333333333333333,0.08333333333333333,4.72,6.64,False,False,0.04698607325553894,0.0
C2_2,it0203,0.4800727069377899,0.3662317097187042,0.07692307692307693,0.11538461538461539,6.88,6.72,False,False,-0.1138409972190857,0.038461538461538464
C2_2,it0204,0.37837326526641846,0.46356040239334106,0.04,0.36,8.16,5.52,False,False,0.08518713712692261,0.32
C2_2,it0205,0.4225023686885834,0.5245676040649414,0.875,0.5833333333333334,6.96,8.88,False,False,0.10206523537635803,-0.29166666666666663
C2_2,it0206,0.4703507721424103,0.4774211645126343,0.12121212121212122,0.12121212121212122,9.84,6.64,False,False,0.007070392370223999,0.0
C2_2,it0207,0.38130345940589905,0.26982635259628296,0.1111111111111111,0.16666666666666666,5.92,7.76,False,False,-0.11147710680961609,0.05555555555555555
C2_2,it0208,0.38770660758018494,0.3426437973976135,0.3225806451612903,0.25806451612903225,11.28,8.96,False,False,-0.04506281018257141,-0.06451612903225806
C2_2,it0209,0.5655949115753174,0.4996947944164276,0.12,0.12,7.44,9.92,False,False,-0.06590011715888977,0.0
C2_2,it0210,0.10803388059139252,0.12606209516525269,0.38095238095238093,0.35714285714285715,11.92,9.44,False,False,0.01802821457386017,-0.02380952380952378
C2_2,it0211,0.6373600363731384,0.5359554290771484,0.0,0.20588235294117646,11.44,14.32,False,False,-0.10140460729598999,0.20588235294117646
C2_2,it0212,0.16032624244689941,0.13562440872192383,0.3684210526315789,0.10526315789473684,5.28,6.24,False,False,-0.024701833724975586,-0.2631578947368421
C2_2,it0213,0.5423259735107422,0.47503697872161865,0.14814814814814814,0.1111111111111111,7.68,8.8,False,False,-0.06728899478912354,-0.037037037037037035
C2_2,it0214,0.427954763174057,0.4597148895263672,0.1794871794871795,0.3333333333333333,10.8,7.76,False,False,0.03176012635231018,0.15384615384615383
C2_2,it0215,0.05477719381451607,0.245708629488945,0.2727272727272727,1.0,4.88,13.84,False,False,0.19093143567442894,0.7272727272727273
C2_2,it0216,0.32842281460762024,0.3975367546081543,0.06666666666666667,0.0,5.12,6.8,False,False,0.06911394000053406,-0.06666666666666667
C2_2,it0217,0.27382948994636536,0.3948305547237396,0.5238095238095238,0.3333333333333333,7.12,11.84,False,False,0.12100106477737427,-0.19047619047619052
C2_2,it0218,0.5807766914367676,0.5674190521240234,0.058823529411764705,0.058823529411764705,5.44,5.36,False,False,-0.01335763931274414,0.0
C2_2,it0219,0.37237682938575745,0.4046797752380371,0.17647058823529413,0.2647058823529412,11.04,8.08,False,False,0.03230294585227966,0.08823529411764705
C2_2,it0220,0.17396223545074463,0.11816322058439255,0.043478260869565216,0.043478260869565216,5.68,4.32,False,False,-0.05579901486635208,0.0
C2_2,it0221,0.38711702823638916,0.290606826543808,0.11764705882352941,0.29411764705882354,9.76,13.44,False,False,-0.09651020169258118,0.17647058823529413
C2_2,it0222,0.393078088760376,0.30705177783966064,0.375,0.1875,4.08,8.48,False,False,-0.08602631092071533,-0.1875
C2_2,it0223,0.47777992486953735,0.3941221833229065,0.2,0.03333333333333333,8.4,10.96,False,False,-0.08365774154663086,-0.16666666666666669
C2_2,it0224,0.2794652581214905,0.3226858973503113,0.0,0.0,5.76,6.0,False,False,0.0432206392288208,0.0
C2_2,it0225,0.4575003385543823,0.4629756212234497,0.09090909090909091,0.22727272727272727,8.16,6.4,False,False,0.005475282669067383,0.13636363636363635
C2_2,it0226,0.38113775849342346,0.41549012064933777,0.14285714285714285,0.25,8.4,6.64,False,False,0.03435236215591431,0.10714285714285715
C2_2,it0227,0.3187989592552185,0.24989841878414154,0.3,0.3,5.36,4.96,False,False,-0.06890054047107697,0.0
C2_2,it0228,0.5805423259735107,0.6362122297286987,0.05555555555555555,0.0,5.36,5.36,False,False,0.05566990375518799,-0.05555555555555555
C2_2,it0229,0.21208202838897705,0.40621519088745117,0.2727272727272727,0.045454545454545456,6.64,6.88,False,False,0.19413316249847412,-0.22727272727272724
C2_2,it0230,0.616793155670166,0.6656266450881958,0.0,0.0,8.0,6.48,False,False,0.048833489418029785,0.0
C2_2,it0231,0.3733866214752197,0.3194270133972168,0.03225806451612903,0.0967741935483871,10.0,10.64,False,False,-0.05395960807800293,0.06451612903225806
C2_2,it0232,0.19476711750030518,0.2624933421611786,0.22727272727272727,0.22727272727272727,6.88,6.32,False,False,0.06772622466087341,0.0
C2_2,it0233,0.3878752887248993,0.25840336084365845,0.047619047619047616,0.09523809523809523,6.96,6.08,False,False,-0.12947192788124084,0.047619047619047616
C2_2,it0234,0.5827016234397888,0.5427411794662476,0.10344827586206896,0.27586206896551724,10.64,8.8,False,False,-0.03996044397354126,0.1724137931034483
C2_2,it0235,0.23842334747314453,0.3262088894844055,0.2631578947368421,0.21052631578947367,6.24,8.64,False,False,0.08778554201126099,-0.05263157894736842
C2_2,it0236,0.13116580247879028,0.4183117747306824,0.3333333333333333,0.0,5.04,9.2,False,False,0.2871459722518921,-0.3333333333333333
C2_2,it0237,0.3541198670864105,0.45862245559692383,0.058823529411764705,0.058823529411764705,5.44,8.16,False,False,0.1045025885105133,0.0
C2_2,it0238,0.44547557830810547,0.49699667096138,0.0,0.0625,5.12,3.84,False,False,0.051521092653274536,0.0625
C2_2,it0239,0.5614113211631775,0.5075249671936035,0.10344827586206896,0.13793103448275862,8.56,7.2,False,False,-0.053886353969573975,0.034482758620689655
C2_2,it0240,0.24472784996032715,0.3647475838661194,0.0,0.0,4.08,3.28,False,False,0.12001973390579224,0.0
C2_2,it0241,0.45456579327583313,0.35760897397994995,0.5,0.25,4.48,7.68,False,False,-0.09695681929588318,-0.25
C2_2,it0242,0.3293934166431427,0.42482489347457886,0.05263157894736842,0.21052631578947367,6.48,6.32,False,False,0.09543147683143616,0.15789473684210525
C2_2,it0243,0.33506107330322266,0.5091403126716614,0.0,0.07692307692307693,4.24,6.96,False,False,0.17407923936843872,0.07692307692307693
C2_2,it0244,0.19324879348278046,0.21523147821426392,0.0625,0.0625,5.04,4.32,False,False,0.02198268473148346,0.0
C2_2,it0245,0.5022220015525818,0.3554147779941559,0.11764705882352941,0.11764705882352941,5.12,4.48,False,False,-0.1468072235584259,0.0
C2_2,it0246,0.5471982955932617,0.5384621620178223,0.1590909090909091,0.3181818181818182,12.56,13.44,False,False,-0.008736133575439453,0.1590909090909091
C2_2,it0247,0.3417168855667114,0.4392087161540985,0.0,0.058823529411764705,5.68,7.28,False,False,0.09749183058738708,0.058823529411764705
C2_2,it0248,0.2550085484981537,0.39956000447273254,0.034482758620689655,0.3103448275862069,8.16,8.16,False,False,0.14455145597457886,0.27586206896551724
C2_2,it0249,0.5388438701629639,0.40063169598579407,0.3,0.3,6.64,5.92,False,False,-0.1382121741771698,0.0
C2_2,it0250,0.24109387397766113,0.2331818789243698,0.35714285714285715,0.07142857142857142,13.76,14.96,False,False,-0.00791199505329132,-0.2857142857142857
C2_2,it0251,0.47710558772087097,0.5236894488334656,0.09375,0.125,8.16,11.44,False,False,0.046583861112594604,0.03125
C2_2,it0252,0.1428965926170349,0.2607957124710083,0.16666666666666666,0.08333333333333333,4.24,7.76,False,False,0.11789911985397339,-0.08333333333333333
C2_2,it0253,0.4532642960548401,0.4647597074508667,0.23076923076923078,0.07692307692307693,4.24,6.08,False,False,0.011495411396026611,-0.15384615384615385
C2_2,it0254,0.476469486951828,0.3851465880870819,0.13333333333333333,0.13333333333333333,10.08,7.28,False,False,-0.0913228988647461,0.0
C2_2,it0255,0.444248229265213,0.47498348355293274,0.03225806451612903,0.3548387096774194,11.04,12.72,False,False,0.030735254287719727,0.32258064516129037
C2_2,it0256,0.25936344265937805,0.4091710150241852,0.4411764705882353,0.4411764705882353,9.6,11.52,False,False,0.14980757236480713,0.0
C2_2,it0257,0.26959267258644104,0.4604414999485016,0.14285714285714285,0.03571428571428571,7.68,7.68,False,False,0.19084882736206055,-0.10714285714285714
C2_2,it0258,0.5594176054000854,0.5452145338058472,0.0,0.23809523809523808,6.48,8.4,False,False,-0.014203071594238281,0.23809523809523808
C2_2,it0259,0.3448469638824463,0.46087706089019775,0.16326530612244897,0.1836734693877551,13.28,11.2,False,False,0.11603009700775146,0.020408163265306145
C2_2,it0260,0.5891420841217041,0.42714181542396545,0.0,0.0,4.48,6.56,False,False,-0.16200026869773865,0.0
C2_2,it0261,0.525053083896637,0.5081304311752319,0.18518518518518517,0.18518518518518517,11.44,8.64,False,False,-0.01692265272140503,0.0
C2_2,it0262,0.35650065541267395,0.29314178228378296,0.3333333333333333,0.3333333333333333,8.16,6.96,False,False,-0.06335887312889099,0.0
C2_2,it0263,0.41082504391670227,0.5115504860877991,0.0,0.0,5.68,5.6,False,False,0.1007254421710968,0.0
C2_2,it0264,0.3559185862541199,0.45364075899124146,0.0625,0.0625,4.72,5.84,False,False,0.09772217273712158,0.0
C2_2,it0265,0.3703554570674896,0.27736783027648926,0.19444444444444445,0.1111111111111111,11.76,14.96,False,False,-0.09298762679100037,-0.08333333333333334
C2_2,it0266,0.37759068608283997,0.285446435213089,0.12,0.16,7.92,8.24,False,False,-0.09214425086975098,0.04000000000000001
C2_2,it0267,0.28732797503471375,0.4893450438976288,0.1111111111111111,0.037037037037037035,8.56,10.4,False,False,0.20201706886291504,-0.07407407407407407
C2_2,it0268,0.383171409368515,0.4374159276485443,0.18181818181818182,0.15151515151515152,9.36,9.92,False,False,0.0542445182800293,-0.030303030303030304
C2_2,it0269,0.2653696835041046,0.172280415892601,0.3333333333333333,0.375,7.76,5.76,False,False,-0.0930892676115036,0.041666666666666685
C2_2,it0270,0.6046048998832703,0.6395955085754395,0.07692307692307693,0.0,11.6,8.72,False,False,0.03499060869216919,-0.07692307692307693
C2_2,it0271,0.3700418174266815,0.2515583634376526,0.7333333333333333,0.5333333333333333,4.24,8.56,True,False,-0.11848345398902893,-0.19999999999999996
C2_2,it0272,0.20759251713752747,0.30290675163269043,0.11764705882352941,0.14705882352941177,9.2,8.56,False,False,0.09531423449516296,0.02941176470588236
C2_2,it0273,0.3154664635658264,0.14862225949764252,0.0,0.1111111111111111,5.92,5.12,False,False,-0.1668442040681839,0.1111111111111111
C2_2,it0274,0.2892002761363983,0.23819467425346375,0.23076923076923078,0.19230769230769232,10.32,7.2,False,False,-0.05100560188293457,-0.038461538461538464
C2_2,it0275,0.6075688004493713,0.5203078389167786,0.1875,0.0,7.68,7.28,False,False,-0.08726096153259277,-0.1875
C2_2,it0276,0.4501025676727295,0.507397472858429,0.25,0.3333333333333333,4.08,4.32,False,False,0.05729490518569946,0.08333333333333331
C2_2,it0277,0.3633173704147339,0.4270857572555542,0.20833333333333334,0.3333333333333333,13.52,10.08,False,False,0.06376838684082031,0.12499999999999997
C2_2,it0278,0.2636750340461731,0.22947993874549866,0.25,0.14285714285714285,7.92,8.64,False,False,-0.03419509530067444,-0.10714285714285715
C2_2,it0279,0.5401183366775513,0.5612179636955261,0.42105263157894735,0.2631578947368421,12.16,12.48,False,False,0.021099627017974854,-0.15789473684210525
C2_2,it0280,0.3187485933303833,0.3977685272693634,0.0,0.1111111111111111,6.4,5.36,False,False,0.0790199339389801,0.1111111111111111
C2_2,it0281,0.16313588619232178,0.23795786499977112,0.45454545454545453,0.2727272727272727,4.0,2.72,False,False,0.07482197880744934,-0.18181818181818182
C2_2,it0282,0.4391093850135803,0.47511541843414307,0.16,0.28,6.32,6.4,False,False,0.036006033420562744,0.12000000000000002
C2_2,it0283,0.46611908078193665,0.5048855543136597,0.25,0.0625,5.36,4.56,False,False,0.03876647353172302,-0.1875
C2_2,it0284,0.2394838035106659,0.10655290633440018,0.23076923076923078,0.15384615384615385,8.88,7.92,False,False,-0.13293089717626572,-0.07692307692307693
C2_2,it0285,0.5436541438102722,0.5502254366874695,0.0975609756097561,0.12195121951219512,13.2,12.88,False,False,0.006571292877197266,0.02439024390243902
C2_2,it0286,0.23679757118225098,0.28194278478622437,0.21428571428571427,0.17857142857142858,8.48,8.56,False,False,0.04514521360397339,-0.0357142857142857
C2_2,it0287,0.5847519636154175,0.5780460834503174,0.18181818181818182,0.5,7.84,8.96,False,False,-0.006705880165100098,0.3181818181818182
C2_2,it0288,0.6102613210678101,0.6797078847885132,0.2727272727272727,0.29545454545454547,14.24,13.68,False,False,0.06944656372070312,0.022727272727272763
C2_2,it0289,0.4692181944847107,0.3870912790298462,0.16666666666666666,0.1111111111111111,5.68,9.52,False,False,-0.0821269154548645,-0.05555555555555555
C2_2,it0290,0.28347301483154297,0.3940979838371277,0.19047619047619047,0.09523809523809523,12.08,11.28,False,False,0.11062496900558472,-0.09523809523809523
C2_2,it0291,0.18079480528831482,0.16671623289585114,0.1111111111111111,0.16666666666666666,5.44,9.28,False,False,-0.014078572392463684,0.05555555555555555
C2_2,it0292,0.3247365355491638,0.21571940183639526,0.14285714285714285,0.05714285714285714,11.12,9.36,False,False,-0.10901713371276855,-0.08571428571428572
C2_2,it0293,0.38882744312286377,0.3500988185405731,0.20833333333333334,0.2916666666666667,6.56,5.36,False,False,-0.03872862458229065,0.08333333333333334
C2_2,it0294,0.3212410509586334,0.3701877295970917,0.0,0.0,6.48,7.28,False,False,0.04894667863845825,0.0
C2_2,it0295,0.46693652868270874,0.5125523209571838,0.1320754716981132,0.11320754716981132,14.24,11.68,False,False,0.0456157922744751,-0.018867924528301883
C2_2,it0296,0.501692533493042,0.4167253077030182,0.1875,0.34375,13.44,8.72,False,False,-0.0849672257900238,0.15625
C2_2,it0297,0.14910656213760376,0.21908244490623474,0.24,0.44,7.44,8.48,False,False,0.06997588276863098,0.2
C2_2,it0298,0.4293857216835022,0.5248149037361145,0.25,0.16666666666666666,6.08,4.16,False,False,0.0954291820526123,-0.08333333333333334
C2_2,it0299,0.5019832849502563,0.5945366024971008,0.0,0.02857142857142857,11.36,10.56,False,False,0.09255331754684448,0.02857142857142857
C2_2,it0300,0.23568162322044373,0.3043701648712158,0.0,0.0,6.32,5.6,False,False,0.0686885416507721,0.0
C2_2,it0301,0.37230372428894043,0.38855183124542236,0.1875,0.15625,9.84,9.28,False,False,0.016248106956481934,-0.03125
C2_2,it0302,0.5179826617240906,0.5127934813499451,0.16666666666666666,0.35714285714285715,11.28,13.68,False,False,-0.005189180374145508,0.1904761904761905
C2_2,it0303,0.5428770184516907,0.35713130235671997,0.1,0.05,6.56,6.64,False,False,-0.1857457160949707,-0.05
C2_2,it0304,0.31504103541374207,0.3033088445663452,0.07692307692307693,0.3076923076923077,5.44,4.96,False,False,-0.01173219084739685,0.23076923076923078
C2_2,it0305,0.27814629673957825,0.1833868771791458,0.08888888888888889,0.2222222222222222,12.8,14.96,False,False,-0.09475941956043243,0.1333333333333333
C2_2,it0306,0.40280646085739136,0.4336990714073181,0.0,0.0,6.56,6.72,False,False,0.030892610549926758,0.0
C2_2,it0307,0.34948909282684326,0.32346558570861816,0.07142857142857142,0.2857142857142857,5.04,6.72,False,False,-0.026023507118225098,0.21428571428571427
C2_2,it0308,0.3670300841331482,0.45814257860183716,0.3235294117647059,0.17647058823529413,10.4,7.52,False,False,0.09111249446868896,-0.14705882352941177
C2_2,it0309,0.47082486748695374,0.41425633430480957,0.07692307692307693,0.07692307692307693,5.2,3.84,False,False,-0.056568533182144165,0.0
C2_2,it0310,0.46798795461654663,0.35967785120010376,0.36666666666666664,0.5333333333333333,8.48,5.52,False,False,-0.10831010341644287,0.16666666666666669
C2_2,it0311,0.3120781183242798,0.3739674985408783,0.09523809523809523,0.38095238095238093,5.84,3.44,False,False,0.06188938021659851,0.2857142857142857
C2_2,it0312,0.6309462785720825,0.6934771537780762,0.38095238095238093,0.23809523809523808,12.24,12.4,False,False,0.06253087520599365,-0.14285714285714285
C2_2,it0313,0.4422283470630646,0.5276651382446289,0.17647058823529413,0.11764705882352941,4.96,7.76,False,False,0.08543679118156433,-0.05882352941176472
C2_2,it0314,0.24083490669727325,0.049775660037994385,0.08,0.32,6.32,5.76,False,False,-0.19105924665927887,0.24
C2_2,it0315,0.3039819896221161,0.32048529386520386,0.0,0.28,7.92,8.0,False,False,0.01650330424308777,0.28
C2_2,it0316,0.41785672307014465,0.39609622955322266,0.1875,0.3541666666666667,13.28,14.96,False,False,-0.021760493516921997,0.16666666666666669
C2_2,it0317,0.4117202162742615,0.521203339099884,0.0,0.0,8.16,9.28,False,False,0.10948312282562256,0.0
C2_2,it0318,0.3986046314239502,0.4066496193408966,0.3125,0.3125,5.04,13.84,False,False,0.008044987916946411,0.0
C2_2,it0319,0.44186484813690186,0.4475444555282593,0.15789473684210525,0.10526315789473684,5.6,8.48,False,False,0.005679607391357422,-0.05263157894736842
C2_2,it0320,0.5285534858703613,0.4249851703643799,0.23076923076923078,0.2692307692307692,8.0,8.32,False,False,-0.10356831550598145,0.038461538461538436
C2_2,it0321,0.12917089462280273,0.17601796984672546,0.0,0.2777777777777778,5.12,4.08,False,False,0.04684707522392273,0.2777777777777778
C2_2,it0322,0.6104006767272949,0.6411483883857727,0.5294117647058824,0.7058823529411765,4.72,12.56,False,False,0.030747711658477783,0.17647058823529416
C2_2,it0323,0.4696452021598816,0.5730521082878113,0.0,0.1,6.96,9.04,False,False,0.10340690612792969,0.1
C2_2,it0324,0.39034461975097656,0.48122066259384155,0.1111111111111111,0.1111111111111111,5.92,6.08,False,False,0.09087604284286499,0.0
C2_2,it0325,0.26749828457832336,0.15499916672706604,0.022727272727272728,0.09090909090909091,12.8,12.0,False,False,-0.11249911785125732,0.06818181818181818
C2_2,it0326,0.3466619849205017,0.28003066778182983,0.16666666666666666,0.20833333333333334,5.92,7.04,False,False,-0.06663131713867188,0.041666666666666685
C2_2,it0327,0.43952617049217224,0.4331788420677185,0.0,0.0,4.56,4.48,False,False,-0.006347328424453735,0.0
C2_2,it0328,0.5664048194885254,0.5024991035461426,0.5517241379310345,0.3103448275862069,8.0,5.36,False,False,-0.06390571594238281,-0.24137931034482757
C2_2,it0329,0.3812972903251648,0.36624762415885925,0.3333333333333333,0.08333333333333333,4.24,8.4,False,False,-0.015049666166305542,-0.25
C2_2,it0330,0.45634275674819946,0.43807345628738403,0.058823529411764705,0.2647058823529412,9.6,8.32,False,False,-0.01826930046081543,0.20588235294117646
C2_2,it0331,0.3137780725955963,0.4020175337791443,0.14814814814814814,0.18518518518518517,8.88,11.68,False,False,0.08823946118354797,0.037037037037037035
C2_2,it0332,0.5428311228752136,0.3986750841140747,0.08333333333333333,0.0,4.0,5.36,False,False,-0.14415603876113892,-0.08333333333333333
C2_2,it0333,0.5389010906219482,0.5532204508781433,0.17073170731707318,0.21951219512195122,12.24,12.88,False,False,0.014319360256195068,0.04878048780487804
C2_2,it0334,0.37440261244773865,0.431383341550827,0.3333333333333333,0.2916666666666667,13.76,14.96,False,False,0.05698072910308838,-0.04166666666666663
C2_2,it0335,0.2770613729953766,0.2771615982055664,0.14285714285714285,0.14285714285714285,4.48,5.76,False,False,0.00010022521018981934,0.0
C2_2,it0336,0.562247097492218,0.5105125308036804,0.08571428571428572,0.0,11.84,9.44,False,False,-0.0517345666885376,-0.08571428571428572
C2_2,it0337,0.2779780328273773,0.27928441762924194,0.20512820512820512,0.15384615384615385,13.44,12.64,False,False,0.001306384801864624,-0.051282051282051266
C2_2,it0338,0.30289795994758606,0.46774423122406006,0.17647058823529413,0.058823529411764705,6.24,6.56,False,False,0.164846271276474,-0.11764705882352942
C2_2,it0339,0.5389147400856018,0.35277336835861206,0.04,0.0,7.2,8.16,False,False,-0.18614137172698975,-0.04
C2_2,it0340,0.3155067265033722,0.21631193161010742,0.38461538461538464,0.15384615384615385,4.16,4.72,False,False,-0.09919479489326477,-0.23076923076923078
C2_2,it0341,0.5910388827323914,0.4781170189380646,0.14285714285714285,0.0,8.88,7.92,False,False,-0.11292186379432678,-0.14285714285714285
C2_2,it0342,0.5145290493965149,0.2742445170879364,0.125,0.1875,6.88,7.76,False,False,-0.2402845323085785,0.0625
C2_2,it0343,0.24729837477207184,0.31281137466430664,0.15555555555555556,0.2,13.76,10.72,False,False,0.0655129998922348,0.04444444444444445
C2_2,it0344,0.6030678749084473,0.6336525082588196,0.15384615384615385,0.0,8.16,5.44,False,False,0.030584633350372314,-0.15384615384615385
C2_2,it0345,0.09438012540340424,0.14884278178215027,0.5185185185185185,0.48148148148148145,7.52,5.84,False,False,0.05446265637874603,-0.037037037037037035
C2_2,it0346,0.36636868119239807,0.3822740316390991,0.08695652173913043,0.0,6.96,5.12,False,False,0.01590535044670105,-0.08695652173913043
C2_2,it0347,0.45404908061027527,0.48653948307037354,0.28205128205128205,0.10256410256410256,11.76,13.76,False,False,0.03249040246009827,-0.1794871794871795
C2_2,it0348,0.2008863091468811,0.2931879162788391,0.0,0.0,4.08,4.0,False,False,0.09230160713195801,0.0
C2_2,it0349,0.2491709589958191,0.24221979081630707,0.030303030303030304,0.21212121212121213,12.16,14.96,False,False,-0.006951168179512024,0.18181818181818182
C2_2,it0350,0.3308137059211731,0.4172547161579132,0.07142857142857142,0.07142857142857142,7.44,9.2,False,False,0.08644101023674011,0.0
C2_2,it0351,0.3523927330970764,0.3904225528240204,0.13636363636363635,0.09090909090909091,8.4,11.6,False,False,0.03802981972694397,-0.04545454545454544
C2_2,it0352,0.36287176609039307,0.40943485498428345,0.0,0.0,8.64,8.08,False,False,0.04656308889389038,0.0
C2_2,it0353,0.28588008880615234,0.27587535977363586,0.038461538461538464,0.038461538461538464,6.8,7.6,False,False,-0.01000472903251648,0.0
C2_2,it0354,0.5256717205047607,0.460994690656662,0.0,0.05,6.0,6.08,False,False,-0.06467702984809875,0.05
C2_2,it0355,0.4970940351486206,0.4698958396911621,0.037037037037037035,0.25925925925925924,9.12,7.12,False,False,-0.027198195457458496,0.2222222222222222
C2_2,it0356,0.2267705351114273,0.2660026252269745,0.15384615384615385,0.15384615384615385,4.48,4.88,False,False,0.03923209011554718,0.0
C2_2,it0357,0.42316606640815735,0.4109463095664978,0.03333333333333333,0.1,8.32,6.56,False,False,-0.012219756841659546,0.06666666666666668
C2_2,it0358,0.30236580967903137,0.31951913237571716,0.0,0.043478260869565216,8.96,8.48,False,False,0.01715332269668579,0.043478260869565216
C2_2,it0359,0.5262566804885864,0.5107322931289673,0.3181818181818182,0.29545454545454547,13.52,10.4,False,False,-0.01552438735961914,-0.022727272727272707
C2_2,it0360,0.45370739698410034,0.5898329615592957,0.043478260869565216,0.043478260869565216,6.96,7.76,False,False,0.1361255645751953,0.0
C2_2,it0361,0.36715763807296753,0.41395846009254456,0.11764705882352941,0.11764705882352941,6.4,5.52,False,False,0.046800822019577026,0.0
C2_2,it0362,0.3888064920902252,0.4079427123069763,0.13333333333333333,0.06666666666666667,4.16,5.04,False,False,0.0191362202167511,-0.06666666666666667
C2_2,it0363,0.45267513394355774,0.5025990009307861,0.17073170731707318,0.3902439024390244,12.64,13.36,False,False,0.049923866987228394,0.21951219512195122
C2_2,it0364,0.5820502042770386,0.5117764472961426,0.2,0.12,8.4,8.56,False,False,-0.070273756980896,-0.08000000000000002
C2_2,it0365,0.4276297390460968,0.40850865840911865,0.0,0.0,4.56,5.04,False,False,-0.01912108063697815,0.0
C2_2,it0366,0.33249732851982117,0.24809971451759338,0.34615384615384615,0.19230769230769232,9.04,7.68,False,False,-0.08439761400222778,-0.15384615384615383
C2_2,it0367,0.2570893168449402,0.15909984707832336,0.12,0.12,14.64,14.96,False,False,-0.09798946976661682,0.0
C2_2,it0368,0.12020375579595566,0.37942934036254883,0.0,0.19047619047619047,6.24,5.92,False,False,0.25922558456659317,0.19047619047619047
C2_2,it0369,0.2903362512588501,0.41465121507644653,0.0625,0.125,4.72,6.08,False,False,0.12431496381759644,0.0625
C2_2,it0370,0.5717827081680298,0.5260149240493774,0.28,0.28,9.68,13.44,False,False,-0.045767784118652344,0.0
C2_2,it0371,0.11497031152248383,0.07359150052070618,0.21875,0.25,9.12,14.96,False,False,-0.04137881100177765,0.03125
C2_2,it0372,0.6340514421463013,0.5633479952812195,0.06896551724137931,0.10344827586206896,8.4,7.6,False,False,-0.07070344686508179,0.034482758620689655
C2_2,it0373,0.4907269775867462,0.48675811290740967,0.14814814814814814,0.037037037037037035,10.24,13.28,False,False,-0.003968864679336548,-0.1111111111111111
C2_2,it0374,0.30727630853652954,0.3451003432273865,0.1111111111111111,0.05555555555555555,5.68,5.92,False,False,0.037824034690856934,-0.05555555555555555
C2_2,it0375,0.35983964800834656,0.35678553581237793,0.06666666666666667,0.13333333333333333,4.0,4.24,False,False,-0.003054112195968628,0.06666666666666667
C2_2,it0376,0.40923458337783813,0.3673814833164215,0.2222222222222222,0.05555555555555555,6.24,6.0,False,False,-0.041853100061416626,-0.16666666666666666
C2_2,it0377,0.3606207072734833,0.281924843788147,0.04,0.12,7.84,10.08,False,False,-0.0786958634853363,0.07999999999999999
C2_2,it0378,0.5417129993438721,0.5434134006500244,0.3333333333333333,0.26666666666666666,5.04,12.4,False,False,0.0017004013061523438,-0.06666666666666665
C2_2,it0379,0.18197114765644073,0.38106662034988403,0.0,0.0,5.28,6.48,False,False,0.1990954726934433,0.0
C2_2,it0380,0.49978363513946533,0.5319628119468689,0.2631578947368421,0.21052631578947367,4.88,5.44,False,False,0.032179176807403564,-0.05263157894736842
C2_2,it0381,0.43933042883872986,0.4815800189971924,0.07692307692307693,0.07692307692307693,4.8,6.24,False,False,0.042249590158462524,0.0
C2_2,it0382,0.3867740333080292,0.5044629573822021,0.045454545454545456,0.36363636363636365,6.72,11.76,False,False,0.11768892407417297,0.3181818181818182
C2_2,it0383,0.16195107996463776,0.31110110878944397,0.10256410256410256,0.15384615384615385,10.56,10.56,False,False,0.1491500288248062,0.051282051282051294
C2_2,it0384,0.13086649775505066,0.38969099521636963,0.2,0.4,4.0,4.4,False,False,0.25882449746131897,0.2
C2_2,it0385,0.24413694441318512,0.10303814709186554,0.16666666666666666,0.5,4.24,7.28,False,False,-0.14109879732131958,0.33333333333333337
C2_2,it0386,0.5563370585441589,0.40741389989852905,0.0,0.14285714285714285,4.72,4.08,False,False,-0.14892315864562988,0.14285714285714285
C2_2,it0387,0.3448132276535034,0.3395715355873108,0.18181818181818182,0.09090909090909091,11.36,12.8,False,False,-0.005241692066192627,-0.09090909090909091
C2_2,it0388,0.5312528610229492,0.4657617211341858,0.05263157894736842,0.0,6.64,6.32,False,False,-0.06549113988876343,-0.05263157894736842
C2_2,it0389,0.6491680145263672,0.6586786508560181,0.10869565217391304,0.1956521739130435,14.48,14.96,False,False,0.009510636329650879,0.08695652173913045
C2_2,it0390,0.29637765884399414,0.3924531042575836,0.09302325581395349,0.2558139534883721,11.76,13.2,False,False,0.09607544541358948,0.16279069767441862
C2_2,it0391,0.3662797808647156,0.43046730756759644,0.08695652173913043,0.391304347826087,8.96,9.92,False,False,0.06418752670288086,0.30434782608695654
C2_2,it0392,0.19787992537021637,0.3327827453613281,0.2857142857142857,0.09523809523809523,7.68,7.6,False,False,0.13490281999111176,-0.19047619047619047
C2_2,it0393,0.42807796597480774,0.3506411910057068,0.0,0.0,4.88,6.16,False,False,-0.07743677496910095,0.0
C2_2,it0394,0.4889613389968872,0.5702383518218994,0.0,0.0,6.8,7.6,False,False,0.08127701282501221,0.0
C2_2,it0395,0.22477734088897705,0.16551515460014343,0.47058823529411764,0.5294117647058824,5.68,4.88,False,False,-0.05926218628883362,0.05882352941176472
C2_2,it0396,0.49569016695022583,0.6288580894470215,0.1,0.1,6.24,6.96,False,False,0.13316792249679565,0.0
C2_2,it0397,0.5042360424995422,0.4579983055591583,0.05263157894736842,0.05263157894736842,6.4,7.04,False,False,-0.04623773694038391,0.0
C2_2,it0398,0.5136993527412415,0.4415571689605713,0.1,0.25,6.48,4.32,False,False,-0.07214218378067017,0.15
C2_2,it0399,0.38858431577682495,0.3076523244380951,0.1111111111111111,0.3333333333333333,5.12,5.84,False,False,-0.08093199133872986,0.2222222222222222
C3_0,it0000,0.4595329761505127,0.5769897699356079,0.15217391304347827,0.021739130434782608,12.16,9.44,False,False,0.11745679378509521,-0.13043478260869568
C3_0,it0001,0.37624886631965637,0.3096345365047455,0.05555555555555555,0.6111111111111112,4.96,9.84,False,False,-0.06661432981491089,0.5555555555555556
C3_0,it0002,0.34994325041770935,0.21612384915351868,0.26666666666666666,0.26666666666666666,5.12,12.32,False,False,-0.13381940126419067,0.0
C3_0,it0003,0.251884400844574,0.3128650486469269,0.3333333333333333,0.06666666666666667,5.2,7.28,False,False,0.060980647802352905,-0.26666666666666666
C3_0,it0004,0.21950261294841766,0.3298513889312744,0.125,0.125,5.2,4.8,False,False,0.11034877598285675,0.0
C3_0,it0005,0.4634244441986084,0.38089480996131897,0.037037037037037035,0.07407407407407407,7.2,8.32,False,False,-0.08252963423728943,0.037037037037037035
C3_0,it0006,0.3332512378692627,0.346483439207077,0.3888888888888889,0.3333333333333333,6.48,7.2,False,False,0.013232201337814331,-0.05555555555555558
C3_0,it0007,0.3086906373500824,0.35990771651268005,0.13636363636363635,0.20454545454545456,13.52,8.96,False,False,0.051217079162597656,0.0681818181818182
C3_0,it0008,0.2537466585636139,0.233628511428833,0.38095238095238093,0.14285714285714285,6.4,5.92,False,False,-0.020118147134780884,-0.23809523809523808
C3_0,it0009,0.5229957699775696,0.56733638048172,0.0,0.037037037037037035,7.84,6.32,False,False,0.04434061050415039,0.037037037037037035
C3_0,it0010,0.45015785098075867,0.5204384922981262,0.16666666666666666,0.2222222222222222,6.88,6.08,False,False,0.07028064131736755,0.05555555555555555
C3_0,it0011,0.47619232535362244,0.4031056761741638,0.0,0.043478260869565216,8.08,9.68,False,False,-0.07308664917945862,0.043478260869565216
C3_0,it0012,0.3580115735530853,0.46136415004730225,0.7931034482758621,0.4827586206896552,8.72,6.4,False,False,0.10335257649421692,-0.3103448275862069
C3_0,it0013,0.47129732370376587,0.5457882285118103,0.14814814814814814,0.037037037037037035,9.12,12.24,False,False,0.07449090480804443,-0.1111111111111111
C3_0,it0014,0.23035557568073273,0.5047071576118469,0.0,0.0,5.68,5.2,False,False,0.2743515819311142,0.0
C3_0,it0015,0.4490298628807068,0.4544256925582886,0.29411764705882354,0.11764705882352941,4.24,3.28,False,False,0.005395829677581787,-0.17647058823529413
C3_0,it0016,0.5164267420768738,0.4638225734233856,0.0,0.08823529411764706,9.28,9.2,False,False,-0.05260416865348816,0.08823529411764706
C3_0,it0017,0.3354802429676056,0.2561089098453522,0.06666666666666667,0.13333333333333333,4.32,3.52,False,False,-0.07937133312225342,0.06666666666666667
C3_0,it0018,0.24427606165409088,0.13896819949150085,0.058823529411764705,0.11764705882352941,10.0,9.76,False,False,-0.10530786216259003,0.058823529411764705
C3_0,it0019,0.5299521088600159,0.5749129056930542,0.043478260869565216,0.06521739130434782,12.56,10.16,False,False,0.04496079683303833,0.021739130434782608
C3_0,it0020,0.33365800976753235,0.24817004799842834,0.23076923076923078,0.23076923076923078,4.24,4.64,False,False,-0.085487961769104,0.0
C3_0,it0021,0.4261954128742218,0.5237149596214294,0.0,0.030303030303030304,9.76,11.52,False,False,0.09751954674720764,0.030303030303030304
C3_0,it0022,0.4325205981731415,0.4983181357383728,0.325,0.325,12.24,14.96,False,False,0.06579753756523132,0.0
C3_0,it0023,0.46694624423980713,0.5349807739257812,0.16666666666666666,0.2222222222222222,4.88,3.84,False,False,0.06803452968597412,0.05555555555555555
C3_0,it0024,0.5375946760177612,0.5415496826171875,0.21428571428571427,0.21428571428571427,4.56,4.4,False,False,0.0039550065994262695,0.0
C3_0,it0025,0.5379907488822937,0.5423780679702759,0.0,0.1,6.48,4.32,False,False,0.004387319087982178,0.1
C3_0,it0026,0.057026226073503494,0.2987634241580963,0.0,0.0,4.48,4.16,False,False,0.24173719808459282,0.0
C3_0,it0027,0.602191686630249,0.6761278510093689,0.0,0.0,5.04,4.88,False,False,0.07393616437911987,0.0
C3_0,it0028,0.48949742317199707,0.48671838641166687,0.07142857142857142,0.19047619047619047,12.56,9.92,False,False,-0.0027790367603302,0.11904761904761904
C3_0,it0029,0.4817351996898651,0.4741005599498749,0.25,0.0,4.56,4.56,False,False,-0.007634639739990234,-0.25
C3_0,it0030,0.45082777738571167,0.45126429200172424,0.12,0.04,7.44,5.84,False,False,0.00043651461601257324,-0.07999999999999999
C3_0,it0031,0.1863107979297638,0.28352466225624084,0.3333333333333333,0.0,5.68,6.96,False,False,0.09721386432647705,-0.3333333333333333
C3_0,it0032,0.5560573935508728,0.5424712896347046,0.18518518518518517,0.37037037037037035,8.56,7.36,False,False,-0.013586103916168213,0.18518518518518517
C3_0,it0033,0.07400909811258316,0.24900567531585693,0.3076923076923077,0.15384615384615385,4.72,6.16,False,False,0.17499657720327377,-0.15384615384615385
C3_0,it0034,0.40896159410476685,0.4528155028820038,0.03333333333333333,0.03333333333333333,9.28,12.4,False,False,0.04385390877723694,0.0
C3_0,it0035,0.1666204035282135,0.34116417169570923,0.15384615384615385,0.6153846153846154,5.36,3.92,False,False,0.17454376816749573,0.46153846153846156
C3_0,it0036,0.5405110716819763,0.43991994857788086,0.05555555555555555,0.1111111111111111,5.52,3.36,False,False,-0.10059112310409546,0.05555555555555555
C3_0,it0037,0.43352067470550537,0.5420699119567871,0.0,0.0,5.68,8.88,False,False,0.10854923725128174,0.0
C3_0,it0038,0.10776599496603012,0.18066872656345367,0.08108108108108109,0.10810810810810811,13.92,14.96,False,False,0.07290273159742355,0.02702702702702703
C3_0,it0039,0.4472024440765381,0.45165950059890747,0.04878048780487805,0.1951219512195122,13.6,14.96,False,False,0.004457056522369385,0.14634146341463417
C3_0,it0040,0.10814465582370758,0.27242201566696167,0.2,0.0,4.48,6.32,False,False,0.1642773598432541,-0.2
C3_0,it0041,0.4253944754600525,0.3578290343284607,0.045454545454545456,0.045454545454545456,7.36,6.72,False,False,-0.0675654411315918,0.0
C3_0,it0042,0.41635754704475403,0.41338515281677246,0.14814814814814814,0.1111111111111111,8.64,8.64,False,False,-0.0029723942279815674,-0.037037037037037035
C3_0,it0043,0.26869064569473267,0.29501739144325256,0.0,0.0,7.68,6.72,False,False,0.026326745748519897,0.0
C3_0,it0044,0.46361589431762695,0.5381513237953186,0.2,0.2,7.36,6.8,False,False,0.07453542947769165,0.0
C3_0,it0045,0.4012078642845154,0.38873806595802307,0.0,0.06666666666666667,9.84,7.68,False,False,-0.01246979832649231,0.06666666666666667
C3_0,it0046,0.18717946112155914,0.24832439422607422,0.125,0.125,5.92,5.52,False,False,0.061144933104515076,0.0
C3_0,it0047,0.4040774703025818,0.2876640260219574,0.5,0.4,8.56,9.44,False,False,-0.11641344428062439,-0.09999999999999998
C3_0,it0048,0.44906455278396606,0.5000230073928833,0.0625,0.0625,4.64,10.16,False,False,0.050958454608917236,0.0
C3_0,it0049,0.4178013205528259,0.532016396522522,0.3181818181818182,0.045454545454545456,5.92,7.44,False,False,0.11421507596969604,-0.2727272727272727
C3_0,it0050,-0.03664886951446533,-0.06382860243320465,0.3181818181818182,0.36363636363636365,5.76,9.6,False,False,-0.02717973291873932,0.04545454545454547
C3_0,it0051,0.5283157825469971,0.5386515259742737,0.0,0.0,10.08,7.52,False,False,0.010335743427276611,0.0
C3_0,it0052,0.35256528854370117,0.428645521402359,0.0,0.0,4.24,6.0,False,False,0.07608023285865784,0.0
C3_0,it0053,0.1955234557390213,0.17303037643432617,0.32432432432432434,0.2702702702702703,12.56,10.88,False,False,-0.02249307930469513,-0.05405405405405406
C3_0,it0054,0.056941062211990356,0.13244810700416565,0.0,0.041666666666666664,6.48,6.0,False,False,0.07550704479217529,0.041666666666666664
C3_0,it0055,0.5153781175613403,0.40562382340431213,0.19230769230769232,0.07692307692307693,7.2,8.56,False,False,-0.1097542941570282,-0.11538461538461539
C3_0,it0056,0.16353097558021545,0.2064923495054245,0.15,0.1,7.52,10.0,False,False,0.042961373925209045,-0.04999999999999999
C3_0,it0057,0.4239303767681122,0.38878849148750305,0.14705882352941177,0.20588235294117646,10.72,7.12,False,False,-0.03514188528060913,0.05882352941176469
C3_0,it0058,0.31356629729270935,0.2230391949415207,0.5,0.5,4.56,4.0,False,False,-0.09052710235118866,0.0
C3_0,it0059,0.5570627450942993,0.5590994358062744,0.03571428571428571,0.21428571428571427,8.16,5.84,False,False,0.0020366907119750977,0.17857142857142855
C3_0,it0060,0.4590034484863281,0.3522523045539856,0.0,0.058823529411764705,5.12,5.92,False,False,-0.10675114393234253,0.058823529411764705
C3_0,it0061,0.5540689826011658,0.50800621509552,0.11428571428571428,0.0,9.84,7.12,False,False,-0.04606276750564575,-0.11428571428571428
C3_0,it0062,0.5844959616661072,0.48103126883506775,0.09523809523809523,0.0,6.16,8.24,False,False,-0.10346469283103943,-0.09523809523809523
C3_0,it0063,0.2273211032152176,0.2970678210258484,0.034482758620689655,0.10344827586206896,9.12,14.96,False,False,0.0697467178106308,0.06896551724137931
C3_0,it0064,0.4438325762748718,0.33919036388397217,0.2222222222222222,0.16666666666666666,5.44,5.28,False,False,-0.10464221239089966,-0.05555555555555555
C3_0,it0065,0.6127643585205078,0.5831944346427917,0.1794871794871795,0.20512820512820512,10.8,8.8,False,False,-0.029569923877716064,0.025641025641025633
C3_0,it0066,0.25140732526779175,0.4066007137298584,0.2857142857142857,0.23809523809523808,7.2,5.12,False,False,0.15519338846206665,-0.047619047619047616
C3_0,it0067,0.13354715704917908,0.15573082864284515,0.1111111111111111,0.05555555555555555,4.56,5.28,False,False,0.022183671593666077,-0.05555555555555555
C3_0,it0068,0.6316529512405396,0.6442303657531738,0.0,0.0,13.28,11.28,False,False,0.012577414512634277,0.0
C3_0,it0069,0.4810761511325836,0.28093382716178894,0.09090909090909091,0.09090909090909091,7.52,6.08,False,False,-0.20014232397079468,0.0
C3_0,it0070,0.4976682662963867,0.25447002053260803,0.2,0.0,4.48,4.88,False,False,-0.2431982457637787,-0.2
C3_0,it0071,0.5752409100532532,0.49064773321151733,0.07142857142857142,0.25,7.52,4.96,False,False,-0.08459317684173584,0.17857142857142858
C3_0,it0072,0.5884181261062622,0.4019566774368286,0.13636363636363635,0.0,8.96,11.2,False,False,-0.1864614486694336,-0.13636363636363635
C3_0,it0073,0.2585222125053406,0.38153284788131714,0.41379310344827586,0.27586206896551724,6.88,11.12,False,False,0.12301063537597656,-0.13793103448275862
C3_0,it0074,0.12042978405952454,0.27841782569885254,0.13333333333333333,0.13333333333333333,5.36,10.24,False,False,0.157988041639328,0.0
C3_0,it0075,0.4129110872745514,0.4042729437351227,0.08695652173913043,0.0,7.84,11.36,False,False,-0.008638143539428711,-0.08695652173913043
C3_0,it0076,0.2689037024974823,0.2121960073709488,0.4782608695652174,0.08695652173913043,5.92,8.0,False,False,-0.05670769512653351,-0.391304347826087
C3_0,it0077,0.3689172565937042,0.6431190371513367,0.4166666666666667,0.08333333333333333,4.8,6.08,False,False,0.27420178055763245,-0.33333333333333337
C3_0,it0078,0.23845332860946655,0.13221552968025208,0.14285714285714285,0.14285714285714285,7.36,10.0,False,False,-0.10623779892921448,0.0
C3_0,it0079,0.6335547566413879,0.5578253865242004,0.0,0.125,9.12,10.24,False,False,-0.0757293701171875,0.125
C3_0,it0080,0.32844579219818115,0.32737135887145996,0.14634146341463414,0.1951219512195122,12.0,14.08,False,False,-0.0010744333267211914,0.048780487804878064
C3_0,it0081,0.2302568107843399,0.3525218665599823,0.07142857142857142,0.03571428571428571,8.24,7.76,False,False,0.1222650557756424,-0.03571428571428571
C3_0,it0082,0.5619128942489624,0.4436681568622589,0.0,0.11764705882352941,6.56,6.96,False,False,-0.11824473738670349,0.11764705882352941
C3_0,it0083,0.399061918258667,0.418290376663208,0.058823529411764705,0.0,12.4,14.72,False,False,0.019228458404541016,-0.058823529411764705
C3_0,it0084,0.5026887059211731,0.517205536365509,0.044444444444444446,0.0,12.56,10.96,False,False,0.014516830444335938,-0.044444444444444446
C3_0,it0085,0.477464497089386,0.3877965807914734,0.0,0.21428571428571427,4.72,5.6,False,False,-0.0896679162979126,0.21428571428571427
C3_0,it0086,0.5631406903266907,0.47106823325157166,0.17647058823529413,0.5882352941176471,4.64,8.56,False,False,-0.09207245707511902,0.4117647058823529
C3_0,it0087,0.6655308604240417,0.5371832251548767,0.1875,0.25,4.48,9.52,False,False,-0.12834763526916504,0.0625
C3_0,it0088,0.3659231662750244,0.3688103258609772,0.0,0.23809523809523808,6.4,8.0,False,False,0.002887159585952759,0.23809523809523808
C3_0,it0089,0.27341973781585693,0.18065747618675232,0.0,0.125,7.68,7.92,False,False,-0.09276226162910461,0.125
C3_0,it0090,0.5497443675994873,0.5027899146080017,0.11764705882352941,0.0,6.24,6.8,False,False,-0.046954452991485596,-0.11764705882352941
C3_0,it0091,0.5369068384170532,0.4479687213897705,0.03225806451612903,0.12903225806451613,9.2,7.68,False,False,-0.08893811702728271,0.0967741935483871
C3_0,it0092,0.35512155294418335,0.37758398056030273,0.0,0.0,10.32,10.0,False,False,0.022462427616119385,0.0
C3_0,it0093,0.3454124331474304,0.29584822058677673,0.0,0.0,5.76,4.48,False,False,-0.049564212560653687,0.0
C3_0,it0094,0.490249365568161,0.45725831389427185,0.0,0.0,5.12,4.56,False,False,-0.03299105167388916,0.0
C3_0,it0095,0.47986388206481934,0.6022742390632629,0.23809523809523808,0.047619047619047616,6.64,6.72,False,False,0.1224103569984436,-0.19047619047619047
C3_0,it0096,0.4496872127056122,0.4912550449371338,0.13636363636363635,0.045454545454545456,6.48,8.48,False,False,0.041567832231521606,-0.0909090909090909
C3_0,it0097,0.6477948427200317,0.588093101978302,0.0,0.0,6.56,7.6,False,False,-0.059701740741729736,0.0
C3_0,it0098,0.4274582266807556,0.3952639400959015,0.14814814814814814,0.1111111111111111,9.12,10.64,False,False,-0.032194286584854126,-0.037037037037037035
C3_0,it0099,0.20579561591148376,0.13385847210884094,0.08695652173913043,0.043478260869565216,6.16,6.24,False,False,-0.07193714380264282,-0.043478260869565216
C3_0,it0100,0.6175119876861572,0.48043709993362427,0.0,0.15384615384615385,4.64,4.24,False,False,-0.13707488775253296,0.15384615384615385
C3_0,it0101,0.35448315739631653,0.3036765158176422,0.05263157894736842,0.0,12.4,11.04,False,False,-0.050806641578674316,-0.05263157894736842
C3_0,it0102,0.4751076400279999,0.44338279962539673,0.07692307692307693,0.07692307692307693,4.96,6.72,False,False,-0.03172484040260315,0.0
C3_0,it0103,0.40766575932502747,0.39226460456848145,0.09090909090909091,0.2727272727272727,6.64,7.36,False,False,-0.01540115475654602,0.1818181818181818
C3_0,it0104,0.5742250084877014,0.4921684265136719,0.0,0.041666666666666664,5.6,5.52,False,False,-0.08205658197402954,0.041666666666666664
C3_0,it0105,0.46585148572921753,0.5887124538421631,0.11428571428571428,0.22857142857142856,11.2,14.96,False,False,0.12286096811294556,0.11428571428571428
C3_0,it0106,0.4168156385421753,0.3963380455970764,0.041666666666666664,0.08333333333333333,6.8,9.6,False,False,-0.020477592945098877,0.041666666666666664
C3_0,it0107,0.6448401808738708,0.48548033833503723,0.0,0.08695652173913043,8.16,8.88,False,False,-0.15935984253883362,0.08695652173913043
C3_0,it0108,0.30746349692344666,0.5416393280029297,0.0,0.125,5.04,7.6,False,False,0.23417583107948303,0.125
C3_0,it0109,0.46593427658081055,0.417511522769928,0.10526315789473684,0.0,6.24,8.08,False,False,-0.04842275381088257,-0.10526315789473684
C3_0,it0110,0.03881320729851723,0.23371705412864685,0.23333333333333334,0.06666666666666667,8.56,8.24,False,False,0.19490384683012962,-0.16666666666666669
C3_0,it0111,0.35122349858283997,0.16819360852241516,0.2727272727272727,0.45454545454545453,10.16,9.04,False,False,-0.1830298900604248,0.18181818181818182
C3_0,it0112,0.4993811845779419,0.5282930731773376,0.045454545454545456,0.25,14.8,13.68,False,False,0.028911888599395752,0.20454545454545453
C3_0,it0113,0.4714290201663971,0.5031197667121887,0.022727272727272728,0.045454545454545456,14.4,12.24,False,False,0.031690746545791626,0.022727272727272728
C3_0,it0114,0.2940292954444885,0.44502606987953186,0.2222222222222222,0.0,5.52,5.84,False,False,0.15099677443504333,-0.2222222222222222
C3_0,it0115,0.2679809331893921,0.2306617796421051,0.0,0.0,4.08,4.4,False,False,-0.03731915354728699,0.0
C3_0,it0116,0.38110995292663574,0.30762597918510437,0.35294117647058826,0.8235294117647058,4.96,12.96,False,False,-0.07348397374153137,0.4705882352941176
C3_0,it0117,0.4742271304130554,0.5414080619812012,0.058823529411764705,0.029411764705882353,10.24,10.48,False,False,0.06718093156814575,-0.029411764705882353
C3_0,it0118,0.42893171310424805,0.4402688443660736,0.11538461538461539,0.17307692307692307,14.96,12.32,False,False,0.011337131261825562,0.05769230769230768
C3_0,it0119,0.5440024733543396,0.4980716407299042,0.14285714285714285,0.2857142857142857,4.64,6.72,False,False,-0.045930832624435425,0.14285714285714285
C3_0,it0120,0.3642156422138214,0.45312660932540894,0.0,0.4666666666666667,5.76,8.0,False,False,0.08891096711158752,0.4666666666666667
C3_0,it0121,0.2994735538959503,0.41591769456863403,0.35,0.35,6.24,6.4,False,False,0.11644414067268372,0.0
C3_0,it0122,0.2818327844142914,0.30229878425598145,0.22727272727272727,0.2727272727272727,8.32,8.16,False,False,0.020465999841690063,0.04545454545454544
C3_0,it0123,0.555927574634552,0.45956018567085266,0.23529411764705882,0.11764705882352941,5.12,4.48,False,False,-0.09636738896369934,-0.11764705882352941
C3_0,it0124,0.4013892710208893,0.4080698788166046,0.0,0.36363636363636365,11.92,7.44,False,False,0.006680607795715332,0.36363636363636365
C3_0,it0125,0.4408067762851715,0.4367600679397583,0.1794871794871795,0.1794871794871795,11.52,14.56,False,False,-0.004046708345413208,0.0
C3_0,it0126,0.4484957456588745,0.4359685480594635,0.0625,0.0,4.24,6.4,False,False,-0.01252719759941101,-0.0625
C3_0,it0127,0.29695019125938416,0.3987785875797272,0.0,0.058823529411764705,5.44,5.44,False,False,0.10182839632034302,0.058823529411764705
C3_0,it0128,0.29291632771492004,0.3664731979370117,0.05,0.0,5.04,5.84,False,False,0.07355687022209167,-0.05
C3_0,it0129,0.3441642224788666,0.2320488691329956,0.0,0.0,5.76,6.8,False,False,-0.11211535334587097,0.0
C3_0,it0130,0.33337095379829407,0.29523783922195435,0.1,0.3,4.08,7.44,False,False,-0.03813311457633972,0.19999999999999998
C3_0,it0131,0.24250705540180206,0.39198118448257446,0.0967741935483871,0.06451612903225806,10.4,9.76,False,False,0.1494741290807724,-0.03225806451612903
C3_0,it0132,0.23278339207172394,0.2452898472547531,0.0,0.0,4.48,8.0,False,False,0.012506455183029175,0.0
C3_0,it0133,0.530604898929596,0.502536416053772,0.0,0.0,8.4,10.0,False,False,-0.028068482875823975,0.0
C3_0,it0134,0.1903049647808075,0.19762210547924042,0.02631578947368421,0.05263157894736842,11.76,11.84,False,False,0.007317140698432922,0.02631578947368421
C3_0,it0135,0.4750235974788666,0.333188533782959,0.23076923076923078,0.15384615384615385,11.52,9.84,False,False,-0.1418350636959076,-0.07692307692307693
C3_0,it0136,0.5386714339256287,0.5270477533340454,0.0,0.0,6.64,10.4,False,False,-0.011623680591583252,0.0
C3_0,it0137,0.4168720245361328,0.38809341192245483,0.3333333333333333,0.0,4.24,9.84,False,False,-0.02877861261367798,-0.3333333333333333
C3_0,it0138,0.6548925042152405,0.6721647381782532,0.2222222222222222,0.3333333333333333,5.92,6.8,False,False,0.017272233963012695,0.1111111111111111
C3_0,it0139,0.5394719839096069,0.47062692046165466,0.0,0.0,5.68,6.0,False,False,-0.06884506344795227,0.0
C3_0,it0140,0.36830729246139526,0.4101225733757019,0.125,0.08333333333333333,7.84,9.36,False,False,0.04181528091430664,-0.04166666666666667
C3_0,it0141,0.5867902040481567,0.5706884860992432,0.06666666666666667,0.3,9.92,9.12,False,False,-0.016101717948913574,0.23333333333333334
C3_0,it0142,0.16865693032741547,0.1747732162475586,0.08,0.0,6.72,6.96,False,False,0.0061162859201431274,-0.08
C3_0,it0143,0.44539403915405273,0.401064932346344,0.0,0.0,5.28,5.84,False,False,-0.04432910680770874,0.0
C3_0,it0144,0.3982309103012085,0.3299679756164551,0.03571428571428571,0.0,9.04,9.12,False,False,-0.06826293468475342,-0.03571428571428571
C3_0,it0145,0.5229587554931641,0.6019842028617859,0.05,0.0,13.12,12.64,False,False,0.07902544736862183,-0.05
C3_0,it0146,0.4868614673614502,0.4558120369911194,0.0,0.1,5.52,7.76,False,False,-0.03104943037033081,0.1
C3_0,it0147,0.40935829281806946,0.5101538300514221,0.043478260869565216,0.0,6.0,8.72,False,False,0.10079553723335266,-0.043478260869565216
C3_0,it0148,0.06617480516433716,0.16096973419189453,0.21428571428571427,0.07142857142857142,8.56,5.92,False,False,0.09479492902755737,-0.14285714285714285
C3_0,it0149,0.5236762762069702,0.3466193974018097,0.14285714285714285,0.21428571428571427,4.08,3.44,False,False,-0.17705687880516052,0.07142857142857142
C3_0,it0150,0.44316399097442627,0.44251251220703125,0.07692307692307693,0.07692307692307693,7.52,6.56,False,False,-0.0006514787673950195,0.0
C3_0,it0151,0.43436700105667114,0.3469708561897278,0.0,0.0,5.04,4.4,False,False,-0.08739614486694336,0.0
C3_0,it0152,0.3883419930934906,0.3510417640209198,0.0,0.0,5.44,6.16,False,False,-0.0373002290725708,0.0
C3_0,it0153,0.31378915905952454,0.3772708773612976,0.21428571428571427,0.14285714285714285,13.52,11.44,False,False,0.06348171830177307,-0.07142857142857142
C3_0,it0154,0.047013696283102036,0.15895533561706543,0.10526315789473684,0.3684210526315789,5.92,6.24,False,False,0.1119416393339634,0.2631578947368421
C3_0,it0155,0.28293469548225403,0.2699752748012543,0.0,0.0,8.16,11.68,False,False,-0.012959420680999756,0.0
C3_0,it0156,0.20537379384040833,0.1846379190683365,0.09523809523809523,0.14285714285714285,7.2,7.84,False,False,-0.02073587477207184,0.047619047619047616
C3_0,it0157,0.5382931232452393,0.473752498626709,0.023255813953488372,0.09302325581395349,13.84,13.36,False,False,-0.06454062461853027,0.06976744186046512
C3_0,it0158,0.3899545669555664,0.2848461866378784,0.10526315789473684,0.05263157894736842,6.08,8.0,False,False,-0.10510838031768799,-0.05263157894736842
C3_0,it0159,0.3744144141674042,0.2502954304218292,0.14285714285714285,0.07142857142857142,4.24,5.12,False,False,-0.12411898374557495,-0.07142857142857142
C3_0,it0160,0.40694326162338257,0.4449060261249542,0.03225806451612903,0.06451612903225806,8.96,9.76,False,False,0.037962764501571655,0.03225806451612903
C3_0,it0161,0.2801138162612915,0.3365897834300995,0.10344827586206896,0.1724137931034483,7.84,7.84,False,False,0.05647596716880798,0.06896551724137932
C3_0,it0162,0.5014742612838745,0.14512328803539276,0.4074074074074074,0.18518518518518517,7.44,6.4,False,False,-0.35635097324848175,-0.2222222222222222
C3_0,it0163,0.3429112434387207,0.398887574672699,0.11764705882352941,0.058823529411764705,4.4,4.96,False,False,0.05597633123397827,-0.058823529411764705
C3_0,it0164,0.3746892809867859,0.2822328507900238,0.0,0.03225806451612903,8.4,6.48,False,False,-0.09245643019676208,0.03225806451612903
C3_0,it0165,0.3325823247432709,0.29143965244293213,0.0,0.09090909090909091,12.32,14.96,False,False,-0.041142672300338745,0.09090909090909091
C3_0,it0166,0.31730392575263977,0.35150331258773804,0.08333333333333333,0.16666666666666666,4.16,9.6,False,False,0.03419938683509827,0.08333333333333333
C3_0,it0167,0.3787066340446472,0.4467466175556183,0.05263157894736842,0.10526315789473684,6.0,7.12,False,False,0.06803998351097107,0.05263157894736842
C3_0,it0168,0.28975123167037964,0.22360271215438843,0.0,0.1,4.16,3.44,False,False,-0.06614851951599121,0.1
C3_0,it0169,0.21490523219108582,0.2913587987422943,0.05,0.05,6.4,8.56,False,False,0.0764535665512085,0.0
C3_0,it0170,0.4016574025154114,0.5207874774932861,0.17647058823529413,0.058823529411764705,5.2,6.56,False,False,0.11913007497787476,-0.11764705882352942
C3_0,it0171,0.5368829965591431,0.4974088668823242,0.0,0.0,7.44,6.0,False,False,-0.03947412967681885,0.0
C3_0,it0172,0.345026433467865,0.2984810471534729,0.0,0.04,7.68,6.88,False,False,-0.04654538631439209,0.04
C3_0,it0173,0.6011236906051636,0.642941951751709,0.06666666666666667,0.0,9.12,8.08,False,False,0.04181826114654541,-0.06666666666666667
C3_0,it0174,0.4120578467845917,0.22922904789447784,0.0,0.0,4.96,4.8,False,False,-0.18282879889011383,0.0
C3_0,it0175,0.21497884392738342,0.35502082109451294,0.0,0.06666666666666667,5.12,9.76,False,False,0.14004197716712952,0.06666666666666667
C3_0,it0176,0.38872236013412476,0.3119933605194092,0.0,0.05555555555555555,5.04,5.68,False,False,-0.07672899961471558,0.05555555555555555
C3_0,it0177,0.4548606276512146,0.3789128065109253,0.05263157894736842,0.0,5.28,5.28,False,False,-0.0759478211402893,-0.05263157894736842
C3_0,it0178,0.10044322907924652,0.17281632125377655,0.23529411764705882,0.8235294117647058,5.84,4.0,False,False,0.07237309217453003,0.588235294117647
C3_0,it0179,0.677062451839447,0.6378058791160583,0.0967741935483871,0.12903225806451613,11.12,10.4,False,False,-0.03925657272338867,0.03225806451612903
C3_0,it0180,0.45523232221603394,0.4713265001773834,0.07142857142857142,0.0,4.32,4.32,False,False,0.016094177961349487,-0.07142857142857142
C3_0,it0181,0.4829952120780945,0.4191444516181946,0.0,0.0,12.96,14.96,False,False,-0.0638507604598999,0.0
C3_0,it0182,0.5224508047103882,0.41346755623817444,0.0,0.12,6.8,5.04,False,False,-0.10898324847221375,0.12
C3_0,it0183,0.47967278957366943,0.6000276207923889,0.04,0.0,6.48,5.68,False,False,0.12035483121871948,-0.04
C3_0,it0184,0.32293230295181274,0.27978959679603577,0.13333333333333333,0.2,4.96,4.64,False,False,-0.04314270615577698,0.06666666666666668
C3_0,it0185,0.3346830904483795,0.3773578405380249,0.12903225806451613,0.03225806451612903,9.92,6.32,False,False,0.042674750089645386,-0.0967741935483871
C3_0,it0186,0.4967880845069885,0.48104625940322876,0.0,0.08333333333333333,6.08,5.84,False,False,-0.015741825103759766,0.08333333333333333
C3_0,it0187,0.43153390288352966,0.23155556619167328,0.1875,0.0,4.56,4.0,False,False,-0.19997833669185638,-0.1875
C3_0,it0188,0.4265766739845276,0.5155463814735413,0.1111111111111111,0.0,4.96,5.2,False,False,0.08896970748901367,-0.1111111111111111
C3_0,it0189,0.26090776920318604,0.32899704575538635,0.0,0.05,5.6,5.04,False,False,0.06808927655220032,0.05
C3_0,it0190,0.6671134233474731,0.5731128454208374,0.0,0.0,5.92,5.68,False,False,-0.09400057792663574,0.0
C3_0,it0191,0.2245314121246338,0.31285446882247925,0.04,0.04,8.24,6.32,False,False,0.08832305669784546,0.0
C3_0,it0192,0.5747714638710022,0.5245444774627686,0.037037037037037035,0.07407407407407407,7.68,7.04,False,False,-0.05022698640823364,0.037037037037037035
C3_0,it0193,0.2754748463630676,0.21745705604553223,0.375,0.25,5.68,5.2,False,False,-0.0580177903175354,-0.125
C3_0,it0194,0.6955757141113281,0.530816912651062,0.047619047619047616,0.0,6.56,5.44,False,False,-0.1647588014602661,-0.047619047619047616
C3_0,it0195,0.5955973863601685,0.4226434826850891,0.0,0.038461538461538464,8.64,6.48,False,False,-0.17295390367507935,0.038461538461538464
C3_0,it0196,0.4553740322589874,0.3422442376613617,0.2857142857142857,0.2857142857142857,6.88,10.4,False,False,-0.11312979459762573,0.0
C3_0,it0197,0.2596094608306885,0.4011490046977997,0.0,0.0,4.72,5.76,False,False,0.1415395438671112,0.0
C3_0,it0198,0.17296218872070312,0.20610761642456055,0.0,0.0,4.48,5.76,False,False,0.03314542770385742,0.0
C3_0,it0199,0.4902873635292053,0.32063934206962585,0.058823529411764705,0.0,6.08,6.56,False,False,-0.16964802145957947,-0.058823529411764705
C3_0,it0200,0.4392924904823303,0.46800413727760315,0.13636363636363635,0.13636363636363635,7.28,7.12,False,False,0.028711646795272827,0.0
C3_0,it0201,0.35561439394950867,0.4341197609901428,0.05555555555555555,0.0,5.92,5.92,False,False,0.07850536704063416,-0.05555555555555555
C3_0,it0202,0.4056714177131653,0.4204425513744354,0.08333333333333333,0.08333333333333333,4.72,6.64,False,False,0.014771133661270142,0.0
C3_0,it0203,0.45436322689056396,0.4208589494228363,0.038461538461538464,0.07692307692307693,6.88,6.72,False,False,-0.03350427746772766,0.038461538461538464
C3_0,it0204,0.3817299008369446,0.3910180330276489,0.04,0.08,8.16,5.52,False,False,0.009288132190704346,0.04
C3_0,it0205,0.4985892176628113,0.5098386406898499,0.375,0.25,6.96,8.88,False,False,0.011249423027038574,-0.125
C3_0,it0206,0.3666462302207947,0.45227086544036865,0.18181818181818182,0.030303030303030304,9.84,6.64,False,False,0.08562463521957397,-0.15151515151515152
C3_0,it0207,0.37756478786468506,0.28732746839523315,0.16666666666666666,0.05555555555555555,5.92,7.76,False,False,-0.0902373194694519,-0.1111111111111111
C3_0,it0208,0.45052769780158997,0.4575563669204712,0.16129032258064516,0.22580645161290322,11.28,8.96,False,False,0.007028669118881226,0.06451612903225806
C3_0,it0209,0.6496791839599609,0.5590546727180481,0.04,0.04,7.44,9.92,False,False,-0.09062451124191284,0.0
C3_0,it0210,0.2729713022708893,0.25914624333381653,0.21428571428571427,0.2857142857142857,11.92,9.44,False,False,-0.013825058937072754,0.07142857142857142
C3_0,it0211,0.6212847232818604,0.6232991814613342,0.0,0.0,11.44,14.32,False,False,0.002014458179473877,0.0
C3_0,it0212,0.22240297496318817,0.16085989773273468,0.10526315789473684,0.0,5.28,6.24,False,False,-0.06154307723045349,-0.10526315789473684
C3_0,it0213,0.4276866912841797,0.4151759445667267,0.2222222222222222,0.07407407407407407,7.68,8.8,False,False,-0.012510746717453003,-0.14814814814814814
C3_0,it0214,0.5341750383377075,0.5097990036010742,0.3333333333333333,0.0,10.8,7.76,False,False,-0.0243760347366333,-0.3333333333333333
C3_0,it0215,0.15794667601585388,0.27452409267425537,0.18181818181818182,0.6363636363636364,4.88,13.84,False,False,0.11657741665840149,0.45454545454545453
C3_0,it0216,0.4088737666606903,0.4502274692058563,0.06666666666666667,0.0,5.12,6.8,False,False,0.041353702545166016,-0.06666666666666667
C3_0,it0217,0.24960936605930328,0.23268267512321472,0.6666666666666666,0.2857142857142857,7.12,11.84,False,False,-0.016926690936088562,-0.38095238095238093
C3_0,it0218,0.5232225656509399,0.5766501426696777,0.058823529411764705,0.5882352941176471,5.44,5.36,False,False,0.05342757701873779,0.5294117647058824
C3_0,it0219,0.33817431330680847,0.292438805103302,0.08823529411764706,0.2647058823529412,11.04,8.08,False,False,-0.04573550820350647,0.1764705882352941
C3_0,it0220,0.2712147533893585,0.25908851623535156,0.043478260869565216,0.043478260869565216,5.68,4.32,False,False,-0.012126237154006958,0.0
C3_0,it0221,0.482785701751709,0.3876087963581085,0.0,0.029411764705882353,9.76,13.44,False,False,-0.09517690539360046,0.029411764705882353
C3_0,it0222,0.3588010370731354,0.45872679352760315,0.625,0.5,4.08,8.48,False,False,0.09992575645446777,-0.125
C3_0,it0223,0.529546856880188,0.5152662396430969,0.03333333333333333,0.0,8.4,10.96,False,False,-0.014280617237091064,-0.03333333333333333
C3_0,it0224,0.15277501940727234,0.16679537296295166,0.14285714285714285,0.09523809523809523,5.76,6.0,False,False,0.014020353555679321,-0.047619047619047616
C3_0,it0225,0.6074147820472717,0.5072036981582642,0.0,0.18181818181818182,8.16,6.4,False,False,-0.10021108388900757,0.18181818181818182
C3_0,it0226,0.38742971420288086,0.4277556240558624,0.07142857142857142,0.25,8.4,6.64,False,False,0.04032590985298157,0.17857142857142858
C3_0,it0227,0.21427328884601593,0.28384673595428467,0.4,0.2,5.36,4.96,False,False,0.06957344710826874,-0.2
C3_0,it0228,0.630561113357544,0.6523910164833069,0.16666666666666666,0.0,5.36,5.36,False,False,0.02182990312576294,-0.16666666666666666
C3_0,it0229,0.4444105327129364,0.29322680830955505,0.13636363636363635,0.045454545454545456,6.64,6.88,False,False,-0.15118372440338135,-0.0909090909090909
C3_0,it0230,0.568207859992981,0.6847557425498962,0.0,0.08,8.0,6.48,False,False,0.11654788255691528,0.08
C3_0,it0231,0.42816126346588135,0.4197376072406769,0.12903225806451613,0.16129032258064516,10.0,10.64,False,False,-0.008423656225204468,0.03225806451612903
C3_0,it0232,0.2508906126022339,0.20719127357006073,0.09090909090909091,0.045454545454545456,6.88,6.32,False,False,-0.04369933903217316,-0.045454545454545456
C3_0,it0233,0.4454255700111389,0.4563417434692383,0.047619047619047616,0.09523809523809523,6.96,6.08,False,False,0.010916173458099365,0.047619047619047616
C3_0,it0234,0.5993008613586426,0.5441710352897644,0.06896551724137931,0.3793103448275862,10.64,8.8,False,False,-0.055129826068878174,0.31034482758620685
C3_0,it0235,0.25398507714271545,0.2641468346118927,0.3684210526315789,0.2631578947368421,6.24,8.64,False,False,0.010161757469177246,-0.10526315789473684
C3_0,it0236,0.3056766390800476,0.41468334197998047,0.0,0.0,5.04,9.2,False,False,0.10900670289993286,0.0
C3_0,it0237,0.49944713711738586,0.5349351167678833,0.0,0.0,5.44,8.16,False,False,0.035487979650497437,0.0
C3_0,it0238,0.41611215472221375,0.40790480375289917,0.0,0.0625,5.12,3.84,False,False,-0.008207350969314575,0.0625
C3_0,it0239,0.5287395119667053,0.4347473680973053,0.1724137931034483,0.10344827586206896,8.56,7.2,False,False,-0.09399214386940002,-0.06896551724137932
C3_0,it0240,0.23418529331684113,0.3026702404022217,0.0,0.35714285714285715,4.08,3.28,False,False,0.06848494708538055,0.35714285714285715
C3_0,it0241,0.537888765335083,0.4288916289806366,0.5,0.125,4.48,7.68,False,False,-0.10899713635444641,-0.375
C3_0,it0242,0.48752832412719727,0.39370083808898926,0.0,0.0,6.48,6.32,False,False,-0.09382748603820801,0.0
C3_0,it0243,0.44564247131347656,0.29079610109329224,0.0,0.07692307692307693,4.24,6.96,False,False,-0.15484637022018433,0.07692307692307693
C3_0,it0244,0.5053490400314331,0.3554615378379822,0.0,0.125,5.04,4.32,False,False,-0.14988750219345093,0.125
C3_0,it0245,0.4331645667552948,0.4960668385028839,0.11764705882352941,0.17647058823529413,5.12,4.48,False,False,0.06290227174758911,0.05882352941176472
C3_0,it0246,0.5330541729927063,0.5487660765647888,0.2727272727272727,0.11363636363636363,12.56,13.44,False,False,0.01571190357208252,-0.15909090909090906
C3_0,it0247,0.3253673017024994,0.3660309314727783,0.058823529411764705,0.17647058823529413,5.68,7.28,False,False,0.04066362977027893,0.11764705882352942
C3_0,it0248,0.37969619035720825,0.3913875222206116,0.10344827586206896,0.034482758620689655,8.16,8.16,False,False,0.01169133186340332,-0.06896551724137931
C3_0,it0249,0.5041149854660034,0.4455791115760803,0.4,0.1,6.64,5.92,False,False,-0.058535873889923096,-0.30000000000000004
C3_0,it0250,0.2646377682685852,0.3754326105117798,0.14285714285714285,0.30952380952380953,13.76,14.96,False,False,0.11079484224319458,0.16666666666666669
C3_0,it0251,0.4310973882675171,0.46528321504592896,0.09375,0.125,8.16,11.44,False,False,0.034185826778411865,0.03125
C3_0,it0252,0.3870789706707001,0.29382869601249695,0.5,0.0,4.24,7.76,False,False,-0.09325027465820312,-0.5
C3_0,it0253,0.3284441828727722,0.6303822994232178,0.23076923076923078,0.23076923076923078,4.24,6.08,False,False,0.30193811655044556,0.0
C3_0,it0254,0.5847365856170654,0.5947005152702332,0.1,0.03333333333333333,10.08,7.28,False,False,0.009963929653167725,-0.06666666666666668
C3_0,it0255,0.5434551239013672,0.4842885136604309,0.12903225806451613,0.16129032258064516,11.04,12.72,False,False,-0.05916661024093628,0.03225806451612903
C3_0,it0256,0.5052789449691772,0.3732266426086426,0.17647058823529413,0.11764705882352941,9.6,11.52,False,False,-0.13205230236053467,-0.05882352941176472
C3_0,it0257,0.5167416334152222,0.5320926308631897,0.03571428571428571,0.0,7.68,7.68,False,False,0.01535099744796753,-0.03571428571428571
C3_0,it0258,0.5641166567802429,0.5380955934524536,0.047619047619047616,0.0,6.48,8.4,False,False,-0.026021063327789307,-0.047619047619047616
C3_0,it0259,0.4162300229072571,0.47137075662612915,0.10204081632653061,0.12244897959183673,13.28,11.2,False,False,0.05514073371887207,0.020408163265306117
C3_0,it0260,0.5931456089019775,0.6004076600074768,0.26666666666666666,0.13333333333333333,4.48,6.56,False,False,0.007262051105499268,-0.13333333333333333
C3_0,it0261,0.5087848901748657,0.5036607384681702,0.07407407407407407,0.2222222222222222,11.44,8.64,False,False,-0.005124151706695557,0.14814814814814814
C3_0,it0262,0.4453258514404297,0.378527969121933,0.25925925925925924,0.1111111111111111,8.16,6.96,False,False,-0.0667978823184967,-0.14814814814814814
C3_0,it0263,0.4893605709075928,0.47245603799819946,0.0,0.0,5.68,5.6,False,False,-0.01690453290939331,0.0
C3_0,it0264,0.47934797406196594,0.3979279398918152,0.4375,0.25,4.72,5.84,False,False,-0.08142003417015076,-0.1875
C3_0,it0265,0.30062609910964966,0.21425554156303406,0.05555555555555555,0.08333333333333333,11.76,14.96,False,False,-0.0863705575466156,0.027777777777777776
C3_0,it0266,0.48761576414108276,0.43062710762023926,0.0,0.0,7.92,8.24,False,False,-0.056988656520843506,0.0
C3_0,it0267,0.3725593090057373,0.40008196234703064,0.037037037037037035,0.0,8.56,10.4,False,False,0.027522653341293335,-0.037037037037037035
C3_0,it0268,0.2826300859451294,0.4682597815990448,0.2727272727272727,0.15151515151515152,9.36,9.92,False,False,0.1856296956539154,-0.12121212121212119
C3_0,it0269,0.5762970447540283,0.47226378321647644,0.3333333333333333,0.375,7.76,5.76,False,False,-0.10403326153755188,0.041666666666666685
C3_0,it0270,0.5883249640464783,0.6292694211006165,0.0,0.0,11.6,8.72,False,False,0.040944457054138184,0.0
C3_0,it0271,0.21064023673534393,0.5736684203147888,0.13333333333333333,0.0,4.24,8.56,False,False,0.3630281835794449,-0.13333333333333333
C3_0,it0272,0.20331259071826935,0.2064872831106186,0.029411764705882353,0.23529411764705882,9.2,8.56,False,False,0.003174692392349243,0.20588235294117646
C3_0,it0273,0.2779516875743866,0.31961971521377563,0.0,0.0,5.92,5.12,False,False,0.04166802763938904,0.0
C3_0,it0274,0.3391953408718109,0.22229284048080444,0.038461538461538464,0.2692307692307692,10.32,7.2,False,False,-0.11690250039100647,0.23076923076923075
C3_0,it0275,0.6153784394264221,0.58820641040802,0.0,0.0,7.68,7.28,False,False,-0.0271720290184021,0.0
C3_0,it0276,0.4278135895729065,0.5236661434173584,0.08333333333333333,0.08333333333333333,4.08,4.32,False,False,0.0958525538444519,0.0
C3_0,it0277,0.2651594281196594,0.36934641003608704,0.14583333333333334,0.16666666666666666,13.52,10.08,False,False,0.10418698191642761,0.020833333333333315
C3_0,it0278,0.37396112084388733,0.2408427894115448,0.25,0.25,7.92,8.64,False,False,-0.13311833143234253,0.0
C3_0,it0279,0.5391702651977539,0.5761148929595947,0.42105263157894735,0.13157894736842105,12.16,12.48,False,False,0.03694462776184082,-0.2894736842105263
C3_0,it0280,0.461166113615036,0.5301176905632019,0.0,0.1111111111111111,6.4,5.36,False,False,0.0689515769481659,0.1111111111111111
C3_0,it0281,0.3215191960334778,0.32345688343048096,0.0,0.09090909090909091,4.0,2.72,False,False,0.0019376873970031738,0.09090909090909091
C3_0,it0282,0.4516671299934387,0.43330520391464233,0.04,0.12,6.32,6.4,False,False,-0.018361926078796387,0.07999999999999999
C3_0,it0283,0.5182322263717651,0.5224061012268066,0.0625,0.0625,5.36,4.56,False,False,0.004173874855041504,0.0
C3_0,it0284,0.2120402455329895,0.09537140280008316,0.15384615384615385,0.07692307692307693,8.88,7.92,False,False,-0.11666884273290634,-0.07692307692307693
C3_0,it0285,0.5914115309715271,0.5195913314819336,0.04878048780487805,0.024390243902439025,13.2,12.88,False,False,-0.0718201994895935,-0.024390243902439025
C3_0,it0286,0.20947596430778503,0.25746843218803406,0.17857142857142858,0.17857142857142858,8.48,8.56,False,False,0.04799246788024902,0.0
C3_0,it0287,0.6442757844924927,0.6365357637405396,0.13636363636363635,0.18181818181818182,7.84,8.96,False,False,-0.007740020751953125,0.04545454545454547
C3_0,it0288,0.6116907000541687,0.6794226765632629,0.3409090909090909,0.3409090909090909,14.24,13.68,False,False,0.06773197650909424,0.0
C3_0,it0289,0.4295484125614166,0.3781309127807617,0.05555555555555555,0.1111111111111111,5.68,9.52,False,False,-0.05141749978065491,0.05555555555555555
C3_0,it0290,0.19621983170509338,0.252152681350708,0.14285714285714285,0.11904761904761904,12.08,11.28,False,False,0.055932849645614624,-0.023809523809523808
C3_0,it0291,0.24279125034809113,0.3038471043109894,0.05555555555555555,0.05555555555555555,5.44,9.28,False,False,0.061055853962898254,0.0
C3_0,it0292,0.3501826822757721,0.35135120153427124,0.0,0.0,11.12,9.36,False,False,0.0011685192584991455,0.0
C3_0,it0293,0.4515741765499115,0.23782238364219666,0.20833333333333334,0.125,6.56,5.36,False,False,-0.21375179290771484,-0.08333333333333334
C3_0,it0294,0.32060176134109497,0.30699530243873596,0.05555555555555555,0.16666666666666666,6.48,7.28,False,False,-0.013606458902359009,0.1111111111111111
C3_0,it0295,0.5116727352142334,0.5072383880615234,0.018867924528301886,0.07547169811320754,14.24,11.68,False,False,-0.004434347152709961,0.05660377358490566
C3_0,it0296,0.5962632894515991,0.5429561734199524,0.03125,0.25,13.44,8.72,False,False,-0.05330711603164673,0.21875
C3_0,it0297,0.21364429593086243,0.09337802231311798,0.28,0.4,7.44,8.48,False,False,-0.12026627361774445,0.12
C3_0,it0298,0.5206306576728821,0.43934741616249084,0.0,0.041666666666666664,6.08,4.16,False,False,-0.08128324151039124,0.041666666666666664
C3_0,it0299,0.6298747658729553,0.5902029275894165,0.0,0.05714285714285714,11.36,10.56,False,False,-0.03967183828353882,0.05714285714285714
C3_0,it0300,0.3633730709552765,0.22350969910621643,0.0625,0.0,6.32,5.6,False,False,-0.13986337184906006,-0.0625
C3_0,it0301,0.4129129648208618,0.4688696265220642,0.125,0.15625,9.84,9.28,False,False,0.05595666170120239,0.03125
C3_0,it0302,0.6263993382453918,0.46884986758232117,0.09523809523809523,0.023809523809523808,11.28,13.68,False,False,-0.15754947066307068,-0.07142857142857142
C3_0,it0303,0.4627251923084259,0.4465551972389221,0.1,0.1,6.56,6.64,False,False,-0.016169995069503784,0.0
C3_0,it0304,0.43371906876564026,0.371261864900589,0.3076923076923077,0.0,5.44,4.96,False,False,-0.06245720386505127,-0.3076923076923077
C3_0,it0305,0.3656521737575531,0.3133354187011719,0.08888888888888889,0.0,12.8,14.96,False,False,-0.052316755056381226,-0.08888888888888889
C3_0,it0306,0.404545396566391,0.290800005197525,0.14285714285714285,0.0,6.56,6.72,False,False,-0.11374539136886597,-0.14285714285714285
C3_0,it0307,0.3252803087234497,0.44539257884025574,0.14285714285714285,0.0,5.04,6.72,False,False,0.12011227011680603,-0.14285714285714285
C3_0,it0308,0.5617228150367737,0.46490466594696045,0.17647058823529413,0.14705882352941177,10.4,7.52,False,False,-0.09681814908981323,-0.02941176470588236
C3_0,it0309,0.5275278687477112,0.4787268042564392,0.3076923076923077,0.07692307692307693,5.2,3.84,False,False,-0.04880106449127197,-0.23076923076923078
C3_0,it0310,0.48108112812042236,0.47215601801872253,0.2,0.26666666666666666,8.48,5.52,False,False,-0.008925110101699829,0.06666666666666665
C3_0,it0311,0.3347136974334717,0.2841814458370209,0.0,0.3333333333333333,5.84,3.44,False,False,-0.050532251596450806,0.3333333333333333
C3_0,it0312,0.6412127017974854,0.6744643449783325,0.07142857142857142,0.0,12.24,12.4,False,False,0.03325164318084717,-0.07142857142857142
C3_0,it0313,0.4614184498786926,0.4701840877532959,0.058823529411764705,0.0,4.96,7.76,False,False,0.008765637874603271,-0.058823529411764705
C3_0,it0314,0.43857401609420776,0.2536841034889221,0.04,0.2,6.32,5.76,False,False,-0.18488991260528564,0.16
C3_0,it0315,0.3739054501056671,0.26873308420181274,0.0,0.0,7.92,8.0,False,False,-0.10517236590385437,0.0
C3_0,it0316,0.4273987412452698,0.39410555362701416,0.0625,0.25,13.28,14.96,False,False,-0.033293187618255615,0.1875
C3_0,it0317,0.356833279132843,0.454750120639801,0.0,0.0,8.16,9.28,False,False,0.09791684150695801,0.0
C3_0,it0318,0.34877830743789673,0.40160009264945984,0.0625,0.25,5.04,13.84,False,False,0.05282178521156311,0.1875
C3_0,it0319,0.2213614284992218,0.5233535766601562,0.0,0.0,5.6,8.48,False,False,0.30199214816093445,0.0
C3_0,it0320,0.6192769408226013,0.6235228776931763,0.11538461538461539,0.07692307692307693,8.0,8.32,False,False,0.004245936870574951,-0.038461538461538464
C3_0,it0321,0.1021677702665329,0.08428841829299927,0.0,0.0,5.12,4.08,False,False,-0.01787935197353363,0.0
C3_0,it0322,0.5256158709526062,0.4261641800403595,0.35294117647058826,0.7058823529411765,4.72,12.56,False,False,-0.0994516909122467,0.35294117647058826
C3_0,it0323,0.4658195376396179,0.5177801251411438,0.0,0.0,6.96,9.04,False,False,0.05196058750152588,0.0
C3_0,it0324,0.43824583292007446,0.6066739559173584,0.1111111111111111,0.05555555555555555,5.92,6.08,False,False,0.16842812299728394,-0.05555555555555555
C3_0,it0325,0.31735408306121826,0.3916448950767517,0.20454545454545456,0.045454545454545456,12.8,12.0,False,False,0.07429081201553345,-0.15909090909090912
C3_0,it0326,0.21467357873916626,0.2054477035999298,0.0,0.08333333333333333,5.92,7.04,False,False,-0.00922587513923645,0.08333333333333333
C3_0,it0327,0.48531997203826904,0.45887789130210876,0.0,0.0,4.56,4.48,False,False,-0.02644208073616028,0.0
C3_0,it0328,0.48308292031288147,0.43720394372940063,0.27586206896551724,0.20689655172413793,8.0,5.36,False,False,-0.045878976583480835,-0.06896551724137931
C3_0,it0329,0.2817239761352539,0.3095763325691223,0.3333333333333333,0.0,4.24,8.4,False,False,0.027852356433868408,-0.3333333333333333
C3_0,it0330,0.512347936630249,0.5638228058815002,0.058823529411764705,0.17647058823529413,9.6,8.32,False,False,0.05147486925125122,0.11764705882352942
C3_0,it0331,0.34969401359558105,0.45548829436302185,0.0,0.0,8.88,11.68,False,False,0.1057942807674408,0.0
C3_0,it0332,0.4779834747314453,0.39009803533554077,0.08333333333333333,0.0,4.0,5.36,False,False,-0.08788543939590454,-0.08333333333333333
C3_0,it0333,0.4918358325958252,0.5968838334083557,0.0975609756097561,0.12195121951219512,12.24,12.88,False,False,0.10504800081253052,0.02439024390243902
C3_0,it0334,0.36537766456604004,0.41467100381851196,0.125,0.125,13.76,14.96,False,False,0.049293339252471924,0.0
C3_0,it0335,0.33609068393707275,0.46167266368865967,0.0,0.0,4.48,5.76,False,False,0.12558197975158691,0.0
C3_0,it0336,0.531721293926239,0.5792882442474365,0.05714285714285714,0.02857142857142857,11.84,9.44,False,False,0.04756695032119751,-0.02857142857142857
C3_0,it0337,0.26414817571640015,0.39618614315986633,0.1282051282051282,0.07692307692307693,13.44,12.64,False,False,0.1320379674434662,-0.051282051282051266
C3_0,it0338,0.37897229194641113,0.40062642097473145,0.11764705882352941,0.0,6.24,6.56,False,False,0.021654129028320312,-0.11764705882352941
C3_0,it0339,0.40963423252105713,0.310053288936615,0.04,0.0,7.2,8.16,False,False,-0.09958094358444214,-0.04
C3_0,it0340,0.4324972629547119,0.3512924909591675,0.0,0.38461538461538464,4.16,4.72,False,False,-0.08120477199554443,0.38461538461538464
C3_0,it0341,0.6308610439300537,0.5781354308128357,0.17857142857142858,0.0,8.88,7.92,False,False,-0.05272561311721802,-0.17857142857142858
C3_0,it0342,0.3566044270992279,0.4227854013442993,0.0,0.0,6.88,7.76,False,False,0.06618097424507141,0.0
C3_0,it0343,0.28112542629241943,0.2668658494949341,0.06666666666666667,0.044444444444444446,13.76,10.72,False,False,-0.014259576797485352,-0.02222222222222222
C3_0,it0344,0.6011459827423096,0.5717078447341919,0.11538461538461539,0.07692307692307693,8.16,5.44,False,False,-0.029438138008117676,-0.038461538461538464
C3_0,it0345,0.27721431851387024,0.19412900507450104,0.6296296296296297,0.2962962962962963,7.52,5.84,False,False,-0.0830853134393692,-0.33333333333333337
C3_0,it0346,0.4404558837413788,0.38322392106056213,0.043478260869565216,0.0,6.96,5.12,False,False,-0.05723196268081665,-0.043478260869565216
C3_0,it0347,0.5480543971061707,0.42419877648353577,0.02564102564102564,0.28205128205128205,11.76,13.76,False,False,-0.12385562062263489,0.2564102564102564
C3_0,it0348,0.43859609961509705,0.32401782274246216,0.0,0.0,4.08,4.0,False,False,-0.11457827687263489,0.0
C3_0,it0349,0.4903302788734436,0.5916755199432373,0.12121212121212122,0.21212121212121213,12.16,14.96,False,False,0.1013452410697937,0.09090909090909091
C3_0,it0350,0.4593082070350647,0.3761971592903137,0.07142857142857142,0.32142857142857145,7.44,9.2,False,False,-0.08311104774475098,0.25
C3_0,it0351,0.4604397118091583,0.3160087466239929,0.0,0.09090909090909091,8.4,11.6,False,False,-0.1444309651851654,0.09090909090909091
C3_0,it0352,0.4034373164176941,0.420968234539032,0.0,0.125,8.64,8.08,False,False,0.01753091812133789,0.125
C3_0,it0353,0.28381142020225525,0.35385045409202576,0.0,0.0,6.8,7.6,False,False,0.07003903388977051,0.0
C3_0,it0354,0.42625147104263306,0.3968014717102051,0.0,0.0,6.0,6.08,False,False,-0.02944999933242798,0.0
C3_0,it0355,0.44917869567871094,0.37472790479660034,0.07407407407407407,0.18518518518518517,9.12,7.12,False,False,-0.0744507908821106,0.1111111111111111
C3_0,it0356,0.4153505265712738,0.41961297392845154,0.0,0.15384615384615385,4.48,4.88,False,False,0.004262447357177734,0.15384615384615385
C3_0,it0357,0.5047382116317749,0.5183449983596802,0.03333333333333333,0.03333333333333333,8.32,6.56,False,False,0.013606786727905273,0.0
C3_0,it0358,0.3781101107597351,0.49661558866500854,0.13043478260869565,0.043478260869565216,8.96,8.48,False,False,0.11850547790527344,-0.08695652173913043
C3_0,it0359,0.521596372127533,0.5576876401901245,0.1590909090909091,0.25,13.52,10.4,False,False,0.03609126806259155,0.09090909090909091
C3_0,it0360,0.5548571348190308,0.5035443305969238,0.0,0.043478260869565216,6.96,7.76,False,False,-0.051312804222106934,0.043478260869565216
C3_0,it0361,0.4331569969654083,0.3903690278530121,0.0,0.11764705882352941,6.4,5.52,False,False,-0.04278796911239624,0.11764705882352941
C3_0,it0362,0.1967252790927887,0.41155391931533813,0.06666666666666667,0.06666666666666667,4.16,5.04,False,False,0.21482864022254944,0.0
C3_0,it0363,0.4745309352874756,0.507906973361969,0.14634146341463414,0.14634146341463414,12.64,13.36,False,False,0.03337603807449341,0.0
C3_0,it0364,0.5664393305778503,0.6459282040596008,0.08,0.08,8.4,8.56,False,False,0.07948887348175049,0.0
C3_0,it0365,0.4177258610725403,0.35827910900115967,0.0,0.0,4.56,5.04,False,False,-0.059446752071380615,0.0
C3_0,it0366,0.3095953166484833,0.26810169219970703,0.15384615384615385,0.15384615384615385,9.04,7.68,False,False,-0.041493624448776245,0.0
C3_0,it0367,0.2865050435066223,0.3021746575832367,0.12,0.16,14.64,14.96,False,False,0.01566961407661438,0.04000000000000001
C3_0,it0368,0.43895891308784485,0.42174574732780457,0.09523809523809523,0.0,6.24,5.92,False,False,-0.017213165760040283,-0.09523809523809523
C3_0,it0369,0.3192688524723053,0.3431907296180725,0.0,0.0,4.72,6.08,False,False,0.023921877145767212,0.0
C3_0,it0370,0.5744686126708984,0.5472848415374756,0.08,0.28,9.68,13.44,False,False,-0.02718377113342285,0.2
C3_0,it0371,0.022196127101778984,0.04494723677635193,0.03125,0.25,9.12,14.96,False,False,0.022751109674572945,0.21875
C3_0,it0372,0.4768962860107422,0.6481037139892578,0.0,0.06896551724137931,8.4,7.6,False,False,0.17120742797851562,0.06896551724137931
C3_0,it0373,0.5595988035202026,0.421336829662323,0.037037037037037035,0.0,10.24,13.28,False,False,-0.13826197385787964,-0.037037037037037035
C3_0,it0374,0.44880619645118713,0.43702539801597595,0.0,0.05555555555555555,5.68,5.92,False,False,-0.011780798435211182,0.05555555555555555
C3_0,it0375,0.3033311665058136,0.3742251396179199,0.3333333333333333,0.0,4.0,4.24,False,False,0.07089397311210632,-0.3333333333333333
C3_0,it0376,0.42102575302124023,0.4118153750896454,0.2222222222222222,0.16666666666666666,6.24,6.0,False,False,-0.009210377931594849,-0.05555555555555555
C3_0,it0377,0.2536029815673828,0.3155030906200409,0.04,0.2,7.84,10.08,False,False,0.06190010905265808,0.16
C3_0,it0378,0.5922149419784546,0.4639755189418793,0.06666666666666667,0.3333333333333333,5.04,12.4,False,False,-0.12823942303657532,0.26666666666666666
C3_0,it0379,0.2841596305370331,0.3115319013595581,0.10526315789473684,0.0,5.28,6.48,False,False,0.027372270822525024,-0.10526315789473684
C3_0,it0380,0.2902321517467499,0.3712010979652405,0.0,0.05263157894736842,4.88,5.44,False,False,0.0809689462184906,0.05263157894736842
C3_0,it0381,0.5259564518928528,0.5712648034095764,0.0,0.0,4.8,6.24,False,False,0.04530835151672363,0.0
C3_0,it0382,0.5347248315811157,0.5684295892715454,0.045454545454545456,0.045454545454545456,6.72,11.76,False,False,0.03370475769042969,0.0
C3_0,it0383,0.20215943455696106,0.28810515999794006,0.10256410256410256,0.1794871794871795,10.56,10.56,False,False,0.085945725440979,0.07692307692307693
C3_0,it0384,0.43173688650131226,0.26590031385421753,0.26666666666666666,0.26666666666666666,4.0,4.4,False,False,-0.16583657264709473,0.0
C3_0,it0385,0.2758493721485138,0.22087746858596802,0.0,0.16666666666666666,4.24,7.28,False,False,-0.054971903562545776,0.16666666666666666
C3_0,it0386,0.34985479712486267,0.5267528295516968,0.2857142857142857,0.21428571428571427,4.72,4.08,False,False,0.1768980324268341,-0.07142857142857142
C3_0,it0387,0.45439547300338745,0.3853534162044525,0.09090909090909091,0.0,11.36,12.8,False,False,-0.06904205679893494,-0.09090909090909091
C3_0,it0388,0.5621713995933533,0.47238826751708984,0.05263157894736842,0.05263157894736842,6.64,6.32,False,False,-0.08978313207626343,0.0
C3_0,it0389,0.6529162526130676,0.6766544580459595,0.06521739130434782,0.043478260869565216,14.48,14.96,False,False,0.023738205432891846,-0.021739130434782608
C3_0,it0390,0.5189250111579895,0.5209367275238037,0.0,0.046511627906976744,11.76,13.2,False,False,0.002011716365814209,0.046511627906976744
C3_0,it0391,0.3988882899284363,0.39659497141838074,0.043478260869565216,0.17391304347826086,8.96,9.92,False,False,-0.002293318510055542,0.13043478260869565
C3_0,it0392,0.23346395790576935,0.19069816172122955,0.047619047619047616,0.14285714285714285,7.68,7.6,False,False,-0.042765796184539795,0.09523809523809523
C3_0,it0393,0.38616517186164856,0.4619259238243103,0.07692307692307693,0.0,4.88,6.16,False,False,0.07576075196266174,-0.07692307692307693
C3_0,it0394,0.4606426954269409,0.5823671817779541,0.0,0.08,6.8,7.6,False,False,0.12172448635101318,0.08
C3_0,it0395,0.18788906931877136,0.35087546706199646,0.35294117647058826,0.5294117647058824,5.68,4.88,False,False,0.1629863977432251,0.1764705882352941
C3_0,it0396,0.602540910243988,0.543937623500824,0.05,0.05,6.24,6.96,False,False,-0.05860328674316406,0.0
C3_0,it0397,0.5820603966712952,0.477478951215744,0.05263157894736842,0.10526315789473684,6.4,7.04,False,False,-0.10458144545555115,0.05263157894736842
C3_0,it0398,0.4571824371814728,0.5637969374656677,0.15,0.2,6.48,4.32,False,False,0.10661450028419495,0.05000000000000002
C3_0,it0399,0.3932622969150543,0.465785413980484,0.05555555555555555,0.0,5.12,5.84,False,False,0.07252311706542969,-0.05555555555555555
C3_1,it0000,0.3335712254047394,0.37980377674102783,0.21739130434782608,0.32608695652173914,12.16,9.44,False,False,0.04623255133628845,0.10869565217391305
C3_1,it0001,0.1991996467113495,0.2352195829153061,0.3888888888888889,0.5555555555555556,4.96,9.84,False,False,0.036019936203956604,0.16666666666666669
C3_1,it0002,0.18957622349262238,0.20474562048912048,0.3333333333333333,0.5333333333333333,5.12,12.32,False,False,0.015169396996498108,0.2
C3_1,it0003,0.30848056077957153,0.3760279715061188,0.4,0.2,5.2,7.28,False,False,0.06754741072654724,-0.2
C3_1,it0004,0.2601960301399231,0.3876643180847168,0.125,0.25,5.2,4.8,False,False,0.1274682879447937,0.125
C3_1,it0005,0.3247140645980835,0.32536184787750244,0.07407407407407407,0.25925925925925924,7.2,8.32,False,False,0.0006477832794189453,0.18518518518518517
C3_1,it0006,0.3966025114059448,0.3741099536418915,0.2222222222222222,0.2777777777777778,6.48,7.2,False,False,-0.022492557764053345,0.05555555555555558
C3_1,it0007,0.3645031452178955,0.4878307580947876,0.13636363636363635,0.2727272727272727,13.52,8.96,False,False,0.12332761287689209,0.13636363636363635
C3_1,it0008,0.12559030950069427,0.16905134916305542,0.47619047619047616,0.42857142857142855,6.4,5.92,False,False,0.043461039662361145,-0.047619047619047616
C3_1,it0009,0.5369424819946289,0.5322182774543762,0.1111111111111111,0.037037037037037035,7.84,6.32,False,False,-0.0047242045402526855,-0.07407407407407407
C3_1,it0010,0.6244007349014282,0.5671159029006958,0.2222222222222222,0.5,6.88,6.08,False,False,-0.05728483200073242,0.2777777777777778
C3_1,it0011,0.49903756380081177,0.444701611995697,0.0,0.0,8.08,9.68,False,False,-0.054335951805114746,0.0
C3_1,it0012,0.3265148401260376,0.21271826326847076,0.6206896551724138,0.6896551724137931,8.72,6.4,False,False,-0.11379657685756683,0.06896551724137934
C3_1,it0013,0.5976265072822571,0.4777437448501587,0.0,0.037037037037037035,9.12,12.24,False,False,-0.11988276243209839,0.037037037037037035
C3_1,it0014,0.36117345094680786,0.3450714349746704,0.06666666666666667,0.13333333333333333,5.68,5.2,False,False,-0.01610201597213745,0.06666666666666667
C3_1,it0015,0.5891245603561401,0.408067524433136,0.17647058823529413,0.11764705882352941,4.24,3.28,False,False,-0.18105703592300415,-0.05882352941176472
C3_1,it0016,0.36645790934562683,0.5282812118530273,0.029411764705882353,0.17647058823529413,9.28,9.2,False,False,0.1618233025074005,0.14705882352941177
C3_1,it0017,0.39074718952178955,0.4111463725566864,0.06666666666666667,0.06666666666666667,4.32,3.52,False,False,0.02039918303489685,0.0
C3_1,it0018,0.24598649144172668,0.31740978360176086,0.11764705882352941,0.14705882352941177,10.0,9.76,False,False,0.07142329216003418,0.02941176470588236
C3_1,it0019,0.5291027426719666,0.5377597808837891,0.32608695652173914,0.043478260869565216,12.56,10.16,False,False,0.00865703821182251,-0.28260869565217395
C3_1,it0020,0.33029383420944214,0.20256927609443665,0.38461538461538464,0.23076923076923078,4.24,4.64,False,False,-0.1277245581150055,-0.15384615384615385
C3_1,it0021,0.331277996301651,0.3269262909889221,0.09090909090909091,0.24242424242424243,9.76,11.52,False,False,-0.004351705312728882,0.15151515151515152
C3_1,it0022,0.4949706494808197,0.3775067627429962,0.375,0.625,12.24,14.96,False,False,-0.11746388673782349,0.25
C3_1,it0023,0.5397476553916931,0.5760508179664612,0.3888888888888889,0.2777777777777778,4.88,3.84,False,False,0.036303162574768066,-0.1111111111111111
C3_1,it0024,0.43870702385902405,0.332072913646698,0.2857142857142857,0.21428571428571427,4.56,4.4,False,False,-0.10663411021232605,-0.07142857142857142
C3_1,it0025,0.5616745948791504,0.5515044927597046,0.25,0.25,6.48,4.32,False,False,-0.0101701021194458,0.0
C3_1,it0026,0.2994544208049774,0.13767479360103607,0.0625,0.3125,4.48,4.16,False,False,-0.16177962720394135,0.25
C3_1,it0027,0.5843150019645691,0.6138330101966858,0.25,0.125,5.04,4.88,False,False,0.0295180082321167,-0.125
C3_1,it0028,0.5364189147949219,0.539594829082489,0.42857142857142855,0.2857142857142857,12.56,9.92,False,False,0.0031759142875671387,-0.14285714285714285
C3_1,it0029,0.31879839301109314,0.4008045196533203,0.0625,0.0625,4.56,4.56,False,False,0.08200612664222717,0.0
C3_1,it0030,0.5147800445556641,0.481370210647583,0.0,0.04,7.44,5.84,False,False,-0.033409833908081055,0.04
C3_1,it0031,0.2142358124256134,0.251889705657959,0.2222222222222222,0.16666666666666666,5.68,6.96,False,False,0.03765389323234558,-0.05555555555555555
C3_1,it0032,0.5838266611099243,0.5490878820419312,0.2962962962962963,0.48148148148148145,8.56,7.36,False,False,-0.034738779067993164,0.18518518518518517
C3_1,it0033,0.24961917102336884,0.25477275252342224,0.15384615384615385,0.15384615384615385,4.72,6.16,False,False,0.005153581500053406,0.0
C3_1,it0034,0.21980544924736023,0.18674546480178833,0.1,0.23333333333333334,9.28,12.4,False,False,-0.0330599844455719,0.13333333333333333
C3_1,it0035,0.11852167546749115,0.18422913551330566,0.5384615384615384,0.46153846153846156,5.36,3.92,False,False,0.06570746004581451,-0.07692307692307687
C3_1,it0036,0.4459829330444336,0.5129633545875549,0.4444444444444444,0.2222222222222222,5.52,3.36,False,False,0.06698042154312134,-0.2222222222222222
C3_1,it0037,0.5470069050788879,0.45875632762908936,0.3333333333333333,0.06666666666666667,5.68,8.88,False,False,-0.08825057744979858,-0.26666666666666666
C3_1,it0038,0.2759571373462677,0.2346145212650299,0.21621621621621623,0.2702702702702703,13.92,14.96,False,False,-0.04134261608123779,0.05405405405405406
C3_1,it0039,0.45280981063842773,0.4439008831977844,0.07317073170731707,0.3902439024390244,13.6,14.96,False,False,-0.00890892744064331,0.3170731707317073
C3_1,it0040,0.21320945024490356,0.137016162276268,0.26666666666666666,0.13333333333333333,4.48,6.32,False,False,-0.07619328796863556,-0.13333333333333333
C3_1,it0041,0.25646448135375977,0.4130220413208008,0.09090909090909091,0.36363636363636365,7.36,6.72,False,False,0.15655755996704102,0.2727272727272727
C3_1,it0042,0.36165258288383484,0.33043891191482544,0.37037037037037035,0.4074074074074074,8.64,8.64,False,False,-0.0312136709690094,0.037037037037037035
C3_1,it0043,0.22272227704524994,0.22106164693832397,0.07692307692307693,0.07692307692307693,7.68,6.72,False,False,-0.0016606301069259644,0.0
C3_1,it0044,0.4861510396003723,0.5503273010253906,0.32,0.44,7.36,6.8,False,False,0.06417626142501831,0.12
C3_1,it0045,0.5131662487983704,0.21960684657096863,0.13333333333333333,0.2,9.84,7.68,False,False,-0.29355940222740173,0.06666666666666668
C3_1,it0046,0.2235042005777359,0.346368670463562,0.125,0.1875,5.92,5.52,False,False,0.12286446988582611,0.0625
C3_1,it0047,0.1873907446861267,0.24831902980804443,0.6,0.75,8.56,9.44,False,False,0.060928285121917725,0.15000000000000002
C3_1,it0048,0.42580661177635193,0.47213131189346313,0.1875,0.1875,4.64,10.16,False,False,0.046324700117111206,0.0
C3_1,it0049,0.4755643606185913,0.4233844578266144,0.045454545454545456,0.36363636363636365,5.92,7.44,False,False,-0.05217990279197693,0.3181818181818182
C3_1,it0050,-0.09126029908657074,0.09495867043733597,0.36363636363636365,0.36363636363636365,5.76,9.6,False,False,0.1862189695239067,0.0
C3_1,it0051,0.40886592864990234,0.409816175699234,0.13793103448275862,0.20689655172413793,10.08,7.52,False,False,0.000950247049331665,0.06896551724137931
C3_1,it0052,0.11981528997421265,0.24381323158740997,0.0,0.0,4.24,6.0,False,False,0.12399794161319733,0.0
C3_1,it0053,0.31484752893447876,0.272458553314209,0.2702702702702703,0.32432432432432434,12.56,10.88,False,False,-0.042388975620269775,0.05405405405405406
C3_1,it0054,0.09777000546455383,0.14018160104751587,0.375,0.2916666666666667,6.48,6.0,False,False,0.042411595582962036,-0.08333333333333331
C3_1,it0055,0.5321220755577087,0.49132245779037476,0.38461538461538464,0.23076923076923078,7.2,8.56,False,False,-0.040799617767333984,-0.15384615384615385
C3_1,it0056,0.17498871684074402,0.21185675263404846,0.3,0.2,7.52,10.0,False,False,0.03686803579330444,-0.09999999999999998
C3_1,it0057,0.38519713282585144,0.4270738363265991,0.38235294117647056,0.29411764705882354,10.72,7.12,False,False,0.04187670350074768,-0.08823529411764702
C3_1,it0058,0.3495561480522156,0.3154648244380951,0.3333333333333333,0.08333333333333333,4.56,4.0,False,False,-0.03409132361412048,-0.25
C3_1,it0059,0.49768656492233276,0.5425943732261658,0.25,0.39285714285714285,8.16,5.84,False,False,0.04490780830383301,0.14285714285714285
C3_1,it0060,0.3331952691078186,0.3909492790699005,0.058823529411764705,0.11764705882352941,5.12,5.92,False,False,0.05775400996208191,0.058823529411764705
C3_1,it0061,0.5753042101860046,0.5587698221206665,0.05714285714285714,0.02857142857142857,9.84,7.12,False,False,-0.016534388065338135,-0.02857142857142857
C3_1,it0062,0.5149516463279724,0.6240301132202148,0.14285714285714285,0.14285714285714285,6.16,8.24,False,False,0.10907846689224243,0.0
C3_1,it0063,0.3017598092556,0.36203351616859436,0.2413793103448276,0.20689655172413793,9.12,14.96,False,False,0.060273706912994385,-0.03448275862068967
C3_1,it0064,0.3342705965042114,0.4883772134780884,0.16666666666666666,0.3888888888888889,5.44,5.28,False,False,0.15410661697387695,0.22222222222222224
C3_1,it0065,0.42834651470184326,0.5119872689247131,0.1282051282051282,0.1282051282051282,10.8,8.8,False,False,0.08364075422286987,0.0
C3_1,it0066,0.2930491268634796,0.34126532077789307,0.19047619047619047,0.19047619047619047,7.2,5.12,False,False,0.04821619391441345,0.0
C3_1,it0067,0.27228018641471863,0.42268747091293335,0.2777777777777778,0.05555555555555555,4.56,5.28,False,False,0.15040728449821472,-0.22222222222222224
C3_1,it0068,0.6374517679214478,0.6545687913894653,0.0,0.02564102564102564,13.28,11.28,False,False,0.017117023468017578,0.02564102564102564
C3_1,it0069,0.20379123091697693,0.3554016649723053,0.18181818181818182,0.3181818181818182,7.52,6.08,False,False,0.15161043405532837,0.13636363636363635
C3_1,it0070,0.3932145833969116,0.3048936128616333,0.4666666666666667,0.06666666666666667,4.48,4.88,False,False,-0.08832097053527832,-0.4
C3_1,it0071,0.4450834095478058,0.4627801179885864,0.25,0.5357142857142857,7.52,4.96,False,False,0.01769670844078064,0.2857142857142857
C3_1,it0072,0.47998568415641785,0.4580126404762268,0.09090909090909091,0.45454545454545453,8.96,11.2,False,False,-0.02197304368019104,0.36363636363636365
C3_1,it0073,0.13275912404060364,0.25969499349594116,0.41379310344827586,0.3448275862068966,6.88,11.12,False,False,0.12693586945533752,-0.06896551724137928
C3_1,it0074,0.21259945631027222,0.18058796226978302,0.5333333333333333,0.26666666666666666,5.36,10.24,False,False,-0.0320114940404892,-0.26666666666666666
C3_1,it0075,0.2881753444671631,0.34565305709838867,0.0,0.17391304347826086,7.84,11.36,False,False,0.057477712631225586,0.17391304347826086
C3_1,it0076,0.11068470776081085,0.36426234245300293,0.43478260869565216,0.43478260869565216,5.92,8.0,False,False,0.2535776346921921,0.0
C3_1,it0077,0.16581423580646515,0.48015305399894714,0.3333333333333333,0.25,4.8,6.08,False,False,0.314338818192482,-0.08333333333333331
C3_1,it0078,0.24134039878845215,0.23555348813533783,0.2857142857142857,0.2857142857142857,7.36,10.0,False,False,-0.005786910653114319,0.0
C3_1,it0079,0.5541870594024658,0.5262156128883362,0.08333333333333333,0.125,9.12,10.24,False,False,-0.02797144651412964,0.04166666666666667
C3_1,it0080,0.18655940890312195,0.12402591854333878,0.5121951219512195,0.2926829268292683,12.0,14.08,False,False,-0.06253349035978317,-0.21951219512195125
C3_1,it0081,0.3148287534713745,0.22365428507328033,0.10714285714285714,0.07142857142857142,8.24,7.76,False,False,-0.09117446839809418,-0.03571428571428571
C3_1,it0082,0.4455723166465759,0.36027151346206665,0.058823529411764705,0.058823529411764705,6.56,6.96,False,False,-0.08530080318450928,0.0
C3_1,it0083,0.4012817442417145,0.36168158054351807,0.08823529411764706,0.029411764705882353,12.4,14.72,False,False,-0.03960016369819641,-0.05882352941176471
C3_1,it0084,0.5162322521209717,0.47168222069740295,0.06666666666666667,0.26666666666666666,12.56,10.96,False,False,-0.044550031423568726,0.2
C3_1,it0085,0.3946967124938965,0.45520856976509094,0.14285714285714285,0.21428571428571427,4.72,5.6,False,False,0.06051185727119446,0.07142857142857142
C3_1,it0086,0.568907618522644,0.666244626045227,0.23529411764705882,0.11764705882352941,4.64,8.56,False,False,0.09733700752258301,-0.11764705882352941
C3_1,it0087,0.4429777264595032,0.5037078857421875,0.5,0.625,4.48,9.52,False,False,0.060730159282684326,0.125
C3_1,it0088,0.3414410948753357,0.3710622191429138,0.09523809523809523,0.0,6.4,8.0,False,False,0.029621124267578125,-0.09523809523809523
C3_1,it0089,0.2361445277929306,0.1944659948348999,0.0,0.08333333333333333,7.68,7.92,False,False,-0.0416785329580307,0.08333333333333333
C3_1,it0090,0.4741794168949127,0.4644012749195099,0.0,0.0,6.24,6.8,False,False,-0.009778141975402832,0.0
C3_1,it0091,0.48552969098091125,0.617361843585968,0.1935483870967742,0.25806451612903225,9.2,7.68,False,False,0.13183215260505676,0.06451612903225806
C3_1,it0092,0.4015007019042969,0.370305597782135,0.11428571428571428,0.17142857142857143,10.32,10.0,False,False,-0.031195104122161865,0.05714285714285715
C3_1,it0093,0.37506914138793945,0.31251060962677,0.15789473684210525,0.2631578947368421,5.76,4.48,False,False,-0.06255853176116943,0.10526315789473684
C3_1,it0094,0.43257877230644226,0.36948132514953613,0.0,0.0,5.12,4.56,False,False,-0.06309744715690613,0.0
C3_1,it0095,0.43609619140625,0.27875569462776184,0.6190476190476191,0.38095238095238093,6.64,6.72,False,False,-0.15734049677848816,-0.23809523809523814
C3_1,it0096,0.35871589183807373,0.39096519351005554,0.4090909090909091,0.5454545454545454,6.48,8.48,False,False,0.03224930167198181,0.1363636363636363
C3_1,it0097,0.6573293209075928,0.642652153968811,0.0,0.15,6.56,7.6,False,False,-0.014677166938781738,0.15
C3_1,it0098,0.37568286061286926,0.37826162576675415,0.18518518518518517,0.25925925925925924,9.12,10.64,False,False,0.0025787651538848877,0.07407407407407407
C3_1,it0099,0.13109301030635834,0.17510439455509186,0.13043478260869565,0.043478260869565216,6.16,6.24,False,False,0.04401138424873352,-0.08695652173913043
C3_1,it0100,0.520980715751648,0.6748729348182678,0.23076923076923078,0.38461538461538464,4.64,4.24,False,False,0.15389221906661987,0.15384615384615385
C3_1,it0101,0.24057644605636597,0.28243082761764526,0.13157894736842105,0.21052631578947367,12.4,11.04,False,False,0.0418543815612793,0.07894736842105263
C3_1,it0102,0.3660784065723419,0.34183022379875183,0.07692307692307693,0.15384615384615385,4.96,6.72,False,False,-0.024248182773590088,0.07692307692307693
C3_1,it0103,0.4500340521335602,0.3680637776851654,0.22727272727272727,0.2727272727272727,6.64,7.36,False,False,-0.08197027444839478,0.04545454545454544
C3_1,it0104,0.4751105308532715,0.25328636169433594,0.16666666666666666,0.08333333333333333,5.6,5.52,False,False,-0.22182416915893555,-0.08333333333333333
C3_1,it0105,0.5148549675941467,0.5710409283638,0.37142857142857144,0.2857142857142857,11.2,14.96,False,False,0.05618596076965332,-0.08571428571428574
C3_1,it0106,0.3952528238296509,0.4271945059299469,0.20833333333333334,0.125,6.8,9.6,False,False,0.03194168210029602,-0.08333333333333334
C3_1,it0107,0.4992150664329529,0.4764007329940796,0.08695652173913043,0.21739130434782608,8.16,8.88,False,False,-0.02281433343887329,0.13043478260869565
C3_1,it0108,0.3953246772289276,0.3133881986141205,0.125,0.1875,5.04,7.6,False,False,-0.08193647861480713,0.0625
C3_1,it0109,0.38237452507019043,0.46534401178359985,0.15789473684210525,0.21052631578947367,6.24,8.08,False,False,0.08296948671340942,0.05263157894736842
C3_1,it0110,0.14807505905628204,0.1956336796283722,0.13333333333333333,0.2,8.56,8.24,False,False,0.04755862057209015,0.06666666666666668
C3_1,it0111,0.0843091830611229,0.08592461049556732,0.30303030303030304,0.3333333333333333,10.16,9.04,False,False,0.0016154274344444275,0.030303030303030276
C3_1,it0112,0.5643389225006104,0.5206086039543152,0.06818181818181818,0.09090909090909091,14.8,13.68,False,False,-0.043730318546295166,0.022727272727272735
C3_1,it0113,0.4263054132461548,0.41002196073532104,0.13636363636363635,0.045454545454545456,14.4,12.24,False,False,-0.01628345251083374,-0.0909090909090909
C3_1,it0114,0.284182071685791,0.30153611302375793,0.3333333333333333,0.7222222222222222,5.52,5.84,False,False,0.01735404133796692,0.3888888888888889
C3_1,it0115,0.1846621185541153,0.218309223651886,0.0,0.07142857142857142,4.08,4.4,False,False,0.03364710509777069,0.07142857142857142
C3_1,it0116,0.308078795671463,0.3169967830181122,0.29411764705882354,0.5294117647058824,4.96,12.96,False,False,0.00891798734664917,0.23529411764705882
C3_1,it0117,0.5969843864440918,0.5865258574485779,0.029411764705882353,0.23529411764705882,10.24,10.48,False,False,-0.010458528995513916,0.20588235294117646
C3_1,it0118,0.48554527759552,0.5170950293540955,0.15384615384615385,0.11538461538461539,14.96,12.32,False,False,0.03154975175857544,-0.038461538461538464
C3_1,it0119,0.6575515866279602,0.5367302298545837,0.7857142857142857,0.0,4.64,6.72,False,False,-0.12082135677337646,-0.7857142857142857
C3_1,it0120,0.5132206678390503,0.4329885244369507,0.06666666666666667,0.2,5.76,8.0,False,False,-0.08023214340209961,0.13333333333333336
C3_1,it0121,0.43647971749305725,0.4003981947898865,0.25,0.35,6.24,6.4,False,False,-0.036081522703170776,0.09999999999999998
C3_1,it0122,0.4199070930480957,0.3264644742012024,0.36363636363636365,0.45454545454545453,8.32,8.16,False,False,-0.09344261884689331,0.09090909090909088
C3_1,it0123,0.5147219896316528,0.459230899810791,0.11764705882352941,0.23529411764705882,5.12,4.48,False,False,-0.055491089820861816,0.11764705882352941
C3_1,it0124,0.3425283432006836,0.4020591378211975,0.45454545454545453,0.5151515151515151,11.92,7.44,False,False,0.059530794620513916,0.06060606060606061
C3_1,it0125,0.34496375918388367,0.3608661890029907,0.15384615384615385,0.23076923076923078,11.52,14.56,False,False,0.015902429819107056,0.07692307692307693
C3_1,it0126,0.40209534764289856,0.35901978611946106,0.125,0.0,4.24,6.4,False,False,-0.0430755615234375,-0.125
C3_1,it0127,0.22775676846504211,0.4016261696815491,0.17647058823529413,0.058823529411764705,5.44,5.44,False,False,0.17386940121650696,-0.11764705882352942
C3_1,it0128,0.1898450255393982,0.2798537015914917,0.1,0.05,5.04,5.84,False,False,0.0900086760520935,-0.05
C3_1,it0129,0.2737882137298584,0.20065829157829285,0.058823529411764705,0.11764705882352941,5.76,6.8,False,False,-0.07312992215156555,0.058823529411764705
C3_1,it0130,0.34926366806030273,0.25179529190063477,0.1,0.0,4.08,7.44,False,False,-0.09746837615966797,-0.1
C3_1,it0131,0.32748886942863464,0.28014811873435974,0.0967741935483871,0.22580645161290322,10.4,9.76,False,False,-0.0473407506942749,0.12903225806451613
C3_1,it0132,0.21893221139907837,0.09323635697364807,0.07142857142857142,0.0,4.48,8.0,False,False,-0.1256958544254303,-0.07142857142857142
C3_1,it0133,0.5047187805175781,0.5473882555961609,0.07142857142857142,0.21428571428571427,8.4,10.0,False,False,0.042669475078582764,0.14285714285714285
C3_1,it0134,0.40944820642471313,0.24123457074165344,0.0,0.10526315789473684,11.76,11.84,False,False,-0.1682136356830597,0.10526315789473684
C3_1,it0135,0.299125611782074,0.3204149007797241,0.1794871794871795,0.5128205128205128,11.52,9.84,False,False,0.021289288997650146,0.33333333333333326
C3_1,it0136,0.42540574073791504,0.4825862944126129,0.0,0.15,6.64,10.4,False,False,0.057180553674697876,0.15
C3_1,it0137,0.3955388367176056,0.4195014536380768,0.5,0.25,4.24,9.84,False,False,0.02396261692047119,-0.25
C3_1,it0138,0.5667680501937866,0.5590333342552185,0.2777777777777778,0.1111111111111111,5.92,6.8,False,False,-0.007734715938568115,-0.16666666666666669
C3_1,it0139,0.5320177674293518,0.5459068417549133,0.16666666666666666,0.0,5.68,6.0,False,False,0.013889074325561523,-0.16666666666666666
C3_1,it0140,0.2762719690799713,0.28406232595443726,0.2916666666666667,0.041666666666666664,7.84,9.36,False,False,0.007790356874465942,-0.25
C3_1,it0141,0.673484206199646,0.6380478143692017,0.23333333333333334,0.26666666666666666,9.92,9.12,False,False,-0.035436391830444336,0.033333333333333326
C3_1,it0142,0.1440369337797165,0.2271045744419098,0.24,0.24,6.72,6.96,False,False,0.0830676406621933,0.0
C3_1,it0143,0.592446506023407,0.3549063801765442,0.0,0.0,5.28,5.84,False,False,-0.2375401258468628,0.0
C3_1,it0144,0.35344362258911133,0.20259730517864227,0.03571428571428571,0.0,9.04,9.12,False,False,-0.15084631741046906,-0.03571428571428571
C3_1,it0145,0.5288532972335815,0.546146810054779,0.05,0.125,13.12,12.64,False,False,0.01729351282119751,0.075
C3_1,it0146,0.44931212067604065,0.3925677537918091,0.2,0.35,5.52,7.76,False,False,-0.05674436688423157,0.14999999999999997
C3_1,it0147,0.3609495162963867,0.45630961656570435,0.13043478260869565,0.0,6.0,8.72,False,False,0.09536010026931763,-0.13043478260869565
C3_1,it0148,0.17736147344112396,0.10334332287311554,0.07142857142857142,0.17857142857142858,8.56,5.92,False,False,-0.07401815056800842,0.10714285714285715
C3_1,it0149,0.41053739190101624,0.28152498602867126,0.2857142857142857,0.14285714285714285,4.08,3.44,False,False,-0.12901240587234497,-0.14285714285714285
C3_1,it0150,0.4755456745624542,0.35484546422958374,0.038461538461538464,0.5384615384615384,7.52,6.56,False,False,-0.12070021033287048,0.5
C3_1,it0151,0.573211669921875,0.5641046762466431,0.11764705882352941,0.058823529411764705,5.04,4.4,False,False,-0.009106993675231934,-0.058823529411764705
C3_1,it0152,0.438740074634552,0.32297283411026,0.0,0.0,5.44,6.16,False,False,-0.11576724052429199,0.0
C3_1,it0153,0.38357314467430115,0.4240801930427551,0.30952380952380953,0.2857142857142857,13.52,11.44,False,False,0.04050704836845398,-0.023809523809523836
C3_1,it0154,0.07899031043052673,0.11866531521081924,0.10526315789473684,0.15789473684210525,5.92,6.24,False,False,0.03967500478029251,0.05263157894736842
C3_1,it0155,0.2947954535484314,0.12986767292022705,0.03571428571428571,0.10714285714285714,8.16,11.68,False,False,-0.16492778062820435,0.07142857142857142
C3_1,it0156,0.2203024923801422,0.2540280818939209,0.23809523809523808,0.047619047619047616,7.2,7.84,False,False,0.033725589513778687,-0.19047619047619047
C3_1,it0157,0.47195369005203247,0.4309859573841095,0.09302325581395349,0.046511627906976744,13.84,13.36,False,False,-0.040967732667922974,-0.046511627906976744
C3_1,it0158,0.2825949192047119,0.29363328218460083,0.21052631578947367,0.10526315789473684,6.08,8.0,False,False,0.011038362979888916,-0.10526315789473684
C3_1,it0159,0.25272437930107117,0.35474008321762085,0.21428571428571427,0.21428571428571427,4.24,5.12,False,False,0.10201570391654968,0.0
C3_1,it0160,0.39980021119117737,0.49730831384658813,0.06451612903225806,0.1935483870967742,8.96,9.76,False,False,0.09750810265541077,0.12903225806451613
C3_1,it0161,0.2941717207431793,0.29275286197662354,0.20689655172413793,0.1724137931034483,7.84,7.84,False,False,-0.0014188587665557861,-0.03448275862068964
C3_1,it0162,0.19851472973823547,0.09858961403369904,0.14814814814814814,0.3333333333333333,7.44,6.4,False,False,-0.09992511570453644,0.18518518518518517
C3_1,it0163,0.34077849984169006,0.4060038924217224,0.0,0.0,4.4,4.96,False,False,0.06522539258003235,0.0
C3_1,it0164,0.30195096135139465,0.2875771224498749,0.5483870967741935,0.22580645161290322,8.4,6.48,False,False,-0.014373838901519775,-0.32258064516129026
C3_1,it0165,0.29188451170921326,0.3916589319705963,0.21212121212121213,0.09090909090909091,12.32,14.96,False,False,0.09977442026138306,-0.12121212121212122
C3_1,it0166,0.331717848777771,0.10868586599826813,0.16666666666666666,0.3333333333333333,4.16,9.6,False,False,-0.22303198277950287,0.16666666666666666
C3_1,it0167,0.4084417223930359,0.4251880645751953,0.2631578947368421,0.2631578947368421,6.0,7.12,False,False,0.016746342182159424,0.0
C3_1,it0168,0.19360290467739105,0.30003082752227783,0.5,0.5,4.16,3.44,False,False,0.10642792284488678,0.0
C3_1,it0169,0.41078615188598633,0.3951115310192108,0.15,0.35,6.4,8.56,False,False,-0.015674620866775513,0.19999999999999998
C3_1,it0170,0.41314566135406494,0.38157033920288086,0.23529411764705882,0.17647058823529413,5.2,6.56,False,False,-0.03157532215118408,-0.05882352941176469
C3_1,it0171,0.5814564228057861,0.5999129414558411,0.047619047619047616,0.047619047619047616,7.44,6.0,False,False,0.01845651865005493,0.0
C3_1,it0172,0.3698088824748993,0.42676329612731934,0.04,0.16,7.68,6.88,False,False,0.056954413652420044,0.12
C3_1,it0173,0.624570369720459,0.6246532201766968,0.06666666666666667,0.0,9.12,8.08,False,False,8.285045623779297e-05,-0.06666666666666667
C3_1,it0174,0.3979561924934387,0.24472716450691223,0.125,0.25,4.96,4.8,False,False,-0.1532290279865265,0.125
C3_1,it0175,0.06635987758636475,0.1792905032634735,0.13333333333333333,0.13333333333333333,5.12,9.76,False,False,0.11293062567710876,0.0
C3_1,it0176,0.3164186179637909,0.20675425231456757,0.3888888888888889,0.0,5.04,5.68,False,False,-0.10966436564922333,-0.3888888888888889
C3_1,it0177,0.49713486433029175,0.4844037592411041,0.10526315789473684,0.05263157894736842,5.28,5.28,False,False,-0.012731105089187622,-0.05263157894736842
C3_1,it0178,0.08412263542413712,0.10485634952783585,0.47058823529411764,0.4117647058823529,5.84,4.0,False,False,0.02073371410369873,-0.05882352941176472
C3_1,it0179,0.534455418586731,0.6023502945899963,0.22580645161290322,0.3225806451612903,11.12,10.4,False,False,0.06789487600326538,0.0967741935483871
C3_1,it0180,0.5009772181510925,0.4903692603111267,0.14285714285714285,0.07142857142857142,4.32,4.32,False,False,-0.01060795783996582,-0.07142857142857142
C3_1,it0181,0.5015051960945129,0.5239420533180237,0.07317073170731707,0.0,12.96,14.96,False,False,0.022436857223510742,-0.07317073170731707
C3_1,it0182,0.4998573660850525,0.36343660950660706,0.36,0.36,6.8,5.04,False,False,-0.13642075657844543,0.0
C3_1,it0183,0.40482044219970703,0.43344736099243164,0.16,0.12,6.48,5.68,False,False,0.02862691879272461,-0.04000000000000001
C3_1,it0184,0.14468824863433838,0.11578384786844254,0.26666666666666666,0.13333333333333333,4.96,4.64,False,False,-0.028904400765895844,-0.13333333333333333
C3_1,it0185,0.43299055099487305,0.4003225862979889,0.03225806451612903,0.3870967741935484,9.92,6.32,False,False,-0.032667964696884155,0.3548387096774194
C3_1,it0186,0.44589293003082275,0.3772074282169342,0.16666666666666666,0.0,6.08,5.84,False,False,-0.06868550181388855,-0.16666666666666666
C3_1,it0187,0.3023061156272888,0.2607053518295288,0.0625,0.25,4.56,4.0,False,False,-0.04160076379776001,0.1875
C3_1,it0188,0.5040282011032104,0.3351823091506958,0.4444444444444444,0.16666666666666666,4.96,5.2,False,False,-0.16884589195251465,-0.2777777777777778
C3_1,it0189,0.371980220079422,0.19340810179710388,0.15,0.15,5.6,5.04,False,False,-0.17857211828231812,0.0
C3_1,it0190,0.49683213233947754,0.49872320890426636,0.0625,0.125,5.92,5.68,False,False,0.0018910765647888184,0.0625
C3_1,it0191,0.26345765590667725,0.3703925311565399,0.04,0.12,8.24,6.32,False,False,0.10693487524986267,0.07999999999999999
C3_1,it0192,0.5434092879295349,0.5421491861343384,0.25925925925925924,0.37037037037037035,7.68,7.04,False,False,-0.0012601017951965332,0.1111111111111111
C3_1,it0193,0.14890718460083008,0.14885039627552032,0.5,0.4375,5.68,5.2,False,False,-5.678832530975342e-05,-0.0625
C3_1,it0194,0.5611392855644226,0.5451064109802246,0.0,0.09523809523809523,6.56,5.44,False,False,-0.016032874584197998,0.09523809523809523
C3_1,it0195,0.48819607496261597,0.47991615533828735,0.6153846153846154,0.23076923076923078,8.64,6.48,False,False,-0.008279919624328613,-0.38461538461538464
C3_1,it0196,0.36528679728507996,0.35092201828956604,0.0,0.2857142857142857,6.88,10.4,False,False,-0.014364778995513916,0.2857142857142857
C3_1,it0197,0.3863601088523865,0.42589041590690613,0.18181818181818182,0.0,4.72,5.76,False,False,0.03953030705451965,-0.18181818181818182
C3_1,it0198,0.075102798640728,0.06630837917327881,0.0625,0.0,4.48,5.76,False,False,-0.008794419467449188,-0.0625
C3_1,it0199,0.43656405806541443,0.4088584780693054,0.058823529411764705,0.058823529411764705,6.08,6.56,False,False,-0.02770557999610901,0.0
C3_1,it0200,0.34087637066841125,0.4497765898704529,0.4090909090909091,0.22727272727272727,7.28,7.12,False,False,0.10890021920204163,-0.18181818181818185
C3_1,it0201,0.45170146226882935,0.4078439176082611,0.16666666666666666,0.16666666666666666,5.92,5.92,False,False,-0.04385754466056824,0.0
C3_1,it0202,0.4347606897354126,0.47341054677963257,0.08333333333333333,0.16666666666666666,4.72,6.64,False,False,0.03864985704421997,0.08333333333333333
C3_1,it0203,0.3178993761539459,0.37415820360183716,0.0,0.07692307692307693,6.88,6.72,False,False,0.056258827447891235,0.07692307692307693
C3_1,it0204,0.37519416213035583,0.30819228291511536,0.12,0.28,8.16,5.52,False,False,-0.06700187921524048,0.16000000000000003
C3_1,it0205,0.46300840377807617,0.4597899615764618,0.7916666666666666,0.4583333333333333,6.96,8.88,False,False,-0.00321844220161438,-0.3333333333333333
C3_1,it0206,0.3844454884529114,0.42103540897369385,0.06060606060606061,0.2727272727272727,9.84,6.64,False,False,0.03658992052078247,0.2121212121212121
C3_1,it0207,0.3888317346572876,0.3823721706867218,0.05555555555555555,0.1111111111111111,5.92,7.76,False,False,-0.006459563970565796,0.05555555555555555
C3_1,it0208,0.3977540135383606,0.2198934108018875,0.16129032258064516,0.2903225806451613,11.28,8.96,False,False,-0.17786060273647308,0.12903225806451615
C3_1,it0209,0.5528419017791748,0.5557160973548889,0.2,0.12,7.44,9.92,False,False,0.0028741955757141113,-0.08000000000000002
C3_1,it0210,0.25372907519340515,0.2959732413291931,0.30952380952380953,0.5714285714285714,11.92,9.44,False,False,0.042244166135787964,0.26190476190476186
C3_1,it0211,0.6165264248847961,0.5908347368240356,0.11764705882352941,0.11764705882352941,11.44,14.32,False,False,-0.025691688060760498,0.0
C3_1,it0212,0.07102228701114655,0.13564610481262207,0.42105263157894735,0.15789473684210525,5.28,6.24,False,False,0.06462381780147552,-0.2631578947368421
C3_1,it0213,0.40394869446754456,0.4000738263130188,0.25925925925925924,0.4074074074074074,7.68,8.8,False,False,-0.003874868154525757,0.14814814814814814
C3_1,it0214,0.495328813791275,0.4653778076171875,0.10256410256410256,0.2564102564102564,10.8,7.76,False,False,-0.029951006174087524,0.15384615384615383
C3_1,it0215,0.176656112074852,0.2450028955936432,0.36363636363636365,0.2727272727272727,4.88,13.84,False,False,0.0683467835187912,-0.09090909090909094
C3_1,it0216,0.25714007019996643,0.3701701760292053,0.2,0.26666666666666666,5.12,6.8,False,False,0.11303010582923889,0.06666666666666665
C3_1,it0217,0.21510471403598785,0.3409908413887024,0.5714285714285714,0.47619047619047616,7.12,11.84,False,False,0.12588612735271454,-0.09523809523809523
C3_1,it0218,0.552908182144165,0.5034549236297607,0.058823529411764705,0.4117647058823529,5.44,5.36,False,False,-0.0494532585144043,0.3529411764705882
C3_1,it0219,0.26341933012008667,0.15855783224105835,0.2647058823529412,0.38235294117647056,11.04,8.08,False,False,-0.10486149787902832,0.11764705882352938
C3_1,it0220,0.2407529652118683,0.300753653049469,0.0,0.08695652173913043,5.68,4.32,False,False,0.06000068783760071,0.08695652173913043
C3_1,it0221,0.47243690490722656,0.3750303387641907,0.08823529411764706,0.14705882352941177,9.76,13.44,False,False,-0.09740656614303589,0.058823529411764705
C3_1,it0222,0.4963097870349884,0.5206103920936584,0.5,0.625,4.08,8.48,False,False,0.024300605058670044,0.125
C3_1,it0223,0.5195737481117249,0.35052335262298584,0.1,0.06666666666666667,8.4,10.96,False,False,-0.169050395488739,-0.03333333333333334
C3_1,it0224,0.386965811252594,0.14369961619377136,0.047619047619047616,0.0,5.76,6.0,False,False,-0.24326619505882263,-0.047619047619047616
C3_1,it0225,0.364810973405838,0.46322062611579895,0.13636363636363635,0.09090909090909091,8.16,6.4,False,False,0.09840965270996094,-0.04545454545454544
C3_1,it0226,0.3733900785446167,0.3743590712547302,0.25,0.21428571428571427,8.4,6.64,False,False,0.0009689927101135254,-0.035714285714285726
C3_1,it0227,0.23717494308948517,0.20351627469062805,0.55,0.3,5.36,4.96,False,False,-0.03365866839885712,-0.25000000000000006
C3_1,it0228,0.6414083242416382,0.28163179755210876,0.2222222222222222,0.5555555555555556,5.36,5.36,False,False,-0.3597765266895294,0.33333333333333337
C3_1,it0229,0.25281959772109985,0.34094470739364624,0.2727272727272727,0.5454545454545454,6.64,6.88,False,False,0.08812510967254639,0.2727272727272727
C3_1,it0230,0.5805091857910156,0.5555907487869263,0.08,0.16,8.0,6.48,False,False,-0.024918437004089355,0.08
C3_1,it0231,0.4255628287792206,0.4437829852104187,0.0967741935483871,0.0967741935483871,10.0,10.64,False,False,0.01822015643119812,0.0
C3_1,it0232,0.15198704600334167,0.25216957926750183,0.09090909090909091,0.0,6.88,6.32,False,False,0.10018253326416016,-0.09090909090909091
C3_1,it0233,0.18569529056549072,0.383078008890152,0.42857142857142855,0.2857142857142857,6.96,6.08,False,False,0.19738271832466125,-0.14285714285714285
C3_1,it0234,0.579792857170105,0.5712547302246094,0.3103448275862069,0.1724137931034483,10.64,8.8,False,False,-0.008538126945495605,-0.13793103448275862
C3_1,it0235,0.2770293354988098,0.36742353439331055,0.21052631578947367,0.3157894736842105,6.24,8.64,False,False,0.09039419889450073,0.10526315789473684
C3_1,it0236,0.3611293435096741,0.3032752275466919,0.06666666666666667,0.0,5.04,9.2,False,False,-0.05785411596298218,-0.06666666666666667
C3_1,it0237,0.49202850461006165,0.4646151065826416,0.17647058823529413,0.058823529411764705,5.44,8.16,False,False,-0.027413398027420044,-0.11764705882352942
C3_1,it0238,0.38383913040161133,0.3593553304672241,0.0,0.0,5.12,3.84,False,False,-0.024483799934387207,0.0
C3_1,it0239,0.4595352113246918,0.4666617810726166,0.4827586206896552,0.5517241379310345,8.56,7.2,False,False,0.007126569747924805,0.06896551724137928
C3_1,it0240,0.2845337688922882,0.3059360980987549,0.07142857142857142,0.07142857142857142,4.08,3.28,False,False,0.021402329206466675,0.0
C3_1,it0241,0.4328126013278961,0.4991046190261841,0.6875,0.375,4.48,7.68,False,False,0.06629201769828796,-0.3125
C3_1,it0242,0.4698236882686615,0.4278366267681122,0.21052631578947367,0.10526315789473684,6.48,6.32,False,False,-0.041987061500549316,-0.10526315789473684
C3_1,it0243,0.47345197200775146,0.3964252471923828,0.3076923076923077,0.07692307692307693,4.24,6.96,False,False,-0.07702672481536865,-0.23076923076923078
C3_1,it0244,0.39577722549438477,0.32387855648994446,0.125,0.125,5.04,4.32,False,False,-0.07189866900444031,0.0
C3_1,it0245,0.4137938320636749,0.41990384459495544,0.23529411764705882,0.058823529411764705,5.12,4.48,False,False,0.006110012531280518,-0.1764705882352941
C3_1,it0246,0.5687743425369263,0.5799341797828674,0.3181818181818182,0.22727272727272727,12.56,13.44,False,False,0.011159837245941162,-0.09090909090909091
C3_1,it0247,0.3352040946483612,0.36922112107276917,0.11764705882352941,0.17647058823529413,5.68,7.28,False,False,0.03401702642440796,0.05882352941176472
C3_1,it0248,0.1777367740869522,0.2135125994682312,0.3103448275862069,0.10344827586206896,8.16,8.16,False,False,0.03577582538127899,-0.20689655172413796
C3_1,it0249,0.4706494212150574,0.43319782614707947,0.05,0.25,6.64,5.92,False,False,-0.037451595067977905,0.2
C3_1,it0250,0.2363588958978653,0.2801138162612915,0.30952380952380953,0.35714285714285715,13.76,14.96,False,False,0.04375492036342621,0.047619047619047616
C3_1,it0251,0.4938098192214966,0.46665266156196594,0.25,0.3125,8.16,11.44,False,False,-0.02715715765953064,0.0625
C3_1,it0252,0.14345932006835938,0.19812825322151184,0.16666666666666666,0.16666666666666666,4.24,7.76,False,False,0.054668933153152466,0.0
C3_1,it0253,0.47300034761428833,0.42176684737205505,0.38461538461538464,0.38461538461538464,4.24,6.08,False,False,-0.051233500242233276,0.0
C3_1,it0254,0.3833410143852234,0.29438549280166626,0.03333333333333333,0.2,10.08,7.28,False,False,-0.08895552158355713,0.16666666666666669
C3_1,it0255,0.4776287078857422,0.40051010251045227,0.1935483870967742,0.03225806451612903,11.04,12.72,False,False,-0.07711860537528992,-0.16129032258064516
C3_1,it0256,0.13568107783794403,0.34269967675209045,0.47058823529411764,0.3235294117647059,9.6,11.52,False,False,0.20701859891414642,-0.14705882352941174
C3_1,it0257,0.4132636785507202,0.32887133955955505,0.0,0.14285714285714285,7.68,7.68,False,False,-0.08439233899116516,0.14285714285714285
C3_1,it0258,0.5089331269264221,0.5546042919158936,0.0,0.0,6.48,8.4,False,False,0.045671164989471436,0.0
C3_1,it0259,0.4046355187892914,0.38436129689216614,0.22448979591836735,0.40816326530612246,13.28,11.2,False,False,-0.020274221897125244,0.1836734693877551
C3_1,it0260,0.6227701902389526,0.6052892208099365,0.26666666666666666,0.26666666666666666,4.48,6.56,False,False,-0.017480969429016113,0.0
C3_1,it0261,0.4797840118408203,0.5168189406394958,0.2222222222222222,0.2962962962962963,11.44,8.64,False,False,0.03703492879867554,0.07407407407407407
C3_1,it0262,0.34548071026802063,0.31634390354156494,0.3333333333333333,0.2962962962962963,8.16,6.96,False,False,-0.02913680672645569,-0.037037037037037035
C3_1,it0263,0.32998183369636536,0.460132896900177,0.1,0.15,5.68,5.6,False,False,0.13015106320381165,0.04999999999999999
C3_1,it0264,0.3350194990634918,0.4637921154499054,0.0,0.0,4.72,5.84,False,False,0.12877261638641357,0.0
C3_1,it0265,0.32200631499290466,0.3622293472290039,0.1388888888888889,0.1388888888888889,11.76,14.96,False,False,0.04022303223609924,0.0
C3_1,it0266,0.37360715866088867,0.34916743636131287,0.0,0.08,7.92,8.24,False,False,-0.024439722299575806,0.08
C3_1,it0267,0.503770649433136,0.3547372817993164,0.18518518518518517,0.18518518518518517,8.56,10.4,False,False,-0.14903336763381958,0.0
C3_1,it0268,0.40458643436431885,0.4854889512062073,0.42424242424242425,0.21212121212121213,9.36,9.92,False,False,0.08090251684188843,-0.21212121212121213
C3_1,it0269,0.4594009518623352,0.5148289799690247,0.16666666666666666,0.3333333333333333,7.76,5.76,False,False,0.05542802810668945,0.16666666666666666
C3_1,it0270,0.6405825018882751,0.6672644019126892,0.1282051282051282,0.10256410256410256,11.6,8.72,False,False,0.026681900024414062,-0.025641025641025633
C3_1,it0271,0.15163786709308624,0.2527802586555481,0.4,0.4,4.24,8.56,False,False,0.10114239156246185,0.0
C3_1,it0272,0.3669402599334717,0.2585752010345459,0.29411764705882354,0.14705882352941177,9.2,8.56,False,False,-0.10836505889892578,-0.14705882352941177
C3_1,it0273,0.25368329882621765,0.2667918801307678,0.0,0.0,5.92,5.12,False,False,0.013108581304550171,0.0
C3_1,it0274,0.07900089025497437,0.21262209117412567,0.2692307692307692,0.3076923076923077,10.32,7.2,False,False,0.1336212009191513,0.03846153846153849
C3_1,it0275,0.6228720545768738,0.6021415591239929,0.0,0.0,7.68,7.28,False,False,-0.02073049545288086,0.0
C3_1,it0276,0.5380235910415649,0.49749448895454407,0.3333333333333333,0.16666666666666666,4.08,4.32,False,False,-0.040529102087020874,-0.16666666666666666
C3_1,it0277,0.3249133825302124,0.4210185408592224,0.041666666666666664,0.2708333333333333,13.52,10.08,False,False,0.09610515832901001,0.22916666666666666
C3_1,it0278,0.2738927900791168,0.24936778843402863,0.17857142857142858,0.25,7.92,8.64,False,False,-0.024525001645088196,0.07142857142857142
C3_1,it0279,0.4922693967819214,0.4962660074234009,0.42105263157894735,0.5,12.16,12.48,False,False,0.003996610641479492,0.07894736842105265
C3_1,it0280,0.39511537551879883,0.32225462794303894,0.2222222222222222,0.2777777777777778,6.4,5.36,False,False,-0.07286074757575989,0.05555555555555558
C3_1,it0281,0.24506160616874695,0.29132023453712463,0.36363636363636365,0.45454545454545453,4.0,2.72,False,False,0.046258628368377686,0.09090909090909088
C3_1,it0282,0.4896567463874817,0.37061354517936707,0.28,0.16,6.32,6.4,False,False,-0.11904320120811462,-0.12000000000000002
C3_1,it0283,0.5317914485931396,0.5162933468818665,0.125,0.0625,5.36,4.56,False,False,-0.015498101711273193,-0.0625
C3_1,it0284,0.25103381276130676,0.19793671369552612,0.07692307692307693,0.34615384615384615,8.88,7.92,False,False,-0.05309709906578064,0.2692307692307692
C3_1,it0285,0.5395561456680298,0.5244906544685364,0.21951219512195122,0.04878048780487805,13.2,12.88,False,False,-0.015065491199493408,-0.17073170731707316
C3_1,it0286,0.14467370510101318,0.2360159456729889,0.25,0.21428571428571427,8.48,8.56,False,False,0.09134224057197571,-0.035714285714285726
C3_1,it0287,0.5686456561088562,0.5632484555244446,0.36363636363636365,0.45454545454545453,7.84,8.96,False,False,-0.005397200584411621,0.09090909090909088
C3_1,it0288,0.561883270740509,0.5679391026496887,0.11363636363636363,0.5454545454545454,14.24,13.68,False,False,0.0060558319091796875,0.43181818181818177
C3_1,it0289,0.5883354544639587,0.5942028760910034,0.2777777777777778,0.0,5.68,9.52,False,False,0.005867421627044678,-0.2777777777777778
C3_1,it0290,0.2216668426990509,0.17130474746227264,0.2857142857142857,0.38095238095238093,12.08,11.28,False,False,-0.05036209523677826,0.09523809523809523
C3_1,it0291,0.15923291444778442,0.15858925879001617,0.2222222222222222,0.0,5.44,9.28,False,False,-0.0006436556577682495,-0.2222222222222222
C3_1,it0292,0.35405588150024414,0.30772796273231506,0.02857142857142857,0.08571428571428572,11.12,9.36,False,False,-0.04632791876792908,0.05714285714285715
C3_1,it0293,0.43168628215789795,0.2900800406932831,0.08333333333333333,0.125,6.56,5.36,False,False,-0.14160624146461487,0.04166666666666667
C3_1,it0294,0.23188863694667816,0.18509232997894287,0.05555555555555555,0.0,6.48,7.28,False,False,-0.04679630696773529,-0.05555555555555555
C3_1,it0295,0.5124489068984985,0.44074591994285583,0.1320754716981132,0.22641509433962265,14.24,11.68,False,False,-0.0717029869556427,0.09433962264150944
C3_1,it0296,0.46183300018310547,0.43641412258148193,0.0625,0.28125,13.44,8.72,False,False,-0.025418877601623535,0.21875
C3_1,it0297,0.2617379128932953,0.4258604049682617,0.28,0.36,7.44,8.48,False,False,0.16412249207496643,0.07999999999999996
C3_1,it0298,0.573617696762085,0.4456184506416321,0.16666666666666666,0.16666666666666666,6.08,4.16,False,False,-0.12799924612045288,0.0
C3_1,it0299,0.5803771018981934,0.589945912361145,0.0,0.14285714285714285,11.36,10.56,False,False,0.00956881046295166,0.14285714285714285
C3_1,it0300,0.4300794303417206,0.15295423567295074,0.0,0.1875,6.32,5.6,False,False,-0.27712519466876984,0.1875
C3_1,it0301,0.4350312650203705,0.43458566069602966,0.21875,0.1875,9.84,9.28,False,False,-0.0004456043243408203,-0.03125
C3_1,it0302,0.5530429482460022,0.4395357668399811,0.11904761904761904,0.35714285714285715,11.28,13.68,False,False,-0.11350718140602112,0.2380952380952381
C3_1,it0303,0.47391191124916077,0.32741498947143555,0.1,0.15,6.56,6.64,False,False,-0.14649692177772522,0.04999999999999999
C3_1,it0304,0.4196571111679077,0.2804524898529053,0.38461538461538464,0.5384615384615384,5.44,4.96,False,False,-0.13920462131500244,0.1538461538461538
C3_1,it0305,0.3945278227329254,0.36104264855384827,0.08888888888888889,0.08888888888888889,12.8,14.96,False,False,-0.03348517417907715,0.0
C3_1,it0306,0.3805166482925415,0.4442889988422394,0.14285714285714285,0.14285714285714285,6.56,6.72,False,False,0.06377235054969788,0.0
C3_1,it0307,0.3254601061344147,0.2951870560646057,0.14285714285714285,0.07142857142857142,5.04,6.72,False,False,-0.03027305006980896,-0.07142857142857142
C3_1,it0308,0.4645764231681824,0.41536882519721985,0.3235294117647059,0.29411764705882354,10.4,7.52,False,False,-0.049207597970962524,-0.02941176470588236
C3_1,it0309,0.45636770129203796,0.4184378981590271,0.15384615384615385,0.07692307692307693,5.2,3.84,False,False,-0.037929803133010864,-0.07692307692307693
C3_1,it0310,0.3695932924747467,0.42301106452941895,0.4666666666666667,0.4666666666666667,8.48,5.52,False,False,0.05341777205467224,0.0
C3_1,it0311,0.4903339147567749,0.2742388844490051,0.14285714285714285,0.2857142857142857,5.84,3.44,False,False,-0.21609503030776978,0.14285714285714285
C3_1,it0312,0.597801685333252,0.6887454986572266,0.16666666666666666,0.19047619047619047,12.24,12.4,False,False,0.09094381332397461,0.023809523809523808
C3_1,it0313,0.44160449504852295,0.39599084854125977,0.058823529411764705,0.058823529411764705,4.96,7.76,False,False,-0.045613646507263184,0.0
C3_1,it0314,0.2729758620262146,0.36253881454467773,0.08,0.16,6.32,5.76,False,False,0.08956295251846313,0.08
C3_1,it0315,0.355596125125885,0.32738059759140015,0.16,0.28,7.92,8.0,False,False,-0.028215527534484863,0.12000000000000002
C3_1,it0316,0.4084665775299072,0.49321818351745605,0.25,0.20833333333333334,13.28,14.96,False,False,0.08475160598754883,-0.04166666666666666
C3_1,it0317,0.3592168986797333,0.3807116746902466,0.0,0.07407407407407407,8.16,9.28,False,False,0.021494776010513306,0.07407407407407407
C3_1,it0318,0.4171701967716217,0.24048808217048645,0.3125,0.3125,5.04,13.84,False,False,-0.17668211460113525,0.0
C3_1,it0319,0.3481994867324829,0.2877291142940521,0.21052631578947367,0.15789473684210525,5.6,8.48,False,False,-0.060470372438430786,-0.05263157894736842
C3_1,it0320,0.5446631908416748,0.6189581751823425,0.038461538461538464,0.34615384615384615,8.0,8.32,False,False,0.07429498434066772,0.3076923076923077
C3_1,it0321,0.050136446952819824,0.21019048988819122,0.1111111111111111,0.2222222222222222,5.12,4.08,False,False,0.1600540429353714,0.1111111111111111
C3_1,it0322,0.5755653977394104,0.5395955443382263,0.5294117647058824,0.47058823529411764,4.72,12.56,False,False,-0.03596985340118408,-0.05882352941176472
C3_1,it0323,0.534109890460968,0.5695127248764038,0.1,0.1,6.96,9.04,False,False,0.03540283441543579,0.0
C3_1,it0324,0.47123876214027405,0.36323004961013794,0.2222222222222222,0.16666666666666666,5.92,6.08,False,False,-0.10800871253013611,-0.05555555555555555
C3_1,it0325,0.2336854636669159,0.1310775876045227,0.13636363636363635,0.13636363636363635,12.8,12.0,False,False,-0.10260787606239319,0.0
C3_1,it0326,0.4719026982784271,0.2050687074661255,0.125,0.3333333333333333,5.92,7.04,False,False,-0.26683399081230164,0.20833333333333331
C3_1,it0327,0.18925243616104126,0.3984193801879883,0.0,0.26666666666666666,4.56,4.48,False,False,0.20916694402694702,0.26666666666666666
C3_1,it0328,0.5244409441947937,0.5198205709457397,0.2413793103448276,0.41379310344827586,8.0,5.36,False,False,-0.004620373249053955,0.17241379310344826
C3_1,it0329,0.46660947799682617,0.3136824667453766,0.5833333333333334,0.16666666666666666,4.24,8.4,False,False,-0.15292701125144958,-0.41666666666666674
C3_1,it0330,0.47013363242149353,0.6045246124267578,0.058823529411764705,0.08823529411764706,9.6,8.32,False,False,0.13439098000526428,0.02941176470588236
C3_1,it0331,0.35735973715782166,0.4567480683326721,0.1111111111111111,0.07407407407407407,8.88,11.68,False,False,0.09938833117485046,-0.037037037037037035
C3_1,it0332,0.3097760081291199,0.4232730269432068,0.0,0.0,4.0,5.36,False,False,0.11349701881408691,0.0
C3_1,it0333,0.5791595578193665,0.4858565330505371,0.17073170731707318,0.14634146341463414,12.24,12.88,False,False,-0.09330302476882935,-0.024390243902439046
C3_1,it0334,0.3707823157310486,0.42797812819480896,0.2708333333333333,0.22916666666666666,13.76,14.96,False,False,0.057195812463760376,-0.04166666666666666
C3_1,it0335,0.31857314705848694,0.45270127058029175,0.35714285714285715,0.0,4.48,5.76,False,False,0.1341281235218048,-0.35714285714285715
C3_1,it0336,0.5735287666320801,0.6647616624832153,0.0,0.0,11.84,9.44,False,False,0.09123289585113525,0.0
C3_1,it0337,0.28538912534713745,0.24780985713005066,0.20512820512820512,0.1794871794871795,13.44,12.64,False,False,-0.03757926821708679,-0.025641025641025633
C3_1,it0338,0.4343999922275543,0.3582746386528015,0.29411764705882354,0.058823529411764705,6.24,6.56,False,False,-0.07612535357475281,-0.23529411764705882
C3_1,it0339,0.45843183994293213,0.4041377902030945,0.16,0.16,7.2,8.16,False,False,-0.054294049739837646,0.0
C3_1,it0340,0.2693229913711548,0.31691932678222656,0.38461538461538464,0.15384615384615385,4.16,4.72,False,False,0.04759633541107178,-0.23076923076923078
C3_1,it0341,0.6506248712539673,0.4582463800907135,0.10714285714285714,0.2857142857142857,8.88,7.92,False,False,-0.19237849116325378,0.17857142857142855
C3_1,it0342,0.3130103647708893,0.4011914134025574,0.125,0.0,6.88,7.76,False,False,0.08818104863166809,-0.125
C3_1,it0343,0.46490049362182617,0.3599139451980591,0.1111111111111111,0.26666666666666666,13.76,10.72,False,False,-0.10498654842376709,0.15555555555555556
C3_1,it0344,0.5964308977127075,0.6401680707931519,0.19230769230769232,0.15384615384615385,8.16,5.44,False,False,0.043737173080444336,-0.038461538461538464
C3_1,it0345,0.22615179419517517,0.12447118759155273,0.37037037037037035,0.5555555555555556,7.52,5.84,False,False,-0.10168060660362244,0.18518518518518523
C3_1,it0346,0.3789069354534149,0.36151158809661865,0.043478260869565216,0.34782608695652173,6.96,5.12,False,False,-0.017395347356796265,0.30434782608695654
C3_1,it0347,0.5007704496383667,0.48179271817207336,0.1794871794871795,0.41025641025641024,11.76,13.76,False,False,-0.018977731466293335,0.23076923076923075
C3_1,it0348,0.3848358988761902,0.39476990699768066,0.13333333333333333,0.13333333333333333,4.08,4.0,False,False,0.009934008121490479,0.0
C3_1,it0349,0.25201600790023804,0.2556007504463196,0.21212121212121213,0.06060606060606061,12.16,14.96,False,False,0.003584742546081543,-0.15151515151515152
C3_1,it0350,0.3348807394504547,0.43982839584350586,0.03571428571428571,0.07142857142857142,7.44,9.2,False,False,0.10494765639305115,0.03571428571428571
C3_1,it0351,0.42886754870414734,0.3976925015449524,0.13636363636363635,0.18181818181818182,8.4,11.6,False,False,-0.031175047159194946,0.04545454545454547
C3_1,it0352,0.3848971128463745,0.37788525223731995,0.125,0.041666666666666664,8.64,8.08,False,False,-0.007011860609054565,-0.08333333333333334
C3_1,it0353,0.11727683246135712,0.1407233029603958,0.15384615384615385,0.0,6.8,7.6,False,False,0.023446470499038696,-0.15384615384615385
C3_1,it0354,0.3904285430908203,0.2902592122554779,0.15,0.1,6.0,6.08,False,False,-0.10016933083534241,-0.04999999999999999
C3_1,it0355,0.5604086518287659,0.4064885973930359,0.25925925925925924,0.0,9.12,7.12,False,False,-0.15392005443572998,-0.25925925925925924
C3_1,it0356,0.39534714818000793,0.3325025141239166,0.3076923076923077,0.38461538461538464,4.48,4.88,False,False,-0.06284463405609131,0.07692307692307693
C3_1,it0357,0.4377601146697998,0.46583613753318787,0.13333333333333333,0.06666666666666667,8.32,6.56,False,False,0.02807602286338806,-0.06666666666666667
C3_1,it0358,0.26485535502433777,0.3406982421875,0.17391304347826086,0.17391304347826086,8.96,8.48,False,False,0.07584288716316223,0.0
C3_1,it0359,0.5790442228317261,0.5052870512008667,0.36363636363636365,0.22727272727272727,13.52,10.4,False,False,-0.07375717163085938,-0.13636363636363638
C3_1,it0360,0.5220623016357422,0.5735613703727722,0.0,0.21739130434782608,6.96,7.76,False,False,0.05149906873703003,0.21739130434782608
C3_1,it0361,0.17225392162799835,0.1865467131137848,0.17647058823529413,0.23529411764705882,6.4,5.52,False,False,0.014292791485786438,0.05882352941176469
C3_1,it0362,0.3683353364467621,0.1309359073638916,0.06666666666666667,0.13333333333333333,4.16,5.04,False,False,-0.23739942908287048,0.06666666666666667
C3_1,it0363,0.5591733455657959,0.5346732139587402,0.0975609756097561,0.24390243902439024,12.64,13.36,False,False,-0.024500131607055664,0.14634146341463414
C3_1,it0364,0.5642852783203125,0.590464174747467,0.12,0.16,8.4,8.56,False,False,0.02617889642715454,0.04000000000000001
C3_1,it0365,0.48877596855163574,0.40690141916275024,0.1,0.0,4.56,5.04,False,False,-0.0818745493888855,-0.1
C3_1,it0366,0.36994707584381104,0.2227781116962433,0.07692307692307693,0.2692307692307692,9.04,7.68,False,False,-0.14716896414756775,0.1923076923076923
C3_1,it0367,0.21221406757831573,0.15092885494232178,0.1,0.24,14.64,14.96,False,False,-0.06128521263599396,0.13999999999999999
C3_1,it0368,0.3542444407939911,0.3076187074184418,0.0,0.09523809523809523,6.24,5.92,False,False,-0.046625733375549316,0.09523809523809523
C3_1,it0369,0.3397098183631897,0.2571440041065216,0.0,0.0,4.72,6.08,False,False,-0.08256581425666809,0.0
C3_1,it0370,0.45779457688331604,0.5745255351066589,0.28,0.32,9.68,13.44,False,False,0.1167309582233429,0.03999999999999998
C3_1,it0371,0.05193944275379181,0.13814082741737366,0.125,0.25,9.12,14.96,False,False,0.08620138466358185,0.125
C3_1,it0372,0.6779922842979431,0.6347535252571106,0.10344827586206896,0.034482758620689655,8.4,7.6,False,False,-0.04323875904083252,-0.06896551724137931
C3_1,it0373,0.6281304359436035,0.4322240650653839,0.037037037037037035,0.037037037037037035,10.24,13.28,False,False,-0.1959063708782196,0.0
C3_1,it0374,0.21548175811767578,0.29973962903022766,0.5555555555555556,0.1111111111111111,5.68,5.92,False,False,0.08425787091255188,-0.4444444444444445
C3_1,it0375,0.25375476479530334,0.08760245144367218,0.2,0.13333333333333333,4.0,4.24,False,False,-0.16615231335163116,-0.06666666666666668
C3_1,it0376,0.4518651068210602,0.501594066619873,0.05555555555555555,0.3888888888888889,6.24,6.0,False,False,0.049728959798812866,0.33333333333333337
C3_1,it0377,0.33172887563705444,0.16761715710163116,0.04,0.0,7.84,10.08,False,False,-0.16411171853542328,-0.04
C3_1,it0378,0.4630393981933594,0.5504785776138306,0.3333333333333333,0.06666666666666667,5.04,12.4,False,False,0.08743917942047119,-0.26666666666666666
C3_1,it0379,0.34951794147491455,0.23948532342910767,0.0,0.0,5.28,6.48,False,False,-0.11003261804580688,0.0
C3_1,it0380,0.35788673162460327,0.347055047750473,0.05263157894736842,0.2631578947368421,4.88,5.44,False,False,-0.010831683874130249,0.21052631578947367
C3_1,it0381,0.5581953525543213,0.4800277054309845,0.15384615384615385,0.0,4.8,6.24,False,False,-0.07816764712333679,-0.15384615384615385
C3_1,it0382,0.43635696172714233,0.5147901177406311,0.045454545454545456,0.36363636363636365,6.72,11.76,False,False,0.07843315601348877,0.3181818181818182
C3_1,it0383,0.26561570167541504,0.2481239289045334,0.15384615384615385,0.3076923076923077,10.56,10.56,False,False,-0.017491772770881653,0.15384615384615385
C3_1,it0384,0.24394351243972778,0.19391150772571564,0.6,0.3333333333333333,4.0,4.4,False,False,-0.050032004714012146,-0.26666666666666666
C3_1,it0385,0.2951650619506836,0.25009629130363464,0.3333333333333333,0.0,4.24,7.28,False,False,-0.04506877064704895,-0.3333333333333333
C3_1,it0386,0.4530075192451477,0.45815643668174744,0.35714285714285715,0.21428571428571427,4.72,4.08,False,False,0.0051489174365997314,-0.14285714285714288
C3_1,it0387,0.30368638038635254,0.4638955295085907,0.12121212121212122,0.12121212121212122,11.36,12.8,False,False,0.16020914912223816,0.0
C3_1,it0388,0.42762288451194763,0.5090048313140869,0.15789473684210525,0.10526315789473684,6.64,6.32,False,False,0.08138194680213928,-0.05263157894736842
C3_1,it0389,0.6901540160179138,0.6633684635162354,0.2608695652173913,0.1956521739130435,14.48,14.96,False,False,-0.026785552501678467,-0.06521739130434781
C3_1,it0390,0.5035903453826904,0.5002790689468384,0.20930232558139536,0.16279069767441862,11.76,13.2,False,False,-0.0033112764358520508,-0.046511627906976744
C3_1,it0391,0.3948596119880676,0.33475664258003235,0.0,0.30434782608695654,8.96,9.92,False,False,-0.06010296940803528,0.30434782608695654
C3_1,it0392,0.28703945875167847,0.29212135076522827,0.09523809523809523,0.09523809523809523,7.68,7.6,False,False,0.005081892013549805,0.0
C3_1,it0393,0.47341465950012207,0.4387698173522949,0.0,0.0,4.88,6.16,False,False,-0.03464484214782715,0.0
C3_1,it0394,0.44606292247772217,0.5400803685188293,0.04,0.0,6.8,7.6,False,False,0.09401744604110718,-0.04
C3_1,it0395,0.23386096954345703,0.08314427733421326,1.0,0.6470588235294118,5.68,4.88,False,False,-0.15071669220924377,-0.3529411764705882
C3_1,it0396,0.573745608329773,0.5778733491897583,0.15,0.4,6.24,6.96,False,False,0.0041277408599853516,0.25
C3_1,it0397,0.4899148941040039,0.38334283232688904,0.05263157894736842,0.10526315789473684,6.4,7.04,False,False,-0.10657206177711487,0.05263157894736842
C3_1,it0398,0.49086299538612366,0.49035587906837463,0.3,0.3,6.48,4.32,False,False,-0.0005071163177490234,0.0
C3_1,it0399,0.31416767835617065,0.21511059999465942,0.1111111111111111,0.5555555555555556,5.12,5.84,False,False,-0.09905707836151123,0.4444444444444445
C3_2,it0000,0.4229336678981781,0.44960859417915344,0.08695652173913043,0.043478260869565216,12.16,9.44,False,False,0.026674926280975342,-0.043478260869565216
C3_2,it0001,0.36114072799682617,0.21607451140880585,0.2222222222222222,0.5,4.96,9.84,False,False,-0.14506621658802032,0.2777777777777778
C3_2,it0002,0.2701534628868103,0.2554042339324951,0.13333333333333333,0.2,5.12,12.32,False,False,-0.014749228954315186,0.06666666666666668
C3_2,it0003,0.22052396833896637,0.1592937707901001,0.26666666666666666,0.06666666666666667,5.2,7.28,False,False,-0.06123019754886627,-0.2
C3_2,it0004,0.3287314176559448,0.3518596887588501,0.1875,0.125,5.2,4.8,False,False,0.023128271102905273,-0.0625
C3_2,it0005,0.2396821826696396,0.3225809633731842,0.1111111111111111,0.0,7.2,8.32,False,False,0.08289878070354462,-0.1111111111111111
C3_2,it0006,0.32598933577537537,0.35021185874938965,0.2222222222222222,0.1111111111111111,6.48,7.2,False,False,0.024222522974014282,-0.1111111111111111
C3_2,it0007,0.19335108995437622,0.31917673349380493,0.25,0.20454545454545456,13.52,8.96,False,False,0.1258256435394287,-0.04545454545454544
C3_2,it0008,0.2828158140182495,0.26195818185806274,0.2857142857142857,0.3333333333333333,6.4,5.92,False,False,-0.020857632160186768,0.047619047619047616
C3_2,it0009,0.5824014544487,0.5374597907066345,0.18518518518518517,0.07407407407407407,7.84,6.32,False,False,-0.04494166374206543,-0.1111111111111111
C3_2,it0010,0.4518413543701172,0.4694015085697174,0.16666666666666666,0.16666666666666666,6.88,6.08,False,False,0.01756015419960022,0.0
C3_2,it0011,0.5392208695411682,0.41999688744544983,0.043478260869565216,0.0,8.08,9.68,False,False,-0.11922398209571838,-0.043478260869565216
C3_2,it0012,0.4267730414867401,0.3409893214702606,0.3103448275862069,0.4482758620689655,8.72,6.4,False,False,-0.08578372001647949,0.13793103448275862
C3_2,it0013,0.5635291337966919,0.6268038153648376,0.0,0.0,9.12,12.24,False,False,0.06327468156814575,0.0
C3_2,it0014,0.3325265049934387,0.2133544534444809,0.13333333333333333,0.0,5.68,5.2,False,False,-0.11917205154895782,-0.13333333333333333
C3_2,it0015,0.4700322151184082,0.43572813272476196,0.11764705882352941,0.11764705882352941,4.24,3.28,False,False,-0.03430408239364624,0.0
C3_2,it0016,0.34277796745300293,0.5057320594787598,0.23529411764705882,0.08823529411764706,9.28,9.2,False,False,0.16295409202575684,-0.14705882352941174
C3_2,it0017,0.3765108585357666,0.312713623046875,0.0,0.0,4.32,3.52,False,False,-0.0637972354888916,0.0
C3_2,it0018,0.20177820324897766,0.15713758766651154,0.029411764705882353,0.058823529411764705,10.0,9.76,False,False,-0.044640615582466125,0.029411764705882353
C3_2,it0019,0.550075352191925,0.5625416040420532,0.1956521739130435,0.06521739130434782,12.56,10.16,False,False,0.012466251850128174,-0.13043478260869568
C3_2,it0020,0.2560012638568878,0.11224894225597382,0.3076923076923077,0.3076923076923077,4.24,4.64,False,False,-0.143752321600914,0.0
C3_2,it0021,0.44133275747299194,0.46417269110679626,0.12121212121212122,0.18181818181818182,9.76,11.52,False,False,0.02283993363380432,0.06060606060606061
C3_2,it0022,0.3464614450931549,0.36093246936798096,0.475,0.275,12.24,14.96,False,False,0.01447102427482605,-0.19999999999999996
C3_2,it0023,0.47543734312057495,0.5320166945457458,0.6111111111111112,0.2777777777777778,4.88,3.84,False,False,0.0565793514251709,-0.33333333333333337
C3_2,it0024,0.3735570013523102,0.4901590645313263,0.21428571428571427,0.07142857142857142,4.56,4.4,False,False,0.11660206317901611,-0.14285714285714285
C3_2,it0025,0.6400046348571777,0.5159359574317932,0.05,0.1,6.48,4.32,False,False,-0.12406867742538452,0.05
C3_2,it0026,0.19608566164970398,0.17912402749061584,0.0625,0.0,4.48,4.16,False,False,-0.016961634159088135,-0.0625
C3_2,it0027,0.6043886542320251,0.6810678839683533,0.125,0.0625,5.04,4.88,False,False,0.07667922973632812,-0.0625
C3_2,it0028,0.5086858868598938,0.5948968529701233,0.11904761904761904,0.21428571428571427,12.56,9.92,False,False,0.08621096611022949,0.09523809523809523
C3_2,it0029,0.39732226729393005,0.38848167657852173,0.0,0.0,4.56,4.56,False,False,-0.008840590715408325,0.0
C3_2,it0030,0.45662257075309753,0.5381850600242615,0.24,0.12,7.44,5.84,False,False,0.08156248927116394,-0.12
C3_2,it0031,0.26455384492874146,0.3375350832939148,0.2777777777777778,0.05555555555555555,5.68,6.96,False,False,0.07298123836517334,-0.22222222222222224
C3_2,it0032,0.5394701957702637,0.49930572509765625,0.037037037037037035,0.18518518518518517,8.56,7.36,False,False,-0.04016447067260742,0.14814814814814814
C3_2,it0033,0.3800591230392456,0.2658066153526306,0.0,0.15384615384615385,4.72,6.16,False,False,-0.11425250768661499,0.15384615384615385
C3_2,it0034,0.4048910140991211,0.3156934678554535,0.23333333333333334,0.03333333333333333,9.28,12.4,False,False,-0.0891975462436676,-0.2
C3_2,it0035,0.05549878999590874,0.2522343695163727,0.0,0.3076923076923077,5.36,3.92,False,False,0.19673557952046394,0.3076923076923077
C3_2,it0036,0.421610951423645,0.5162327289581299,0.16666666666666666,0.2777777777777778,5.52,3.36,False,False,0.09462177753448486,0.11111111111111113
C3_2,it0037,0.46696019172668457,0.40475085377693176,0.0,0.0,5.68,8.88,False,False,-0.06220933794975281,0.0
C3_2,it0038,0.1862240880727768,0.2192613184452057,0.05405405405405406,0.16216216216216217,13.92,14.96,False,False,0.033037230372428894,0.10810810810810811
C3_2,it0039,0.4979100525379181,0.4530152678489685,0.12195121951219512,0.04878048780487805,13.6,14.96,False,False,-0.044894784688949585,-0.07317073170731707
C3_2,it0040,0.11350495368242264,0.15525886416435242,0.13333333333333333,0.0,4.48,6.32,False,False,0.04175391048192978,-0.13333333333333333
C3_2,it0041,0.34128913283348083,0.32806238532066345,0.09090909090909091,0.09090909090909091,7.36,6.72,False,False,-0.013226747512817383,0.0
C3_2,it0042,0.49864116311073303,0.3120972514152527,0.3333333333333333,0.25925925925925924,8.64,8.64,False,False,-0.18654391169548035,-0.07407407407407407
C3_2,it0043,0.17548401653766632,0.09828171133995056,0.0,0.07692307692307693,7.68,6.72,False,False,-0.07720230519771576,0.07692307692307693
C3_2,it0044,0.3558046221733093,0.424816370010376,0.12,0.44,7.36,6.8,False,False,0.06901174783706665,0.32
C3_2,it0045,0.33164507150650024,0.3195294141769409,0.06666666666666667,0.2,9.84,7.68,False,False,-0.012115657329559326,0.13333333333333336
C3_2,it0046,0.27522391080856323,0.21127615869045258,0.0,0.0,5.92,5.52,False,False,-0.06394775211811066,0.0
C3_2,it0047,0.3623763620853424,0.23611661791801453,0.55,0.6,8.56,9.44,False,False,-0.12625974416732788,0.04999999999999993
C3_2,it0048,0.4886989891529083,0.48936551809310913,0.1875,0.125,4.64,10.16,False,False,0.0006665289402008057,-0.0625
C3_2,it0049,0.4776715040206909,0.47504857182502747,0.13636363636363635,0.09090909090909091,5.92,7.44,False,False,-0.002622932195663452,-0.04545454545454544
C3_2,it0050,0.0325721874833107,0.05422160401940346,0.4090909090909091,0.7272727272727273,5.76,9.6,False,False,0.021649416536092758,0.3181818181818182
C3_2,it0051,0.3988412618637085,0.5157588124275208,0.13793103448275862,0.034482758620689655,10.08,7.52,False,False,0.11691755056381226,-0.10344827586206896
C3_2,it0052,0.225437194108963,0.29133743047714233,0.0,0.0,4.24,6.0,False,False,0.06590023636817932,0.0
C3_2,it0053,0.30690473318099976,0.34766173362731934,0.2702702702702703,0.16216216216216217,12.56,10.88,False,False,0.04075700044631958,-0.10810810810810811
C3_2,it0054,0.16386649012565613,0.14695340394973755,0.20833333333333334,0.2916666666666667,6.48,6.0,False,False,-0.01691308617591858,0.08333333333333334
C3_2,it0055,0.4207746088504791,0.438844233751297,0.38461538461538464,0.19230769230769232,7.2,8.56,False,False,0.01806962490081787,-0.19230769230769232
C3_2,it0056,0.29847854375839233,0.2102726399898529,0.15,0.1,7.52,10.0,False,False,-0.08820590376853943,-0.04999999999999999
C3_2,it0057,0.30764809250831604,0.23173131048679352,0.2647058823529412,0.3235294117647059,10.72,7.12,False,False,-0.07591678202152252,0.05882352941176472
C3_2,it0058,0.2750720679759979,0.31605955958366394,0.25,0.08333333333333333,4.56,4.0,False,False,0.040987491607666016,-0.16666666666666669
C3_2,it0059,0.5462148189544678,0.5249933004379272,0.14285714285714285,0.25,8.16,5.84,False,False,-0.021221518516540527,0.10714285714285715
C3_2,it0060,0.37659111618995667,0.42154988646507263,0.0,0.0,5.12,5.92,False,False,0.04495877027511597,0.0
C3_2,it0061,0.548831045627594,0.607349693775177,0.0,0.0,9.84,7.12,False,False,0.05851864814758301,0.0
C3_2,it0062,0.43283554911613464,0.5857465863227844,0.047619047619047616,0.0,6.16,8.24,False,False,0.15291103720664978,-0.047619047619047616
C3_2,it0063,0.32342877984046936,0.2783185541629791,0.06896551724137931,0.41379310344827586,9.12,14.96,False,False,-0.045110225677490234,0.3448275862068966
C3_2,it0064,0.39322102069854736,0.42861348390579224,0.05555555555555555,0.05555555555555555,5.44,5.28,False,False,0.03539246320724487,0.0
C3_2,it0065,0.5850402116775513,0.587688148021698,0.1794871794871795,0.15384615384615385,10.8,8.8,False,False,0.0026479363441467285,-0.025641025641025633
C3_2,it0066,0.27887773513793945,0.27275097370147705,0.19047619047619047,0.2857142857142857,7.2,5.12,False,False,-0.006126761436462402,0.09523809523809523
C3_2,it0067,0.17445072531700134,0.1493445783853531,0.16666666666666666,0.2777777777777778,4.56,5.28,False,False,-0.025106146931648254,0.11111111111111113
C3_2,it0068,0.6493860483169556,0.5852135419845581,0.02564102564102564,0.0,13.28,11.28,False,False,-0.06417250633239746,-0.02564102564102564
C3_2,it0069,0.13943538069725037,0.13852860033512115,0.09090909090909091,0.2727272727272727,7.52,6.08,False,False,-0.0009067803621292114,0.1818181818181818
C3_2,it0070,0.3241459131240845,0.3606095016002655,0.0,0.0,4.48,4.88,False,False,0.03646358847618103,0.0
C3_2,it0071,0.581351101398468,0.3903786838054657,0.17857142857142858,0.21428571428571427,7.52,4.96,False,False,-0.19097241759300232,0.0357142857142857
C3_2,it0072,0.5294103622436523,0.4479798674583435,0.0,0.045454545454545456,8.96,11.2,False,False,-0.08143049478530884,0.045454545454545456
C3_2,it0073,0.2137066274881363,0.23006610572338104,0.1724137931034483,0.27586206896551724,6.88,11.12,False,False,0.01635947823524475,0.10344827586206895
C3_2,it0074,0.18754827976226807,0.27248841524124146,0.3333333333333333,0.13333333333333333,5.36,10.24,False,False,0.08494013547897339,-0.19999999999999998
C3_2,it0075,0.35445088148117065,0.19406484067440033,0.13043478260869565,0.0,7.84,11.36,False,False,-0.16038604080677032,-0.13043478260869565
C3_2,it0076,0.24797423183918,0.3782651424407959,0.08695652173913043,0.34782608695652173,5.92,8.0,False,False,0.1302909106016159,0.2608695652173913
C3_2,it0077,0.4346381723880768,0.35816606879234314,0.25,0.08333333333333333,4.8,6.08,False,False,-0.07647210359573364,-0.16666666666666669
C3_2,it0078,0.29015979170799255,0.30412694811820984,0.14285714285714285,0.09523809523809523,7.36,10.0,False,False,0.013967156410217285,-0.047619047619047616
C3_2,it0079,0.6149827837944031,0.46634718775749207,0.041666666666666664,0.0,9.12,10.24,False,False,-0.148635596036911,-0.041666666666666664
C3_2,it0080,0.22378024458885193,0.15858900547027588,0.12195121951219512,0.3170731707317073,12.0,14.08,False,False,-0.06519123911857605,0.1951219512195122
C3_2,it0081,0.2534376382827759,0.35214874148368835,0.10714285714285714,0.03571428571428571,8.24,7.76,False,False,0.09871110320091248,-0.07142857142857142
C3_2,it0082,0.36150282621383667,0.45736128091812134,0.0,0.11764705882352941,6.56,6.96,False,False,0.09585845470428467,0.11764705882352941
C3_2,it0083,0.331383615732193,0.3015871047973633,0.058823529411764705,0.0,12.4,14.72,False,False,-0.029796510934829712,-0.058823529411764705
C3_2,it0084,0.4864560663700104,0.4681937098503113,0.022222222222222223,0.044444444444444446,12.56,10.96,False,False,-0.018262356519699097,0.022222222222222223
C3_2,it0085,0.3849080204963684,0.4779893159866333,0.07142857142857142,0.0,4.72,5.6,False,False,0.09308129549026489,-0.07142857142857142
C3_2,it0086,0.5018711686134338,0.4307619631290436,0.17647058823529413,0.6470588235294118,4.64,8.56,False,False,-0.07110920548439026,0.47058823529411764
C3_2,it0087,0.6713893413543701,0.667009711265564,0.4375,0.1875,4.48,9.52,False,False,-0.004379630088806152,-0.25
C3_2,it0088,0.3768535256385803,0.3788835406303406,0.047619047619047616,0.0,6.4,8.0,False,False,0.002030014991760254,-0.047619047619047616
C3_2,it0089,0.1727343499660492,0.07265247404575348,0.041666666666666664,0.08333333333333333,7.68,7.92,False,False,-0.10008187592029572,0.041666666666666664
C3_2,it0090,0.5721306800842285,0.6546770930290222,0.058823529411764705,0.058823529411764705,6.24,6.8,False,False,0.0825464129447937,0.0
C3_2,it0091,0.49306362867355347,0.38904663920402527,0.03225806451612903,0.0967741935483871,9.2,7.68,False,False,-0.1040169894695282,0.06451612903225806
C3_2,it0092,0.3108599781990051,0.42251354455947876,0.17142857142857143,0.02857142857142857,10.32,10.0,False,False,0.11165356636047363,-0.14285714285714285
C3_2,it0093,0.3803024888038635,0.3029671311378479,0.15789473684210525,0.0,5.76,4.48,False,False,-0.07733535766601562,-0.15789473684210525
C3_2,it0094,0.34908315539360046,0.4735927879810333,0.23076923076923078,0.0,5.12,4.56,False,False,0.12450963258743286,-0.23076923076923078
C3_2,it0095,0.6004924178123474,0.48594892024993896,0.047619047619047616,0.23809523809523808,6.64,6.72,False,False,-0.11454349756240845,0.19047619047619047
C3_2,it0096,0.3268623352050781,0.5031923651695251,0.5,0.5909090909090909,6.48,8.48,False,False,0.17633002996444702,0.09090909090909094
C3_2,it0097,0.5663505792617798,0.5424965620040894,0.1,0.0,6.56,7.6,False,False,-0.02385401725769043,-0.1
C3_2,it0098,0.28287243843078613,0.3647092580795288,0.1111111111111111,0.1111111111111111,9.12,10.64,False,False,0.08183681964874268,0.0
C3_2,it0099,0.18285128474235535,0.1595488339662552,0.0,0.0,6.16,6.24,False,False,-0.02330245077610016,0.0
C3_2,it0100,0.5538325309753418,0.635071873664856,0.23076923076923078,0.0,4.64,4.24,False,False,0.08123934268951416,-0.23076923076923078
C3_2,it0101,0.22617189586162567,0.27306708693504333,0.0,0.21052631578947367,12.4,11.04,False,False,0.046895191073417664,0.21052631578947367
C3_2,it0102,0.30548396706581116,0.35872870683670044,0.0,0.0,4.96,6.72,False,False,0.05324473977088928,0.0
C3_2,it0103,0.23872821033000946,0.3960542380809784,0.22727272727272727,0.045454545454545456,6.64,7.36,False,False,0.15732602775096893,-0.18181818181818182
C3_2,it0104,0.47287517786026,0.5346680283546448,0.0,0.041666666666666664,5.6,5.52,False,False,0.061792850494384766,0.041666666666666664
C3_2,it0105,0.523415744304657,0.46414321660995483,0.11428571428571428,0.17142857142857143,11.2,14.96,False,False,-0.05927252769470215,0.05714285714285715
C3_2,it0106,0.3609190583229065,0.4758198857307434,0.0,0.041666666666666664,6.8,9.6,False,False,0.11490082740783691,0.041666666666666664
C3_2,it0107,0.5644938945770264,0.4018087089061737,0.043478260869565216,0.043478260869565216,8.16,8.88,False,False,-0.16268518567085266,0.0
C3_2,it0108,0.2530125081539154,0.303546279668808,0.0,0.0625,5.04,7.6,False,False,0.05053377151489258,0.0625
C3_2,it0109,0.32224106788635254,0.39504170417785645,0.10526315789473684,0.05263157894736842,6.24,8.08,False,False,0.0728006362915039,-0.05263157894736842
C3_2,it0110,0.3078516125679016,0.2698538601398468,0.2,0.23333333333333334,8.56,8.24,False,False,-0.03799775242805481,0.033333333333333326
C3_2,it0111,0.09497217833995819,0.15523600578308105,0.12121212121212122,0.24242424242424243,10.16,9.04,False,False,0.060263827443122864,0.12121212121212122
C3_2,it0112,0.48624566197395325,0.5284186601638794,0.045454545454545456,0.0,14.8,13.68,False,False,0.04217299818992615,-0.045454545454545456
C3_2,it0113,0.4375624358654022,0.44531434774398804,0.022727272727272728,0.045454545454545456,14.4,12.24,False,False,0.007751911878585815,0.022727272727272728
C3_2,it0114,0.343204140663147,0.1992230862379074,0.3888888888888889,0.16666666666666666,5.52,5.84,False,False,-0.14398105442523956,-0.22222222222222224
C3_2,it0115,0.15029393136501312,0.14281395077705383,0.07142857142857142,0.0,4.08,4.4,False,False,-0.0074799805879592896,-0.07142857142857142
C3_2,it0116,0.46989357471466064,0.4204622209072113,0.058823529411764705,0.23529411764705882,4.96,12.96,False,False,-0.04943135380744934,0.1764705882352941
C3_2,it0117,0.5422037839889526,0.561501145362854,0.0,0.08823529411764706,10.24,10.48,False,False,0.019297361373901367,0.08823529411764706
C3_2,it0118,0.584050178527832,0.5284935235977173,0.23076923076923078,0.17307692307692307,14.96,12.32,False,False,-0.055556654930114746,-0.05769230769230771
C3_2,it0119,0.4166218936443329,0.5158255100250244,0.07142857142857142,0.0,4.64,6.72,False,False,0.09920361638069153,-0.07142857142857142
C3_2,it0120,0.47394850850105286,0.43854570388793945,0.06666666666666667,0.13333333333333333,5.76,8.0,False,False,-0.0354028046131134,0.06666666666666667
C3_2,it0121,0.35154807567596436,0.35664287209510803,0.25,0.25,6.24,6.4,False,False,0.005094796419143677,0.0
C3_2,it0122,0.27671289443969727,0.38093459606170654,0.2727272727272727,0.36363636363636365,8.32,8.16,False,False,0.10422170162200928,0.09090909090909094
C3_2,it0123,0.4280838370323181,0.4844225347042084,0.0,0.0,5.12,4.48,False,False,0.05633869767189026,0.0
C3_2,it0124,0.455177903175354,0.28429538011550903,0.21212121212121213,0.24242424242424243,11.92,7.44,False,False,-0.17088252305984497,0.030303030303030304
C3_2,it0125,0.3606947064399719,0.3239274322986603,0.1282051282051282,0.1282051282051282,11.52,14.56,False,False,-0.036767274141311646,0.0
C3_2,it0126,0.38680416345596313,0.45152416825294495,0.125,0.0,4.24,6.4,False,False,0.06472000479698181,-0.125
C3_2,it0127,0.28259867429733276,0.21964922547340393,0.0,0.0,5.44,5.44,False,False,-0.06294944882392883,0.0
C3_2,it0128,0.3603896498680115,0.3420809805393219,0.0,0.0,5.04,5.84,False,False,-0.018308669328689575,0.0
C3_2,it0129,0.1831512451171875,0.3069800138473511,0.0,0.0,5.76,6.8,False,False,0.12382876873016357,0.0
C3_2,it0130,0.2869783341884613,0.2840425372123718,0.1,0.0,4.08,7.44,False,False,-0.0029357969760894775,-0.1
C3_2,it0131,0.1671162247657776,0.2062169909477234,0.03225806451612903,0.22580645161290322,10.4,9.76,False,False,0.0391007661819458,0.1935483870967742
C3_2,it0132,0.2400771975517273,0.22512327134609222,0.0,0.0,4.48,8.0,False,False,-0.01495392620563507,0.0
C3_2,it0133,0.46884238719940186,0.5545538663864136,0.0,0.0,8.4,10.0,False,False,0.08571147918701172,0.0
C3_2,it0134,0.31266626715660095,0.43549445271492004,0.05263157894736842,0.07894736842105263,11.76,11.84,False,False,0.12282818555831909,0.02631578947368421
C3_2,it0135,0.39050164818763733,0.4637121856212616,0.15384615384615385,0.48717948717948717,11.52,9.84,False,False,0.07321053743362427,0.3333333333333333
C3_2,it0136,0.4160076379776001,0.5825653076171875,0.0,0.0,6.64,10.4,False,False,0.1665576696395874,0.0
C3_2,it0137,0.37827160954475403,0.43011602759361267,0.16666666666666666,0.16666666666666666,4.24,9.84,False,False,0.05184441804885864,0.0
C3_2,it0138,0.616524875164032,0.5701465010643005,0.3888888888888889,0.2222222222222222,5.92,6.8,False,False,-0.046378374099731445,-0.16666666666666669
C3_2,it0139,0.25803089141845703,0.42866864800453186,0.05555555555555555,0.0,5.68,6.0,False,False,0.17063775658607483,-0.05555555555555555
C3_2,it0140,0.2740951180458069,0.3053770661354065,0.08333333333333333,0.125,7.84,9.36,False,False,0.03128194808959961,0.04166666666666667
C3_2,it0141,0.5620214939117432,0.6633429527282715,0.1,0.13333333333333333,9.92,9.12,False,False,0.10132145881652832,0.033333333333333326
C3_2,it0142,0.13426129519939423,0.267801433801651,0.0,0.52,6.72,6.96,False,False,0.13354013860225677,0.52
C3_2,it0143,0.3684985041618347,0.40948686003685,0.0,0.0625,5.28,5.84,False,False,0.04098835587501526,0.0625
C3_2,it0144,0.2693483233451843,0.33726048469543457,0.14285714285714285,0.0,9.04,9.12,False,False,0.06791216135025024,-0.14285714285714285
C3_2,it0145,0.6712151765823364,0.6082213521003723,0.025,0.0,13.12,12.64,False,False,-0.06299382448196411,-0.025
C3_2,it0146,0.3433094620704651,0.38341018557548523,0.0,0.05,5.52,7.76,False,False,0.04010072350502014,0.05
C3_2,it0147,0.25674164295196533,0.5070805549621582,0.0,0.0,6.0,8.72,False,False,0.25033891201019287,0.0
C3_2,it0148,0.168217733502388,0.16676339507102966,0.14285714285714285,0.10714285714285714,8.56,5.92,False,False,-0.0014543384313583374,-0.03571428571428571
C3_2,it0149,0.33329591155052185,0.3957963287830353,0.14285714285714285,0.42857142857142855,4.08,3.44,False,False,0.06250041723251343,0.2857142857142857
C3_2,it0150,0.3706967830657959,0.50496506690979,0.11538461538461539,0.038461538461538464,7.52,6.56,False,False,0.13426828384399414,-0.07692307692307693
C3_2,it0151,0.6036684513092041,0.5252075791358948,0.058823529411764705,0.0,5.04,4.4,False,False,-0.07846087217330933,-0.058823529411764705
C3_2,it0152,0.24481993913650513,0.5468123555183411,0.0,0.0,5.44,6.16,False,False,0.30199241638183594,0.0
C3_2,it0153,0.4550014138221741,0.361558735370636,0.09523809523809523,0.30952380952380953,13.52,11.44,False,False,-0.09344267845153809,0.2142857142857143
C3_2,it0154,0.09327786415815353,0.1484641581773758,0.05263157894736842,0.10526315789473684,5.92,6.24,False,False,0.05518629401922226,0.05263157894736842
C3_2,it0155,0.22654856741428375,0.1886865645647049,0.03571428571428571,0.14285714285714285,8.16,11.68,False,False,-0.03786200284957886,0.10714285714285714
C3_2,it0156,0.16602855920791626,0.19647233188152313,0.09523809523809523,0.0,7.2,7.84,False,False,0.030443772673606873,-0.09523809523809523
C3_2,it0157,0.45434144139289856,0.5829622149467468,0.06976744186046512,0.37209302325581395,13.84,13.36,False,False,0.12862077355384827,0.3023255813953488
C3_2,it0158,0.3087645471096039,0.2434864044189453,0.15789473684210525,0.10526315789473684,6.08,8.0,False,False,-0.06527814269065857,-0.05263157894736842
C3_2,it0159,0.36667847633361816,0.41932135820388794,0.2857142857142857,0.14285714285714285,4.24,5.12,False,False,0.052642881870269775,-0.14285714285714285
C3_2,it0160,0.3355146050453186,0.4766530394554138,0.0967741935483871,0.16129032258064516,8.96,9.76,False,False,0.14113843441009521,0.06451612903225806
C3_2,it0161,0.2774612307548523,0.2540932893753052,0.10344827586206896,0.10344827586206896,7.84,7.84,False,False,-0.02336794137954712,0.0
C3_2,it0162,0.19272246956825256,0.1837499439716339,0.037037037037037035,0.18518518518518517,7.44,6.4,False,False,-0.008972525596618652,0.14814814814814814
C3_2,it0163,0.3654926121234894,0.4426470696926117,0.058823529411764705,0.0,4.4,4.96,False,False,0.07715445756912231,-0.058823529411764705
C3_2,it0164,0.29286423325538635,0.23812104761600494,0.0,0.06451612903225806,8.4,6.48,False,False,-0.05474318563938141,0.06451612903225806
C3_2,it0165,0.16541102528572083,0.18144038319587708,0.06060606060606061,0.21212121212121213,12.32,14.96,False,False,0.01602935791015625,0.15151515151515152
C3_2,it0166,0.4158741235733032,0.3269627094268799,0.25,0.0,4.16,9.6,False,False,-0.08891141414642334,-0.25
C3_2,it0167,0.4346188008785248,0.48055681586265564,0.05263157894736842,0.21052631578947367,6.0,7.12,False,False,0.04593801498413086,0.15789473684210525
C3_2,it0168,0.17183957993984222,0.29879075288772583,0.0,0.0,4.16,3.44,False,False,0.1269511729478836,0.0
C3_2,it0169,0.2488292157649994,0.3844752907752991,0.15,0.0,6.4,8.56,False,False,0.13564607501029968,-0.15
C3_2,it0170,0.25738847255706787,0.328926146030426,0.23529411764705882,0.23529411764705882,5.2,6.56,False,False,0.07153767347335815,0.0
C3_2,it0171,0.5224541425704956,0.5258419513702393,0.09523809523809523,0.09523809523809523,7.44,6.0,False,False,0.0033878087997436523,0.0
C3_2,it0172,0.2509187161922455,0.1596786081790924,0.0,0.0,7.68,6.88,False,False,-0.09124010801315308,0.0
C3_2,it0173,0.6252449750900269,0.609412431716919,0.0,0.03333333333333333,9.12,8.08,False,False,-0.01583254337310791,0.03333333333333333
C3_2,it0174,0.32822614908218384,0.3252612352371216,0.0,0.0,4.96,4.8,False,False,-0.002964913845062256,0.0
C3_2,it0175,0.24682530760765076,0.2760520279407501,0.06666666666666667,0.13333333333333333,5.12,9.76,False,False,0.029226720333099365,0.06666666666666667
C3_2,it0176,0.3394368588924408,0.3554227352142334,0.3333333333333333,0.0,5.04,5.68,False,False,0.015985876321792603,-0.3333333333333333
C3_2,it0177,0.4295569062232971,0.17719630897045135,0.05263157894736842,0.0,5.28,5.28,False,False,-0.25236059725284576,-0.05263157894736842
C3_2,it0178,0.3304761052131653,0.39105167984962463,0.7058823529411765,0.47058823529411764,5.84,4.0,False,False,0.06057557463645935,-0.23529411764705888
C3_2,it0179,0.5305286049842834,0.6302266716957092,0.16129032258064516,0.12903225806451613,11.12,10.4,False,False,0.09969806671142578,-0.03225806451612903
C3_2,it0180,0.4874456226825714,0.4910002648830414,0.0,0.07142857142857142,4.32,4.32,False,False,0.0035546422004699707,0.07142857142857142
C3_2,it0181,0.491635262966156,0.5334423184394836,0.024390243902439025,0.0975609756097561,12.96,14.96,False,False,0.04180705547332764,0.07317073170731708
C3_2,it0182,0.41367772221565247,0.42629340291023254,0.04,0.28,6.8,5.04,False,False,0.012615680694580078,0.24000000000000002
C3_2,it0183,0.4812476933002472,0.5124154090881348,0.0,0.0,6.48,5.68,False,False,0.031167715787887573,0.0
C3_2,it0184,0.2555592358112335,0.33167412877082825,0.13333333333333333,0.13333333333333333,4.96,4.64,False,False,0.07611489295959473,0.0
C3_2,it0185,0.45123958587646484,0.4206213355064392,0.03225806451612903,0.0967741935483871,9.92,6.32,False,False,-0.030618250370025635,0.06451612903225806
C3_2,it0186,0.3215232789516449,0.591809868812561,0.0,0.125,6.08,5.84,False,False,0.27028658986091614,0.125
C3_2,it0187,0.4640424847602844,0.3984360694885254,0.0625,0.125,4.56,4.0,False,False,-0.06560641527175903,0.0625
C3_2,it0188,0.4539133906364441,0.523622453212738,0.0,0.1111111111111111,4.96,5.2,False,False,0.06970906257629395,0.1111111111111111
C3_2,it0189,0.31405800580978394,0.3473826050758362,0.05,0.0,5.6,5.04,False,False,0.033324599266052246,-0.05
C3_2,it0190,0.504761278629303,0.5930972099304199,0.0,0.0,5.92,5.68,False,False,0.08833593130111694,0.0
C3_2,it0191,0.3120999336242676,0.2997121214866638,0.04,0.04,8.24,6.32,False,False,-0.01238781213760376,0.0
C3_2,it0192,0.4881877899169922,0.5949966311454773,0.037037037037037035,0.07407407407407407,7.68,7.04,False,False,0.10680884122848511,0.037037037037037035
C3_2,it0193,0.2778663635253906,0.2135809063911438,0.375,0.375,5.68,5.2,False,False,-0.06428545713424683,0.0
C3_2,it0194,0.578764021396637,0.5532659292221069,0.047619047619047616,0.0,6.56,5.44,False,False,-0.02549809217453003,-0.047619047619047616
C3_2,it0195,0.39982137084007263,0.48941606283187866,0.5,0.3076923076923077,8.64,6.48,False,False,0.08959469199180603,-0.1923076923076923
C3_2,it0196,0.33880025148391724,0.36702588200569153,0.21428571428571427,0.21428571428571427,6.88,10.4,False,False,0.028225630521774292,0.0
C3_2,it0197,0.2871113717556,0.3306557238101959,0.09090909090909091,0.09090909090909091,4.72,5.76,False,False,0.04354435205459595,0.0
C3_2,it0198,0.07041282951831818,0.21041585505008698,0.0,0.0,4.48,5.76,False,False,0.1400030255317688,0.0
C3_2,it0199,0.4574798345565796,0.4931533932685852,0.058823529411764705,0.0,6.08,6.56,False,False,0.035673558712005615,-0.058823529411764705
C3_2,it0200,0.4273872375488281,0.4173234701156616,0.22727272727272727,0.0,7.28,7.12,False,False,-0.010063767433166504,-0.22727272727272727
C3_2,it0201,0.32774099707603455,0.3085041642189026,0.05555555555555555,0.16666666666666666,5.92,5.92,False,False,-0.019236832857131958,0.1111111111111111
C3_2,it0202,0.4094850718975067,0.5117707848548889,0.0,0.0,4.72,6.64,False,False,0.1022857129573822,0.0
C3_2,it0203,0.4043413996696472,0.3858437240123749,0.11538461538461539,0.07692307692307693,6.88,6.72,False,False,-0.01849767565727234,-0.038461538461538464
C3_2,it0204,0.342965304851532,0.41481098532676697,0.16,0.28,8.16,5.52,False,False,0.07184568047523499,0.12000000000000002
C3_2,it0205,0.4836595952510834,0.5067831873893738,0.25,0.25,6.96,8.88,False,False,0.023123592138290405,0.0
C3_2,it0206,0.5302008390426636,0.5194207429885864,0.06060606060606061,0.06060606060606061,9.84,6.64,False,False,-0.010780096054077148,0.0
C3_2,it0207,0.4037697911262512,0.3101830780506134,0.2777777777777778,0.05555555555555555,5.92,7.76,False,False,-0.09358671307563782,-0.22222222222222224
C3_2,it0208,0.28746461868286133,0.3027332127094269,0.1935483870967742,0.25806451612903225,11.28,8.96,False,False,0.015268594026565552,0.06451612903225806
C3_2,it0209,0.5139076709747314,0.5124684572219849,0.04,0.04,7.44,9.92,False,False,-0.001439213752746582,0.0
C3_2,it0210,0.2414717972278595,0.40393853187561035,0.07142857142857142,0.30952380952380953,11.92,9.44,False,False,0.16246673464775085,0.2380952380952381
C3_2,it0211,0.550179660320282,0.6218127608299255,0.029411764705882353,0.14705882352941177,11.44,14.32,False,False,0.07163310050964355,0.11764705882352941
C3_2,it0212,0.3012309968471527,0.10447485744953156,0.05263157894736842,0.0,5.28,6.24,False,False,-0.19675613939762115,-0.05263157894736842
C3_2,it0213,0.43936887383461,0.4195459187030792,0.2222222222222222,0.18518518518518517,7.68,8.8,False,False,-0.01982295513153076,-0.037037037037037035
C3_2,it0214,0.5546892285346985,0.4684702754020691,0.0,0.02564102564102564,10.8,7.76,False,False,-0.0862189531326294,0.02564102564102564
C3_2,it0215,0.2036740630865097,0.3480261266231537,0.09090909090909091,0.2727272727272727,4.88,13.84,False,False,0.14435206353664398,0.1818181818181818
C3_2,it0216,0.3183092474937439,0.3032137453556061,0.13333333333333333,0.06666666666666667,5.12,6.8,False,False,-0.015095502138137817,-0.06666666666666667
C3_2,it0217,0.2689542770385742,0.2835628390312195,0.42857142857142855,0.42857142857142855,7.12,11.84,False,False,0.014608561992645264,0.0
C3_2,it0218,0.528179943561554,0.4549882709980011,0.058823529411764705,0.058823529411764705,5.44,5.36,False,False,-0.07319167256355286,0.0
C3_2,it0219,0.26997074484825134,0.26499754190444946,0.4117647058823529,0.29411764705882354,11.04,8.08,False,False,-0.00497320294380188,-0.11764705882352938
C3_2,it0220,0.22250069677829742,0.23749494552612305,0.043478260869565216,0.0,5.68,4.32,False,False,0.014994248747825623,-0.043478260869565216
C3_2,it0221,0.3595254123210907,0.30752161145210266,0.058823529411764705,0.11764705882352941,9.76,13.44,False,False,-0.05200380086898804,0.058823529411764705
C3_2,it0222,0.3792082965373993,0.462557852268219,0.375,0.125,4.08,8.48,False,False,0.0833495557308197,-0.25
C3_2,it0223,0.5154424905776978,0.41369515657424927,0.13333333333333333,0.16666666666666666,8.4,10.96,False,False,-0.10174733400344849,0.033333333333333326
C3_2,it0224,0.2596786320209503,0.1958625763654709,0.0,0.0,5.76,6.0,False,False,-0.06381605565547943,0.0
C3_2,it0225,0.5203549861907959,0.5581463575363159,0.0,0.13636363636363635,8.16,6.4,False,False,0.03779137134552002,0.13636363636363635
C3_2,it0226,0.38923242688179016,0.4702364206314087,0.10714285714285714,0.14285714285714285,8.4,6.64,False,False,0.08100399374961853,0.03571428571428571
C3_2,it0227,0.2239629626274109,0.2998122274875641,0.35,0.45,5.36,4.96,False,False,0.0758492648601532,0.10000000000000003
C3_2,it0228,0.7067247033119202,0.6665627956390381,0.0,0.05555555555555555,5.36,5.36,False,False,-0.04016190767288208,0.05555555555555555
C3_2,it0229,0.29861950874328613,0.3559595048427582,0.13636363636363635,0.045454545454545456,6.64,6.88,False,False,0.057339996099472046,-0.0909090909090909
C3_2,it0230,0.5724851489067078,0.6480973362922668,0.04,0.12,8.0,6.48,False,False,0.07561218738555908,0.07999999999999999
C3_2,it0231,0.3592124581336975,0.31303802132606506,0.0,0.0,10.0,10.64,False,False,-0.046174436807632446,0.0
C3_2,it0232,0.18144270777702332,0.24941392242908478,0.09090909090909091,0.13636363636363635,6.88,6.32,False,False,0.06797121465206146,0.04545454545454544
C3_2,it0233,0.3382899761199951,0.39176756143569946,0.047619047619047616,0.0,6.96,6.08,False,False,0.053477585315704346,-0.047619047619047616
C3_2,it0234,0.5588588118553162,0.4642488956451416,0.10344827586206896,0.2413793103448276,10.64,8.8,False,False,-0.09460991621017456,0.13793103448275862
C3_2,it0235,0.20763513445854187,0.37907207012176514,0.3684210526315789,0.15789473684210525,6.24,8.64,False,False,0.17143693566322327,-0.21052631578947367
C3_2,it0236,0.32989710569381714,0.2830316722393036,0.06666666666666667,0.0,5.04,9.2,False,False,-0.04686543345451355,-0.06666666666666667
C3_2,it0237,0.4534141421318054,0.45968562364578247,0.0,0.058823529411764705,5.44,8.16,False,False,0.006271481513977051,0.058823529411764705
C3_2,it0238,0.4102991819381714,0.41112300753593445,0.0,0.1875,5.12,3.84,False,False,0.0008238255977630615,0.1875
C3_2,it0239,0.54510098695755,0.387844443321228,0.034482758620689655,0.1724137931034483,8.56,7.2,False,False,-0.15725654363632202,0.13793103448275862
C3_2,it0240,0.2999962568283081,0.2740824520587921,0.0,0.0,4.08,3.28,False,False,-0.02591380476951599,0.0
C3_2,it0241,0.3965979516506195,0.32088422775268555,0.3125,0.0625,4.48,7.68,False,False,-0.07571372389793396,-0.25
C3_2,it0242,0.49261754751205444,0.4010758697986603,0.05263157894736842,0.10526315789473684,6.48,6.32,False,False,-0.09154167771339417,0.05263157894736842
C3_2,it0243,0.5183425545692444,0.4645424485206604,0.07692307692307693,0.07692307692307693,4.24,6.96,False,False,-0.053800106048583984,0.0
C3_2,it0244,0.2739626467227936,0.1425037980079651,0.0625,0.125,5.04,4.32,False,False,-0.1314588487148285,0.0625
C3_2,it0245,0.4620908498764038,0.5606213808059692,0.058823529411764705,0.058823529411764705,5.12,4.48,False,False,0.09853053092956543,0.0
C3_2,it0246,0.4398430287837982,0.5438162684440613,0.18181818181818182,0.06818181818181818,12.56,13.44,False,False,0.10397323966026306,-0.11363636363636365
C3_2,it0247,0.40230780839920044,0.3779747486114502,0.23529411764705882,0.0,5.68,7.28,False,False,-0.024333059787750244,-0.23529411764705882
C3_2,it0248,0.08275775611400604,0.23552969098091125,0.0,0.10344827586206896,8.16,8.16,False,False,0.1527719348669052,0.10344827586206896
C3_2,it0249,0.5521752834320068,0.5140599608421326,0.2,0.2,6.64,5.92,False,False,-0.03811532258987427,0.0
C3_2,it0250,0.14465384185314178,0.2047509253025055,0.11904761904761904,0.4523809523809524,13.76,14.96,False,False,0.06009708344936371,0.33333333333333337
C3_2,it0251,0.4960225820541382,0.5141422152519226,0.15625,0.15625,8.16,11.44,False,False,0.018119633197784424,0.0
C3_2,it0252,0.3618813157081604,0.1885894536972046,0.4166666666666667,0.0,4.24,7.76,False,False,-0.1732918620109558,-0.4166666666666667
C3_2,it0253,0.5364022254943848,0.4811849594116211,0.46153846153846156,0.07692307692307693,4.24,6.08,False,False,-0.05521726608276367,-0.38461538461538464
C3_2,it0254,0.40541884303092957,0.5142793655395508,0.06666666666666667,0.0,10.08,7.28,False,False,0.10886052250862122,-0.06666666666666667
C3_2,it0255,0.4111383855342865,0.40145957469940186,0.03225806451612903,0.03225806451612903,11.04,12.72,False,False,-0.009678810834884644,0.0
C3_2,it0256,0.3952771723270416,0.30157607793807983,0.20588235294117646,0.20588235294117646,9.6,11.52,False,False,-0.09370109438896179,0.0
C3_2,it0257,0.3407277464866638,0.4142841398715973,0.03571428571428571,0.0,7.68,7.68,False,False,0.07355639338493347,-0.03571428571428571
C3_2,it0258,0.5361263155937195,0.622428297996521,0.0,0.09523809523809523,6.48,8.4,False,False,0.08630198240280151,0.09523809523809523
C3_2,it0259,0.34678536653518677,0.4486551582813263,0.16326530612244897,0.1836734693877551,13.28,11.2,False,False,0.10186979174613953,0.020408163265306145
C3_2,it0260,0.5409315228462219,0.5220452547073364,0.13333333333333333,0.06666666666666667,4.48,6.56,False,False,-0.018886268138885498,-0.06666666666666667
C3_2,it0261,0.5640612840652466,0.5501446723937988,0.0,0.037037037037037035,11.44,8.64,False,False,-0.013916611671447754,0.037037037037037035
C3_2,it0262,0.3732423782348633,0.23237508535385132,0.3333333333333333,0.18518518518518517,8.16,6.96,False,False,-0.14086729288101196,-0.14814814814814814
C3_2,it0263,0.4489775002002716,0.48245441913604736,0.05,0.0,5.68,5.6,False,False,0.03347691893577576,-0.05
C3_2,it0264,0.3600689768791199,0.46005871891975403,0.1875,0.0,4.72,5.84,False,False,0.09998974204063416,-0.1875
C3_2,it0265,0.47514742612838745,0.3057321310043335,0.2222222222222222,0.05555555555555555,11.76,14.96,False,False,-0.16941529512405396,-0.16666666666666666
C3_2,it0266,0.40840378403663635,0.324884295463562,0.04,0.0,7.92,8.24,False,False,-0.08351948857307434,-0.04
C3_2,it0267,0.39243802428245544,0.3866415023803711,0.0,0.037037037037037035,8.56,10.4,False,False,-0.005796521902084351,0.037037037037037035
C3_2,it0268,0.48799586296081543,0.31917378306388855,0.30303030303030304,0.18181818181818182,9.36,9.92,False,False,-0.16882207989692688,-0.12121212121212122
C3_2,it0269,0.567041277885437,0.476773738861084,0.20833333333333334,0.2916666666666667,7.76,5.76,False,False,-0.09026753902435303,0.08333333333333334
C3_2,it0270,0.6460280418395996,0.5755981206893921,0.0,0.10256410256410256,11.6,8.72,False,False,-0.07042992115020752,0.10256410256410256
C3_2,it0271,0.23509745299816132,0.34471213817596436,0.4666666666666667,0.13333333333333333,4.24,8.56,False,False,0.10961468517780304,-0.33333333333333337
C3_2,it0272,0.36612507700920105,0.24953703582286835,0.20588235294117646,0.058823529411764705,9.2,8.56,False,False,-0.1165880411863327,-0.14705882352941174
C3_2,it0273,0.34145262837409973,0.2639422118663788,0.0,0.0,5.92,5.12,False,False,-0.07751041650772095,0.0
C3_2,it0274,0.2893825173377991,0.40056777000427246,0.4230769230769231,0.23076923076923078,10.32,7.2,False,False,0.11118525266647339,-0.1923076923076923
C3_2,it0275,0.5809134244918823,0.5496003031730652,0.0,0.1875,7.68,7.28,False,False,-0.03131312131881714,0.1875
C3_2,it0276,0.6404085159301758,0.4990217983722687,0.08333333333333333,0.08333333333333333,4.08,4.32,False,False,-0.1413867175579071,0.0
C3_2,it0277,0.328788161277771,0.23777568340301514,0.0625,0.25,13.52,10.08,False,False,-0.09101247787475586,0.1875
C3_2,it0278,0.3050258755683899,0.3692074120044708,0.17857142857142858,0.25,7.92,8.64,False,False,0.06418153643608093,0.07142857142857142
C3_2,it0279,0.5865558981895447,0.5088286399841309,0.18421052631578946,0.2631578947368421,12.16,12.48,False,False,-0.07772725820541382,0.07894736842105263
C3_2,it0280,0.39389854669570923,0.2565377950668335,0.2222222222222222,0.05555555555555555,6.4,5.36,False,False,-0.13736075162887573,-0.16666666666666666
C3_2,it0281,0.33562132716178894,0.3580191731452942,0.09090909090909091,0.0,4.0,2.72,False,False,0.02239784598350525,-0.09090909090909091
C3_2,it0282,0.45637285709381104,0.3664782643318176,0.16,0.24,6.32,6.4,False,False,-0.08989459276199341,0.07999999999999999
C3_2,it0283,0.5290316939353943,0.4689800441265106,0.0625,0.125,5.36,4.56,False,False,-0.06005164980888367,0.0625
C3_2,it0284,0.1823340207338333,0.16338078677654266,0.11538461538461539,0.19230769230769232,8.88,7.92,False,False,-0.01895323395729065,0.07692307692307693
C3_2,it0285,0.5166753530502319,0.46527549624443054,0.024390243902439025,0.04878048780487805,13.2,12.88,False,False,-0.05139985680580139,0.024390243902439025
C3_2,it0286,0.2721605598926544,0.2162582129240036,0.10714285714285714,0.10714285714285714,8.48,8.56,False,False,-0.05590234696865082,0.0
C3_2,it0287,0.6250078082084656,0.5613215565681458,0.2727272727272727,0.3181818181818182,7.84,8.96,False,False,-0.06368625164031982,0.04545454545454547
C3_2,it0288,0.6269033551216125,0.568623423576355,0.3181818181818182,0.3181818181818182,14.24,13.68,False,False,-0.05827993154525757,0.0
C3_2,it0289,0.5051826238632202,0.44294223189353943,0.1111111111111111,0.0,5.68,9.52,False,False,-0.062240391969680786,-0.1111111111111111
C3_2,it0290,0.43769100308418274,0.29378950595855713,0.16666666666666666,0.23809523809523808,12.08,11.28,False,False,-0.1439014971256256,0.07142857142857142
C3_2,it0291,0.16084101796150208,0.3253457546234131,0.05555555555555555,0.0,5.44,9.28,False,False,0.164504736661911,-0.05555555555555555
C3_2,it0292,0.34839528799057007,0.32039400935173035,0.02857142857142857,0.14285714285714285,11.12,9.36,False,False,-0.02800127863883972,0.11428571428571428
C3_2,it0293,0.20765992999076843,0.2207234501838684,0.041666666666666664,0.041666666666666664,6.56,5.36,False,False,0.013063520193099976,0.0
C3_2,it0294,0.3149805963039398,0.38185960054397583,0.1111111111111111,0.0,6.48,7.28,False,False,0.06687900424003601,-0.1111111111111111
C3_2,it0295,0.4352070093154907,0.45017948746681213,0.05660377358490566,0.22641509433962265,14.24,11.68,False,False,0.014972478151321411,0.169811320754717
C3_2,it0296,0.5535652041435242,0.4484938383102417,0.1875,0.5625,13.44,8.72,False,False,-0.10507136583328247,0.375
C3_2,it0297,0.23446933925151825,0.33532851934432983,0.2,0.16,7.44,8.48,False,False,0.10085918009281158,-0.04000000000000001
C3_2,it0298,0.5458473563194275,0.4673738479614258,0.0,0.16666666666666666,6.08,4.16,False,False,-0.07847350835800171,0.16666666666666666
C3_2,it0299,0.5953647494316101,0.5868318676948547,0.0,0.0,11.36,10.56,False,False,-0.008532881736755371,0.0
C3_2,it0300,0.298359751701355,0.2658461332321167,0.0,0.0,6.32,5.6,False,False,-0.03251361846923828,0.0
C3_2,it0301,0.3136603534221649,0.37385815382003784,0.09375,0.125,9.84,9.28,False,False,0.060197800397872925,0.03125
C3_2,it0302,0.5562828183174133,0.42370834946632385,0.16666666666666666,0.047619047619047616,11.28,13.68,False,False,-0.13257446885108948,-0.11904761904761904
C3_2,it0303,0.3801681697368622,0.4155004024505615,0.2,0.2,6.56,6.64,False,False,0.03533223271369934,0.0
C3_2,it0304,0.23323141038417816,0.3884139657020569,0.15384615384615385,0.3076923076923077,5.44,4.96,False,False,0.15518255531787872,0.15384615384615385
C3_2,it0305,0.19526636600494385,0.3320685029029846,0.06666666666666667,0.13333333333333333,12.8,14.96,False,False,0.13680213689804077,0.06666666666666667
C3_2,it0306,0.37287917733192444,0.4042569100856781,0.047619047619047616,0.047619047619047616,6.56,6.72,False,False,0.03137773275375366,0.0
C3_2,it0307,0.2502427101135254,0.3502890467643738,0.0,0.21428571428571427,5.04,6.72,False,False,0.10004633665084839,0.21428571428571427
C3_2,it0308,0.47502410411834717,0.49729305505752563,0.29411764705882354,0.17647058823529413,10.4,7.52,False,False,0.022268950939178467,-0.11764705882352941
C3_2,it0309,0.44205376505851746,0.46301892399787903,0.15384615384615385,0.0,5.2,3.84,False,False,0.020965158939361572,-0.15384615384615385
C3_2,it0310,0.5050603151321411,0.3906303346157074,0.16666666666666666,0.3,8.48,5.52,False,False,-0.11442998051643372,0.13333333333333333
C3_2,it0311,0.2945588231086731,0.30038708448410034,0.19047619047619047,0.38095238095238093,5.84,3.44,False,False,0.005828261375427246,0.19047619047619047
C3_2,it0312,0.6390061378479004,0.6472761631011963,0.30952380952380953,0.21428571428571427,12.24,12.4,False,False,0.008270025253295898,-0.09523809523809526
C3_2,it0313,0.42219746112823486,0.5205591917037964,0.058823529411764705,0.0,4.96,7.76,False,False,0.09836173057556152,-0.058823529411764705
C3_2,it0314,0.2755226790904999,0.18185245990753174,0.12,0.08,6.32,5.76,False,False,-0.09367021918296814,-0.039999999999999994
C3_2,it0315,0.18043608963489532,0.27046725153923035,0.04,0.04,7.92,8.0,False,False,0.09003116190433502,0.0
C3_2,it0316,0.4290405511856079,0.39589160680770874,0.20833333333333334,0.10416666666666667,13.28,14.96,False,False,-0.03314894437789917,-0.10416666666666667
C3_2,it0317,0.36199718713760376,0.34524062275886536,0.0,0.0,8.16,9.28,False,False,-0.016756564378738403,0.0
C3_2,it0318,0.1998670995235443,0.2397395521402359,0.3125,0.375,5.04,13.84,False,False,0.03987245261669159,0.0625
C3_2,it0319,0.30660316348075867,0.5120782852172852,0.0,0.0,5.6,8.48,False,False,0.2054751217365265,0.0
C3_2,it0320,0.530059278011322,0.5607785582542419,0.11538461538461539,0.11538461538461539,8.0,8.32,False,False,0.030719280242919922,0.0
C3_2,it0321,0.03241179883480072,0.18447458744049072,0.0,0.0,5.12,4.08,False,False,0.15206278860569,0.0
C3_2,it0322,0.5394145846366882,0.5554900169372559,0.4117647058823529,0.23529411764705882,4.72,12.56,False,False,0.016075432300567627,-0.1764705882352941
C3_2,it0323,0.5114732980728149,0.46847429871559143,0.0,0.1,6.96,9.04,False,False,-0.04299899935722351,0.1
C3_2,it0324,0.4532390236854553,0.39223983883857727,0.0,0.05555555555555555,5.92,6.08,False,False,-0.06099918484687805,0.05555555555555555
C3_2,it0325,0.20608972012996674,0.26622968912124634,0.06818181818181818,0.11363636363636363,12.8,12.0,False,False,0.0601399689912796,0.045454545454545456
C3_2,it0326,0.2044677436351776,0.3300599753856659,0.041666666666666664,0.3333333333333333,5.92,7.04,False,False,0.12559223175048828,0.29166666666666663
C3_2,it0327,0.44207918643951416,0.2485664039850235,0.0,0.0,4.56,4.48,False,False,-0.19351278245449066,0.0
C3_2,it0328,0.4203813374042511,0.4355427622795105,0.3448275862068966,0.3448275862068966,8.0,5.36,False,False,0.0151614248752594,0.0
C3_2,it0329,0.3810833692550659,0.41966569423675537,0.0,0.16666666666666666,4.24,8.4,False,False,0.03858232498168945,0.16666666666666666
C3_2,it0330,0.44910165667533875,0.5139639377593994,0.029411764705882353,0.058823529411764705,9.6,8.32,False,False,0.06486228108406067,0.029411764705882353
C3_2,it0331,0.30698952078819275,0.3613658845424652,0.037037037037037035,0.07407407407407407,8.88,11.68,False,False,0.05437636375427246,0.037037037037037035
C3_2,it0332,0.41906511783599854,0.42570334672927856,0.16666666666666666,0.08333333333333333,4.0,5.36,False,False,0.006638228893280029,-0.08333333333333333
C3_2,it0333,0.513572096824646,0.45948028564453125,0.21951219512195122,0.0975609756097561,12.24,12.88,False,False,-0.054091811180114746,-0.12195121951219512
C3_2,it0334,0.3957544267177582,0.38004666566848755,0.14583333333333334,0.2708333333333333,13.76,14.96,False,False,-0.01570776104927063,0.12499999999999997
C3_2,it0335,0.38593149185180664,0.5124142169952393,0.0,0.0,4.48,5.76,False,False,0.12648272514343262,0.0
C3_2,it0336,0.5227967500686646,0.4707655906677246,0.02857142857142857,0.0,11.84,9.44,False,False,-0.05203115940093994,-0.02857142857142857
C3_2,it0337,0.35535523295402527,0.2908041179180145,0.1794871794871795,0.02564102564102564,13.44,12.64,False,False,-0.06455111503601074,-0.15384615384615385
C3_2,it0338,0.36366021633148193,0.3689960837364197,0.0,0.0,6.24,6.56,False,False,0.005335867404937744,0.0
C3_2,it0339,0.4618779718875885,0.38632330298423767,0.04,0.0,7.2,8.16,False,False,-0.07555466890335083,-0.04
C3_2,it0340,0.19917048513889313,0.3709647059440613,0.07692307692307693,0.3076923076923077,4.16,4.72,False,False,0.17179422080516815,0.23076923076923078
C3_2,it0341,0.5518466830253601,0.5912002325057983,0.14285714285714285,0.07142857142857142,8.88,7.92,False,False,0.03935354948043823,-0.07142857142857142
C3_2,it0342,0.418013334274292,0.47620707750320435,0.0,0.0625,6.88,7.76,False,False,0.058193743228912354,0.0625
C3_2,it0343,0.4302234649658203,0.341882586479187,0.022222222222222223,0.044444444444444446,13.76,10.72,False,False,-0.0883408784866333,0.022222222222222223
C3_2,it0344,0.6112853288650513,0.6031688451766968,0.07692307692307693,0.23076923076923078,8.16,5.44,False,False,-0.008116483688354492,0.15384615384615385
C3_2,it0345,0.25954705476760864,0.08969549834728241,0.2962962962962963,0.25925925925925924,7.52,5.84,False,False,-0.16985155642032623,-0.037037037037037035
C3_2,it0346,0.47344112396240234,0.33083000779151917,0.13043478260869565,0.08695652173913043,6.96,5.12,False,False,-0.14261111617088318,-0.043478260869565216
C3_2,it0347,0.4819013774394989,0.5619529485702515,0.20512820512820512,0.1794871794871795,11.76,13.76,False,False,0.08005157113075256,-0.025641025641025633
C3_2,it0348,0.4388599395751953,0.30151164531707764,0.0,0.2,4.08,4.0,False,False,-0.13734829425811768,0.2
C3_2,it0349,0.5101498961448669,0.15814965963363647,0.0,0.0,12.16,14.96,False,False,-0.35200023651123047,0.0
C3_2,it0350,0.4415975511074066,0.4564356207847595,0.03571428571428571,0.17857142857142858,7.44,9.2,False,False,0.014838069677352905,0.14285714285714285
C3_2,it0351,0.4073232114315033,0.47102120518684387,0.045454545454545456,0.045454545454545456,8.4,11.6,False,False,0.06369799375534058,0.0
C3_2,it0352,0.4598662555217743,0.3652336001396179,0.0,0.125,8.64,8.08,False,False,-0.09463265538215637,0.125
C3_2,it0353,0.10548558831214905,0.2826286554336548,0.0,0.038461538461538464,6.8,7.6,False,False,0.17714306712150574,0.038461538461538464
C3_2,it0354,0.37690332531929016,0.46469202637672424,0.0,0.0,6.0,6.08,False,False,0.08778870105743408,0.0
C3_2,it0355,0.4951196014881134,0.3587490916252136,0.037037037037037035,0.07407407407407407,9.12,7.12,False,False,-0.13637050986289978,0.037037037037037035
C3_2,it0356,0.266785591840744,0.3273092210292816,0.07692307692307693,0.23076923076923078,4.48,4.88,False,False,0.0605236291885376,0.15384615384615385
C3_2,it0357,0.5114854574203491,0.48179009556770325,0.13333333333333333,0.03333333333333333,8.32,6.56,False,False,-0.029695361852645874,-0.1
C3_2,it0358,0.32095959782600403,0.39843642711639404,0.08695652173913043,0.043478260869565216,8.96,8.48,False,False,0.07747682929039001,-0.043478260869565216
C3_2,it0359,0.6058903336524963,0.6568664312362671,0.25,0.22727272727272727,13.52,10.4,False,False,0.05097609758377075,-0.022727272727272735
C3_2,it0360,0.5023836493492126,0.5779536962509155,0.0,0.0,6.96,7.76,False,False,0.07557004690170288,0.0
C3_2,it0361,0.40703314542770386,0.37021541595458984,0.35294117647058826,0.17647058823529413,6.4,5.52,False,False,-0.036817729473114014,-0.17647058823529413
C3_2,it0362,0.21867288649082184,0.4280725121498108,0.13333333333333333,0.06666666666666667,4.16,5.04,False,False,0.20939962565898895,-0.06666666666666667
C3_2,it0363,0.4990817606449127,0.5079443454742432,0.21951219512195122,0.14634146341463414,12.64,13.36,False,False,0.008862584829330444,-0.07317073170731708
C3_2,it0364,0.5806105136871338,0.558466911315918,0.08,0.24,8.4,8.56,False,False,-0.02214360237121582,0.15999999999999998
C3_2,it0365,0.3614542782306671,0.39905619621276855,0.0,0.0,4.56,5.04,False,False,0.03760191798210144,0.0
C3_2,it0366,0.3900739550590515,0.27354463934898376,0.11538461538461539,0.11538461538461539,9.04,7.68,False,False,-0.11652931571006775,0.0
C3_2,it0367,0.27770182490348816,0.29818812012672424,0.1,0.2,14.64,14.96,False,False,0.020486295223236084,0.1
C3_2,it0368,0.3162674307823181,0.4029305577278137,0.09523809523809523,0.14285714285714285,6.24,5.92,False,False,0.0866631269454956,0.047619047619047616
C3_2,it0369,0.21830244362354279,0.38254910707473755,0.0,0.0,4.72,6.08,False,False,0.16424666345119476,0.0
C3_2,it0370,0.48044490814208984,0.4540325403213501,0.12,0.28,9.68,13.44,False,False,-0.026412367820739746,0.16000000000000003
C3_2,it0371,0.04133937507867813,0.1318746954202652,0.03125,1.0,9.12,14.96,False,False,0.09053532034158707,0.96875
C3_2,it0372,0.5331772565841675,0.6751178503036499,0.06896551724137931,0.034482758620689655,8.4,7.6,False,False,0.14194059371948242,-0.034482758620689655
C3_2,it0373,0.5245067477226257,0.5815160274505615,0.037037037037037035,0.0,10.24,13.28,False,False,0.05700927972793579,-0.037037037037037035
C3_2,it0374,0.38445210456848145,0.42288169264793396,0.0,0.05555555555555555,5.68,5.92,False,False,0.038429588079452515,0.05555555555555555
C3_2,it0375,0.24465139210224152,0.24924367666244507,0.0,0.13333333333333333,4.0,4.24,False,False,0.004592284560203552,0.13333333333333333
C3_2,it0376,0.4228454828262329,0.3520473837852478,0.2222222222222222,0.16666666666666666,6.24,6.0,False,False,-0.07079809904098511,-0.05555555555555555
C3_2,it0377,0.3768416941165924,0.37250804901123047,0.16,0.16,7.84,10.08,False,False,-0.0043336451053619385,0.0
C3_2,it0378,0.4836423993110657,0.4954175055027008,0.0,0.3333333333333333,5.04,12.4,False,False,0.011775106191635132,0.3333333333333333
C3_2,it0379,0.3597638010978699,0.21137814223766327,0.0,0.0,5.28,6.48,False,False,-0.1483856588602066,0.0
C3_2,it0380,0.3979703485965729,0.27332955598831177,0.0,0.21052631578947367,4.88,5.44,False,False,-0.12464079260826111,0.21052631578947367
C3_2,it0381,0.4741508364677429,0.4439867436885834,0.07692307692307693,0.07692307692307693,4.8,6.24,False,False,-0.030164092779159546,0.0
C3_2,it0382,0.5229415893554688,0.48401179909706116,0.18181818181818182,0.18181818181818182,6.72,11.76,False,False,-0.03892979025840759,0.0
C3_2,it0383,0.39814451336860657,0.3399292528629303,0.10256410256410256,0.1794871794871795,10.56,10.56,False,False,-0.05821526050567627,0.07692307692307693
C3_2,it0384,0.13331715762615204,0.23486755788326263,0.2,0.2,4.0,4.4,False,False,0.1015504002571106,0.0
C3_2,it0385,0.10673454403877258,0.19455623626708984,0.08333333333333333,0.0,4.24,7.28,False,False,0.08782169222831726,-0.08333333333333333
C3_2,it0386,0.406290203332901,0.43186047673225403,0.0,0.14285714285714285,4.72,4.08,False,False,0.025570273399353027,0.14285714285714285
C3_2,it0387,0.22254043817520142,0.3675599694252014,0.06060606060606061,0.0,11.36,12.8,False,False,0.14501953125,-0.06060606060606061
C3_2,it0388,0.4463551938533783,0.5359135866165161,0.0,0.15789473684210525,6.64,6.32,False,False,0.08955839276313782,0.15789473684210525
C3_2,it0389,0.7294262647628784,0.677543044090271,0.08695652173913043,0.10869565217391304,14.48,14.96,False,False,-0.05188322067260742,0.021739130434782608
C3_2,it0390,0.35433429479599,0.5260756015777588,0.11627906976744186,0.11627906976744186,11.76,13.2,False,False,0.1717413067817688,0.0
C3_2,it0391,0.45108696818351746,0.4060273766517639,0.0,0.13043478260869565,8.96,9.92,False,False,-0.04505959153175354,0.13043478260869565
C3_2,it0392,0.2830599248409271,0.2616596817970276,0.38095238095238093,0.09523809523809523,7.68,7.6,False,False,-0.021400243043899536,-0.2857142857142857
C3_2,it0393,0.30578935146331787,0.3582684099674225,0.0,0.0,4.88,6.16,False,False,0.052479058504104614,0.0
C3_2,it0394,0.46404844522476196,0.4891636371612549,0.0,0.0,6.8,7.6,False,False,0.02511519193649292,0.0
C3_2,it0395,0.25288376212120056,0.4381364583969116,0.5294117647058824,0.6470588235294118,5.68,4.88,False,False,0.18525269627571106,0.11764705882352944
C3_2,it0396,0.6445214152336121,0.44039931893348694,0.35,0.1,6.24,6.96,False,False,-0.20412209630012512,-0.24999999999999997
C3_2,it0397,0.515360414981842,0.3953709006309509,0.05263157894736842,0.05263157894736842,6.4,7.04,False,False,-0.11998951435089111,0.0
C3_2,it0398,0.49475613236427307,0.3567192554473877,0.05,0.2,6.48,4.32,False,False,-0.13803687691688538,0.15000000000000002
C3_2,it0399,0.4483385980129242,0.28544163703918457,0.1111111111111111,0.05555555555555555,5.12,5.84,False,False,-0.16289696097373962,-0.05555555555555555
C4_0,it0000,0.23654744029045105,0.5466467142105103,0.08695652173913043,0.06521739130434782,12.16,9.44,False,False,0.3100992739200592,-0.021739130434782608
C4_0,it0001,0.16868239641189575,0.2571006119251251,0.5,0.7777777777777778,4.96,9.84,False,False,0.08841821551322937,0.2777777777777778
C4_0,it0002,0.11158198118209839,0.3550246059894562,0.13333333333333333,0.6666666666666666,5.12,12.32,False,False,0.2434426248073578,0.5333333333333333
C4_0,it0003,0.2992466986179352,0.3043234944343567,0.26666666666666666,0.06666666666666667,5.2,7.28,False,False,0.005076795816421509,-0.2
C4_0,it0004,0.2662813365459442,0.29982614517211914,0.125,0.125,5.2,4.8,False,False,0.03354480862617493,0.0
C4_0,it0005,0.4089370667934418,0.4539225101470947,0.0,0.07407407407407407,7.2,8.32,False,False,0.044985443353652954,0.07407407407407407
C4_0,it0006,0.2898898422718048,0.4084020256996155,0.05555555555555555,0.1111111111111111,6.48,7.2,False,False,0.11851218342781067,0.05555555555555555
C4_0,it0007,0.10714863240718842,0.2430408000946045,0.18181818181818182,0.22727272727272727,13.52,8.96,False,False,0.13589216768741608,0.04545454545454544
C4_0,it0008,0.19592149555683136,0.1233782097697258,0.19047619047619047,0.38095238095238093,6.4,5.92,False,False,-0.07254328578710556,0.19047619047619047
C4_0,it0009,0.6442052721977234,0.4759104251861572,0.1111111111111111,0.037037037037037035,7.84,6.32,False,False,-0.16829484701156616,-0.07407407407407407
C4_0,it0010,0.5012868642807007,0.5157763957977295,0.1111111111111111,0.2777777777777778,6.88,6.08,False,False,0.014489531517028809,0.16666666666666669
C4_0,it0011,0.5384188294410706,0.47787144780158997,0.0,0.0,8.08,9.68,False,False,-0.06054738163948059,0.0
C4_0,it0012,0.37814095616340637,0.2691628932952881,0.6896551724137931,0.41379310344827586,8.72,6.4,False,False,-0.10897806286811829,-0.2758620689655173
C4_0,it0013,0.5259037017822266,0.44057828187942505,0.07407407407407407,0.0,9.12,12.24,False,False,-0.08532541990280151,-0.07407407407407407
C4_0,it0014,0.42012590169906616,0.4414038062095642,0.06666666666666667,0.06666666666666667,5.68,5.2,False,False,0.021277904510498047,0.0
C4_0,it0015,0.5209680199623108,0.3150116503238678,0.11764705882352941,0.17647058823529413,4.24,3.28,False,False,-0.205956369638443,0.05882352941176472
C4_0,it0016,0.5493919849395752,0.5255663990974426,0.058823529411764705,0.08823529411764706,9.28,9.2,False,False,-0.02382558584213257,0.02941176470588236
C4_0,it0017,0.3415035009384155,0.37366706132888794,0.2,0.0,4.32,3.52,False,False,0.03216356039047241,-0.2
C4_0,it0018,0.14973914623260498,0.20755989849567413,0.029411764705882353,0.029411764705882353,10.0,9.76,False,False,0.05782075226306915,0.0
C4_0,it0019,0.4246562719345093,0.4904738664627075,0.08695652173913043,0.06521739130434782,12.56,10.16,False,False,0.06581759452819824,-0.021739130434782608
C4_0,it0020,0.1982327103614807,0.21150250732898712,0.38461538461538464,0.23076923076923078,4.24,4.64,False,False,0.013269796967506409,-0.15384615384615385
C4_0,it0021,0.39451834559440613,0.34811699390411377,0.18181818181818182,0.12121212121212122,9.76,11.52,False,False,-0.04640135169029236,-0.06060606060606061
C4_0,it0022,0.40192338824272156,0.40560606122016907,0.1,0.575,12.24,14.96,False,False,0.0036826729774475098,0.475
C4_0,it0023,0.5241333246231079,0.5628648400306702,0.1111111111111111,0.16666666666666666,4.88,3.84,False,False,0.038731515407562256,0.05555555555555555
C4_0,it0024,0.4007396399974823,0.4660925567150116,0.21428571428571427,0.21428571428571427,4.56,4.4,False,False,0.0653529167175293,0.0
C4_0,it0025,0.5287167429924011,0.5588048696517944,0.05,0.2,6.48,4.32,False,False,0.03008812665939331,0.15000000000000002
C4_0,it0026,0.35254034399986267,0.11503534018993378,0.0,0.0,4.48,4.16,False,False,-0.2375050038099289,0.0
C4_0,it0027,0.5699783563613892,0.5910773277282715,0.0,0.0625,5.04,4.88,False,False,0.021098971366882324,0.0625
C4_0,it0028,0.49167346954345703,0.4873502254486084,0.09523809523809523,0.14285714285714285,12.56,9.92,False,False,-0.004323244094848633,0.047619047619047616
C4_0,it0029,0.3800099492073059,0.25463560223579407,0.0,0.0,4.56,4.56,False,False,-0.12537434697151184,0.0
C4_0,it0030,0.38267919421195984,0.43608376383781433,0.24,0.0,7.44,5.84,False,False,0.05340456962585449,-0.24
C4_0,it0031,0.1593279093503952,0.16401633620262146,0.3888888888888889,0.0,5.68,6.96,False,False,0.004688426852226257,-0.3888888888888889
C4_0,it0032,0.5083810687065125,0.5005319714546204,0.1111111111111111,0.037037037037037035,8.56,7.36,False,False,-0.00784909725189209,-0.07407407407407407
C4_0,it0033,0.162980854511261,0.2809569239616394,0.15384615384615385,0.15384615384615385,4.72,6.16,False,False,0.11797606945037842,0.0
C4_0,it0034,0.334865927696228,0.2797561585903168,0.13333333333333333,0.3333333333333333,9.28,12.4,False,False,-0.055109769105911255,0.19999999999999998
C4_0,it0035,0.12206001579761505,0.12111278623342514,0.3076923076923077,0.3076923076923077,5.36,3.92,False,False,-0.0009472295641899109,0.0
C4_0,it0036,0.5030750036239624,0.5127127170562744,0.0,0.2777777777777778,5.52,3.36,False,False,0.009637713432312012,0.2777777777777778
C4_0,it0037,0.46060508489608765,0.6449167132377625,0.0,0.0,5.68,8.88,False,False,0.1843116283416748,0.0
C4_0,it0038,0.22913436591625214,0.24368739128112793,0.05405405405405406,0.21621621621621623,13.92,14.96,False,False,0.014553025364875793,0.16216216216216217
C4_0,it0039,0.3872947096824646,0.4810301661491394,0.07317073170731707,0.07317073170731707,13.6,14.96,False,False,0.0937354564666748,0.0
C4_0,it0040,0.23259536921977997,0.24229696393013,0.13333333333333333,0.0,4.48,6.32,False,False,0.009701594710350037,-0.13333333333333333
C4_0,it0041,0.45442095398902893,0.458159863948822,0.2727272727272727,0.13636363636363635,7.36,6.72,False,False,0.003738909959793091,-0.13636363636363635
C4_0,it0042,0.36476126313209534,0.3543016314506531,0.1111111111111111,0.18518518518518517,8.64,8.64,False,False,-0.01045963168144226,0.07407407407407407
C4_0,it0043,0.22357375919818878,0.21020740270614624,0.0,0.0,7.68,6.72,False,False,-0.013366356492042542,0.0
C4_0,it0044,0.5390443205833435,0.5445864796638489,0.32,0.32,7.36,6.8,False,False,0.005542159080505371,0.0
C4_0,it0045,0.34166330099105835,0.3426639437675476,0.1,0.16666666666666666,9.84,7.68,False,False,0.0010006427764892578,0.06666666666666665
C4_0,it0046,0.30687323212623596,0.2704240679740906,0.0625,0.0,5.92,5.52,False,False,-0.036449164152145386,-0.0625
C4_0,it0047,0.21454833447933197,0.2835935950279236,0.5,0.55,8.56,9.44,False,False,0.06904526054859161,0.050000000000000044
C4_0,it0048,0.46784454584121704,0.4838348627090454,0.1875,0.0,4.64,10.16,False,False,0.01599031686782837,-0.1875
C4_0,it0049,0.4294480085372925,0.4822128415107727,0.5454545454545454,0.18181818181818182,5.92,7.44,False,False,0.052764832973480225,-0.3636363636363636
C4_0,it0050,0.039204370230436325,0.1539144217967987,0.22727272727272727,0.8181818181818182,5.76,9.6,False,True,0.11471005156636238,0.5909090909090909
C4_0,it0051,0.29360634088516235,0.3132910430431366,0.13793103448275862,0.06896551724137931,10.08,7.52,False,False,0.019684702157974243,-0.06896551724137931
C4_0,it0052,0.1176912784576416,0.26614081859588623,0.0,0.0,4.24,6.0,False,False,0.14844954013824463,0.0
C4_0,it0053,0.3258053958415985,0.1744237244129181,0.16216216216216217,0.16216216216216217,12.56,10.88,False,False,-0.15138167142868042,0.0
C4_0,it0054,0.05789094790816307,0.15602706372737885,0.16666666666666666,0.2916666666666667,6.48,6.0,False,False,0.09813611581921577,0.12500000000000003
C4_0,it0055,0.5573837757110596,0.6469203233718872,0.038461538461538464,0.038461538461538464,7.2,8.56,False,False,0.08953654766082764,0.0
C4_0,it0056,0.19479961693286896,0.16861554980278015,0.15,0.35,7.52,10.0,False,False,-0.026184067130088806,0.19999999999999998
C4_0,it0057,0.42178431153297424,0.32765692472457886,0.08823529411764706,0.11764705882352941,10.72,7.12,False,False,-0.09412738680839539,0.029411764705882346
C4_0,it0058,0.4382891058921814,0.24625107645988464,0.08333333333333333,0.0,4.56,4.0,False,False,-0.19203802943229675,-0.08333333333333333
C4_0,it0059,0.6130980849266052,0.622698962688446,0.07142857142857142,0.32142857142857145,8.16,5.84,False,False,0.00960087776184082,0.25
C4_0,it0060,0.33482399582862854,0.29065361618995667,0.11764705882352941,0.058823529411764705,5.12,5.92,False,False,-0.044170379638671875,-0.058823529411764705
C4_0,it0061,0.531539797782898,0.6248950958251953,0.0,0.0,9.84,7.12,False,False,0.09335529804229736,0.0
C4_0,it0062,0.48457613587379456,0.6063403487205505,0.0,0.0,6.16,8.24,False,False,0.12176421284675598,0.0
C4_0,it0063,0.23063324391841888,0.45320361852645874,0.034482758620689655,0.5862068965517241,9.12,14.96,False,False,0.22257037460803986,0.5517241379310345
C4_0,it0064,0.2954622209072113,0.4600987434387207,0.05555555555555555,0.16666666666666666,5.44,5.28,False,False,0.1646365225315094,0.1111111111111111
C4_0,it0065,0.5548751354217529,0.5508578419685364,0.07692307692307693,0.0,10.8,8.8,False,False,-0.004017293453216553,-0.07692307692307693
C4_0,it0066,0.39144793152809143,0.2189866602420807,0.3333333333333333,0.23809523809523808,7.2,5.12,False,False,-0.17246127128601074,-0.09523809523809523
C4_0,it0067,0.03763969987630844,0.20701998472213745,0.16666666666666666,0.4444444444444444,4.56,5.28,False,False,0.169380284845829,0.2777777777777778
C4_0,it0068,0.5776176452636719,0.563751757144928,0.0,0.0,13.28,11.28,False,False,-0.013865888118743896,0.0
C4_0,it0069,0.25517433881759644,0.19146260619163513,0.09090909090909091,0.13636363636363635,7.52,6.08,False,False,-0.0637117326259613,0.04545454545454544
C4_0,it0070,0.308636873960495,0.44165852665901184,0.06666666666666667,0.0,4.48,4.88,False,False,0.13302165269851685,-0.06666666666666667
C4_0,it0071,0.4558987617492676,0.3617989420890808,0.2857142857142857,0.17857142857142858,7.52,4.96,False,False,-0.09409981966018677,-0.10714285714285712
C4_0,it0072,0.527786910533905,0.4803672134876251,0.045454545454545456,0.045454545454545456,8.96,11.2,False,False,-0.04741969704627991,0.0
C4_0,it0073,0.26983124017715454,0.36464759707450867,0.3448275862068966,0.5517241379310345,6.88,11.12,False,False,0.09481635689735413,0.2068965517241379
C4_0,it0074,0.3419491648674011,0.16211964190006256,0.4,0.7333333333333333,5.36,10.24,False,False,-0.17982952296733856,0.33333333333333326
C4_0,it0075,0.4353572726249695,0.41771358251571655,0.0,0.13043478260869565,7.84,11.36,False,False,-0.01764369010925293,0.13043478260869565
C4_0,it0076,0.24394957721233368,0.15643145143985748,0.782608695652174,0.08695652173913043,5.92,8.0,True,False,-0.0875181257724762,-0.6956521739130435
C4_0,it0077,0.5042893886566162,0.38413453102111816,0.25,0.3333333333333333,4.8,6.08,False,False,-0.12015485763549805,0.08333333333333331
C4_0,it0078,0.26203522086143494,0.2562336325645447,0.23809523809523808,0.09523809523809523,7.36,10.0,False,False,-0.005801588296890259,-0.14285714285714285
C4_0,it0079,0.6539113521575928,0.5942756533622742,0.0,0.16666666666666666,9.12,10.24,False,False,-0.059635698795318604,0.16666666666666666
C4_0,it0080,0.1245778277516365,0.19946438074111938,0.21951219512195122,0.12195121951219512,12.0,14.08,False,False,0.07488655298948288,-0.0975609756097561
C4_0,it0081,0.3329421281814575,0.2749881446361542,0.0,0.07142857142857142,8.24,7.76,False,False,-0.057953983545303345,0.07142857142857142
C4_0,it0082,0.44719329476356506,0.46588781476020813,0.11764705882352941,0.11764705882352941,6.56,6.96,False,False,0.018694519996643066,0.0
C4_0,it0083,0.344042032957077,0.3683024048805237,0.11764705882352941,0.0,12.4,14.72,False,False,0.024260371923446655,-0.11764705882352941
C4_0,it0084,0.5000666379928589,0.4861324429512024,0.044444444444444446,0.0,12.56,10.96,False,False,-0.013934195041656494,-0.044444444444444446
C4_0,it0085,0.4354028105735779,0.33910465240478516,0.2857142857142857,0.14285714285714285,4.72,5.6,False,False,-0.09629815816879272,-0.14285714285714285
C4_0,it0086,0.45924481749534607,0.4268188774585724,0.23529411764705882,0.11764705882352941,4.64,8.56,False,False,-0.03242594003677368,-0.11764705882352941
C4_0,it0087,0.6939456462860107,0.6311290264129639,0.1875,0.3125,4.48,9.52,False,False,-0.06281661987304688,0.125
C4_0,it0088,0.3830544650554657,0.43728402256965637,0.047619047619047616,0.19047619047619047,6.4,8.0,False,False,0.054229557514190674,0.14285714285714285
C4_0,it0089,0.1852433979511261,0.21539318561553955,0.0,0.125,7.68,7.92,False,False,0.030149787664413452,0.125
C4_0,it0090,0.4786625802516937,0.5805763006210327,0.0,0.11764705882352941,6.24,6.8,False,False,0.10191372036933899,0.11764705882352941
C4_0,it0091,0.3845466077327728,0.41763949394226074,0.12903225806451613,0.12903225806451613,9.2,7.68,False,False,0.033092886209487915,0.0
C4_0,it0092,0.43476301431655884,0.4468177258968353,0.05714285714285714,0.0,10.32,10.0,False,False,0.01205471158027649,-0.05714285714285714
C4_0,it0093,0.30257725715637207,0.3453654646873474,0.0,0.0,5.76,4.48,False,False,0.04278820753097534,0.0
C4_0,it0094,0.39801836013793945,0.5290765762329102,0.07692307692307693,0.15384615384615385,5.12,4.56,False,False,0.1310582160949707,0.07692307692307693
C4_0,it0095,0.35398170351982117,0.530359148979187,0.19047619047619047,0.0,6.64,6.72,False,False,0.17637744545936584,-0.19047619047619047
C4_0,it0096,0.3142971992492676,0.2959609031677246,0.4090909090909091,0.36363636363636365,6.48,8.48,False,False,-0.01833629608154297,-0.04545454545454547
C4_0,it0097,0.6944277286529541,0.49450135231018066,0.0,0.0,6.56,7.6,False,False,-0.19992637634277344,0.0
C4_0,it0098,0.41856148838996887,0.38748931884765625,0.3333333333333333,0.07407407407407407,9.12,10.64,False,False,-0.031072169542312622,-0.25925925925925924
C4_0,it0099,0.2118336260318756,0.08872920274734497,0.0,0.0,6.16,6.24,False,False,-0.12310442328453064,0.0
C4_0,it0100,0.5639156103134155,0.47162890434265137,0.0,0.15384615384615385,4.64,4.24,False,False,-0.09228670597076416,0.15384615384615385
C4_0,it0101,0.22196078300476074,0.2072339653968811,0.13157894736842105,0.07894736842105263,12.4,11.04,False,False,-0.014726817607879639,-0.05263157894736842
C4_0,it0102,0.37695276737213135,0.41130906343460083,0.07692307692307693,0.0,4.96,6.72,False,False,0.03435629606246948,-0.07692307692307693
C4_0,it0103,0.3307293653488159,0.42750799655914307,0.09090909090909091,0.22727272727272727,6.64,7.36,False,False,0.09677863121032715,0.13636363636363635
C4_0,it0104,0.3804979920387268,0.4411165118217468,0.08333333333333333,0.0,5.6,5.52,False,False,0.06061851978302002,-0.08333333333333333
C4_0,it0105,0.4799727201461792,0.6338695883750916,0.14285714285714285,0.2571428571428571,11.2,14.96,False,False,0.15389686822891235,0.11428571428571427
C4_0,it0106,0.4209669530391693,0.3620772659778595,0.125,0.25,6.8,9.6,False,False,-0.058889687061309814,0.125
C4_0,it0107,0.4652610421180725,0.3754088282585144,0.21739130434782608,0.08695652173913043,8.16,8.88,False,False,-0.0898522138595581,-0.13043478260869565
C4_0,it0108,0.3474549949169159,0.43133679032325745,0.0625,0.0625,5.04,7.6,False,False,0.08388179540634155,0.0
C4_0,it0109,0.43283024430274963,0.4002934694290161,0.05263157894736842,0.05263157894736842,6.24,8.08,False,False,-0.03253677487373352,0.0
C4_0,it0110,0.2176615595817566,0.41410547494888306,0.23333333333333334,0.2,8.56,8.24,False,False,0.19644391536712646,-0.033333333333333326
C4_0,it0111,0.09816424548625946,0.03831659257411957,0.3333333333333333,0.18181818181818182,10.16,9.04,False,False,-0.05984765291213989,-0.1515151515151515
C4_0,it0112,0.5468159317970276,0.5377255082130432,0.0,0.022727272727272728,14.8,13.68,False,False,-0.009090423583984375,0.022727272727272728
C4_0,it0113,0.39922896027565,0.462506502866745,0.0,0.0,14.4,12.24,False,False,0.06327754259109497,0.0
C4_0,it0114,0.4070892930030823,0.34921973943710327,0.1111111111111111,0.1111111111111111,5.52,5.84,False,False,-0.057869553565979004,0.0
C4_0,it0115,0.1068485677242279,0.2473280131816864,0.14285714285714285,0.0,4.08,4.4,False,False,0.1404794454574585,-0.14285714285714285
C4_0,it0116,0.28922832012176514,0.39618438482284546,0.058823529411764705,0.29411764705882354,4.96,12.96,False,False,0.10695606470108032,0.23529411764705882
C4_0,it0117,0.557763934135437,0.5005874633789062,0.0,0.0,10.24,10.48,False,False,-0.05717647075653076,0.0
C4_0,it0118,0.4467758536338806,0.46522361040115356,0.15384615384615385,0.21153846153846154,14.96,12.32,False,False,0.01844775676727295,0.05769230769230768
C4_0,it0119,0.4647245407104492,0.5815591216087341,0.35714285714285715,0.0,4.64,6.72,False,False,0.11683458089828491,-0.35714285714285715
C4_0,it0120,0.5568838715553284,0.5790363550186157,0.06666666666666667,0.13333333333333333,5.76,8.0,False,False,0.022152483463287354,0.06666666666666667
C4_0,it0121,0.39578977227211,0.3947924077510834,0.15,0.25,6.24,6.4,False,False,-0.0009973645210266113,0.1
C4_0,it0122,0.4399973154067993,0.3052269220352173,0.36363636363636365,0.45454545454545453,8.32,8.16,False,False,-0.13477039337158203,0.09090909090909088
C4_0,it0123,0.29806074500083923,0.52190101146698,0.17647058823529413,0.35294117647058826,5.12,4.48,False,False,0.22384026646614075,0.17647058823529413
C4_0,it0124,0.36579185724258423,0.330747127532959,0.12121212121212122,0.18181818181818182,11.92,7.44,False,False,-0.035044729709625244,0.06060606060606061
C4_0,it0125,0.42229336500167847,0.43924471735954285,0.10256410256410256,0.02564102564102564,11.52,14.56,False,False,0.01695135235786438,-0.07692307692307693
C4_0,it0126,0.3959481716156006,0.39088842272758484,0.0,0.0,4.24,6.4,False,False,-0.005059748888015747,0.0
C4_0,it0127,0.3443470895290375,0.3081919848918915,0.058823529411764705,0.058823529411764705,5.44,5.44,False,False,-0.036155104637145996,0.0
C4_0,it0128,0.38791409134864807,0.391651451587677,0.0,0.05,5.04,5.84,False,False,0.0037373602390289307,0.05
C4_0,it0129,0.2237703949213028,0.18570926785469055,0.11764705882352941,0.0,5.76,6.8,False,False,-0.038061127066612244,-0.11764705882352941
C4_0,it0130,0.3063046336174011,0.2530863881111145,0.0,0.0,4.08,7.44,False,False,-0.05321824550628662,0.0
C4_0,it0131,0.42036426067352295,0.32493212819099426,0.12903225806451613,0.3225806451612903,10.4,9.76,False,False,-0.09543213248252869,0.1935483870967742
C4_0,it0132,0.2124433070421219,0.1709943413734436,0.0,0.07142857142857142,4.48,8.0,False,False,-0.041448965668678284,0.07142857142857142
C4_0,it0133,0.4534032344818115,0.43847355246543884,0.0,0.0,8.4,10.0,False,False,-0.01492968201637268,0.0
C4_0,it0134,0.2517789900302887,0.2919367551803589,0.5526315789473685,0.0,11.76,11.84,False,False,0.04015776515007019,-0.5526315789473685
C4_0,it0135,0.2925415337085724,0.2906222641468048,0.10256410256410256,0.05128205128205128,11.52,9.84,False,False,-0.0019192695617675781,-0.05128205128205128
C4_0,it0136,0.38992276787757874,0.37513136863708496,0.1,0.0,6.64,10.4,False,False,-0.014791399240493774,-0.1
C4_0,it0137,0.2993010878562927,0.42149803042411804,0.16666666666666666,0.3333333333333333,4.24,9.84,False,False,0.12219694256782532,0.16666666666666666
C4_0,it0138,0.4999566972255707,0.38320568203926086,0.2777777777777778,0.2222222222222222,5.92,6.8,False,False,-0.11675101518630981,-0.05555555555555558
C4_0,it0139,0.31602028012275696,0.3627713918685913,0.05555555555555555,0.0,5.68,6.0,False,False,0.04675111174583435,-0.05555555555555555
C4_0,it0140,0.39947184920310974,0.4311908781528473,0.041666666666666664,0.0,7.84,9.36,False,False,0.03171902894973755,-0.041666666666666664
C4_0,it0141,0.6034376621246338,0.6082973480224609,0.13333333333333333,0.16666666666666666,9.92,9.12,False,False,0.0048596858978271484,0.033333333333333326
C4_0,it0142,0.25571128726005554,-0.011078564450144768,0.12,0.2,6.72,6.96,False,False,-0.2667898517102003,0.08000000000000002
C4_0,it0143,0.3880242109298706,0.45501938462257385,0.0625,0.0,5.28,5.84,False,False,0.06699517369270325,-0.0625
C4_0,it0144,0.20523081719875336,0.5399494171142578,0.03571428571428571,0.0,9.04,9.12,False,False,0.33471859991550446,-0.03571428571428571
C4_0,it0145,0.5254219770431519,0.5821396112442017,0.025,0.0,13.12,12.64,False,False,0.056717634201049805,-0.025
C4_0,it0146,0.45542699098587036,0.3967302739620209,0.15,0.05,5.52,7.76,False,False,-0.05869671702384949,-0.09999999999999999
C4_0,it0147,0.42965954542160034,0.38881659507751465,0.0,0.0,6.0,8.72,False,False,-0.04084295034408569,0.0
C4_0,it0148,0.05982242152094841,0.1588669717311859,0.17857142857142858,0.2857142857142857,8.56,5.92,False,False,0.0990445502102375,0.10714285714285712
C4_0,it0149,0.549515426158905,0.5096316337585449,0.14285714285714285,0.14285714285714285,4.08,3.44,False,False,-0.03988379240036011,0.0
C4_0,it0150,0.4403640329837799,0.46132493019104004,0.038461538461538464,0.07692307692307693,7.52,6.56,False,False,0.020960897207260132,0.038461538461538464
C4_0,it0151,0.4720856547355652,0.39486590027809143,0.0,0.11764705882352941,5.04,4.4,False,False,-0.07721975445747375,0.11764705882352941
C4_0,it0152,0.4443753957748413,0.3941382169723511,0.0,0.0,5.44,6.16,False,False,-0.050237178802490234,0.0
C4_0,it0153,0.4505060315132141,0.3096314072608948,0.16666666666666666,0.14285714285714285,13.52,11.44,False,False,-0.14087462425231934,-0.023809523809523808
C4_0,it0154,0.02998378686606884,0.11301057040691376,0.15789473684210525,0.05263157894736842,5.92,6.24,False,False,0.08302678354084492,-0.10526315789473684
C4_0,it0155,0.2603117525577545,0.22287705540657043,0.03571428571428571,0.10714285714285714,8.16,11.68,False,False,-0.03743469715118408,0.07142857142857142
C4_0,it0156,0.238289475440979,0.1858886033296585,0.047619047619047616,0.047619047619047616,7.2,7.84,False,False,-0.052400872111320496,0.0
C4_0,it0157,0.4452526569366455,0.47143253684043884,0.09302325581395349,0.11627906976744186,13.84,13.36,False,False,0.026179879903793335,0.023255813953488372
C4_0,it0158,0.2288379669189453,0.4346367418766022,0.10526315789473684,0.21052631578947367,6.08,8.0,False,False,0.20579877495765686,0.10526315789473684
C4_0,it0159,0.35632073879241943,0.22462472319602966,0.35714285714285715,0.14285714285714285,4.24,5.12,False,False,-0.13169601559638977,-0.2142857142857143
C4_0,it0160,0.384588360786438,0.42167770862579346,0.0,0.06451612903225806,8.96,9.76,False,False,0.03708934783935547,0.06451612903225806
C4_0,it0161,0.3817141056060791,0.23408034443855286,0.034482758620689655,0.13793103448275862,7.84,7.84,False,False,-0.14763376116752625,0.10344827586206896
C4_0,it0162,0.30882883071899414,0.2865498960018158,0.18518518518518517,0.1111111111111111,7.44,6.4,False,False,-0.022278934717178345,-0.07407407407407407
C4_0,it0163,0.3506728708744049,0.41426801681518555,0.11764705882352941,0.0,4.4,4.96,False,False,0.06359514594078064,-0.11764705882352941
C4_0,it0164,0.2259112447500229,0.18394175171852112,0.03225806451612903,0.16129032258064516,8.4,6.48,False,False,-0.04196949303150177,0.12903225806451613
C4_0,it0165,0.14300131797790527,0.36287158727645874,0.030303030303030304,0.18181818181818182,12.32,14.96,False,False,0.21987026929855347,0.15151515151515152
C4_0,it0166,0.29659420251846313,0.28994348645210266,0.08333333333333333,0.08333333333333333,4.16,9.6,False,False,-0.006650716066360474,0.0
C4_0,it0167,0.47849416732788086,0.4548274874687195,0.15789473684210525,0.15789473684210525,6.0,7.12,False,False,-0.023666679859161377,0.0
C4_0,it0168,0.24382731318473816,0.20762789249420166,0.3,0.0,4.16,3.44,False,False,-0.0361994206905365,-0.3
C4_0,it0169,0.32279837131500244,0.2633481025695801,0.15,0.1,6.4,8.56,False,False,-0.05945026874542236,-0.04999999999999999
C4_0,it0170,0.35651642084121704,0.40050438046455383,0.058823529411764705,0.29411764705882354,5.2,6.56,False,False,0.04398795962333679,0.23529411764705882
C4_0,it0171,0.5629124641418457,0.6393432021141052,0.14285714285714285,0.14285714285714285,7.44,6.0,False,False,0.07643073797225952,0.0
C4_0,it0172,0.2447076439857483,0.38150522112846375,0.04,0.0,7.68,6.88,False,False,0.13679757714271545,-0.04
C4_0,it0173,0.6040573120117188,0.6732513308525085,0.1,0.0,9.12,8.08,False,False,0.0691940188407898,-0.1
C4_0,it0174,0.21320325136184692,0.30858442187309265,0.0,0.125,4.96,4.8,False,False,0.09538117051124573,0.125
C4_0,it0175,0.11371483653783798,0.49949172139167786,0.0,0.06666666666666667,5.12,9.76,False,False,0.3857768848538399,0.06666666666666667
C4_0,it0176,0.42252251505851746,0.35300102829933167,0.16666666666666666,0.2222222222222222,5.04,5.68,False,False,-0.06952148675918579,0.05555555555555555
C4_0,it0177,0.4732306897640228,0.4690667390823364,0.10526315789473684,0.0,5.28,5.28,False,False,-0.004163950681686401,-0.10526315789473684
C4_0,it0178,0.12855838239192963,0.18120339512825012,0.7647058823529411,0.4117647058823529,5.84,4.0,False,False,0.052645012736320496,-0.3529411764705882
C4_0,it0179,0.6849638819694519,0.6319177150726318,0.25806451612903225,0.12903225806451613,11.12,10.4,False,False,-0.05304616689682007,-0.12903225806451613
C4_0,it0180,0.5248279571533203,0.45765435695648193,0.07142857142857142,0.21428571428571427,4.32,4.32,False,False,-0.06717360019683838,0.14285714285714285
C4_0,it0181,0.6128003001213074,0.5019559860229492,0.0,0.024390243902439025,12.96,14.96,False,False,-0.11084431409835815,0.024390243902439025
C4_0,it0182,0.560308575630188,0.3101552724838257,0.0,0.24,6.8,5.04,False,False,-0.2501533031463623,0.24
C4_0,it0183,0.5519713759422302,0.5571555495262146,0.04,0.0,6.48,5.68,False,False,0.005184173583984375,-0.04
C4_0,it0184,0.17873317003250122,0.2759425938129425,0.13333333333333333,0.06666666666666667,4.96,4.64,False,False,0.09720942378044128,-0.06666666666666667
C4_0,it0185,0.37229135632514954,0.3903701901435852,0.22580645161290322,0.22580645161290322,9.92,6.32,False,False,0.01807883381843567,0.0
C4_0,it0186,0.4430767893791199,0.4514670670032501,0.08333333333333333,0.25,6.08,5.84,False,False,0.008390277624130249,0.16666666666666669
C4_0,it0187,0.39679720997810364,0.3901847302913666,0.0625,0.25,4.56,4.0,False,False,-0.0066124796867370605,0.1875
C4_0,it0188,0.4029258191585541,0.4532795548439026,0.0,0.0,4.96,5.2,False,False,0.05035373568534851,0.0
C4_0,it0189,0.3750987648963928,0.29149672389030457,0.1,0.35,5.6,5.04,False,False,-0.08360204100608826,0.24999999999999997
C4_0,it0190,0.4824022054672241,0.6121937036514282,0.125,0.125,5.92,5.68,False,False,0.1297914981842041,0.0
C4_0,it0191,0.3484034836292267,0.3752896785736084,0.04,0.0,8.24,6.32,False,False,0.026886194944381714,-0.04
C4_0,it0192,0.43812793493270874,0.5516002178192139,0.2222222222222222,0.07407407407407407,7.68,7.04,False,False,0.11347228288650513,-0.14814814814814814
C4_0,it0193,0.2752726376056671,0.3344050645828247,0.4375,0.4375,5.68,5.2,False,False,0.05913242697715759,0.0
C4_0,it0194,0.6776055097579956,0.5496382713317871,0.047619047619047616,0.047619047619047616,6.56,5.44,False,False,-0.1279672384262085,0.0
C4_0,it0195,0.4969891905784607,0.4936249256134033,0.2692307692307692,0.11538461538461539,8.64,6.48,False,False,-0.003364264965057373,-0.15384615384615383
C4_0,it0196,0.34389838576316833,0.308072030544281,0.14285714285714285,0.0,6.88,10.4,False,False,-0.03582635521888733,-0.14285714285714285
C4_0,it0197,0.41514086723327637,0.23637282848358154,0.0,0.0,4.72,5.76,False,False,-0.17876803874969482,0.0
C4_0,it0198,0.12536616623401642,0.14832703769207,0.0,0.125,4.48,5.76,False,False,0.02296087145805359,0.125
C4_0,it0199,0.5534911155700684,0.36256247758865356,0.17647058823529413,0.0,6.08,6.56,False,False,-0.1909286379814148,-0.17647058823529413
C4_0,it0200,0.4975754916667938,0.5373778939247131,0.18181818181818182,0.13636363636363635,7.28,7.12,False,False,0.03980240225791931,-0.04545454545454547
C4_0,it0201,0.43879270553588867,0.36658012866973877,0.05555555555555555,0.16666666666666666,5.92,5.92,False,False,-0.0722125768661499,0.1111111111111111
C4_0,it0202,0.49874377250671387,0.4451773762702942,0.5,0.0,4.72,6.64,False,False,-0.05356639623641968,-0.5
C4_0,it0203,0.45067235827445984,0.4468126893043518,0.07692307692307693,0.11538461538461539,6.88,6.72,False,False,-0.0038596689701080322,0.038461538461538464
C4_0,it0204,0.42678242921829224,0.40038448572158813,0.24,0.16,8.16,5.52,False,False,-0.0263979434967041,-0.07999999999999999
C4_0,it0205,0.5658677816390991,0.47389712929725647,0.3333333333333333,0.16666666666666666,6.96,8.88,False,False,-0.09197065234184265,-0.16666666666666666
C4_0,it0206,0.466707319021225,0.40222564339637756,0.24242424242424243,0.06060606060606061,9.84,6.64,False,False,-0.06448167562484741,-0.18181818181818182
C4_0,it0207,0.29099181294441223,0.30872756242752075,0.05555555555555555,0.1111111111111111,5.92,7.76,False,False,0.01773574948310852,0.05555555555555555
C4_0,it0208,0.4654645323753357,0.4671674370765686,0.0967741935483871,0.3870967741935484,11.28,8.96,False,False,0.0017029047012329102,0.29032258064516125
C4_0,it0209,0.5160899758338928,0.6021957397460938,0.12,0.08,7.44,9.92,False,False,0.08610576391220093,-0.039999999999999994
C4_0,it0210,0.2374267876148224,0.3849888741970062,0.14285714285714285,0.23809523809523808,11.92,9.44,False,False,0.14756208658218384,0.09523809523809523
C4_0,it0211,0.7004236578941345,0.6551831960678101,0.0,0.08823529411764706,11.44,14.32,False,False,-0.04524046182632446,0.08823529411764706
C4_0,it0212,0.029322249814867973,0.03413593769073486,0.15789473684210525,0.2631578947368421,5.28,6.24,False,False,0.00481368787586689,0.10526315789473684
C4_0,it0213,0.5177804827690125,0.45146358013153076,0.1111111111111111,0.18518518518518517,7.68,8.8,False,False,-0.06631690263748169,0.07407407407407407
C4_0,it0214,0.5735803842544556,0.49449390172958374,0.07692307692307693,0.02564102564102564,10.8,7.76,False,False,-0.07908648252487183,-0.05128205128205129
C4_0,it0215,0.2029089629650116,0.26113802194595337,0.0,0.5454545454545454,4.88,13.84,False,False,0.05822905898094177,0.5454545454545454
C4_0,it0216,0.48615995049476624,0.3070853054523468,0.0,0.0,5.12,6.8,False,False,-0.17907464504241943,0.0
C4_0,it0217,0.2545807659626007,0.19543980062007904,0.09523809523809523,0.19047619047619047,7.12,11.84,False,False,-0.05914096534252167,0.09523809523809523
C4_0,it0218,0.5438538789749146,0.5931406617164612,0.11764705882352941,0.058823529411764705,5.44,5.36,False,False,0.04928678274154663,-0.058823529411764705
C4_0,it0219,0.31349942088127136,0.27831363677978516,0.14705882352941177,0.2647058823529412,11.04,8.08,False,False,-0.035185784101486206,0.11764705882352941
C4_0,it0220,0.23942697048187256,0.28688934445381165,0.17391304347826086,0.13043478260869565,5.68,4.32,False,False,0.04746237397193909,-0.043478260869565216
C4_0,it0221,0.44214800000190735,0.3596866726875305,0.029411764705882353,0.14705882352941177,9.76,13.44,False,False,-0.08246132731437683,0.11764705882352941
C4_0,it0222,0.3140692710876465,0.2679300606250763,0.3125,0.0,4.08,8.48,False,False,-0.04613921046257019,-0.3125
C4_0,it0223,0.5002211332321167,0.432905912399292,0.26666666666666666,0.03333333333333333,8.4,10.96,False,False,-0.06731522083282471,-0.23333333333333334
C4_0,it0224,0.2714860439300537,0.1911798119544983,0.0,0.0,5.76,6.0,False,False,-0.08030623197555542,0.0
C4_0,it0225,0.4581855833530426,0.46442535519599915,0.0,0.2727272727272727,8.16,6.4,False,False,0.006239771842956543,0.2727272727272727
C4_0,it0226,0.5076303482055664,0.32418835163116455,0.10714285714285714,0.10714285714285714,8.4,6.64,False,False,-0.18344199657440186,0.0
C4_0,it0227,0.2836681008338928,0.29077550768852234,0.3,0.55,5.36,4.96,False,False,0.007107406854629517,0.25000000000000006
C4_0,it0228,0.6634591221809387,0.668692409992218,0.05555555555555555,0.0,5.36,5.36,False,False,0.005233287811279297,-0.05555555555555555
C4_0,it0229,0.3131771683692932,0.36944836378097534,0.3181818181818182,0.18181818181818182,6.64,6.88,False,False,0.05627119541168213,-0.13636363636363635
C4_0,it0230,0.5053842067718506,0.6120330691337585,0.04,0.12,8.0,6.48,False,False,0.10664886236190796,0.07999999999999999
C4_0,it0231,0.4659356474876404,0.33680230379104614,0.03225806451612903,0.0,10.0,10.64,False,False,-0.12913334369659424,-0.03225806451612903
C4_0,it0232,0.3259068429470062,0.11825235188007355,0.13636363636363635,0.13636363636363635,6.88,6.32,False,False,-0.20765449106693268,0.0
C4_0,it0233,0.3604090213775635,0.39556488394737244,0.14285714285714285,0.047619047619047616,6.96,6.08,False,False,0.03515586256980896,-0.09523809523809523
C4_0,it0234,0.6096618175506592,0.5718307495117188,0.13793103448275862,0.2413793103448276,10.64,8.8,False,False,-0.03783106803894043,0.10344827586206898
C4_0,it0235,0.3156810700893402,0.24519339203834534,0.21052631578947367,0.2631578947368421,6.24,8.64,False,False,-0.07048767805099487,0.05263157894736842
C4_0,it0236,0.3528846502304077,0.30961620807647705,0.2,0.3333333333333333,5.04,9.2,False,False,-0.043268442153930664,0.1333333333333333
C4_0,it0237,0.47717171907424927,0.4652337431907654,0.058823529411764705,0.058823529411764705,5.44,8.16,False,False,-0.011937975883483887,0.0
C4_0,it0238,0.36778292059898376,0.38478511571884155,0.0,0.125,5.12,3.84,False,False,0.017002195119857788,0.125
C4_0,it0239,0.498115211725235,0.49561139941215515,0.13793103448275862,0.2413793103448276,8.56,7.2,False,False,-0.002503812313079834,0.10344827586206898
C4_0,it0240,0.23022714257240295,0.21757939457893372,0.0,0.0,4.08,3.28,False,False,-0.012647747993469238,0.0
C4_0,it0241,0.4278441071510315,0.30150648951530457,0.4375,0.125,4.48,7.68,False,False,-0.12633761763572693,-0.3125
C4_0,it0242,0.5253959894180298,0.5648542642593384,0.05263157894736842,0.05263157894736842,6.48,6.32,False,False,0.039458274841308594,0.0
C4_0,it0243,0.4553024172782898,0.4339194893836975,0.0,0.07692307692307693,4.24,6.96,False,False,-0.021382927894592285,0.07692307692307693
C4_0,it0244,0.38825398683547974,0.3708491623401642,0.125,0.125,5.04,4.32,False,False,-0.017404824495315552,0.0
C4_0,it0245,0.3615044057369232,0.46121662855148315,0.4117647058823529,0.11764705882352941,5.12,4.48,False,False,0.09971222281455994,-0.2941176470588235
C4_0,it0246,0.5223661661148071,0.44127529859542847,0.022727272727272728,0.06818181818181818,12.56,13.44,False,False,-0.08109086751937866,0.04545454545454545
C4_0,it0247,0.39263081550598145,0.37163224816322327,0.058823529411764705,0.0,5.68,7.28,False,False,-0.02099856734275818,-0.058823529411764705
C4_0,it0248,0.19947007298469543,0.23298899829387665,0.10344827586206896,0.10344827586206896,8.16,8.16,False,False,0.03351892530918121,0.0
C4_0,it0249,0.3495497405529022,0.5059507489204407,0.45,0.15,6.64,5.92,False,False,0.15640100836753845,-0.30000000000000004
C4_0,it0250,0.19984984397888184,0.23030436038970947,0.2619047619047619,0.09523809523809523,13.76,14.96,False,False,0.030454516410827637,-0.16666666666666669
C4_0,it0251,0.46816474199295044,0.3801986873149872,0.21875,0.1875,8.16,11.44,False,False,-0.08796605467796326,-0.03125
C4_0,it0252,0.26487115025520325,0.2992958724498749,0.3333333333333333,0.0,4.24,7.76,False,False,0.03442472219467163,-0.3333333333333333
C4_0,it0253,0.4004817306995392,0.5886253118515015,0.07692307692307693,0.0,4.24,6.08,False,False,0.18814358115196228,-0.07692307692307693
C4_0,it0254,0.30782851576805115,0.2808381915092468,0.23333333333333334,0.06666666666666667,10.08,7.28,False,False,-0.02699032425880432,-0.16666666666666669
C4_0,it0255,0.44640761613845825,0.4800620377063751,0.03225806451612903,0.0967741935483871,11.04,12.72,False,False,0.03365442156791687,0.06451612903225806
C4_0,it0256,0.342524915933609,0.4085959792137146,0.058823529411764705,0.14705882352941177,9.6,11.52,False,False,0.06607106328010559,0.08823529411764706
C4_0,it0257,0.42274439334869385,0.3381565809249878,0.35714285714285715,0.07142857142857142,7.68,7.68,False,False,-0.08458781242370605,-0.2857142857142857
C4_0,it0258,0.6047505140304565,0.5328884124755859,0.0,0.0,6.48,8.4,False,False,-0.0718621015548706,0.0
C4_0,it0259,0.492306649684906,0.4294622540473938,0.12244897959183673,0.04081632653061224,13.28,11.2,False,False,-0.06284439563751221,-0.0816326530612245
C4_0,it0260,0.6107602119445801,0.5088233351707458,0.2,0.2,4.48,6.56,False,False,-0.10193687677383423,0.0
C4_0,it0261,0.47820472717285156,0.4904402196407318,0.07407407407407407,0.037037037037037035,11.44,8.64,False,False,0.012235492467880249,-0.037037037037037035
C4_0,it0262,0.384621798992157,0.4355658292770386,0.3333333333333333,0.25925925925925924,8.16,6.96,False,False,0.05094403028488159,-0.07407407407407407
C4_0,it0263,0.5030955672264099,0.4861966371536255,0.05,0.0,5.68,5.6,False,False,-0.016898930072784424,-0.05
C4_0,it0264,0.38923195004463196,0.4261710047721863,0.375,0.0,4.72,5.84,False,False,0.03693905472755432,-0.375
C4_0,it0265,0.45375144481658936,0.44143858551979065,0.1111111111111111,0.1388888888888889,11.76,14.96,False,False,-0.012312859296798706,0.02777777777777779
C4_0,it0266,0.25168171525001526,0.4044966399669647,0.12,0.0,7.92,8.24,False,False,0.15281492471694946,-0.12
C4_0,it0267,0.3055776357650757,0.4461461305618286,0.037037037037037035,0.0,8.56,10.4,False,False,0.14056849479675293,-0.037037037037037035
C4_0,it0268,0.4071004390716553,0.5057615637779236,0.21212121212121213,0.30303030303030304,9.36,9.92,False,False,0.09866112470626831,0.09090909090909091
C4_0,it0269,0.4982893466949463,0.3768276274204254,0.4166666666666667,0.4166666666666667,7.76,5.76,False,False,-0.12146171927452087,0.0
C4_0,it0270,0.6428635120391846,0.6741662621498108,0.07692307692307693,0.1282051282051282,11.6,8.72,False,False,0.03130275011062622,0.051282051282051266
C4_0,it0271,0.3079683780670166,0.2513140141963959,0.13333333333333333,0.5333333333333333,4.24,8.56,False,False,-0.05665436387062073,0.4
C4_0,it0272,0.2782434821128845,0.37598729133605957,0.2647058823529412,0.14705882352941177,9.2,8.56,False,False,0.09774380922317505,-0.11764705882352941
C4_0,it0273,0.29474037885665894,0.5225303769111633,0.0,0.0,5.92,5.12,False,False,0.2277899980545044,0.0
C4_0,it0274,0.32631945610046387,0.1965000033378601,0.11538461538461539,0.19230769230769232,10.32,7.2,False,False,-0.12981945276260376,0.07692307692307693
C4_0,it0275,0.604486346244812,0.6168357133865356,0.125,0.0,7.68,7.28,False,False,0.012349367141723633,-0.125
C4_0,it0276,0.3366759419441223,0.4177784025669098,0.3333333333333333,0.3333333333333333,4.08,4.32,False,False,0.08110246062278748,0.0
C4_0,it0277,0.3840283155441284,0.4548783302307129,0.0625,0.1875,13.52,10.08,False,False,0.07085001468658447,0.125
C4_0,it0278,0.2668752372264862,0.35409384965896606,0.21428571428571427,0.17857142857142858,7.92,8.64,False,False,0.08721861243247986,-0.0357142857142857
C4_0,it0279,0.5330296754837036,0.6912784576416016,0.21052631578947367,0.2631578947368421,12.16,12.48,False,False,0.15824878215789795,0.05263157894736842
C4_0,it0280,0.35142552852630615,0.5080707669258118,0.2222222222222222,0.2222222222222222,6.4,5.36,False,False,0.15664523839950562,0.0
C4_0,it0281,0.33414509892463684,0.2788812518119812,0.18181818181818182,0.36363636363636365,4.0,2.72,False,False,-0.05526384711265564,0.18181818181818182
C4_0,it0282,0.4918701648712158,0.5415341258049011,0.0,0.24,6.32,6.4,False,False,0.0496639609336853,0.24
C4_0,it0283,0.48536235094070435,0.4312554597854614,0.0625,0.0625,5.36,4.56,False,False,-0.05410689115524292,0.0
C4_0,it0284,0.18800044059753418,0.31271451711654663,0.038461538461538464,0.11538461538461539,8.88,7.92,False,False,0.12471407651901245,0.07692307692307693
C4_0,it0285,0.4941064715385437,0.4942808747291565,0.14634146341463414,0.12195121951219512,13.2,12.88,False,False,0.00017440319061279297,-0.02439024390243902
C4_0,it0286,0.29231664538383484,0.2694721221923828,0.2857142857142857,0.10714285714285714,8.48,8.56,False,False,-0.022844523191452026,-0.17857142857142855
C4_0,it0287,0.5819610357284546,0.6191364526748657,0.18181818181818182,0.22727272727272727,7.84,8.96,False,False,0.03717541694641113,0.04545454545454544
C4_0,it0288,0.5800811648368835,0.631111741065979,0.09090909090909091,0.36363636363636365,14.24,13.68,False,False,0.05103057622909546,0.2727272727272727
C4_0,it0289,0.5037245154380798,0.5621914863586426,0.0,0.0,5.68,9.52,False,False,0.058466970920562744,0.0
C4_0,it0290,0.2239924967288971,0.26639094948768616,0.09523809523809523,0.11904761904761904,12.08,11.28,False,False,0.04239845275878906,0.023809523809523808
C4_0,it0291,0.19345347583293915,0.15825894474983215,0.05555555555555555,0.05555555555555555,5.44,9.28,False,False,-0.035194531083106995,0.0
C4_0,it0292,0.28390660881996155,0.2159881293773651,0.02857142857142857,0.05714285714285714,11.12,9.36,False,False,-0.06791847944259644,0.02857142857142857
C4_0,it0293,0.4164977967739105,0.24598544836044312,0.041666666666666664,0.20833333333333334,6.56,5.36,False,False,-0.1705123484134674,0.16666666666666669
C4_0,it0294,0.18365833163261414,0.29942968487739563,0.0,0.1111111111111111,6.48,7.28,False,False,0.1157713532447815,0.1111111111111111
C4_0,it0295,0.4385518729686737,0.47364696860313416,0.05660377358490566,0.11320754716981132,14.24,11.68,False,False,0.03509509563446045,0.05660377358490566
C4_0,it0296,0.5262572765350342,0.5216069221496582,0.125,0.46875,13.44,8.72,False,False,-0.0046503543853759766,0.34375
C4_0,it0297,0.44421201944351196,0.2716188430786133,0.56,0.48,7.44,8.48,False,False,-0.17259317636489868,-0.08000000000000007
C4_0,it0298,0.4744316637516022,0.4592384397983551,0.2916666666666667,0.08333333333333333,6.08,4.16,False,False,-0.01519322395324707,-0.20833333333333337
C4_0,it0299,0.6101425290107727,0.6384677886962891,0.0,0.05714285714285714,11.36,10.56,False,False,0.028325259685516357,0.05714285714285714
C4_0,it0300,0.34015220403671265,0.21288102865219116,0.1875,0.0,6.32,5.6,False,False,-0.12727117538452148,-0.1875
C4_0,it0301,0.3861851692199707,0.4040498733520508,0.15625,0.15625,9.84,9.28,False,False,0.017864704132080078,0.0
C4_0,it0302,0.5399199724197388,0.5028939843177795,0.09523809523809523,0.35714285714285715,11.28,13.68,False,False,-0.03702598810195923,0.2619047619047619
C4_0,it0303,0.45822593569755554,0.4360674321651459,0.05,0.15,6.56,6.64,False,False,-0.022158503532409668,0.09999999999999999
C4_0,it0304,0.445711612701416,0.3747062087059021,0.23076923076923078,0.0,5.44,4.96,False,False,-0.07100540399551392,-0.23076923076923078
C4_0,it0305,0.2178211361169815,0.2122461497783661,0.022222222222222223,0.2222222222222222,12.8,14.96,False,False,-0.0055749863386154175,0.19999999999999998
C4_0,it0306,0.2929617762565613,0.3920993208885193,0.047619047619047616,0.14285714285714285,6.56,6.72,False,False,0.09913754463195801,0.09523809523809523
C4_0,it0307,0.26512470841407776,0.26109373569488525,0.0,0.0,5.04,6.72,False,False,-0.004030972719192505,0.0
C4_0,it0308,0.5642920136451721,0.6449626684188843,0.08823529411764706,0.11764705882352941,10.4,7.52,False,False,0.08067065477371216,0.029411764705882346
C4_0,it0309,0.511288046836853,0.3341596722602844,0.07692307692307693,0.0,5.2,3.84,False,False,-0.1771283745765686,-0.07692307692307693
C4_0,it0310,0.31444230675697327,0.34459373354911804,0.13333333333333333,0.2,8.48,5.52,False,False,0.030151426792144775,0.06666666666666668
C4_0,it0311,0.32341092824935913,0.3073994219303131,0.14285714285714285,0.23809523809523808,5.84,3.44,False,False,-0.01601150631904602,0.09523809523809523
C4_0,it0312,0.5936483144760132,0.6759131550788879,0.3333333333333333,0.09523809523809523,12.24,12.4,False,False,0.08226484060287476,-0.23809523809523808
C4_0,it0313,0.44852399826049805,0.5408076047897339,0.0,0.0,4.96,7.76,False,False,0.09228360652923584,0.0
C4_0,it0314,0.3078027367591858,0.2666422724723816,0.04,0.04,6.32,5.76,False,False,-0.0411604642868042,0.0
C4_0,it0315,0.2997934818267822,0.21838326752185822,0.0,0.0,7.92,8.0,False,False,-0.08141021430492401,0.0
C4_0,it0316,0.4845912754535675,0.4030199944972992,0.16666666666666666,0.375,13.28,14.96,False,False,-0.08157128095626831,0.20833333333333334
C4_0,it0317,0.424048513174057,0.5049649477005005,0.0,0.037037037037037035,8.16,9.28,False,False,0.08091643452644348,0.037037037037037035
C4_0,it0318,0.2566632330417633,0.338216096162796,0.0,0.3125,5.04,13.84,False,False,0.08155286312103271,0.3125
C4_0,it0319,0.30861204862594604,0.2314240038394928,0.0,0.05263157894736842,5.6,8.48,False,False,-0.07718804478645325,0.05263157894736842
C4_0,it0320,0.5472508072853088,0.5004040002822876,0.038461538461538464,0.038461538461538464,8.0,8.32,False,False,-0.04684680700302124,0.0
C4_0,it0321,0.015234949067234993,0.17368638515472412,0.0,0.0,5.12,4.08,False,False,0.15845143608748913,0.0
C4_0,it0322,0.5011633634567261,0.5608724355697632,0.47058823529411764,0.35294117647058826,4.72,12.56,False,False,0.05970907211303711,-0.11764705882352938
C4_0,it0323,0.46873369812965393,0.47105735540390015,0.0,0.0,6.96,9.04,False,False,0.002323657274246216,0.0
C4_0,it0324,0.3370401859283447,0.39399629831314087,0.05555555555555555,0.05555555555555555,5.92,6.08,False,False,0.05695611238479614,0.0
C4_0,it0325,0.28218409419059753,0.3345756530761719,0.18181818181818182,0.13636363636363635,12.8,12.0,False,False,0.05239155888557434,-0.04545454545454547
C4_0,it0326,0.2356974482536316,0.20484262704849243,0.20833333333333334,0.16666666666666666,5.92,7.04,False,False,-0.03085482120513916,-0.041666666666666685
C4_0,it0327,0.3360298275947571,0.3125753402709961,0.13333333333333333,0.06666666666666667,4.56,4.48,False,False,-0.023454487323760986,-0.06666666666666667
C4_0,it0328,0.6430569887161255,0.4525716006755829,0.3793103448275862,0.06896551724137931,8.0,5.36,False,False,-0.1904853880405426,-0.31034482758620685
C4_0,it0329,0.43775618076324463,0.4281904101371765,0.5,0.0,4.24,8.4,False,False,-0.009565770626068115,-0.5
C4_0,it0330,0.4997205138206482,0.5457261800765991,0.0,0.058823529411764705,9.6,8.32,False,False,0.04600566625595093,0.058823529411764705
C4_0,it0331,0.4621122181415558,0.47875532507896423,0.07407407407407407,0.07407407407407407,8.88,11.68,False,False,0.016643106937408447,0.0
C4_0,it0332,0.4616427719593048,0.4065883159637451,0.0,0.16666666666666666,4.0,5.36,False,False,-0.05505445599555969,0.16666666666666666
C4_0,it0333,0.4439498484134674,0.5205913782119751,0.0975609756097561,0.17073170731707318,12.24,12.88,False,False,0.07664152979850769,0.07317073170731708
C4_0,it0334,0.33076417446136475,0.3347872793674469,0.10416666666666667,0.14583333333333334,13.76,14.96,False,False,0.004023104906082153,0.04166666666666667
C4_0,it0335,0.4298628568649292,0.5145837664604187,0.0,0.0,4.48,5.76,False,False,0.0847209095954895,0.0
C4_0,it0336,0.5373640060424805,0.438924103975296,0.02857142857142857,0.05714285714285714,11.84,9.44,False,False,-0.09843990206718445,0.02857142857142857
C4_0,it0337,0.2943165898323059,0.32163965702056885,0.10256410256410256,0.05128205128205128,13.44,12.64,False,False,0.02732306718826294,-0.05128205128205128
C4_0,it0338,0.3935132920742035,0.3437928557395935,0.058823529411764705,0.0,6.24,6.56,False,False,-0.049720436334609985,-0.058823529411764705
C4_0,it0339,0.4828796982765198,0.3470386862754822,0.0,0.04,7.2,8.16,False,False,-0.1358410120010376,0.04
C4_0,it0340,0.29669350385665894,0.3676793575286865,0.0,0.0,4.16,4.72,False,False,0.07098585367202759,0.0
C4_0,it0341,0.6262250542640686,0.5232700109481812,0.07142857142857142,0.0,8.88,7.92,False,False,-0.10295504331588745,-0.07142857142857142
C4_0,it0342,0.27090883255004883,0.41098836064338684,0.125,0.0625,6.88,7.76,False,False,0.140079528093338,-0.0625
C4_0,it0343,0.31804049015045166,0.24839672446250916,0.2222222222222222,0.08888888888888889,13.76,10.72,False,False,-0.0696437656879425,-0.1333333333333333
C4_0,it0344,0.6445404887199402,0.6153233647346497,0.0,0.0,8.16,5.44,False,False,-0.029217123985290527,0.0
C4_0,it0345,0.24395044147968292,0.08458516001701355,0.2222222222222222,0.2962962962962963,7.52,5.84,False,False,-0.15936528146266937,0.07407407407407407
C4_0,it0346,0.3511731028556824,0.37199681997299194,0.043478260869565216,0.17391304347826086,6.96,5.12,False,False,0.02082371711730957,0.13043478260869565
C4_0,it0347,0.5413342714309692,0.49444445967674255,0.15384615384615385,0.15384615384615385,11.76,13.76,False,False,-0.046889811754226685,0.0
C4_0,it0348,0.3568025231361389,0.3394072651863098,0.13333333333333333,0.0,4.08,4.0,False,False,-0.0173952579498291,-0.13333333333333333
C4_0,it0349,0.5233078002929688,0.47617101669311523,0.06060606060606061,0.15151515151515152,12.16,14.96,False,False,-0.047136783599853516,0.09090909090909091
C4_0,it0350,0.5214534997940063,0.2916508913040161,0.0,0.21428571428571427,7.44,9.2,False,False,-0.22980260848999023,0.21428571428571427
C4_0,it0351,0.475912868976593,0.45029568672180176,0.045454545454545456,0.045454545454545456,8.4,11.6,False,False,-0.02561718225479126,0.0
C4_0,it0352,0.32601580023765564,0.38153794407844543,0.0,0.08333333333333333,8.64,8.08,False,False,0.055522143840789795,0.08333333333333333
C4_0,it0353,0.12143032252788544,0.24597083032131195,0.0,0.038461538461538464,6.8,7.6,False,False,0.12454050779342651,0.038461538461538464
C4_0,it0354,0.4511879086494446,0.39362308382987976,0.0,0.0,6.0,6.08,False,False,-0.05756482481956482,0.0
C4_0,it0355,0.39666998386383057,0.475615918636322,0.1111111111111111,0.2222222222222222,9.12,7.12,False,False,0.07894593477249146,0.1111111111111111
C4_0,it0356,0.43440672755241394,0.3229049742221832,0.15384615384615385,0.38461538461538464,4.48,4.88,False,False,-0.11150175333023071,0.23076923076923078
C4_0,it0357,0.5213716626167297,0.39684242010116577,0.0,0.0,8.32,6.56,False,False,-0.12452924251556396,0.0
C4_0,it0358,0.4528971314430237,0.2956046760082245,0.043478260869565216,0.043478260869565216,8.96,8.48,False,False,-0.1572924554347992,0.0
C4_0,it0359,0.5383402705192566,0.5474238991737366,0.3181818181818182,0.20454545454545456,13.52,10.4,False,False,0.00908362865447998,-0.11363636363636362
C4_0,it0360,0.5240599513053894,0.5655646920204163,0.08695652173913043,0.0,6.96,7.76,False,False,0.041504740715026855,-0.08695652173913043
C4_0,it0361,0.28869202733039856,0.2674102485179901,0.0,0.17647058823529413,6.4,5.52,False,False,-0.021281778812408447,0.17647058823529413
C4_0,it0362,0.2084353268146515,0.35993239283561707,0.13333333333333333,0.4,4.16,5.04,False,False,0.15149706602096558,0.2666666666666667
C4_0,it0363,0.5037308931350708,0.5665884613990784,0.07317073170731707,0.17073170731707318,12.64,13.36,False,False,0.06285756826400757,0.09756097560975611
C4_0,it0364,0.5963904857635498,0.661300778388977,0.12,0.2,8.4,8.56,False,False,0.06491029262542725,0.08000000000000002
C4_0,it0365,0.5327945351600647,0.546678900718689,0.0,0.0,4.56,5.04,False,False,0.013884365558624268,0.0
C4_0,it0366,0.2696925401687622,0.2886195778846741,0.11538461538461539,0.11538461538461539,9.04,7.68,False,False,0.018927037715911865,0.0
C4_0,it0367,0.1810680776834488,0.19381342828273773,0.12,0.06,14.64,14.96,False,False,0.01274535059928894,-0.06
C4_0,it0368,0.31285029649734497,0.410836398601532,0.14285714285714285,0.047619047619047616,6.24,5.92,False,False,0.09798610210418701,-0.09523809523809523
C4_0,it0369,0.34487855434417725,0.33347827196121216,0.0,0.0,4.72,6.08,False,False,-0.011400282382965088,0.0
C4_0,it0370,0.5140931606292725,0.4880010783672333,0.0,0.08,9.68,13.44,False,False,-0.026092082262039185,0.08
C4_0,it0371,0.0354437381029129,0.0697995126247406,0.0,0.15625,9.12,14.96,False,False,0.0343557745218277,0.15625
C4_0,it0372,0.5606603026390076,0.6447588205337524,0.06896551724137931,0.034482758620689655,8.4,7.6,False,False,0.08409851789474487,-0.034482758620689655
C4_0,it0373,0.5153390765190125,0.519733190536499,0.1111111111111111,0.0,10.24,13.28,False,False,0.004394114017486572,-0.1111111111111111
C4_0,it0374,0.3927994668483734,0.39011627435684204,0.1111111111111111,0.05555555555555555,5.68,5.92,False,False,-0.002683192491531372,-0.05555555555555555
C4_0,it0375,0.35102614760398865,0.3437885046005249,0.06666666666666667,0.0,4.0,4.24,False,False,-0.007237643003463745,-0.06666666666666667
C4_0,it0376,0.35421186685562134,0.42854073643684387,0.1111111111111111,0.2777777777777778,6.24,6.0,False,False,0.07432886958122253,0.16666666666666669
C4_0,it0377,0.39742517471313477,0.2550975978374481,0.12,0.08,7.84,10.08,False,False,-0.14232757687568665,-0.039999999999999994
C4_0,it0378,0.5628553032875061,0.5568242073059082,0.3333333333333333,0.13333333333333333,5.04,12.4,False,False,-0.0060310959815979,-0.19999999999999998
C4_0,it0379,0.2605628967285156,0.2103450447320938,0.05263157894736842,0.0,5.28,6.48,False,False,-0.050217851996421814,-0.05263157894736842
C4_0,it0380,0.3893091380596161,0.34336405992507935,0.05263157894736842,0.0,4.88,5.44,False,False,-0.04594507813453674,-0.05263157894736842
C4_0,it0381,0.5217263102531433,0.522168755531311,0.07692307692307693,0.0,4.8,6.24,False,False,0.0004424452781677246,-0.07692307692307693
C4_0,it0382,0.5133593082427979,0.4759702980518341,0.045454545454545456,0.0,6.72,11.76,False,False,-0.037389010190963745,-0.045454545454545456
C4_0,it0383,0.2618805766105652,0.3207271993160248,0.1794871794871795,0.15384615384615385,10.56,10.56,False,False,0.058846622705459595,-0.025641025641025633
C4_0,it0384,0.23325690627098083,0.1257554590702057,0.2,0.3333333333333333,4.0,4.4,False,False,-0.10750144720077515,0.1333333333333333
C4_0,it0385,0.20418256521224976,0.25387030839920044,0.16666666666666666,0.5,4.24,7.28,False,False,0.049687743186950684,0.33333333333333337
C4_0,it0386,0.5241626501083374,0.4826866686344147,0.07142857142857142,0.14285714285714285,4.72,4.08,False,False,-0.04147598147392273,0.07142857142857142
C4_0,it0387,0.434905469417572,0.5314948558807373,0.0,0.12121212121212122,11.36,12.8,False,False,0.09658938646316528,0.12121212121212122
C4_0,it0388,0.4803467392921448,0.5687702298164368,0.0,0.0,6.64,6.32,False,False,0.08842349052429199,0.0
C4_0,it0389,0.7224668264389038,0.6801925301551819,0.0,0.021739130434782608,14.48,14.96,False,False,-0.042274296283721924,0.021739130434782608
C4_0,it0390,0.43912532925605774,0.44223806262016296,0.11627906976744186,0.046511627906976744,11.76,13.2,False,False,0.0031127333641052246,-0.06976744186046512
C4_0,it0391,0.3384767770767212,0.35515716671943665,0.13043478260869565,0.08695652173913043,8.96,9.92,False,False,0.016680389642715454,-0.043478260869565216
C4_0,it0392,0.2294408529996872,0.2858494818210602,0.09523809523809523,0.047619047619047616,7.68,7.6,False,False,0.056408628821372986,-0.047619047619047616
C4_0,it0393,0.4367399215698242,0.5060189962387085,0.0,0.38461538461538464,4.88,6.16,False,False,0.06927907466888428,0.38461538461538464
C4_0,it0394,0.5333174467086792,0.5465366244316101,0.08,0.0,6.8,7.6,False,False,0.013219177722930908,-0.08
C4_0,it0395,0.2681117653846741,0.40781575441360474,0.29411764705882354,0.29411764705882354,5.68,4.88,False,False,0.13970398902893066,0.0
C4_0,it0396,0.6547669768333435,0.6113536953926086,0.05,0.0,6.24,6.96,False,False,-0.04341328144073486,-0.05
C4_0,it0397,0.5436018705368042,0.480935275554657,0.05263157894736842,0.05263157894736842,6.4,7.04,False,False,-0.06266659498214722,0.0
C4_0,it0398,0.4666576683521271,0.48945122957229614,0.1,0.3,6.48,4.32,False,False,0.022793561220169067,0.19999999999999998
C4_0,it0399,0.38852694630622864,0.37143993377685547,0.16666666666666666,0.2777777777777778,5.12,5.84,False,False,-0.01708701252937317,0.11111111111111113
C4_1,it0000,0.3096045255661011,0.3731321096420288,0.021739130434782608,0.08695652173913043,12.16,9.44,False,False,0.06352758407592773,0.06521739130434782
C4_1,it0001,0.16069893538951874,0.2371358722448349,0.2777777777777778,0.2222222222222222,4.96,9.84,False,False,0.07643693685531616,-0.05555555555555558
C4_1,it0002,0.30112022161483765,0.27980929613113403,0.2,0.4,5.12,12.32,False,False,-0.021310925483703613,0.2
C4_1,it0003,0.2113393098115921,0.191266268491745,0.2,0.26666666666666666,5.2,7.28,False,False,-0.020073041319847107,0.06666666666666665
C4_1,it0004,0.2761015295982361,0.3398240804672241,0.125,0.25,5.2,4.8,False,False,0.06372255086898804,0.125
C4_1,it0005,0.47461941838264465,0.29136574268341064,0.0,0.0,7.2,8.32,False,False,-0.183253675699234,0.0
C4_1,it0006,0.3434072732925415,0.26456013321876526,0.05555555555555555,0.1111111111111111,6.48,7.2,False,False,-0.07884714007377625,0.05555555555555555
C4_1,it0007,0.22525814175605774,0.4352276921272278,0.06818181818181818,0.20454545454545456,13.52,8.96,False,False,0.20996955037117004,0.13636363636363638
C4_1,it0008,0.22723621129989624,0.06652291119098663,0.42857142857142855,0.09523809523809523,6.4,5.92,False,False,-0.1607133001089096,-0.3333333333333333
C4_1,it0009,0.5643261671066284,0.479580819606781,0.14814814814814814,0.0,7.84,6.32,False,False,-0.08474534749984741,-0.14814814814814814
C4_1,it0010,0.6562153100967407,0.4893171191215515,0.16666666666666666,0.3333333333333333,6.88,6.08,False,False,-0.1668981909751892,0.16666666666666666
C4_1,it0011,0.4809364676475525,0.40039485692977905,0.0,0.0,8.08,9.68,False,False,-0.08054161071777344,0.0
C4_1,it0012,0.16495870053768158,0.26313385367393494,0.7931034482758621,0.5172413793103449,8.72,6.4,False,False,0.09817515313625336,-0.27586206896551724
C4_1,it0013,0.579481840133667,0.4698089361190796,0.0,0.037037037037037035,9.12,12.24,False,False,-0.1096729040145874,0.037037037037037035
C4_1,it0014,0.3577793538570404,0.41665080189704895,0.0,0.0,5.68,5.2,False,False,0.058871448040008545,0.0
C4_1,it0015,0.5288369655609131,0.40964624285697937,0.11764705882352941,0.17647058823529413,4.24,3.28,False,False,-0.11919072270393372,0.05882352941176472
C4_1,it0016,0.3763763904571533,0.35832101106643677,0.35294117647058826,0.4117647058823529,9.28,9.2,False,False,-0.018055379390716553,0.05882352941176466
C4_1,it0017,0.43363088369369507,0.20642505586147308,0.06666666666666667,0.0,4.32,3.52,False,False,-0.22720582783222198,-0.06666666666666667
C4_1,it0018,0.10161583870649338,0.19858677685260773,0.029411764705882353,0.11764705882352941,10.0,9.76,False,False,0.09697093814611435,0.08823529411764705
C4_1,it0019,0.46858149766921997,0.5839479565620422,0.10869565217391304,0.17391304347826086,12.56,10.16,False,False,0.11536645889282227,0.06521739130434782
C4_1,it0020,0.3506247401237488,0.20341524481773376,0.46153846153846156,0.3076923076923077,4.24,4.64,False,False,-0.14720949530601501,-0.15384615384615385
C4_1,it0021,0.3887360394001007,0.3382952809333801,0.09090909090909091,0.030303030303030304,9.76,11.52,False,False,-0.05044075846672058,-0.06060606060606061
C4_1,it0022,0.43119820952415466,0.4331139624118805,0.625,0.45,12.24,14.96,False,False,0.00191575288772583,-0.175
C4_1,it0023,0.6952310800552368,0.5510868430137634,0.3333333333333333,0.3333333333333333,4.88,3.84,False,False,-0.1441442370414734,0.0
C4_1,it0024,0.4767516851425171,0.44387325644493103,0.14285714285714285,0.14285714285714285,4.56,4.4,False,False,-0.03287842869758606,0.0
C4_1,it0025,0.5406880378723145,0.49413931369781494,0.0,0.15,6.48,4.32,False,False,-0.04654872417449951,0.15
C4_1,it0026,0.011316557414829731,0.16302061080932617,0.1875,0.125,4.48,4.16,False,False,0.15170405339449644,-0.0625
C4_1,it0027,0.632297933101654,0.5572885870933533,0.0,0.0625,5.04,4.88,False,False,-0.07500934600830078,0.0625
C4_1,it0028,0.45239096879959106,0.4728666841983795,0.047619047619047616,0.023809523809523808,12.56,9.92,False,False,0.020475715398788452,-0.023809523809523808
C4_1,it0029,0.3264937996864319,0.3871218264102936,0.0,0.0625,4.56,4.56,False,False,0.060628026723861694,0.0625
C4_1,it0030,0.4204121530056,0.44528162479400635,0.04,0.0,7.44,5.84,False,False,0.024869471788406372,-0.04
C4_1,it0031,0.26197880506515503,0.2668454051017761,0.6666666666666666,0.3888888888888889,5.68,6.96,False,False,0.004866600036621094,-0.27777777777777773
C4_1,it0032,0.5847752094268799,0.5831698775291443,0.037037037037037035,0.1111111111111111,8.56,7.36,False,False,-0.0016053318977355957,0.07407407407407407
C4_1,it0033,0.2897505760192871,0.30756592750549316,0.15384615384615385,0.15384615384615385,4.72,6.16,False,False,0.017815351486206055,0.0
C4_1,it0034,0.42070820927619934,0.32583850622177124,0.1,0.1,9.28,12.4,False,False,-0.0948697030544281,0.0
C4_1,it0035,0.23357902467250824,0.28802692890167236,0.23076923076923078,0.23076923076923078,5.36,3.92,False,False,0.054447904229164124,0.0
C4_1,it0036,0.5595535039901733,0.5640967488288879,0.16666666666666666,0.16666666666666666,5.52,3.36,False,False,0.0045432448387146,0.0
C4_1,it0037,0.44528844952583313,0.4752628803253174,0.26666666666666666,0.0,5.68,8.88,False,False,0.029974430799484253,-0.26666666666666666
C4_1,it0038,0.1821795105934143,0.19779355823993683,0.21621621621621623,0.2972972972972973,13.92,14.96,False,False,0.015614047646522522,0.08108108108108109
C4_1,it0039,0.4761028587818146,0.45604392886161804,0.0975609756097561,0.04878048780487805,13.6,14.96,False,False,-0.020058929920196533,-0.04878048780487805
C4_1,it0040,0.03805169463157654,0.12640279531478882,0.2,0.13333333333333333,4.48,6.32,False,False,0.08835110068321228,-0.06666666666666668
C4_1,it0041,0.32507187128067017,0.3906208276748657,0.045454545454545456,0.045454545454545456,7.36,6.72,False,False,0.06554895639419556,0.0
C4_1,it0042,0.3318318724632263,0.3866267502307892,0.18518518518518517,0.2222222222222222,8.64,8.64,False,False,0.054794877767562866,0.037037037037037035
C4_1,it0043,0.1905229538679123,0.25722938776016235,0.038461538461538464,0.038461538461538464,7.68,6.72,False,False,0.06670643389225006,0.0
C4_1,it0044,0.541653037071228,0.4897022843360901,0.36,0.6,7.36,6.8,False,False,-0.05195075273513794,0.24
C4_1,it0045,0.30863863229751587,0.3836209774017334,0.03333333333333333,0.16666666666666666,9.84,7.68,False,False,0.07498234510421753,0.13333333333333333
C4_1,it0046,0.34462034702301025,0.2438889443874359,0.0,0.1875,5.92,5.52,False,False,-0.10073140263557434,0.1875
C4_1,it0047,0.28796905279159546,0.269753634929657,0.7,0.6,8.56,9.44,False,False,-0.018215417861938477,-0.09999999999999998
C4_1,it0048,0.2736758291721344,0.41118916869163513,0.1875,0.3125,4.64,10.16,False,False,0.13751333951950073,0.125
C4_1,it0049,0.36031174659729004,0.46426981687545776,0.09090909090909091,0.13636363636363635,5.92,7.44,False,False,0.10395807027816772,0.04545454545454544
C4_1,it0050,-0.01597183384001255,0.14884142577648163,0.3181818181818182,0.22727272727272727,5.76,9.6,False,False,0.16481325961649418,-0.09090909090909091
C4_1,it0051,0.5307367444038391,0.3791838586330414,0.0,0.3448275862068966,10.08,7.52,False,False,-0.15155288577079773,0.3448275862068966
C4_1,it0052,0.3338328003883362,0.23907682299613953,0.13333333333333333,0.0,4.24,6.0,False,False,-0.09475597739219666,-0.13333333333333333
C4_1,it0053,0.36211392283439636,0.27978479862213135,0.2702702702702703,0.32432432432432434,12.56,10.88,False,False,-0.08232912421226501,0.05405405405405406
C4_1,it0054,0.12684080004692078,0.09529757499694824,0.125,0.5833333333333334,6.48,6.0,False,False,-0.031543225049972534,0.45833333333333337
C4_1,it0055,0.41947755217552185,0.4651819169521332,0.5,0.2692307692307692,7.2,8.56,False,False,0.04570436477661133,-0.23076923076923078
C4_1,it0056,0.10288424789905548,0.2815813422203064,0.4,0.1,7.52,10.0,False,False,0.17869709432125092,-0.30000000000000004
C4_1,it0057,0.4100131392478943,0.42503026127815247,0.08823529411764706,0.17647058823529413,10.72,7.12,False,False,0.015017122030258179,0.08823529411764706
C4_1,it0058,0.3217083215713501,0.26281318068504333,0.08333333333333333,0.08333333333333333,4.56,4.0,False,False,-0.05889514088630676,0.0
C4_1,it0059,0.47395914793014526,0.54803067445755,0.07142857142857142,0.10714285714285714,8.16,5.84,False,False,0.07407152652740479,0.03571428571428571
C4_1,it0060,0.28811049461364746,0.3757581114768982,0.0,0.0,5.12,5.92,False,False,0.08764761686325073,0.0
C4_1,it0061,0.6342525482177734,0.596888542175293,0.0,0.05714285714285714,9.84,7.12,False,False,-0.03736400604248047,0.05714285714285714
C4_1,it0062,0.4378587007522583,0.565657377243042,0.09523809523809523,0.0,6.16,8.24,False,False,0.1277986764907837,-0.09523809523809523
C4_1,it0063,0.3815125823020935,0.299006849527359,0.1724137931034483,0.0,9.12,14.96,False,False,-0.0825057327747345,-0.1724137931034483
C4_1,it0064,0.38244903087615967,0.43211549520492554,0.0,0.3333333333333333,5.44,5.28,False,False,0.04966646432876587,0.3333333333333333
C4_1,it0065,0.6041759252548218,0.5675961375236511,0.1794871794871795,0.2564102564102564,10.8,8.8,False,False,-0.036579787731170654,0.0769230769230769
C4_1,it0066,0.282136470079422,0.17937517166137695,0.2857142857142857,0.3333333333333333,7.2,5.12,False,False,-0.10276129841804504,0.047619047619047616
C4_1,it0067,0.17779934406280518,0.23989127576351166,0.1111111111111111,0.16666666666666666,4.56,5.28,False,False,0.06209193170070648,0.05555555555555555
C4_1,it0068,0.5946434140205383,0.6327550411224365,0.07692307692307693,0.07692307692307693,13.28,11.28,False,False,0.03811162710189819,0.0
C4_1,it0069,0.4271279573440552,0.4573615789413452,0.13636363636363635,0.22727272727272727,7.52,6.08,False,False,0.03023362159729004,0.09090909090909091
C4_1,it0070,0.41961240768432617,0.36794549226760864,0.0,0.0,4.48,4.88,False,False,-0.05166691541671753,0.0
C4_1,it0071,0.4797912538051605,0.5009021162986755,0.14285714285714285,0.14285714285714285,7.52,4.96,False,False,0.021110862493515015,0.0
C4_1,it0072,0.45707768201828003,0.5056515336036682,0.09090909090909091,0.045454545454545456,8.96,11.2,False,False,0.048573851585388184,-0.045454545454545456
C4_1,it0073,0.26327449083328247,0.2511143982410431,0.3448275862068966,0.3103448275862069,6.88,11.12,False,False,-0.01216009259223938,-0.03448275862068967
C4_1,it0074,0.19708803296089172,0.10822030156850815,0.2,0.4,5.36,10.24,False,False,-0.08886773139238358,0.2
C4_1,it0075,0.28186509013175964,0.2982473075389862,0.21739130434782608,0.21739130434782608,7.84,11.36,False,False,0.016382217407226562,0.0
C4_1,it0076,0.2306675910949707,0.36627036333084106,0.13043478260869565,0.21739130434782608,5.92,8.0,False,False,0.13560277223587036,0.08695652173913043
C4_1,it0077,0.5907021760940552,0.6299688816070557,0.3333333333333333,0.25,4.8,6.08,False,False,0.03926670551300049,-0.08333333333333331
C4_1,it0078,0.30791693925857544,0.25847959518432617,0.2857142857142857,0.14285714285714285,7.36,10.0,False,False,-0.04943734407424927,-0.14285714285714285
C4_1,it0079,0.58470618724823,0.5689097046852112,0.041666666666666664,0.0,9.12,10.24,False,False,-0.0157964825630188,-0.041666666666666664
C4_1,it0080,0.20948068797588348,0.18571127951145172,0.14634146341463414,0.17073170731707318,12.0,14.08,False,False,-0.023769408464431763,0.024390243902439046
C4_1,it0081,0.3449445068836212,0.3227962851524353,0.07142857142857142,0.0,8.24,7.76,False,False,-0.022148221731185913,-0.07142857142857142
C4_1,it0082,0.4575605094432831,0.4316214323043823,0.11764705882352941,0.11764705882352941,6.56,6.96,False,False,-0.025939077138900757,0.0
C4_1,it0083,0.32593482732772827,0.40718376636505127,0.029411764705882353,0.0,12.4,14.72,False,False,0.081248939037323,-0.029411764705882353
C4_1,it0084,0.44732773303985596,0.4706181585788727,0.3111111111111111,0.044444444444444446,12.56,10.96,False,False,0.023290425539016724,-0.26666666666666666
C4_1,it0085,0.391756147146225,0.4206934869289398,0.07142857142857142,0.21428571428571427,4.72,5.6,False,False,0.028937339782714844,0.14285714285714285
C4_1,it0086,0.49834567308425903,0.6171517372131348,0.058823529411764705,0.058823529411764705,4.64,8.56,False,False,0.11880606412887573,0.0
C4_1,it0087,0.6341882348060608,0.6750741004943848,0.1875,0.125,4.48,9.52,False,False,0.040885865688323975,-0.0625
C4_1,it0088,0.3649131655693054,0.45291104912757874,0.0,0.09523809523809523,6.4,8.0,False,False,0.08799788355827332,0.09523809523809523
C4_1,it0089,0.23578479886054993,0.18773183226585388,0.0,0.0,7.68,7.92,False,False,-0.048052966594696045,0.0
C4_1,it0090,0.5966081619262695,0.5220648050308228,0.058823529411764705,0.0,6.24,6.8,False,False,-0.07454335689544678,-0.058823529411764705
C4_1,it0091,0.5537233352661133,0.536605179309845,0.12903225806451613,0.06451612903225806,9.2,7.68,False,False,-0.01711815595626831,-0.06451612903225806
C4_1,it0092,0.2598574459552765,0.5033184885978699,0.08571428571428572,0.05714285714285714,10.32,10.0,False,False,0.24346104264259338,-0.028571428571428574
C4_1,it0093,0.39187246561050415,0.3114452064037323,0.21052631578947367,0.0,5.76,4.48,False,False,-0.08042725920677185,-0.21052631578947367
C4_1,it0094,0.4656417667865753,0.5057274103164673,0.0,0.0,5.12,4.56,False,False,0.04008564352989197,0.0
C4_1,it0095,0.39814668893814087,0.49868834018707275,0.38095238095238093,0.42857142857142855,6.64,6.72,False,False,0.10054165124893188,0.047619047619047616
C4_1,it0096,0.39477938413619995,0.3961033225059509,0.18181818181818182,0.22727272727272727,6.48,8.48,False,False,0.0013239383697509766,0.04545454545454544
C4_1,it0097,0.597364604473114,0.6392812728881836,0.0,0.0,6.56,7.6,False,False,0.04191666841506958,0.0
C4_1,it0098,0.40253546833992004,0.4398499131202698,0.2222222222222222,0.2222222222222222,9.12,10.64,False,False,0.03731444478034973,0.0
C4_1,it0099,0.22146037220954895,0.1098397821187973,0.08695652173913043,0.0,6.16,6.24,False,False,-0.11162059009075165,-0.08695652173913043
C4_1,it0100,0.6542051434516907,0.6328262090682983,0.23076923076923078,0.0,4.64,4.24,False,False,-0.021378934383392334,-0.23076923076923078
C4_1,it0101,0.2365712970495224,0.244981050491333,0.05263157894736842,0.0,12.4,11.04,False,False,0.008409753441810608,-0.05263157894736842
C4_1,it0102,0.45103055238723755,0.436397910118103,0.07692307692307693,0.0,4.96,6.72,False,False,-0.014632642269134521,-0.07692307692307693
C4_1,it0103,0.40212762355804443,0.3846896290779114,0.13636363636363635,0.045454545454545456,6.64,7.36,False,False,-0.017437994480133057,-0.0909090909090909
C4_1,it0104,0.5880591869354248,0.5662087202072144,0.16666666666666666,0.041666666666666664,5.6,5.52,False,False,-0.02185046672821045,-0.125
C4_1,it0105,0.45290881395339966,0.5597437620162964,0.11428571428571428,0.11428571428571428,11.2,14.96,False,False,0.10683494806289673,0.0
C4_1,it0106,0.29476580023765564,0.42588886618614197,0.16666666666666666,0.08333333333333333,6.8,9.6,False,False,0.13112306594848633,-0.08333333333333333
C4_1,it0107,0.4904472529888153,0.5318905115127563,0.043478260869565216,0.2608695652173913,8.16,8.88,False,False,0.04144325852394104,0.21739130434782608
C4_1,it0108,0.3601263165473938,0.2874906659126282,0.25,0.125,5.04,7.6,False,False,-0.07263565063476562,-0.125
C4_1,it0109,0.37263113260269165,0.408552348613739,0.2631578947368421,0.10526315789473684,6.24,8.08,False,False,0.03592121601104736,-0.15789473684210525
C4_1,it0110,0.15603433549404144,0.2692163288593292,0.3333333333333333,0.2,8.56,8.24,False,False,0.11318199336528778,-0.1333333333333333
C4_1,it0111,0.22823907434940338,0.2775689363479614,0.45454545454545453,0.36363636363636365,10.16,9.04,False,False,0.049329861998558044,-0.09090909090909088
C4_1,it0112,0.540044367313385,0.579927921295166,0.06818181818181818,0.13636363636363635,14.8,13.68,False,False,0.039883553981781006,0.06818181818181818
C4_1,it0113,0.41741904616355896,0.44384461641311646,0.045454545454545456,0.06818181818181818,14.4,12.24,False,False,0.026425570249557495,0.02272727272727272
C4_1,it0114,0.4431975185871124,0.43263503909111023,0.3333333333333333,0.7222222222222222,5.52,5.84,False,False,-0.010562479496002197,0.3888888888888889
C4_1,it0115,0.22610262036323547,0.17492322623729706,0.07142857142857142,0.0,4.08,4.4,False,False,-0.051179394125938416,-0.07142857142857142
C4_1,it0116,0.4523259997367859,0.3519142270088196,0.11764705882352941,0.5294117647058824,4.96,12.96,False,False,-0.10041177272796631,0.4117647058823529
C4_1,it0117,0.5678538084030151,0.5233548879623413,0.35294117647058826,0.29411764705882354,10.24,10.48,False,False,-0.04449892044067383,-0.05882352941176472
C4_1,it0118,0.5165111422538757,0.5986713171005249,0.25,0.3269230769230769,14.96,12.32,False,False,0.08216017484664917,0.07692307692307693
C4_1,it0119,0.41975581645965576,0.3960881233215332,0.42857142857142855,0.07142857142857142,4.64,6.72,False,False,-0.02366769313812256,-0.3571428571428571
C4_1,it0120,0.6307127475738525,0.5356104373931885,0.26666666666666666,0.06666666666666667,5.76,8.0,False,False,-0.09510231018066406,-0.2
C4_1,it0121,0.41576579213142395,0.38167229294776917,0.3,0.35,6.24,6.4,False,False,-0.034093499183654785,0.04999999999999999
C4_1,it0122,0.3168056607246399,0.28624624013900757,0.5,0.4090909090909091,8.32,8.16,False,False,-0.030559420585632324,-0.09090909090909088
C4_1,it0123,0.3943360149860382,0.4064854383468628,0.17647058823529413,0.11764705882352941,5.12,4.48,False,False,0.012149423360824585,-0.05882352941176472
C4_1,it0124,0.441426545381546,0.38339245319366455,0.06060606060606061,0.3333333333333333,11.92,7.44,False,False,-0.05803409218788147,0.2727272727272727
C4_1,it0125,0.3625403046607971,0.3523333966732025,0.1282051282051282,0.1794871794871795,11.52,14.56,False,False,-0.010206907987594604,0.051282051282051294
C4_1,it0126,0.3170900046825409,0.4182884693145752,0.5625,0.0,4.24,6.4,False,False,0.1011984646320343,-0.5625
C4_1,it0127,0.3450487554073334,0.3503286838531494,0.058823529411764705,0.0,5.44,5.44,False,False,0.00527992844581604,-0.058823529411764705
C4_1,it0128,0.3586675524711609,0.29434072971343994,0.4,0.0,5.04,5.84,False,False,-0.06432682275772095,-0.4
C4_1,it0129,0.3737848997116089,0.15444882214069366,0.0,0.0,5.76,6.8,False,False,-0.21933607757091522,0.0
C4_1,it0130,0.380079984664917,0.2631295621395111,0.0,0.0,4.08,7.44,False,False,-0.11695042252540588,0.0
C4_1,it0131,0.2904561460018158,0.3267722427845001,0.0,0.0,10.4,9.76,False,False,0.036316096782684326,0.0
C4_1,it0132,0.11853787302970886,0.15926365554332733,0.0,0.0,4.48,8.0,False,False,0.04072578251361847,0.0
C4_1,it0133,0.5228618383407593,0.6642374396324158,0.03571428571428571,0.0,8.4,10.0,False,False,0.1413756012916565,-0.03571428571428571
C4_1,it0134,0.366995632648468,0.20167675614356995,0.05263157894736842,0.02631578947368421,11.76,11.84,False,False,-0.16531887650489807,-0.02631578947368421
C4_1,it0135,0.4063180387020111,0.30712923407554626,0.07692307692307693,0.10256410256410256,11.52,9.84,False,False,-0.09918880462646484,0.025641025641025633
C4_1,it0136,0.5323271751403809,0.5292555093765259,0.35,0.0,6.64,10.4,False,False,-0.0030716657638549805,-0.35
C4_1,it0137,0.33468005061149597,0.32877790927886963,0.3333333333333333,0.16666666666666666,4.24,9.84,False,False,-0.005902141332626343,-0.16666666666666666
C4_1,it0138,0.5084654092788696,0.6400641202926636,0.3333333333333333,0.16666666666666666,5.92,6.8,False,False,0.13159871101379395,-0.16666666666666666
C4_1,it0139,0.30957868695259094,0.22632591426372528,0.0,0.0,5.68,6.0,False,False,-0.08325277268886566,0.0
C4_1,it0140,0.2919590473175049,0.38736364245414734,0.16666666666666666,0.041666666666666664,7.84,9.36,False,False,0.09540459513664246,-0.125
C4_1,it0141,0.6020306944847107,0.634980320930481,0.13333333333333333,0.4,9.92,9.12,False,False,0.032949626445770264,0.2666666666666667
C4_1,it0142,0.229401096701622,0.24612915515899658,0.2,0.28,6.72,6.96,False,False,0.016728058457374573,0.08000000000000002
C4_1,it0143,0.43489786982536316,0.41011396050453186,0.0625,0.0625,5.28,5.84,False,False,-0.0247839093208313,0.0
C4_1,it0144,0.35903215408325195,0.3053876459598541,0.03571428571428571,0.0,9.04,9.12,False,False,-0.05364450812339783,-0.03571428571428571
C4_1,it0145,0.6037500500679016,0.5773009061813354,0.075,0.075,13.12,12.64,False,False,-0.026449143886566162,0.0
C4_1,it0146,0.3148134648799896,0.42516615986824036,0.1,0.0,5.52,7.76,False,False,0.11035269498825073,-0.1
C4_1,it0147,0.35829806327819824,0.2868499457836151,0.0,0.0,6.0,8.72,False,False,-0.07144811749458313,0.0
C4_1,it0148,0.11332396417856216,0.09557536244392395,0.14285714285714285,0.10714285714285714,8.56,5.92,False,False,-0.017748601734638214,-0.03571428571428571
C4_1,it0149,0.4153057038784027,0.5137155055999756,0.2857142857142857,0.14285714285714285,4.08,3.44,False,False,0.09840980172157288,-0.14285714285714285
C4_1,it0150,0.3796078860759735,0.3689107298851013,0.038461538461538464,0.15384615384615385,7.52,6.56,False,False,-0.010697156190872192,0.11538461538461539
C4_1,it0151,0.4568571448326111,0.6129671335220337,0.0,0.0,5.04,4.4,False,False,0.1561099886894226,0.0
C4_1,it0152,0.3613978624343872,0.3098706007003784,0.0,0.0,5.44,6.16,False,False,-0.05152726173400879,0.0
C4_1,it0153,0.3434651494026184,0.35230395197868347,0.21428571428571427,0.35714285714285715,13.52,11.44,False,False,0.008838802576065063,0.14285714285714288
C4_1,it0154,0.08386798202991486,0.11249737441539764,0.10526315789473684,0.10526315789473684,5.92,6.24,False,False,0.028629392385482788,0.0
C4_1,it0155,0.26361149549484253,0.3383469581604004,0.17857142857142858,0.10714285714285714,8.16,11.68,False,False,0.07473546266555786,-0.07142857142857144
C4_1,it0156,0.3461492955684662,0.2210788130760193,0.14285714285714285,0.19047619047619047,7.2,7.84,False,False,-0.1250704824924469,0.047619047619047616
C4_1,it0157,0.5023695826530457,0.47180116176605225,0.023255813953488372,0.023255813953488372,13.84,13.36,False,False,-0.030568420886993408,0.0
C4_1,it0158,0.13903731107711792,0.2493574321269989,0.10526315789473684,0.10526315789473684,6.08,8.0,False,False,0.11032012104988098,0.0
C4_1,it0159,0.2706983983516693,0.2635723948478699,0.2857142857142857,0.0,4.24,5.12,False,False,-0.0071260035037994385,-0.2857142857142857
C4_1,it0160,0.5566923022270203,0.5133638978004456,0.16129032258064516,0.12903225806451613,8.96,9.76,False,False,-0.04332840442657471,-0.03225806451612903
C4_1,it0161,0.256655752658844,0.2348591387271881,0.10344827586206896,0.06896551724137931,7.84,7.84,False,False,-0.021796613931655884,-0.034482758620689655
C4_1,it0162,0.44419926404953003,0.22751951217651367,0.14814814814814814,0.14814814814814814,7.44,6.4,False,False,-0.21667975187301636,0.0
C4_1,it0163,0.4066350758075714,0.37344008684158325,0.0,0.0,4.4,4.96,False,False,-0.03319498896598816,0.0
C4_1,it0164,0.44940975308418274,0.29399028420448303,0.12903225806451613,0.0,8.4,6.48,False,False,-0.1554194688796997,-0.12903225806451613
C4_1,it0165,0.36615195870399475,0.2558939456939697,0.12121212121212122,0.06060606060606061,12.32,14.96,False,False,-0.11025801301002502,-0.06060606060606061
C4_1,it0166,0.25163716077804565,0.34659409523010254,0.08333333333333333,0.08333333333333333,4.16,9.6,False,False,0.09495693445205688,0.0
C4_1,it0167,0.4290505051612854,0.5089890956878662,0.21052631578947367,0.3157894736842105,6.0,7.12,False,False,0.07993859052658081,0.10526315789473684
C4_1,it0168,0.3658311665058136,0.36399024724960327,0.0,0.1,4.16,3.44,False,False,-0.0018409192562103271,0.1
C4_1,it0169,0.3586556315422058,0.27936920523643494,0.1,0.25,6.4,8.56,False,False,-0.07928642630577087,0.15
C4_1,it0170,0.40946388244628906,0.34096840023994446,0.17647058823529413,0.11764705882352941,5.2,6.56,False,False,-0.0684954822063446,-0.05882352941176472
C4_1,it0171,0.5233567357063293,0.5298761129379272,0.047619047619047616,0.047619047619047616,7.44,6.0,False,False,0.0065193772315979,0.0
C4_1,it0172,0.2893126308917999,0.24967750906944275,0.0,0.0,7.68,6.88,False,False,-0.03963512182235718,0.0
C4_1,it0173,0.5354819893836975,0.6194828152656555,0.03333333333333333,0.06666666666666667,9.12,8.08,False,False,0.08400082588195801,0.03333333333333333
C4_1,it0174,0.3797624111175537,0.38003626465797424,0.125,0.125,4.96,4.8,False,False,0.0002738535404205322,0.0
C4_1,it0175,0.31034359335899353,0.3117097318172455,0.06666666666666667,0.2,5.12,9.76,False,False,0.0013661384582519531,0.13333333333333336
C4_1,it0176,0.2858922779560089,0.43101873993873596,0.0,0.1111111111111111,5.04,5.68,False,False,0.14512646198272705,0.1111111111111111
C4_1,it0177,0.36147552728652954,0.4930333197116852,0.05263157894736842,0.10526315789473684,5.28,5.28,False,False,0.13155779242515564,0.05263157894736842
C4_1,it0178,0.2616852819919586,0.1291523277759552,0.17647058823529413,0.4117647058823529,5.84,4.0,False,False,-0.13253295421600342,0.2352941176470588
C4_1,it0179,0.6554152965545654,0.6234853267669678,0.06451612903225806,0.0967741935483871,11.12,10.4,False,False,-0.031929969787597656,0.03225806451612903
C4_1,it0180,0.4294489324092865,0.38337042927742004,0.07142857142857142,0.0,4.32,4.32,False,False,-0.046078503131866455,-0.07142857142857142
C4_1,it0181,0.49187278747558594,0.45322519540786743,0.0,0.07317073170731707,12.96,14.96,False,False,-0.038647592067718506,0.07317073170731707
C4_1,it0182,0.4168764054775238,0.5095744132995605,0.0,0.28,6.8,5.04,False,False,0.09269800782203674,0.28
C4_1,it0183,0.3878135681152344,0.5465793609619141,0.12,0.0,6.48,5.68,False,False,0.1587657928466797,-0.12
C4_1,it0184,0.2387804239988327,0.21510738134384155,0.2,0.26666666666666666,4.96,4.64,False,False,-0.02367304265499115,0.06666666666666665
C4_1,it0185,0.2684609889984131,0.2911190986633301,0.0,0.25806451612903225,9.92,6.32,False,False,0.022658109664916992,0.25806451612903225
C4_1,it0186,0.44619715213775635,0.478323757648468,0.08333333333333333,0.08333333333333333,6.08,5.84,False,False,0.03212660551071167,0.0
C4_1,it0187,0.4945715665817261,0.3845043480396271,0.0625,0.0625,4.56,4.0,False,False,-0.110067218542099,0.0
C4_1,it0188,0.3415878117084503,0.44395923614501953,0.2777777777777778,0.0,4.96,5.2,False,False,0.10237142443656921,-0.2777777777777778
C4_1,it0189,0.3379349708557129,0.398578941822052,0.1,0.0,5.6,5.04,False,False,0.06064397096633911,-0.1
C4_1,it0190,0.4836152195930481,0.6365646719932556,0.0,0.0,5.92,5.68,False,False,0.15294945240020752,0.0
C4_1,it0191,0.2863985300064087,0.29417091608047485,0.04,0.08,8.24,6.32,False,False,0.007772386074066162,0.04
C4_1,it0192,0.5255197882652283,0.6484262943267822,0.14814814814814814,0.18518518518518517,7.68,7.04,False,False,0.12290650606155396,0.037037037037037035
C4_1,it0193,0.2702127993106842,0.21754367649555206,0.25,0.3125,5.68,5.2,False,False,-0.05266912281513214,0.0625
C4_1,it0194,0.636581301689148,0.6102429628372192,0.0,0.0,6.56,5.44,False,False,-0.02633833885192871,0.0
C4_1,it0195,0.5426900386810303,0.39978906512260437,0.0,0.23076923076923078,8.64,6.48,False,False,-0.1429009735584259,0.23076923076923078
C4_1,it0196,0.2741107940673828,0.30570101737976074,0.0,0.21428571428571427,6.88,10.4,False,False,0.03159022331237793,0.21428571428571427
C4_1,it0197,0.32963186502456665,0.3151994049549103,0.0,0.0,4.72,5.76,False,False,-0.014432460069656372,0.0
C4_1,it0198,0.18147622048854828,0.23967711627483368,0.0,0.25,4.48,5.76,False,False,0.0582008957862854,0.25
C4_1,it0199,0.44916319847106934,0.398095965385437,0.058823529411764705,0.0,6.08,6.56,False,False,-0.051067233085632324,-0.058823529411764705
C4_1,it0200,0.3671454191207886,0.36820554733276367,0.09090909090909091,0.045454545454545456,7.28,7.12,False,False,0.0010601282119750977,-0.045454545454545456
C4_1,it0201,0.5236777663230896,0.24048306047916412,0.0,0.2777777777777778,5.92,5.92,False,False,-0.2831947058439255,0.2777777777777778
C4_1,it0202,0.562282145023346,0.39113152027130127,0.0,0.0,4.72,6.64,False,False,-0.17115062475204468,0.0
C4_1,it0203,0.4203360974788666,0.4961874783039093,0.15384615384615385,0.038461538461538464,6.88,6.72,False,False,0.07585138082504272,-0.11538461538461539
C4_1,it0204,0.3861008882522583,0.3426250219345093,0.04,0.32,8.16,5.52,False,False,-0.04347586631774902,0.28
C4_1,it0205,0.46522217988967896,0.412991464138031,0.2916666666666667,0.041666666666666664,6.96,8.88,False,False,-0.05223071575164795,-0.25
C4_1,it0206,0.396375834941864,0.5618274211883545,0.09090909090909091,0.15151515151515152,9.84,6.64,False,False,0.16545158624649048,0.06060606060606061
C4_1,it0207,0.40869414806365967,0.3733622431755066,0.0,0.05555555555555555,5.92,7.76,False,False,-0.035331904888153076,0.05555555555555555
C4_1,it0208,0.4402737021446228,0.34244292974472046,0.0967741935483871,0.25806451612903225,11.28,8.96,False,False,-0.09783077239990234,0.16129032258064516
C4_1,it0209,0.48288649320602417,0.6205857396125793,0.16,0.04,7.44,9.92,False,False,0.13769924640655518,-0.12
C4_1,it0210,0.16200102865695953,0.2882598042488098,0.23809523809523808,0.23809523809523808,11.92,9.44,False,False,0.12625877559185028,0.0
C4_1,it0211,0.5837918519973755,0.5766535997390747,0.11764705882352941,0.08823529411764706,11.44,14.32,False,False,-0.007138252258300781,-0.029411764705882346
C4_1,it0212,0.2878284156322479,0.20045015215873718,0.10526315789473684,0.10526315789473684,5.28,6.24,False,False,-0.08737826347351074,0.0
C4_1,it0213,0.4252275824546814,0.41931337118148804,0.1111111111111111,0.1111111111111111,7.68,8.8,False,False,-0.005914211273193359,0.0
C4_1,it0214,0.4864291846752167,0.507064700126648,0.05128205128205128,0.1794871794871795,10.8,7.76,False,False,0.020635515451431274,0.1282051282051282
C4_1,it0215,0.13536928594112396,0.264946311712265,0.2727272727272727,0.7272727272727273,4.88,13.84,False,False,0.12957702577114105,0.4545454545454546
C4_1,it0216,0.2707267105579376,0.3470415472984314,0.0,0.26666666666666666,5.12,6.8,False,False,0.07631483674049377,0.26666666666666666
C4_1,it0217,0.2905624806880951,0.316116601228714,0.7619047619047619,0.3333333333333333,7.12,11.84,False,False,0.025554120540618896,-0.42857142857142855
C4_1,it0218,0.5724011659622192,0.5864551663398743,0.058823529411764705,0.11764705882352941,5.44,5.36,False,False,0.01405400037765503,0.058823529411764705
C4_1,it0219,0.41806119680404663,0.300595223903656,0.20588235294117646,0.23529411764705882,11.04,8.08,False,False,-0.11746597290039062,0.02941176470588236
C4_1,it0220,0.32266202569007874,0.3139105439186096,0.0,0.08695652173913043,5.68,4.32,False,False,-0.008751481771469116,0.08695652173913043
C4_1,it0221,0.2650987207889557,0.3213067054748535,0.029411764705882353,0.0,9.76,13.44,False,False,0.05620798468589783,-0.029411764705882353
C4_1,it0222,0.632243275642395,0.4865330755710602,0.5,0.3125,4.08,8.48,False,False,-0.14571020007133484,-0.1875
C4_1,it0223,0.4986368715763092,0.5080734491348267,0.03333333333333333,0.13333333333333333,8.4,10.96,False,False,0.009436577558517456,0.1
C4_1,it0224,0.2892727851867676,0.2588760554790497,0.047619047619047616,0.047619047619047616,5.76,6.0,False,False,-0.030396729707717896,0.0
C4_1,it0225,0.4801352322101593,0.4248655438423157,0.09090909090909091,0.18181818181818182,8.16,6.4,False,False,-0.05526968836784363,0.09090909090909091
C4_1,it0226,0.34617650508880615,0.37763410806655884,0.10714285714285714,0.25,8.4,6.64,False,False,0.031457602977752686,0.14285714285714285
C4_1,it0227,0.2554052472114563,0.14852645993232727,0.55,0.35,5.36,4.96,False,False,-0.10687878727912903,-0.20000000000000007
C4_1,it0228,0.7160612940788269,0.6792331337928772,0.0,0.05555555555555555,5.36,5.36,False,False,-0.03682816028594971,0.05555555555555555
C4_1,it0229,0.31203147768974304,0.2208055704832077,0.045454545454545456,0.045454545454545456,6.64,6.88,False,False,-0.09122590720653534,0.0
C4_1,it0230,0.5907611846923828,0.6253131628036499,0.0,0.04,8.0,6.48,False,False,0.03455197811126709,0.04
C4_1,it0231,0.39255428314208984,0.39961981773376465,0.0967741935483871,0.0,10.0,10.64,False,False,0.007065534591674805,-0.0967741935483871
C4_1,it0232,0.1913798749446869,0.26433706283569336,0.18181818181818182,0.09090909090909091,6.88,6.32,False,False,0.07295718789100647,-0.09090909090909091
C4_1,it0233,0.41894102096557617,0.37590205669403076,0.09523809523809523,0.19047619047619047,6.96,6.08,False,False,-0.04303896427154541,0.09523809523809523
C4_1,it0234,0.5517822504043579,0.6188555359840393,0.13793103448275862,0.3448275862068966,10.64,8.8,False,False,0.0670732855796814,0.20689655172413796
C4_1,it0235,0.34356969594955444,0.32049286365509033,0.21052631578947367,0.21052631578947367,6.24,8.64,False,False,-0.02307683229446411,0.0
C4_1,it0236,0.28129076957702637,0.32621756196022034,0.3333333333333333,0.0,5.04,9.2,False,False,0.04492679238319397,-0.3333333333333333
C4_1,it0237,0.39287468791007996,0.43456998467445374,0.23529411764705882,0.0,5.44,8.16,False,False,0.04169529676437378,-0.23529411764705882
C4_1,it0238,0.3119755983352661,0.5038278698921204,0.0,0.0,5.12,3.84,False,False,0.19185227155685425,0.0
C4_1,it0239,0.49736857414245605,0.4355188012123108,0.10344827586206896,0.034482758620689655,8.56,7.2,False,False,-0.061849772930145264,-0.06896551724137931
C4_1,it0240,0.34926965832710266,0.3687971532344818,0.0,0.0,4.08,3.28,False,False,0.01952749490737915,0.0
C4_1,it0241,0.4710649847984314,0.4348229169845581,0.375,0.5,4.48,7.68,False,False,-0.03624206781387329,0.125
C4_1,it0242,0.39172616600990295,0.487725168466568,0.0,0.0,6.48,6.32,False,False,0.09599900245666504,0.0
C4_1,it0243,0.4473828971385956,0.3214617073535919,0.15384615384615385,0.5384615384615384,4.24,6.96,False,False,-0.12592118978500366,0.3846153846153846
C4_1,it0244,0.2902604043483734,0.4561474323272705,0.0,0.125,5.04,4.32,False,False,0.1658870279788971,0.125
C4_1,it0245,0.481032133102417,0.39193296432495117,0.058823529411764705,0.11764705882352941,5.12,4.48,False,False,-0.08909916877746582,0.058823529411764705
C4_1,it0246,0.5890707969665527,0.5267818570137024,0.09090909090909091,0.06818181818181818,12.56,13.44,False,False,-0.06228893995285034,-0.022727272727272735
C4_1,it0247,0.20846261084079742,0.4665146470069885,0.29411764705882354,0.0,5.68,7.28,False,False,0.2580520361661911,-0.29411764705882354
C4_1,it0248,0.4149330258369446,0.2829422354698181,0.0,0.1724137931034483,8.16,8.16,False,False,-0.13199079036712646,0.1724137931034483
C4_1,it0249,0.4274105131626129,0.5011127591133118,0.3,0.15,6.64,5.92,False,False,0.07370224595069885,-0.15
C4_1,it0250,0.2548067569732666,0.2937464714050293,0.11904761904761904,0.35714285714285715,13.76,14.96,False,False,0.038939714431762695,0.2380952380952381
C4_1,it0251,0.48423928022384644,0.5422731637954712,0.125,0.1875,8.16,11.44,False,False,0.058033883571624756,0.0625
C4_1,it0252,0.19924113154411316,0.3508383631706238,0.3333333333333333,0.16666666666666666,4.24,7.76,False,False,0.15159723162651062,-0.16666666666666666
C4_1,it0253,0.7129307985305786,0.546008288860321,0.6923076923076923,0.15384615384615385,4.24,6.08,False,False,-0.16692250967025757,-0.5384615384615384
C4_1,it0254,0.4284113347530365,0.37678489089012146,0.3333333333333333,0.03333333333333333,10.08,7.28,False,False,-0.05162644386291504,-0.3
C4_1,it0255,0.46035075187683105,0.5029460191726685,0.06451612903225806,0.06451612903225806,11.04,12.72,False,False,0.0425952672958374,0.0
C4_1,it0256,0.22605940699577332,0.35932832956314087,0.14705882352941177,0.3235294117647059,9.6,11.52,False,False,0.13326892256736755,0.17647058823529413
C4_1,it0257,0.4376484751701355,0.5142754316329956,0.32142857142857145,0.03571428571428571,7.68,7.68,False,False,0.07662695646286011,-0.28571428571428575
C4_1,it0258,0.5940576791763306,0.5799638628959656,0.047619047619047616,0.0,6.48,8.4,False,False,-0.01409381628036499,-0.047619047619047616
C4_1,it0259,0.529670238494873,0.5316354632377625,0.12244897959183673,0.1836734693877551,13.28,11.2,False,False,0.0019652247428894043,0.06122448979591838
C4_1,it0260,0.5399734973907471,0.4966786801815033,0.06666666666666667,0.0,4.48,6.56,False,False,-0.043294817209243774,-0.06666666666666667
C4_1,it0261,0.5555883646011353,0.5137461423873901,0.1111111111111111,0.14814814814814814,11.44,8.64,False,False,-0.04184222221374512,0.037037037037037035
C4_1,it0262,0.38633859157562256,0.33250683546066284,0.25925925925925924,0.2222222222222222,8.16,6.96,False,False,-0.05383175611495972,-0.037037037037037035
C4_1,it0263,0.44647035002708435,0.4458736181259155,0.0,0.0,5.68,5.6,False,False,-0.0005967319011688232,0.0
C4_1,it0264,0.37367212772369385,0.4392538070678711,0.125,0.0,4.72,5.84,False,False,0.06558167934417725,-0.125
C4_1,it0265,0.3676512837409973,0.4351472556591034,0.16666666666666666,0.08333333333333333,11.76,14.96,False,False,0.06749597191810608,-0.08333333333333333
C4_1,it0266,0.42791375517845154,0.38139215111732483,0.0,0.0,7.92,8.24,False,False,-0.04652160406112671,0.0
C4_1,it0267,0.3581288158893585,0.48053255677223206,0.037037037037037035,0.037037037037037035,8.56,10.4,False,False,0.12240374088287354,0.0
C4_1,it0268,0.3532160818576813,0.2722688615322113,0.3333333333333333,0.15151515151515152,9.36,9.92,False,False,-0.08094722032546997,-0.1818181818181818
C4_1,it0269,0.4333775043487549,0.506117582321167,0.4583333333333333,0.3333333333333333,7.76,5.76,False,False,0.07274007797241211,-0.125
C4_1,it0270,0.6568766236305237,0.6540433168411255,0.02564102564102564,0.05128205128205128,11.6,8.72,False,False,-0.0028333067893981934,0.02564102564102564
C4_1,it0271,0.25399520993232727,0.42667385935783386,0.13333333333333333,0.4666666666666667,4.24,8.56,False,False,0.1726786494255066,0.33333333333333337
C4_1,it0272,0.31574732065200806,0.3482697606086731,0.11764705882352941,0.20588235294117646,9.2,8.56,False,False,0.03252243995666504,0.08823529411764705
C4_1,it0273,0.3869832158088684,0.39943838119506836,0.0,0.0,5.92,5.12,False,False,0.012455165386199951,0.0
C4_1,it0274,0.1404453068971634,0.3010495901107788,0.11538461538461539,0.34615384615384615,10.32,7.2,False,False,0.16060428321361542,0.23076923076923075
C4_1,it0275,0.5686798095703125,0.6114791035652161,0.0,0.0625,7.68,7.28,False,False,0.042799293994903564,0.0625
C4_1,it0276,0.45696812868118286,0.5017703771591187,0.08333333333333333,0.08333333333333333,4.08,4.32,False,False,0.04480224847793579,0.0
C4_1,it0277,0.3341823220252991,0.3619951903820038,0.08333333333333333,0.22916666666666666,13.52,10.08,False,False,0.027812868356704712,0.14583333333333331
C4_1,it0278,0.24042128026485443,0.3287443518638611,0.25,0.2857142857142857,7.92,8.64,False,False,0.08832307159900665,0.0357142857142857
C4_1,it0279,0.6025620698928833,0.5579423904418945,0.2631578947368421,0.2894736842105263,12.16,12.48,False,False,-0.04461967945098877,0.026315789473684237
C4_1,it0280,0.4016999900341034,0.4843076467514038,0.3888888888888889,0.2222222222222222,6.4,5.36,False,False,0.08260765671730042,-0.16666666666666669
C4_1,it0281,0.279180109500885,0.2379922866821289,0.0,0.2727272727272727,4.0,2.72,False,False,-0.041187822818756104,0.2727272727272727
C4_1,it0282,0.4313070476055145,0.28351786732673645,0.08,0.28,6.32,6.4,False,False,-0.14778918027877808,0.2
C4_1,it0283,0.5560321807861328,0.4742240309715271,0.0625,0.25,5.36,4.56,False,False,-0.08180814981460571,0.1875
C4_1,it0284,0.24569836258888245,0.14902101457118988,0.11538461538461539,0.11538461538461539,8.88,7.92,False,False,-0.09667734801769257,0.0
C4_1,it0285,0.5173057317733765,0.47731417417526245,0.24390243902439024,0.024390243902439025,13.2,12.88,False,False,-0.039991557598114014,-0.21951219512195122
C4_1,it0286,0.3817504346370697,0.30139225721359253,0.2857142857142857,0.10714285714285714,8.48,8.56,False,False,-0.08035817742347717,-0.17857142857142855
C4_1,it0287,0.5290082097053528,0.6390165090560913,0.3181818181818182,0.3181818181818182,7.84,8.96,False,False,0.11000829935073853,0.0
C4_1,it0288,0.5196768045425415,0.5860943794250488,0.6818181818181818,0.2727272727272727,14.24,13.68,False,False,0.06641757488250732,-0.40909090909090906
C4_1,it0289,0.49268537759780884,0.3962036669254303,0.1111111111111111,0.0,5.68,9.52,False,False,-0.09648171067237854,-0.1111111111111111
C4_1,it0290,0.24290107190608978,0.12047309428453445,0.14285714285714285,0.11904761904761904,12.08,11.28,False,False,-0.12242797762155533,-0.023809523809523808
C4_1,it0291,0.31333380937576294,0.3380690813064575,0.0,0.05555555555555555,5.44,9.28,False,False,0.02473527193069458,0.05555555555555555
C4_1,it0292,0.3564295768737793,0.3231166899204254,0.05714285714285714,0.08571428571428572,11.12,9.36,False,False,-0.03331288695335388,0.028571428571428574
C4_1,it0293,0.4582221210002899,0.41570764780044556,0.08333333333333333,0.125,6.56,5.36,False,False,-0.04251447319984436,0.04166666666666667
C4_1,it0294,0.39265280961990356,0.38868820667266846,0.1111111111111111,0.1111111111111111,6.48,7.28,False,False,-0.003964602947235107,0.0
C4_1,it0295,0.3994031846523285,0.4770921766757965,0.09433962264150944,0.16981132075471697,14.24,11.68,False,False,0.07768899202346802,0.07547169811320753
C4_1,it0296,0.49753156304359436,0.5026366710662842,0.125,0.375,13.44,8.72,False,False,0.005105108022689819,0.25
C4_1,it0297,0.43839049339294434,0.3610222339630127,0.44,0.28,7.44,8.48,False,False,-0.07736825942993164,-0.15999999999999998
C4_1,it0298,0.4933496117591858,0.4307100474834442,0.125,0.125,6.08,4.16,False,False,-0.06263956427574158,0.0
C4_1,it0299,0.5786645412445068,0.5987842679023743,0.05714285714285714,0.08571428571428572,11.36,10.56,False,False,0.02011972665786743,0.028571428571428574
C4_1,it0300,0.33269771933555603,0.44028711318969727,0.0,0.0,6.32,5.6,False,False,0.10758939385414124,0.0
C4_1,it0301,0.5523930788040161,0.4615700840950012,0.125,0.1875,9.84,9.28,False,False,-0.09082299470901489,0.0625
C4_1,it0302,0.6143710017204285,0.5400894284248352,0.11904761904761904,0.11904761904761904,11.28,13.68,False,False,-0.07428157329559326,0.0
C4_1,it0303,0.4558465778827667,0.4952192008495331,0.05,0.15,6.56,6.64,False,False,0.03937262296676636,0.09999999999999999
C4_1,it0304,0.45993804931640625,0.3756290078163147,0.0,0.07692307692307693,5.44,4.96,False,False,-0.08430904150009155,0.07692307692307693
C4_1,it0305,0.3210679292678833,0.35794007778167725,0.06666666666666667,0.06666666666666667,12.8,14.96,False,False,0.036872148513793945,0.0
C4_1,it0306,0.5390145182609558,0.4360809326171875,0.19047619047619047,0.047619047619047616,6.56,6.72,False,False,-0.10293358564376831,-0.14285714285714285
C4_1,it0307,0.3341277539730072,0.29926133155822754,0.07142857142857142,0.07142857142857142,5.04,6.72,False,False,-0.03486642241477966,0.0
C4_1,it0308,0.4740268588066101,0.5760238170623779,0.23529411764705882,0.058823529411764705,10.4,7.52,False,False,0.10199695825576782,-0.1764705882352941
C4_1,it0309,0.49885523319244385,0.3690812289714813,0.07692307692307693,0.15384615384615385,5.2,3.84,False,False,-0.12977400422096252,0.07692307692307693
C4_1,it0310,0.37254270911216736,0.48353758454322815,0.2,0.36666666666666664,8.48,5.52,False,False,0.11099487543106079,0.16666666666666663
C4_1,it0311,0.46831661462783813,0.3668684661388397,0.19047619047619047,0.2857142857142857,5.84,3.44,False,False,-0.10144814848899841,0.09523809523809523
C4_1,it0312,0.5353050827980042,0.6315982937812805,0.47619047619047616,0.14285714285714285,12.24,12.4,False,False,0.09629321098327637,-0.3333333333333333
C4_1,it0313,0.48558640480041504,0.4672152101993561,0.17647058823529413,0.0,4.96,7.76,False,False,-0.01837119460105896,-0.17647058823529413
C4_1,it0314,0.18355213105678558,0.19402000308036804,0.12,0.2,6.32,5.76,False,False,0.010467872023582458,0.08000000000000002
C4_1,it0315,0.4885631799697876,0.37865936756134033,0.0,0.16,7.92,8.0,False,False,-0.10990381240844727,0.16
C4_1,it0316,0.36118438839912415,0.4398571252822876,0.10416666666666667,0.2916666666666667,13.28,14.96,False,False,0.07867273688316345,0.1875
C4_1,it0317,0.30133262276649475,0.42845219373703003,0.037037037037037035,0.0,8.16,9.28,False,False,0.12711957097053528,-0.037037037037037035
C4_1,it0318,0.3775710165500641,0.28571638464927673,0.125,0.625,5.04,13.84,False,False,-0.09185463190078735,0.5
C4_1,it0319,0.39226508140563965,0.46417802572250366,0.0,0.0,5.6,8.48,False,False,0.07191294431686401,0.0
C4_1,it0320,0.4581422507762909,0.5693246722221375,0.2692307692307692,0.19230769230769232,8.0,8.32,False,False,0.11118242144584656,-0.0769230769230769
C4_1,it0321,0.17240378260612488,0.25660616159439087,0.0,0.05555555555555555,5.12,4.08,False,False,0.08420237898826599,0.05555555555555555
C4_1,it0322,0.49204114079475403,0.5578633546829224,0.47058823529411764,0.23529411764705882,4.72,12.56,False,False,0.06582221388816833,-0.23529411764705882
C4_1,it0323,0.5334188938140869,0.4830310344696045,0.1,0.0,6.96,9.04,False,False,-0.05038785934448242,-0.1
C4_1,it0324,0.4780902564525604,0.5125188827514648,0.0,0.0,5.92,6.08,False,False,0.03442862629890442,0.0
C4_1,it0325,0.2450595647096634,0.3403676748275757,0.022727272727272728,0.022727272727272728,12.8,12.0,False,False,0.09530811011791229,0.0
C4_1,it0326,0.21866178512573242,0.030472811311483383,0.0,0.2916666666666667,5.92,7.04,False,False,-0.18818897381424904,0.2916666666666667
C4_1,it0327,0.3508192300796509,0.41243118047714233,0.06666666666666667,0.0,4.56,4.48,False,False,0.061611950397491455,-0.06666666666666667
C4_1,it0328,0.35495898127555847,0.5898973941802979,0.41379310344827586,0.27586206896551724,8.0,5.36,False,False,0.23493841290473938,-0.13793103448275862
C4_1,it0329,0.3851703107357025,0.4152231812477112,0.16666666666666666,0.0,4.24,8.4,False,False,0.030052870512008667,-0.16666666666666666
C4_1,it0330,0.38178521394729614,0.4372710883617401,0.058823529411764705,0.029411764705882353,9.6,8.32,False,False,0.05548587441444397,-0.029411764705882353
C4_1,it0331,0.47029590606689453,0.5804062485694885,0.037037037037037035,0.18518518518518517,8.88,11.68,False,False,0.110110342502594,0.14814814814814814
C4_1,it0332,0.4321228861808777,0.42744386196136475,0.08333333333333333,0.0,4.0,5.36,False,False,-0.0046790242195129395,-0.08333333333333333
C4_1,it0333,0.4943675398826599,0.6150858998298645,0.12195121951219512,0.0975609756097561,12.24,12.88,False,False,0.12071835994720459,-0.02439024390243902
C4_1,it0334,0.354518860578537,0.2836174964904785,0.0625,0.08333333333333333,13.76,14.96,False,False,-0.07090136408805847,0.02083333333333333
C4_1,it0335,0.48312515020370483,0.4102718234062195,0.0,0.0,4.48,5.76,False,False,-0.07285332679748535,0.0
C4_1,it0336,0.5645714402198792,0.6221763491630554,0.05714285714285714,0.0,11.84,9.44,False,False,0.05760490894317627,-0.05714285714285714
C4_1,it0337,0.2805730104446411,0.25189170241355896,0.07692307692307693,0.10256410256410256,13.44,12.64,False,False,-0.028681308031082153,0.025641025641025633
C4_1,it0338,0.42881590127944946,0.4556761384010315,0.11764705882352941,0.11764705882352941,6.24,6.56,False,False,0.02686023712158203,0.0
C4_1,it0339,0.5351049900054932,0.4485102891921997,0.08,0.08,7.2,8.16,False,False,-0.08659470081329346,0.0
C4_1,it0340,0.13069316744804382,0.26542791724205017,0.3076923076923077,0.15384615384615385,4.16,4.72,False,False,0.13473474979400635,-0.15384615384615385
C4_1,it0341,0.5933929681777954,0.6054757237434387,0.03571428571428571,0.03571428571428571,8.88,7.92,False,False,0.01208275556564331,0.0
C4_1,it0342,0.3260377049446106,0.24263031780719757,0.0625,0.0,6.88,7.76,False,False,-0.08340738713741302,-0.0625
C4_1,it0343,0.3639017641544342,0.31219467520713806,0.37777777777777777,0.17777777777777778,13.76,10.72,False,False,-0.05170708894729614,-0.19999999999999998
C4_1,it0344,0.5904700756072998,0.661647617816925,0.0,0.07692307692307693,8.16,5.44,False,False,0.07117754220962524,0.07692307692307693
C4_1,it0345,0.1699744164943695,0.23337839543819427,0.3333333333333333,0.37037037037037035,7.52,5.84,False,False,0.06340397894382477,0.037037037037037035
C4_1,it0346,0.3723366856575012,0.4474869966506958,0.043478260869565216,0.17391304347826086,6.96,5.12,False,False,0.07515031099319458,0.13043478260869565
C4_1,it0347,0.5062211155891418,0.49527430534362793,0.02564102564102564,0.1282051282051282,11.76,13.76,False,False,-0.010946810245513916,0.10256410256410256
C4_1,it0348,0.22007904946804047,0.3912844955921173,0.06666666666666667,0.0,4.08,4.0,False,False,0.17120544612407684,-0.06666666666666667
C4_1,it0349,0.26696982979774475,0.1980786919593811,0.030303030303030304,0.06060606060606061,12.16,14.96,False,False,-0.06889113783836365,0.030303030303030304
C4_1,it0350,0.3548641502857208,0.35640835762023926,0.0,0.2857142857142857,7.44,9.2,False,False,0.0015442073345184326,0.2857142857142857
C4_1,it0351,0.4451001286506653,0.3136783838272095,0.13636363636363635,0.13636363636363635,8.4,11.6,False,False,-0.1314217448234558,0.0
C4_1,it0352,0.42614391446113586,0.38874107599258423,0.041666666666666664,0.0,8.64,8.08,False,False,-0.037402838468551636,-0.041666666666666664
C4_1,it0353,0.5351172089576721,0.3665449917316437,0.2692307692307692,0.11538461538461539,6.8,7.6,False,False,-0.16857221722602844,-0.15384615384615383
C4_1,it0354,0.42145857214927673,0.4486371576786041,0.05,0.05,6.0,6.08,False,False,0.027178585529327393,0.0
C4_1,it0355,0.48431578278541565,0.447955459356308,0.037037037037037035,0.0,9.12,7.12,False,False,-0.036360323429107666,-0.037037037037037035
C4_1,it0356,0.2573910653591156,0.1954576075077057,0.07692307692307693,0.07692307692307693,4.48,4.88,False,False,-0.06193345785140991,0.0
C4_1,it0357,0.5116708278656006,0.4652773439884186,0.0,0.1,8.32,6.56,False,False,-0.04639348387718201,0.1
C4_1,it0358,0.37629997730255127,0.3448198735713959,0.13043478260869565,0.13043478260869565,8.96,8.48,False,False,-0.031480103731155396,0.0
C4_1,it0359,0.6147685050964355,0.5166499018669128,0.22727272727272727,0.11363636363636363,13.52,10.4,False,False,-0.0981186032295227,-0.11363636363636363
C4_1,it0360,0.5868004560470581,0.6017727851867676,0.0,0.043478260869565216,6.96,7.76,False,False,0.014972329139709473,0.043478260869565216
C4_1,it0361,0.17816902697086334,0.4593541920185089,0.058823529411764705,0.17647058823529413,6.4,5.52,False,False,0.28118516504764557,0.11764705882352942
C4_1,it0362,0.46987730264663696,0.4787192940711975,0.06666666666666667,0.06666666666666667,4.16,5.04,False,False,0.008841991424560547,0.0
C4_1,it0363,0.5168304443359375,0.5178756713867188,0.12195121951219512,0.07317073170731707,12.64,13.36,False,False,0.00104522705078125,-0.04878048780487805
C4_1,it0364,0.5336819887161255,0.5789093971252441,0.12,0.16,8.4,8.56,False,False,0.04522740840911865,0.04000000000000001
C4_1,it0365,0.5378989577293396,0.5775147676467896,0.0,0.0,4.56,5.04,False,False,0.03961580991744995,0.0
C4_1,it0366,0.3621886968612671,0.23965054750442505,0.11538461538461539,0.038461538461538464,9.04,7.68,False,False,-0.12253814935684204,-0.07692307692307693
C4_1,it0367,0.4959752857685089,0.30745992064476013,0.1,0.06,14.64,14.96,False,False,-0.18851536512374878,-0.04000000000000001
C4_1,it0368,0.4107212424278259,0.2504241466522217,0.0,0.14285714285714285,6.24,5.92,False,False,-0.16029709577560425,0.14285714285714285
C4_1,it0369,0.3720197081565857,0.5042698383331299,0.0,0.0,4.72,6.08,False,False,0.1322501301765442,0.0
C4_1,it0370,0.5723326802253723,0.5580223202705383,0.12,0.08,9.68,13.44,False,False,-0.014310359954833984,-0.039999999999999994
C4_1,it0371,0.042337968945503235,0.13021953403949738,0.15625,0.34375,9.12,14.96,False,False,0.08788156509399414,0.1875
C4_1,it0372,0.6113548278808594,0.5169474482536316,0.06896551724137931,0.034482758620689655,8.4,7.6,False,False,-0.09440737962722778,-0.034482758620689655
C4_1,it0373,0.4497765600681305,0.5175988674163818,0.037037037037037035,0.0,10.24,13.28,False,False,0.06782230734825134,-0.037037037037037035
C4_1,it0374,0.39641979336738586,0.33358627557754517,0.1111111111111111,0.05555555555555555,5.68,5.92,False,False,-0.0628335177898407,-0.05555555555555555
C4_1,it0375,0.2224021553993225,0.39582961797714233,0.06666666666666667,0.0,4.0,4.24,False,False,0.17342746257781982,-0.06666666666666667
C4_1,it0376,0.3566574454307556,0.3918299078941345,0.16666666666666666,0.2777777777777778,6.24,6.0,False,False,0.035172462463378906,0.11111111111111113
C4_1,it0377,0.2781752943992615,0.1980394721031189,0.0,0.0,7.84,10.08,False,False,-0.08013582229614258,0.0
C4_1,it0378,0.4679720997810364,0.4815559983253479,0.26666666666666666,0.2,5.04,12.4,False,False,0.013583898544311523,-0.06666666666666665
C4_1,it0379,0.30993524193763733,0.30249300599098206,0.0,0.0,5.28,6.48,False,False,-0.0074422359466552734,0.0
C4_1,it0380,0.3443211615085602,0.3725161850452423,0.10526315789473684,0.0,4.88,5.44,False,False,0.02819502353668213,-0.10526315789473684
C4_1,it0381,0.43081700801849365,0.4505259692668915,0.07692307692307693,0.0,4.8,6.24,False,False,0.019708961248397827,-0.07692307692307693
C4_1,it0382,0.35571837425231934,0.41221487522125244,0.2727272727272727,0.09090909090909091,6.72,11.76,False,False,0.056496500968933105,-0.1818181818181818
C4_1,it0383,0.3133231997489929,0.3706192970275879,0.20512820512820512,0.10256410256410256,10.56,10.56,False,False,0.05729609727859497,-0.10256410256410256
C4_1,it0384,0.0268193818628788,0.09199350327253342,0.3333333333333333,0.2,4.0,4.4,False,False,0.06517412140965462,-0.1333333333333333
C4_1,it0385,0.24341778457164764,0.2130504548549652,0.16666666666666666,0.0,4.24,7.28,False,False,-0.030367329716682434,-0.16666666666666666
C4_1,it0386,0.5140594840049744,0.5315940380096436,0.07142857142857142,0.0,4.72,4.08,False,False,0.01753455400466919,-0.07142857142857142
C4_1,it0387,0.1256825178861618,0.22002258896827698,0.06060606060606061,0.0,11.36,12.8,False,False,0.09434007108211517,-0.06060606060606061
C4_1,it0388,0.5193553566932678,0.4240417778491974,0.0,0.0,6.64,6.32,False,False,-0.09531357884407043,0.0
C4_1,it0389,0.7238039970397949,0.6226975321769714,0.06521739130434782,0.08695652173913043,14.48,14.96,False,False,-0.10110646486282349,0.021739130434782608
C4_1,it0390,0.46734219789505005,0.5367765426635742,0.06976744186046512,0.06976744186046512,11.76,13.2,False,False,0.06943434476852417,0.0
C4_1,it0391,0.42384326457977295,0.43706876039505005,0.13043478260869565,0.13043478260869565,8.96,9.92,False,False,0.0132254958152771,0.0
C4_1,it0392,0.29929953813552856,0.21082745492458344,0.23809523809523808,0.23809523809523808,7.68,7.6,False,False,-0.08847208321094513,0.0
C4_1,it0393,0.373302161693573,0.4222686290740967,0.0,0.0,4.88,6.16,False,False,0.04896646738052368,0.0
C4_1,it0394,0.5311402082443237,0.5735127925872803,0.08,0.0,6.8,7.6,False,False,0.04237258434295654,-0.08
C4_1,it0395,0.041956935077905655,0.3067052960395813,0.6470588235294118,0.4117647058823529,5.68,4.88,False,False,0.26474836096167564,-0.23529411764705888
C4_1,it0396,0.579065203666687,0.5821835994720459,0.1,0.1,6.24,6.96,False,False,0.0031183958053588867,0.0
C4_1,it0397,0.43339601159095764,0.413445383310318,0.05263157894736842,0.05263157894736842,6.4,7.04,False,False,-0.01995062828063965,0.0
C4_1,it0398,0.3779979646205902,0.4916173815727234,0.1,0.15,6.48,4.32,False,False,0.11361941695213318,0.04999999999999999
C4_1,it0399,0.3382861912250519,0.49199265241622925,0.1111111111111111,0.3333333333333333,5.12,5.84,False,False,0.15370646119117737,0.2222222222222222
C4_2,it0000,0.43535667657852173,0.38165026903152466,0.043478260869565216,0.0,12.16,9.44,False,False,-0.05370640754699707,-0.043478260869565216
C4_2,it0001,0.307328462600708,0.20299488306045532,0.3333333333333333,0.6666666666666666,4.96,9.84,False,False,-0.10433357954025269,0.3333333333333333
C4_2,it0002,0.2850194573402405,0.3114938735961914,0.26666666666666666,0.13333333333333333,5.12,12.32,False,False,0.026474416255950928,-0.13333333333333333
C4_2,it0003,0.10280044376850128,0.3491799235343933,0.13333333333333333,0.06666666666666667,5.2,7.28,False,False,0.24637947976589203,-0.06666666666666667
C4_2,it0004,0.367227703332901,0.35501977801322937,0.125,0.125,5.2,4.8,False,False,-0.01220792531967163,0.0
C4_2,it0005,0.30333828926086426,0.28669068217277527,0.0,0.0,7.2,8.32,False,False,-0.01664760708808899,0.0
C4_2,it0006,0.30824553966522217,0.3080798089504242,0.0,0.2222222222222222,6.48,7.2,False,False,-0.00016573071479797363,0.2222222222222222
C4_2,it0007,0.3049642741680145,0.4020666778087616,0.3181818181818182,0.20454545454545456,13.52,8.96,False,False,0.09710240364074707,-0.11363636363636362
C4_2,it0008,0.190298929810524,0.36413878202438354,0.23809523809523808,0.3333333333333333,6.4,5.92,False,False,0.17383985221385956,0.09523809523809523
C4_2,it0009,0.4323570132255554,0.4971758723258972,0.1111111111111111,0.037037037037037035,7.84,6.32,False,False,0.0648188591003418,-0.07407407407407407
C4_2,it0010,0.594417154788971,0.549028217792511,0.2777777777777778,0.5555555555555556,6.88,6.08,False,False,-0.04538893699645996,0.2777777777777778
C4_2,it0011,0.46081119775772095,0.4156655967235565,0.08695652173913043,0.0,8.08,9.68,False,False,-0.04514560103416443,-0.08695652173913043
C4_2,it0012,0.3401627540588379,0.266538143157959,0.6206896551724138,0.5172413793103449,8.72,6.4,False,False,-0.0736246109008789,-0.10344827586206895
C4_2,it0013,0.5206092596054077,0.5250237584114075,0.0,0.0,9.12,12.24,False,False,0.004414498805999756,0.0
C4_2,it0014,0.2633456587791443,0.2814129889011383,0.06666666666666667,0.0,5.68,5.2,False,False,0.01806733012199402,-0.06666666666666667
C4_2,it0015,0.4948151111602783,0.4893431067466736,0.0,0.11764705882352941,4.24,3.28,False,False,-0.005472004413604736,0.11764705882352941
C4_2,it0016,0.39590010046958923,0.2937058210372925,0.17647058823529413,0.2647058823529412,9.28,9.2,False,False,-0.10219427943229675,0.08823529411764705
C4_2,it0017,0.33847519755363464,0.35184741020202637,0.2,0.0,4.32,3.52,False,False,0.013372212648391724,-0.2
C4_2,it0018,0.15974760055541992,0.2667114734649658,0.08823529411764706,0.058823529411764705,10.0,9.76,False,False,0.1069638729095459,-0.02941176470588236
C4_2,it0019,0.47861337661743164,0.5864515900611877,0.30434782608695654,0.32608695652173914,12.56,10.16,False,False,0.1078382134437561,0.021739130434782594
C4_2,it0020,0.16222502291202545,0.21179652214050293,0.3076923076923077,0.15384615384615385,4.24,4.64,False,False,0.04957149922847748,-0.15384615384615385
C4_2,it0021,0.44086623191833496,0.38093245029449463,0.12121212121212122,0.21212121212121213,9.76,11.52,False,False,-0.05993378162384033,0.09090909090909091
C4_2,it0022,0.2980515956878662,0.3859044015407562,0.5,0.475,12.24,14.96,False,False,0.08785280585289001,-0.025000000000000022
C4_2,it0023,0.4322528839111328,0.5797057747840881,0.2777777777777778,0.16666666666666666,4.88,3.84,False,False,0.14745289087295532,-0.11111111111111113
C4_2,it0024,0.5147403478622437,0.5532153844833374,0.14285714285714285,0.21428571428571427,4.56,4.4,False,False,0.03847503662109375,0.07142857142857142
C4_2,it0025,0.5093249082565308,0.5590358972549438,0.1,0.2,6.48,4.32,False,False,0.049710988998413086,0.1
C4_2,it0026,0.21599668264389038,0.24743247032165527,0.0,0.0625,4.48,4.16,False,False,0.03143578767776489,0.0625
C4_2,it0027,0.5456925630569458,0.4886883497238159,0.1875,0.0,5.04,4.88,False,False,-0.05700421333312988,-0.1875
C4_2,it0028,0.46552813053131104,0.5196394920349121,0.09523809523809523,0.19047619047619047,12.56,9.92,False,False,0.054111361503601074,0.09523809523809523
C4_2,it0029,0.3882526755332947,0.4371345341205597,0.0625,0.125,4.56,4.56,False,False,0.048881858587265015,0.0625
C4_2,it0030,0.4168931543827057,0.3656713664531708,0.12,0.16,7.44,5.84,False,False,-0.05122178792953491,0.04000000000000001
C4_2,it0031,0.24774619936943054,0.21475259959697723,0.2777777777777778,0.05555555555555555,5.68,6.96,False,False,-0.03299359977245331,-0.22222222222222224
C4_2,it0032,0.6343492269515991,0.5822493433952332,0.18518518518518517,0.07407407407407407,8.56,7.36,False,False,-0.05209988355636597,-0.1111111111111111
C4_2,it0033,0.18617601692676544,0.16660137474536896,0.15384615384615385,0.15384615384615385,4.72,6.16,False,False,-0.019574642181396484,0.0
C4_2,it0034,0.27882370352745056,0.20392075181007385,0.16666666666666666,0.13333333333333333,9.28,12.4,False,False,-0.07490295171737671,-0.033333333333333326
C4_2,it0035,0.23613309860229492,0.19750583171844482,0.5384615384615384,0.46153846153846156,5.36,3.92,False,False,-0.0386272668838501,-0.07692307692307687
C4_2,it0036,0.4728049039840698,0.47827643156051636,0.1111111111111111,0.05555555555555555,5.52,3.36,False,False,0.005471527576446533,-0.05555555555555555
C4_2,it0037,0.45195144414901733,0.48608046770095825,0.0,0.0,5.68,8.88,False,False,0.03412902355194092,0.0
C4_2,it0038,0.11947212368249893,0.10921552777290344,0.10810810810810811,0.0,13.92,14.96,False,False,-0.01025659590959549,-0.10810810810810811
C4_2,it0039,0.4754146933555603,0.5353878736495972,0.14634146341463414,0.0975609756097561,13.6,14.96,False,False,0.059973180294036865,-0.04878048780487804
C4_2,it0040,0.20437592267990112,0.10027867555618286,0.13333333333333333,0.0,4.48,6.32,False,False,-0.10409724712371826,-0.13333333333333333
C4_2,it0041,0.30585378408432007,0.30290085077285767,0.18181818181818182,0.18181818181818182,7.36,6.72,False,False,-0.0029529333114624023,0.0
C4_2,it0042,0.39391979575157166,0.43118804693222046,0.18518518518518517,0.14814814814814814,8.64,8.64,False,False,0.037268251180648804,-0.037037037037037035
C4_2,it0043,0.24576114118099213,0.17273513972759247,0.0,0.0,7.68,6.72,False,False,-0.07302600145339966,0.0
C4_2,it0044,0.3996870219707489,0.3225485682487488,0.4,0.2,7.36,6.8,False,False,-0.07713845372200012,-0.2
C4_2,it0045,0.34858813881874084,0.381102979183197,0.0,0.06666666666666667,9.84,7.68,False,False,0.03251484036445618,0.06666666666666667
C4_2,it0046,0.21073897182941437,0.22140353918075562,0.125,0.0625,5.92,5.52,False,False,0.010664567351341248,-0.0625
C4_2,it0047,0.36245468258857727,0.31573545932769775,0.45,0.45,8.56,9.44,False,False,-0.04671922326087952,0.0
C4_2,it0048,0.34386664628982544,0.48179125785827637,0.25,0.0,4.64,10.16,False,False,0.13792461156845093,-0.25
C4_2,it0049,0.5342265367507935,0.4811546504497528,0.5,0.045454545454545456,5.92,7.44,False,False,-0.05307188630104065,-0.45454545454545453
C4_2,it0050,0.10895507037639618,0.13889454305171967,0.5,0.7727272727272727,5.76,9.6,False,False,0.029939472675323486,0.2727272727272727
C4_2,it0051,0.3707621395587921,0.3865312933921814,0.13793103448275862,0.13793103448275862,10.08,7.52,False,False,0.015769153833389282,0.0
C4_2,it0052,0.24189019203186035,0.19410821795463562,0.0,0.0,4.24,6.0,False,False,-0.04778197407722473,0.0
C4_2,it0053,0.22303541004657745,0.17297106981277466,0.2702702702702703,0.24324324324324326,12.56,10.88,False,False,-0.050064340233802795,-0.02702702702702703
C4_2,it0054,0.09311336278915405,0.10460267961025238,0.125,0.375,6.48,6.0,False,False,0.011489316821098328,0.25
C4_2,it0055,0.5951660871505737,0.5324367880821228,0.11538461538461539,0.19230769230769232,7.2,8.56,False,False,-0.06272929906845093,0.07692307692307693
C4_2,it0056,0.18692943453788757,0.17420287430286407,0.2,0.2,7.52,10.0,False,False,-0.012726560235023499,0.0
C4_2,it0057,0.3533594608306885,0.2775188982486725,0.11764705882352941,0.23529411764705882,10.72,7.12,False,False,-0.07584056258201599,0.11764705882352941
C4_2,it0058,0.27128639817237854,0.242843896150589,0.25,0.0,4.56,4.0,False,False,-0.02844250202178955,-0.25
C4_2,it0059,0.5500130653381348,0.5670711994171143,0.21428571428571427,0.21428571428571427,8.16,5.84,False,False,0.017058134078979492,0.0
C4_2,it0060,0.3326243758201599,0.3917847275733948,0.0,0.058823529411764705,5.12,5.92,False,False,0.05916035175323486,0.058823529411764705
C4_2,it0061,0.62633216381073,0.6055788993835449,0.02857142857142857,0.0,9.84,7.12,False,False,-0.02075326442718506,-0.02857142857142857
C4_2,it0062,0.5843210816383362,0.6019543409347534,0.09523809523809523,0.0,6.16,8.24,False,False,0.017633259296417236,-0.09523809523809523
C4_2,it0063,0.220390185713768,0.36367225646972656,0.1724137931034483,0.2413793103448276,9.12,14.96,False,False,0.14328207075595856,0.06896551724137931
C4_2,it0064,0.4284956157207489,0.5577558875083923,0.3333333333333333,0.05555555555555555,5.44,5.28,False,False,0.12926027178764343,-0.2777777777777778
C4_2,it0065,0.5854568481445312,0.5768377780914307,0.1282051282051282,0.10256410256410256,10.8,8.8,False,False,-0.008619070053100586,-0.025641025641025633
C4_2,it0066,0.24265119433403015,0.23598766326904297,0.19047619047619047,0.19047619047619047,7.2,5.12,False,False,-0.006663531064987183,0.0
C4_2,it0067,0.10305576771497726,0.1437610685825348,0.16666666666666666,0.16666666666666666,4.56,5.28,False,False,0.040705300867557526,0.0
C4_2,it0068,0.6607014536857605,0.5814209580421448,0.0,0.02564102564102564,13.28,11.28,False,False,-0.07928049564361572,0.02564102564102564
C4_2,it0069,0.20753902196884155,0.1921597421169281,0.13636363636363635,0.13636363636363635,7.52,6.08,False,False,-0.015379279851913452,0.0
C4_2,it0070,0.39432862401008606,0.5496137142181396,0.13333333333333333,0.0,4.48,4.88,False,False,0.1552850902080536,-0.13333333333333333
C4_2,it0071,0.5235806703567505,0.4980112910270691,0.03571428571428571,0.21428571428571427,7.52,4.96,False,False,-0.025569379329681396,0.17857142857142855
C4_2,it0072,0.4349353611469269,0.48355698585510254,0.13636363636363635,0.045454545454545456,8.96,11.2,False,False,0.04862162470817566,-0.0909090909090909
C4_2,it0073,0.13579729199409485,0.16920550167560577,0.2413793103448276,0.20689655172413793,6.88,11.12,False,False,0.033408209681510925,-0.03448275862068967
C4_2,it0074,0.199722558259964,0.24884670972824097,0.2,0.3333333333333333,5.36,10.24,False,False,0.04912415146827698,0.1333333333333333
C4_2,it0075,0.47906947135925293,0.359009712934494,0.08695652173913043,0.30434782608695654,7.84,11.36,False,False,-0.12005975842475891,0.2173913043478261
C4_2,it0076,0.20075459778308868,0.27765512466430664,0.21739130434782608,0.21739130434782608,5.92,8.0,False,False,0.07690052688121796,0.0
C4_2,it0077,0.5598011016845703,0.30075040459632874,0.25,0.25,4.8,6.08,False,False,-0.2590506970882416,0.0
C4_2,it0078,0.26828733086586,0.3003535568714142,0.23809523809523808,0.14285714285714285,7.36,10.0,False,False,0.0320662260055542,-0.09523809523809523
C4_2,it0079,0.5630346536636353,0.5887246131896973,0.125,0.0,9.12,10.24,False,False,0.02568995952606201,-0.125
C4_2,it0080,0.28742456436157227,0.28146106004714966,0.4878048780487805,0.2682926829268293,12.0,14.08,False,False,-0.005963504314422607,-0.2195121951219512
C4_2,it0081,0.3120082914829254,0.28955015540122986,0.10714285714285714,0.14285714285714285,8.24,7.76,False,False,-0.022458136081695557,0.03571428571428571
C4_2,it0082,0.4428294599056244,0.5222250819206238,0.17647058823529413,0.23529411764705882,6.56,6.96,False,False,0.07939562201499939,0.05882352941176469
C4_2,it0083,0.3329377770423889,0.31848597526550293,0.08823529411764706,0.029411764705882353,12.4,14.72,False,False,-0.014451801776885986,-0.05882352941176471
C4_2,it0084,0.4474925696849823,0.4171430170536041,0.08888888888888889,0.044444444444444446,12.56,10.96,False,False,-0.030349552631378174,-0.044444444444444446
C4_2,it0085,0.4259713292121887,0.375707745552063,0.0,0.07142857142857142,4.72,5.6,False,False,-0.05026358366012573,0.07142857142857142
C4_2,it0086,0.547106921672821,0.6875653266906738,0.5882352941176471,0.23529411764705882,4.64,8.56,False,False,0.14045840501785278,-0.35294117647058826
C4_2,it0087,0.4430341124534607,0.6841793060302734,0.25,0.3125,4.48,9.52,False,False,0.24114519357681274,0.0625
C4_2,it0088,0.33894819021224976,0.23041191697120667,0.047619047619047616,0.0,6.4,8.0,False,False,-0.10853627324104309,-0.047619047619047616
C4_2,it0089,0.3417043089866638,0.24981307983398438,0.041666666666666664,0.08333333333333333,7.68,7.92,False,False,-0.09189122915267944,0.041666666666666664
C4_2,it0090,0.441111296415329,0.4822029173374176,0.0,0.058823529411764705,6.24,6.8,False,False,0.04109162092208862,0.058823529411764705
C4_2,it0091,0.5256401896476746,0.3790692687034607,0.0967741935483871,0.16129032258064516,9.2,7.68,False,False,-0.14657092094421387,0.06451612903225806
C4_2,it0092,0.442015677690506,0.3012431859970093,0.08571428571428572,0.02857142857142857,10.32,10.0,False,False,-0.1407724916934967,-0.05714285714285715
C4_2,it0093,0.2770816385746002,0.4319693446159363,0.15789473684210525,0.05263157894736842,5.76,4.48,False,False,0.15488770604133606,-0.10526315789473684
C4_2,it0094,0.31338390707969666,0.4425230324268341,0.0,0.23076923076923078,5.12,4.56,False,False,0.12913912534713745,0.23076923076923078
C4_2,it0095,0.3963235318660736,0.49394890666007996,0.047619047619047616,0.09523809523809523,6.64,6.72,False,False,0.09762537479400635,0.047619047619047616
C4_2,it0096,0.49142980575561523,0.4882749319076538,0.2727272727272727,0.13636363636363635,6.48,8.48,False,False,-0.0031548738479614258,-0.13636363636363635
C4_2,it0097,0.644842803478241,0.5607761740684509,0.05,0.0,6.56,7.6,False,False,-0.08406662940979004,-0.05
C4_2,it0098,0.30585795640945435,0.382658451795578,0.2222222222222222,0.07407407407407407,9.12,10.64,False,False,0.07680049538612366,-0.14814814814814814
C4_2,it0099,0.15199917554855347,0.14117027819156647,0.0,0.0,6.16,6.24,False,False,-0.010828897356987,0.0
C4_2,it0100,0.5986746549606323,0.5434578657150269,0.0,0.15384615384615385,4.64,4.24,False,False,-0.05521678924560547,0.15384615384615385
C4_2,it0101,0.33696848154067993,0.2896750271320343,0.15789473684210525,0.07894736842105263,12.4,11.04,False,False,-0.04729345440864563,-0.07894736842105263
C4_2,it0102,0.4907744228839874,0.3244593143463135,0.0,0.0,4.96,6.72,False,False,-0.16631510853767395,0.0
C4_2,it0103,0.23866568505764008,0.26692500710487366,0.045454545454545456,0.2727272727272727,6.64,7.36,False,False,0.02825932204723358,0.22727272727272724
C4_2,it0104,0.584230899810791,0.5100457072257996,0.125,0.0,5.6,5.52,False,False,-0.07418519258499146,-0.125
C4_2,it0105,0.4168325960636139,0.6330839395523071,0.05714285714285714,0.2571428571428571,11.2,14.96,False,False,0.21625134348869324,0.19999999999999998
C4_2,it0106,0.3810926377773285,0.39892643690109253,0.041666666666666664,0.0,6.8,9.6,False,False,0.017833799123764038,-0.041666666666666664
C4_2,it0107,0.4640425741672516,0.4370386302471161,0.17391304347826086,0.21739130434782608,8.16,8.88,False,False,-0.027003943920135498,0.043478260869565216
C4_2,it0108,0.36153292655944824,0.3411385416984558,0.125,0.125,5.04,7.6,False,False,-0.02039438486099243,0.0
C4_2,it0109,0.41151466965675354,0.4095805287361145,0.21052631578947367,0.0,6.24,8.08,False,False,-0.001934140920639038,-0.21052631578947367
C4_2,it0110,0.2783239781856537,0.267196387052536,0.2,0.13333333333333333,8.56,8.24,False,False,-0.011127591133117676,-0.06666666666666668
C4_2,it0111,0.07170894742012024,0.09455584734678268,0.21212121212121213,0.3939393939393939,10.16,9.04,False,False,0.022846899926662445,0.1818181818181818
C4_2,it0112,0.5287061929702759,0.5890589356422424,0.06818181818181818,0.0,14.8,13.68,False,False,0.06035274267196655,-0.06818181818181818
C4_2,it0113,0.46149909496307373,0.49829256534576416,0.0,0.0,14.4,12.24,False,False,0.03679347038269043,0.0
C4_2,it0114,0.289028525352478,0.49754881858825684,0.2777777777777778,0.5,5.52,5.84,False,False,0.2085202932357788,0.2222222222222222
C4_2,it0115,0.24202437698841095,0.2970190644264221,0.0,0.0,4.08,4.4,False,False,0.05499468743801117,0.0
C4_2,it0116,0.284885436296463,0.4632869362831116,0.23529411764705882,0.17647058823529413,4.96,12.96,False,False,0.17840149998664856,-0.05882352941176469
C4_2,it0117,0.4794919788837433,0.5566564202308655,0.11764705882352941,0.0,10.24,10.48,False,False,0.07716444134712219,-0.11764705882352941
C4_2,it0118,0.49696168303489685,0.5079081654548645,0.3269230769230769,0.07692307692307693,14.96,12.32,False,False,0.010946482419967651,-0.25
C4_2,it0119,0.38594144582748413,0.6093716025352478,0.35714285714285715,0.35714285714285715,4.64,6.72,False,False,0.22343015670776367,0.0
C4_2,it0120,0.49716657400131226,0.3841623067855835,0.0,0.0,5.76,8.0,False,False,-0.11300426721572876,0.0
C4_2,it0121,0.4062482416629791,0.3768515884876251,0.15,0.05,6.24,6.4,False,False,-0.029396653175354004,-0.09999999999999999
C4_2,it0122,0.16184590756893158,0.27790597081184387,0.3181818181818182,0.4090909090909091,8.32,8.16,False,False,0.11606006324291229,0.09090909090909094
C4_2,it0123,0.3043898344039917,0.3455653786659241,0.0,0.058823529411764705,5.12,4.48,False,False,0.04117554426193237,0.058823529411764705
C4_2,it0124,0.46658942103385925,0.38795042037963867,0.18181818181818182,0.36363636363636365,11.92,7.44,False,False,-0.07863900065422058,0.18181818181818182
C4_2,it0125,0.33739781379699707,0.44912073016166687,0.05128205128205128,0.28205128205128205,11.52,14.56,False,False,0.1117229163646698,0.23076923076923078
C4_2,it0126,0.30692678689956665,0.4067646861076355,0.25,0.125,4.24,6.4,False,False,0.09983789920806885,-0.125
C4_2,it0127,0.41698041558265686,0.3001948297023773,0.11764705882352941,0.058823529411764705,5.44,5.44,False,False,-0.11678558588027954,-0.058823529411764705
C4_2,it0128,0.37952911853790283,0.3917747437953949,0.0,0.15,5.04,5.84,False,False,0.012245625257492065,0.15
C4_2,it0129,0.14539703726768494,0.24791328608989716,0.0,0.0,5.76,6.8,False,False,0.10251624882221222,0.0
C4_2,it0130,0.2859354019165039,0.2161668837070465,0.4,0.1,4.08,7.44,False,False,-0.0697685182094574,-0.30000000000000004
C4_2,it0131,0.3751102387905121,0.30399155616760254,0.3548387096774194,0.16129032258064516,10.4,9.76,False,False,-0.07111868262290955,-0.19354838709677422
C4_2,it0132,0.13066184520721436,0.21521519124507904,0.14285714285714285,0.0,4.48,8.0,False,False,0.08455334603786469,-0.14285714285714285
C4_2,it0133,0.5014815330505371,0.5007497668266296,0.0,0.03571428571428571,8.4,10.0,False,False,-0.0007317662239074707,0.03571428571428571
C4_2,it0134,0.35316476225852966,0.3803032338619232,0.10526315789473684,0.05263157894736842,11.76,11.84,False,False,0.027138471603393555,-0.05263157894736842
C4_2,it0135,0.3207644820213318,0.34942635893821716,0.1794871794871795,0.15384615384615385,11.52,9.84,False,False,0.028661876916885376,-0.025641025641025633
C4_2,it0136,0.4203239679336548,0.3842989206314087,0.1,0.0,6.64,10.4,False,False,-0.036025047302246094,-0.1
C4_2,it0137,0.37017005681991577,0.44125887751579285,0.08333333333333333,0.0,4.24,9.84,False,False,0.07108882069587708,-0.08333333333333333
C4_2,it0138,0.4140439033508301,0.3946591317653656,0.16666666666666666,0.1111111111111111,5.92,6.8,False,False,-0.019384771585464478,-0.05555555555555555
C4_2,it0139,0.2401094138622284,0.15226233005523682,0.0,0.0,5.68,6.0,False,False,-0.08784708380699158,0.0
C4_2,it0140,0.35714706778526306,0.3304615318775177,0.0,0.08333333333333333,7.84,9.36,False,False,-0.02668553590774536,0.08333333333333333
C4_2,it0141,0.6744205355644226,0.6003087162971497,0.1,0.06666666666666667,9.92,9.12,False,False,-0.07411181926727295,-0.03333333333333334
C4_2,it0142,0.20235395431518555,0.19621479511260986,0.04,0.04,6.72,6.96,False,False,-0.006139159202575684,0.0
C4_2,it0143,0.4243113398551941,0.5101476311683655,0.0,0.0,5.28,5.84,False,False,0.08583629131317139,0.0
C4_2,it0144,0.45149242877960205,0.2913340628147125,0.10714285714285714,0.0,9.04,9.12,False,False,-0.16015836596488953,-0.10714285714285714
C4_2,it0145,0.5802663564682007,0.5360157489776611,0.075,0.0,13.12,12.64,False,False,-0.04425060749053955,-0.075
C4_2,it0146,0.475660115480423,0.3634797930717468,0.35,0.0,5.52,7.76,False,False,-0.11218032240867615,-0.35
C4_2,it0147,0.276012659072876,0.26837044954299927,0.043478260869565216,0.043478260869565216,6.0,8.72,False,False,-0.007642209529876709,0.0
C4_2,it0148,0.169067844748497,0.22411757707595825,0.10714285714285714,0.07142857142857142,8.56,5.92,False,False,0.05504973232746124,-0.03571428571428571
C4_2,it0149,0.5011101961135864,0.44095557928085327,0.14285714285714285,0.2857142857142857,4.08,3.44,False,False,-0.060154616832733154,0.14285714285714285
C4_2,it0150,0.40805861353874207,0.4032619595527649,0.23076923076923078,0.15384615384615385,7.52,6.56,False,False,-0.004796653985977173,-0.07692307692307693
C4_2,it0151,0.5493220686912537,0.5150647163391113,0.11764705882352941,0.11764705882352941,5.04,4.4,False,False,-0.034257352352142334,0.0
C4_2,it0152,0.48241692781448364,0.47079959511756897,0.0,0.0,5.44,6.16,False,False,-0.011617332696914673,0.0
C4_2,it0153,0.36728623509407043,0.2947975993156433,0.19047619047619047,0.07142857142857142,13.52,11.44,False,False,-0.07248863577842712,-0.11904761904761904
C4_2,it0154,0.04962967336177826,0.12190308421850204,0.10526315789473684,0.10526315789473684,5.92,6.24,False,False,0.07227341085672379,0.0
C4_2,it0155,0.33620402216911316,0.259181946516037,0.14285714285714285,0.0,8.16,11.68,False,False,-0.07702207565307617,-0.14285714285714285
C4_2,it0156,0.2592514455318451,0.2871905267238617,0.0,0.047619047619047616,7.2,7.84,False,False,0.0279390811920166,0.047619047619047616
C4_2,it0157,0.3952871859073639,0.4418800473213196,0.13953488372093023,0.11627906976744186,13.84,13.36,False,False,0.04659286141395569,-0.023255813953488372
C4_2,it0158,0.299629271030426,0.31369131803512573,0.10526315789473684,0.05263157894736842,6.08,8.0,False,False,0.014062047004699707,-0.05263157894736842
C4_2,it0159,0.1890079379081726,0.3414892554283142,0.07142857142857142,0.07142857142857142,4.24,5.12,False,False,0.1524813175201416,0.0
C4_2,it0160,0.4694609045982361,0.4417538046836853,0.06451612903225806,0.06451612903225806,8.96,9.76,False,False,-0.02770709991455078,0.0
C4_2,it0161,0.2524632215499878,0.35320886969566345,0.13793103448275862,0.20689655172413793,7.84,7.84,False,False,0.10074564814567566,0.06896551724137931
C4_2,it0162,0.07187073677778244,0.24946856498718262,0.037037037037037035,0.37037037037037035,7.44,6.4,False,False,0.17759782820940018,0.3333333333333333
C4_2,it0163,0.3170110881328583,0.3354474902153015,0.0,0.0,4.4,4.96,False,False,0.018436402082443237,0.0
C4_2,it0164,0.3501455783843994,0.1978761851787567,0.0967741935483871,0.03225806451612903,8.4,6.48,False,False,-0.1522693932056427,-0.06451612903225806
C4_2,it0165,0.24978283047676086,0.41457900404930115,0.18181818181818182,0.24242424242424243,12.32,14.96,False,False,0.16479617357254028,0.06060606060606061
C4_2,it0166,0.43932998180389404,0.25004881620407104,0.25,0.25,4.16,9.6,False,False,-0.189281165599823,0.0
C4_2,it0167,0.5223846435546875,0.3771388530731201,0.10526315789473684,0.10526315789473684,6.0,7.12,False,False,-0.14524579048156738,0.0
C4_2,it0168,0.2904016375541687,0.32051438093185425,0.2,0.1,4.16,3.44,False,False,0.030112743377685547,-0.1
C4_2,it0169,0.3573843240737915,0.3354683518409729,0.1,0.15,6.4,8.56,False,False,-0.021915972232818604,0.04999999999999999
C4_2,it0170,0.4134042263031006,0.2801530361175537,0.35294117647058826,0.058823529411764705,5.2,6.56,False,False,-0.13325119018554688,-0.29411764705882354
C4_2,it0171,0.47187963128089905,0.5836188793182373,0.14285714285714285,0.14285714285714285,7.44,6.0,False,False,0.11173924803733826,0.0
C4_2,it0172,0.20604334771633148,0.414999783039093,0.0,0.04,7.68,6.88,False,False,0.20895643532276154,0.04
C4_2,it0173,0.5748025178909302,0.5385519862174988,0.03333333333333333,0.06666666666666667,9.12,8.08,False,False,-0.036250531673431396,0.03333333333333333
C4_2,it0174,0.18824374675750732,0.36305809020996094,0.25,0.125,4.96,4.8,False,False,0.1748143434524536,-0.125
C4_2,it0175,0.220537468791008,0.37241238355636597,0.13333333333333333,0.13333333333333333,5.12,9.76,False,False,0.15187491476535797,0.0
C4_2,it0176,0.39636051654815674,0.3187682032585144,0.16666666666666666,0.05555555555555555,5.04,5.68,False,False,-0.07759231328964233,-0.1111111111111111
C4_2,it0177,0.42135486006736755,0.4808138608932495,0.0,0.10526315789473684,5.28,5.28,False,False,0.05945900082588196,0.10526315789473684
C4_2,it0178,0.3509148359298706,0.2693083882331848,0.47058823529411764,0.5294117647058824,5.84,4.0,False,False,-0.08160644769668579,0.05882352941176472
C4_2,it0179,0.7103215456008911,0.6058467030525208,0.12903225806451613,0.25806451612903225,11.12,10.4,False,False,-0.10447484254837036,0.12903225806451613
C4_2,it0180,0.46584874391555786,0.392275869846344,0.07142857142857142,0.07142857142857142,4.32,4.32,False,False,-0.07357287406921387,0.0
C4_2,it0181,0.515019416809082,0.3846062421798706,0.07317073170731707,0.0,12.96,14.96,False,False,-0.13041317462921143,-0.07317073170731707
C4_2,it0182,0.391932874917984,0.3926195502281189,0.0,0.16,6.8,5.04,False,False,0.0006866753101348877,0.16
C4_2,it0183,0.38759931921958923,0.5181182622909546,0.0,0.08,6.48,5.68,False,False,0.13051894307136536,0.08
C4_2,it0184,0.4079672694206238,0.25612419843673706,0.13333333333333333,0.2,4.96,4.64,False,False,-0.15184307098388672,0.06666666666666668
C4_2,it0185,0.4239230751991272,0.44414716958999634,0.12903225806451613,0.16129032258064516,9.92,6.32,False,False,0.02022409439086914,0.03225806451612903
C4_2,it0186,0.5033080577850342,0.47352737188339233,0.125,0.16666666666666666,6.08,5.84,False,False,-0.029780685901641846,0.04166666666666666
C4_2,it0187,0.3442995548248291,0.47790175676345825,0.0625,0.125,4.56,4.0,False,False,0.13360220193862915,0.0625
C4_2,it0188,0.5522744059562683,0.441495418548584,0.05555555555555555,0.16666666666666666,4.96,5.2,False,False,-0.11077898740768433,0.1111111111111111
C4_2,it0189,0.4078325629234314,0.24023108184337616,0.0,0.0,5.6,5.04,False,False,-0.16760148108005524,0.0
C4_2,it0190,0.4859042167663574,0.43342626094818115,0.125,0.0,5.92,5.68,False,False,-0.05247795581817627,-0.125
C4_2,it0191,0.32636550068855286,0.2239820808172226,0.12,0.12,8.24,6.32,False,False,-0.10238341987133026,0.0
C4_2,it0192,0.5510807037353516,0.5587782859802246,0.1111111111111111,0.07407407407407407,7.68,7.04,False,False,0.007697582244873047,-0.037037037037037035
C4_2,it0193,0.1199958324432373,0.12972551584243774,0.1875,0.3125,5.68,5.2,False,False,0.00972968339920044,0.125
C4_2,it0194,0.5463806986808777,0.5493664145469666,0.047619047619047616,0.19047619047619047,6.56,5.44,False,False,0.002985715866088867,0.14285714285714285
C4_2,it0195,0.49922308325767517,0.4278569221496582,0.038461538461538464,0.23076923076923078,8.64,6.48,False,False,-0.07136616110801697,0.19230769230769232
C4_2,it0196,0.3583386540412903,0.431817889213562,0.07142857142857142,0.0,6.88,10.4,False,False,0.07347923517227173,-0.07142857142857142
C4_2,it0197,0.3815573751926422,0.25830021500587463,0.0,0.09090909090909091,4.72,5.76,False,False,-0.12325716018676758,0.09090909090909091
C4_2,it0198,0.24722108244895935,0.2544913589954376,0.0,0.125,4.48,5.76,False,False,0.0072702765464782715,0.125
C4_2,it0199,0.4599111080169678,0.4450208842754364,0.058823529411764705,0.0,6.08,6.56,False,False,-0.014890223741531372,-0.058823529411764705
C4_2,it0200,0.3535570204257965,0.3170226514339447,0.13636363636363635,0.13636363636363635,7.28,7.12,False,False,-0.03653436899185181,0.0
C4_2,it0201,0.3946918547153473,0.3125741183757782,0.0,0.16666666666666666,5.92,5.92,False,False,-0.08211773633956909,0.16666666666666666
C4_2,it0202,0.518936812877655,0.44189953804016113,0.0,0.0,4.72,6.64,False,False,-0.0770372748374939,0.0
C4_2,it0203,0.481198787689209,0.5175976157188416,0.07692307692307693,0.07692307692307693,6.88,6.72,False,False,0.03639882802963257,0.0
C4_2,it0204,0.40469565987586975,0.38481900095939636,0.08,0.08,8.16,5.52,False,False,-0.01987665891647339,0.0
C4_2,it0205,0.48113304376602173,0.4817691445350647,0.2916666666666667,0.125,6.96,8.88,False,False,0.0006361007690429688,-0.16666666666666669
C4_2,it0206,0.48233428597450256,0.3639141321182251,0.030303030303030304,0.2727272727272727,9.84,6.64,False,False,-0.11842015385627747,0.2424242424242424
C4_2,it0207,0.30049407482147217,0.3021530508995056,0.1111111111111111,0.05555555555555555,5.92,7.76,False,False,0.0016589760780334473,-0.05555555555555555
C4_2,it0208,0.4900607168674469,0.37070462107658386,0.06451612903225806,0.22580645161290322,11.28,8.96,False,False,-0.11935609579086304,0.16129032258064516
C4_2,it0209,0.5335621237754822,0.5997068881988525,0.04,0.04,7.44,9.92,False,False,0.06614476442337036,0.0
C4_2,it0210,0.13373854756355286,0.3264431357383728,0.14285714285714285,0.47619047619047616,11.92,9.44,False,False,0.19270458817481995,0.3333333333333333
C4_2,it0211,0.6117407083511353,0.5264015197753906,0.0,0.029411764705882353,11.44,14.32,False,False,-0.08533918857574463,0.029411764705882353
C4_2,it0212,0.13596989214420319,0.07782426476478577,0.0,0.10526315789473684,5.28,6.24,False,False,-0.05814562737941742,0.10526315789473684
C4_2,it0213,0.5069143176078796,0.4767411947250366,0.18518518518518517,0.07407407407407407,7.68,8.8,False,False,-0.030173122882843018,-0.1111111111111111
C4_2,it0214,0.4491152763366699,0.5150169134140015,0.2564102564102564,0.23076923076923078,10.8,7.76,False,False,0.06590163707733154,-0.025641025641025605
C4_2,it0215,0.2719404995441437,0.15636545419692993,0.18181818181818182,0.45454545454545453,4.88,13.84,False,False,-0.11557504534721375,0.2727272727272727
C4_2,it0216,0.28181368112564087,0.30100637674331665,0.0,0.06666666666666667,5.12,6.8,False,False,0.01919269561767578,0.06666666666666667
C4_2,it0217,0.46939605474472046,0.24865524470806122,0.47619047619047616,0.38095238095238093,7.12,11.84,False,False,-0.22074081003665924,-0.09523809523809523
C4_2,it0218,0.5281919240951538,0.5851356983184814,0.058823529411764705,0.058823529411764705,5.44,5.36,False,False,0.05694377422332764,0.0
C4_2,it0219,0.37844187021255493,0.28815609216690063,0.058823529411764705,0.38235294117647056,11.04,8.08,False,False,-0.0902857780456543,0.32352941176470584
C4_2,it0220,0.2867303490638733,0.25838086009025574,0.043478260869565216,0.043478260869565216,5.68,4.32,False,False,-0.028349488973617554,0.0
C4_2,it0221,0.32371869683265686,0.34614747762680054,0.08823529411764706,0.08823529411764706,9.76,13.44,False,False,0.022428780794143677,0.0
C4_2,it0222,0.29391294717788696,0.3383755385875702,0.375,0.0625,4.08,8.48,False,False,0.04446259140968323,-0.3125
C4_2,it0223,0.5131973624229431,0.48156440258026123,0.06666666666666667,0.1,8.4,10.96,False,False,-0.031632959842681885,0.03333333333333334
C4_2,it0224,0.15313956141471863,0.2299652397632599,0.0,0.0,5.76,6.0,False,False,0.07682567834854126,0.0
C4_2,it0225,0.4911923110485077,0.426981657743454,0.09090909090909091,0.09090909090909091,8.16,6.4,False,False,-0.06421065330505371,0.0
C4_2,it0226,0.3175164461135864,0.449657678604126,0.2857142857142857,0.07142857142857142,8.4,6.64,False,False,0.13214123249053955,-0.21428571428571427
C4_2,it0227,0.3553682565689087,0.11147751659154892,0.25,0.2,5.36,4.96,False,False,-0.24389073997735977,-0.04999999999999999
C4_2,it0228,0.6871789693832397,0.6660890579223633,0.05555555555555555,0.0,5.36,5.36,False,False,-0.021089911460876465,-0.05555555555555555
C4_2,it0229,0.2739240527153015,0.20295467972755432,0.22727272727272727,0.045454545454545456,6.64,6.88,False,False,-0.07096937298774719,-0.18181818181818182
C4_2,it0230,0.596398115158081,0.6879251003265381,0.04,0.08,8.0,6.48,False,False,0.09152698516845703,0.04
C4_2,it0231,0.43675824999809265,0.3183143138885498,0.0967741935483871,0.06451612903225806,10.0,10.64,False,False,-0.11844393610954285,-0.03225806451612903
C4_2,it0232,0.16245558857917786,0.21261653304100037,0.18181818181818182,0.0,6.88,6.32,False,False,0.05016094446182251,-0.18181818181818182
C4_2,it0233,0.3485887050628662,0.34558603167533875,0.047619047619047616,0.0,6.96,6.08,False,False,-0.003002673387527466,-0.047619047619047616
C4_2,it0234,0.5636451244354248,0.5112306475639343,0.1724137931034483,0.2413793103448276,10.64,8.8,False,False,-0.05241447687149048,0.06896551724137931
C4_2,it0235,0.1833319514989853,0.28286513686180115,0.15789473684210525,0.3684210526315789,6.24,8.64,False,False,0.09953318536281586,0.21052631578947367
C4_2,it0236,0.4525358974933624,0.3537561893463135,0.0,0.0,5.04,9.2,False,False,-0.09877970814704895,0.0
C4_2,it0237,0.42540243268013,0.6157085299491882,0.11764705882352941,0.0,5.44,8.16,False,False,0.19030609726905823,-0.11764705882352941
C4_2,it0238,0.44450926780700684,0.5364894270896912,0.0,0.125,5.12,3.84,False,False,0.09198015928268433,0.125
C4_2,it0239,0.45393815636634827,0.5271958708763123,0.10344827586206896,0.3448275862068966,8.56,7.2,False,False,0.07325771450996399,0.24137931034482762
C4_2,it0240,0.18498870730400085,0.2875226140022278,0.0,0.07142857142857142,4.08,3.28,False,False,0.10253390669822693,0.07142857142857142
C4_2,it0241,0.48381221294403076,0.4347538948059082,0.5,0.0625,4.48,7.68,False,False,-0.04905831813812256,-0.4375
C4_2,it0242,0.4574640989303589,0.359254390001297,0.05263157894736842,0.15789473684210525,6.48,6.32,False,False,-0.09820970892906189,0.10526315789473684
C4_2,it0243,0.4799252450466156,0.4155823886394501,0.07692307692307693,0.07692307692307693,4.24,6.96,False,False,-0.06434285640716553,0.0
C4_2,it0244,0.14153684675693512,0.2520901560783386,0.0625,0.0625,5.04,4.32,False,False,0.1105533093214035,0.0
C4_2,it0245,0.3105646073818207,0.3032319247722626,0.11764705882352941,0.35294117647058826,5.12,4.48,False,False,-0.0073326826095581055,0.23529411764705885
C4_2,it0246,0.5011418461799622,0.5385181307792664,0.20454545454545456,0.20454545454545456,12.56,13.44,False,False,0.0373762845993042,0.0
C4_2,it0247,0.31490829586982727,0.33635711669921875,0.0,0.0,5.68,7.28,False,False,0.02144882082939148,0.0
C4_2,it0248,0.27021074295043945,0.26043131947517395,0.3448275862068966,0.2413793103448276,8.16,8.16,False,False,-0.009779423475265503,-0.10344827586206898
C4_2,it0249,0.41081154346466064,0.4570508897304535,0.25,0.3,6.64,5.92,False,False,0.04623934626579285,0.04999999999999999
C4_2,it0250,0.1675998568534851,0.2433522343635559,0.35714285714285715,0.2619047619047619,13.76,14.96,False,False,0.0757523775100708,-0.09523809523809523
C4_2,it0251,0.45994094014167786,0.41350799798965454,0.09375,0.09375,8.16,11.44,False,False,-0.046432942152023315,0.0
C4_2,it0252,0.29389628767967224,0.28772616386413574,0.16666666666666666,0.0,4.24,7.76,False,False,-0.006170123815536499,-0.16666666666666666
C4_2,it0253,0.22790367901325226,0.5471570491790771,0.15384615384615385,0.0,4.24,6.08,False,False,0.3192533701658249,-0.15384615384615385
C4_2,it0254,0.4557796120643616,0.39699751138687134,0.0,0.0,10.08,7.28,False,False,-0.058782100677490234,0.0
C4_2,it0255,0.4899474084377289,0.3633175492286682,0.06451612903225806,0.1935483870967742,11.04,12.72,False,False,-0.12662985920906067,0.12903225806451613
C4_2,it0256,0.3389303982257843,0.4673926830291748,0.20588235294117646,0.2647058823529412,9.6,11.52,False,False,0.1284622848033905,0.05882352941176472
C4_2,it0257,0.36561650037765503,0.3074822723865509,0.03571428571428571,0.03571428571428571,7.68,7.68,False,False,-0.058134227991104126,0.0
C4_2,it0258,0.6790683269500732,0.49271854758262634,0.0,0.0,6.48,8.4,False,False,-0.1863497793674469,0.0
C4_2,it0259,0.4445883631706238,0.42656606435775757,0.30612244897959184,0.2653061224489796,13.28,11.2,False,False,-0.01802229881286621,-0.040816326530612235
C4_2,it0260,0.3290172815322876,0.5383475422859192,0.26666666666666666,0.13333333333333333,4.48,6.56,False,False,0.2093302607536316,-0.13333333333333333
C4_2,it0261,0.471670925617218,0.5952972173690796,0.14814814814814814,0.1111111111111111,11.44,8.64,False,False,0.12362629175186157,-0.037037037037037035
C4_2,it0262,0.40514856576919556,0.4368467926979065,0.2962962962962963,0.18518518518518517,8.16,6.96,False,False,0.03169822692871094,-0.1111111111111111
C4_2,it0263,0.4721273183822632,0.518642783164978,0.0,0.1,5.68,5.6,False,False,0.046515464782714844,0.1
C4_2,it0264,0.34436938166618347,0.3891140818595886,0.1875,0.1875,4.72,5.84,False,False,0.04474470019340515,0.0
C4_2,it0265,0.40565311908721924,0.36129453778266907,0.19444444444444445,0.0,11.76,14.96,False,False,-0.04435858130455017,-0.19444444444444445
C4_2,it0266,0.4007539749145508,0.3441537022590637,0.04,0.0,7.92,8.24,False,False,-0.05660027265548706,-0.04
C4_2,it0267,0.38894492387771606,0.294430673122406,0.2222222222222222,0.037037037037037035,8.56,10.4,False,False,-0.09451425075531006,-0.18518518518518517
C4_2,it0268,0.3847302496433258,0.30558061599731445,0.3333333333333333,0.2727272727272727,9.36,9.92,False,False,-0.07914963364601135,-0.06060606060606061
C4_2,it0269,0.5624294281005859,0.4286826252937317,0.25,0.25,7.76,5.76,False,False,-0.13374680280685425,0.0
C4_2,it0270,0.6425267457962036,0.6288012266159058,0.05128205128205128,0.10256410256410256,11.6,8.72,False,False,-0.013725519180297852,0.05128205128205128
C4_2,it0271,0.31606239080429077,0.2557078003883362,0.3333333333333333,0.5333333333333333,4.24,8.56,False,False,-0.06035459041595459,0.2
C4_2,it0272,0.3305699825286865,0.2587684392929077,0.08823529411764706,0.11764705882352941,9.2,8.56,False,False,-0.07180154323577881,0.029411764705882346
C4_2,it0273,0.3128901422023773,0.2325003445148468,0.0,0.0,5.92,5.12,False,False,-0.08038979768753052,0.0
C4_2,it0274,0.25019586086273193,0.21854177117347717,0.15384615384615385,0.19230769230769232,10.32,7.2,False,False,-0.03165408968925476,0.038461538461538464
C4_2,it0275,0.6385149955749512,0.634006917476654,0.125,0.1875,7.68,7.28,False,False,-0.004508078098297119,0.0625
C4_2,it0276,0.5355532765388489,0.5203422904014587,0.3333333333333333,0.08333333333333333,4.08,4.32,False,False,-0.015210986137390137,-0.25
C4_2,it0277,0.3329724073410034,0.2971511483192444,0.22916666666666666,0.041666666666666664,13.52,10.08,False,False,-0.03582125902175903,-0.1875
C4_2,it0278,0.22863948345184326,0.2703392803668976,0.17857142857142858,0.25,7.92,8.64,False,False,0.04169979691505432,0.07142857142857142
C4_2,it0279,0.5607351064682007,0.4740062952041626,0.3157894736842105,0.42105263157894735,12.16,12.48,False,False,-0.08672881126403809,0.10526315789473684
C4_2,it0280,0.42724430561065674,0.4578825831413269,0.2777777777777778,0.2777777777777778,6.4,5.36,False,False,0.030638277530670166,0.0
C4_2,it0281,0.3147570490837097,0.22572830319404602,0.09090909090909091,0.2727272727272727,4.0,2.72,False,False,-0.0890287458896637,0.1818181818181818
C4_2,it0282,0.4711763858795166,0.6238203048706055,0.08,0.08,6.32,6.4,False,False,0.15264391899108887,0.0
C4_2,it0283,0.5906475782394409,0.5204681754112244,0.125,0.125,5.36,4.56,False,False,-0.07017940282821655,0.0
C4_2,it0284,0.20984190702438354,0.21701404452323914,0.11538461538461539,0.38461538461538464,8.88,7.92,False,False,0.007172137498855591,0.2692307692307693
C4_2,it0285,0.5005198121070862,0.5884125828742981,0.024390243902439025,0.12195121951219512,13.2,12.88,False,False,0.08789277076721191,0.0975609756097561
C4_2,it0286,0.3283253610134125,0.23388172686100006,0.2857142857142857,0.14285714285714285,8.48,8.56,False,False,-0.09444363415241241,-0.14285714285714285
C4_2,it0287,0.5876899361610413,0.6535736918449402,0.18181818181818182,0.36363636363636365,7.84,8.96,False,False,0.06588375568389893,0.18181818181818182
C4_2,it0288,0.5787873864173889,0.6289502382278442,0.13636363636363635,0.3181818181818182,14.24,13.68,False,False,0.05016285181045532,0.18181818181818182
C4_2,it0289,0.43045052886009216,0.555676281452179,0.2222222222222222,0.0,5.68,9.52,False,False,0.1252257525920868,-0.2222222222222222
C4_2,it0290,0.2516269087791443,0.17371612787246704,0.16666666666666666,0.23809523809523808,12.08,11.28,False,False,-0.07791078090667725,0.07142857142857142
C4_2,it0291,0.15876679122447968,0.1922682374715805,0.05555555555555555,0.2777777777777778,5.44,9.28,False,False,0.03350144624710083,0.22222222222222224
C4_2,it0292,0.2824491858482361,0.2683086693286896,0.14285714285714285,0.08571428571428572,11.12,9.36,False,False,-0.014140516519546509,-0.057142857142857134
C4_2,it0293,0.24080213904380798,0.43483901023864746,0.125,0.08333333333333333,6.56,5.36,False,False,0.19403687119483948,-0.04166666666666667
C4_2,it0294,0.21001195907592773,0.1980375498533249,0.0,0.1111111111111111,6.48,7.28,False,False,-0.011974409222602844,0.1111111111111111
C4_2,it0295,0.43448394536972046,0.4284134805202484,0.07547169811320754,0.22641509433962265,14.24,11.68,False,False,-0.006070464849472046,0.15094339622641512
C4_2,it0296,0.48188361525535583,0.4428466558456421,0.125,0.40625,13.44,8.72,False,False,-0.039036959409713745,0.28125
C4_2,it0297,0.39604973793029785,0.43617480993270874,0.2,0.4,7.44,8.48,False,False,0.04012507200241089,0.2
C4_2,it0298,0.4323328137397766,0.5116144418716431,0.25,0.20833333333333334,6.08,4.16,False,False,0.07928162813186646,-0.04166666666666666
C4_2,it0299,0.5266818404197693,0.6231177449226379,0.0,0.0,11.36,10.56,False,False,0.09643590450286865,0.0
C4_2,it0300,0.33925724029541016,0.2371283769607544,0.0,0.0,6.32,5.6,False,False,-0.10212886333465576,0.0
C4_2,it0301,0.5857874155044556,0.45867955684661865,0.1875,0.1875,9.84,9.28,False,False,-0.12710785865783691,0.0
C4_2,it0302,0.5286208391189575,0.4309055209159851,0.14285714285714285,0.2619047619047619,11.28,13.68,False,False,-0.09771531820297241,0.11904761904761907
C4_2,it0303,0.43858325481414795,0.36917930841445923,0.1,0.15,6.56,6.64,False,False,-0.06940394639968872,0.04999999999999999
C4_2,it0304,0.3850519061088562,0.4386036694049835,0.23076923076923078,0.3076923076923077,5.44,4.96,False,False,0.05355176329612732,0.07692307692307693
C4_2,it0305,0.4174441695213318,0.3900308609008789,0.08888888888888889,0.044444444444444446,12.8,14.96,False,False,-0.02741330862045288,-0.044444444444444446
C4_2,it0306,0.376059353351593,0.44940927624702454,0.14285714285714285,0.19047619047619047,6.56,6.72,False,False,0.07334992289543152,0.047619047619047616
C4_2,it0307,0.15402638912200928,0.3668018877506256,0.07142857142857142,0.21428571428571427,5.04,6.72,False,False,0.21277549862861633,0.14285714285714285
C4_2,it0308,0.5255303978919983,0.46373817324638367,0.029411764705882353,0.3235294117647059,10.4,7.52,False,False,-0.061792224645614624,0.29411764705882354
C4_2,it0309,0.4378771185874939,0.4671412408351898,0.0,0.15384615384615385,5.2,3.84,False,False,0.029264122247695923,0.15384615384615385
C4_2,it0310,0.3264814019203186,0.3626372218132019,0.3333333333333333,0.5,8.48,5.52,False,False,0.0361558198928833,0.16666666666666669
C4_2,it0311,0.3693007826805115,0.38614168763160706,0.14285714285714285,0.3333333333333333,5.84,3.44,False,False,0.01684090495109558,0.19047619047619047
C4_2,it0312,0.6705736517906189,0.6166612505912781,0.19047619047619047,0.047619047619047616,12.24,12.4,False,False,-0.05391240119934082,-0.14285714285714285
C4_2,it0313,0.4513087868690491,0.5111971497535706,0.11764705882352941,0.0,4.96,7.76,False,False,0.059888362884521484,-0.11764705882352941
C4_2,it0314,0.09479855000972748,0.17747513949871063,0.28,0.08,6.32,5.76,False,False,0.08267658948898315,-0.2
C4_2,it0315,0.21839280426502228,0.35356804728507996,0.08,0.16,7.92,8.0,False,False,0.13517524302005768,0.08
C4_2,it0316,0.31540247797966003,0.49932628870010376,0.10416666666666667,0.041666666666666664,13.28,14.96,False,False,0.18392381072044373,-0.0625
C4_2,it0317,0.4158754348754883,0.4586906433105469,0.037037037037037035,0.07407407407407407,8.16,9.28,False,False,0.042815208435058594,0.037037037037037035
C4_2,it0318,0.32941845059394836,0.3430338203907013,0.1875,0.8125,5.04,13.84,False,False,0.01361536979675293,0.625
C4_2,it0319,0.46315014362335205,0.4213968515396118,0.05263157894736842,0.15789473684210525,5.6,8.48,False,False,-0.041753292083740234,0.10526315789473684
C4_2,it0320,0.5946730971336365,0.5232913494110107,0.038461538461538464,0.07692307692307693,8.0,8.32,False,False,-0.07138174772262573,0.038461538461538464
C4_2,it0321,0.07518915832042694,0.1553592085838318,0.0,0.1111111111111111,5.12,4.08,False,False,0.08017005026340485,0.1111111111111111
C4_2,it0322,0.4392367899417877,0.6158503293991089,0.4117647058823529,0.5294117647058824,4.72,12.56,False,False,0.17661353945732117,0.11764705882352944
C4_2,it0323,0.47404569387435913,0.5258467793464661,0.0,0.0,6.96,9.04,False,False,0.051801085472106934,0.0
C4_2,it0324,0.47080039978027344,0.4439944624900818,0.0,0.05555555555555555,5.92,6.08,False,False,-0.02680593729019165,0.05555555555555555
C4_2,it0325,0.20860813558101654,0.2548012137413025,0.022727272727272728,0.022727272727272728,12.8,12.0,False,False,0.04619307816028595,0.0
C4_2,it0326,0.3445172607898712,0.21736475825309753,0.16666666666666666,0.20833333333333334,5.92,7.04,False,False,-0.12715250253677368,0.041666666666666685
C4_2,it0327,0.5326672792434692,0.46734800934791565,0.26666666666666666,0.06666666666666667,4.56,4.48,False,False,-0.06531926989555359,-0.2
C4_2,it0328,0.4932410717010498,0.46009817719459534,0.41379310344827586,0.0,8.0,5.36,False,False,-0.03314289450645447,-0.41379310344827586
C4_2,it0329,0.33775269985198975,0.42669785022735596,0.16666666666666666,0.0,4.24,8.4,False,False,0.08894515037536621,-0.16666666666666666
C4_2,it0330,0.41421353816986084,0.33644819259643555,0.058823529411764705,0.14705882352941177,9.6,8.32,False,False,-0.07776534557342529,0.08823529411764706
C4_2,it0331,0.17523425817489624,0.3474886119365692,0.07407407407407407,0.18518518518518517,8.88,11.68,False,False,0.17225435376167297,0.1111111111111111
C4_2,it0332,0.41427427530288696,0.4176366627216339,0.16666666666666666,0.08333333333333333,4.0,5.36,False,False,0.0033623874187469482,-0.08333333333333333
C4_2,it0333,0.6266682147979736,0.5975147485733032,0.14634146341463414,0.14634146341463414,12.24,12.88,False,False,-0.02915346622467041,0.0
C4_2,it0334,0.2947131395339966,0.2732905149459839,0.1875,0.1875,13.76,14.96,False,False,-0.021422624588012695,0.0
C4_2,it0335,0.5149730443954468,0.43768611550331116,0.07142857142857142,0.07142857142857142,4.48,5.76,False,False,-0.07728692889213562,0.0
C4_2,it0336,0.45289838314056396,0.5522542595863342,0.3142857142857143,0.0,11.84,9.44,False,False,0.09935587644577026,-0.3142857142857143
C4_2,it0337,0.3368692100048065,0.29744067788124084,0.1282051282051282,0.1282051282051282,13.44,12.64,False,False,-0.039428532123565674,0.0
C4_2,it0338,0.3614165484905243,0.33610087633132935,0.0,0.0,6.24,6.56,False,False,-0.025315672159194946,0.0
C4_2,it0339,0.27707791328430176,0.46693938970565796,0.0,0.0,7.2,8.16,False,False,0.1898614764213562,0.0
C4_2,it0340,0.31721827387809753,0.24460621178150177,0.15384615384615385,0.0,4.16,4.72,False,False,-0.07261206209659576,-0.15384615384615385
C4_2,it0341,0.5737934112548828,0.546265184879303,0.07142857142857142,0.17857142857142858,8.88,7.92,False,False,-0.027528226375579834,0.10714285714285715
C4_2,it0342,0.41900673508644104,0.30622321367263794,0.125,0.0625,6.88,7.76,False,False,-0.1127835214138031,-0.0625
C4_2,it0343,0.3552228808403015,0.3613552749156952,0.24444444444444444,0.2,13.76,10.72,False,False,0.006132394075393677,-0.044444444444444425
C4_2,it0344,0.651024341583252,0.6198043823242188,0.15384615384615385,0.15384615384615385,8.16,5.44,False,False,-0.031219959259033203,0.0
C4_2,it0345,0.10747243463993073,0.18184390664100647,0.48148148148148145,0.4074074074074074,7.52,5.84,False,False,0.07437147200107574,-0.07407407407407407
C4_2,it0346,0.39123332500457764,0.38881999254226685,0.13043478260869565,0.21739130434782608,6.96,5.12,False,False,-0.002413332462310791,0.08695652173913043
C4_2,it0347,0.6256565451622009,0.5335027575492859,0.10256410256410256,0.23076923076923078,11.76,13.76,False,False,-0.09215378761291504,0.12820512820512822
C4_2,it0348,0.37339338660240173,0.39745521545410156,0.0,0.06666666666666667,4.08,4.0,False,False,0.02406182885169983,0.06666666666666667
C4_2,it0349,0.48550930619239807,0.23123952746391296,0.09090909090909091,0.15151515151515152,12.16,14.96,False,False,-0.2542697787284851,0.06060606060606061
C4_2,it0350,0.5800950527191162,0.3456435799598694,0.10714285714285714,0.14285714285714285,7.44,9.2,False,False,-0.23445147275924683,0.03571428571428571
C4_2,it0351,0.560408353805542,0.5688210129737854,0.045454545454545456,0.0,8.4,11.6,False,False,0.008412659168243408,-0.045454545454545456
C4_2,it0352,0.2990354597568512,0.3974340260028839,0.0,0.0,8.64,8.08,False,False,0.09839856624603271,0.0
C4_2,it0353,0.23743148148059845,0.25425589084625244,0.0,0.038461538461538464,6.8,7.6,False,False,0.01682440936565399,0.038461538461538464
C4_2,it0354,0.4906006157398224,0.39635196328163147,0.0,0.05,6.0,6.08,False,False,-0.09424865245819092,0.05
C4_2,it0355,0.4187866449356079,0.40567243099212646,0.1111111111111111,0.2222222222222222,9.12,7.12,False,False,-0.013114213943481445,0.1111111111111111
C4_2,it0356,0.22564193606376648,0.34760186076164246,0.38461538461538464,0.07692307692307693,4.48,4.88,False,False,0.12195992469787598,-0.3076923076923077
C4_2,it0357,0.4620112180709839,0.49582356214523315,0.13333333333333333,0.0,8.32,6.56,False,False,0.03381234407424927,-0.13333333333333333
C4_2,it0358,0.2966560423374176,0.4518193304538727,0.13043478260869565,0.0,8.96,8.48,False,False,0.15516328811645508,-0.13043478260869565
C4_2,it0359,0.5238268971443176,0.45956140756607056,0.20454545454545456,0.22727272727272727,13.52,10.4,False,False,-0.06426548957824707,0.022727272727272707
C4_2,it0360,0.593517541885376,0.5302409529685974,0.043478260869565216,0.0,6.96,7.76,False,False,-0.06327658891677856,-0.043478260869565216
C4_2,it0361,0.30559879541397095,0.16022242605686188,0.11764705882352941,0.058823529411764705,6.4,5.52,False,False,-0.14537636935710907,-0.058823529411764705
C4_2,it0362,0.357196182012558,0.2480224072933197,0.06666666666666667,0.06666666666666667,4.16,5.04,False,False,-0.10917377471923828,0.0
C4_2,it0363,0.4617869257926941,0.4653216302394867,0.04878048780487805,0.0975609756097561,12.64,13.36,False,False,0.0035347044467926025,0.04878048780487805
C4_2,it0364,0.5338195562362671,0.5138035416603088,0.04,0.2,8.4,8.56,False,False,-0.020016014575958252,0.16
C4_2,it0365,0.4586431682109833,0.44762423634529114,0.0,0.1,4.56,5.04,False,False,-0.011018931865692139,0.1
C4_2,it0366,0.4369847774505615,0.2612740993499756,0.038461538461538464,0.2692307692307692,9.04,7.68,False,False,-0.17571067810058594,0.23076923076923075
C4_2,it0367,0.10316647589206696,0.17010891437530518,0.26,0.04,14.64,14.96,False,False,0.06694243848323822,-0.22
C4_2,it0368,0.33274543285369873,0.37384694814682007,0.047619047619047616,0.0,6.24,5.92,False,False,0.04110151529312134,-0.047619047619047616
C4_2,it0369,0.4051738977432251,0.41912761330604553,0.0,0.0,4.72,6.08,False,False,0.013953715562820435,0.0
C4_2,it0370,0.5538197755813599,0.5069677829742432,0.08,0.36,9.68,13.44,False,False,-0.0468519926071167,0.27999999999999997
C4_2,it0371,0.03274695575237274,0.11371907591819763,0.03125,0.125,9.12,14.96,False,False,0.08097212016582489,0.09375
C4_2,it0372,0.6057447791099548,0.5557249784469604,0.034482758620689655,0.034482758620689655,8.4,7.6,False,False,-0.050019800662994385,0.0
C4_2,it0373,0.5281323194503784,0.45179063081741333,0.0,0.0,10.24,13.28,False,False,-0.07634168863296509,0.0
C4_2,it0374,0.3791793882846832,0.3609064817428589,0.0,0.16666666666666666,5.68,5.92,False,False,-0.01827290654182434,0.16666666666666666
C4_2,it0375,0.1322031319141388,0.30617237091064453,0.4,0.26666666666666666,4.0,4.24,False,False,0.17396923899650574,-0.13333333333333336
C4_2,it0376,0.36374539136886597,0.4492919147014618,0.2222222222222222,0.1111111111111111,6.24,6.0,False,False,0.08554652333259583,-0.1111111111111111
C4_2,it0377,0.3005621135234833,0.41285693645477295,0.0,0.12,7.84,10.08,False,False,0.11229482293128967,0.12
C4_2,it0378,0.4909002184867859,0.4319370985031128,0.3333333333333333,0.0,5.04,12.4,False,False,-0.058963119983673096,-0.3333333333333333
C4_2,it0379,0.23198316991329193,0.24887380003929138,0.0,0.05263157894736842,5.28,6.48,False,False,0.01689063012599945,0.05263157894736842
C4_2,it0380,0.45608454942703247,0.39557889103889465,0.10526315789473684,0.21052631578947367,4.88,5.44,False,False,-0.06050565838813782,0.10526315789473684
C4_2,it0381,0.5282518267631531,0.4569636583328247,0.15384615384615385,0.0,4.8,6.24,False,False,-0.07128816843032837,-0.15384615384615385
C4_2,it0382,0.4024755656719208,0.5504763126373291,0.045454545454545456,0.09090909090909091,6.72,11.76,False,False,0.14800074696540833,0.045454545454545456
C4_2,it0383,0.3665701448917389,0.42850375175476074,0.15384615384615385,0.23076923076923078,10.56,10.56,False,False,0.06193360686302185,0.07692307692307693
C4_2,it0384,0.25013142824172974,0.26307326555252075,0.2,0.4666666666666667,4.0,4.4,False,False,0.012941837310791016,0.26666666666666666
C4_2,it0385,0.1912967413663864,0.1988646388053894,0.08333333333333333,0.16666666666666666,4.24,7.28,False,False,0.007567897439002991,0.08333333333333333
C4_2,it0386,0.5212719440460205,0.5732740163803101,0.14285714285714285,0.07142857142857142,4.72,4.08,False,False,0.05200207233428955,-0.07142857142857142
C4_2,it0387,0.2709066867828369,0.27463865280151367,0.18181818181818182,0.09090909090909091,11.36,12.8,False,False,0.003731966018676758,-0.09090909090909091
C4_2,it0388,0.4133569002151489,0.44839173555374146,0.05263157894736842,0.0,6.64,6.32,False,False,0.03503483533859253,-0.05263157894736842
C4_2,it0389,0.7126263380050659,0.6950027346611023,0.06521739130434782,0.13043478260869565,14.48,14.96,False,False,-0.017623603343963623,0.06521739130434782
C4_2,it0390,0.3915894329547882,0.4475261867046356,0.20930232558139536,0.06976744186046512,11.76,13.2,False,False,0.05593675374984741,-0.13953488372093026
C4_2,it0391,0.4977734088897705,0.31560513377189636,0.0,0.34782608695652173,8.96,9.92,False,False,-0.18216827511787415,0.34782608695652173
C4_2,it0392,0.2147361934185028,0.22361961007118225,0.047619047619047616,0.23809523809523808,7.68,7.6,False,False,0.008883416652679443,0.19047619047619047
C4_2,it0393,0.3271729350090027,0.31961655616760254,0.07692307692307693,0.0,4.88,6.16,False,False,-0.0075563788414001465,-0.07692307692307693
C4_2,it0394,0.5052153468132019,0.4610511064529419,0.0,0.04,6.8,7.6,False,False,-0.04416424036026001,0.04
C4_2,it0395,0.18768051266670227,0.19068175554275513,0.4117647058823529,0.5294117647058824,5.68,4.88,False,False,0.0030012428760528564,0.11764705882352944
C4_2,it0396,0.541394829750061,0.5869781374931335,0.05,0.1,6.24,6.96,False,False,0.04558330774307251,0.05
C4_2,it0397,0.43722003698349,0.4051322638988495,0.05263157894736842,0.10526315789473684,6.4,7.04,False,False,-0.0320877730846405,0.05263157894736842
C4_2,it0398,0.48704299330711365,0.3635817766189575,0.15,0.2,6.48,4.32,False,False,-0.12346121668815613,0.05000000000000002
C4_2,it0399,0.4320051074028015,0.38712966442108154,0.2777777777777778,0.16666666666666666,5.12,5.84,False,False,-0.04487544298171997,-0.11111111111111113
C5_0,it0000,0.40946292877197266,0.6115466356277466,0.2826086956521739,0.08695652173913043,12.16,9.44,False,False,0.20208370685577393,-0.19565217391304346
C5_0,it0001,0.2435751110315323,0.3051515817642212,0.1111111111111111,0.3333333333333333,4.96,9.84,False,False,0.061576470732688904,0.2222222222222222
C5_0,it0002,0.3437633216381073,0.2287953644990921,0.2,0.0,5.12,12.32,False,False,-0.1149679571390152,-0.2
C5_0,it0003,0.21220672130584717,0.16541610658168793,0.06666666666666667,0.2,5.2,7.28,False,False,-0.04679061472415924,0.13333333333333336
C5_0,it0004,0.23003844916820526,0.2751985192298889,0.125,0.125,5.2,4.8,False,False,0.045160070061683655,0.0
C5_0,it0005,0.4977419674396515,0.40009650588035583,0.0,0.0,7.2,8.32,False,False,-0.09764546155929565,0.0
C5_0,it0006,0.3491111695766449,0.1999215930700302,0.0,0.0,6.48,7.2,False,False,-0.14918957650661469,0.0
C5_0,it0007,0.3245065212249756,0.19956806302070618,0.3409090909090909,0.11363636363636363,13.52,8.96,False,False,-0.12493845820426941,-0.22727272727272724
C5_0,it0008,0.2888057231903076,0.37875157594680786,0.047619047619047616,0.14285714285714285,6.4,5.92,False,False,0.08994585275650024,0.09523809523809523
C5_0,it0009,0.4725494384765625,0.5227064490318298,0.0,0.037037037037037035,7.84,6.32,False,False,0.050157010555267334,0.037037037037037035
C5_0,it0010,0.5702191591262817,0.4673507809638977,0.1111111111111111,0.1111111111111111,6.88,6.08,False,False,-0.10286837816238403,0.0
C5_0,it0011,0.4052668809890747,0.44088560342788696,0.043478260869565216,0.0,8.08,9.68,False,False,0.035618722438812256,-0.043478260869565216
C5_0,it0012,0.264609694480896,0.36878323554992676,0.4827586206896552,0.41379310344827586,8.72,6.4,False,False,0.10417354106903076,-0.06896551724137934
C5_0,it0013,0.6082971096038818,0.46030622720718384,0.037037037037037035,0.0,9.12,12.24,False,False,-0.147990882396698,-0.037037037037037035
C5_0,it0014,0.42454877495765686,0.4305422306060791,0.0,0.0,5.68,5.2,False,False,0.005993455648422241,0.0
C5_0,it0015,0.4296489655971527,0.4282938241958618,0.11764705882352941,0.11764705882352941,4.24,3.28,False,False,-0.0013551414012908936,0.0
C5_0,it0016,0.6172337532043457,0.504412829875946,0.058823529411764705,0.2647058823529412,9.28,9.2,False,False,-0.11282092332839966,0.20588235294117646
C5_0,it0017,0.4138984680175781,0.27288106083869934,0.06666666666666667,0.06666666666666667,4.32,3.52,False,False,-0.14101740717887878,0.0
C5_0,it0018,0.2700055241584778,0.2348572015762329,0.029411764705882353,0.0,10.0,9.76,False,False,-0.03514832258224487,-0.029411764705882353
C5_0,it0019,0.47140437364578247,0.5011180639266968,0.0,0.06521739130434782,12.56,10.16,False,False,0.029713690280914307,0.06521739130434782
C5_0,it0020,0.28720980882644653,0.1563597470521927,0.38461538461538464,0.15384615384615385,4.24,4.64,False,False,-0.13085006177425385,-0.23076923076923078
C5_0,it0021,0.4214917719364166,0.42977747321128845,0.030303030303030304,0.030303030303030304,9.76,11.52,False,False,0.008285701274871826,0.0
C5_0,it0022,0.2965857684612274,0.43231046199798584,0.425,0.3,12.24,14.96,False,False,0.13572469353675842,-0.125
C5_0,it0023,0.4782235622406006,0.5056843161582947,0.2222222222222222,0.2222222222222222,4.88,3.84,False,False,0.027460753917694092,0.0
C5_0,it0024,0.47452881932258606,0.4284144937992096,0.14285714285714285,0.14285714285714285,4.56,4.4,False,False,-0.046114325523376465,0.0
C5_0,it0025,0.6516866683959961,0.5394527316093445,0.0,0.25,6.48,4.32,False,False,-0.11223393678665161,0.25
C5_0,it0026,0.20090673863887787,0.1777263581752777,0.0,0.0,4.48,4.16,False,False,-0.02318038046360016,0.0
C5_0,it0027,0.5833480358123779,0.6312098503112793,0.0,0.0,5.04,4.88,False,False,0.04786181449890137,0.0
C5_0,it0028,0.587000846862793,0.6360061168670654,0.11904761904761904,0.11904761904761904,12.56,9.92,False,False,0.04900527000427246,0.0
C5_0,it0029,0.25664275884628296,0.2462209314107895,0.0625,0.0625,4.56,4.56,False,False,-0.01042182743549347,0.0
C5_0,it0030,0.4957484006881714,0.43356814980506897,0.0,0.0,7.44,5.84,False,False,-0.06218025088310242,0.0
C5_0,it0031,0.26468750834465027,0.21164575219154358,0.0,0.5,5.68,6.96,False,False,-0.05304175615310669,0.5
C5_0,it0032,0.584929347038269,0.5597090721130371,0.2222222222222222,0.07407407407407407,8.56,7.36,False,False,-0.025220274925231934,-0.14814814814814814
C5_0,it0033,0.3355367183685303,0.4159775376319885,0.15384615384615385,0.15384615384615385,4.72,6.16,False,False,0.08044081926345825,0.0
C5_0,it0034,0.3186565935611725,0.23044756054878235,0.03333333333333333,0.06666666666666667,9.28,12.4,False,False,-0.08820903301239014,0.03333333333333333
C5_0,it0035,0.21408024430274963,0.2380569875240326,0.15384615384615385,0.6153846153846154,5.36,3.92,False,False,0.02397674322128296,0.46153846153846156
C5_0,it0036,0.5052186250686646,0.4396710693836212,0.16666666666666666,0.16666666666666666,5.52,3.36,False,False,-0.06554755568504333,0.0
C5_0,it0037,0.5000474452972412,0.5259333848953247,0.06666666666666667,0.0,5.68,8.88,False,False,0.025885939598083496,-0.06666666666666667
C5_0,it0038,0.056370511651039124,0.2186094969511032,0.0,0.02702702702702703,13.92,14.96,False,False,0.1622389853000641,0.02702702702702703
C5_0,it0039,0.43256062269210815,0.4522673785686493,0.2926829268292683,0.024390243902439025,13.6,14.96,False,False,0.019706755876541138,-0.26829268292682923
C5_0,it0040,0.16285668313503265,0.20723234117031097,0.13333333333333333,0.0,4.48,6.32,False,False,0.04437565803527832,-0.13333333333333333
C5_0,it0041,0.37480664253234863,0.35168254375457764,0.09090909090909091,0.22727272727272727,7.36,6.72,False,False,-0.023124098777770996,0.13636363636363635
C5_0,it0042,0.3245185613632202,0.3924812078475952,0.2222222222222222,0.1111111111111111,8.64,8.64,False,False,0.067962646484375,-0.1111111111111111
C5_0,it0043,0.25443464517593384,0.16794316470623016,0.0,0.15384615384615385,7.68,6.72,False,False,-0.08649148046970367,0.15384615384615385
C5_0,it0044,0.44848188757896423,0.4533340036869049,0.2,0.56,7.36,6.8,False,False,0.004852116107940674,0.36000000000000004
C5_0,it0045,0.36871421337127686,0.3414570093154907,0.1,0.13333333333333333,9.84,7.68,False,False,-0.027257204055786133,0.033333333333333326
C5_0,it0046,0.24523022770881653,0.2587168514728546,0.0,0.0,5.92,5.52,False,False,0.013486623764038086,0.0
C5_0,it0047,0.21578526496887207,0.22718490660190582,0.55,0.45,8.56,9.44,False,False,0.011399641633033752,-0.10000000000000003
C5_0,it0048,0.5092958211898804,0.5054702162742615,0.0,0.125,4.64,10.16,False,False,-0.0038256049156188965,0.125
C5_0,it0049,0.4192466735839844,0.5576985478401184,0.22727272727272727,0.045454545454545456,5.92,7.44,False,False,0.13845187425613403,-0.18181818181818182
C5_0,it0050,0.11477741599082947,0.11047130823135376,0.3181818181818182,0.45454545454545453,5.76,9.6,False,False,-0.004306107759475708,0.13636363636363635
C5_0,it0051,0.3419858515262604,0.4204515218734741,0.13793103448275862,0.06896551724137931,10.08,7.52,False,False,0.07846567034721375,-0.06896551724137931
C5_0,it0052,0.31822532415390015,0.16491681337356567,0.0,0.0,4.24,6.0,False,False,-0.15330851078033447,0.0
C5_0,it0053,0.28623512387275696,0.3050624430179596,0.13513513513513514,0.2972972972972973,12.56,10.88,False,False,0.018827319145202637,0.16216216216216217
C5_0,it0054,0.24670915305614471,0.010792965069413185,0.2916666666666667,0.0,6.48,6.0,False,False,-0.23591618798673153,-0.2916666666666667
C5_0,it0055,0.5696425437927246,0.5111329555511475,0.07692307692307693,0.2692307692307692,7.2,8.56,False,False,-0.05850958824157715,0.1923076923076923
C5_0,it0056,0.17326387763023376,0.19781020283699036,0.05,0.1,7.52,10.0,False,False,0.024546325206756592,0.05
C5_0,it0057,0.40840911865234375,0.42334699630737305,0.11764705882352941,0.11764705882352941,10.72,7.12,False,False,0.014937877655029297,0.0
C5_0,it0058,0.374423623085022,0.32272928953170776,0.08333333333333333,0.0,4.56,4.0,False,False,-0.05169433355331421,-0.08333333333333333
C5_0,it0059,0.41829627752304077,0.5105367302894592,0.07142857142857142,0.14285714285714285,8.16,5.84,False,False,0.09224045276641846,0.07142857142857142
C5_0,it0060,0.3653096556663513,0.35538730025291443,0.35294117647058826,0.058823529411764705,5.12,5.92,False,False,-0.00992235541343689,-0.29411764705882354
C5_0,it0061,0.5973663330078125,0.5854992270469666,0.05714285714285714,0.0,9.84,7.12,False,False,-0.011867105960845947,-0.05714285714285714
C5_0,it0062,0.5796738266944885,0.5919235348701477,0.0,0.0,6.16,8.24,False,False,0.01224970817565918,0.0
C5_0,it0063,0.34024351835250854,0.4919528067111969,0.0,0.10344827586206896,9.12,14.96,False,False,0.15170928835868835,0.10344827586206896
C5_0,it0064,0.3962464928627014,0.3115340769290924,0.2222222222222222,0.05555555555555555,5.44,5.28,False,False,-0.08471241593360901,-0.16666666666666666
C5_0,it0065,0.6249969601631165,0.5772629380226135,0.05128205128205128,0.07692307692307693,10.8,8.8,False,False,-0.04773402214050293,0.025641025641025647
C5_0,it0066,0.45053139328956604,0.2679724097251892,0.047619047619047616,0.09523809523809523,7.2,5.12,False,False,-0.18255898356437683,0.047619047619047616
C5_0,it0067,0.19521886110305786,0.25364404916763306,0.1111111111111111,0.1111111111111111,4.56,5.28,False,False,0.058425188064575195,0.0
C5_0,it0068,0.6368459463119507,0.6457852125167847,0.02564102564102564,0.0,13.28,11.28,False,False,0.008939266204833984,-0.02564102564102564
C5_0,it0069,0.32863566279411316,0.20675981044769287,0.09090909090909091,0.18181818181818182,7.52,6.08,False,False,-0.12187585234642029,0.09090909090909091
C5_0,it0070,0.4162610173225403,0.2569699287414551,0.0,0.06666666666666667,4.48,4.88,False,False,-0.1592910885810852,0.06666666666666667
C5_0,it0071,0.4693014621734619,0.3423632085323334,0.07142857142857142,0.21428571428571427,7.52,4.96,False,False,-0.12693825364112854,0.14285714285714285
C5_0,it0072,0.3888421058654785,0.4387955069541931,0.0,0.0,8.96,11.2,False,False,0.0499534010887146,0.0
C5_0,it0073,0.2881595492362976,0.25864511728286743,0.3448275862068966,0.1724137931034483,6.88,11.12,False,False,-0.029514431953430176,-0.1724137931034483
C5_0,it0074,0.2300449013710022,0.1986617147922516,0.06666666666666667,0.2,5.36,10.24,False,False,-0.03138318657875061,0.13333333333333336
C5_0,it0075,0.2983086109161377,0.3647128939628601,0.08695652173913043,0.08695652173913043,7.84,11.36,False,False,0.06640428304672241,0.0
C5_0,it0076,0.3168172240257263,0.2563129663467407,0.13043478260869565,0.08695652173913043,5.92,8.0,False,False,-0.060504257678985596,-0.043478260869565216
C5_0,it0077,0.558112382888794,0.3376308083534241,0.3333333333333333,0.25,4.8,6.08,False,False,-0.22048157453536987,-0.08333333333333331
C5_0,it0078,0.31541430950164795,0.30803707242012024,0.14285714285714285,0.09523809523809523,7.36,10.0,False,False,-0.00737723708152771,-0.047619047619047616
C5_0,it0079,0.5698556900024414,0.6012306213378906,0.0,0.041666666666666664,9.12,10.24,False,False,0.03137493133544922,0.041666666666666664
C5_0,it0080,0.19233360886573792,0.23554351925849915,0.1951219512195122,0.12195121951219512,12.0,14.08,False,False,0.04320991039276123,-0.07317073170731708
C5_0,it0081,0.2586871087551117,0.2734406590461731,0.0,0.03571428571428571,8.24,7.76,False,False,0.014753550291061401,0.03571428571428571
C5_0,it0082,0.4463216960430145,0.4112287163734436,0.0,0.11764705882352941,6.56,6.96,False,False,-0.03509297966957092,0.11764705882352941
C5_0,it0083,0.37288057804107666,0.35088837146759033,0.08823529411764706,0.0,12.4,14.72,False,False,-0.021992206573486328,-0.08823529411764706
C5_0,it0084,0.4534554183483124,0.5433308482170105,0.0,0.022222222222222223,12.56,10.96,False,False,0.08987542986869812,0.022222222222222223
C5_0,it0085,0.3598353862762451,0.42701011896133423,0.0,0.0,4.72,5.6,False,False,0.06717473268508911,0.0
C5_0,it0086,0.5156742334365845,0.5000277161598206,0.35294117647058826,0.058823529411764705,4.64,8.56,False,False,-0.015646517276763916,-0.29411764705882354
C5_0,it0087,0.6138110160827637,0.6069502234458923,0.1875,0.25,4.48,9.52,False,False,-0.006860792636871338,0.0625
C5_0,it0088,0.3639671802520752,0.37049514055252075,0.09523809523809523,0.047619047619047616,6.4,8.0,False,False,0.006527960300445557,-0.047619047619047616
C5_0,it0089,0.27311623096466064,0.3181494474411011,0.041666666666666664,0.0,7.68,7.92,False,False,0.04503321647644043,-0.041666666666666664
C5_0,it0090,0.5542010068893433,0.5045537948608398,0.0,0.0,6.24,6.8,False,False,-0.04964721202850342,0.0
C5_0,it0091,0.40527084469795227,0.5444467067718506,0.06451612903225806,0.22580645161290322,9.2,7.68,False,False,0.13917586207389832,0.16129032258064516
C5_0,it0092,0.3744125962257385,0.5075460076332092,0.0,0.0,10.32,10.0,False,False,0.1331334114074707,0.0
C5_0,it0093,0.42726314067840576,0.3835066556930542,0.15789473684210525,0.0,5.76,4.48,False,False,-0.04375648498535156,-0.15789473684210525
C5_0,it0094,0.4124777019023895,0.34338048100471497,0.0,0.07692307692307693,5.12,4.56,False,False,-0.06909722089767456,0.07692307692307693
C5_0,it0095,0.4943693280220032,0.5827986001968384,0.14285714285714285,0.047619047619047616,6.64,6.72,False,False,0.0884292721748352,-0.09523809523809523
C5_0,it0096,0.28133612871170044,0.40319252014160156,0.045454545454545456,0.13636363636363635,6.48,8.48,False,False,0.12185639142990112,0.0909090909090909
C5_0,it0097,0.5802928805351257,0.49359744787216187,0.0,0.0,6.56,7.6,False,False,-0.08669543266296387,0.0
C5_0,it0098,0.3874901533126831,0.3969498574733734,0.14814814814814814,0.07407407407407407,9.12,10.64,False,False,0.009459704160690308,-0.07407407407407407
C5_0,it0099,0.3207206726074219,0.25931745767593384,0.13043478260869565,0.0,6.16,6.24,False,False,-0.06140321493148804,-0.13043478260869565
C5_0,it0100,0.5899650454521179,0.5910276174545288,0.0,0.15384615384615385,4.64,4.24,False,False,0.0010625720024108887,0.15384615384615385
C5_0,it0101,0.2166171371936798,0.2525423765182495,0.0,0.07894736842105263,12.4,11.04,False,False,0.0359252393245697,0.07894736842105263
C5_0,it0102,0.4562050402164459,0.48270419239997864,0.0,0.0,4.96,6.72,False,False,0.026499152183532715,0.0
C5_0,it0103,0.2802349627017975,0.4503672420978546,0.22727272727272727,0.09090909090909091,6.64,7.36,False,False,0.17013227939605713,-0.13636363636363635
C5_0,it0104,0.341449499130249,0.5220564007759094,0.08333333333333333,0.08333333333333333,5.6,5.52,False,False,0.1806069016456604,0.0
C5_0,it0105,0.5615291595458984,0.6118755340576172,0.14285714285714285,0.2,11.2,14.96,False,False,0.05034637451171875,0.05714285714285716
C5_0,it0106,0.339771032333374,0.318225622177124,0.0,0.0,6.8,9.6,False,False,-0.02154541015625,0.0
C5_0,it0107,0.5484609603881836,0.3413856625556946,0.0,0.0,8.16,8.88,False,False,-0.207075297832489,0.0
C5_0,it0108,0.3060337007045746,0.4809378981590271,0.0,0.0625,5.04,7.6,False,False,0.17490419745445251,0.0625
C5_0,it0109,0.4289901852607727,0.46074509620666504,0.21052631578947367,0.0,6.24,8.08,False,False,0.031754910945892334,-0.21052631578947367
C5_0,it0110,0.3435709476470947,0.2747831344604492,0.26666666666666666,0.23333333333333334,8.56,8.24,False,False,-0.06878781318664551,-0.033333333333333326
C5_0,it0111,0.05696175992488861,0.0452541746199131,0.09090909090909091,0.18181818181818182,10.16,9.04,False,False,-0.01170758530497551,0.09090909090909091
C5_0,it0112,0.5154989957809448,0.5332682132720947,0.045454545454545456,0.0,14.8,13.68,False,False,0.017769217491149902,-0.045454545454545456
C5_0,it0113,0.5072394609451294,0.42065203189849854,0.0,0.06818181818181818,14.4,12.24,False,False,-0.08658742904663086,0.06818181818181818
C5_0,it0114,0.46191319823265076,0.3409020006656647,0.3333333333333333,0.3333333333333333,5.52,5.84,False,False,-0.12101119756698608,0.0
C5_0,it0115,0.3536628782749176,0.17177458107471466,0.0,0.0,4.08,4.4,False,False,-0.18188829720020294,0.0
C5_0,it0116,0.37506112456321716,0.3718046247959137,0.29411764705882354,0.7058823529411765,4.96,12.96,False,False,-0.003256499767303467,0.411764705882353
C5_0,it0117,0.5070154070854187,0.553871214389801,0.0,0.23529411764705882,10.24,10.48,False,False,0.046855807304382324,0.23529411764705882
C5_0,it0118,0.4716832637786865,0.5199178457260132,0.28846153846153844,0.28846153846153844,14.96,12.32,False,False,0.04823458194732666,0.0
C5_0,it0119,0.4911061227321625,0.6284714341163635,0.21428571428571427,0.0,4.64,6.72,False,False,0.13736531138420105,-0.21428571428571427
C5_0,it0120,0.5109622478485107,0.4482521712779999,0.0,0.0,5.76,8.0,False,False,-0.06271007657051086,0.0
C5_0,it0121,0.3791394531726837,0.3562639057636261,0.25,0.15,6.24,6.4,False,False,-0.022875547409057617,-0.1
C5_0,it0122,0.3814650774002075,0.3485705256462097,0.4090909090909091,0.3181818181818182,8.32,8.16,False,False,-0.0328945517539978,-0.09090909090909094
C5_0,it0123,0.47233614325523376,0.4531916379928589,0.29411764705882354,0.058823529411764705,5.12,4.48,False,False,-0.019144505262374878,-0.23529411764705882
C5_0,it0124,0.4714621901512146,0.43697649240493774,0.09090909090909091,0.2727272727272727,11.92,7.44,False,False,-0.034485697746276855,0.1818181818181818
C5_0,it0125,0.48856163024902344,0.3619658350944519,0.02564102564102564,0.1282051282051282,11.52,14.56,False,False,-0.12659579515457153,0.10256410256410256
C5_0,it0126,0.41325896978378296,0.42697322368621826,0.0625,0.0,4.24,6.4,False,False,0.013714253902435303,-0.0625
C5_0,it0127,0.1525726318359375,0.3930317461490631,0.0,0.058823529411764705,5.44,5.44,False,False,0.2404591143131256,0.058823529411764705
C5_0,it0128,0.2484312206506729,0.3400173485279083,0.0,0.0,5.04,5.84,False,False,0.09158612787723541,0.0
C5_0,it0129,0.17112678289413452,0.2891499698162079,0.0,0.058823529411764705,5.76,6.8,False,False,0.11802318692207336,0.058823529411764705
C5_0,it0130,0.4811837673187256,0.3717840015888214,0.0,0.0,4.08,7.44,False,False,-0.10939976572990417,0.0
C5_0,it0131,0.3567318618297577,0.38434264063835144,0.0967741935483871,0.0967741935483871,10.4,9.76,False,False,0.02761077880859375,0.0
C5_0,it0132,0.11746101081371307,0.2419152557849884,0.0,0.07142857142857142,4.48,8.0,False,False,0.12445424497127533,0.07142857142857142
C5_0,it0133,0.5596395134925842,0.5278786420822144,0.0,0.0,8.4,10.0,False,False,-0.03176087141036987,0.0
C5_0,it0134,0.3180845379829407,0.17881521582603455,0.0,0.0,11.76,11.84,False,False,-0.13926932215690613,0.0
C5_0,it0135,0.2284543812274933,0.3660206198692322,0.20512820512820512,0.15384615384615385,11.52,9.84,False,False,0.1375662386417389,-0.051282051282051266
C5_0,it0136,0.5607682466506958,0.4173796474933624,0.0,0.0,6.64,10.4,False,False,-0.14338859915733337,0.0
C5_0,it0137,0.36227813363075256,0.4120631814002991,0.4166666666666667,0.08333333333333333,4.24,9.84,False,False,0.04978504776954651,-0.33333333333333337
C5_0,it0138,0.562283992767334,0.5221064686775208,0.16666666666666666,0.0,5.92,6.8,False,False,-0.04017752408981323,-0.16666666666666666
C5_0,it0139,0.22361168265342712,0.21423235535621643,0.0,0.0,5.68,6.0,False,False,-0.009379327297210693,0.0
C5_0,it0140,0.2822856605052948,0.2761748731136322,0.041666666666666664,0.0,7.84,9.36,False,False,-0.006110787391662598,-0.041666666666666664
C5_0,it0141,0.6451372504234314,0.5377625823020935,0.3333333333333333,0.3,9.92,9.12,False,False,-0.10737466812133789,-0.033333333333333326
C5_0,it0142,0.1720469444990158,0.24604849517345428,0.04,0.04,6.72,6.96,False,False,0.07400155067443848,0.0
C5_0,it0143,0.5369277596473694,0.4590517282485962,0.0,0.0,5.28,5.84,False,False,-0.0778760313987732,0.0
C5_0,it0144,0.3812873363494873,0.4177587330341339,0.03571428571428571,0.07142857142857142,9.04,9.12,False,False,0.036471396684646606,0.03571428571428571
C5_0,it0145,0.5676910877227783,0.608390212059021,0.025,0.05,13.12,12.64,False,False,0.040699124336242676,0.025
C5_0,it0146,0.5008875727653503,0.4784972667694092,0.05,0.15,5.52,7.76,False,False,-0.022390305995941162,0.09999999999999999
C5_0,it0147,0.432318776845932,0.4215070903301239,0.043478260869565216,0.0,6.0,8.72,False,False,-0.010811686515808105,-0.043478260869565216
C5_0,it0148,0.12860378623008728,0.18609614670276642,0.07142857142857142,0.21428571428571427,8.56,5.92,False,False,0.05749236047267914,0.14285714285714285
C5_0,it0149,0.4532007575035095,0.3626576364040375,0.21428571428571427,0.14285714285714285,4.08,3.44,False,False,-0.09054312109947205,-0.07142857142857142
C5_0,it0150,0.2968730032444,0.397977739572525,0.07692307692307693,0.07692307692307693,7.52,6.56,False,False,0.101104736328125,0.0
C5_0,it0151,0.43684121966362,0.6200632452964783,0.0,0.0,5.04,4.4,False,False,0.18322202563285828,0.0
C5_0,it0152,0.33359646797180176,0.39884692430496216,0.0,0.058823529411764705,5.44,6.16,False,False,0.0652504563331604,0.058823529411764705
C5_0,it0153,0.3899829089641571,0.3561292886734009,0.21428571428571427,0.2619047619047619,13.52,11.44,False,False,-0.033853620290756226,0.047619047619047644
C5_0,it0154,0.30890709161758423,0.20814457535743713,0.15789473684210525,0.05263157894736842,5.92,6.24,False,False,-0.1007625162601471,-0.10526315789473684
C5_0,it0155,0.2379375845193863,0.09932227432727814,0.0,0.0,8.16,11.68,False,False,-0.13861531019210815,0.0
C5_0,it0156,0.24035805463790894,0.26467129588127136,0.0,0.09523809523809523,7.2,7.84,False,False,0.024313241243362427,0.09523809523809523
C5_0,it0157,0.5020425319671631,0.530292272567749,0.09302325581395349,0.11627906976744186,13.84,13.36,False,False,0.028249740600585938,0.023255813953488372
C5_0,it0158,0.18575918674468994,0.28717246651649475,0.10526315789473684,0.05263157894736842,6.08,8.0,False,False,0.10141327977180481,-0.05263157894736842
C5_0,it0159,0.27148449420928955,0.24429887533187866,0.21428571428571427,0.07142857142857142,4.24,5.12,False,False,-0.02718561887741089,-0.14285714285714285
C5_0,it0160,0.3959695100784302,0.44275742769241333,0.03225806451612903,0.06451612903225806,8.96,9.76,False,False,0.046787917613983154,0.03225806451612903
C5_0,it0161,0.37601402401924133,0.3085022568702698,0.06896551724137931,0.034482758620689655,7.84,7.84,False,False,-0.06751176714897156,-0.034482758620689655
C5_0,it0162,0.3506608307361603,0.08684839308261871,0.07407407407407407,0.14814814814814814,7.44,6.4,False,False,-0.26381243765354156,0.07407407407407407
C5_0,it0163,0.3002781271934509,0.30214163661003113,0.0,0.0,4.4,4.96,False,False,0.0018635094165802002,0.0
C5_0,it0164,0.22472473978996277,0.3880694508552551,0.0967741935483871,0.0,8.4,6.48,False,False,0.16334471106529236,-0.0967741935483871
C5_0,it0165,0.1987159699201584,0.27475666999816895,0.06060606060606061,0.09090909090909091,12.32,14.96,False,False,0.07604070007801056,0.030303030303030304
C5_0,it0166,0.2617599070072174,0.36128732562065125,0.4166666666666667,0.16666666666666666,4.16,9.6,False,False,0.09952741861343384,-0.25
C5_0,it0167,0.4657739996910095,0.3777274489402771,0.10526315789473684,0.21052631578947367,6.0,7.12,False,False,-0.08804655075073242,0.10526315789473684
C5_0,it0168,0.2438279390335083,0.26472458243370056,0.0,0.2,4.16,3.44,False,False,0.02089664340019226,0.2
C5_0,it0169,0.280602365732193,0.3783559799194336,0.0,0.0,6.4,8.56,False,False,0.0977536141872406,0.0
C5_0,it0170,0.39641714096069336,0.40223580598831177,0.058823529411764705,0.35294117647058826,5.2,6.56,False,False,0.005818665027618408,0.29411764705882354
C5_0,it0171,0.5774660110473633,0.499836266040802,0.0,0.047619047619047616,7.44,6.0,False,False,-0.07762974500656128,0.047619047619047616
C5_0,it0172,0.27342191338539124,0.22037671506404877,0.0,0.0,7.68,6.88,False,False,-0.05304519832134247,0.0
C5_0,it0173,0.5983741879463196,0.6023303866386414,0.0,0.03333333333333333,9.12,8.08,False,False,0.003956198692321777,0.03333333333333333
C5_0,it0174,0.33960187435150146,0.31186842918395996,0.0,0.0,4.96,4.8,False,False,-0.027733445167541504,0.0
C5_0,it0175,0.3607499301433563,0.4850441813468933,0.06666666666666667,0.06666666666666667,5.12,9.76,False,False,0.12429425120353699,0.0
C5_0,it0176,0.4191657602787018,0.2760219871997833,0.2777777777777778,0.0,5.04,5.68,False,False,-0.14314377307891846,-0.2777777777777778
C5_0,it0177,0.35309478640556335,0.5165770649909973,0.05263157894736842,0.05263157894736842,5.28,5.28,False,False,0.16348227858543396,0.0
C5_0,it0178,0.17457930743694305,0.289736807346344,0.11764705882352941,0.7647058823529411,5.84,4.0,False,False,0.11515749990940094,0.6470588235294117
C5_0,it0179,0.6779370903968811,0.5577765703201294,0.1935483870967742,0.06451612903225806,11.12,10.4,False,False,-0.12016052007675171,-0.12903225806451613
C5_0,it0180,0.42140471935272217,0.5677933692932129,0.07142857142857142,0.07142857142857142,4.32,4.32,False,False,0.14638864994049072,0.0
C5_0,it0181,0.5859299898147583,0.6030364036560059,0.0,0.0,12.96,14.96,False,False,0.01710641384124756,0.0
C5_0,it0182,0.3880172371864319,0.4595668613910675,0.04,0.16,6.8,5.04,False,False,0.07154962420463562,0.12
C5_0,it0183,0.5290778279304504,0.5800426602363586,0.04,0.0,6.48,5.68,False,False,0.0509648323059082,-0.04
C5_0,it0184,0.09060993045568466,0.27884194254875183,0.06666666666666667,0.2,4.96,4.64,False,False,0.18823201209306717,0.13333333333333336
C5_0,it0185,0.4532347321510315,0.5224336385726929,0.06451612903225806,0.12903225806451613,9.92,6.32,False,False,0.06919890642166138,0.06451612903225806
C5_0,it0186,0.44274482131004333,0.41191843152046204,0.08333333333333333,0.041666666666666664,6.08,5.84,False,False,-0.0308263897895813,-0.041666666666666664
C5_0,it0187,0.4720083475112915,0.32815617322921753,0.0625,0.25,4.56,4.0,False,False,-0.14385217428207397,0.1875
C5_0,it0188,0.3229672908782959,0.545661449432373,0.0,0.1111111111111111,4.96,5.2,False,False,0.22269415855407715,0.1111111111111111
C5_0,it0189,0.28511738777160645,0.3786119818687439,0.0,0.0,5.6,5.04,False,False,0.09349459409713745,0.0
C5_0,it0190,0.4861740171909332,0.532711923122406,0.1875,0.0,5.92,5.68,False,False,0.04653790593147278,-0.1875
C5_0,it0191,0.27238667011260986,0.26006224751472473,0.08,0.04,8.24,6.32,False,False,-0.012324422597885132,-0.04
C5_0,it0192,0.4996512234210968,0.5211719870567322,0.3333333333333333,0.037037037037037035,7.68,7.04,False,False,0.021520763635635376,-0.2962962962962963
C5_0,it0193,0.20621809363365173,0.2296622395515442,0.1875,0.125,5.68,5.2,False,False,0.023444145917892456,-0.0625
C5_0,it0194,0.5225893259048462,0.48854735493659973,0.0,0.0,6.56,5.44,False,False,-0.03404197096824646,0.0
C5_0,it0195,0.4944312274456024,0.4533317983150482,0.07692307692307693,0.19230769230769232,8.64,6.48,False,False,-0.0410994291305542,0.11538461538461539
C5_0,it0196,0.42950817942619324,0.3947795331478119,0.0,0.0,6.88,10.4,False,False,-0.03472864627838135,0.0
C5_0,it0197,0.34973371028900146,0.4446644186973572,0.0,0.09090909090909091,4.72,5.76,False,False,0.09493070840835571,0.09090909090909091
C5_0,it0198,0.26747873425483704,0.2995603382587433,0.0,0.0,4.48,5.76,False,False,0.03208160400390625,0.0
C5_0,it0199,0.42966046929359436,0.44521471858024597,0.058823529411764705,0.0,6.08,6.56,False,False,0.015554249286651611,-0.058823529411764705
C5_0,it0200,0.3370659053325653,0.4010745882987976,0.18181818181818182,0.18181818181818182,7.28,7.12,False,False,0.0640086829662323,0.0
C5_0,it0201,0.3767460286617279,0.3083001971244812,0.1111111111111111,0.0,5.92,5.92,False,False,-0.0684458315372467,-0.1111111111111111
C5_0,it0202,0.43719080090522766,0.49360349774360657,0.16666666666666666,0.0,4.72,6.64,False,False,0.056412696838378906,-0.16666666666666666
C5_0,it0203,0.5442689061164856,0.37571102380752563,0.0,0.07692307692307693,6.88,6.72,False,False,-0.16855788230895996,0.07692307692307693
C5_0,it0204,0.2539873719215393,0.43631505966186523,0.0,0.16,8.16,5.52,False,False,0.18232768774032593,0.16
C5_0,it0205,0.5471522808074951,0.4193142354488373,0.25,0.125,6.96,8.88,False,False,-0.12783804535865784,-0.125
C5_0,it0206,0.47149527072906494,0.43850791454315186,0.06060606060606061,0.09090909090909091,9.84,6.64,False,False,-0.032987356185913086,0.030303030303030304
C5_0,it0207,0.3072666823863983,0.36569902300834656,0.16666666666666666,0.05555555555555555,5.92,7.76,False,False,0.05843234062194824,-0.1111111111111111
C5_0,it0208,0.46604496240615845,0.3345203995704651,0.22580645161290322,0.3548387096774194,11.28,8.96,False,False,-0.13152456283569336,0.12903225806451615
C5_0,it0209,0.514600932598114,0.5039563775062561,0.04,0.24,7.44,9.92,False,False,-0.01064455509185791,0.19999999999999998
C5_0,it0210,0.3404770493507385,0.16776727139949799,0.14285714285714285,0.21428571428571427,11.92,9.44,False,False,-0.17270977795124054,0.07142857142857142
C5_0,it0211,0.6766963005065918,0.6301536560058594,0.0,0.0,11.44,14.32,False,False,-0.04654264450073242,0.0
C5_0,it0212,0.20742063224315643,0.2331162840127945,0.05263157894736842,0.10526315789473684,5.28,6.24,False,False,0.02569565176963806,0.05263157894736842
C5_0,it0213,0.3941580653190613,0.5324678421020508,0.18518518518518517,0.1111111111111111,7.68,8.8,False,False,0.1383097767829895,-0.07407407407407407
C5_0,it0214,0.4703977704048157,0.5533249974250793,0.10256410256410256,0.15384615384615385,10.8,7.76,False,False,0.08292722702026367,0.051282051282051294
C5_0,it0215,0.1927848756313324,0.22845804691314697,0.09090909090909091,0.45454545454545453,4.88,13.84,False,False,0.035673171281814575,0.36363636363636365
C5_0,it0216,0.374107301235199,0.4432293176651001,0.06666666666666667,0.0,5.12,6.8,False,False,0.06912201642990112,-0.06666666666666667
C5_0,it0217,0.3025941848754883,0.36865144968032837,0.38095238095238093,0.19047619047619047,7.12,11.84,False,False,0.06605726480484009,-0.19047619047619047
C5_0,it0218,0.5597925186157227,0.5059373378753662,0.058823529411764705,0.058823529411764705,5.44,5.36,False,False,-0.053855180740356445,0.0
C5_0,it0219,0.19930261373519897,0.32554858922958374,0.11764705882352941,0.47058823529411764,11.04,8.08,False,False,0.12624597549438477,0.3529411764705882
C5_0,it0220,0.37737250328063965,0.22209523618221283,0.043478260869565216,0.043478260869565216,5.68,4.32,False,False,-0.15527726709842682,0.0
C5_0,it0221,0.35449880361557007,0.4216125011444092,0.029411764705882353,0.029411764705882353,9.76,13.44,False,False,0.06711369752883911,0.0
C5_0,it0222,0.48607924580574036,0.3512747585773468,0.1875,0.0,4.08,8.48,False,False,-0.13480448722839355,-0.1875
C5_0,it0223,0.5191915035247803,0.5180330872535706,0.1,0.0,8.4,10.96,False,False,-0.0011584162712097168,-0.1
C5_0,it0224,0.24741876125335693,0.18534165620803833,0.0,0.0,5.76,6.0,False,False,-0.062077105045318604,0.0
C5_0,it0225,0.38359785079956055,0.42182743549346924,0.0,0.18181818181818182,8.16,6.4,False,False,0.03822958469390869,0.18181818181818182
C5_0,it0226,0.2924168109893799,0.4679754078388214,0.17857142857142858,0.10714285714285714,8.4,6.64,False,False,0.17555859684944153,-0.07142857142857144
C5_0,it0227,0.13778656721115112,0.28123342990875244,0.45,0.5,5.36,4.96,False,False,0.14344686269760132,0.04999999999999999
C5_0,it0228,0.6106696128845215,0.6347759962081909,0.0,0.0,5.36,5.36,False,False,0.024106383323669434,0.0
C5_0,it0229,0.39431655406951904,0.35604849457740784,0.045454545454545456,0.18181818181818182,6.64,6.88,False,False,-0.038268059492111206,0.13636363636363635
C5_0,it0230,0.5735607743263245,0.6878483295440674,0.0,0.04,8.0,6.48,False,False,0.11428755521774292,0.04
C5_0,it0231,0.4286836087703705,0.4128258526325226,0.03225806451612903,0.0967741935483871,10.0,10.64,False,False,-0.0158577561378479,0.06451612903225806
C5_0,it0232,0.22318138182163239,0.1936485320329666,0.0,0.0,6.88,6.32,False,False,-0.02953284978866577,0.0
C5_0,it0233,0.32376614212989807,0.4165143370628357,0.0,0.047619047619047616,6.96,6.08,False,False,0.09274819493293762,0.047619047619047616
C5_0,it0234,0.5941788554191589,0.484859824180603,0.06896551724137931,0.13793103448275862,10.64,8.8,False,False,-0.10931903123855591,0.06896551724137931
C5_0,it0235,0.3402813673019409,0.3070265054702759,0.15789473684210525,0.15789473684210525,6.24,8.64,False,False,-0.03325486183166504,0.0
C5_0,it0236,0.24423600733280182,0.4185795485973358,0.13333333333333333,0.0,5.04,9.2,False,False,0.174343541264534,-0.13333333333333333
C5_0,it0237,0.4428241550922394,0.5029600858688354,0.11764705882352941,0.11764705882352941,5.44,8.16,False,False,0.06013593077659607,0.0
C5_0,it0238,0.3649417757987976,0.2362380176782608,0.0,0.0,5.12,3.84,False,False,-0.1287037581205368,0.0
C5_0,it0239,0.5248335003852844,0.5355201363563538,0.20689655172413793,0.20689655172413793,8.56,7.2,False,False,0.010686635971069336,0.0
C5_0,it0240,0.18161232769489288,0.1395127922296524,0.0,0.0,4.08,3.28,False,False,-0.04209953546524048,0.0
C5_0,it0241,0.5131856203079224,0.4574076533317566,0.5,0.1875,4.48,7.68,False,False,-0.05577796697616577,-0.3125
C5_0,it0242,0.41831865906715393,0.4875500500202179,0.0,0.05263157894736842,6.48,6.32,False,False,0.06923139095306396,0.05263157894736842
C5_0,it0243,0.4543916583061218,0.2958737909793854,0.15384615384615385,0.07692307692307693,4.24,6.96,False,False,-0.15851786732673645,-0.07692307692307693
C5_0,it0244,0.3778671324253082,0.3188948929309845,0.0,0.0,5.04,4.32,False,False,-0.05897223949432373,0.0
C5_0,it0245,0.35657766461372375,0.577643632888794,0.0,0.11764705882352941,5.12,4.48,False,False,0.2210659682750702,0.11764705882352941
C5_0,it0246,0.4152027368545532,0.5098062753677368,0.22727272727272727,0.06818181818181818,12.56,13.44,False,False,0.0946035385131836,-0.1590909090909091
C5_0,it0247,0.4388301372528076,0.3966484069824219,0.11764705882352941,0.23529411764705882,5.68,7.28,False,False,-0.04218173027038574,0.11764705882352941
C5_0,it0248,0.3658945560455322,0.42593565583229065,0.0,0.06896551724137931,8.16,8.16,False,False,0.06004109978675842,0.06896551724137931
C5_0,it0249,0.3618256449699402,0.42549413442611694,0.4,0.05,6.64,5.92,False,False,0.06366848945617676,-0.35000000000000003
C5_0,it0250,0.1909521222114563,0.27111345529556274,0.09523809523809523,0.07142857142857142,13.76,14.96,False,False,0.08016133308410645,-0.023809523809523808
C5_0,it0251,0.44248488545417786,0.5148798227310181,0.03125,0.0625,8.16,11.44,False,False,0.07239493727684021,0.03125
C5_0,it0252,0.3708612024784088,0.3146195113658905,0.3333333333333333,0.0,4.24,7.76,False,False,-0.05624169111251831,-0.3333333333333333
C5_0,it0253,0.46883800625801086,0.45127734541893005,0.3076923076923077,0.38461538461538464,4.24,6.08,False,False,-0.01756066083908081,0.07692307692307693
C5_0,it0254,0.39302676916122437,0.33628249168395996,0.03333333333333333,0.06666666666666667,10.08,7.28,False,False,-0.056744277477264404,0.03333333333333333
C5_0,it0255,0.4723038673400879,0.44628697633743286,0.03225806451612903,0.12903225806451613,11.04,12.72,False,False,-0.02601689100265503,0.0967741935483871
C5_0,it0256,0.21948949992656708,0.3089698255062103,0.058823529411764705,0.08823529411764706,9.6,11.52,False,False,0.08948032557964325,0.02941176470588236
C5_0,it0257,0.4773464798927307,0.4014897644519806,0.0,0.0,7.68,7.68,False,False,-0.07585671544075012,0.0
C5_0,it0258,0.5901514291763306,0.5711701512336731,0.0,0.047619047619047616,6.48,8.4,False,False,-0.01898127794265747,0.047619047619047616
C5_0,it0259,0.44282248616218567,0.4621724486351013,0.08163265306122448,0.061224489795918366,13.28,11.2,False,False,0.01934996247291565,-0.020408163265306117
C5_0,it0260,0.5135473012924194,0.46064597368240356,0.13333333333333333,0.13333333333333333,4.48,6.56,False,False,-0.05290132761001587,0.0
C5_0,it0261,0.5580298900604248,0.5036424398422241,0.0,0.18518518518518517,11.44,8.64,False,False,-0.054387450218200684,0.18518518518518517
C5_0,it0262,0.33220386505126953,0.29399189352989197,0.25925925925925924,0.1111111111111111,8.16,6.96,False,False,-0.038211971521377563,-0.14814814814814814
C5_0,it0263,0.4701000154018402,0.49251610040664673,0.05,0.0,5.68,5.6,False,False,0.02241608500480652,-0.05
C5_0,it0264,0.44049668312072754,0.39590364694595337,0.125,0.0625,4.72,5.84,False,False,-0.04459303617477417,-0.0625
C5_0,it0265,0.32484909892082214,0.4401310384273529,0.08333333333333333,0.08333333333333333,11.76,14.96,False,False,0.11528193950653076,0.0
C5_0,it0266,0.3992897868156433,0.42071425914764404,0.0,0.0,7.92,8.24,False,False,0.021424472332000732,0.0
C5_0,it0267,0.34688812494277954,0.27928081154823303,0.0,0.0,8.56,10.4,False,False,-0.06760731339454651,0.0
C5_0,it0268,0.3657269775867462,0.34801268577575684,0.21212121212121213,0.21212121212121213,9.36,9.92,False,False,-0.01771429181098938,0.0
C5_0,it0269,0.5809875726699829,0.3755078911781311,0.4166666666666667,0.5,7.76,5.76,False,False,-0.2054796814918518,0.08333333333333331
C5_0,it0270,0.6662281155586243,0.584060549736023,0.07692307692307693,0.02564102564102564,11.6,8.72,False,False,-0.08216756582260132,-0.05128205128205129
C5_0,it0271,0.20961439609527588,0.30704647302627563,0.2,0.06666666666666667,4.24,8.56,False,False,0.09743207693099976,-0.13333333333333336
C5_0,it0272,0.3346548080444336,0.3366861045360565,0.058823529411764705,0.08823529411764706,9.2,8.56,False,False,0.002031296491622925,0.02941176470588236
C5_0,it0273,0.3303139805793762,0.4009978175163269,0.0,0.0,5.92,5.12,False,False,0.07068383693695068,0.0
C5_0,it0274,0.42946261167526245,0.3417772948741913,0.19230769230769232,0.2692307692307692,10.32,7.2,False,False,-0.08768531680107117,0.0769230769230769
C5_0,it0275,0.6340801119804382,0.5726822018623352,0.0625,0.0,7.68,7.28,False,False,-0.06139791011810303,-0.0625
C5_0,it0276,0.44363707304000854,0.4966648817062378,0.08333333333333333,0.08333333333333333,4.08,4.32,False,False,0.05302780866622925,0.0
C5_0,it0277,0.2587093710899353,0.38860881328582764,0.1875,0.25,13.52,10.08,False,False,0.12989944219589233,0.0625
C5_0,it0278,0.34594839811325073,0.2502293288707733,0.17857142857142858,0.25,7.92,8.64,False,False,-0.09571906924247742,0.07142857142857142
C5_0,it0279,0.4942646026611328,0.48982423543930054,0.15789473684210525,0.3157894736842105,12.16,12.48,False,False,-0.004440367221832275,0.15789473684210525
C5_0,it0280,0.4067802429199219,0.33542537689208984,0.0,0.05555555555555555,6.4,5.36,False,False,-0.07135486602783203,0.05555555555555555
C5_0,it0281,0.1391753852367401,0.3334951400756836,0.18181818181818182,0.5454545454545454,4.0,2.72,False,False,0.19431975483894348,0.3636363636363636
C5_0,it0282,0.524359941482544,0.4175114631652832,0.0,0.04,6.32,6.4,False,False,-0.10684847831726074,0.04
C5_0,it0283,0.45022857189178467,0.5310059785842896,0.0625,0.0625,5.36,4.56,False,False,0.08077740669250488,0.0
C5_0,it0284,0.18964599072933197,0.14797914028167725,0.07692307692307693,0.11538461538461539,8.88,7.92,False,False,-0.041666850447654724,0.038461538461538464
C5_0,it0285,0.4401434063911438,0.5398272275924683,0.04878048780487805,0.024390243902439025,13.2,12.88,False,False,0.09968382120132446,-0.024390243902439025
C5_0,it0286,0.26343563199043274,0.2091953307390213,0.07142857142857142,0.07142857142857142,8.48,8.56,False,False,-0.05424030125141144,0.0
C5_0,it0287,0.6421196460723877,0.5929621458053589,0.13636363636363635,0.18181818181818182,7.84,8.96,False,False,-0.04915750026702881,0.04545454545454547
C5_0,it0288,0.648021399974823,0.6188892126083374,0.06818181818181818,0.3409090909090909,14.24,13.68,False,False,-0.029132187366485596,0.2727272727272727
C5_0,it0289,0.5695793628692627,0.4883985221385956,0.0,0.05555555555555555,5.68,9.52,False,False,-0.08118084073066711,0.05555555555555555
C5_0,it0290,0.16917267441749573,0.25333014130592346,0.11904761904761904,0.23809523809523808,12.08,11.28,False,False,0.08415746688842773,0.11904761904761904
C5_0,it0291,0.166664257645607,0.15039552748203278,0.0,0.0,5.44,9.28,False,False,-0.01626873016357422,0.0
C5_0,it0292,0.3709649443626404,0.28879228234291077,0.02857142857142857,0.02857142857142857,11.12,9.36,False,False,-0.08217266201972961,0.0
C5_0,it0293,0.34519675374031067,0.2956090569496155,0.125,0.041666666666666664,6.56,5.36,False,False,-0.04958769679069519,-0.08333333333333334
C5_0,it0294,0.30904823541641235,0.2384071797132492,0.0,0.0,6.48,7.28,False,False,-0.07064105570316315,0.0
C5_0,it0295,0.43492403626441956,0.4869709312915802,0.1320754716981132,0.07547169811320754,14.24,11.68,False,False,0.052046895027160645,-0.05660377358490566
C5_0,it0296,0.48911118507385254,0.4641178250312805,0.03125,0.21875,13.44,8.72,False,False,-0.02499336004257202,0.1875
C5_0,it0297,0.35740894079208374,0.4034372568130493,0.24,0.52,7.44,8.48,False,False,0.046028316020965576,0.28
C5_0,it0298,0.4508211612701416,0.46357062458992004,0.125,0.3333333333333333,6.08,4.16,False,False,0.012749463319778442,0.20833333333333331
C5_0,it0299,0.5983773469924927,0.666128396987915,0.0,0.02857142857142857,11.36,10.56,False,False,0.06775104999542236,0.02857142857142857
C5_0,it0300,0.3779140114784241,0.36185941100120544,0.25,0.0,6.32,5.6,False,False,-0.016054600477218628,-0.25
C5_0,it0301,0.4109754264354706,0.41501298546791077,0.09375,0.1875,9.84,9.28,False,False,0.0040375590324401855,0.09375
C5_0,it0302,0.5535607933998108,0.5821163058280945,0.0,0.2857142857142857,11.28,13.68,False,False,0.02855551242828369,0.2857142857142857
C5_0,it0303,0.39804163575172424,0.4554347097873688,0.1,0.1,6.56,6.64,False,False,0.05739307403564453,0.0
C5_0,it0304,0.39157113432884216,0.48581767082214355,0.23076923076923078,0.07692307692307693,5.44,4.96,False,False,0.09424653649330139,-0.15384615384615385
C5_0,it0305,0.22010183334350586,0.3618493676185608,0.044444444444444446,0.044444444444444446,12.8,14.96,False,False,0.14174753427505493,0.0
C5_0,it0306,0.34200161695480347,0.30967414379119873,0.047619047619047616,0.0,6.56,6.72,False,False,-0.032327473163604736,-0.047619047619047616
C5_0,it0307,0.4282580018043518,0.38162660598754883,0.07142857142857142,0.14285714285714285,5.04,6.72,False,False,-0.04663139581680298,0.07142857142857142
C5_0,it0308,0.49146977066993713,0.5600839853286743,0.20588235294117646,0.11764705882352941,10.4,7.52,False,False,0.06861421465873718,-0.08823529411764705
C5_0,it0309,0.36275380849838257,0.29363882541656494,0.0,0.07692307692307693,5.2,3.84,False,False,-0.06911498308181763,0.07692307692307693
C5_0,it0310,0.41750407218933105,0.32529500126838684,0.16666666666666666,0.36666666666666664,8.48,5.52,False,False,-0.09220907092094421,0.19999999999999998
C5_0,it0311,0.3158682584762573,0.2712904214859009,0.09523809523809523,0.047619047619047616,5.84,3.44,False,False,-0.044577836990356445,-0.047619047619047616
C5_0,it0312,0.6429595351219177,0.5644944906234741,0.07142857142857142,0.07142857142857142,12.24,12.4,False,False,-0.0784650444984436,0.0
C5_0,it0313,0.46860507130622864,0.4816158711910248,0.058823529411764705,0.11764705882352941,4.96,7.76,False,False,0.013010799884796143,0.058823529411764705
C5_0,it0314,0.18406522274017334,0.13111981749534607,0.0,0.28,6.32,5.76,False,False,-0.05294540524482727,0.28
C5_0,it0315,0.48768433928489685,0.3744856119155884,0.04,0.0,7.92,8.0,False,False,-0.11319872736930847,-0.04
C5_0,it0316,0.4432506561279297,0.4095459282398224,0.16666666666666666,0.125,13.28,14.96,False,False,-0.0337047278881073,-0.04166666666666666
C5_0,it0317,0.37004539370536804,0.4815911054611206,0.0,0.0,8.16,9.28,False,False,0.11154571175575256,0.0
C5_0,it0318,0.11825162917375565,0.30519258975982666,0.125,0.1875,5.04,13.84,False,False,0.18694096058607101,0.0625
C5_0,it0319,0.3374490439891815,0.39845332503318787,0.0,0.05263157894736842,5.6,8.48,False,False,0.06100428104400635,0.05263157894736842
C5_0,it0320,0.5572496652603149,0.5329585075378418,0.23076923076923078,0.038461538461538464,8.0,8.32,False,False,-0.024291157722473145,-0.19230769230769232
C5_0,it0321,0.15914170444011688,0.11569810658693314,0.0,0.0,5.12,4.08,False,False,-0.043443597853183746,0.0
C5_0,it0322,0.45416024327278137,0.5292814373970032,0.29411764705882354,0.5882352941176471,4.72,12.56,False,False,0.0751211941242218,0.29411764705882354
C5_0,it0323,0.5564446449279785,0.38433611392974854,0.0,0.1,6.96,9.04,False,False,-0.17210853099822998,0.1
C5_0,it0324,0.44204580783843994,0.4248841404914856,0.0,0.0,5.92,6.08,False,False,-0.017161667346954346,0.0
C5_0,it0325,0.40897512435913086,0.22611062228679657,0.045454545454545456,0.09090909090909091,12.8,12.0,False,False,-0.1828645020723343,0.045454545454545456
C5_0,it0326,0.2332315444946289,0.3086321949958801,0.08333333333333333,0.08333333333333333,5.92,7.04,False,False,0.07540065050125122,0.0
C5_0,it0327,0.5455114841461182,0.37764278054237366,0.0,0.06666666666666667,4.56,4.48,False,False,-0.1678687036037445,0.06666666666666667
C5_0,it0328,0.49907639622688293,0.4310392737388611,0.06896551724137931,0.20689655172413793,8.0,5.36,False,False,-0.06803712248802185,0.13793103448275862
C5_0,it0329,0.5076103806495667,0.2959827184677124,0.4166666666666667,0.0,4.24,8.4,False,False,-0.21162766218185425,-0.4166666666666667
C5_0,it0330,0.45150724053382874,0.4582212567329407,0.08823529411764706,0.08823529411764706,9.6,8.32,False,False,0.0067140161991119385,0.0
C5_0,it0331,0.4131297171115875,0.416973352432251,0.037037037037037035,0.07407407407407407,8.88,11.68,False,False,0.003843635320663452,0.037037037037037035
C5_0,it0332,0.22180971503257751,0.26950404047966003,0.0,0.08333333333333333,4.0,5.36,False,False,0.04769432544708252,0.08333333333333333
C5_0,it0333,0.5630083084106445,0.5665266513824463,0.0975609756097561,0.12195121951219512,12.24,12.88,False,False,0.003518342971801758,0.02439024390243902
C5_0,it0334,0.3847818672657013,0.4429759979248047,0.25,0.10416666666666667,13.76,14.96,False,False,0.058194130659103394,-0.14583333333333331
C5_0,it0335,0.5000787973403931,0.501071572303772,0.0,0.0,4.48,5.76,False,False,0.0009927749633789062,0.0
C5_0,it0336,0.5694177746772766,0.5614550113677979,0.0,0.0,11.84,9.44,False,False,-0.00796276330947876,0.0
C5_0,it0337,0.2770465314388275,0.3598317801952362,0.07692307692307693,0.07692307692307693,13.44,12.64,False,False,0.08278524875640869,0.0
C5_0,it0338,0.3618259131908417,0.37340375781059265,0.11764705882352941,0.0,6.24,6.56,False,False,0.011577844619750977,-0.11764705882352941
C5_0,it0339,0.2955473065376282,0.37377768754959106,0.0,0.0,7.2,8.16,False,False,0.07823038101196289,0.0
C5_0,it0340,0.2639983296394348,0.30454927682876587,0.0,0.0,4.16,4.72,False,False,0.040550947189331055,0.0
C5_0,it0341,0.5935849547386169,0.6195800304412842,0.0,0.14285714285714285,8.88,7.92,False,False,0.025995075702667236,0.14285714285714285
C5_0,it0342,0.3803047239780426,0.4354117214679718,0.0,0.0,6.88,7.76,False,False,0.0551069974899292,0.0
C5_0,it0343,0.3944709300994873,0.3951992392539978,0.24444444444444444,0.044444444444444446,13.76,10.72,False,False,0.000728309154510498,-0.19999999999999998
C5_0,it0344,0.6122308969497681,0.6291607618331909,0.23076923076923078,0.038461538461538464,8.16,5.44,False,False,0.01692986488342285,-0.19230769230769232
C5_0,it0345,0.18698209524154663,0.1386791616678238,0.2222222222222222,0.2222222222222222,7.52,5.84,False,False,-0.04830293357372284,0.0
C5_0,it0346,0.34063854813575745,0.4544483721256256,0.043478260869565216,0.21739130434782608,6.96,5.12,False,False,0.11380982398986816,0.17391304347826086
C5_0,it0347,0.41417038440704346,0.5033776760101318,0.10256410256410256,0.07692307692307693,11.76,13.76,False,False,0.08920729160308838,-0.025641025641025633
C5_0,it0348,0.33693426847457886,0.37098580598831177,0.0,0.13333333333333333,4.08,4.0,False,False,0.03405153751373291,0.13333333333333333
C5_0,it0349,0.32130002975463867,0.31987109780311584,0.09090909090909091,0.18181818181818182,12.16,14.96,False,False,-0.0014289319515228271,0.09090909090909091
C5_0,it0350,0.3989792466163635,0.46435967087745667,0.21428571428571427,0.10714285714285714,7.44,9.2,False,False,0.06538042426109314,-0.10714285714285714
C5_0,it0351,0.45016300678253174,0.3966332674026489,0.09090909090909091,0.0,8.4,11.6,False,False,-0.05352973937988281,-0.09090909090909091
C5_0,it0352,0.46222710609436035,0.45567917823791504,0.0,0.0,8.64,8.08,False,False,-0.0065479278564453125,0.0
C5_0,it0353,0.20496216416358948,0.2604271173477173,0.0,0.0,6.8,7.6,False,False,0.05546495318412781,0.0
C5_0,it0354,0.3677889108657837,0.5134080052375793,0.0,0.05,6.0,6.08,False,False,0.14561909437179565,0.05
C5_0,it0355,0.5417766571044922,0.41435757279396057,0.1111111111111111,0.037037037037037035,9.12,7.12,False,False,-0.12741908431053162,-0.07407407407407407
C5_0,it0356,0.18202489614486694,0.40829718112945557,0.0,0.23076923076923078,4.48,4.88,False,False,0.22627228498458862,0.23076923076923078
C5_0,it0357,0.4683966636657715,0.407202810049057,0.06666666666666667,0.06666666666666667,8.32,6.56,False,False,-0.06119385361671448,0.0
C5_0,it0358,0.2989506125450134,0.37343108654022217,0.08695652173913043,0.13043478260869565,8.96,8.48,False,False,0.07448047399520874,0.043478260869565216
C5_0,it0359,0.4511789083480835,0.5229750275611877,0.18181818181818182,0.3181818181818182,13.52,10.4,False,False,0.07179611921310425,0.13636363636363635
C5_0,it0360,0.594684898853302,0.595578134059906,0.0,0.0,6.96,7.76,False,False,0.0008932352066040039,0.0
C5_0,it0361,0.3973414897918701,0.5046796202659607,0.058823529411764705,0.0,6.4,5.52,False,False,0.10733813047409058,-0.058823529411764705
C5_0,it0362,0.25651630759239197,0.3880109190940857,0.06666666666666667,0.13333333333333333,4.16,5.04,False,False,0.13149461150169373,0.06666666666666667
C5_0,it0363,0.46330922842025757,0.40456265211105347,0.04878048780487805,0.0975609756097561,12.64,13.36,False,False,-0.0587465763092041,0.04878048780487805
C5_0,it0364,0.5623374581336975,0.5201033353805542,0.04,0.08,8.4,8.56,False,False,-0.04223412275314331,0.04
C5_0,it0365,0.4054703414440155,0.38550662994384766,0.0,0.0,4.56,5.04,False,False,-0.019963711500167847,0.0
C5_0,it0366,0.29843005537986755,0.3439062237739563,0.11538461538461539,0.15384615384615385,9.04,7.68,False,False,0.045476168394088745,0.038461538461538464
C5_0,it0367,0.24220804870128632,0.3192145824432373,0.12,0.08,14.64,14.96,False,False,0.07700653374195099,-0.039999999999999994
C5_0,it0368,0.34608834981918335,0.31991565227508545,0.047619047619047616,0.0,6.24,5.92,False,False,-0.0261726975440979,-0.047619047619047616
C5_0,it0369,0.32935577630996704,0.32154709100723267,0.125,0.1875,4.72,6.08,False,False,-0.007808685302734375,0.0625
C5_0,it0370,0.4308193027973175,0.3453867733478546,0.0,0.12,9.68,13.44,False,False,-0.08543252944946289,0.12
C5_0,it0371,0.026705428957939148,0.014325117692351341,0.03125,0.5,9.12,14.96,False,False,-0.012380311265587807,0.46875
C5_0,it0372,0.49422264099121094,0.5806587934494019,0.06896551724137931,0.13793103448275862,8.4,7.6,False,False,0.08643615245819092,0.06896551724137931
C5_0,it0373,0.5023771524429321,0.4928296208381653,0.07407407407407407,0.0,10.24,13.28,False,False,-0.009547531604766846,-0.07407407407407407
C5_0,it0374,0.35338789224624634,0.3990406394004822,0.0,0.0,5.68,5.92,False,False,0.04565274715423584,0.0
C5_0,it0375,0.3808956742286682,0.30590328574180603,0.06666666666666667,0.0,4.0,4.24,False,False,-0.07499238848686218,-0.06666666666666667
C5_0,it0376,0.37186169624328613,0.5137636065483093,0.16666666666666666,0.2222222222222222,6.24,6.0,False,False,0.1419019103050232,0.05555555555555555
C5_0,it0377,0.42734965682029724,0.24148114025592804,0.12,0.12,7.84,10.08,False,False,-0.1858685165643692,0.0
C5_0,it0378,0.4275650084018707,0.5957747101783752,0.3333333333333333,0.06666666666666667,5.04,12.4,False,False,0.16820970177650452,-0.26666666666666666
C5_0,it0379,0.31091874837875366,0.270058274269104,0.05263157894736842,0.0,5.28,6.48,False,False,-0.04086047410964966,-0.05263157894736842
C5_0,it0380,0.3693961203098297,0.35086357593536377,0.0,0.05263157894736842,4.88,5.44,False,False,-0.018532544374465942,0.05263157894736842
C5_0,it0381,0.4471391439437866,0.6043418645858765,0.0,0.0,4.8,6.24,False,False,0.15720272064208984,0.0
C5_0,it0382,0.48488977551460266,0.43926897644996643,0.0,0.13636363636363635,6.72,11.76,False,False,-0.04562079906463623,0.13636363636363635
C5_0,it0383,0.33599287271499634,0.35283589363098145,0.15384615384615385,0.15384615384615385,10.56,10.56,False,False,0.016843020915985107,0.0
C5_0,it0384,0.14555512368679047,0.14826884865760803,0.26666666666666666,0.26666666666666666,4.0,4.4,False,False,0.002713724970817566,0.0
C5_0,it0385,0.15120038390159607,0.2631944715976715,0.0,0.0,4.24,7.28,False,False,0.11199408769607544,0.0
C5_0,it0386,0.6110696196556091,0.4980810582637787,0.07142857142857142,0.0,4.72,4.08,False,False,-0.11298856139183044,-0.07142857142857142
C5_0,it0387,0.2948704659938812,0.2756061255931854,0.0,0.030303030303030304,11.36,12.8,False,False,-0.0192643404006958,0.030303030303030304
C5_0,it0388,0.5189634561538696,0.4451475441455841,0.0,0.0,6.64,6.32,False,False,-0.07381591200828552,0.0
C5_0,it0389,0.6744182705879211,0.7242153286933899,0.0,0.021739130434782608,14.48,14.96,False,False,0.04979705810546875,0.021739130434782608
C5_0,it0390,0.4316622018814087,0.41024458408355713,0.11627906976744186,0.32558139534883723,11.76,13.2,False,False,-0.021417617797851562,0.2093023255813954
C5_0,it0391,0.43643414974212646,0.40649721026420593,0.043478260869565216,0.0,8.96,9.92,False,False,-0.029936939477920532,-0.043478260869565216
C5_0,it0392,0.26526927947998047,0.4115663766860962,0.047619047619047616,0.047619047619047616,7.68,7.6,False,False,0.14629709720611572,0.0
C5_0,it0393,0.4827600419521332,0.4325900971889496,0.07692307692307693,0.0,4.88,6.16,False,False,-0.050169944763183594,-0.07692307692307693
C5_0,it0394,0.4842536151409149,0.47512656450271606,0.0,0.0,6.8,7.6,False,False,-0.009127050638198853,0.0
C5_0,it0395,0.10646876692771912,0.3079567849636078,0.23529411764705882,0.7058823529411765,5.68,4.88,False,False,0.20148801803588867,0.4705882352941177
C5_0,it0396,0.55306476354599,0.6351792812347412,0.0,0.0,6.24,6.96,False,False,0.08211451768875122,0.0
C5_0,it0397,0.36535146832466125,0.4621180295944214,0.05263157894736842,0.05263157894736842,6.4,7.04,False,False,0.09676656126976013,0.0
C5_0,it0398,0.5196952819824219,0.4775342345237732,0.1,0.15,6.48,4.32,False,False,-0.04216104745864868,0.04999999999999999
C5_0,it0399,0.35574811697006226,0.3103976547718048,0.16666666666666666,0.16666666666666666,5.12,5.84,False,False,-0.045350462198257446,0.0
C5_1,it0000,0.22987623512744904,0.2853038012981415,0.0,0.15217391304347827,12.16,9.44,False,False,0.055427566170692444,0.15217391304347827
C5_1,it0001,0.17968390882015228,0.22089149057865143,0.3333333333333333,0.3888888888888889,4.96,9.84,False,False,0.041207581758499146,0.05555555555555558
C5_1,it0002,0.2736738920211792,0.20485372841358185,0.2,0.6,5.12,12.32,False,False,-0.06882016360759735,0.39999999999999997
C5_1,it0003,0.15065915882587433,0.3578983545303345,0.06666666666666667,0.06666666666666667,5.2,7.28,False,False,0.20723919570446014,0.0
C5_1,it0004,0.3102276921272278,0.3039894700050354,0.125,0.125,5.2,4.8,False,False,-0.006238222122192383,0.0
C5_1,it0005,0.3379817008972168,0.4574681520462036,0.07407407407407407,0.07407407407407407,7.2,8.32,False,False,0.11948645114898682,0.0
C5_1,it0006,0.41089558601379395,0.36679545044898987,0.1111111111111111,0.05555555555555555,6.48,7.2,False,False,-0.04410013556480408,-0.05555555555555555
C5_1,it0007,0.24273592233657837,0.3267238736152649,0.13636363636363635,0.06818181818181818,13.52,8.96,False,False,0.08398795127868652,-0.06818181818181818
C5_1,it0008,0.1865972876548767,0.15216299891471863,0.09523809523809523,0.38095238095238093,6.4,5.92,False,False,-0.03443428874015808,0.2857142857142857
C5_1,it0009,0.5557810068130493,0.45750296115875244,0.037037037037037035,0.1111111111111111,7.84,6.32,False,False,-0.09827804565429688,0.07407407407407407
C5_1,it0010,0.5500903725624084,0.47868290543556213,0.0,0.16666666666666666,6.88,6.08,False,False,-0.07140746712684631,0.16666666666666666
C5_1,it0011,0.4682917296886444,0.42999982833862305,0.0,0.0,8.08,9.68,False,False,-0.03829190135002136,0.0
C5_1,it0012,0.22687631845474243,0.3773844242095947,0.4827586206896552,0.8620689655172413,8.72,6.4,False,False,0.1505081057548523,0.37931034482758613
C5_1,it0013,0.5803459882736206,0.4497951567173004,0.14814814814814814,0.0,9.12,12.24,False,False,-0.1305508315563202,-0.14814814814814814
C5_1,it0014,0.3610011339187622,0.33450743556022644,0.0,0.0,5.68,5.2,False,False,-0.026493698358535767,0.0
C5_1,it0015,0.4140790104866028,0.4009999930858612,0.17647058823529413,0.0,4.24,3.28,False,False,-0.013079017400741577,-0.17647058823529413
C5_1,it0016,0.3993840515613556,0.3539540469646454,0.14705882352941177,0.029411764705882353,9.28,9.2,False,False,-0.045430004596710205,-0.11764705882352941
C5_1,it0017,0.26956361532211304,0.4271475076675415,0.13333333333333333,0.0,4.32,3.52,False,False,0.15758389234542847,-0.13333333333333333
C5_1,it0018,0.21031470596790314,0.2290930449962616,0.029411764705882353,0.029411764705882353,10.0,9.76,False,False,0.01877833902835846,0.0
C5_1,it0019,0.47827762365341187,0.47442111372947693,0.13043478260869565,0.10869565217391304,12.56,10.16,False,False,-0.0038565099239349365,-0.021739130434782608
C5_1,it0020,0.2139846533536911,0.2103535532951355,0.3076923076923077,0.15384615384615385,4.24,4.64,False,False,-0.003631100058555603,-0.15384615384615385
C5_1,it0021,0.23711685836315155,0.37927740812301636,0.06060606060606061,0.06060606060606061,9.76,11.52,False,False,0.1421605497598648,0.0
C5_1,it0022,0.3172341287136078,0.19324404001235962,0.55,0.425,12.24,14.96,False,False,-0.12399008870124817,-0.12500000000000006
C5_1,it0023,0.44431161880493164,0.5353290438652039,0.2777777777777778,0.2777777777777778,4.88,3.84,False,False,0.09101742506027222,0.0
C5_1,it0024,0.46087056398391724,0.4567260444164276,0.21428571428571427,0.21428571428571427,4.56,4.4,False,False,-0.004144519567489624,0.0
C5_1,it0025,0.5423188805580139,0.616470992565155,0.0,0.2,6.48,4.32,False,False,0.07415211200714111,0.2
C5_1,it0026,0.288797527551651,0.24289211630821228,0.125,0.0,4.48,4.16,False,False,-0.04590541124343872,-0.125
C5_1,it0027,0.6063579320907593,0.5469210147857666,0.0,0.0,5.04,4.88,False,False,-0.059436917304992676,0.0
C5_1,it0028,0.4974370002746582,0.49010297656059265,0.09523809523809523,0.09523809523809523,12.56,9.92,False,False,-0.007334023714065552,0.0
C5_1,it0029,0.3109346330165863,0.43009063601493835,0.0625,0.0625,4.56,4.56,False,False,0.11915600299835205,0.0
C5_1,it0030,0.4379950761795044,0.4771278500556946,0.12,0.0,7.44,5.84,False,False,0.039132773876190186,-0.12
C5_1,it0031,0.36577481031417847,0.37259945273399353,0.05555555555555555,0.0,5.68,6.96,False,False,0.0068246424198150635,-0.05555555555555555
C5_1,it0032,0.48768797516822815,0.5264105200767517,0.1111111111111111,0.18518518518518517,8.56,7.36,False,False,0.03872254490852356,0.07407407407407407
C5_1,it0033,0.395403653383255,0.3168967366218567,0.15384615384615385,0.15384615384615385,4.72,6.16,False,False,-0.07850691676139832,0.0
C5_1,it0034,0.1879069060087204,0.3686736226081848,0.06666666666666667,0.1,9.28,12.4,False,False,0.18076671659946442,0.03333333333333334
C5_1,it0035,0.13942460715770721,0.20424704253673553,0.0,0.38461538461538464,5.36,3.92,False,False,0.06482243537902832,0.38461538461538464
C5_1,it0036,0.47998741269111633,0.3866931200027466,0.0,0.05555555555555555,5.52,3.36,False,False,-0.09329429268836975,0.05555555555555555
C5_1,it0037,0.583425760269165,0.5853670239448547,0.0,0.0,5.68,8.88,False,False,0.0019412636756896973,0.0
C5_1,it0038,0.1917487233877182,0.12043152749538422,0.02702702702702703,0.0,13.92,14.96,False,False,-0.07131719589233398,-0.02702702702702703
C5_1,it0039,0.5149545073509216,0.41795456409454346,0.024390243902439025,0.12195121951219512,13.6,14.96,False,False,-0.09699994325637817,0.0975609756097561
C5_1,it0040,0.2762194871902466,0.15614287555217743,0.13333333333333333,0.06666666666666667,4.48,6.32,False,False,-0.12007661163806915,-0.06666666666666667
C5_1,it0041,0.5161811113357544,0.41361314058303833,0.045454545454545456,0.045454545454545456,7.36,6.72,False,False,-0.10256797075271606,0.0
C5_1,it0042,0.38975846767425537,0.4568263590335846,0.14814814814814814,0.2222222222222222,8.64,8.64,False,False,0.06706789135932922,0.07407407407407407
C5_1,it0043,0.2219361662864685,0.2110779732465744,0.038461538461538464,0.038461538461538464,7.68,6.72,False,False,-0.010858193039894104,0.0
C5_1,it0044,0.42723873257637024,0.2964019775390625,0.16,0.32,7.36,6.8,False,False,-0.13083675503730774,0.16
C5_1,it0045,0.29373517632484436,0.30275803804397583,0.13333333333333333,0.3333333333333333,9.84,7.68,False,False,0.00902286171913147,0.19999999999999998
C5_1,it0046,0.311536580324173,0.340137779712677,0.0,0.1875,5.92,5.52,False,False,0.02860119938850403,0.1875
C5_1,it0047,0.2885931432247162,0.26102080941200256,0.5,0.65,8.56,9.44,False,False,-0.027572333812713623,0.15000000000000002
C5_1,it0048,0.3265649080276489,0.5034787058830261,0.0,0.0625,4.64,10.16,False,False,0.1769137978553772,0.0625
C5_1,it0049,0.36899280548095703,0.3326403498649597,0.09090909090909091,0.045454545454545456,5.92,7.44,False,False,-0.036352455615997314,-0.045454545454545456
C5_1,it0050,0.036435797810554504,0.18426336348056793,0.13636363636363635,0.5454545454545454,5.76,9.6,False,False,0.14782756567001343,0.40909090909090906
C5_1,it0051,0.388234406709671,0.39642614126205444,0.0,0.0,10.08,7.52,False,False,0.008191734552383423,0.0
C5_1,it0052,0.15840616822242737,0.16250231862068176,0.0,0.0,4.24,6.0,False,False,0.0040961503982543945,0.0
C5_1,it0053,0.21480132639408112,0.29087769985198975,0.2702702702702703,0.24324324324324326,12.56,10.88,False,False,0.07607637345790863,-0.02702702702702703
C5_1,it0054,0.06440229713916779,0.16720043122768402,0.041666666666666664,0.16666666666666666,6.48,6.0,False,False,0.10279813408851624,0.125
C5_1,it0055,0.42380738258361816,0.4306030869483948,0.11538461538461539,0.3076923076923077,7.2,8.56,False,False,0.006795704364776611,0.19230769230769232
C5_1,it0056,0.15255099534988403,0.2398456484079361,0.2,0.05,7.52,10.0,False,False,0.08729465305805206,-0.15000000000000002
C5_1,it0057,0.3354910612106323,0.4498837888240814,0.14705882352941177,0.23529411764705882,10.72,7.12,False,False,0.1143927276134491,0.08823529411764705
C5_1,it0058,0.4019017815589905,0.3502597212791443,0.0,0.0,4.56,4.0,False,False,-0.05164206027984619,0.0
C5_1,it0059,0.537810206413269,0.5857279300689697,0.10714285714285714,0.07142857142857142,8.16,5.84,False,False,0.047917723655700684,-0.03571428571428571
C5_1,it0060,0.31097492575645447,0.3944246470928192,0.0,0.0,5.12,5.92,False,False,0.08344972133636475,0.0
C5_1,it0061,0.5676048994064331,0.5199633836746216,0.0,0.0,9.84,7.12,False,False,-0.04764151573181152,0.0
C5_1,it0062,0.4932624399662018,0.4626406133174896,0.09523809523809523,0.0,6.16,8.24,False,False,-0.030621826648712158,-0.09523809523809523
C5_1,it0063,0.2799898087978363,0.35183626413345337,0.06896551724137931,0.06896551724137931,9.12,14.96,False,False,0.07184645533561707,0.0
C5_1,it0064,0.3893435597419739,0.4798843264579773,0.0,0.1111111111111111,5.44,5.28,False,False,0.09054076671600342,0.1111111111111111
C5_1,it0065,0.49810513854026794,0.5499272346496582,0.23076923076923078,0.23076923076923078,10.8,8.8,False,False,0.05182209610939026,0.0
C5_1,it0066,0.4015220105648041,0.4345448315143585,0.14285714285714285,0.09523809523809523,7.2,5.12,False,False,0.03302282094955444,-0.047619047619047616
C5_1,it0067,0.21139927208423615,0.2833292484283447,0.2222222222222222,0.05555555555555555,4.56,5.28,False,False,0.07192997634410858,-0.16666666666666666
C5_1,it0068,0.608700156211853,0.6209302544593811,0.0,0.0,13.28,11.28,False,False,0.012230098247528076,0.0
C5_1,it0069,0.23882032930850983,0.30236387252807617,0.09090909090909091,0.22727272727272727,7.52,6.08,False,False,0.06354354321956635,0.13636363636363635
C5_1,it0070,0.31519150733947754,0.3517656624317169,0.13333333333333333,0.0,4.48,4.88,False,False,0.03657415509223938,-0.13333333333333333
C5_1,it0071,0.5294945240020752,0.4806898534297943,0.10714285714285714,0.21428571428571427,7.52,4.96,False,False,-0.048804670572280884,0.10714285714285714
C5_1,it0072,0.4531608521938324,0.49457263946533203,0.0,0.0,8.96,11.2,False,False,0.041411787271499634,0.0
C5_1,it0073,0.19830429553985596,0.19904200732707977,0.3448275862068966,0.27586206896551724,6.88,11.12,False,False,0.0007377117872238159,-0.06896551724137934
C5_1,it0074,0.3036198019981384,0.2698100805282593,0.2,0.13333333333333333,5.36,10.24,False,False,-0.03380972146987915,-0.06666666666666668
C5_1,it0075,0.4313248097896576,0.4801824688911438,0.08695652173913043,0.0,7.84,11.36,False,False,0.048857659101486206,-0.08695652173913043
C5_1,it0076,0.28790539503097534,0.2763316035270691,0.2608695652173913,0.13043478260869565,5.92,8.0,False,False,-0.01157379150390625,-0.13043478260869565
C5_1,it0077,0.2900485098361969,0.3822670578956604,0.25,0.08333333333333333,4.8,6.08,False,False,0.0922185480594635,-0.16666666666666669
C5_1,it0078,0.2585706412792206,0.18078570067882538,0.09523809523809523,0.19047619047619047,7.36,10.0,False,False,-0.0777849406003952,0.09523809523809523
C5_1,it0079,0.581881582736969,0.570244550704956,0.0,0.0,9.12,10.24,False,False,-0.01163703203201294,0.0
C5_1,it0080,0.1619689017534256,0.17163413763046265,0.24390243902439024,0.0975609756097561,12.0,14.08,False,False,0.009665235877037048,-0.14634146341463414
C5_1,it0081,0.2096674144268036,0.22368161380290985,0.14285714285714285,0.07142857142857142,8.24,7.76,False,False,0.014014199376106262,-0.07142857142857142
C5_1,it0082,0.4254711866378784,0.32248297333717346,0.0,0.0,6.56,6.96,False,False,-0.10298821330070496,0.0
C5_1,it0083,0.32366278767585754,0.3575304448604584,0.0,0.0,12.4,14.72,False,False,0.03386765718460083,0.0
C5_1,it0084,0.38254493474960327,0.40387964248657227,0.022222222222222223,0.022222222222222223,12.56,10.96,False,False,0.021334707736968994,0.0
C5_1,it0085,0.455044686794281,0.4149399697780609,0.07142857142857142,0.0,4.72,5.6,False,False,-0.04010471701622009,-0.07142857142857142
C5_1,it0086,0.59781414270401,0.5127737522125244,0.47058823529411764,0.23529411764705882,4.64,8.56,False,False,-0.0850403904914856,-0.23529411764705882
C5_1,it0087,0.606672465801239,0.5611817836761475,0.125,0.1875,4.48,9.52,False,False,-0.04549068212509155,0.0625
C5_1,it0088,0.46622803807258606,0.37550121545791626,0.19047619047619047,0.38095238095238093,6.4,8.0,False,False,-0.0907268226146698,0.19047619047619047
C5_1,it0089,0.2656492292881012,0.32385554909706116,0.16666666666666666,0.041666666666666664,7.68,7.92,False,False,0.05820631980895996,-0.125
C5_1,it0090,0.42726218700408936,0.6058642864227295,0.058823529411764705,0.0,6.24,6.8,False,False,0.17860209941864014,-0.058823529411764705
C5_1,it0091,0.5558133125305176,0.423283189535141,0.06451612903225806,0.06451612903225806,9.2,7.68,False,False,-0.1325301229953766,0.0
C5_1,it0092,0.33703285455703735,0.37158289551734924,0.05714285714285714,0.02857142857142857,10.32,10.0,False,False,0.03455004096031189,-0.02857142857142857
C5_1,it0093,0.35000747442245483,0.36468833684921265,0.0,0.0,5.76,4.48,False,False,0.014680862426757812,0.0
C5_1,it0094,0.5295895338058472,0.40576279163360596,0.0,0.0,5.12,4.56,False,False,-0.12382674217224121,0.0
C5_1,it0095,0.5418500900268555,0.4956279397010803,0.09523809523809523,0.0,6.64,6.72,False,False,-0.046222150325775146,-0.09523809523809523
C5_1,it0096,0.28095272183418274,0.3640754818916321,0.36363636363636365,0.3181818181818182,6.48,8.48,False,False,0.08312276005744934,-0.04545454545454547
C5_1,it0097,0.5839619636535645,0.5402241945266724,0.0,0.0,6.56,7.6,False,False,-0.04373776912689209,0.0
C5_1,it0098,0.3682379722595215,0.3676658272743225,0.18518518518518517,0.07407407407407407,9.12,10.64,False,False,-0.0005721449851989746,-0.1111111111111111
C5_1,it0099,0.1856987476348877,0.1357441246509552,0.0,0.0,6.16,6.24,False,False,-0.049954622983932495,0.0
C5_1,it0100,0.5291002988815308,0.6816486716270447,0.0,0.0,4.64,4.24,False,False,0.15254837274551392,0.0
C5_1,it0101,0.20884102582931519,0.2383105605840683,0.05263157894736842,0.10526315789473684,12.4,11.04,False,False,0.029469534754753113,0.05263157894736842
C5_1,it0102,0.5024354457855225,0.40016311407089233,0.07692307692307693,0.0,4.96,6.72,False,False,-0.10227233171463013,-0.07692307692307693
C5_1,it0103,0.2987659275531769,0.3622109293937683,0.13636363636363635,0.09090909090909091,6.64,7.36,False,False,0.06344500184059143,-0.04545454545454544
C5_1,it0104,0.400953471660614,0.4144327640533447,0.0,0.0,5.6,5.52,False,False,0.013479292392730713,0.0
C5_1,it0105,0.38904017210006714,0.4145691394805908,0.14285714285714285,0.08571428571428572,11.2,14.96,False,False,0.02552896738052368,-0.057142857142857134
C5_1,it0106,0.4455857574939728,0.480720579624176,0.16666666666666666,0.08333333333333333,6.8,9.6,False,False,0.03513482213020325,-0.08333333333333333
C5_1,it0107,0.6037539839744568,0.5573813915252686,0.17391304347826086,0.13043478260869565,8.16,8.88,False,False,-0.04637259244918823,-0.043478260869565216
C5_1,it0108,0.38335680961608887,0.3318501114845276,0.25,0.25,5.04,7.6,False,False,-0.05150669813156128,0.0
C5_1,it0109,0.4145417809486389,0.2841854691505432,0.05263157894736842,0.10526315789473684,6.24,8.08,False,False,-0.1303563117980957,0.05263157894736842
C5_1,it0110,0.23568816483020782,0.3168809115886688,0.2,0.2,8.56,8.24,False,False,0.081192746758461,0.0
C5_1,it0111,0.10869380831718445,0.13556550443172455,0.15151515151515152,0.24242424242424243,10.16,9.04,False,False,0.0268716961145401,0.09090909090909091
C5_1,it0112,0.579513669013977,0.5052227973937988,0.045454545454545456,0.022727272727272728,14.8,13.68,False,False,-0.07429087162017822,-0.022727272727272728
C5_1,it0113,0.4683300256729126,0.5082894563674927,0.022727272727272728,0.022727272727272728,14.4,12.24,False,False,0.03995943069458008,0.0
C5_1,it0114,0.3678223192691803,0.29084599018096924,0.2777777777777778,0.3333333333333333,5.52,5.84,False,False,-0.07697632908821106,0.055555555555555525
C5_1,it0115,0.20731492340564728,0.058481425046920776,0.07142857142857142,0.0,4.08,4.4,False,False,-0.1488334983587265,-0.07142857142857142
C5_1,it0116,0.34847158193588257,0.32846230268478394,0.11764705882352941,0.5294117647058824,4.96,12.96,False,False,-0.020009279251098633,0.4117647058823529
C5_1,it0117,0.5136660933494568,0.4829482436180115,0.029411764705882353,0.029411764705882353,10.24,10.48,False,False,-0.030717849731445312,0.0
C5_1,it0118,0.4281691908836365,0.49339759349823,0.057692307692307696,0.1346153846153846,14.96,12.32,False,False,0.0652284026145935,0.07692307692307691
C5_1,it0119,0.5458671450614929,0.39914023876190186,0.35714285714285715,0.14285714285714285,4.64,6.72,False,False,-0.14672690629959106,-0.2142857142857143
C5_1,it0120,0.48364371061325073,0.4347993731498718,0.0,0.0,5.76,8.0,False,False,-0.048844337463378906,0.0
C5_1,it0121,0.38853734731674194,0.3143000304698944,0.2,0.05,6.24,6.4,False,False,-0.07423731684684753,-0.15000000000000002
C5_1,it0122,0.3128548860549927,0.33961987495422363,0.22727272727272727,0.3181818181818182,8.32,8.16,False,False,0.026764988899230957,0.09090909090909091
C5_1,it0123,0.4446170926094055,0.534498929977417,0.058823529411764705,0.23529411764705882,5.12,4.48,False,False,0.08988183736801147,0.1764705882352941
C5_1,it0124,0.48517173528671265,0.4093001186847687,0.12121212121212122,0.2727272727272727,11.92,7.44,False,False,-0.07587161660194397,0.1515151515151515
C5_1,it0125,0.36392152309417725,0.3800692558288574,0.02564102564102564,0.20512820512820512,11.52,14.56,False,False,0.016147732734680176,0.1794871794871795
C5_1,it0126,0.37204331159591675,0.3693051040172577,0.0,0.0,4.24,6.4,False,False,-0.0027382075786590576,0.0
C5_1,it0127,0.39249148964881897,0.41991230845451355,0.0,0.058823529411764705,5.44,5.44,False,False,0.02742081880569458,0.058823529411764705
C5_1,it0128,0.3386183977127075,0.46708041429519653,0.05,0.0,5.04,5.84,False,False,0.128462016582489,-0.05
C5_1,it0129,0.17302881181240082,0.18461644649505615,0.11764705882352941,0.0,5.76,6.8,False,False,0.011587634682655334,-0.11764705882352941
C5_1,it0130,0.22320400178432465,0.3288886547088623,0.1,0.0,4.08,7.44,False,False,0.10568465292453766,-0.1
C5_1,it0131,0.4215177893638611,0.410927951335907,0.1935483870967742,0.06451612903225806,10.4,9.76,False,False,-0.010589838027954102,-0.12903225806451613
C5_1,it0132,0.04369822144508362,0.1661391705274582,0.0,0.07142857142857142,4.48,8.0,False,False,0.12244094908237457,0.07142857142857142
C5_1,it0133,0.6141536831855774,0.5993183255195618,0.03571428571428571,0.0,8.4,10.0,False,False,-0.014835357666015625,-0.03571428571428571
C5_1,it0134,0.3293394446372986,0.25624629855155945,0.0,0.05263157894736842,11.76,11.84,False,False,-0.07309314608573914,0.05263157894736842
C5_1,it0135,0.2860763967037201,0.2652735412120819,0.10256410256410256,0.07692307692307693,11.52,9.84,False,False,-0.020802855491638184,-0.025641025641025633
C5_1,it0136,0.44868481159210205,0.4905303716659546,0.25,0.05,6.64,10.4,False,False,0.04184556007385254,-0.2
C5_1,it0137,0.4151137173175812,0.2754059433937073,0.6666666666666666,0.0,4.24,9.84,False,False,-0.1397077739238739,-0.6666666666666666
C5_1,it0138,0.5880524516105652,0.5424010753631592,0.5,0.0,5.92,6.8,False,False,-0.045651376247406006,-0.5
C5_1,it0139,0.42998674511909485,0.5336964726448059,0.0,0.0,5.68,6.0,False,False,0.10370972752571106,0.0
C5_1,it0140,0.2942611277103424,0.3739393949508667,0.0,0.041666666666666664,7.84,9.36,False,False,0.07967826724052429,0.041666666666666664
C5_1,it0141,0.6064227223396301,0.6199489831924438,0.06666666666666667,0.23333333333333334,9.92,9.12,False,False,0.01352626085281372,0.16666666666666669
C5_1,it0142,0.05835137516260147,0.07842759788036346,0.12,0.04,6.72,6.96,False,False,0.020076222717761993,-0.07999999999999999
C5_1,it0143,0.434945285320282,0.3474234938621521,0.0,0.0625,5.28,5.84,False,False,-0.08752179145812988,0.0625
C5_1,it0144,0.1689722090959549,0.2253674566745758,0.0,0.0,9.04,9.12,False,False,0.05639524757862091,0.0
C5_1,it0145,0.6105577349662781,0.6165062189102173,0.0,0.175,13.12,12.64,False,False,0.005948483943939209,0.175
C5_1,it0146,0.3104144334793091,0.30205971002578735,0.0,0.05,5.52,7.76,False,False,-0.008354723453521729,0.05
C5_1,it0147,0.3819400668144226,0.40763378143310547,0.0,0.0,6.0,8.72,False,False,0.02569371461868286,0.0
C5_1,it0148,0.2251264750957489,0.0683673843741417,0.07142857142857142,0.14285714285714285,8.56,5.92,False,False,-0.1567590907216072,0.07142857142857142
C5_1,it0149,0.473971962928772,0.38059571385383606,0.2857142857142857,0.14285714285714285,4.08,3.44,False,False,-0.09337624907493591,-0.14285714285714285
C5_1,it0150,0.34461259841918945,0.47222423553466797,0.07692307692307693,0.07692307692307693,7.52,6.56,False,False,0.12761163711547852,0.0
C5_1,it0151,0.46955257654190063,0.4489986002445221,0.0,0.0,5.04,4.4,False,False,-0.02055397629737854,0.0
C5_1,it0152,0.5332179665565491,0.3521263599395752,0.0,0.0,5.44,6.16,False,False,-0.18109160661697388,0.0
C5_1,it0153,0.3421995937824249,0.3518821597099304,0.23809523809523808,0.4523809523809524,13.52,11.44,False,False,0.009682565927505493,0.2142857142857143
C5_1,it0154,0.019664838910102844,0.20074157416820526,0.10526315789473684,0.0,5.92,6.24,False,False,0.18107673525810242,-0.10526315789473684
C5_1,it0155,0.32999634742736816,0.22286801040172577,0.03571428571428571,0.0,8.16,11.68,False,False,-0.1071283370256424,-0.03571428571428571
C5_1,it0156,0.26524874567985535,0.21952664852142334,0.0,0.047619047619047616,7.2,7.84,False,False,-0.04572209715843201,0.047619047619047616
C5_1,it0157,0.4762459993362427,0.5081069469451904,0.06976744186046512,0.023255813953488372,13.84,13.36,False,False,0.031860947608947754,-0.046511627906976744
C5_1,it0158,0.37425845861434937,0.2062293142080307,0.05263157894736842,0.10526315789473684,6.08,8.0,False,False,-0.16802914440631866,0.05263157894736842
C5_1,it0159,0.26003360748291016,0.11455568671226501,0.21428571428571427,0.0,4.24,5.12,False,False,-0.14547792077064514,-0.21428571428571427
C5_1,it0160,0.38525211811065674,0.4137120544910431,0.03225806451612903,0.03225806451612903,8.96,9.76,False,False,0.028459936380386353,0.0
C5_1,it0161,0.34996286034584045,0.4139949381351471,0.034482758620689655,0.10344827586206896,7.84,7.84,False,False,0.06403207778930664,0.06896551724137931
C5_1,it0162,0.27759674191474915,0.1633930653333664,0.2222222222222222,0.2962962962962963,7.44,6.4,False,False,-0.11420367658138275,0.07407407407407407
C5_1,it0163,0.4350917637348175,0.3719562292098999,0.058823529411764705,0.058823529411764705,4.4,4.96,False,False,-0.0631355345249176,0.0
C5_1,it0164,0.2277970314025879,0.29464274644851685,0.0,0.0,8.4,6.48,False,False,0.06684571504592896,0.0
C5_1,it0165,0.2548816502094269,0.39604634046554565,0.06060606060606061,0.09090909090909091,12.32,14.96,False,False,0.14116469025611877,0.030303030303030304
C5_1,it0166,0.2963930070400238,0.2417307049036026,0.25,0.0,4.16,9.6,False,False,-0.054662302136421204,-0.25
C5_1,it0167,0.4368293583393097,0.39566028118133545,0.21052631578947367,0.10526315789473684,6.0,7.12,False,False,-0.04116907715797424,-0.10526315789473684
C5_1,it0168,0.21384640038013458,0.27033931016921997,0.1,0.0,4.16,3.44,False,False,0.05649290978908539,-0.1
C5_1,it0169,0.3969725966453552,0.3827729821205139,0.1,0.1,6.4,8.56,False,False,-0.014199614524841309,0.0
C5_1,it0170,0.39284268021583557,0.25737980008125305,0.23529411764705882,0.11764705882352941,5.2,6.56,False,False,-0.13546288013458252,-0.11764705882352941
C5_1,it0171,0.5685646533966064,0.5356415510177612,0.09523809523809523,0.09523809523809523,7.44,6.0,False,False,-0.032923102378845215,0.0
C5_1,it0172,0.2907702922821045,0.30889570713043213,0.0,0.0,7.68,6.88,False,False,0.018125414848327637,0.0
C5_1,it0173,0.5386894345283508,0.49684464931488037,0.0,0.03333333333333333,9.12,8.08,False,False,-0.04184478521347046,0.03333333333333333
C5_1,it0174,0.35211578011512756,0.39971792697906494,0.0,0.0,4.96,4.8,False,False,0.04760214686393738,0.0
C5_1,it0175,0.20634695887565613,0.33844631910324097,0.06666666666666667,0.4,5.12,9.76,False,False,0.13209936022758484,0.33333333333333337
C5_1,it0176,0.256111204624176,0.3106825351715088,0.2222222222222222,0.1111111111111111,5.04,5.68,False,False,0.054571330547332764,-0.1111111111111111
C5_1,it0177,0.4830438196659088,0.34365981817245483,0.05263157894736842,0.05263157894736842,5.28,5.28,False,False,-0.13938400149345398,0.0
C5_1,it0178,0.20426912605762482,0.11550232023000717,0.29411764705882354,0.47058823529411764,5.84,4.0,False,False,-0.08876680582761765,0.1764705882352941
C5_1,it0179,0.6193875670433044,0.5913029909133911,0.06451612903225806,0.0967741935483871,11.12,10.4,False,False,-0.02808457612991333,0.03225806451612903
C5_1,it0180,0.42201799154281616,0.42038068175315857,0.07142857142857142,0.14285714285714285,4.32,4.32,False,False,-0.0016373097896575928,0.07142857142857142
C5_1,it0181,0.4710243046283722,0.4968315362930298,0.0,0.0,12.96,14.96,False,False,0.025807231664657593,0.0
C5_1,it0182,0.3592072129249573,0.36387157440185547,0.08,0.16,6.8,5.04,False,False,0.004664361476898193,0.08
C5_1,it0183,0.5206671953201294,0.34014901518821716,0.0,0.16,6.48,5.68,False,False,-0.18051818013191223,0.16
C5_1,it0184,0.06661306321620941,0.18625301122665405,0.13333333333333333,0.13333333333333333,4.96,4.64,False,False,0.11963994801044464,0.0
C5_1,it0185,0.3020595908164978,0.31232795119285583,0.12903225806451613,0.16129032258064516,9.92,6.32,False,False,0.010268360376358032,0.03225806451612903
C5_1,it0186,0.40596508979797363,0.5351137518882751,0.08333333333333333,0.08333333333333333,6.08,5.84,False,False,0.1291486620903015,0.0
C5_1,it0187,0.4135044515132904,0.3254799544811249,0.0625,0.0625,4.56,4.0,False,False,-0.08802449703216553,0.0
C5_1,it0188,0.3556305170059204,0.40101873874664307,0.1111111111111111,0.2222222222222222,4.96,5.2,False,False,0.045388221740722656,0.1111111111111111
C5_1,it0189,0.31890547275543213,0.4138213098049164,0.0,0.05,5.6,5.04,False,False,0.09491583704948425,0.05
C5_1,it0190,0.44264522194862366,0.537218451499939,0.0625,0.0625,5.92,5.68,False,False,0.09457322955131531,0.0
C5_1,it0191,0.3013557195663452,0.35077670216560364,0.12,0.08,8.24,6.32,False,False,0.04942098259925842,-0.039999999999999994
C5_1,it0192,0.6202569603919983,0.5335206985473633,0.2222222222222222,0.14814814814814814,7.68,7.04,False,False,-0.08673626184463501,-0.07407407407407407
C5_1,it0193,0.3022960424423218,0.13619747757911682,0.1875,0.4375,5.68,5.2,False,False,-0.16609856486320496,0.25
C5_1,it0194,0.5374704599380493,0.5714206695556641,0.0,0.047619047619047616,6.56,5.44,False,False,0.033950209617614746,0.047619047619047616
C5_1,it0195,0.37847745418548584,0.4293361306190491,0.07692307692307693,0.11538461538461539,8.64,6.48,False,False,0.05085867643356323,0.038461538461538464
C5_1,it0196,0.35901835560798645,0.3707398772239685,0.42857142857142855,0.07142857142857142,6.88,10.4,False,False,0.011721521615982056,-0.3571428571428571
C5_1,it0197,0.38166096806526184,0.3197769820690155,0.0,0.0,4.72,5.76,False,False,-0.06188398599624634,0.0
C5_1,it0198,0.15251319110393524,0.15090622007846832,0.0,0.0,4.48,5.76,False,False,-0.001606971025466919,0.0
C5_1,it0199,0.4230235815048218,0.3162829875946045,0.0,0.0,6.08,6.56,False,False,-0.10674059391021729,0.0
C5_1,it0200,0.4272628426551819,0.4173155725002289,0.045454545454545456,0.09090909090909091,7.28,7.12,False,False,-0.009947270154953003,0.045454545454545456
C5_1,it0201,0.3212549090385437,0.4061509072780609,0.16666666666666666,0.3333333333333333,5.92,5.92,False,False,0.08489599823951721,0.16666666666666666
C5_1,it0202,0.5556855201721191,0.5059713125228882,0.16666666666666666,0.0,4.72,6.64,False,False,-0.04971420764923096,-0.16666666666666666
C5_1,it0203,0.21363307535648346,0.1718720942735672,0.038461538461538464,0.038461538461538464,6.88,6.72,False,False,-0.04176098108291626,0.0
C5_1,it0204,0.37312617897987366,0.3246760070323944,0.04,0.4,8.16,5.52,False,False,-0.04845017194747925,0.36000000000000004
C5_1,it0205,0.4565831124782562,0.41522151231765747,0.2916666666666667,0.125,6.96,8.88,False,False,-0.041361600160598755,-0.16666666666666669
C5_1,it0206,0.49228420853614807,0.4443974792957306,0.09090909090909091,0.15151515151515152,9.84,6.64,False,False,-0.04788672924041748,0.06060606060606061
C5_1,it0207,0.46560829877853394,0.419656366109848,0.1111111111111111,0.05555555555555555,5.92,7.76,False,False,-0.04595193266868591,-0.05555555555555555
C5_1,it0208,0.33835434913635254,0.42550522089004517,0.0967741935483871,0.3225806451612903,11.28,8.96,False,False,0.08715087175369263,0.22580645161290322
C5_1,it0209,0.3995736837387085,0.5351672172546387,0.12,0.08,7.44,9.92,False,False,0.13559353351593018,-0.039999999999999994
C5_1,it0210,0.26468899846076965,0.3116386830806732,0.11904761904761904,0.21428571428571427,11.92,9.44,False,False,0.046949684619903564,0.09523809523809523
C5_1,it0211,0.6455204486846924,0.6124065518379211,0.029411764705882353,0.17647058823529413,11.44,14.32,False,False,-0.03311389684677124,0.14705882352941177
C5_1,it0212,0.20863279700279236,0.23571065068244934,0.0,0.21052631578947367,5.28,6.24,False,False,0.027077853679656982,0.21052631578947367
C5_1,it0213,0.4318566918373108,0.5499706864356995,0.1111111111111111,0.1111111111111111,7.68,8.8,False,False,0.11811399459838867,0.0
C5_1,it0214,0.40213117003440857,0.4546980857849121,0.02564102564102564,0.07692307692307693,10.8,7.76,False,False,0.05256691575050354,0.05128205128205129
C5_1,it0215,0.22310303151607513,0.32691365480422974,0.2727272727272727,0.45454545454545453,4.88,13.84,False,False,0.1038106232881546,0.18181818181818182
C5_1,it0216,0.41537877917289734,0.3857564628124237,0.06666666666666667,0.2,5.12,6.8,False,False,-0.029622316360473633,0.13333333333333336
C5_1,it0217,0.35856175422668457,0.38947248458862305,0.14285714285714285,0.3333333333333333,7.12,11.84,False,False,0.030910730361938477,0.19047619047619047
C5_1,it0218,0.4859645366668701,0.5304005742073059,0.058823529411764705,0.058823529411764705,5.44,5.36,False,False,0.04443603754043579,0.0
C5_1,it0219,0.2888047695159912,0.3974795639514923,0.14705882352941177,0.058823529411764705,11.04,8.08,False,False,0.1086747944355011,-0.08823529411764706
C5_1,it0220,0.12586836516857147,0.22086173295974731,0.0,0.08695652173913043,5.68,4.32,False,False,0.09499336779117584,0.08695652173913043
C5_1,it0221,0.27760016918182373,0.2722446024417877,0.029411764705882353,0.058823529411764705,9.76,13.44,False,False,-0.005355566740036011,0.029411764705882353
C5_1,it0222,0.41550904512405396,0.4157426059246063,0.5625,0.1875,4.08,8.48,False,False,0.00023356080055236816,-0.375
C5_1,it0223,0.47296470403671265,0.3589246869087219,0.03333333333333333,0.03333333333333333,8.4,10.96,False,False,-0.11404001712799072,0.0
C5_1,it0224,0.27228349447250366,0.2625028192996979,0.0,0.0,5.76,6.0,False,False,-0.009780675172805786,0.0
C5_1,it0225,0.36547815799713135,0.418524831533432,0.045454545454545456,0.045454545454545456,8.16,6.4,False,False,0.05304667353630066,0.0
C5_1,it0226,0.4736199378967285,0.4324280023574829,0.10714285714285714,0.10714285714285714,8.4,6.64,False,False,-0.041191935539245605,0.0
C5_1,it0227,0.34143760800361633,0.28823232650756836,0.15,0.5,5.36,4.96,False,False,-0.053205281496047974,0.35
C5_1,it0228,0.514629065990448,0.7083738446235657,0.0,0.0,5.36,5.36,False,False,0.19374477863311768,0.0
C5_1,it0229,0.13665109872817993,0.40713202953338623,0.13636363636363635,0.13636363636363635,6.64,6.88,False,False,0.2704809308052063,0.0
C5_1,it0230,0.5750173330307007,0.6016148924827576,0.0,0.16,8.0,6.48,False,False,0.026597559452056885,0.16
C5_1,it0231,0.40293699502944946,0.43551403284072876,0.06451612903225806,0.03225806451612903,10.0,10.64,False,False,0.0325770378112793,-0.03225806451612903
C5_1,it0232,0.30675411224365234,0.2768303453922272,0.045454545454545456,0.09090909090909091,6.88,6.32,False,False,-0.02992376685142517,0.045454545454545456
C5_1,it0233,0.32326382398605347,0.33726465702056885,0.047619047619047616,0.0,6.96,6.08,False,False,0.01400083303451538,-0.047619047619047616
C5_1,it0234,0.6070841550827026,0.5119744539260864,0.06896551724137931,0.20689655172413793,10.64,8.8,False,False,-0.09510970115661621,0.13793103448275862
C5_1,it0235,0.28733882308006287,0.2534729242324829,0.15789473684210525,0.15789473684210525,6.24,8.64,False,False,-0.033865898847579956,0.0
C5_1,it0236,0.2682974636554718,0.34792807698249817,0.26666666666666666,0.3333333333333333,5.04,9.2,False,False,0.07963061332702637,0.06666666666666665
C5_1,it0237,0.4068213403224945,0.5920016169548035,0.0,0.0,5.44,8.16,False,False,0.18518027663230896,0.0
C5_1,it0238,0.41216355562210083,0.33153608441352844,0.0,0.0,5.12,3.84,False,False,-0.08062747120857239,0.0
C5_1,it0239,0.5729601383209229,0.4868944585323334,0.3103448275862069,0.3103448275862069,8.56,7.2,False,False,-0.08606567978858948,0.0
C5_1,it0240,0.25459644198417664,0.41766297817230225,0.0,0.0,4.08,3.28,False,False,0.1630665361881256,0.0
C5_1,it0241,0.4604346454143524,0.37597495317459106,0.4375,0.1875,4.48,7.68,False,False,-0.08445969223976135,-0.25
C5_1,it0242,0.44286850094795227,0.5020635724067688,0.2631578947368421,0.05263157894736842,6.48,6.32,False,False,0.05919507145881653,-0.21052631578947367
C5_1,it0243,0.5097473859786987,0.5651358962059021,0.07692307692307693,0.07692307692307693,4.24,6.96,False,False,0.05538851022720337,0.0
C5_1,it0244,0.42685818672180176,0.3872206509113312,0.0625,0.0,5.04,4.32,False,False,-0.03963753581047058,-0.0625
C5_1,it0245,0.4404926002025604,0.3430551290512085,0.058823529411764705,0.0,5.12,4.48,False,False,-0.09743747115135193,-0.058823529411764705
C5_1,it0246,0.4419289827346802,0.5227398872375488,0.18181818181818182,0.18181818181818182,12.56,13.44,False,False,0.08081090450286865,0.0
C5_1,it0247,0.3304707705974579,0.291068971157074,0.0,0.17647058823529413,5.68,7.28,False,False,-0.03940179944038391,0.17647058823529413
C5_1,it0248,0.2938718795776367,0.28838545083999634,0.13793103448275862,0.034482758620689655,8.16,8.16,False,False,-0.005486428737640381,-0.10344827586206896
C5_1,it0249,0.4857306480407715,0.3593299090862274,0.3,0.3,6.64,5.92,False,False,-0.12640073895454407,0.0
C5_1,it0250,0.34965887665748596,0.28417977690696716,0.19047619047619047,0.21428571428571427,13.76,14.96,False,False,-0.0654790997505188,0.023809523809523808
C5_1,it0251,0.545232355594635,0.5427889227867126,0.03125,0.15625,8.16,11.44,False,False,-0.0024434328079223633,0.125
C5_1,it0252,0.20522725582122803,0.34779655933380127,0.08333333333333333,0.0,4.24,7.76,False,False,0.14256930351257324,-0.08333333333333333
C5_1,it0253,0.5925500392913818,0.6132791638374329,0.46153846153846156,0.38461538461538464,4.24,6.08,False,False,0.020729124546051025,-0.07692307692307693
C5_1,it0254,0.6171406507492065,0.4879828095436096,0.0,0.16666666666666666,10.08,7.28,False,False,-0.12915784120559692,0.16666666666666666
C5_1,it0255,0.3986693322658539,0.3374950587749481,0.16129032258064516,0.12903225806451613,11.04,12.72,False,False,-0.06117427349090576,-0.03225806451612903
C5_1,it0256,0.3991866707801819,0.25277048349380493,0.08823529411764706,0.08823529411764706,9.6,11.52,False,False,-0.14641618728637695,0.0
C5_1,it0257,0.3881021738052368,0.4738471508026123,0.25,0.07142857142857142,7.68,7.68,False,False,0.08574497699737549,-0.17857142857142858
C5_1,it0258,0.5726532340049744,0.5677450895309448,0.0,0.09523809523809523,6.48,8.4,False,False,-0.004908144474029541,0.09523809523809523
C5_1,it0259,0.4036560356616974,0.36080119013786316,0.14285714285714285,0.10204081632653061,13.28,11.2,False,False,-0.04285484552383423,-0.040816326530612235
C5_1,it0260,0.6921441555023193,0.6486617922782898,0.0,0.06666666666666667,4.48,6.56,False,False,-0.04348236322402954,0.06666666666666667
C5_1,it0261,0.49001577496528625,0.4642702043056488,0.037037037037037035,0.0,11.44,8.64,False,False,-0.02574557065963745,-0.037037037037037035
C5_1,it0262,0.33328545093536377,0.3772819936275482,0.037037037037037035,0.07407407407407407,8.16,6.96,False,False,0.04399654269218445,0.037037037037037035
C5_1,it0263,0.5189991593360901,0.5051978826522827,0.0,0.0,5.68,5.6,False,False,-0.013801276683807373,0.0
C5_1,it0264,0.43717432022094727,0.3501187860965729,0.125,0.0,4.72,5.84,False,False,-0.08705553412437439,-0.125
C5_1,it0265,0.38478195667266846,0.3942486643791199,0.16666666666666666,0.0,11.76,14.96,False,False,0.009466707706451416,-0.16666666666666666
C5_1,it0266,0.3148113191127777,0.33701473474502563,0.0,0.08,7.92,8.24,False,False,0.022203415632247925,0.08
C5_1,it0267,0.3701108694076538,0.40853193402290344,0.0,0.037037037037037035,8.56,10.4,False,False,0.038421064615249634,0.037037037037037035
C5_1,it0268,0.4041459560394287,0.4141024053096771,0.2727272727272727,0.21212121212121213,9.36,9.92,False,False,0.009956449270248413,-0.06060606060606058
C5_1,it0269,0.5480188727378845,0.41906988620758057,0.2916666666666667,0.25,7.76,5.76,False,False,-0.12894898653030396,-0.041666666666666685
C5_1,it0270,0.5199167728424072,0.6699260473251343,0.02564102564102564,0.02564102564102564,11.6,8.72,False,False,0.15000927448272705,0.0
C5_1,it0271,0.21192362904548645,0.3071419298648834,0.0,0.4,4.24,8.56,False,False,0.09521830081939697,0.4
C5_1,it0272,0.21014517545700073,0.2813400626182556,0.029411764705882353,0.23529411764705882,9.2,8.56,False,False,0.07119488716125488,0.20588235294117646
C5_1,it0273,0.41388633847236633,0.338766872882843,0.0,0.0,5.92,5.12,False,False,-0.07511946558952332,0.0
C5_1,it0274,0.1454785168170929,0.21483787894248962,0.23076923076923078,0.19230769230769232,10.32,7.2,False,False,0.06935936212539673,-0.038461538461538464
C5_1,it0275,0.642488420009613,0.6398735642433167,0.0,0.0,7.68,7.28,False,False,-0.0026148557662963867,0.0
C5_1,it0276,0.40615200996398926,0.505095899105072,0.08333333333333333,0.08333333333333333,4.08,4.32,False,False,0.09894388914108276,0.0
C5_1,it0277,0.2834019660949707,0.2699669599533081,0.08333333333333333,0.0625,13.52,10.08,False,False,-0.013435006141662598,-0.02083333333333333
C5_1,it0278,0.21237081289291382,0.24071675539016724,0.17857142857142858,0.14285714285714285,7.92,8.64,False,False,0.028345942497253418,-0.035714285714285726
C5_1,it0279,0.48796117305755615,0.5212585926055908,0.13157894736842105,0.2894736842105263,12.16,12.48,False,False,0.03329741954803467,0.15789473684210528
C5_1,it0280,0.4632411599159241,0.43262040615081787,0.1111111111111111,0.0,6.4,5.36,False,False,-0.0306207537651062,-0.1111111111111111
C5_1,it0281,0.23435869812965393,0.21675190329551697,0.18181818181818182,0.18181818181818182,4.0,2.72,False,False,-0.017606794834136963,0.0
C5_1,it0282,0.36792799830436707,0.4070611596107483,0.08,0.2,6.32,6.4,False,False,0.039133161306381226,0.12000000000000001
C5_1,it0283,0.3773779273033142,0.4722445607185364,0.3125,0.25,5.36,4.56,False,False,0.09486663341522217,-0.0625
C5_1,it0284,0.2751467525959015,0.3743479251861572,0.0,0.0,8.88,7.92,False,False,0.09920117259025574,0.0
C5_1,it0285,0.46823370456695557,0.4969053864479065,0.17073170731707318,0.0,13.2,12.88,False,False,0.028671681880950928,-0.17073170731707318
C5_1,it0286,0.24904900789260864,0.39950326085090637,0.25,0.10714285714285714,8.48,8.56,False,False,0.15045425295829773,-0.14285714285714285
C5_1,it0287,0.5796076059341431,0.5796082019805908,0.13636363636363635,0.13636363636363635,7.84,8.96,False,False,5.960464477539062e-07,0.0
C5_1,it0288,0.580592155456543,0.62221360206604,0.022727272727272728,0.1590909090909091,14.24,13.68,False,False,0.04162144660949707,0.13636363636363635
C5_1,it0289,0.3908286690711975,0.565725564956665,0.1111111111111111,0.1111111111111111,5.68,9.52,False,False,0.17489689588546753,0.0
C5_1,it0290,0.28040850162506104,0.2078685313463211,0.11904761904761904,0.11904761904761904,12.08,11.28,False,False,-0.07253997027873993,0.0
C5_1,it0291,0.3180478513240814,0.20026573538780212,0.1111111111111111,0.05555555555555555,5.44,9.28,False,False,-0.1177821159362793,-0.05555555555555555
C5_1,it0292,0.2892809808254242,0.277241051197052,0.02857142857142857,0.08571428571428572,11.12,9.36,False,False,-0.012039929628372192,0.05714285714285715
C5_1,it0293,0.3120734691619873,0.39171886444091797,0.041666666666666664,0.08333333333333333,6.56,5.36,False,False,0.07964539527893066,0.041666666666666664
C5_1,it0294,0.3341381251811981,0.40139690041542053,0.0,0.0,6.48,7.28,False,False,0.06725877523422241,0.0
C5_1,it0295,0.41887596249580383,0.35559314489364624,0.03773584905660377,0.1509433962264151,14.24,11.68,False,False,-0.06328281760215759,0.11320754716981132
C5_1,it0296,0.4300748407840729,0.3733624219894409,0.03125,0.3125,13.44,8.72,False,False,-0.05671241879463196,0.28125
C5_1,it0297,0.38497304916381836,0.34584155678749084,0.28,0.24,7.44,8.48,False,False,-0.039131492376327515,-0.040000000000000036
C5_1,it0298,0.5140047073364258,0.3648797571659088,0.041666666666666664,0.25,6.08,4.16,False,False,-0.14912495017051697,0.20833333333333334
C5_1,it0299,0.6111464500427246,0.562702476978302,0.0,0.05714285714285714,11.36,10.56,False,False,-0.04844397306442261,0.05714285714285714
C5_1,it0300,0.36271411180496216,0.35659825801849365,0.125,0.0,6.32,5.6,False,False,-0.006115853786468506,-0.125
C5_1,it0301,0.408986896276474,0.3993995189666748,0.03125,0.125,9.84,9.28,False,False,-0.009587377309799194,0.09375
C5_1,it0302,0.5516936779022217,0.5578996539115906,0.16666666666666666,0.09523809523809523,11.28,13.68,False,False,0.0062059760093688965,-0.07142857142857142
C5_1,it0303,0.37795525789260864,0.4651576280593872,0.15,0.1,6.56,6.64,False,False,0.08720237016677856,-0.04999999999999999
C5_1,it0304,0.36850282549858093,0.3162652850151062,0.15384615384615385,0.07692307692307693,5.44,4.96,False,False,-0.05223754048347473,-0.07692307692307693
C5_1,it0305,0.3510884940624237,0.3854410648345947,0.044444444444444446,0.022222222222222223,12.8,14.96,False,False,0.03435257077217102,-0.022222222222222223
C5_1,it0306,0.41614338755607605,0.4270026385784149,0.047619047619047616,0.09523809523809523,6.56,6.72,False,False,0.010859251022338867,0.047619047619047616
C5_1,it0307,0.32666659355163574,0.3479434847831726,0.07142857142857142,0.0,5.04,6.72,False,False,0.021276891231536865,-0.07142857142857142
C5_1,it0308,0.3673807978630066,0.43539899587631226,0.11764705882352941,0.20588235294117646,10.4,7.52,False,False,0.06801819801330566,0.08823529411764705
C5_1,it0309,0.41125917434692383,0.3956301808357239,0.0,0.23076923076923078,5.2,3.84,False,False,-0.01562899351119995,0.23076923076923078
C5_1,it0310,0.39108407497406006,0.35699474811553955,0.3333333333333333,0.2,8.48,5.52,False,False,-0.03408932685852051,-0.1333333333333333
C5_1,it0311,0.2869396507740021,0.17054203152656555,0.047619047619047616,0.3333333333333333,5.84,3.44,False,False,-0.11639761924743652,0.2857142857142857
C5_1,it0312,0.6987807750701904,0.6937428712844849,0.19047619047619047,0.0,12.24,12.4,False,False,-0.005037903785705566,-0.19047619047619047
C5_1,it0313,0.47153279185295105,0.43188008666038513,0.058823529411764705,0.0,4.96,7.76,False,False,-0.03965270519256592,-0.058823529411764705
C5_1,it0314,0.18757303059101105,0.17773392796516418,0.12,0.24,6.32,5.76,False,False,-0.009839102625846863,0.12
C5_1,it0315,0.31972408294677734,0.3805047273635864,0.12,0.0,7.92,8.0,False,False,0.06078064441680908,-0.12
C5_1,it0316,0.3447100818157196,0.46705231070518494,0.125,0.10416666666666667,13.28,14.96,False,False,0.12234222888946533,-0.02083333333333333
C5_1,it0317,0.4362959861755371,0.5037202835083008,0.1111111111111111,0.0,8.16,9.28,False,False,0.06742429733276367,-0.1111111111111111
C5_1,it0318,0.33296531438827515,0.3083324730396271,0.125,0.3125,5.04,13.84,False,False,-0.02463284134864807,0.1875
C5_1,it0319,0.38458526134490967,0.33995386958122253,0.10526315789473684,0.05263157894736842,5.6,8.48,False,False,-0.044631391763687134,-0.05263157894736842
C5_1,it0320,0.5602554678916931,0.6184330582618713,0.11538461538461539,0.11538461538461539,8.0,8.32,False,False,0.05817759037017822,0.0
C5_1,it0321,0.11211029440164566,0.10529162734746933,0.0,0.0,5.12,4.08,False,False,-0.006818667054176331,0.0
C5_1,it0322,0.5617456436157227,0.5263845920562744,0.5882352941176471,0.5882352941176471,4.72,12.56,False,False,-0.03536105155944824,0.0
C5_1,it0323,0.3955426812171936,0.5427051782608032,0.05,0.0,6.96,9.04,False,False,0.14716249704360962,-0.05
C5_1,it0324,0.36378026008605957,0.36385029554367065,0.05555555555555555,0.0,5.92,6.08,False,False,7.003545761108398e-05,-0.05555555555555555
C5_1,it0325,0.2647557258605957,0.22278326749801636,0.09090909090909091,0.022727272727272728,12.8,12.0,False,False,-0.041972458362579346,-0.06818181818181818
C5_1,it0326,0.24850833415985107,0.19215239584445953,0.0,0.20833333333333334,5.92,7.04,False,False,-0.05635593831539154,0.20833333333333334
C5_1,it0327,0.10940250009298325,0.2030227780342102,0.0,0.0,4.56,4.48,False,False,0.09362027794122696,0.0
C5_1,it0328,0.5460830330848694,0.5423566102981567,0.4482758620689655,0.20689655172413793,8.0,5.36,False,False,-0.0037264227867126465,-0.2413793103448276
C5_1,it0329,0.54616379737854,0.4117739498615265,0.25,0.0,4.24,8.4,False,False,-0.13438984751701355,-0.25
C5_1,it0330,0.3322204351425171,0.3398018479347229,0.0,0.058823529411764705,9.6,8.32,False,False,0.0075814127922058105,0.058823529411764705
C5_1,it0331,0.3557870090007782,0.3544815480709076,0.037037037037037035,0.037037037037037035,8.88,11.68,False,False,-0.0013054609298706055,0.0
C5_1,it0332,0.36129796504974365,0.22570869326591492,0.08333333333333333,0.08333333333333333,4.0,5.36,False,False,-0.13558927178382874,0.0
C5_1,it0333,0.5804763436317444,0.5773014426231384,0.0975609756097561,0.0975609756097561,12.24,12.88,False,False,-0.003174901008605957,0.0
C5_1,it0334,0.33012259006500244,0.3516843020915985,0.10416666666666667,0.16666666666666666,13.76,14.96,False,False,0.02156171202659607,0.062499999999999986
C5_1,it0335,0.32395532727241516,0.5542190074920654,0.0,0.0,4.48,5.76,False,False,0.23026368021965027,0.0
C5_1,it0336,0.5661867260932922,0.5826382040977478,0.02857142857142857,0.02857142857142857,11.84,9.44,False,False,0.016451478004455566,0.0
C5_1,it0337,0.28870218992233276,0.29719308018684387,0.10256410256410256,0.07692307692307693,13.44,12.64,False,False,0.008490890264511108,-0.025641025641025633
C5_1,it0338,0.45460522174835205,0.2529391050338745,0.0,0.058823529411764705,6.24,6.56,False,False,-0.20166611671447754,0.058823529411764705
C5_1,it0339,0.333083838224411,0.31194695830345154,0.0,0.0,7.2,8.16,False,False,-0.021136879920959473,0.0
C5_1,it0340,0.2423800230026245,0.17977961897850037,0.07692307692307693,0.07692307692307693,4.16,4.72,False,False,-0.06260040402412415,0.0
C5_1,it0341,0.6096591949462891,0.5219025611877441,0.03571428571428571,0.2857142857142857,8.88,7.92,False,False,-0.08775663375854492,0.25
C5_1,it0342,0.29752761125564575,0.32566311955451965,0.125,0.0,6.88,7.76,False,False,0.0281355082988739,-0.125
C5_1,it0343,0.2625751197338104,0.352579265832901,0.022222222222222223,0.044444444444444446,13.76,10.72,False,False,0.09000414609909058,0.022222222222222223
C5_1,it0344,0.6572673320770264,0.6959094405174255,0.11538461538461539,0.07692307692307693,8.16,5.44,False,False,0.03864210844039917,-0.038461538461538464
C5_1,it0345,0.1861678659915924,0.22021687030792236,0.37037037037037035,0.2962962962962963,7.52,5.84,False,False,0.034049004316329956,-0.07407407407407407
C5_1,it0346,0.34139367938041687,0.4377661347389221,0.043478260869565216,0.13043478260869565,6.96,5.12,False,False,0.09637245535850525,0.08695652173913043
C5_1,it0347,0.33343085646629333,0.44634953141212463,0.10256410256410256,0.07692307692307693,11.76,13.76,False,False,0.1129186749458313,-0.025641025641025633
C5_1,it0348,0.20815148949623108,0.31145673990249634,0.0,0.0,4.08,4.0,False,False,0.10330525040626526,0.0
C5_1,it0349,0.22582034766674042,0.16656318306922913,0.030303030303030304,0.030303030303030304,12.16,14.96,False,False,-0.05925716459751129,0.0
C5_1,it0350,0.4271472096443176,0.5188151597976685,0.10714285714285714,0.0,7.44,9.2,False,False,0.09166795015335083,-0.10714285714285714
C5_1,it0351,0.48348355293273926,0.4204045534133911,0.0,0.09090909090909091,8.4,11.6,False,False,-0.06307899951934814,0.09090909090909091
C5_1,it0352,0.3305293023586273,0.45929354429244995,0.0,0.0,8.64,8.08,False,False,0.12876424193382263,0.0
C5_1,it0353,0.16549427807331085,0.3921329081058502,0.07692307692307693,0.07692307692307693,6.8,7.6,False,False,0.22663863003253937,0.0
C5_1,it0354,0.4102511703968048,0.45928749442100525,0.1,0.05,6.0,6.08,False,False,0.04903632402420044,-0.05
C5_1,it0355,0.4717341959476471,0.4289051294326782,0.07407407407407407,0.0,9.12,7.12,False,False,-0.04282906651496887,-0.07407407407407407
C5_1,it0356,0.3109363913536072,0.3484172821044922,0.3076923076923077,0.07692307692307693,4.48,4.88,False,False,0.03748089075088501,-0.23076923076923078
C5_1,it0357,0.44683054089546204,0.4217942953109741,0.03333333333333333,0.06666666666666667,8.32,6.56,False,False,-0.025036245584487915,0.03333333333333333
C5_1,it0358,0.3655746579170227,0.3644736409187317,0.0,0.13043478260869565,8.96,8.48,False,False,-0.0011010169982910156,0.13043478260869565
C5_1,it0359,0.5486109256744385,0.4979175329208374,0.13636363636363635,0.18181818181818182,13.52,10.4,False,False,-0.050693392753601074,0.04545454545454547
C5_1,it0360,0.6294370293617249,0.6103784441947937,0.0,0.0,6.96,7.76,False,False,-0.019058585166931152,0.0
C5_1,it0361,0.49200475215911865,0.3956314027309418,0.0,0.35294117647058826,6.4,5.52,False,False,-0.09637334942817688,0.35294117647058826
C5_1,it0362,0.39737871289253235,0.3244815468788147,0.06666666666666667,0.06666666666666667,4.16,5.04,False,False,-0.07289716601371765,0.0
C5_1,it0363,0.4559471011161804,0.49243417382240295,0.024390243902439025,0.07317073170731707,12.64,13.36,False,False,0.036487072706222534,0.048780487804878044
C5_1,it0364,0.5877529978752136,0.664461076259613,0.08,0.08,8.4,8.56,False,False,0.07670807838439941,0.0
C5_1,it0365,0.4888647198677063,0.43570926785469055,0.0,0.0,4.56,5.04,False,False,-0.05315545201301575,0.0
C5_1,it0366,0.2920655310153961,0.29987549781799316,0.15384615384615385,0.07692307692307693,9.04,7.68,False,False,0.007809966802597046,-0.07692307692307693
C5_1,it0367,0.27745306491851807,0.27278077602386475,0.1,0.06,14.64,14.96,False,False,-0.00467228889465332,-0.04000000000000001
C5_1,it0368,0.381087064743042,0.36666280031204224,0.047619047619047616,0.047619047619047616,6.24,5.92,False,False,-0.014424264430999756,0.0
C5_1,it0369,0.3078537583351135,0.30466580390930176,0.0,0.0,4.72,6.08,False,False,-0.0031879544258117676,0.0
C5_1,it0370,0.46342360973358154,0.4483795166015625,0.12,0.16,9.68,13.44,False,False,-0.015044093132019043,0.04000000000000001
C5_1,it0371,0.138199582695961,0.22420993447303772,0.03125,0.1875,9.12,14.96,False,False,0.08601035177707672,0.15625
C5_1,it0372,0.5613025426864624,0.5713030695915222,0.034482758620689655,0.034482758620689655,8.4,7.6,False,False,0.010000526905059814,0.0
C5_1,it0373,0.4449244439601898,0.437158465385437,0.037037037037037035,0.0,10.24,13.28,False,False,-0.007765978574752808,-0.037037037037037035
C5_1,it0374,0.40019792318344116,0.327676385641098,0.0,0.0,5.68,5.92,False,False,-0.07252153754234314,0.0
C5_1,it0375,0.09670650959014893,0.08844934403896332,0.26666666666666666,0.0,4.0,4.24,False,False,-0.008257165551185608,-0.26666666666666666
C5_1,it0376,0.3007619380950928,0.35883814096450806,0.2222222222222222,0.2777777777777778,6.24,6.0,False,False,0.05807620286941528,0.05555555555555558
C5_1,it0377,0.2157016098499298,0.14735686779022217,0.0,0.24,7.84,10.08,False,False,-0.06834474205970764,0.24
C5_1,it0378,0.4880514442920685,0.3749159574508667,0.26666666666666666,0.4666666666666667,5.04,12.4,False,False,-0.11313548684120178,0.2
C5_1,it0379,0.23049215972423553,0.2954074740409851,0.05263157894736842,0.0,5.28,6.48,False,False,0.06491531431674957,-0.05263157894736842
C5_1,it0380,0.2412770837545395,0.39242449402809143,0.0,0.0,4.88,5.44,False,False,0.15114741027355194,0.0
C5_1,it0381,0.4328995943069458,0.5483980774879456,0.0,0.0,4.8,6.24,False,False,0.11549848318099976,0.0
C5_1,it0382,0.5374075770378113,0.5131178498268127,0.0,0.18181818181818182,6.72,11.76,False,False,-0.024289727210998535,0.18181818181818182
C5_1,it0383,0.21445365250110626,0.2662619650363922,0.20512820512820512,0.15384615384615385,10.56,10.56,False,False,0.05180831253528595,-0.051282051282051266
C5_1,it0384,-0.01563265174627304,0.08588720113039017,0.4,0.2,4.0,4.4,False,False,0.10151985287666321,-0.2
C5_1,it0385,0.25576257705688477,0.3807384967803955,0.4166666666666667,0.0,4.24,7.28,False,False,0.12497591972351074,-0.4166666666666667
C5_1,it0386,0.4626372158527374,0.46491140127182007,0.14285714285714285,0.14285714285714285,4.72,4.08,False,False,0.0022741854190826416,0.0
C5_1,it0387,0.36202412843704224,0.2172941416501999,0.0,0.06060606060606061,11.36,12.8,False,False,-0.14472998678684235,0.06060606060606061
C5_1,it0388,0.3953411877155304,0.520144522190094,0.0,0.0,6.64,6.32,False,False,0.1248033344745636,0.0
C5_1,it0389,0.6839836835861206,0.677513062953949,0.043478260869565216,0.0,14.48,14.96,False,False,-0.006470620632171631,-0.043478260869565216
C5_1,it0390,0.39191585779190063,0.3560832738876343,0.06976744186046512,0.13953488372093023,11.76,13.2,False,False,-0.03583258390426636,0.06976744186046512
C5_1,it0391,0.44018495082855225,0.38184380531311035,0.0,0.043478260869565216,8.96,9.92,False,False,-0.058341145515441895,0.043478260869565216
C5_1,it0392,0.2702130079269409,0.2639111578464508,0.09523809523809523,0.047619047619047616,7.68,7.6,False,False,-0.006301850080490112,-0.047619047619047616
C5_1,it0393,0.3447675406932831,0.43389832973480225,0.0,0.0,4.88,6.16,False,False,0.08913078904151917,0.0
C5_1,it0394,0.4718915820121765,0.5113260746002197,0.0,0.0,6.8,7.6,False,False,0.03943449258804321,0.0
C5_1,it0395,0.16654014587402344,0.29691028594970703,0.35294117647058826,0.17647058823529413,5.68,4.88,False,False,0.1303701400756836,-0.17647058823529413
C5_1,it0396,0.610430121421814,0.5613877773284912,0.05,0.15,6.24,6.96,False,False,-0.049042344093322754,0.09999999999999999
C5_1,it0397,0.44041091203689575,0.36556437611579895,0.05263157894736842,0.05263157894736842,6.4,7.04,False,False,-0.0748465359210968,0.0
C5_1,it0398,0.47146862745285034,0.4874606430530548,0.05,0.35,6.48,4.32,False,False,0.015992015600204468,0.3
C5_1,it0399,0.5046143531799316,0.3875296115875244,0.16666666666666666,0.16666666666666666,5.12,5.84,False,False,-0.11708474159240723,0.0
C5_2,it0000,0.20605313777923584,0.5014482736587524,0.043478260869565216,0.021739130434782608,12.16,9.44,False,False,0.2953951358795166,-0.021739130434782608
C5_2,it0001,0.46075645089149475,0.3007367253303528,0.16666666666666666,0.1111111111111111,4.96,9.84,False,False,-0.16001972556114197,-0.05555555555555555
C5_2,it0002,0.22676901519298553,0.26759183406829834,0.13333333333333333,0.2,5.12,12.32,False,False,0.040822818875312805,0.06666666666666668
C5_2,it0003,0.2966368794441223,0.2667066752910614,0.06666666666666667,0.4666666666666667,5.2,7.28,False,False,-0.029930204153060913,0.4
C5_2,it0004,0.2857637107372284,0.4183524250984192,0.125,0.125,5.2,4.8,False,False,0.1325887143611908,0.0
C5_2,it0005,0.4711063802242279,0.4025215804576874,0.0,0.037037037037037035,7.2,8.32,False,False,-0.06858479976654053,0.037037037037037035
C5_2,it0006,0.3007391691207886,0.2554917335510254,0.1111111111111111,0.0,6.48,7.2,False,False,-0.045247435569763184,-0.1111111111111111
C5_2,it0007,0.3107436001300812,0.40644371509552,0.20454545454545456,0.022727272727272728,13.52,8.96,False,False,0.09570011496543884,-0.18181818181818182
C5_2,it0008,0.2552558481693268,0.1678301841020584,0.14285714285714285,0.19047619047619047,6.4,5.92,False,False,-0.08742566406726837,0.047619047619047616
C5_2,it0009,0.5976550579071045,0.5399657487869263,0.0,0.037037037037037035,7.84,6.32,False,False,-0.05768930912017822,0.037037037037037035
C5_2,it0010,0.5085305571556091,0.5008333325386047,0.05555555555555555,0.2222222222222222,6.88,6.08,False,False,-0.0076972246170043945,0.16666666666666666
C5_2,it0011,0.5000092387199402,0.4803147614002228,0.0,0.08695652173913043,8.08,9.68,False,False,-0.019694477319717407,0.08695652173913043
C5_2,it0012,0.3061993420124054,0.47381773591041565,0.2413793103448276,0.41379310344827586,8.72,6.4,False,False,0.16761839389801025,0.17241379310344826
C5_2,it0013,0.6047672629356384,0.5569713115692139,0.0,0.0,9.12,12.24,False,False,-0.04779595136642456,0.0
C5_2,it0014,0.3235235810279846,0.40471598505973816,0.0,0.0,5.68,5.2,False,False,0.08119240403175354,0.0
C5_2,it0015,0.4429053068161011,0.5016905665397644,0.0,0.17647058823529413,4.24,3.28,False,False,0.05878525972366333,0.17647058823529413
C5_2,it0016,0.5149860382080078,0.4574781656265259,0.058823529411764705,0.029411764705882353,9.28,9.2,False,False,-0.057507872581481934,-0.029411764705882353
C5_2,it0017,0.3307937979698181,0.3488037884235382,0.0,0.0,4.32,3.52,False,False,0.018009990453720093,0.0
C5_2,it0018,0.1702432781457901,0.357931524515152,0.08823529411764706,0.029411764705882353,10.0,9.76,False,False,0.18768824636936188,-0.05882352941176471
C5_2,it0019,0.5466564893722534,0.6022826433181763,0.10869565217391304,0.10869565217391304,12.56,10.16,False,False,0.05562615394592285,0.0
C5_2,it0020,0.23986054956912994,0.31451117992401123,0.23076923076923078,0.07692307692307693,4.24,4.64,False,False,0.07465063035488129,-0.15384615384615385
C5_2,it0021,0.41251975297927856,0.3830220401287079,0.030303030303030304,0.06060606060606061,9.76,11.52,False,False,-0.02949771285057068,0.030303030303030304
C5_2,it0022,0.36127907037734985,0.41191625595092773,0.4,0.375,12.24,14.96,False,False,0.05063718557357788,-0.025000000000000022
C5_2,it0023,0.6043858528137207,0.666023850440979,0.16666666666666666,0.3888888888888889,4.88,3.84,False,False,0.0616379976272583,0.22222222222222224
C5_2,it0024,0.537064790725708,0.5534629821777344,0.14285714285714285,0.14285714285714285,4.56,4.4,False,False,0.016398191452026367,0.0
C5_2,it0025,0.5749878287315369,0.510453462600708,0.05,0.3,6.48,4.32,False,False,-0.06453436613082886,0.25
C5_2,it0026,0.221818208694458,0.19223704934120178,0.0,0.0,4.48,4.16,False,False,-0.029581159353256226,0.0
C5_2,it0027,0.47467875480651855,0.5742911100387573,0.0,0.125,5.04,4.88,False,False,0.09961235523223877,0.125
C5_2,it0028,0.5127065777778625,0.5164344310760498,0.07142857142857142,0.11904761904761904,12.56,9.92,False,False,0.003727853298187256,0.047619047619047616
C5_2,it0029,0.3072166442871094,0.4136507511138916,0.0,0.0,4.56,4.56,False,False,0.10643410682678223,0.0
C5_2,it0030,0.3782491087913513,0.4201197922229767,0.08,0.04,7.44,5.84,False,False,0.041870683431625366,-0.04
C5_2,it0031,0.2509666085243225,0.341747522354126,0.2777777777777778,0.0,5.68,6.96,False,False,0.09078091382980347,-0.2777777777777778
C5_2,it0032,0.5794135928153992,0.5413381457328796,0.1111111111111111,0.1111111111111111,8.56,7.36,False,False,-0.03807544708251953,0.0
C5_2,it0033,0.24760080873966217,0.2701963782310486,0.15384615384615385,0.15384615384615385,4.72,6.16,False,False,0.022595569491386414,0.0
C5_2,it0034,0.25698745250701904,0.4288725256919861,0.06666666666666667,0.06666666666666667,9.28,12.4,False,False,0.17188507318496704,0.0
C5_2,it0035,0.22294332087039948,0.2066826969385147,0.38461538461538464,0.23076923076923078,5.36,3.92,False,False,-0.016260623931884766,-0.15384615384615385
C5_2,it0036,0.4727131128311157,0.4629024863243103,0.16666666666666666,0.0,5.52,3.36,False,False,-0.00981062650680542,-0.16666666666666666
C5_2,it0037,0.4592655897140503,0.415560245513916,0.0,0.13333333333333333,5.68,8.88,False,False,-0.04370534420013428,0.13333333333333333
C5_2,it0038,0.22793042659759521,0.11827875673770905,0.0,0.0,13.92,14.96,False,False,-0.10965166985988617,0.0
C5_2,it0039,0.48624682426452637,0.5117079019546509,0.0975609756097561,0.1951219512195122,13.6,14.96,False,False,0.02546107769012451,0.0975609756097561
C5_2,it0040,0.2625393867492676,0.18418022990226746,0.0,0.0,4.48,6.32,False,False,-0.07835915684700012,0.0
C5_2,it0041,0.3186603784561157,0.39467501640319824,0.09090909090909091,0.09090909090909091,7.36,6.72,False,False,0.07601463794708252,0.0
C5_2,it0042,0.37978360056877136,0.5389543175697327,0.18518518518518517,0.18518518518518517,8.64,8.64,False,False,0.1591707170009613,0.0
C5_2,it0043,0.2756389081478119,0.1602741777896881,0.0,0.038461538461538464,7.68,6.72,False,False,-0.11536473035812378,0.038461538461538464
C5_2,it0044,0.5145004987716675,0.5229555368423462,0.08,0.28,7.36,6.8,False,False,0.008455038070678711,0.2
C5_2,it0045,0.38965708017349243,0.31204721331596375,0.0,0.03333333333333333,9.84,7.68,False,False,-0.07760986685752869,0.03333333333333333
C5_2,it0046,0.19838902354240417,0.2297714650630951,0.25,0.0,5.92,5.52,False,False,0.03138244152069092,-0.25
C5_2,it0047,0.25722265243530273,0.3201698958873749,0.4,0.7,8.56,9.44,False,False,0.06294724345207214,0.29999999999999993
C5_2,it0048,0.3272891938686371,0.4493175446987152,0.3125,0.0,4.64,10.16,False,False,0.12202835083007812,-0.3125
C5_2,it0049,0.552753210067749,0.4906296730041504,0.36363636363636365,0.09090909090909091,5.92,7.44,False,False,-0.06212353706359863,-0.2727272727272727
C5_2,it0050,-0.014843934215605259,0.10462085902690887,0.13636363636363635,0.4090909090909091,5.76,9.6,False,False,0.11946479324251413,0.27272727272727276
C5_2,it0051,0.42680203914642334,0.3977569341659546,0.13793103448275862,0.06896551724137931,10.08,7.52,False,False,-0.02904510498046875,-0.06896551724137931
C5_2,it0052,0.32975319027900696,0.24563881754875183,0.0,0.0,4.24,6.0,False,False,-0.08411437273025513,0.0
C5_2,it0053,0.382784366607666,0.2876051664352417,0.1891891891891892,0.13513513513513514,12.56,10.88,False,False,-0.09517920017242432,-0.05405405405405406
C5_2,it0054,0.16842342913150787,0.04569108784198761,0.25,0.20833333333333334,6.48,6.0,False,False,-0.12273234128952026,-0.04166666666666666
C5_2,it0055,0.5143693685531616,0.49836239218711853,0.34615384615384615,0.0,7.2,8.56,False,False,-0.01600697636604309,-0.34615384615384615
C5_2,it0056,0.14838218688964844,0.19592618942260742,0.1,0.25,7.52,10.0,False,False,0.047544002532958984,0.15
C5_2,it0057,0.2900945842266083,0.48625022172927856,0.17647058823529413,0.029411764705882353,10.72,7.12,False,False,0.1961556375026703,-0.14705882352941177
C5_2,it0058,0.36615607142448425,0.3370264768600464,0.0,0.0,4.56,4.0,False,False,-0.029129594564437866,0.0
C5_2,it0059,0.6520811915397644,0.6324530243873596,0.07142857142857142,0.2857142857142857,8.16,5.84,False,False,-0.019628167152404785,0.21428571428571427
C5_2,it0060,0.37460875511169434,0.36935392022132874,0.17647058823529413,0.17647058823529413,5.12,5.92,False,False,-0.005254834890365601,0.0
C5_2,it0061,0.552821159362793,0.6020467281341553,0.0,0.0,9.84,7.12,False,False,0.049225568771362305,0.0
C5_2,it0062,0.6327595114707947,0.39296820759773254,0.0,0.0,6.16,8.24,False,False,-0.23979130387306213,0.0
C5_2,it0063,0.2645265758037567,0.292197048664093,0.06896551724137931,0.3448275862068966,9.12,14.96,False,False,0.027670472860336304,0.27586206896551724
C5_2,it0064,0.2746064066886902,0.4576380252838135,0.1111111111111111,0.16666666666666666,5.44,5.28,False,False,0.1830316185951233,0.05555555555555555
C5_2,it0065,0.5510934591293335,0.5036733150482178,0.15384615384615385,0.1794871794871795,10.8,8.8,False,False,-0.04742014408111572,0.025641025641025633
C5_2,it0066,0.2641669809818268,0.4075174331665039,0.14285714285714285,0.19047619047619047,7.2,5.12,False,False,0.14335045218467712,0.047619047619047616
C5_2,it0067,0.23354049026966095,0.32789409160614014,0.1111111111111111,0.1111111111111111,4.56,5.28,False,False,0.09435360133647919,0.0
C5_2,it0068,0.5801175832748413,0.6078072786331177,0.02564102564102564,0.0,13.28,11.28,False,False,0.027689695358276367,-0.02564102564102564
C5_2,it0069,0.3753408193588257,0.20957797765731812,0.045454545454545456,0.2727272727272727,7.52,6.08,False,False,-0.16576284170150757,0.22727272727272724
C5_2,it0070,0.4388670325279236,0.20814818143844604,0.06666666666666667,0.26666666666666666,4.48,4.88,False,False,-0.23071885108947754,0.2
C5_2,it0071,0.5702629089355469,0.5267360210418701,0.25,0.10714285714285714,7.52,4.96,False,False,-0.04352688789367676,-0.14285714285714285
C5_2,it0072,0.5173033475875854,0.48958346247673035,0.13636363636363635,0.045454545454545456,8.96,11.2,False,False,-0.027719885110855103,-0.0909090909090909
C5_2,it0073,0.17476525902748108,0.28663116693496704,0.3448275862068966,0.3103448275862069,6.88,11.12,False,False,0.11186590790748596,-0.03448275862068967
C5_2,it0074,0.2086939513683319,0.20556333661079407,0.13333333333333333,0.0,5.36,10.24,False,False,-0.003130614757537842,-0.13333333333333333
C5_2,it0075,0.5022571086883545,0.3600832521915436,0.0,0.043478260869565216,7.84,11.36,False,False,-0.1421738564968109,0.043478260869565216
C5_2,it0076,0.2806062698364258,0.2601540684700012,0.08695652173913043,0.13043478260869565,5.92,8.0,False,False,-0.02045220136642456,0.043478260869565216
C5_2,it0077,0.27153170108795166,0.2423509806394577,0.3333333333333333,0.25,4.8,6.08,False,False,-0.029180720448493958,-0.08333333333333331
C5_2,it0078,0.44239360094070435,0.36794018745422363,0.2857142857142857,0.23809523809523808,7.36,10.0,False,False,-0.07445341348648071,-0.047619047619047616
C5_2,it0079,0.620677649974823,0.5247251987457275,0.0,0.08333333333333333,9.12,10.24,False,False,-0.09595245122909546,0.08333333333333333
C5_2,it0080,0.26895371079444885,0.22382068634033203,0.1951219512195122,0.1951219512195122,12.0,14.08,False,False,-0.04513302445411682,0.0
C5_2,it0081,0.21820054948329926,0.36932215094566345,0.0,0.03571428571428571,8.24,7.76,False,False,0.1511216014623642,0.03571428571428571
C5_2,it0082,0.48285984992980957,0.46671491861343384,0.0,0.0,6.56,6.96,False,False,-0.016144931316375732,0.0
C5_2,it0083,0.3644030690193176,0.31447723507881165,0.0,0.058823529411764705,12.4,14.72,False,False,-0.04992583394050598,0.058823529411764705
C5_2,it0084,0.3474203646183014,0.49225103855133057,0.022222222222222223,0.0,12.56,10.96,False,False,0.14483067393302917,-0.022222222222222223
C5_2,it0085,0.4350007474422455,0.34945037961006165,0.0,0.0,4.72,5.6,False,False,-0.08555036783218384,0.0
C5_2,it0086,0.604749858379364,0.5265098810195923,0.0,0.0,4.64,8.56,False,False,-0.07823997735977173,0.0
C5_2,it0087,0.5833198428153992,0.5392102599143982,0.1875,0.3125,4.48,9.52,False,False,-0.04410958290100098,0.125
C5_2,it0088,0.3873962461948395,0.3371831178665161,0.047619047619047616,0.047619047619047616,6.4,8.0,False,False,-0.050213128328323364,0.0
C5_2,it0089,0.1732100397348404,0.2761346101760864,0.0,0.0,7.68,7.92,False,False,0.10292457044124603,0.0
C5_2,it0090,0.4466913938522339,0.6144121885299683,0.0,0.0,6.24,6.8,False,False,0.16772079467773438,0.0
C5_2,it0091,0.5439514517784119,0.4978405833244324,0.0,0.0967741935483871,9.2,7.68,False,False,-0.04611086845397949,0.0967741935483871
C5_2,it0092,0.48166602849960327,0.3862578272819519,0.05714285714285714,0.05714285714285714,10.32,10.0,False,False,-0.09540820121765137,0.0
C5_2,it0093,0.2368091493844986,0.3444401025772095,0.0,0.0,5.76,4.48,False,False,0.10763095319271088,0.0
C5_2,it0094,0.37868884205818176,0.3717667758464813,0.0,0.0,5.12,4.56,False,False,-0.0069220662117004395,0.0
C5_2,it0095,0.3611629903316498,0.48633697628974915,0.19047619047619047,0.0,6.64,6.72,False,False,0.12517398595809937,-0.19047619047619047
C5_2,it0096,0.3426334857940674,0.43521761894226074,0.09090909090909091,0.45454545454545453,6.48,8.48,False,False,0.09258413314819336,0.36363636363636365
C5_2,it0097,0.5668675899505615,0.4881168603897095,0.05,0.0,6.56,7.6,False,False,-0.07875072956085205,-0.05
C5_2,it0098,0.4113233685493469,0.4534868896007538,0.07407407407407407,0.07407407407407407,9.12,10.64,False,False,0.04216352105140686,0.0
C5_2,it0099,0.2174513041973114,0.06077392399311066,0.08695652173913043,0.0,6.16,6.24,False,False,-0.15667738020420074,-0.08695652173913043
C5_2,it0100,0.6248236894607544,0.6660183668136597,0.0,0.07692307692307693,4.64,4.24,False,False,0.04119467735290527,0.07692307692307693
C5_2,it0101,0.13542883098125458,0.3032190203666687,0.05263157894736842,0.0,12.4,11.04,False,False,0.16779018938541412,-0.05263157894736842
C5_2,it0102,0.378292977809906,0.47284266352653503,0.0,0.0,4.96,6.72,False,False,0.09454968571662903,0.0
C5_2,it0103,0.34787362813949585,0.3279689848423004,0.2727272727272727,0.22727272727272727,6.64,7.36,False,False,-0.019904643297195435,-0.04545454545454544
C5_2,it0104,0.49223488569259644,0.4821300804615021,0.0,0.041666666666666664,5.6,5.52,False,False,-0.01010480523109436,0.041666666666666664
C5_2,it0105,0.3343680202960968,0.5419056415557861,0.11428571428571428,0.17142857142857143,11.2,14.96,False,False,0.20753762125968933,0.05714285714285715
C5_2,it0106,0.2889523506164551,0.3171710669994354,0.0,0.041666666666666664,6.8,9.6,False,False,0.028218716382980347,0.041666666666666664
C5_2,it0107,0.39860543608665466,0.34943652153015137,0.0,0.043478260869565216,8.16,8.88,False,False,-0.049168914556503296,0.043478260869565216
C5_2,it0108,0.3646984398365021,0.35941144824028015,0.0,0.0,5.04,7.6,False,False,-0.005286991596221924,0.0
C5_2,it0109,0.37649238109588623,0.3945547640323639,0.05263157894736842,0.05263157894736842,6.24,8.08,False,False,0.01806238293647766,0.0
C5_2,it0110,0.11137767136096954,0.20137564837932587,0.23333333333333334,0.13333333333333333,8.56,8.24,False,False,0.08999797701835632,-0.1
C5_2,it0111,0.20184166729450226,0.23129898309707642,0.15151515151515152,0.2727272727272727,10.16,9.04,False,False,0.029457315802574158,0.12121212121212119
C5_2,it0112,0.532306432723999,0.5262575149536133,0.045454545454545456,0.045454545454545456,14.8,13.68,False,False,-0.006048917770385742,0.0
C5_2,it0113,0.483614444732666,0.5296387672424316,0.022727272727272728,0.0,14.4,12.24,False,False,0.046024322509765625,-0.022727272727272728
C5_2,it0114,0.2861049473285675,0.5315465331077576,0.2777777777777778,0.2222222222222222,5.52,5.84,False,False,0.24544158577919006,-0.05555555555555558
C5_2,it0115,0.2362116426229477,0.2757684290409088,0.0,0.07142857142857142,4.08,4.4,False,False,0.03955678641796112,0.07142857142857142
C5_2,it0116,0.5115698575973511,0.4028434157371521,0.23529411764705882,0.47058823529411764,4.96,12.96,False,False,-0.10872644186019897,0.23529411764705882
C5_2,it0117,0.4894368648529053,0.5234016180038452,0.029411764705882353,0.029411764705882353,10.24,10.48,False,False,0.03396475315093994,0.0
C5_2,it0118,0.5212035775184631,0.6137065887451172,0.09615384615384616,0.057692307692307696,14.96,12.32,False,False,0.09250301122665405,-0.038461538461538464
C5_2,it0119,0.524350643157959,0.4615114629268646,0.14285714285714285,0.0,4.64,6.72,False,False,-0.06283918023109436,-0.14285714285714285
C5_2,it0120,0.5829678177833557,0.4572095572948456,0.0,0.0,5.76,8.0,False,False,-0.12575826048851013,0.0
C5_2,it0121,0.29817289113998413,0.4149952530860901,0.15,0.15,6.24,6.4,False,False,0.11682236194610596,0.0
C5_2,it0122,0.2027973234653473,0.22956323623657227,0.3181818181818182,0.18181818181818182,8.32,8.16,False,False,0.026765912771224976,-0.13636363636363635
C5_2,it0123,0.43672510981559753,0.520553469657898,0.11764705882352941,0.0,5.12,4.48,False,False,0.08382835984230042,-0.11764705882352941
C5_2,it0124,0.41546183824539185,0.44283270835876465,0.030303030303030304,0.21212121212121213,11.92,7.44,False,False,0.027370870113372803,0.18181818181818182
C5_2,it0125,0.424106240272522,0.39903539419174194,0.1282051282051282,0.05128205128205128,11.52,14.56,False,False,-0.02507084608078003,-0.07692307692307691
C5_2,it0126,0.4286554455757141,0.3789900243282318,0.0,0.0625,4.24,6.4,False,False,-0.0496654212474823,0.0625
C5_2,it0127,0.12930531799793243,0.17852093279361725,0.0,0.0,5.44,5.44,False,False,0.049215614795684814,0.0
C5_2,it0128,0.3453860878944397,0.420398086309433,0.1,0.0,5.04,5.84,False,False,0.07501199841499329,-0.1
C5_2,it0129,0.19416889548301697,0.1263601928949356,0.0,0.0,5.76,6.8,False,False,-0.06780870258808136,0.0
C5_2,it0130,0.3164280354976654,0.2710736095905304,0.2,0.1,4.08,7.44,False,False,-0.04535442590713501,-0.1
C5_2,it0131,0.33959195017814636,0.18255671858787537,0.06451612903225806,0.22580645161290322,10.4,9.76,False,False,-0.157035231590271,0.16129032258064516
C5_2,it0132,0.31666436791419983,0.1889093816280365,0.0,0.07142857142857142,4.48,8.0,False,False,-0.12775498628616333,0.07142857142857142
C5_2,it0133,0.5409900546073914,0.5914255380630493,0.0,0.0,8.4,10.0,False,False,0.05043548345565796,0.0
C5_2,it0134,0.36126410961151123,0.36051008105278015,0.02631578947368421,0.05263157894736842,11.76,11.84,False,False,-0.0007540285587310791,0.02631578947368421
C5_2,it0135,0.22969232499599457,0.3001290559768677,0.07692307692307693,0.28205128205128205,11.52,9.84,False,False,0.07043673098087311,0.20512820512820512
C5_2,it0136,0.23024824261665344,0.46832484006881714,0.0,0.0,6.64,10.4,False,False,0.2380765974521637,0.0
C5_2,it0137,0.3085479140281677,0.4019014835357666,0.3333333333333333,0.25,4.24,9.84,False,False,0.09335356950759888,-0.08333333333333331
C5_2,it0138,0.381253719329834,0.40626490116119385,0.2222222222222222,0.16666666666666666,5.92,6.8,False,False,0.025011181831359863,-0.05555555555555555
C5_2,it0139,0.17938898503780365,0.21302315592765808,0.05555555555555555,0.0,5.68,6.0,False,False,0.03363417088985443,-0.05555555555555555
C5_2,it0140,0.3952096104621887,0.3330519199371338,0.041666666666666664,0.041666666666666664,7.84,9.36,False,False,-0.06215769052505493,0.0
C5_2,it0141,0.7089468240737915,0.7046293616294861,0.06666666666666667,0.13333333333333333,9.92,9.12,False,False,-0.00431746244430542,0.06666666666666667
C5_2,it0142,0.25121307373046875,0.253807008266449,0.08,0.24,6.72,6.96,False,False,0.0025939345359802246,0.15999999999999998
C5_2,it0143,0.5548502206802368,0.48616957664489746,0.0,0.0625,5.28,5.84,False,False,-0.06868064403533936,0.0625
C5_2,it0144,0.4234572649002075,0.394448459148407,0.0,0.07142857142857142,9.04,9.12,False,False,-0.029008805751800537,0.07142857142857142
C5_2,it0145,0.6146572232246399,0.6086634397506714,0.025,0.0,13.12,12.64,False,False,-0.005993783473968506,-0.025
C5_2,it0146,0.35934707522392273,0.23856133222579956,0.0,0.05,5.52,7.76,False,False,-0.12078574299812317,0.05
C5_2,it0147,0.3443690240383148,0.3891955018043518,0.0,0.0,6.0,8.72,False,False,0.04482647776603699,0.0
C5_2,it0148,0.06419051438570023,0.11773961037397385,0.03571428571428571,0.07142857142857142,8.56,5.92,False,False,0.05354909598827362,0.03571428571428571
C5_2,it0149,0.4928387403488159,0.5119923949241638,0.14285714285714285,0.14285714285714285,4.08,3.44,False,False,0.0191536545753479,0.0
C5_2,it0150,0.4330679774284363,0.5093458890914917,0.23076923076923078,0.11538461538461539,7.52,6.56,False,False,0.07627791166305542,-0.11538461538461539
C5_2,it0151,0.613128662109375,0.4887464642524719,0.0,0.0,5.04,4.4,False,False,-0.12438219785690308,0.0
C5_2,it0152,0.3493669033050537,0.28884416818618774,0.0,0.0,5.44,6.16,False,False,-0.06052273511886597,0.0
C5_2,it0153,0.43474745750427246,0.40106165409088135,0.047619047619047616,0.38095238095238093,13.52,11.44,False,False,-0.03368580341339111,0.3333333333333333
C5_2,it0154,0.10392683744430542,0.15783315896987915,0.3157894736842105,0.15789473684210525,5.92,6.24,False,False,0.05390632152557373,-0.15789473684210525
C5_2,it0155,0.3740060329437256,0.13120430707931519,0.0,0.0,8.16,11.68,False,False,-0.2428017258644104,0.0
C5_2,it0156,0.13958929479122162,0.23590248823165894,0.09523809523809523,0.0,7.2,7.84,False,False,0.09631319344043732,-0.09523809523809523
C5_2,it0157,0.47129932045936584,0.48638564348220825,0.046511627906976744,0.06976744186046512,13.84,13.36,False,False,0.015086323022842407,0.023255813953488372
C5_2,it0158,0.25130054354667664,0.22350823879241943,0.05263157894736842,0.05263157894736842,6.08,8.0,False,False,-0.027792304754257202,0.0
C5_2,it0159,0.2098025381565094,0.1961938887834549,0.0,0.0,4.24,5.12,False,False,-0.013608649373054504,0.0
C5_2,it0160,0.4810848832130432,0.5816671848297119,0.0,0.0,8.96,9.76,False,False,0.1005823016166687,0.0
C5_2,it0161,0.38615214824676514,0.3209492862224579,0.1724137931034483,0.10344827586206896,7.84,7.84,False,False,-0.06520286202430725,-0.06896551724137932
C5_2,it0162,0.274752140045166,0.251192569732666,0.37037037037037035,0.14814814814814814,7.44,6.4,False,False,-0.0235595703125,-0.2222222222222222
C5_2,it0163,0.40504685044288635,0.40617209672927856,0.0,0.0,4.4,4.96,False,False,0.001125246286392212,0.0
C5_2,it0164,0.3452773094177246,0.36837053298950195,0.0,0.0,8.4,6.48,False,False,0.023093223571777344,0.0
C5_2,it0165,0.2828047275543213,0.3017370402812958,0.06060606060606061,0.12121212121212122,12.32,14.96,False,False,0.018932312726974487,0.06060606060606061
C5_2,it0166,0.3890712261199951,0.25659430027008057,0.16666666666666666,0.08333333333333333,4.16,9.6,False,False,-0.13247692584991455,-0.08333333333333333
C5_2,it0167,0.49324846267700195,0.5519423484802246,0.15789473684210525,0.2631578947368421,6.0,7.12,False,False,0.058693885803222656,0.10526315789473684
C5_2,it0168,0.3605557084083557,0.18572935461997986,0.2,0.3,4.16,3.44,False,False,-0.17482635378837585,0.09999999999999998
C5_2,it0169,0.34391117095947266,0.31006643176078796,0.05,0.05,6.4,8.56,False,False,-0.03384473919868469,0.0
C5_2,it0170,0.32977038621902466,0.38892367482185364,0.23529411764705882,0.23529411764705882,5.2,6.56,False,False,0.05915328860282898,0.0
C5_2,it0171,0.6190354228019714,0.6712813973426819,0.09523809523809523,0.19047619047619047,7.44,6.0,False,False,0.05224597454071045,0.09523809523809523
C5_2,it0172,0.3215866982936859,0.2735782563686371,0.0,0.0,7.68,6.88,False,False,-0.04800844192504883,0.0
C5_2,it0173,0.5015968084335327,0.3669312298297882,0.0,0.0,9.12,8.08,False,False,-0.1346655786037445,0.0
C5_2,it0174,0.3780384659767151,0.4517270624637604,0.0,0.0,4.96,4.8,False,False,0.07368859648704529,0.0
C5_2,it0175,0.012582844123244286,0.301124632358551,0.0,0.0,5.12,9.76,False,False,0.28854178823530674,0.0
C5_2,it0176,0.17557765543460846,0.38472306728363037,0.0,0.1111111111111111,5.04,5.68,False,False,0.2091454118490219,0.1111111111111111
C5_2,it0177,0.444039911031723,0.41544726490974426,0.0,0.05263157894736842,5.28,5.28,False,False,-0.02859264612197876,0.05263157894736842
C5_2,it0178,0.2293781340122223,0.2631087303161621,0.7647058823529411,0.35294117647058826,5.84,4.0,False,False,0.03373059630393982,-0.41176470588235287
C5_2,it0179,0.6038068532943726,0.6026145219802856,0.0967741935483871,0.22580645161290322,11.12,10.4,False,False,-0.001192331314086914,0.12903225806451613
C5_2,it0180,0.4595213234424591,0.3471457362174988,0.0,0.14285714285714285,4.32,4.32,False,False,-0.11237558722496033,0.14285714285714285
C5_2,it0181,0.5125241279602051,0.4986726641654968,0.0,0.07317073170731707,12.96,14.96,False,False,-0.013851463794708252,0.07317073170731707
C5_2,it0182,0.28635942935943604,0.3645649254322052,0.12,0.0,6.8,5.04,False,False,0.07820549607276917,-0.12
C5_2,it0183,0.47904571890830994,0.5279219746589661,0.04,0.0,6.48,5.68,False,False,0.04887625575065613,-0.04
C5_2,it0184,0.2367708384990692,0.1590740978717804,0.4,0.2,4.96,4.64,False,False,-0.07769674062728882,-0.2
C5_2,it0185,0.5300292372703552,0.4457710385322571,0.0,0.0967741935483871,9.92,6.32,False,False,-0.08425819873809814,0.0967741935483871
C5_2,it0186,0.4660763144493103,0.5544484257698059,0.0,0.08333333333333333,6.08,5.84,False,False,0.0883721113204956,0.08333333333333333
C5_2,it0187,0.48277807235717773,0.4433339238166809,0.125,0.125,4.56,4.0,False,False,-0.039444148540496826,0.0
C5_2,it0188,0.38581016659736633,0.5422738194465637,0.1111111111111111,0.05555555555555555,4.96,5.2,False,False,0.1564636528491974,-0.05555555555555555
C5_2,it0189,0.2943488359451294,0.33760786056518555,0.15,0.0,5.6,5.04,False,False,0.04325902462005615,-0.15
C5_2,it0190,0.6038227677345276,0.5615454316139221,0.125,0.125,5.92,5.68,False,False,-0.04227733612060547,0.0
C5_2,it0191,0.3098263740539551,0.22646592557430267,0.0,0.0,8.24,6.32,False,False,-0.0833604484796524,0.0
C5_2,it0192,0.6081942319869995,0.5124356746673584,0.07407407407407407,0.037037037037037035,7.68,7.04,False,False,-0.09575855731964111,-0.037037037037037035
C5_2,it0193,0.29407382011413574,0.20695345103740692,0.5625,0.3125,5.68,5.2,False,False,-0.08712036907672882,-0.25
C5_2,it0194,0.5294408202171326,0.6049184203147888,0.0,0.0,6.56,5.44,False,False,0.07547760009765625,0.0
C5_2,it0195,0.5431491136550903,0.49183154106140137,0.19230769230769232,0.11538461538461539,8.64,6.48,False,False,-0.051317572593688965,-0.07692307692307693
C5_2,it0196,0.44803592562675476,0.3924867510795593,0.07142857142857142,0.07142857142857142,6.88,10.4,False,False,-0.055549174547195435,0.0
C5_2,it0197,0.33857008814811707,0.3885367214679718,0.0,0.0,4.72,5.76,False,False,0.049966633319854736,0.0
C5_2,it0198,0.15051022171974182,0.2850096523761749,0.125,0.0,4.48,5.76,False,False,0.1344994306564331,-0.125
C5_2,it0199,0.4392213821411133,0.3778267204761505,0.058823529411764705,0.0,6.08,6.56,False,False,-0.06139466166496277,-0.058823529411764705
C5_2,it0200,0.4646303653717041,0.3482522964477539,0.13636363636363635,0.045454545454545456,7.28,7.12,False,False,-0.1163780689239502,-0.0909090909090909
C5_2,it0201,0.3577802777290344,0.3066767156124115,0.1111111111111111,0.05555555555555555,5.92,5.92,False,False,-0.051103562116622925,-0.05555555555555555
C5_2,it0202,0.46661967039108276,0.5901358127593994,0.0,0.0,4.72,6.64,False,False,0.12351614236831665,0.0
C5_2,it0203,0.40321895480155945,0.4724270701408386,0.038461538461538464,0.19230769230769232,6.88,6.72,False,False,0.06920811533927917,0.15384615384615385
C5_2,it0204,0.4473689794540405,0.4416036605834961,0.04,0.12,8.16,5.52,False,False,-0.005765318870544434,0.07999999999999999
C5_2,it0205,0.42776092886924744,0.47916099429130554,0.16666666666666666,0.125,6.96,8.88,False,False,0.051400065422058105,-0.04166666666666666
C5_2,it0206,0.48290950059890747,0.4954892694950104,0.030303030303030304,0.12121212121212122,9.84,6.64,False,False,0.012579768896102905,0.09090909090909091
C5_2,it0207,0.2668274939060211,0.3993051052093506,0.1111111111111111,0.0,5.92,7.76,False,False,0.13247761130332947,-0.1111111111111111
C5_2,it0208,0.47330403327941895,0.4822116196155548,0.12903225806451613,0.16129032258064516,11.28,8.96,False,False,0.008907586336135864,0.03225806451612903
C5_2,it0209,0.6106357574462891,0.5771540999412537,0.0,0.04,7.44,9.92,False,False,-0.0334816575050354,0.04
C5_2,it0210,0.25902247428894043,0.2139815390110016,0.11904761904761904,0.14285714285714285,11.92,9.44,False,False,-0.04504093527793884,0.023809523809523808
C5_2,it0211,0.6554585695266724,0.5861913561820984,0.08823529411764706,0.11764705882352941,11.44,14.32,False,False,-0.06926721334457397,0.029411764705882346
C5_2,it0212,0.17525030672550201,0.2178918421268463,0.10526315789473684,0.0,5.28,6.24,False,False,0.0426415354013443,-0.10526315789473684
C5_2,it0213,0.4220470190048218,0.5183031558990479,0.1111111111111111,0.18518518518518517,7.68,8.8,False,False,0.09625613689422607,0.07407407407407407
C5_2,it0214,0.4396148920059204,0.5296973586082458,0.02564102564102564,0.02564102564102564,10.8,7.76,False,False,0.09008246660232544,0.0
C5_2,it0215,0.3262888491153717,0.2200588434934616,0.36363636363636365,0.2727272727272727,4.88,13.84,False,False,-0.1062300056219101,-0.09090909090909094
C5_2,it0216,0.32270610332489014,0.3152540922164917,0.13333333333333333,0.0,5.12,6.8,False,False,-0.0074520111083984375,-0.13333333333333333
C5_2,it0217,0.45228368043899536,0.3567966818809509,0.38095238095238093,0.42857142857142855,7.12,11.84,False,False,-0.09548699855804443,0.047619047619047616
C5_2,it0218,0.5111777782440186,0.3785875141620636,0.058823529411764705,0.058823529411764705,5.44,5.36,False,False,-0.13259026408195496,0.0
C5_2,it0219,0.42657262086868286,0.326317697763443,0.08823529411764706,0.2647058823529412,11.04,8.08,False,False,-0.10025492310523987,0.1764705882352941
C5_2,it0220,0.2776363790035248,0.2967759966850281,0.043478260869565216,0.043478260869565216,5.68,4.32,False,False,0.019139617681503296,0.0
C5_2,it0221,0.35161930322647095,0.33320367336273193,0.08823529411764706,0.029411764705882353,9.76,13.44,False,False,-0.018415629863739014,-0.05882352941176471
C5_2,it0222,0.35339900851249695,0.2798357307910919,0.125,0.0,4.08,8.48,False,False,-0.07356327772140503,-0.125
C5_2,it0223,0.5394299626350403,0.3774262070655823,0.06666666666666667,0.06666666666666667,8.4,10.96,False,False,-0.162003755569458,0.0
C5_2,it0224,0.255165696144104,0.19181916117668152,0.0,0.0,5.76,6.0,False,False,-0.06334653496742249,0.0
C5_2,it0225,0.48417729139328003,0.5082220435142517,0.0,0.045454545454545456,8.16,6.4,False,False,0.02404475212097168,0.045454545454545456
C5_2,it0226,0.40632742643356323,0.39359256625175476,0.07142857142857142,0.42857142857142855,8.4,6.64,False,False,-0.012734860181808472,0.3571428571428571
C5_2,it0227,0.28096750378608704,0.3350697159767151,0.35,0.25,5.36,4.96,False,False,0.05410221219062805,-0.09999999999999998
C5_2,it0228,0.687965989112854,0.6305455565452576,0.0,0.0,5.36,5.36,False,False,-0.057420432567596436,0.0
C5_2,it0229,0.31457382440567017,0.17300687730312347,0.09090909090909091,0.045454545454545456,6.64,6.88,False,False,-0.1415669471025467,-0.045454545454545456
C5_2,it0230,0.5584713220596313,0.5967066287994385,0.0,0.0,8.0,6.48,False,False,0.03823530673980713,0.0
C5_2,it0231,0.336707204580307,0.4294701814651489,0.0,0.0,10.0,10.64,False,False,0.09276297688484192,0.0
C5_2,it0232,0.18966202437877655,0.24363045394420624,0.0,0.045454545454545456,6.88,6.32,False,False,0.05396842956542969,0.045454545454545456
C5_2,it0233,0.28444451093673706,0.3486706018447876,0.047619047619047616,0.09523809523809523,6.96,6.08,False,False,0.06422609090805054,0.047619047619047616
C5_2,it0234,0.5576004981994629,0.5778239369392395,0.13793103448275862,0.10344827586206896,10.64,8.8,False,False,0.02022343873977661,-0.034482758620689655
C5_2,it0235,0.3677128255367279,0.2817263901233673,0.15789473684210525,0.3157894736842105,6.24,8.64,False,False,-0.0859864354133606,0.15789473684210525
C5_2,it0236,0.29506823420524597,0.41524577140808105,0.13333333333333333,0.0,5.04,9.2,False,False,0.12017753720283508,-0.13333333333333333
C5_2,it0237,0.34494099020957947,0.48550695180892944,0.0,0.0,5.44,8.16,False,False,0.14056596159934998,0.0
C5_2,it0238,0.32871946692466736,0.4371446669101715,0.0625,0.0,5.12,3.84,False,False,0.10842519998550415,-0.0625
C5_2,it0239,0.4902442991733551,0.5317695736885071,0.06896551724137931,0.1724137931034483,8.56,7.2,False,False,0.04152527451515198,0.10344827586206898
C5_2,it0240,0.25039374828338623,0.29835206270217896,0.0,0.0,4.08,3.28,False,False,0.047958314418792725,0.0
C5_2,it0241,0.4006841778755188,0.47365549206733704,0.5625,0.0625,4.48,7.68,False,False,0.07297131419181824,-0.5
C5_2,it0242,0.4644266366958618,0.46784546971321106,0.05263157894736842,0.0,6.48,6.32,False,False,0.003418833017349243,-0.05263157894736842
C5_2,it0243,0.4873884916305542,0.5619244575500488,0.0,0.0,4.24,6.96,False,False,0.07453596591949463,0.0
C5_2,it0244,0.31054186820983887,0.2694211006164551,0.0,0.0625,5.04,4.32,False,False,-0.04112076759338379,0.0625
C5_2,it0245,0.2885511517524719,0.5052117109298706,0.11764705882352941,0.058823529411764705,5.12,4.48,False,False,0.21666055917739868,-0.058823529411764705
C5_2,it0246,0.5032477378845215,0.5735645294189453,0.045454545454545456,0.13636363636363635,12.56,13.44,False,False,0.07031679153442383,0.0909090909090909
C5_2,it0247,0.3699183464050293,0.3290909230709076,0.17647058823529413,0.0,5.68,7.28,False,False,-0.040827423334121704,-0.17647058823529413
C5_2,it0248,0.27470239996910095,0.15429846942424774,0.034482758620689655,0.0,8.16,8.16,False,False,-0.12040393054485321,-0.034482758620689655
C5_2,it0249,0.5671226382255554,0.46314626932144165,0.15,0.15,6.64,5.92,False,False,-0.10397636890411377,0.0
C5_2,it0250,0.2766318619251251,0.254620224237442,0.14285714285714285,0.11904761904761904,13.76,14.96,False,False,-0.022011637687683105,-0.023809523809523808
C5_2,it0251,0.501794159412384,0.5345238447189331,0.0,0.0625,8.16,11.44,False,False,0.03272968530654907,0.0625
C5_2,it0252,0.2677452564239502,0.23664385080337524,0.3333333333333333,0.0,4.24,7.76,False,False,-0.03110140562057495,-0.3333333333333333
C5_2,it0253,0.390438973903656,0.503422737121582,0.6153846153846154,0.23076923076923078,4.24,6.08,False,False,0.11298376321792603,-0.38461538461538464
C5_2,it0254,0.34505945444107056,0.3045569956302643,0.13333333333333333,0.1,10.08,7.28,False,False,-0.040502458810806274,-0.033333333333333326
C5_2,it0255,0.3028426170349121,0.41640913486480713,0.06451612903225806,0.03225806451612903,11.04,12.72,False,False,0.11356651782989502,-0.03225806451612903
C5_2,it0256,0.4041004776954651,0.35893842577934265,0.2647058823529412,0.058823529411764705,9.6,11.52,False,False,-0.045162051916122437,-0.20588235294117646
C5_2,it0257,0.4827222526073456,0.3805743157863617,0.14285714285714285,0.03571428571428571,7.68,7.68,False,False,-0.10214793682098389,-0.10714285714285714
C5_2,it0258,0.6152212023735046,0.61288982629776,0.0,0.0,6.48,8.4,False,False,-0.002331376075744629,0.0
C5_2,it0259,0.48484572768211365,0.38909482955932617,0.04081632653061224,0.061224489795918366,13.28,11.2,False,False,-0.09575089812278748,0.020408163265306124
C5_2,it0260,0.3572103977203369,0.455247700214386,0.13333333333333333,0.2,4.48,6.56,False,False,0.09803730249404907,0.06666666666666668
C5_2,it0261,0.5137729644775391,0.5798375010490417,0.037037037037037035,0.037037037037037035,11.44,8.64,False,False,0.06606453657150269,0.0
C5_2,it0262,0.3383828401565552,0.3763381540775299,0.18518518518518517,0.1111111111111111,8.16,6.96,False,False,0.03795531392097473,-0.07407407407407407
C5_2,it0263,0.49558329582214355,0.4422358274459839,0.0,0.0,5.68,5.6,False,False,-0.05334746837615967,0.0
C5_2,it0264,0.3166716992855072,0.40011894702911377,0.0,0.0,4.72,5.84,False,False,0.08344724774360657,0.0
C5_2,it0265,0.3679945766925812,0.5850945115089417,0.1388888888888889,0.1111111111111111,11.76,14.96,False,False,0.21709993481636047,-0.02777777777777779
C5_2,it0266,0.33258283138275146,0.3296702206134796,0.04,0.0,7.92,8.24,False,False,-0.0029126107692718506,-0.04
C5_2,it0267,0.40301772952079773,0.31382831931114197,0.037037037037037035,0.0,8.56,10.4,False,False,-0.08918941020965576,-0.037037037037037035
C5_2,it0268,0.34987741708755493,0.27273842692375183,0.15151515151515152,0.06060606060606061,9.36,9.92,False,False,-0.0771389901638031,-0.09090909090909091
C5_2,it0269,0.4786675274372101,0.5154608488082886,0.20833333333333334,0.25,7.76,5.76,False,False,0.03679332137107849,0.04166666666666666
C5_2,it0270,0.6070361733436584,0.5899564027786255,0.0,0.02564102564102564,11.6,8.72,False,False,-0.01707977056503296,0.02564102564102564
C5_2,it0271,0.225740447640419,0.3748376667499542,0.3333333333333333,0.3333333333333333,4.24,8.56,False,False,0.14909721910953522,0.0
C5_2,it0272,0.28320610523223877,0.27941954135894775,0.20588235294117646,0.08823529411764706,9.2,8.56,False,False,-0.0037865638732910156,-0.1176470588235294
C5_2,it0273,0.44937026500701904,0.3802514374256134,0.0,0.0,5.92,5.12,False,False,-0.06911882758140564,0.0
C5_2,it0274,0.28623852133750916,0.26489555835723877,0.19230769230769232,0.19230769230769232,10.32,7.2,False,False,-0.021342962980270386,0.0
C5_2,it0275,0.6147277355194092,0.6560689806938171,0.0,0.0,7.68,7.28,False,False,0.04134124517440796,0.0
C5_2,it0276,0.4807239770889282,0.5407570600509644,0.08333333333333333,0.08333333333333333,4.08,4.32,False,False,0.06003308296203613,0.0
C5_2,it0277,0.3310184180736542,0.38308846950531006,0.041666666666666664,0.08333333333333333,13.52,10.08,False,False,0.052070051431655884,0.041666666666666664
C5_2,it0278,0.22742846608161926,0.165288046002388,0.14285714285714285,0.10714285714285714,7.92,8.64,False,False,-0.06214042007923126,-0.03571428571428571
C5_2,it0279,0.5200867652893066,0.5382745265960693,0.13157894736842105,0.21052631578947367,12.16,12.48,False,False,0.018187761306762695,0.07894736842105263
C5_2,it0280,0.4361739754676819,0.3414306938648224,0.16666666666666666,0.1111111111111111,6.4,5.36,False,False,-0.0947432816028595,-0.05555555555555555
C5_2,it0281,0.42908427119255066,0.25437596440315247,0.0,0.09090909090909091,4.0,2.72,False,False,-0.1747083067893982,0.09090909090909091
C5_2,it0282,0.45697343349456787,0.5006201863288879,0.0,0.0,6.32,6.4,False,False,0.04364675283432007,0.0
C5_2,it0283,0.48127150535583496,0.418823778629303,0.0625,0.0625,5.36,4.56,False,False,-0.06244772672653198,0.0
C5_2,it0284,0.11882700771093369,0.3012288212776184,0.07692307692307693,0.038461538461538464,8.88,7.92,False,False,0.18240181356668472,-0.038461538461538464
C5_2,it0285,0.5062587261199951,0.5639207363128662,0.07317073170731707,0.024390243902439025,13.2,12.88,False,False,0.057662010192871094,-0.048780487804878044
C5_2,it0286,0.3393465578556061,0.33104345202445984,0.21428571428571427,0.07142857142857142,8.48,8.56,False,False,-0.00830310583114624,-0.14285714285714285
C5_2,it0287,0.5235682725906372,0.5073547959327698,0.18181818181818182,0.36363636363636365,7.84,8.96,False,False,-0.01621347665786743,0.18181818181818182
C5_2,it0288,0.5829191207885742,0.6409714221954346,0.18181818181818182,0.06818181818181818,14.24,13.68,False,False,0.05805230140686035,-0.11363636363636365
C5_2,it0289,0.5278342962265015,0.5019049644470215,0.1111111111111111,0.1111111111111111,5.68,9.52,False,False,-0.02592933177947998,0.0
C5_2,it0290,0.26502111554145813,0.33233678340911865,0.11904761904761904,0.07142857142857142,12.08,11.28,False,False,0.06731566786766052,-0.047619047619047616
C5_2,it0291,0.19044241309165955,0.21507485210895538,0.0,0.05555555555555555,5.44,9.28,False,False,0.024632439017295837,0.05555555555555555
C5_2,it0292,0.3402799069881439,0.21221692860126495,0.0,0.05714285714285714,11.12,9.36,False,False,-0.12806297838687897,0.05714285714285714
C5_2,it0293,0.3420489430427551,0.2680007517337799,0.08333333333333333,0.041666666666666664,6.56,5.36,False,False,-0.07404819130897522,-0.041666666666666664
C5_2,it0294,0.3527737557888031,0.33527272939682007,0.0,0.05555555555555555,6.48,7.28,False,False,-0.017501026391983032,0.05555555555555555
C5_2,it0295,0.49741312861442566,0.5085493326187134,0.1320754716981132,0.20754716981132076,14.24,11.68,False,False,0.01113620400428772,0.07547169811320756
C5_2,it0296,0.5263766050338745,0.5152329206466675,0.0625,0.15625,13.44,8.72,False,False,-0.011143684387207031,0.09375
C5_2,it0297,0.504877507686615,0.4230828285217285,0.16,0.12,7.44,8.48,False,False,-0.08179467916488647,-0.04000000000000001
C5_2,it0298,0.5091226696968079,0.4113597571849823,0.3333333333333333,0.125,6.08,4.16,False,False,-0.09776291251182556,-0.20833333333333331
C5_2,it0299,0.5945597887039185,0.6032614707946777,0.0,0.0,11.36,10.56,False,False,0.008701682090759277,0.0
C5_2,it0300,0.28352171182632446,0.2972855567932129,0.0,0.0,6.32,5.6,False,False,0.013763844966888428,0.0
C5_2,it0301,0.3815857768058777,0.5105934143066406,0.09375,0.09375,9.84,9.28,False,False,0.12900763750076294,0.0
C5_2,it0302,0.5747946500778198,0.49823105335235596,0.07142857142857142,0.0,11.28,13.68,False,False,-0.07656359672546387,-0.07142857142857142
C5_2,it0303,0.5014728307723999,0.5127383470535278,0.1,0.1,6.56,6.64,False,False,0.01126551628112793,0.0
C5_2,it0304,0.30305537581443787,0.4007415175437927,0.3076923076923077,0.07692307692307693,5.44,4.96,False,False,0.09768614172935486,-0.23076923076923078
C5_2,it0305,0.3684345781803131,0.45548146963119507,0.022222222222222223,0.2222222222222222,12.8,14.96,False,False,0.08704689145088196,0.19999999999999998
C5_2,it0306,0.29108890891075134,0.4904553294181824,0.09523809523809523,0.0,6.56,6.72,False,False,0.19936642050743103,-0.09523809523809523
C5_2,it0307,0.2992544174194336,0.2592034935951233,0.07142857142857142,0.14285714285714285,5.04,6.72,False,False,-0.0400509238243103,0.07142857142857142
C5_2,it0308,0.33021533489227295,0.4033261835575104,0.058823529411764705,0.058823529411764705,10.4,7.52,False,False,0.07311084866523743,0.0
C5_2,it0309,0.44260522723197937,0.48217010498046875,0.07692307692307693,0.07692307692307693,5.2,3.84,False,False,0.03956487774848938,0.0
C5_2,it0310,0.40905094146728516,0.49144333600997925,0.26666666666666666,0.3333333333333333,8.48,5.52,False,False,0.08239239454269409,0.06666666666666665
C5_2,it0311,0.31068113446235657,0.4258834421634674,0.0,0.19047619047619047,5.84,3.44,False,False,0.11520230770111084,0.19047619047619047
C5_2,it0312,0.6131057739257812,0.6867525577545166,0.023809523809523808,0.0,12.24,12.4,False,False,0.07364678382873535,-0.023809523809523808
C5_2,it0313,0.46747025847435,0.4142785370349884,0.058823529411764705,0.0,4.96,7.76,False,False,-0.05319172143936157,-0.058823529411764705
C5_2,it0314,0.18236926198005676,0.2759033441543579,0.0,0.08,6.32,5.76,False,False,0.09353408217430115,0.08
C5_2,it0315,0.41493868827819824,0.2636723220348358,0.0,0.12,7.92,8.0,False,False,-0.15126636624336243,0.12
C5_2,it0316,0.422073096036911,0.3390515148639679,0.020833333333333332,0.0625,13.28,14.96,False,False,-0.08302158117294312,0.04166666666666667
C5_2,it0317,0.42992499470710754,0.4205560088157654,0.0,0.0,8.16,9.28,False,False,-0.009368985891342163,0.0
C5_2,it0318,0.1914483904838562,0.03218100219964981,0.1875,0.6875,5.04,13.84,False,False,-0.1592673882842064,0.5
C5_2,it0319,0.41350892186164856,0.520176112651825,0.0,0.0,5.6,8.48,False,False,0.10666719079017639,0.0
C5_2,it0320,0.5944696068763733,0.46910083293914795,0.11538461538461539,0.038461538461538464,8.0,8.32,False,False,-0.12536877393722534,-0.07692307692307693
C5_2,it0321,0.16834503412246704,0.09770794212818146,0.0,0.0,5.12,4.08,False,False,-0.07063709199428558,0.0
C5_2,it0322,0.5431532263755798,0.5914814472198486,0.35294117647058826,0.47058823529411764,4.72,12.56,False,False,0.0483282208442688,0.11764705882352938
C5_2,it0323,0.4991281032562256,0.5609662532806396,0.0,0.05,6.96,9.04,False,False,0.06183815002441406,0.05
C5_2,it0324,0.5216116905212402,0.3582114577293396,0.0,0.1111111111111111,5.92,6.08,False,False,-0.16340023279190063,0.1111111111111111
C5_2,it0325,0.1927749216556549,0.21540510654449463,0.022727272727272728,0.1590909090909091,12.8,12.0,False,False,0.02263018488883972,0.13636363636363635
C5_2,it0326,0.3365405797958374,0.16439369320869446,0.0,0.08333333333333333,5.92,7.04,False,False,-0.17214688658714294,0.08333333333333333
C5_2,it0327,0.3475574851036072,0.5115139484405518,0.0,0.0,4.56,4.48,False,False,0.16395646333694458,0.0
C5_2,it0328,0.5439444184303284,0.23132608830928802,0.10344827586206896,0.20689655172413793,8.0,5.36,False,False,-0.31261833012104034,0.10344827586206896
C5_2,it0329,0.47233787178993225,0.3007906675338745,0.0,0.0,4.24,8.4,False,False,-0.17154720425605774,0.0
C5_2,it0330,0.4220004975795746,0.30967360734939575,0.0,0.029411764705882353,9.6,8.32,False,False,-0.11232689023017883,0.029411764705882353
C5_2,it0331,0.32720890641212463,0.4305930733680725,0.1111111111111111,0.1111111111111111,8.88,11.68,False,False,0.10338416695594788,0.0
C5_2,it0332,0.4110392928123474,0.39169058203697205,0.0,0.0,4.0,5.36,False,False,-0.019348710775375366,0.0
C5_2,it0333,0.6001909971237183,0.43935275077819824,0.12195121951219512,0.14634146341463414,12.24,12.88,False,False,-0.16083824634552002,0.02439024390243902
C5_2,it0334,0.37924087047576904,0.29963740706443787,0.041666666666666664,0.125,13.76,14.96,False,False,-0.07960346341133118,0.08333333333333334
C5_2,it0335,0.5348970890045166,0.2756081223487854,0.07142857142857142,0.0,4.48,5.76,False,False,-0.2592889666557312,-0.07142857142857142
C5_2,it0336,0.6446483135223389,0.642650306224823,0.0,0.0,11.84,9.44,False,False,-0.001998007297515869,0.0
C5_2,it0337,0.2677135169506073,0.2983090281486511,0.07692307692307693,0.1282051282051282,13.44,12.64,False,False,0.030595511198043823,0.051282051282051266
C5_2,it0338,0.5011940002441406,0.3228766620159149,0.0,0.058823529411764705,6.24,6.56,False,False,-0.1783173382282257,0.058823529411764705
C5_2,it0339,0.25123247504234314,0.1564808189868927,0.0,0.0,7.2,8.16,False,False,-0.09475165605545044,0.0
C5_2,it0340,0.3764762878417969,0.32163721323013306,0.23076923076923078,0.0,4.16,4.72,False,False,-0.05483907461166382,-0.23076923076923078
C5_2,it0341,0.5637741088867188,0.5364837050437927,0.14285714285714285,0.14285714285714285,8.88,7.92,False,False,-0.027290403842926025,0.0
C5_2,it0342,0.38061362504959106,0.45276424288749695,0.0625,0.0,6.88,7.76,False,False,0.07215061783790588,-0.0625
C5_2,it0343,0.3266526162624359,0.4181647300720215,0.13333333333333333,0.044444444444444446,13.76,10.72,False,False,0.09151211380958557,-0.08888888888888888
C5_2,it0344,0.6323235630989075,0.6259710788726807,0.038461538461538464,0.11538461538461539,8.16,5.44,False,False,-0.006352484226226807,0.07692307692307693
C5_2,it0345,0.3239482045173645,0.3057536482810974,0.2222222222222222,0.48148148148148145,7.52,5.84,False,False,-0.01819455623626709,0.25925925925925924
C5_2,it0346,0.4492346942424774,0.4649979770183563,0.17391304347826086,0.0,6.96,5.12,False,False,0.015763282775878906,-0.17391304347826086
C5_2,it0347,0.5098471641540527,0.5133074522018433,0.05128205128205128,0.07692307692307693,11.76,13.76,False,False,0.0034602880477905273,0.025641025641025647
C5_2,it0348,0.2611290216445923,0.42280349135398865,0.0,0.0,4.08,4.0,False,False,0.16167446970939636,0.0
C5_2,it0349,0.1539926528930664,0.19061097502708435,0.06060606060606061,0.0,12.16,14.96,False,False,0.036618322134017944,-0.06060606060606061
C5_2,it0350,0.42139557003974915,0.43495333194732666,0.03571428571428571,0.0,7.44,9.2,False,False,0.013557761907577515,-0.03571428571428571
C5_2,it0351,0.3650299310684204,0.44308099150657654,0.0,0.0,8.4,11.6,False,False,0.07805106043815613,0.0
C5_2,it0352,0.3549993336200714,0.45169973373413086,0.041666666666666664,0.041666666666666664,8.64,8.08,False,False,0.09670040011405945,0.0
C5_2,it0353,0.39382070302963257,0.23864619433879852,0.0,0.0,6.8,7.6,False,False,-0.15517450869083405,0.0
C5_2,it0354,0.5030831098556519,0.33392584323883057,0.0,0.05,6.0,6.08,False,False,-0.1691572666168213,0.05
C5_2,it0355,0.4720439910888672,0.35935768485069275,0.0,0.0,9.12,7.12,False,False,-0.11268630623817444,0.0
C5_2,it0356,0.33737578988075256,0.3115695118904114,0.0,0.07692307692307693,4.48,4.88,False,False,-0.025806277990341187,0.07692307692307693
C5_2,it0357,0.5252549052238464,0.497133731842041,0.0,0.0,8.32,6.56,False,False,-0.02812117338180542,0.0
C5_2,it0358,0.33632421493530273,0.3291580080986023,0.043478260869565216,0.0,8.96,8.48,False,False,-0.0071662068367004395,-0.043478260869565216
C5_2,it0359,0.49831125140190125,0.5273056030273438,0.3409090909090909,0.045454545454545456,13.52,10.4,False,False,0.028994351625442505,-0.2954545454545454
C5_2,it0360,0.4982011318206787,0.467241108417511,0.0,0.0,6.96,7.76,False,False,-0.030960023403167725,0.0
C5_2,it0361,0.43486475944519043,0.3026316165924072,0.0,0.17647058823529413,6.4,5.52,False,False,-0.1322331428527832,0.17647058823529413
C5_2,it0362,0.5136638283729553,0.3896312713623047,0.06666666666666667,0.06666666666666667,4.16,5.04,False,False,-0.12403255701065063,0.0
C5_2,it0363,0.5011519193649292,0.41794702410697937,0.07317073170731707,0.17073170731707318,12.64,13.36,False,False,-0.08320489525794983,0.09756097560975611
C5_2,it0364,0.5985211730003357,0.6863709092140198,0.0,0.04,8.4,8.56,False,False,0.08784973621368408,0.04
C5_2,it0365,0.48356860876083374,0.4919561743736267,0.0,0.0,4.56,5.04,False,False,0.008387565612792969,0.0
C5_2,it0366,0.40364426374435425,0.29827821254730225,0.07692307692307693,0.07692307692307693,9.04,7.68,False,False,-0.105366051197052,0.0
C5_2,it0367,0.2057950496673584,0.1937752068042755,0.04,0.02,14.64,14.96,False,False,-0.012019842863082886,-0.02
C5_2,it0368,0.2990279793739319,0.2660435736179352,0.23809523809523808,0.047619047619047616,6.24,5.92,False,False,-0.032984405755996704,-0.19047619047619047
C5_2,it0369,0.3131186366081238,0.23728013038635254,0.0625,0.0,4.72,6.08,False,False,-0.07583850622177124,-0.0625
C5_2,it0370,0.5354030132293701,0.4479745924472809,0.08,0.32,9.68,13.44,False,False,-0.08742842078208923,0.24
C5_2,it0371,0.03842294216156006,0.11894406378269196,0.09375,0.40625,9.12,14.96,False,False,0.0805211216211319,0.3125
C5_2,it0372,0.5805448293685913,0.664911150932312,0.0,0.034482758620689655,8.4,7.6,False,False,0.0843663215637207,0.034482758620689655
C5_2,it0373,0.4943041205406189,0.5685685276985168,0.037037037037037035,0.0,10.24,13.28,False,False,0.07426440715789795,-0.037037037037037035
C5_2,it0374,0.4072238802909851,0.27908360958099365,0.05555555555555555,0.0,5.68,5.92,False,False,-0.12814027070999146,-0.05555555555555555
C5_2,it0375,0.21337556838989258,0.37462201714515686,0.06666666666666667,0.0,4.0,4.24,False,False,0.16124644875526428,-0.06666666666666667
C5_2,it0376,0.23519793152809143,0.3568370044231415,0.2222222222222222,0.2222222222222222,6.24,6.0,False,False,0.12163907289505005,0.0
C5_2,it0377,0.30303406715393066,0.31328457593917847,0.0,0.04,7.84,10.08,False,False,0.010250508785247803,0.04
C5_2,it0378,0.43939656019210815,0.4206703305244446,0.0,0.5333333333333333,5.04,12.4,False,False,-0.018726229667663574,0.5333333333333333
C5_2,it0379,0.2577131688594818,0.2256099134683609,0.0,0.0,5.28,6.48,False,False,-0.03210325539112091,0.0
C5_2,it0380,0.45278680324554443,0.41710299253463745,0.05263157894736842,0.0,4.88,5.44,False,False,-0.03568381071090698,-0.05263157894736842
C5_2,it0381,0.5009373426437378,0.5774102807044983,0.0,0.0,4.8,6.24,False,False,0.0764729380607605,0.0
C5_2,it0382,0.44656363129615784,0.4306833744049072,0.045454545454545456,0.045454545454545456,6.72,11.76,False,False,-0.01588025689125061,0.0
C5_2,it0383,0.40375497937202454,0.2671418786048889,0.1794871794871795,0.20512820512820512,10.56,10.56,False,False,-0.13661310076713562,0.025641025641025633
C5_2,it0384,0.2868605852127075,0.16671650111675262,0.26666666666666666,0.2,4.0,4.4,False,False,-0.1201440840959549,-0.06666666666666665
C5_2,it0385,0.2289133369922638,0.3370916247367859,0.08333333333333333,0.08333333333333333,4.24,7.28,False,False,0.1081782877445221,0.0
C5_2,it0386,0.46502813696861267,0.3801587224006653,0.07142857142857142,0.07142857142857142,4.72,4.08,False,False,-0.08486941456794739,0.0
C5_2,it0387,0.2661137878894806,0.3054641783237457,0.09090909090909091,0.0,11.36,12.8,False,False,0.03935039043426514,-0.09090909090909091
C5_2,it0388,0.4595915973186493,0.580704927444458,0.0,0.0,6.64,6.32,False,False,0.12111333012580872,0.0
C5_2,it0389,0.6917176246643066,0.726655900478363,0.0,0.21739130434782608,14.48,14.96,False,False,0.034938275814056396,0.21739130434782608
C5_2,it0390,0.4535118341445923,0.5224542617797852,0.16279069767441862,0.13953488372093023,11.76,13.2,False,False,0.06894242763519287,-0.023255813953488386
C5_2,it0391,0.40805572271347046,0.42647331953048706,0.0,0.0,8.96,9.92,False,False,0.0184175968170166,0.0
C5_2,it0392,0.2394891232252121,0.3147585690021515,0.2857142857142857,0.19047619047619047,7.68,7.6,False,False,0.07526944577693939,-0.09523809523809523
C5_2,it0393,0.29401853680610657,0.42426347732543945,0.0,0.0,4.88,6.16,False,False,0.13024494051933289,0.0
C5_2,it0394,0.37795841693878174,0.4468240439891815,0.04,0.0,6.8,7.6,False,False,0.06886562705039978,-0.04
C5_2,it0395,0.14363233745098114,0.17518113553524017,0.23529411764705882,0.11764705882352941,5.68,4.88,False,False,0.03154879808425903,-0.11764705882352941
C5_2,it0396,0.6328998804092407,0.6569602489471436,0.1,0.05,6.24,6.96,False,False,0.024060368537902832,-0.05
C5_2,it0397,0.49551668763160706,0.46554088592529297,0.05263157894736842,0.05263157894736842,6.4,7.04,False,False,-0.029975801706314087,0.0
C5_2,it0398,0.5226453542709351,0.48087605834007263,0.05,0.4,6.48,4.32,False,False,-0.04176929593086243,0.35000000000000003
C5_2,it0399,0.461006224155426,0.4957793056964874,0.05555555555555555,0.16666666666666666,5.12,5.84,False,False,0.0347730815410614,0.1111111111111111
