run,encoder,item,refine,search
C1_0,wavlm_large,it0000,0.4409574866294861,0.5571874380111694
C1_0,wavlm_large,it0001,0.3471143543720245,0.3208135366439819
C1_0,wavlm_large,it0002,0.2035996168851852,0.3844396770000458
C1_0,wavlm_large,it0003,0.2880609035491943,0.2972245514392853
C1_0,wavlm_large,it0004,0.2551212608814239,0.4165661334991455
C1_0,wavlm_large,it0005,0.4078315496444702,0.3641616702079773
C1_0,wavlm_large,it0006,0.1836139410734176,0.4051433801651001
C1_0,wavlm_large,it0007,0.145530954003334,0.3628927767276764
C1_0,wavlm_large,it0008,0.3134820461273193,0.2468628734350204
C1_0,wavlm_large,it0009,0.5505362153053284,0.5978208780288696
C1_0,wavlm_large,it0010,0.5385377407073975,0.6028770804405212
C1_0,wavlm_large,it0011,0.4032814800739288,0.4874297678470611
C1_0,wavlm_large,it0012,0.2016342282295227,0.3390796780586242
C1_0,wavlm_large,it0013,0.6383762359619141,0.6015039086341858
C1_0,wavlm_large,it0014,0.4116047322750091,0.4188637137413025
C1_0,wavlm_large,it0015,0.4741503894329071,0.5092313289642334
C1_0,wavlm_large,it0016,0.4170672595500946,0.5115992426872253
C1_0,wavlm_large,it0017,0.2502248883247375,0.3952760100364685
C1_0,wavlm_large,it0018,0.1615431904792785,0.2665469050407409
C1_0,wavlm_large,it0019,0.5740739703178406,0.5529096126556396
C1_0,wavlm_large,it0020,0.2566326558589935,0.3290712535381317
C1_0,wavlm_large,it0021,0.3636504411697387,0.4663474559783935
C1_0,wavlm_large,it0022,0.4058315753936767,0.4941279888153076
C1_0,wavlm_large,it0023,0.5697939395904541,0.5382086634635925
C1_0,wavlm_large,it0024,0.3664234280586242,0.5498659014701843
C1_0,wavlm_large,it0025,0.5338786244392395,0.624005138874054
C1_0,wavlm_large,it0026,0.2093451917171478,0.3452030718326568
C1_0,wavlm_large,it0027,0.6892123818397522,0.6309114694595337
C1_0,wavlm_large,it0028,0.494286835193634,0.5859771966934204
C1_0,wavlm_large,it0029,0.3657282590866089,0.3602483868598938
C1_0,wavlm_large,it0030,0.3355340361595154,0.4889782667160034
C1_0,wavlm_large,it0031,0.195430502295494,0.3007939457893371
C1_0,wavlm_large,it0032,0.5829096436500549,0.5762380957603455
C1_0,wavlm_large,it0033,0.2931923568248749,0.2562659978866577
C1_0,wavlm_large,it0034,0.4963248074054718,0.4449987709522247
C1_0,wavlm_large,it0035,0.2463058233261108,0.2415269613265991
C1_0,wavlm_large,it0036,0.4433173537254333,0.5358582735061646
C1_0,wavlm_large,it0037,0.5144686698913574,0.5801087617874146
C1_0,wavlm_large,it0038,0.0609557293355464,0.2435381263494491
C1_0,wavlm_large,it0039,0.3482329845428467,0.4431783556938171
C1_0,wavlm_large,it0040,0.1627897918224334,0.3004565238952636
C1_0,wavlm_large,it0041,0.3531742691993713,0.4126851260662079
C1_0,wavlm_large,it0042,0.5304055213928223,0.4685717225074768
C1_0,wavlm_large,it0043,0.1958489269018173,0.3278478980064392
C1_0,wavlm_large,it0044,0.3541013300418854,0.6551775336265564
C1_0,wavlm_large,it0045,0.3483895659446716,0.4208480417728424
C1_0,wavlm_large,it0046,0.3321951925754547,0.3899046182632446
C1_0,wavlm_large,it0047,0.4043805003166199,0.2788260877132416
C1_0,wavlm_large,it0048,0.3410545885562897,0.5688861012458801
C1_0,wavlm_large,it0049,0.5133342742919922,0.5171745419502258
C1_0,wavlm_large,it0050,-0.0381087288260459,0.1330010741949081
C1_0,wavlm_large,it0051,0.4470850825309753,0.4760079979896545
C1_0,wavlm_large,it0052,0.218454360961914,0.338992714881897
C1_0,wavlm_large,it0053,0.2292446941137313,0.3718365132808685
C1_0,wavlm_large,it0054,0.0924215465784072,0.299369215965271
C1_0,wavlm_large,it0055,0.585260272026062,0.5193532705307007
C1_0,wavlm_large,it0056,0.1672516912221908,0.3804389536380768
C1_0,wavlm_large,it0057,0.3991685807704925,0.3866819441318512
C1_0,wavlm_large,it0058,0.311833918094635,0.4774914085865021
C1_0,wavlm_large,it0059,0.5219714641571045,0.5642932653427124
C1_0,wavlm_large,it0060,0.2743833661079407,0.4038983285427093
C1_0,wavlm_large,it0061,0.5465567111968994,0.6143331527709961
C1_0,wavlm_large,it0062,0.4735810458660126,0.7161660194396973
C1_0,wavlm_large,it0063,0.2121155858039856,0.3988775610923767
C1_0,wavlm_large,it0064,0.3686846494674682,0.3990964591503143
C1_0,wavlm_large,it0065,0.569761335849762,0.6329108476638794
C1_0,wavlm_large,it0066,0.4354224801063537,0.3569765388965606
C1_0,wavlm_large,it0067,0.2685577273368835,0.2639082074165344
C1_0,wavlm_large,it0068,0.6214669346809387,0.6169592142105103
C1_0,wavlm_large,it0069,0.2311671674251556,0.4601948857307434
C1_0,wavlm_large,it0070,0.2676295936107635,0.5139176249504089
C1_0,wavlm_large,it0071,0.3881499171257019,0.5593226552009583
C1_0,wavlm_large,it0072,0.5110940337181091,0.4670851528644562
C1_0,wavlm_large,it0073,0.181991770863533,0.3162761330604553
C1_0,wavlm_large,it0074,0.3160621523857116,0.4261568486690521
C1_0,wavlm_large,it0075,0.3725953698158264,0.3735301792621612
C1_0,wavlm_large,it0076,0.2493897825479507,0.3102738857269287
C1_0,wavlm_large,it0077,0.3283126652240753,0.6453595161437988
C1_0,wavlm_large,it0078,0.2466148883104324,0.3572522401809692
C1_0,wavlm_large,it0079,0.6046274304389954,0.6361939907073975
C1_0,wavlm_large,it0080,0.1696267426013946,0.3043287396430969
C1_0,wavlm_large,it0081,0.2499649077653885,0.3814108073711395
C1_0,wavlm_large,it0082,0.5239319205284119,0.503665030002594
C1_0,wavlm_large,it0083,0.3016287982463836,0.431122362613678
C1_0,wavlm_large,it0084,0.4573609530925751,0.5303744077682495
C1_0,wavlm_large,it0085,0.3558771908283233,0.6052385568618774
C1_0,wavlm_large,it0086,0.6187678575515747,0.6257829666137695
C1_0,wavlm_large,it0087,0.6413012146949768,0.6958134174346924
C1_0,wavlm_large,it0088,0.3812631964683532,0.4040103852748871
C1_0,wavlm_large,it0089,0.2197015881538391,0.3042274117469787
C1_0,wavlm_large,it0090,0.5153360366821289,0.5422791242599487
C1_0,wavlm_large,it0091,0.3839314579963684,0.5138487219810486
C1_0,wavlm_large,it0092,0.4717132747173309,0.4354243278503418
C1_0,wavlm_large,it0093,0.2229083180427551,0.4351668357849121
C1_0,wavlm_large,it0094,0.451170265674591,0.4920379221439361
C1_0,wavlm_large,it0095,0.5684384703636169,0.5506494641304016
C1_0,wavlm_large,it0096,0.3927137553691864,0.4616897106170654
C1_0,wavlm_large,it0097,0.6390840411186218,0.6554234623908997
C1_0,wavlm_large,it0098,0.483731210231781,0.4884541630744934
C1_0,wavlm_large,it0099,0.1862113177776336,0.2370919734239578
C1_0,wavlm_large,it0100,0.5382242798805237,0.6332969665527344
C1_0,wavlm_large,it0101,0.2206510007381439,0.3245796859264374
C1_0,wavlm_large,it0102,0.4331040680408478,0.4306405186653137
C1_0,wavlm_large,it0103,0.2694656252861023,0.4657669365406036
C1_0,wavlm_large,it0104,0.4584961831569671,0.4909965991973877
C1_0,wavlm_large,it0105,0.5066324472427368,0.6540935039520264
C1_0,wavlm_large,it0106,0.3166685700416565,0.4911836981773376
C1_0,wavlm_large,it0107,0.4690919518470764,0.5283660888671875
C1_0,wavlm_large,it0108,0.3379083573818207,0.338029146194458
C1_0,wavlm_large,it0109,0.3329231142997741,0.4776920080184936
C1_0,wavlm_large,it0110,0.3004068434238434,0.2518008947372436
C1_0,wavlm_large,it0111,0.1100672632455825,0.214875653386116
C1_0,wavlm_large,it0112,0.6319575905799866,0.5673501491546631
C1_0,wavlm_large,it0113,0.5095136165618896,0.5224044322967529
C1_0,wavlm_large,it0114,0.3737985789775848,0.3929605185985565
C1_0,wavlm_large,it0115,0.3003463447093963,0.3086084127426147
C1_0,wavlm_large,it0116,0.2969643473625183,0.4339486956596374
C1_0,wavlm_large,it0117,0.4510524272918701,0.5160947442054749
C1_0,wavlm_large,it0118,0.3577175736427307,0.5218180418014526
C1_0,wavlm_large,it0119,0.3190489113330841,0.6767675280570984
C1_0,wavlm_large,it0120,0.4945147037506103,0.5168254971504211
C1_0,wavlm_large,it0121,0.3281467854976654,0.5261573195457458
C1_0,wavlm_large,it0122,0.2514857053756714,0.297613263130188
C1_0,wavlm_large,it0123,0.382095068693161,0.472887635231018
C1_0,wavlm_large,it0124,0.4441509544849396,0.447957694530487
C1_0,wavlm_large,it0125,0.3217270970344543,0.4347431659698486
C1_0,wavlm_large,it0126,0.3154469132423401,0.48241126537323
C1_0,wavlm_large,it0127,0.3267161250114441,0.4643957018852234
C1_0,wavlm_large,it0128,0.3237013816833496,0.3909153044223785
C1_0,wavlm_large,it0129,0.3050471246242523,0.2751541435718536
C1_0,wavlm_large,it0130,0.3509994447231293,0.3603552281856537
C1_0,wavlm_large,it0131,0.3174934387207031,0.4289655983448028
C1_0,wavlm_large,it0132,0.2853167653083801,0.2875290513038635
C1_0,wavlm_large,it0133,0.4616622030735016,0.5388797521591187
C1_0,wavlm_large,it0134,0.3221849799156189,0.4286425411701202
C1_0,wavlm_large,it0135,0.4285892844200134,0.4444441795349121
C1_0,wavlm_large,it0136,0.4801850020885467,0.5670629143714905
C1_0,wavlm_large,it0137,0.4329905807971954,0.4483465552330017
C1_0,wavlm_large,it0138,0.6822306513786316,0.617498517036438
C1_0,wavlm_large,it0139,0.4418981075286865,0.5148250460624695
C1_0,wavlm_large,it0140,0.4209403991699219,0.5524792075157166
C1_0,wavlm_large,it0141,0.5408350825309753,0.6854408979415894
C1_0,wavlm_large,it0142,0.1965226083993911,0.2825389504432678
C1_0,wavlm_large,it0143,0.4029058814048767,0.4627490043640136
C1_0,wavlm_large,it0144,0.2914357185363769,0.3926496207714081
C1_0,wavlm_large,it0145,0.5602089762687683,0.6254453063011169
C1_0,wavlm_large,it0146,0.3091682195663452,0.4642208814620971
C1_0,wavlm_large,it0147,0.3093523681163788,0.3595423698425293
C1_0,wavlm_large,it0148,0.0578867644071579,0.3266212344169616
C1_0,wavlm_large,it0149,0.4964913427829742,0.5161641240119934
C1_0,wavlm_large,it0150,0.4067813754081726,0.5153912901878357
C1_0,wavlm_large,it0151,0.5285263657569885,0.5671787261962891
C1_0,wavlm_large,it0152,0.3483880758285522,0.4835605025291443
C1_0,wavlm_large,it0153,0.3268147706985473,0.4436973929405212
C1_0,wavlm_large,it0154,0.0656385570764541,0.2584059536457062
C1_0,wavlm_large,it0155,0.2820492088794708,0.3484766185283661
C1_0,wavlm_large,it0156,0.1132965236902237,0.2984030544757843
C1_0,wavlm_large,it0157,0.4478378891944885,0.552364706993103
C1_0,wavlm_large,it0158,0.3562484979629516,0.4465886354446411
C1_0,wavlm_large,it0159,0.1007022485136985,0.3820262551307678
C1_0,wavlm_large,it0160,0.4443427920341491,0.4791248440742492
C1_0,wavlm_large,it0161,0.2700569331645965,0.4138942062854767
C1_0,wavlm_large,it0162,0.2714735567569732,0.3107731342315674
C1_0,wavlm_large,it0163,0.350406676530838,0.5027926564216614
C1_0,wavlm_large,it0164,0.3100979924201965,0.3631948828697204
C1_0,wavlm_large,it0165,0.2289508730173111,0.3718562126159668
C1_0,wavlm_large,it0166,0.3735710084438324,0.390462726354599
C1_0,wavlm_large,it0167,0.5832532644271851,0.5180838704109192
C1_0,wavlm_large,it0168,0.2950787842273712,0.3614482581615448
C1_0,wavlm_large,it0169,0.4527265429496765,0.414834976196289
C1_0,wavlm_large,it0170,0.3572262525558471,0.4239204227924347
C1_0,wavlm_large,it0171,0.5700905323028564,0.623802125453949
C1_0,wavlm_large,it0172,0.2644551694393158,0.4513566792011261
C1_0,wavlm_large,it0173,0.637644350528717,0.6580106616020203
C1_0,wavlm_large,it0174,0.2726300954818725,0.3643204271793365
C1_0,wavlm_large,it0175,-0.0189250744879245,0.263866126537323
C1_0,wavlm_large,it0176,0.3322136104106903,0.3140797615051269
C1_0,wavlm_large,it0177,0.366895854473114,0.5220315456390381
C1_0,wavlm_large,it0178,0.1593817323446273,0.2227264642715454
C1_0,wavlm_large,it0179,0.6115659475326538,0.6344543695449829
C1_0,wavlm_large,it0180,0.4566189348697662,0.4778643846511841
C1_0,wavlm_large,it0181,0.5520866513252258,0.5656030774116516
C1_0,wavlm_large,it0182,0.4246025681495666,0.4650004506111145
C1_0,wavlm_large,it0183,0.6128196716308594,0.5675338506698608
C1_0,wavlm_large,it0184,0.2869670987129211,0.3316129744052887
C1_0,wavlm_large,it0185,0.4345725774765014,0.4878237247467041
C1_0,wavlm_large,it0186,0.5433709621429443,0.5070798397064209
C1_0,wavlm_large,it0187,0.3826726675033569,0.4641151428222656
C1_0,wavlm_large,it0188,0.4499627947807312,0.5851446390151978
C1_0,wavlm_large,it0189,0.2454990446567535,0.2999758422374725
C1_0,wavlm_large,it0190,0.5382727384567261,0.5705467462539673
C1_0,wavlm_large,it0191,0.3036845028400421,0.3967704772949219
C1_0,wavlm_large,it0192,0.5609626770019531,0.5961558818817139
C1_0,wavlm_large,it0193,0.2280437052249908,0.2642084658145904
C1_0,wavlm_large,it0194,0.6194934844970703,0.6497401595115662
C1_0,wavlm_large,it0195,0.5141011476516724,0.6306306719779968
C1_0,wavlm_large,it0196,0.3589324057102203,0.4347341656684875
C1_0,wavlm_large,it0197,0.2701919972896576,0.3811757564544678
C1_0,wavlm_large,it0198,0.1360501646995544,0.2872655391693115
C1_0,wavlm_large,it0199,0.4255663156509399,0.5386462807655334
C1_0,ecapa,it0000,0.4555040597915649,0.5379053354263306
C1_0,ecapa,it0001,0.4722748696804046,0.4874054193496704
C1_0,ecapa,it0002,0.2868883013725281,0.3327944874763489
C1_0,ecapa,it0003,0.4176733195781708,0.4870525002479553
C1_0,ecapa,it0004,0.4830162227153778,0.5552114844322205
C1_0,ecapa,it0005,0.4980028867721557,0.5117778182029724
C1_0,ecapa,it0006,0.240660086274147,0.3232370615005493
C1_0,ecapa,it0007,0.208733320236206,0.3364337384700775
C1_0,ecapa,it0008,0.4001226127147674,0.4056534469127655
C1_0,ecapa,it0009,0.5485214591026306,0.5938358902931213
C1_0,ecapa,it0010,0.6327130198478699,0.5994069576263428
C1_0,ecapa,it0011,0.3797888159751892,0.5686177015304565
C1_0,ecapa,it0012,0.341924786567688,0.415038526058197
C1_0,ecapa,it0013,0.5771661996841431,0.5386433005332947
C1_0,ecapa,it0014,0.522329568862915,0.4251548945903778
C1_0,ecapa,it0015,0.4052226841449737,0.5363238453865051
C1_0,ecapa,it0016,0.5611082911491394,0.7110259532928467
C1_0,ecapa,it0017,0.4077100157737732,0.4314109683036804
C1_0,ecapa,it0018,0.2887560129165649,0.2313552647829055
C1_0,ecapa,it0019,0.6609175801277161,0.6275085210800171
C1_0,ecapa,it0020,0.4168442487716675,0.3187457323074341
C1_0,ecapa,it0021,0.4091968536376953,0.4383359551429748
C1_0,ecapa,it0022,0.4488864541053772,0.454998642206192
C1_0,ecapa,it0023,0.6124417781829834,0.6684262156486511
C1_0,ecapa,it0024,0.5842956304550171,0.6709069609642029
C1_0,ecapa,it0025,0.5874273777008057,0.6707813143730164
C1_0,ecapa,it0026,0.2560344934463501,0.2987545728683471
C1_0,ecapa,it0027,0.7232030630111694,0.6456258296966553
C1_0,ecapa,it0028,0.4411931931972503,0.4897548854351043
C1_0,ecapa,it0029,0.2369599640369415,0.3063177466392517
C1_0,ecapa,it0030,0.4036089479923248,0.5534263849258423
C1_0,ecapa,it0031,0.3065788149833679,0.374793142080307
C1_0,ecapa,it0032,0.6589823961257935,0.6052122116088867
C1_0,ecapa,it0033,0.4150451719760895,0.3375812172889709
C1_0,ecapa,it0034,0.4853801429271698,0.5062809586524963
C1_0,ecapa,it0035,0.2772000432014465,0.2981180846691131
C1_0,ecapa,it0036,0.6007671356201172,0.6157990097999573
C1_0,ecapa,it0037,0.5617692470550537,0.5257740020751953
C1_0,ecapa,it0038,0.2929900884628296,0.2861284613609314
C1_0,ecapa,it0039,0.4843954443931579,0.5292813777923584
C1_0,ecapa,it0040,0.2187508344650268,0.3454020023345947
C1_0,ecapa,it0041,0.576356828212738,0.6955614686012268
C1_0,ecapa,it0042,0.4946248829364776,0.5082910060882568
C1_0,ecapa,it0043,0.2305409163236618,0.4217917323112488
C1_0,ecapa,it0044,0.3654353320598602,0.4948669672012329
C1_0,ecapa,it0045,0.2486388236284256,0.2799444794654846
C1_0,ecapa,it0046,0.3271421194076538,0.4222932457923889
C1_0,ecapa,it0047,0.3099994659423828,0.3203547894954681
C1_0,ecapa,it0048,0.4753976166248321,0.6142228245735168
C1_0,ecapa,it0049,0.2627874910831451,0.2584281265735626
C1_0,ecapa,it0050,0.0575868710875511,0.1605751663446426
C1_0,ecapa,it0051,0.1570359766483307,0.1958632618188858
C1_0,ecapa,it0052,0.256066620349884,0.2911954522132873
C1_0,ecapa,it0053,0.1131040975451469,0.2937187254428863
C1_0,ecapa,it0054,0.2270399630069732,0.4331150650978088
C1_0,ecapa,it0055,0.6129111051559448,0.499196708202362
C1_0,ecapa,it0056,0.3474081456661224,0.3921343684196472
C1_0,ecapa,it0057,0.4453811943531036,0.5423905253410339
C1_0,ecapa,it0058,0.3351630270481109,0.3596193194389343
C1_0,ecapa,it0059,0.5040963888168335,0.5390188694000244
C1_0,ecapa,it0060,0.3809899389743805,0.5122002959251404
C1_0,ecapa,it0061,0.4850349724292755,0.4688660204410553
C1_0,ecapa,it0062,0.6160097122192383,0.6712697744369507
C1_0,ecapa,it0063,0.3991180658340454,0.3905462026596069
C1_0,ecapa,it0064,0.3531844615936279,0.2921271622180938
C1_0,ecapa,it0065,0.6029415726661682,0.673258364200592
C1_0,ecapa,it0066,0.3883675634860992,0.3292336463928222
C1_0,ecapa,it0067,0.2494795620441436,0.3692163527011871
C1_0,ecapa,it0068,0.684559166431427,0.682515025138855
C1_0,ecapa,it0069,0.2305336892604828,0.4176372289657593
C1_0,ecapa,it0070,0.2710953056812286,0.4619907140731811
C1_0,ecapa,it0071,0.485456645488739,0.6114245653152466
C1_0,ecapa,it0072,0.455450564622879,0.5098325610160828
C1_0,ecapa,it0073,0.1657302379608154,0.0271899178624153
C1_0,ecapa,it0074,0.3281615972518921,0.4043912589550018
C1_0,ecapa,it0075,0.3058822751045227,0.3583479225635528
C1_0,ecapa,it0076,0.423246830701828,0.4516211748123169
C1_0,ecapa,it0077,0.4381319582462311,0.5369136333465576
C1_0,ecapa,it0078,0.3218448162078857,0.2784067690372467
C1_0,ecapa,it0079,0.604621171951294,0.6155062913894653
C1_0,ecapa,it0080,0.3608953952789306,0.2960153520107269
C1_0,ecapa,it0081,0.298374593257904,0.369327187538147
C1_0,ecapa,it0082,0.4551700353622436,0.4845647811889648
C1_0,ecapa,it0083,0.4626220762729645,0.5046995282173157
C1_0,ecapa,it0084,0.6468967199325562,0.6469665765762329
C1_0,ecapa,it0085,0.4620253145694732,0.5902741551399231
C1_0,ecapa,it0086,0.6711750626564026,0.674795925617218
C1_0,ecapa,it0087,0.5566979646682739,0.5051605701446533
C1_0,ecapa,it0088,0.3959307968616485,0.3895145952701568
C1_0,ecapa,it0089,0.4299947619438171,0.4480734169483185
C1_0,ecapa,it0090,0.584404468536377,0.5731296539306641
C1_0,ecapa,it0091,0.4900550246238708,0.47702556848526
C1_0,ecapa,it0092,0.499561071395874,0.4656296074390411
C1_0,ecapa,it0093,0.4271779358386993,0.4913936555385589
C1_0,ecapa,it0094,0.5264211297035217,0.3648418188095093
C1_0,ecapa,it0095,0.4197071492671966,0.5443026423454285
C1_0,ecapa,it0096,0.4566008448600769,0.5140626430511475
C1_0,ecapa,it0097,0.6163086891174316,0.6514365673065186
C1_0,ecapa,it0098,0.6060914993286133,0.5870993137359619
C1_0,ecapa,it0099,0.2282683849334716,0.2391846477985382
C1_0,ecapa,it0100,0.6304651498794556,0.5838243365287781
C1_0,ecapa,it0101,0.1379646807909011,0.3393232822418213
C1_0,ecapa,it0102,0.2885901033878326,0.3894723653793335
C1_0,ecapa,it0103,0.2577866613864898,0.4599380791187286
C1_0,ecapa,it0104,0.4837915599346161,0.5544963479042053
C1_0,ecapa,it0105,0.2977352142333984,0.5370808839797974
C1_0,ecapa,it0106,0.3985804319381714,0.3650934100151062
C1_0,ecapa,it0107,0.5773509740829468,0.509075939655304
C1_0,ecapa,it0108,0.3996723592281341,0.4441539347171783
C1_0,ecapa,it0109,0.3881491720676422,0.4427448511123657
C1_0,ecapa,it0110,0.2118003219366073,0.1873200237751007
C1_0,ecapa,it0111,0.2697994709014892,0.2966882288455963
C1_0,ecapa,it0112,0.6331009864807129,0.6368572115898132
C1_0,ecapa,it0113,0.5437151193618774,0.5742846727371216
C1_0,ecapa,it0114,0.4841288924217224,0.497039645910263
C1_0,ecapa,it0115,0.4263618588447571,0.3853976726531982
C1_0,ecapa,it0116,0.5045701265335083,0.520723819732666
C1_0,ecapa,it0117,0.3949764370918274,0.4351627230644226
C1_0,ecapa,it0118,0.3939278721809387,0.5821599364280701
C1_0,ecapa,it0119,0.4977191984653473,0.5496786832809448
C1_0,ecapa,it0120,0.552839457988739,0.572145402431488
C1_0,ecapa,it0121,0.532989501953125,0.5320405960083008
C1_0,ecapa,it0122,0.2916908860206604,0.3910709023475647
C1_0,ecapa,it0123,0.3001710772514343,0.3409776091575622
C1_0,ecapa,it0124,0.5409407019615173,0.6400890946388245
C1_0,ecapa,it0125,0.4845476746559143,0.5626480579376221
C1_0,ecapa,it0126,0.4739232361316681,0.5514348745346069
C1_0,ecapa,it0127,0.2745554447174072,0.4186058342456817
C1_0,ecapa,it0128,0.4447188973426819,0.4828847646713257
C1_0,ecapa,it0129,0.2550614476203918,0.2542079985141754
C1_0,ecapa,it0130,0.3025321960449219,0.2911134958267212
C1_0,ecapa,it0131,0.2836057841777801,0.3556704819202423
C1_0,ecapa,it0132,0.2961283326148987,0.3310924172401428
C1_0,ecapa,it0133,0.5085835456848145,0.474131315946579
C1_0,ecapa,it0134,0.5084913372993469,0.4198881387710571
C1_0,ecapa,it0135,0.431710422039032,0.3635005056858063
C1_0,ecapa,it0136,0.3833075165748596,0.5432284474372864
C1_0,ecapa,it0137,0.4709443747997284,0.6034847497940063
C1_0,ecapa,it0138,0.5254553556442261,0.5242328643798828
C1_0,ecapa,it0139,0.5359587073326111,0.6220372319221497
C1_0,ecapa,it0140,0.5232177376747131,0.5467209219932556
C1_0,ecapa,it0141,0.4977607131004333,0.6781211495399475
C1_0,ecapa,it0142,0.1859785616397857,0.2050179094076156
C1_0,ecapa,it0143,0.3985600769519806,0.3666074872016907
C1_0,ecapa,it0144,0.3875547051429748,0.5074086785316467
C1_0,ecapa,it0145,0.4892106652259826,0.6275731325149536
C1_0,ecapa,it0146,0.4637398719787597,0.5307313203811646
C1_0,ecapa,it0147,0.4802505075931549,0.5105060935020447
C1_0,ecapa,it0148,0.0707286149263382,0.2408107072114944
C1_0,ecapa,it0149,0.4915783703327179,0.4645102024078369
C1_0,ecapa,it0150,0.4457189738750458,0.4613888561725616
C1_0,ecapa,it0151,0.578371524810791,0.5713083148002625
C1_0,ecapa,it0152,0.6664416790008545,0.5701282024383545
C1_0,ecapa,it0153,0.2825027108192444,0.3716804385185241
C1_0,ecapa,it0154,0.2309076189994812,0.3181288540363312
C1_0,ecapa,it0155,0.208344966173172,0.2192278802394867
C1_0,ecapa,it0156,0.1849876046180725,0.2977991104125976
C1_0,ecapa,it0157,0.5205301642417908,0.5689528584480286
C1_0,ecapa,it0158,0.3463767170906067,0.4288021624088287
C1_0,ecapa,it0159,0.1947377622127533,0.5413089990615845
C1_0,ecapa,it0160,0.4940272569656372,0.4892134070396423
C1_0,ecapa,it0161,0.2999359667301178,0.3528336584568023
C1_0,ecapa,it0162,0.0581356845796108,0.1428086906671524
C1_0,ecapa,it0163,0.4306803941726684,0.4766032099723816
C1_0,ecapa,it0164,0.5135146975517273,0.5397937297821045
C1_0,ecapa,it0165,0.2842826843261719,0.3247110545635223
C1_0,ecapa,it0166,0.4953763484954834,0.6460394859313965
C1_0,ecapa,it0167,0.484367161989212,0.4625170826911926
C1_0,ecapa,it0168,0.2263655662536621,0.382504791021347
C1_0,ecapa,it0169,0.4328243732452392,0.4079156219959259
C1_0,ecapa,it0170,0.4271948933601379,0.4762807190418243
C1_0,ecapa,it0171,0.6701446175575256,0.6415017247200012
C1_0,ecapa,it0172,0.1223924607038497,0.3721074759960174
C1_0,ecapa,it0173,0.652116060256958,0.6684244275093079
C1_0,ecapa,it0174,0.4600782692432403,0.4351361393928528
C1_0,ecapa,it0175,0.1524734944105148,0.1824398934841156
C1_0,ecapa,it0176,0.2650423943996429,0.2552778124809265
C1_0,ecapa,it0177,0.2920648157596588,0.3933940529823303
C1_0,ecapa,it0178,0.2455809712409973,0.3094968199729919
C1_0,ecapa,it0179,0.6024050712585449,0.5980345606803894
C1_0,ecapa,it0180,0.4199229478836059,0.3989196717739105
C1_0,ecapa,it0181,0.5529794692993164,0.5344570875167847
C1_0,ecapa,it0182,0.5754629969596863,0.6025049090385437
C1_0,ecapa,it0183,0.533031702041626,0.5409325957298279
C1_0,ecapa,it0184,0.2306342720985412,0.3421047925949096
C1_0,ecapa,it0185,0.417519599199295,0.4617427587509155
C1_0,ecapa,it0186,0.6102086305618286,0.5692609548568726
C1_0,ecapa,it0187,0.4571330547332763,0.4968316555023193
C1_0,ecapa,it0188,0.5214655995368958,0.5883675813674927
C1_0,ecapa,it0189,0.4149497151374817,0.3638904094696045
C1_0,ecapa,it0190,0.5358878970146179,0.5365297198295593
C1_0,ecapa,it0191,0.4467862248420715,0.5388730764389038
C1_0,ecapa,it0192,0.5390246510505676,0.4991954565048218
C1_0,ecapa,it0193,0.3905295133590698,0.441073477268219
C1_0,ecapa,it0194,0.5845239162445068,0.5674134492874146
C1_0,ecapa,it0195,0.6161681413650513,0.6083686351776123
C1_0,ecapa,it0196,0.4248072504997253,0.4803830087184906
C1_0,ecapa,it0197,0.4010062217712402,0.2667485475540161
C1_0,ecapa,it0198,0.1825683563947677,0.3550626635551452
C1_0,ecapa,it0199,0.4078973829746246,0.3896361291408539
C1_0,ge2e,it0000,0.8132695555686951,0.8522545695304871
C1_0,ge2e,it0001,0.8370559811592102,0.8543241620063782
C1_0,ge2e,it0002,0.6957854628562927,0.7286053895950317
C1_0,ge2e,it0003,0.7385746836662292,0.7221919298171997
C1_0,ge2e,it0004,0.8123700618743896,0.8006239533424377
C1_0,ge2e,it0005,0.8619242906570435,0.8422563672065735
C1_0,ge2e,it0006,0.7566616535186768,0.7858927845954895
C1_0,ge2e,it0007,0.7486671209335327,0.7941132187843323
C1_0,ge2e,it0008,0.849190890789032,0.8174938559532166
C1_0,ge2e,it0009,0.8832040429115295,0.9046578407287598
C1_0,ge2e,it0010,0.8169754147529602,0.8420091867446899
C1_0,ge2e,it0011,0.8365350365638733,0.8612983822822571
C1_0,ge2e,it0012,0.7630553841590881,0.7597473859786987
C1_0,ge2e,it0013,0.806618332862854,0.8285409212112427
C1_0,ge2e,it0014,0.7863433361053467,0.8123940229415894
C1_0,ge2e,it0015,0.7888214588165283,0.8180411458015442
C1_0,ge2e,it0016,0.8753303289413452,0.8724350929260254
C1_0,ge2e,it0017,0.8278594613075256,0.817556619644165
C1_0,ge2e,it0018,0.8111839294433594,0.833377480506897
C1_0,ge2e,it0019,0.819107174873352,0.8460466265678406
C1_0,ge2e,it0020,0.7142965793609619,0.7373649477958679
C1_0,ge2e,it0021,0.7924658060073853,0.7919835448265076
C1_0,ge2e,it0022,0.7882185578346252,0.8054059743881226
C1_0,ge2e,it0023,0.816646933555603,0.8474855422973633
C1_0,ge2e,it0024,0.8610463738441467,0.8722238540649414
C1_0,ge2e,it0025,0.8761791586875916,0.8902126550674438
C1_0,ge2e,it0026,0.7469282150268555,0.7485836148262024
C1_0,ge2e,it0027,0.836309552192688,0.8194568753242493
C1_0,ge2e,it0028,0.8376390933990479,0.8643398284912109
C1_0,ge2e,it0029,0.8068877458572388,0.8199970722198486
C1_0,ge2e,it0030,0.8602252006530762,0.8623232841491699
C1_0,ge2e,it0031,0.7462683916091919,0.740717351436615
C1_0,ge2e,it0032,0.8089935779571533,0.7972826957702637
C1_0,ge2e,it0033,0.8208418488502502,0.7744696140289307
C1_0,ge2e,it0034,0.8786554336547852,0.8643055558204651
C1_0,ge2e,it0035,0.7097727060317993,0.7463775873184204
C1_0,ge2e,it0036,0.8335938453674316,0.8606756925582886
C1_0,ge2e,it0037,0.8906632661819458,0.865382969379425
C1_0,ge2e,it0038,0.8254753947257996,0.8348047733306885
C1_0,ge2e,it0039,0.7832621932029724,0.7841815948486328
C1_0,ge2e,it0040,0.7867811322212219,0.8213726282119751
C1_0,ge2e,it0041,0.7979581356048584,0.8637501001358032
C1_0,ge2e,it0042,0.8392672538757324,0.8378408551216125
C1_0,ge2e,it0043,0.7400991916656494,0.779488742351532
C1_0,ge2e,it0044,0.7379838228225708,0.7478953003883362
C1_0,ge2e,it0045,0.8210070133209229,0.8636452555656433
C1_0,ge2e,it0046,0.756526529788971,0.7983496189117432
C1_0,ge2e,it0047,0.7781417369842529,0.8054524064064026
C1_0,ge2e,it0048,0.8580285310745239,0.85417240858078
C1_0,ge2e,it0049,0.8701892495155334,0.8423186540603638
C1_0,ge2e,it0050,0.7662652134895325,0.7093725800514221
C1_0,ge2e,it0051,0.827155590057373,0.8277273774147034
C1_0,ge2e,it0052,0.7959011793136597,0.8166664838790894
C1_0,ge2e,it0053,0.6975526809692383,0.8031003475189209
C1_0,ge2e,it0054,0.7758170366287231,0.8112360239028931
C1_0,ge2e,it0055,0.8494873642921448,0.8655795454978943
C1_0,ge2e,it0056,0.8861789703369141,0.8921669125556946
C1_0,ge2e,it0057,0.7972557544708252,0.8626694679260254
C1_0,ge2e,it0058,0.7623810768127441,0.8061134219169617
C1_0,ge2e,it0059,0.7957952618598938,0.865135133266449
C1_0,ge2e,it0060,0.8526998162269592,0.8351983428001404
C1_0,ge2e,it0061,0.8675199747085571,0.8490227460861206
C1_0,ge2e,it0062,0.8497368097305298,0.8848567605018616
C1_0,ge2e,it0063,0.6812853813171387,0.7803540825843811
C1_0,ge2e,it0064,0.8405399918556213,0.80442875623703
C1_0,ge2e,it0065,0.8296602368354797,0.8554879426956177
C1_0,ge2e,it0066,0.7551405429840088,0.8196374773979187
C1_0,ge2e,it0067,0.8281106948852539,0.851883053779602
C1_0,ge2e,it0068,0.8803259134292603,0.8644664883613586
C1_0,ge2e,it0069,0.7739802598953247,0.7891091108322144
C1_0,ge2e,it0070,0.7569037675857544,0.7533036470413208
C1_0,ge2e,it0071,0.7698960900306702,0.8442484140396118
C1_0,ge2e,it0072,0.8417333364486694,0.8576111793518066
C1_0,ge2e,it0073,0.7953960299491882,0.7817778587341309
C1_0,ge2e,it0074,0.7846959829330444,0.8087369799613953
C1_0,ge2e,it0075,0.8438531756401062,0.8463897109031677
C1_0,ge2e,it0076,0.8506313562393188,0.8416348695755005
C1_0,ge2e,it0077,0.7699179649353027,0.8407047986984253
C1_0,ge2e,it0078,0.7597818374633789,0.7387011647224426
C1_0,ge2e,it0079,0.7982601523399353,0.8552574515342712
C1_0,ge2e,it0080,0.744296133518219,0.754672646522522
C1_0,ge2e,it0081,0.8541510105133057,0.8565059900283813
C1_0,ge2e,it0082,0.8409650325775146,0.842414915561676
C1_0,ge2e,it0083,0.8331068754196167,0.8583487272262573
C1_0,ge2e,it0084,0.8880537152290344,0.9112116098403932
C1_0,ge2e,it0085,0.8040446639060974,0.8442439436912537
C1_0,ge2e,it0086,0.8460671901702881,0.9070573449134828
C1_0,ge2e,it0087,0.8498489856719971,0.8202166557312012
C1_0,ge2e,it0088,0.8281815052032471,0.8314035534858704
C1_0,ge2e,it0089,0.798755943775177,0.8128154277801514
C1_0,ge2e,it0090,0.889595627784729,0.8823637366294861
C1_0,ge2e,it0091,0.7941842079162598,0.8303325772285461
C1_0,ge2e,it0092,0.7715961933135986,0.8053485155105591
C1_0,ge2e,it0093,0.8375545144081116,0.7914254069328308
C1_0,ge2e,it0094,0.8178642392158508,0.8180416226387024
C1_0,ge2e,it0095,0.8420392870903015,0.8831023573875427
C1_0,ge2e,it0096,0.8769622445106506,0.8205677270889282
C1_0,ge2e,it0097,0.8532164692878723,0.8749958276748657
C1_0,ge2e,it0098,0.8620331287384033,0.8713153600692749
C1_0,ge2e,it0099,0.7101438045501709,0.7438673973083496
C1_0,ge2e,it0100,0.8425498008728027,0.867415189743042
C1_0,ge2e,it0101,0.7482923269271851,0.748103678226471
C1_0,ge2e,it0102,0.843046247959137,0.8789277672767639
C1_0,ge2e,it0103,0.6913806200027466,0.757278323173523
C1_0,ge2e,it0104,0.8186383247375488,0.8550556898117065
C1_0,ge2e,it0105,0.8300082683563232,0.8722083568572998
C1_0,ge2e,it0106,0.7984479665756226,0.8503679633140564
C1_0,ge2e,it0107,0.7948288917541504,0.7641391158103943
C1_0,ge2e,it0108,0.7793577909469604,0.8693827390670776
C1_0,ge2e,it0109,0.7796381711959839,0.7972564697265625
C1_0,ge2e,it0110,0.7545283436775208,0.7850050926208496
C1_0,ge2e,it0111,0.8476523756980896,0.8706479668617249
C1_0,ge2e,it0112,0.9050908088684082,0.9128069281578064
C1_0,ge2e,it0113,0.8648236393928528,0.8563417196273804
C1_0,ge2e,it0114,0.8122639060020447,0.7997365593910217
C1_0,ge2e,it0115,0.8117901086807251,0.8846817016601562
C1_0,ge2e,it0116,0.8348565101623535,0.8610074520111084
C1_0,ge2e,it0117,0.8602747917175293,0.8626601099967957
C1_0,ge2e,it0118,0.7376816868782043,0.7660589814186096
C1_0,ge2e,it0119,0.7939977049827576,0.8357654809951782
C1_0,ge2e,it0120,0.7869182229042053,0.7743738889694214
C1_0,ge2e,it0121,0.8185413479804993,0.8311986923217773
C1_0,ge2e,it0122,0.7684372663497925,0.8514919877052307
C1_0,ge2e,it0123,0.7374076247215271,0.7572908401489258
C1_0,ge2e,it0124,0.8457514047622681,0.8737067580223083
C1_0,ge2e,it0125,0.8675113320350647,0.9011558890342712
C1_0,ge2e,it0126,0.8881694078445435,0.8627929091453552
C1_0,ge2e,it0127,0.807189404964447,0.8316672444343567
C1_0,ge2e,it0128,0.8057470321655273,0.8198878765106201
C1_0,ge2e,it0129,0.7385604977607727,0.7868056297302246
C1_0,ge2e,it0130,0.8323383331298828,0.8442638516426086
C1_0,ge2e,it0131,0.8322632312774658,0.866510808467865
C1_0,ge2e,it0132,0.8512399792671204,0.8493759632110596
C1_0,ge2e,it0133,0.8413029909133911,0.8550357818603516
C1_0,ge2e,it0134,0.7915831804275513,0.8233384490013123
C1_0,ge2e,it0135,0.8047035932540894,0.7942313551902771
C1_0,ge2e,it0136,0.866362452507019,0.8269476294517517
C1_0,ge2e,it0137,0.8224342465400696,0.8796270489692688
C1_0,ge2e,it0138,0.7638881802558899,0.8507890701293945
C1_0,ge2e,it0139,0.861823558807373,0.8684205412864685
C1_0,ge2e,it0140,0.8235114812850952,0.8320499658584595
C1_0,ge2e,it0141,0.7881202697753906,0.8750307559967041
C1_0,ge2e,it0142,0.816846489906311,0.8424251079559326
C1_0,ge2e,it0143,0.8862720131874084,0.8513486981391907
C1_0,ge2e,it0144,0.7186226844787598,0.8446232080459595
C1_0,ge2e,it0145,0.8445462584495544,0.8637747764587402
C1_0,ge2e,it0146,0.799279510974884,0.7938724160194397
C1_0,ge2e,it0147,0.8673104047775269,0.8961836099624634
C1_0,ge2e,it0148,0.7385472059249878,0.7988000512123108
C1_0,ge2e,it0149,0.822833240032196,0.7633949518203735
C1_0,ge2e,it0150,0.7709778547286987,0.7767870426177979
C1_0,ge2e,it0151,0.8456865549087524,0.8410366177558899
C1_0,ge2e,it0152,0.8719040155410767,0.8609585762023926
C1_0,ge2e,it0153,0.8426884412765503,0.8578277230262756
C1_0,ge2e,it0154,0.767830491065979,0.8468074798583984
C1_0,ge2e,it0155,0.7721462249755859,0.7791155576705933
C1_0,ge2e,it0156,0.6900374889373779,0.7293001413345337
C1_0,ge2e,it0157,0.8674100041389465,0.8944709300994873
C1_0,ge2e,it0158,0.792715847492218,0.8464042544364929
C1_0,ge2e,it0159,0.7976959347724915,0.8362082839012146
C1_0,ge2e,it0160,0.8375428318977356,0.8275635242462158
C1_0,ge2e,it0161,0.8397293090820312,0.8283439874649048
C1_0,ge2e,it0162,0.7701557278633118,0.7926291823387146
C1_0,ge2e,it0163,0.7134624719619751,0.8102310299873352
C1_0,ge2e,it0164,0.8449975848197937,0.8218586444854736
C1_0,ge2e,it0165,0.7132878303527832,0.7856830358505249
C1_0,ge2e,it0166,0.8323098421096802,0.8549003601074219
C1_0,ge2e,it0167,0.8470474481582642,0.879439115524292
C1_0,ge2e,it0168,0.7420084476470947,0.7811040282249451
C1_0,ge2e,it0169,0.802099347114563,0.8146045207977295
C1_0,ge2e,it0170,0.902554452419281,0.86592698097229
C1_0,ge2e,it0171,0.8389428853988647,0.8021893501281738
C1_0,ge2e,it0172,0.7574498653411865,0.7976467609405518
C1_0,ge2e,it0173,0.87734055519104,0.8370107412338257
C1_0,ge2e,it0174,0.8038044571876526,0.7725312113761902
C1_0,ge2e,it0175,0.592557430267334,0.667631208896637
C1_0,ge2e,it0176,0.789455771446228,0.8192408084869385
C1_0,ge2e,it0177,0.8091647624969482,0.8499282598495483
C1_0,ge2e,it0178,0.7592942714691162,0.8013392090797424
C1_0,ge2e,it0179,0.8809894919395447,0.8590782880783081
C1_0,ge2e,it0180,0.8703505992889404,0.8215966820716858
C1_0,ge2e,it0181,0.8401082158088684,0.8654617667198181
C1_0,ge2e,it0182,0.8736678957939148,0.9023674726486206
C1_0,ge2e,it0183,0.8465654850006104,0.8342682123184204
C1_0,ge2e,it0184,0.81296306848526,0.7603331804275513
C1_0,ge2e,it0185,0.7845979332923889,0.8496944904327393
C1_0,ge2e,it0186,0.8050558567047119,0.8246358633041382
C1_0,ge2e,it0187,0.8380856513977051,0.792101263999939
C1_0,ge2e,it0188,0.8710440397262573,0.8546873927116394
C1_0,ge2e,it0189,0.7631793022155762,0.7596815228462219
C1_0,ge2e,it0190,0.8757970333099365,0.8675291538238525
C1_0,ge2e,it0191,0.7960637807846069,0.8641175031661987
C1_0,ge2e,it0192,0.8296297192573547,0.8263728618621826
C1_0,ge2e,it0193,0.824582040309906,0.8344035148620605
C1_0,ge2e,it0194,0.8455014228820801,0.8418089151382446
C1_0,ge2e,it0195,0.8562499284744263,0.831549346446991
C1_0,ge2e,it0196,0.7885534167289734,0.809183657169342
C1_0,ge2e,it0197,0.7970994710922241,0.8036553859710693
C1_0,ge2e,it0198,0.8130649924278259,0.8227190375328064
C1_0,ge2e,it0199,0.8203996419906616,0.8256071209907532
C1_0,xvect,it0000,0.9635252952575684,0.9582764506340028
C1_0,xvect,it0001,0.9492676258087158,0.9630531072616576
C1_0,xvect,it0002,0.9452954530715942,0.9521969556808472
C1_0,xvect,it0003,0.9466331601142884,0.94662207365036
C1_0,xvect,it0004,0.9461423754692078,0.9507139921188354
C1_0,xvect,it0005,0.9327321648597716,0.9569289088249208
C1_0,xvect,it0006,0.936363935470581,0.9490839838981628
C1_0,xvect,it0007,0.9479467272758484,0.9535667300224304
C1_0,xvect,it0008,0.926177144050598,0.940505027770996
C1_0,xvect,it0009,0.9577628374099731,0.9658896923065186
C1_0,xvect,it0010,0.9686347246170044,0.969596803188324
C1_0,xvect,it0011,0.9503105282783508,0.9662887454032898
C1_0,xvect,it0012,0.9317240715026855,0.9437167048454284
C1_0,xvect,it0013,0.959490954875946,0.964894711971283
C1_0,xvect,it0014,0.9563794136047364,0.8938854932785034
C1_0,xvect,it0015,0.9129987955093384,0.9407288432121276
C1_0,xvect,it0016,0.9469485878944396,0.9564111232757568
C1_0,xvect,it0017,0.9315141439437866,0.9409462809562684
C1_0,xvect,it0018,0.9197630286216736,0.9405102133750916
C1_0,xvect,it0019,0.918628990650177,0.9437960386276244
C1_0,xvect,it0020,0.9531409740447998,0.9494708776474
C1_0,xvect,it0021,0.9425215125083924,0.9515484571456908
C1_0,xvect,it0022,0.9079279899597168,0.9306671023368835
C1_0,xvect,it0023,0.9176587462425232,0.9124469757080078
C1_0,xvect,it0024,0.9432182908058168,0.9694243669509888
C1_0,xvect,it0025,0.947043478488922,0.955856442451477
C1_0,xvect,it0026,0.9208092093467712,0.9383278489112854
C1_0,xvect,it0027,0.964119553565979,0.957777738571167
C1_0,xvect,it0028,0.9485462307929992,0.9626840949058532
C1_0,xvect,it0029,0.94358891248703,0.9591424465179444
C1_0,xvect,it0030,0.9622369408607484,0.9715701937675476
C1_0,xvect,it0031,0.9426317811012268,0.9509953260421752
C1_0,xvect,it0032,0.942017674446106,0.936372935771942
C1_0,xvect,it0033,0.9296377301216124,0.9450631141662598
C1_0,xvect,it0034,0.9479881525039672,0.957453429698944
C1_0,xvect,it0035,0.939144492149353,0.9514662027359008
C1_0,xvect,it0036,0.9376351237297058,0.955344259738922
C1_0,xvect,it0037,0.9643652439117432,0.9575620293617249
C1_0,xvect,it0038,0.9406479001045228,0.935815930366516
C1_0,xvect,it0039,0.9550012350082396,0.9474738240242004
C1_0,xvect,it0040,0.9367129802703856,0.942754328250885
C1_0,xvect,it0041,0.9437033534049988,0.9526970982551576
C1_0,xvect,it0042,0.9408261179924012,0.9500670433044434
C1_0,xvect,it0043,0.9463175535202026,0.9627139568328856
C1_0,xvect,it0044,0.9540223479270936,0.9675647020339966
C1_0,xvect,it0045,0.9478347301483154,0.9460468292236328
C1_0,xvect,it0046,0.9463288187980652,0.9560039043426514
C1_0,xvect,it0047,0.9618481993675232,0.9670170545578004
C1_0,xvect,it0048,0.9413387775421144,0.9522955417633056
C1_0,xvect,it0049,0.9347898960113524,0.940659999847412
C1_0,xvect,it0050,0.9220625758171082,0.9239753484725952
C1_0,xvect,it0051,0.9531317353248596,0.9546971321105956
C1_0,xvect,it0052,0.9453216195106506,0.95330810546875
C1_0,xvect,it0053,0.9364064931869508,0.9566211700439452
C1_0,xvect,it0054,0.9420127868652344,0.9615675806999208
C1_0,xvect,it0055,0.9399752616882324,0.949004292488098
C1_0,xvect,it0056,0.9576416015625,0.9658331871032716
C1_0,xvect,it0057,0.9375371932983398,0.9515565037727356
C1_0,xvect,it0058,0.9217751026153564,0.953612208366394
C1_0,xvect,it0059,0.9608241319656372,0.9703059792518616
C1_0,xvect,it0060,0.9411486983299256,0.9415213465690612
C1_0,xvect,it0061,0.952785313129425,0.9576802253723145
C1_0,xvect,it0062,0.9570595026016236,0.9532925486564636
C1_0,xvect,it0063,0.9238486289978028,0.9518355131149292
C1_0,xvect,it0064,0.9307637810707092,0.9340730905532836
C1_0,xvect,it0065,0.9290510416030884,0.945989191532135
C1_0,xvect,it0066,0.9516994953155518,0.9625450372695924
C1_0,xvect,it0067,0.9426325559616088,0.9509994983673096
C1_0,xvect,it0068,0.971005082130432,0.9732630252838136
C1_0,xvect,it0069,0.9561206698417664,0.9581130743026732
C1_0,xvect,it0070,0.9299050569534302,0.9366693496704102
C1_0,xvect,it0071,0.9487788677215576,0.9575985670089722
C1_0,xvect,it0072,0.9639028310775756,0.9618594646453856
C1_0,xvect,it0073,0.9317257404327391,0.9470358490943908
C1_0,xvect,it0074,0.9457517862319946,0.9502310156822203
C1_0,xvect,it0075,0.9538823962211608,0.9495885372161864
C1_0,xvect,it0076,0.9368867874145508,0.9487270712852478
C1_0,xvect,it0077,0.9315301179885864,0.9488611817359924
C1_0,xvect,it0078,0.949959933757782,0.9494173526763916
C1_0,xvect,it0079,0.9687457084655762,0.9706190824508668
C1_0,xvect,it0080,0.9228395819664,0.9474692940711976
C1_0,xvect,it0081,0.950506627559662,0.960501194000244
C1_0,xvect,it0082,0.9508090019226074,0.9446007609367372
C1_0,xvect,it0083,0.95844566822052,0.9609804749488832
C1_0,xvect,it0084,0.9711292386054992,0.9745723605155944
C1_0,xvect,it0085,0.9511640071868896,0.9661415219306946
C1_0,xvect,it0086,0.9677619934082032,0.968547821044922
C1_0,xvect,it0087,0.9624745845794678,0.9650317430496216
C1_0,xvect,it0088,0.9580937027931212,0.957549512386322
C1_0,xvect,it0089,0.954222559928894,0.9595992565155028
C1_0,xvect,it0090,0.9662198424339294,0.9671381115913392
C1_0,xvect,it0091,0.9323557019233704,0.940686285495758
C1_0,xvect,it0092,0.9501420855522156,0.9220085144042968
C1_0,xvect,it0093,0.9460384845733644,0.9621322751045228
C1_0,xvect,it0094,0.9515808820724488,0.9148523211479188
C1_0,xvect,it0095,0.9351827502250672,0.9488032460212708
C1_0,xvect,it0096,0.942728579044342,0.9539005756378174
C1_0,xvect,it0097,0.962396502494812,0.9704362154006958
C1_0,xvect,it0098,0.9667603373527528,0.95844304561615
C1_0,xvect,it0099,0.9390881657600404,0.956300973892212
C1_0,xvect,it0100,0.969887375831604,0.9649608135223388
C1_0,xvect,it0101,0.9481933116912842,0.954758882522583
C1_0,xvect,it0102,0.9426153302192688,0.9550816416740416
C1_0,xvect,it0103,0.9445072412490844,0.9569118618965148
C1_0,xvect,it0104,0.9025306701660156,0.9331676363945008
C1_0,xvect,it0105,0.9494673013687134,0.9517583250999452
C1_0,xvect,it0106,0.936476469039917,0.9368568062782288
C1_0,xvect,it0107,0.94895339012146,0.9518465995788574
C1_0,xvect,it0108,0.9542962908744812,0.9637987017631532
C1_0,xvect,it0109,0.9547490477561952,0.9604461193084716
C1_0,xvect,it0110,0.9288318157196044,0.9408673644065856
C1_0,xvect,it0111,0.9609907865524292,0.9703090190887452
C1_0,xvect,it0112,0.9591135382652284,0.9619712233543396
C1_0,xvect,it0113,0.9416536688804626,0.9331747889518738
C1_0,xvect,it0114,0.950484037399292,0.9627854824066162
C1_0,xvect,it0115,0.94315105676651,0.9420302510261536
C1_0,xvect,it0116,0.9500409364700316,0.9513489007949828
C1_0,xvect,it0117,0.948974072933197,0.9756102561950684
C1_0,xvect,it0118,0.9548217058181764,0.9573588967323304
C1_0,xvect,it0119,0.9664095640182496,0.9631356000900269
C1_0,xvect,it0120,0.9525217413902284,0.9563847184181212
C1_0,xvect,it0121,0.9502463936805724,0.9585028886795044
C1_0,xvect,it0122,0.9620505571365356,0.9655353426933287
C1_0,xvect,it0123,0.9470710158348083,0.9265189170837402
C1_0,xvect,it0124,0.9314637780189514,0.9481385946273804
C1_0,xvect,it0125,0.9587762355804444,0.9625825881958008
C1_0,xvect,it0126,0.9575772285461426,0.9552294611930848
C1_0,xvect,it0127,0.9589841365814208,0.9665433764457704
C1_0,xvect,it0128,0.964276134967804,0.969304382801056
C1_0,xvect,it0129,0.9295978546142578,0.9499099254608154
C1_0,xvect,it0130,0.9418051242828368,0.9496351480484008
C1_0,xvect,it0131,0.9362918138504028,0.9625608325004578
C1_0,xvect,it0132,0.9478538036346436,0.957747519016266
C1_0,xvect,it0133,0.9640653133392334,0.965490698814392
C1_0,xvect,it0134,0.9625680446624756,0.9644543528556824
C1_0,xvect,it0135,0.9479870796203612,0.952713668346405
C1_0,xvect,it0136,0.956398069858551,0.9635149836540222
C1_0,xvect,it0137,0.9561929702758788,0.9616490006446838
C1_0,xvect,it0138,0.942194163799286,0.9583456516265868
C1_0,xvect,it0139,0.9700455069541932,0.9687840342521667
C1_0,xvect,it0140,0.9484660029411316,0.962843418121338
C1_0,xvect,it0141,0.9469303488731384,0.967728316783905
C1_0,xvect,it0142,0.9419428706169128,0.9502627849578856
C1_0,xvect,it0143,0.9585416316986084,0.9663874506950378
C1_0,xvect,it0144,0.9504407644271852,0.9620113372802734
C1_0,xvect,it0145,0.940585434436798,0.957209050655365
C1_0,xvect,it0146,0.9466116428375244,0.9492664337158204
C1_0,xvect,it0147,0.9559876918792723,0.9602483510971068
C1_0,xvect,it0148,0.9481155872344972,0.9581724405288696
C1_0,xvect,it0149,0.9541090726852416,0.9599944353103638
C1_0,xvect,it0150,0.9309361577033995,0.9299029111862184
C1_0,xvect,it0151,0.9605867266654968,0.963272213935852
C1_0,xvect,it0152,0.9696276187896729,0.964041233062744
C1_0,xvect,it0153,0.9244778156280518,0.9401304721832277
C1_0,xvect,it0154,0.9292137622833252,0.9319201707839966
C1_0,xvect,it0155,0.957069218158722,0.9622897505760192
C1_0,xvect,it0156,0.9492086172103882,0.9532342553138732
C1_0,xvect,it0157,0.9594939351081848,0.968475878238678
C1_0,xvect,it0158,0.959068238735199,0.969184935092926
C1_0,xvect,it0159,0.9376606941223145,0.9360275864601136
C1_0,xvect,it0160,0.9601877927780152,0.96556556224823
C1_0,xvect,it0161,0.95836341381073,0.9620172381401062
C1_0,xvect,it0162,0.9484053254127502,0.9576075673103333
C1_0,xvect,it0163,0.969436526298523,0.9737969040870668
C1_0,xvect,it0164,0.958381175994873,0.9572262167930604
C1_0,xvect,it0165,0.9379101991653442,0.9515302181243896
C1_0,xvect,it0166,0.9378861784934998,0.9498986601829528
C1_0,xvect,it0167,0.9439296722412108,0.9498337507247924
C1_0,xvect,it0168,0.9254134893417358,0.9363235235214232
C1_0,xvect,it0169,0.9682151079177856,0.9720049500465392
C1_0,xvect,it0170,0.9471452236175536,0.9471368193626404
C1_0,xvect,it0171,0.9579824209213256,0.950998306274414
C1_0,xvect,it0172,0.9297470450401306,0.939915418624878
C1_0,xvect,it0173,0.9627434015274048,0.9639357328414916
C1_0,xvect,it0174,0.9635212421417236,0.9625501036643982
C1_0,xvect,it0175,0.9375102519989014,0.9528830647468568
C1_0,xvect,it0176,0.9452560544013976,0.9438000917434692
C1_0,xvect,it0177,0.9133927822113036,0.94326251745224
C1_0,xvect,it0178,0.9311877489089966,0.9518828988075256
C1_0,xvect,it0179,0.9575883746147156,0.9606106281280518
C1_0,xvect,it0180,0.950732171535492,0.947532832622528
C1_0,xvect,it0181,0.9719282388687134,0.9691265821456908
C1_0,xvect,it0182,0.9511916637420654,0.9582958221435548
C1_0,xvect,it0183,0.9598076343536376,0.9622964859008788
C1_0,xvect,it0184,0.9379656314849854,0.9460302591323853
C1_0,xvect,it0185,0.93808251619339,0.951662302017212
C1_0,xvect,it0186,0.9183567762374878,0.9315358400344848
C1_0,xvect,it0187,0.954312801361084,0.9576273560523988
C1_0,xvect,it0188,0.9515743255615234,0.9515420198440552
C1_0,xvect,it0189,0.9571449160575868,0.9611886739730836
C1_0,xvect,it0190,0.9537073373794556,0.959565281867981
C1_0,xvect,it0191,0.96445894241333,0.9666756987571716
C1_0,xvect,it0192,0.9269737005233764,0.9478668570518494
C1_0,xvect,it0193,0.9235291481018066,0.9671691060066224
C1_0,xvect,it0194,0.959553599357605,0.9682246446609496
C1_0,xvect,it0195,0.961981475353241,0.9609448313713074
C1_0,xvect,it0196,0.9523348808288574,0.948144257068634
C1_0,xvect,it0197,0.9408808946609496,0.9444751739501952
C1_0,xvect,it0198,0.9349369406700134,0.9509080052375792
C1_0,xvect,it0199,0.9618221521377563,0.9629546403884888
C1_0,wavlm_base_plus,it0000,0.8958390355110168,0.9155466556549072
C1_0,wavlm_base_plus,it0001,0.8598617911338806,0.8253948092460632
C1_0,wavlm_base_plus,it0002,0.8974640965461731,0.9119583368301392
C1_0,wavlm_base_plus,it0003,0.8916131854057312,0.8952275514602661
C1_0,wavlm_base_plus,it0004,0.9528574347496032,0.9697115421295166
C1_0,wavlm_base_plus,it0005,0.9314815998077391,0.9652305841445924
C1_0,wavlm_base_plus,it0006,0.8654554486274719,0.8812934160232544
C1_0,wavlm_base_plus,it0007,0.9204680919647216,0.93729829788208
C1_0,wavlm_base_plus,it0008,0.941713809967041,0.9087930917739868
C1_0,wavlm_base_plus,it0009,0.9667912721633912,0.9814260005950928
C1_0,wavlm_base_plus,it0010,0.8405013680458069,0.8675156831741333
C1_0,wavlm_base_plus,it0011,0.946619153022766,0.9638530611991882
C1_0,wavlm_base_plus,it0012,0.8984036445617676,0.911967933177948
C1_0,wavlm_base_plus,it0013,0.9785602688789368,0.9389210939407348
C1_0,wavlm_base_plus,it0014,0.9072332978248596,0.8687586784362793
C1_0,wavlm_base_plus,it0015,0.9153853058815002,0.9308523535728456
C1_0,wavlm_base_plus,it0016,0.9444477558135986,0.9440661668777466
C1_0,wavlm_base_plus,it0017,0.9271727800369264,0.9046565294265748
C1_0,wavlm_base_plus,it0018,0.9107053875923156,0.9199910759925842
C1_0,wavlm_base_plus,it0019,0.9734306931495668,0.97422856092453
C1_0,wavlm_base_plus,it0020,0.8809970021247864,0.934568464756012
C1_0,wavlm_base_plus,it0021,0.9138019680976868,0.9165568947792052
C1_0,wavlm_base_plus,it0022,0.9291524291038512,0.9377784729003906
C1_0,wavlm_base_plus,it0023,0.9740046858787536,0.9041290283203124
C1_0,wavlm_base_plus,it0024,0.9533687829971312,0.9625777006149292
C1_0,wavlm_base_plus,it0025,0.9633398056030272,0.9441919326782228
C1_0,wavlm_base_plus,it0026,0.8060048818588257,0.8805434703826904
C1_0,wavlm_base_plus,it0027,0.926971197128296,0.9173271656036376
C1_0,wavlm_base_plus,it0028,0.9200486540794371,0.9238646626472472
C1_0,wavlm_base_plus,it0029,0.8958569169044495,0.8845100402832031
C1_0,wavlm_base_plus,it0030,0.9194319248199464,0.9453628659248352
C1_0,wavlm_base_plus,it0031,0.9332443475723268,0.9338549971580504
C1_0,wavlm_base_plus,it0032,0.9740152359008788,0.9420109987258912
C1_0,wavlm_base_plus,it0033,0.9610915780067444,0.9014421701431274
C1_0,wavlm_base_plus,it0034,0.9374719262123108,0.954028069972992
C1_0,wavlm_base_plus,it0035,0.7560840249061584,0.7856477499008179
C1_0,wavlm_base_plus,it0036,0.9458715319633484,0.9345536231994628
C1_0,wavlm_base_plus,it0037,0.9289369583129884,0.9701359868049622
C1_0,wavlm_base_plus,it0038,0.8825735449790955,0.8622180819511414
C1_0,wavlm_base_plus,it0039,0.9292284846305848,0.917941153049469
C1_0,wavlm_base_plus,it0040,0.6870314478874207,0.9377758502960204
C1_0,wavlm_base_plus,it0041,0.95599365234375,0.9530266523361206
C1_0,wavlm_base_plus,it0042,0.9272048473358154,0.9178895950317384
C1_0,wavlm_base_plus,it0043,0.8944900035858154,0.9350466132164
C1_0,wavlm_base_plus,it0044,0.9552165269851683,0.9210081100463868
C1_0,wavlm_base_plus,it0045,0.9221492409706116,0.9305082559585572
C1_0,wavlm_base_plus,it0046,0.7990695238113403,0.9183460474014282
C1_0,wavlm_base_plus,it0047,0.9017806649208068,0.8646961450576782
C1_0,wavlm_base_plus,it0048,0.9296317100524902,0.9437487125396729
C1_0,wavlm_base_plus,it0049,0.9276170134544371,0.9042745232582092
C1_0,wavlm_base_plus,it0050,0.6392158269882202,0.6458578705787659
C1_0,wavlm_base_plus,it0051,0.9367058873176576,0.9542527198791504
C1_0,wavlm_base_plus,it0052,0.94935405254364,0.9196705222129822
C1_0,wavlm_base_plus,it0053,0.8809212446212769,0.8097795844078064
C1_0,wavlm_base_plus,it0054,0.8481853008270264,0.8803552389144897
C1_0,wavlm_base_plus,it0055,0.9334357976913452,0.9218695163726808
C1_0,wavlm_base_plus,it0056,0.934708833694458,0.9552205801010132
C1_0,wavlm_base_plus,it0057,0.9234750270843506,0.9403877854347228
C1_0,wavlm_base_plus,it0058,0.8972504138946533,0.8979657292366028
C1_0,wavlm_base_plus,it0059,0.9300802946090698,0.9243191480636596
C1_0,wavlm_base_plus,it0060,0.6291763186454773,0.8307647109031677
C1_0,wavlm_base_plus,it0061,0.9410071969032288,0.8996210098266602
C1_0,wavlm_base_plus,it0062,0.9323942065238952,0.9689530730247498
C1_0,wavlm_base_plus,it0063,0.6421138644218445,0.7658641338348389
C1_0,wavlm_base_plus,it0064,0.9279576539993286,0.9102963805198668
C1_0,wavlm_base_plus,it0065,0.9600557088851928,0.9690356850624084
C1_0,wavlm_base_plus,it0066,0.8524298071861267,0.8624272346496582
C1_0,wavlm_base_plus,it0067,0.8522323966026306,0.9496235847473145
C1_0,wavlm_base_plus,it0068,0.9581193923950196,0.9310172200202942
C1_0,wavlm_base_plus,it0069,0.8367317318916321,0.9434186816215516
C1_0,wavlm_base_plus,it0070,0.892383337020874,0.931733250617981
C1_0,wavlm_base_plus,it0071,0.8403688073158264,0.8698176741600037
C1_0,wavlm_base_plus,it0072,0.9487144947052002,0.9357044100761414
C1_0,wavlm_base_plus,it0073,0.9023520946502686,0.8740133047103882
C1_0,wavlm_base_plus,it0074,0.6383264660835266,0.7306780815124512
C1_0,wavlm_base_plus,it0075,0.9512311220169068,0.959750235080719
C1_0,wavlm_base_plus,it0076,0.877877950668335,0.9418403506278992
C1_0,wavlm_base_plus,it0077,0.8641862869262695,0.8912907242774963
C1_0,wavlm_base_plus,it0078,0.8958816528320312,0.8242931365966797
C1_0,wavlm_base_plus,it0079,0.95563942193985,0.9598959684371948
C1_0,wavlm_base_plus,it0080,0.8754529356956482,0.8402053117752075
C1_0,wavlm_base_plus,it0081,0.910279095172882,0.8981406688690186
C1_0,wavlm_base_plus,it0082,0.9285146594047546,0.94007670879364
C1_0,wavlm_base_plus,it0083,0.9666062593460084,0.9573025107383728
C1_0,wavlm_base_plus,it0084,0.925451636314392,0.9508773684501648
C1_0,wavlm_base_plus,it0085,0.9256848096847534,0.925334334373474
C1_0,wavlm_base_plus,it0086,0.9686717987060548,0.9013830423355104
C1_0,wavlm_base_plus,it0087,0.9308617115020752,0.9141414165496826
C1_0,wavlm_base_plus,it0088,0.9161220788955688,0.9327723979949952
C1_0,wavlm_base_plus,it0089,0.8877424001693726,0.8925633430480957
C1_0,wavlm_base_plus,it0090,0.9239768385887146,0.9465880393981934
C1_0,wavlm_base_plus,it0091,0.8663558959960938,0.8959799408912659
C1_0,wavlm_base_plus,it0092,0.901784896850586,0.9126991033554076
C1_0,wavlm_base_plus,it0093,0.888379693031311,0.8024925589561462
C1_0,wavlm_base_plus,it0094,0.9509352445602416,0.9748793840408324
C1_0,wavlm_base_plus,it0095,0.86723792552948,0.9355154037475586
C1_0,wavlm_base_plus,it0096,0.9748028516769408,0.9466376900672911
C1_0,wavlm_base_plus,it0097,0.9484604001045228,0.9524763226509094
C1_0,wavlm_base_plus,it0098,0.9043992161750792,0.90414696931839
C1_0,wavlm_base_plus,it0099,0.662624716758728,0.7423810362815857
C1_0,wavlm_base_plus,it0100,0.9629128575325012,0.9648447632789612
C1_0,wavlm_base_plus,it0101,0.9156382083892822,0.9410060048103333
C1_0,wavlm_base_plus,it0102,0.9167869091033936,0.9204269647598268
C1_0,wavlm_base_plus,it0103,0.5669029951095581,0.8872073888778687
C1_0,wavlm_base_plus,it0104,0.9106203317642212,0.8784536719322205
C1_0,wavlm_base_plus,it0105,0.92476224899292,0.9171292781829834
C1_0,wavlm_base_plus,it0106,0.85439133644104,0.9398826360702516
C1_0,wavlm_base_plus,it0107,0.9070069193840028,0.9323089718818665
C1_0,wavlm_base_plus,it0108,0.9365172386169434,0.94585120677948
C1_0,wavlm_base_plus,it0109,0.906082570552826,0.9222909212112428
C1_0,wavlm_base_plus,it0110,0.6701934337615967,0.6430696249008179
C1_0,wavlm_base_plus,it0111,0.9363996982574464,0.9652491807937622
C1_0,wavlm_base_plus,it0112,0.9609187841415404,0.9325875639915466
C1_0,wavlm_base_plus,it0113,0.971703827381134,0.965776026248932
C1_0,wavlm_base_plus,it0114,0.9439524412155152,0.9414726495742798
C1_0,wavlm_base_plus,it0115,0.7070977687835693,0.8091824650764465
C1_0,wavlm_base_plus,it0116,0.942788064479828,0.931961476802826
C1_0,wavlm_base_plus,it0117,0.9548622369766236,0.9561424255371094
C1_0,wavlm_base_plus,it0118,0.7856224775314331,0.9329233169555664
C1_0,wavlm_base_plus,it0119,0.8980377912521362,0.8855823278427124
C1_0,wavlm_base_plus,it0120,0.9549752473831176,0.950510799884796
C1_0,wavlm_base_plus,it0121,0.9116836190223694,0.9421920776367188
C1_0,wavlm_base_plus,it0122,0.938101589679718,0.937818169593811
C1_0,wavlm_base_plus,it0123,0.8831186294555664,0.9855142831802368
C1_0,wavlm_base_plus,it0124,0.8485525846481323,0.9050523042678832
C1_0,wavlm_base_plus,it0125,0.9134975671768188,0.9472033977508544
C1_0,wavlm_base_plus,it0126,0.9241292476654052,0.94303297996521
C1_0,wavlm_base_plus,it0127,0.879072904586792,0.8785722255706787
C1_0,wavlm_base_plus,it0128,0.8512759208679199,0.8817768692970276
C1_0,wavlm_base_plus,it0129,0.8740094900131226,0.934770405292511
C1_0,wavlm_base_plus,it0130,0.8490881323814392,0.854098379611969
C1_0,wavlm_base_plus,it0131,0.9502158761024476,0.96266508102417
C1_0,wavlm_base_plus,it0132,0.7858102917671204,0.8909597992897034
C1_0,wavlm_base_plus,it0133,0.9542053937911988,0.95332670211792
C1_0,wavlm_base_plus,it0134,0.905082941055298,0.9488463401794434
C1_0,wavlm_base_plus,it0135,0.9549124240875244,0.9412933588027954
C1_0,wavlm_base_plus,it0136,0.9056226015090942,0.8961011171340942
C1_0,wavlm_base_plus,it0137,0.8919641971588135,0.8809446692466736
C1_0,wavlm_base_plus,it0138,0.9061867594718932,0.9377516508102416
C1_0,wavlm_base_plus,it0139,0.9212610125541688,0.954261600971222
C1_0,wavlm_base_plus,it0140,0.8565759658813477,0.9600346684455872
C1_0,wavlm_base_plus,it0141,0.9457188844680786,0.9481596946716307
C1_0,wavlm_base_plus,it0142,0.8218262195587158,0.8704164624214172
C1_0,wavlm_base_plus,it0143,0.883949339389801,0.9475206136703492
C1_0,wavlm_base_plus,it0144,0.8470757007598877,0.9470650553703308
C1_0,wavlm_base_plus,it0145,0.8631181120872498,0.9436870217323304
C1_0,wavlm_base_plus,it0146,0.9241559505462646,0.9514477252960204
C1_0,wavlm_base_plus,it0147,0.8846386671066284,0.8940387964248657
C1_0,wavlm_base_plus,it0148,0.7451409697532654,0.8610795140266418
C1_0,wavlm_base_plus,it0149,0.947536051273346,0.935149073600769
C1_0,wavlm_base_plus,it0150,0.8880176544189453,0.9377443790435792
C1_0,wavlm_base_plus,it0151,0.9015617370605468,0.9262619614601136
C1_0,wavlm_base_plus,it0152,0.9292975068092346,0.9407749772071838
C1_0,wavlm_base_plus,it0153,0.9139158725738524,0.9490759372711182
C1_0,wavlm_base_plus,it0154,0.5501776337623596,0.8529341220855713
C1_0,wavlm_base_plus,it0155,0.8226283192634583,0.8119315505027771
C1_0,wavlm_base_plus,it0156,0.8443419933319092,0.8914405703544617
C1_0,wavlm_base_plus,it0157,0.9406521320343018,0.952345848083496
C1_0,wavlm_base_plus,it0158,0.8890362977981567,0.9550564885139464
C1_0,wavlm_base_plus,it0159,0.8779012560844421,0.9427225589752196
C1_0,wavlm_base_plus,it0160,0.937545657157898,0.9280480742454528
C1_0,wavlm_base_plus,it0161,0.9356436729431152,0.9656646251678468
C1_0,wavlm_base_plus,it0162,0.9183991551399232,0.935750126838684
C1_0,wavlm_base_plus,it0163,0.8425299525260925,0.8604296445846558
C1_0,wavlm_base_plus,it0164,0.924586296081543,0.9506844282150269
C1_0,wavlm_base_plus,it0165,0.7895089983940125,0.814704418182373
C1_0,wavlm_base_plus,it0166,0.8924283981323242,0.8324018120765686
C1_0,wavlm_base_plus,it0167,0.9604971408843994,0.9554015398025512
C1_0,wavlm_base_plus,it0168,0.9197813868522644,0.9325659275054932
C1_0,wavlm_base_plus,it0169,0.9228782057762146,0.9454703330993652
C1_0,wavlm_base_plus,it0170,0.9288594722747804,0.9416258335113524
C1_0,wavlm_base_plus,it0171,0.9748969674110411,0.959216833114624
C1_0,wavlm_base_plus,it0172,0.8040391802787781,0.9037203788757324
C1_0,wavlm_base_plus,it0173,0.9706794023513794,0.955181896686554
C1_0,wavlm_base_plus,it0174,0.8833287954330444,0.9196625351905824
C1_0,wavlm_base_plus,it0175,0.8393323421478271,0.9157127737998962
C1_0,wavlm_base_plus,it0176,0.9658617377281188,0.9580143690109252
C1_0,wavlm_base_plus,it0177,0.9565833210945128,0.944213569164276
C1_0,wavlm_base_plus,it0178,0.9012079834938048,0.9042717218399048
C1_0,wavlm_base_plus,it0179,0.940876305103302,0.9516772031784058
C1_0,wavlm_base_plus,it0180,0.9180501699447632,0.9489523768424988
C1_0,wavlm_base_plus,it0181,0.8771481513977051,0.8534601926803589
C1_0,wavlm_base_plus,it0182,0.9656303524971008,0.968451976776123
C1_0,wavlm_base_plus,it0183,0.9649699926376344,0.9568142890930176
C1_0,wavlm_base_plus,it0184,0.8717309236526489,0.8388482332229614
C1_0,wavlm_base_plus,it0185,0.9161995649337769,0.94435852766037
C1_0,wavlm_base_plus,it0186,0.9467296004295348,0.9502107501029968
C1_0,wavlm_base_plus,it0187,0.822380781173706,0.8912378549575806
C1_0,wavlm_base_plus,it0188,0.9376030564308168,0.946090281009674
C1_0,wavlm_base_plus,it0189,0.9254960417747498,0.924340009689331
C1_0,wavlm_base_plus,it0190,0.950276494026184,0.9548553228378296
C1_0,wavlm_base_plus,it0191,0.9648224115371704,0.972393274307251
C1_0,wavlm_base_plus,it0192,0.9421828985214232,0.9350898861885072
C1_0,wavlm_base_plus,it0193,0.8648829460144043,0.9544788599014282
C1_0,wavlm_base_plus,it0194,0.9164344668388368,0.9124155044555664
C1_0,wavlm_base_plus,it0195,0.9413639903068542,0.9332138299942015
C1_0,wavlm_base_plus,it0196,0.9251246452331544,0.9222216606140136
C1_0,wavlm_base_plus,it0197,0.9510759115219116,0.9179043173789978
C1_0,wavlm_base_plus,it0198,0.7358009815216064,0.9500054717063904
C1_0,wavlm_base_plus,it0199,0.9389675855636596,0.9451146125793456
C1_1,wavlm_large,it0000,0.4534964859485626,0.6065704226493835
C1_1,wavlm_large,it0001,0.1573361605405807,0.26944300532341
C1_1,wavlm_large,it0002,0.2375787794589996,0.3076665997505188
C1_1,wavlm_large,it0003,0.3779596090316772,0.4114830791950226
C1_1,wavlm_large,it0004,0.2516703307628631,0.3863840103149414
C1_1,wavlm_large,it0005,0.3177058696746826,0.531757652759552
C1_1,wavlm_large,it0006,0.3717755973339081,0.3419281542301178
C1_1,wavlm_large,it0007,0.3216196894645691,0.4208041429519653
C1_1,wavlm_large,it0008,-0.0102177439257502,0.339126855134964
C1_1,wavlm_large,it0009,0.566815197467804,0.5540037155151367
C1_1,wavlm_large,it0010,0.6021538376808167,0.5955098271369934
C1_1,wavlm_large,it0011,0.5089272856712341,0.5420641899108887
C1_1,wavlm_large,it0012,0.3086604177951813,0.3856860995292663
C1_1,wavlm_large,it0013,0.5061750411987305,0.5802715420722961
C1_1,wavlm_large,it0014,0.3614798188209533,0.4068937003612518
C1_1,wavlm_large,it0015,0.4432732462882995,0.5143787860870361
C1_1,wavlm_large,it0016,0.5090991854667664,0.5247658491134644
C1_1,wavlm_large,it0017,0.3495392799377441,0.4578239619731903
C1_1,wavlm_large,it0018,0.234564796090126,0.307908296585083
C1_1,wavlm_large,it0019,0.4789752960205078,0.5068860650062561
C1_1,wavlm_large,it0020,0.2760573029518127,0.300142228603363
C1_1,wavlm_large,it0021,0.4845032393932342,0.4586132764816284
C1_1,wavlm_large,it0022,0.3143500983715057,0.4664351046085357
C1_1,wavlm_large,it0023,0.5146023035049438,0.5552688837051392
C1_1,wavlm_large,it0024,0.4268790781497955,0.5377245545387268
C1_1,wavlm_large,it0025,0.5639175772666931,0.6552655100822449
C1_1,wavlm_large,it0026,0.3309403359889984,0.2895575761795044
C1_1,wavlm_large,it0027,0.5763074159622192,0.6247244477272034
C1_1,wavlm_large,it0028,0.507153332233429,0.5311364531517029
C1_1,wavlm_large,it0029,0.3083229660987854,0.429461121559143
C1_1,wavlm_large,it0030,0.4095219671726227,0.5291526317596436
C1_1,wavlm_large,it0031,0.255730390548706,0.3500773012638092
C1_1,wavlm_large,it0032,0.5054270029067993,0.5204534530639648
C1_1,wavlm_large,it0033,0.2844120860099792,0.3242682218551636
C1_1,wavlm_large,it0034,0.2794483602046966,0.4098313748836517
C1_1,wavlm_large,it0035,0.1518096923828125,0.2672490775585174
C1_1,wavlm_large,it0036,0.470518559217453,0.5376354455947876
C1_1,wavlm_large,it0037,0.4808825850486755,0.5699951648712158
C1_1,wavlm_large,it0038,0.1502405852079391,0.2570758461952209
C1_1,wavlm_large,it0039,0.4693112671375274,0.5229804515838623
C1_1,wavlm_large,it0040,0.1785750389099121,0.2471838891506195
C1_1,wavlm_large,it0041,0.2747333645820617,0.5101143717765808
C1_1,wavlm_large,it0042,0.2976964116096496,0.4110235571861267
C1_1,wavlm_large,it0043,0.1021815091371536,0.2851615846157074
C1_1,wavlm_large,it0044,0.5182633399963379,0.6353929042816162
C1_1,wavlm_large,it0045,0.4345196187496185,0.4640247225761413
C1_1,wavlm_large,it0046,0.2096347957849502,0.3015475273132324
C1_1,wavlm_large,it0047,0.295075386762619,0.3338977098464966
C1_1,wavlm_large,it0048,0.4572672247886657,0.5133756995201111
C1_1,wavlm_large,it0049,0.4560218751430511,0.5427591800689697
C1_1,wavlm_large,it0050,0.0246829073876142,0.1653998494148254
C1_1,wavlm_large,it0051,0.3216672241687774,0.4558697640895843
C1_1,wavlm_large,it0052,0.3089876174926758,0.3373518884181976
C1_1,wavlm_large,it0053,0.3292386531829834,0.3509952127933502
C1_1,wavlm_large,it0054,-0.071743406355381,0.2781679630279541
C1_1,wavlm_large,it0055,0.3980334401130676,0.5079985857009888
C1_1,wavlm_large,it0056,0.1168816536664962,0.3261056244373321
C1_1,wavlm_large,it0057,0.2311539649963379,0.3701322972774505
C1_1,wavlm_large,it0058,0.2999924123287201,0.4892276525497436
C1_1,wavlm_large,it0059,0.5604600310325623,0.6310510039329529
C1_1,wavlm_large,it0060,0.3622816205024719,0.3674471080303192
C1_1,wavlm_large,it0061,0.493185430765152,0.5925045609474182
C1_1,wavlm_large,it0062,0.6000690460205078,0.6237364411354065
C1_1,wavlm_large,it0063,0.2567216455936432,0.4352683424949646
C1_1,wavlm_large,it0064,0.3761140704154968,0.4426285326480865
C1_1,wavlm_large,it0065,0.5040996074676514,0.6157447099685669
C1_1,wavlm_large,it0066,0.3242023587226867,0.3658643662929535
C1_1,wavlm_large,it0067,0.2742041647434234,0.2646370828151703
C1_1,wavlm_large,it0068,0.6446887254714966,0.5709439516067505
C1_1,wavlm_large,it0069,0.2246668934822082,0.3425432443618774
C1_1,wavlm_large,it0070,0.2310580462217331,0.5297635197639465
C1_1,wavlm_large,it0071,0.451897531747818,0.4868589043617248
C1_1,wavlm_large,it0072,0.4458360373973846,0.4652605056762695
C1_1,wavlm_large,it0073,0.0948054268956184,0.3102843761444092
C1_1,wavlm_large,it0074,0.2182787507772445,0.2589042484760284
C1_1,wavlm_large,it0075,0.4041136801242828,0.4241782128810882
C1_1,wavlm_large,it0076,0.2775166630744934,0.373975396156311
C1_1,wavlm_large,it0077,0.2359102517366409,0.7249166369438171
C1_1,wavlm_large,it0078,0.2721954584121704,0.3794493377208709
C1_1,wavlm_large,it0079,0.6193261742591858,0.5799559950828552
C1_1,wavlm_large,it0080,0.1423274576663971,0.3220060467720032
C1_1,wavlm_large,it0081,0.2947131395339966,0.3716187179088592
C1_1,wavlm_large,it0082,0.4466492235660553,0.4586759507656097
C1_1,wavlm_large,it0083,0.3949277400970459,0.3408154249191284
C1_1,wavlm_large,it0084,0.4273450970649719,0.4970930218696594
C1_1,wavlm_large,it0085,0.3042543530464172,0.5002442002296448
C1_1,wavlm_large,it0086,0.6299139857292175,0.5908285975456238
C1_1,wavlm_large,it0087,0.5452600717544556,0.6876163482666016
C1_1,wavlm_large,it0088,0.214542806148529,0.4187954664230346
C1_1,wavlm_large,it0089,0.2670839428901672,0.3867890238761902
C1_1,wavlm_large,it0090,0.5707301497459412,0.6303739547729492
C1_1,wavlm_large,it0091,0.5328146815299988,0.530063271522522
C1_1,wavlm_large,it0092,0.40474933385849,0.4396945238113403
C1_1,wavlm_large,it0093,0.267947107553482,0.3757826685905456
C1_1,wavlm_large,it0094,0.4284281134605407,0.4123139083385467
C1_1,wavlm_large,it0095,0.4706166684627533,0.5770463943481445
C1_1,wavlm_large,it0096,0.3836545348167419,0.3881581723690033
C1_1,wavlm_large,it0097,0.5693532228469849,0.6911966800689697
C1_1,wavlm_large,it0098,0.4305229485034942,0.4500796794891357
C1_1,wavlm_large,it0099,0.1621305793523788,0.2493139803409576
C1_1,wavlm_large,it0100,0.6473053097724915,0.6702327132225037
C1_1,wavlm_large,it0101,0.2211496978998184,0.3199396729469299
C1_1,wavlm_large,it0102,0.2989173531532287,0.4111904799938202
C1_1,wavlm_large,it0103,0.4942250549793243,0.4706084430217743
C1_1,wavlm_large,it0104,0.4678871035575866,0.5127009749412537
C1_1,wavlm_large,it0105,0.5547987818717957,0.5936641097068787
C1_1,wavlm_large,it0106,0.4118036031723022,0.432214617729187
C1_1,wavlm_large,it0107,0.4136306047439575,0.4256551563739776
C1_1,wavlm_large,it0108,0.250735193490982,0.3848369121551513
C1_1,wavlm_large,it0109,0.4038857519626617,0.4901038408279419
C1_1,wavlm_large,it0110,0.2385933995246887,0.4153726994991302
C1_1,wavlm_large,it0111,0.1853953897953033,0.3326992392539978
C1_1,wavlm_large,it0112,0.5001009106636047,0.46839639544487
C1_1,wavlm_large,it0113,0.461560994386673,0.4666750729084015
C1_1,wavlm_large,it0114,0.3442424833774566,0.4158774018287658
C1_1,wavlm_large,it0115,0.3176637291908264,0.303207129240036
C1_1,wavlm_large,it0116,0.3368362188339233,0.3690108358860016
C1_1,wavlm_large,it0117,0.4671821892261505,0.5395609736442566
C1_1,wavlm_large,it0118,0.4932344555854797,0.6037018895149231
C1_1,wavlm_large,it0119,0.4220362305641174,0.6252428293228149
C1_1,wavlm_large,it0120,0.5133271813392639,0.606837809085846
C1_1,wavlm_large,it0121,0.4675242006778717,0.4935541749000549
C1_1,wavlm_large,it0122,0.2151446342468261,0.2731035947799682
C1_1,wavlm_large,it0123,0.2611006498336792,0.5290101766586304
C1_1,wavlm_large,it0124,0.3935531377792358,0.4498515129089355
C1_1,wavlm_large,it0125,0.2865771949291229,0.4248631000518799
C1_1,wavlm_large,it0126,0.3873260617256164,0.5308558344841003
C1_1,wavlm_large,it0127,0.3549726009368896,0.4576789140701294
C1_1,wavlm_large,it0128,0.2236502170562744,0.5201752781867981
C1_1,wavlm_large,it0129,0.2117502391338348,0.3700895011425018
C1_1,wavlm_large,it0130,0.2633821666240692,0.4225249588489532
C1_1,wavlm_large,it0131,0.2568813860416412,0.3956234455108642
C1_1,wavlm_large,it0132,0.2185668647289276,0.4239370226860046
C1_1,wavlm_large,it0133,0.5015333890914917,0.5666022300720215
C1_1,wavlm_large,it0134,0.4285063445568084,0.3739919066429138
C1_1,wavlm_large,it0135,0.2601777613162994,0.4266346395015716
C1_1,wavlm_large,it0136,0.3332319259643554,0.522959291934967
C1_1,wavlm_large,it0137,0.4196925759315491,0.450515478849411
C1_1,wavlm_large,it0138,0.6190706491470337,0.6144803762435913
C1_1,wavlm_large,it0139,0.143412247300148,0.2796982824802398
C1_1,wavlm_large,it0140,0.1568440645933151,0.3964942991733551
C1_1,wavlm_large,it0141,0.5495321750640869,0.6720744371414185
C1_1,wavlm_large,it0142,0.2580796480178833,0.3919634222984314
C1_1,wavlm_large,it0143,0.3886010944843292,0.5003872513771057
C1_1,wavlm_large,it0144,0.0701108425855636,0.2388392835855484
C1_1,wavlm_large,it0145,0.5448943376541138,0.564602255821228
C1_1,wavlm_large,it0146,0.3390684723854065,0.4856137633323669
C1_1,wavlm_large,it0147,0.2700534164905548,0.3930642604827881
C1_1,wavlm_large,it0148,0.0828063786029815,0.1717290729284286
C1_1,wavlm_large,it0149,0.4930903315544128,0.4872685074806213
C1_1,wavlm_large,it0150,0.4561079740524292,0.4590019583702087
C1_1,wavlm_large,it0151,0.501099169254303,0.5253968238830566
C1_1,wavlm_large,it0152,0.2981182634830475,0.4001306295394897
C1_1,wavlm_large,it0153,0.2685785591602325,0.4609333276748657
C1_1,wavlm_large,it0154,0.0569466985762119,0.198167473077774
C1_1,wavlm_large,it0155,0.2133034467697143,0.3061098456382751
C1_1,wavlm_large,it0156,0.1683302521705627,0.2677393853664398
C1_1,wavlm_large,it0157,0.443693995475769,0.4965074062347412
C1_1,wavlm_large,it0158,0.1716401726007461,0.3963932394981384
C1_1,wavlm_large,it0159,0.2525132894515991,0.2978200614452362
C1_1,wavlm_large,it0160,0.372010588645935,0.4994014203548431
C1_1,wavlm_large,it0161,0.3689756989479065,0.436154842376709
C1_1,wavlm_large,it0162,0.2748289108276367,0.4040199518203735
C1_1,wavlm_large,it0163,0.3870061039924621,0.4171731770038605
C1_1,wavlm_large,it0164,0.3097506165504455,0.3395093083381653
C1_1,wavlm_large,it0165,0.2120286226272583,0.3501569926738739
C1_1,wavlm_large,it0166,0.2377426475286483,0.3639108836650848
C1_1,wavlm_large,it0167,0.4266314208507538,0.4763723611831665
C1_1,wavlm_large,it0168,0.4392741620540619,0.3321124315261841
C1_1,wavlm_large,it0169,0.4499897062778473,0.4129698872566223
C1_1,wavlm_large,it0170,0.3727910220623016,0.4491195380687713
C1_1,wavlm_large,it0171,0.6135033369064331,0.603077232837677
C1_1,wavlm_large,it0172,0.3061838746070862,0.3872755765914917
C1_1,wavlm_large,it0173,0.6430140137672424,0.6203463673591614
C1_1,wavlm_large,it0174,0.4235897660255432,0.4111805558204651
C1_1,wavlm_large,it0175,0.1250501126050949,0.2877084016799927
C1_1,wavlm_large,it0176,0.1998839676380157,0.4066570997238159
C1_1,wavlm_large,it0177,0.417860746383667,0.5541484355926514
C1_1,wavlm_large,it0178,0.2508216202259063,0.2720330357551574
C1_1,wavlm_large,it0179,0.6655603647232056,0.6554824709892273
C1_1,wavlm_large,it0180,0.4423851668834686,0.5614741444587708
C1_1,wavlm_large,it0181,0.5626360177993774,0.5399601459503174
C1_1,wavlm_large,it0182,0.4510684609413147,0.4670474231243133
C1_1,wavlm_large,it0183,0.4212327599525451,0.4809235036373138
C1_1,wavlm_large,it0184,0.2237841486930847,0.3682083785533905
C1_1,wavlm_large,it0185,0.3850491046905517,0.4974220395088196
C1_1,wavlm_large,it0186,0.5063424110412598,0.6374707221984863
C1_1,wavlm_large,it0187,0.5217289328575134,0.5036141276359558
C1_1,wavlm_large,it0188,0.4321098923683166,0.5107593536376953
C1_1,wavlm_large,it0189,0.3413228988647461,0.3072362542152405
C1_1,wavlm_large,it0190,0.5510291457176208,0.5734944343566895
C1_1,wavlm_large,it0191,0.2972453534603119,0.3398336172103882
C1_1,wavlm_large,it0192,0.511218786239624,0.5591698884963989
C1_1,wavlm_large,it0193,0.2543469667434692,0.365390807390213
C1_1,wavlm_large,it0194,0.6755547523498535,0.632043719291687
C1_1,wavlm_large,it0195,0.3922535181045532,0.514024019241333
C1_1,wavlm_large,it0196,0.3457579016685486,0.3885693252086639
C1_1,wavlm_large,it0197,0.3293259143829345,0.3860654830932617
C1_1,wavlm_large,it0198,0.0821261331439018,0.1831572204828262
C1_1,wavlm_large,it0199,0.5041690468788147,0.5475060939788818
C1_1,ecapa,it0000,0.5088520050048828,0.6088821887969971
C1_1,ecapa,it0001,0.3583359718322754,0.4430502951145172
C1_1,ecapa,it0002,0.336948961019516,0.4374214112758636
C1_1,ecapa,it0003,0.4180363714694977,0.4638983011245727
C1_1,ecapa,it0004,0.5051274299621582,0.5573946833610535
C1_1,ecapa,it0005,0.3386179208755493,0.4428715109825134
C1_1,ecapa,it0006,0.4719592332839966,0.4094704389572143
C1_1,ecapa,it0007,0.292272686958313,0.4210262298583984
C1_1,ecapa,it0008,0.2883498668670654,0.4232986271381378
C1_1,ecapa,it0009,0.447229266166687,0.4715472161769867
C1_1,ecapa,it0010,0.5628781914710999,0.6026825308799744
C1_1,ecapa,it0011,0.5612812638282776,0.5817508697509766
C1_1,ecapa,it0012,0.3050562739372253,0.4531155526638031
C1_1,ecapa,it0013,0.496840238571167,0.6180418729782104
C1_1,ecapa,it0014,0.2819677889347076,0.5323256254196167
C1_1,ecapa,it0015,0.3605365753173828,0.4734300971031189
C1_1,ecapa,it0016,0.5885593295097351,0.5515275597572327
C1_1,ecapa,it0017,0.4144197106361389,0.5072659254074097
C1_1,ecapa,it0018,0.3247079849243164,0.3409651517868042
C1_1,ecapa,it0019,0.5058645009994507,0.5365632176399231
C1_1,ecapa,it0020,0.3941627442836761,0.3005428910255432
C1_1,ecapa,it0021,0.4865157902240753,0.5302995443344116
C1_1,ecapa,it0022,0.392391949892044,0.3900325894355774
C1_1,ecapa,it0023,0.6768763065338135,0.5370826125144958
C1_1,ecapa,it0024,0.5844010710716248,0.6350951790809631
C1_1,ecapa,it0025,0.6113525032997131,0.6400172114372253
C1_1,ecapa,it0026,0.432150274515152,0.3557546138763428
C1_1,ecapa,it0027,0.6510859727859497,0.6474863290786743
C1_1,ecapa,it0028,0.4510023593902588,0.5166979432106018
C1_1,ecapa,it0029,0.2465774565935135,0.3257928490638733
C1_1,ecapa,it0030,0.527535080909729,0.6514642834663391
C1_1,ecapa,it0031,0.2181622087955474,0.4081956446170807
C1_1,ecapa,it0032,0.5674940347671509,0.6350409388542175
C1_1,ecapa,it0033,0.2754900157451629,0.4148039221763611
C1_1,ecapa,it0034,0.3645646572113037,0.5557698011398315
C1_1,ecapa,it0035,0.2024901658296585,0.3003973960876465
C1_1,ecapa,it0036,0.5798529386520386,0.6174634099006653
C1_1,ecapa,it0037,0.5096113085746765,0.5279380083084106
C1_1,ecapa,it0038,0.3486676812171936,0.3413791954517364
C1_1,ecapa,it0039,0.4296338856220245,0.5198973417282104
C1_1,ecapa,it0040,0.3675697147846222,0.3936541378498077
C1_1,ecapa,it0041,0.5830302834510803,0.5907373428344727
C1_1,ecapa,it0042,0.3180817663669586,0.434985339641571
C1_1,ecapa,it0043,0.248341292142868,0.2541937828063965
C1_1,ecapa,it0044,0.458175390958786,0.4462943971157074
C1_1,ecapa,it0045,0.2046863585710525,0.2480848282575607
C1_1,ecapa,it0046,0.277425080537796,0.3411289155483246
C1_1,ecapa,it0047,0.3271669149398803,0.3718495368957519
C1_1,ecapa,it0048,0.4841579496860504,0.6039720177650452
C1_1,ecapa,it0049,0.3052682876586914,0.3475962877273559
C1_1,ecapa,it0050,0.2039240300655365,0.2230961173772812
C1_1,ecapa,it0051,0.1748734414577484,0.1959228664636612
C1_1,ecapa,it0052,0.20872163772583,0.3265080451965332
C1_1,ecapa,it0053,0.2844646871089935,0.2649796903133392
C1_1,ecapa,it0054,0.0681783258914947,0.2816839814186096
C1_1,ecapa,it0055,0.4474718570709228,0.4802477061748504
C1_1,ecapa,it0056,0.399999052286148,0.3465428948402405
C1_1,ecapa,it0057,0.4847661554813385,0.5317063331604004
C1_1,ecapa,it0058,0.2601433098316192,0.3831883668899536
C1_1,ecapa,it0059,0.5597330331802368,0.5115110874176025
C1_1,ecapa,it0060,0.4360793828964233,0.5319041013717651
C1_1,ecapa,it0061,0.421867698431015,0.5207107067108154
C1_1,ecapa,it0062,0.658218502998352,0.6405535340309143
C1_1,ecapa,it0063,0.4440851807594299,0.4731030762195587
C1_1,ecapa,it0064,0.3516223430633545,0.2992534041404724
C1_1,ecapa,it0065,0.5590696930885315,0.6001311540603638
C1_1,ecapa,it0066,0.2935413420200348,0.2756166756153106
C1_1,ecapa,it0067,0.3880815505981445,0.3599610924720764
C1_1,ecapa,it0068,0.7000713348388672,0.6933282017707825
C1_1,ecapa,it0069,0.2677963972091675,0.3362585604190826
C1_1,ecapa,it0070,0.3097818195819855,0.2552608251571655
C1_1,ecapa,it0071,0.4473780393600464,0.4639171957969665
C1_1,ecapa,it0072,0.4247343242168426,0.4874656796455383
C1_1,ecapa,it0073,0.1001476645469665,0.1468433737754821
C1_1,ecapa,it0074,0.2825751602649688,0.2244134396314621
C1_1,ecapa,it0075,0.3583444654941559,0.3239200711250305
C1_1,ecapa,it0076,0.5445452928543091,0.6674399375915527
C1_1,ecapa,it0077,0.4504480957984924,0.499634712934494
C1_1,ecapa,it0078,0.238766998052597,0.2486935257911682
C1_1,ecapa,it0079,0.6321266889572144,0.6334264874458313
C1_1,ecapa,it0080,0.2358373254537582,0.5441175699234009
C1_1,ecapa,it0081,0.294323980808258,0.3570457696914673
C1_1,ecapa,it0082,0.4250584244728088,0.5239621996879578
C1_1,ecapa,it0083,0.4682640135288238,0.4752389788627624
C1_1,ecapa,it0084,0.591172993183136,0.5733723044395447
C1_1,ecapa,it0085,0.4396591186523437,0.5500513315200806
C1_1,ecapa,it0086,0.6709263324737549,0.5776047110557556
C1_1,ecapa,it0087,0.5178289413452148,0.5184745788574219
C1_1,ecapa,it0088,0.320046603679657,0.3587629795074463
C1_1,ecapa,it0089,0.4559563398361206,0.4942439198493957
C1_1,ecapa,it0090,0.5929973125457764,0.6078506112098694
C1_1,ecapa,it0091,0.5191705822944641,0.5421262383460999
C1_1,ecapa,it0092,0.4519443213939667,0.5233491063117981
C1_1,ecapa,it0093,0.4191769659519195,0.3905172049999237
C1_1,ecapa,it0094,0.462337851524353,0.4129844307899475
C1_1,ecapa,it0095,0.4758150577545166,0.5379997491836548
C1_1,ecapa,it0096,0.4700391888618469,0.5160254240036011
C1_1,ecapa,it0097,0.5824744701385498,0.6467483043670654
C1_1,ecapa,it0098,0.5130345821380615,0.4932170212268829
C1_1,ecapa,it0099,0.2173091769218444,0.2026257514953613
C1_1,ecapa,it0100,0.5918570160865784,0.5997524857521057
C1_1,ecapa,it0101,0.1458088308572769,0.21333609521389
C1_1,ecapa,it0102,0.2858612537384033,0.3434274196624756
C1_1,ecapa,it0103,0.3215919733047485,0.4438868165016174
C1_1,ecapa,it0104,0.4459033012390136,0.514225423336029
C1_1,ecapa,it0105,0.456680417060852,0.4394991993904114
C1_1,ecapa,it0106,0.3508728444576263,0.325872004032135
C1_1,ecapa,it0107,0.4109729528427124,0.5207287073135376
C1_1,ecapa,it0108,0.4511047601699829,0.3890007138252258
C1_1,ecapa,it0109,0.5055073499679565,0.5196866393089294
C1_1,ecapa,it0110,0.1093805879354476,0.1820387244224548
C1_1,ecapa,it0111,0.2147942185401916,0.3570496439933777
C1_1,ecapa,it0112,0.6174986362457275,0.590299129486084
C1_1,ecapa,it0113,0.5327897667884827,0.5820937752723694
C1_1,ecapa,it0114,0.4178441166877746,0.3836293220520019
C1_1,ecapa,it0115,0.3512214124202728,0.2969906032085418
C1_1,ecapa,it0116,0.5898579359054565,0.583669126033783
C1_1,ecapa,it0117,0.3499720990657806,0.4729735553264618
C1_1,ecapa,it0118,0.4603095054626465,0.6673102378845215
C1_1,ecapa,it0119,0.4868733286857605,0.5646915435791016
C1_1,ecapa,it0120,0.6442385911941528,0.6124707460403442
C1_1,ecapa,it0121,0.5659026503562927,0.5363327264785767
C1_1,ecapa,it0122,0.3028607368469238,0.2210443913936615
C1_1,ecapa,it0123,0.1609319597482681,0.3178711235523224
C1_1,ecapa,it0124,0.4805720448493957,0.6096696853637695
C1_1,ecapa,it0125,0.3835978209972381,0.6012939214706421
C1_1,ecapa,it0126,0.4156351089477539,0.444864809513092
C1_1,ecapa,it0127,0.387799322605133,0.3756634593009949
C1_1,ecapa,it0128,0.3322744369506836,0.4664141833782196
C1_1,ecapa,it0129,0.2998256981372833,0.3654792308807373
C1_1,ecapa,it0130,0.2444466948509216,0.3439494371414184
C1_1,ecapa,it0131,0.151972696185112,0.2785502672195434
C1_1,ecapa,it0132,0.3061981499195099,0.2799444794654846
C1_1,ecapa,it0133,0.5582191348075867,0.571038007736206
C1_1,ecapa,it0134,0.3121532201766968,0.3889720737934112
C1_1,ecapa,it0135,0.3120544850826263,0.3579525351524353
C1_1,ecapa,it0136,0.3679059147834778,0.4613839983940124
C1_1,ecapa,it0137,0.5009027719497681,0.6119014620780945
C1_1,ecapa,it0138,0.5272808074951172,0.5893456935882568
C1_1,ecapa,it0139,0.4098651707172394,0.5135420560836792
C1_1,ecapa,it0140,0.2104167342185974,0.3793331384658813
C1_1,ecapa,it0141,0.5212370753288269,0.639521598815918
C1_1,ecapa,it0142,0.1471290290355682,0.3864638805389404
C1_1,ecapa,it0143,0.3273879885673523,0.2999557554721832
C1_1,ecapa,it0144,0.4035854041576385,0.4712774753570556
C1_1,ecapa,it0145,0.5155285000801086,0.5399733781814575
C1_1,ecapa,it0146,0.4416368901729584,0.5129684209823608
C1_1,ecapa,it0147,0.3245932161808014,0.3808164000511169
C1_1,ecapa,it0148,0.0886227115988731,0.1205282136797905
C1_1,ecapa,it0149,0.523369550704956,0.5113871097564697
C1_1,ecapa,it0150,0.3562392592430115,0.4953332245349884
C1_1,ecapa,it0151,0.563804030418396,0.5192882418632507
C1_1,ecapa,it0152,0.3849080204963684,0.5782166719436646
C1_1,ecapa,it0153,0.2423832267522812,0.4285691976547241
C1_1,ecapa,it0154,0.2228711694478988,0.2411639392375946
C1_1,ecapa,it0155,0.2325038462877273,0.2957401275634765
C1_1,ecapa,it0156,0.1927243620157241,0.2874715626239776
C1_1,ecapa,it0157,0.4703563153743744,0.5201300978660583
C1_1,ecapa,it0158,0.258426159620285,0.3174673914909363
C1_1,ecapa,it0159,0.3371613025665283,0.4453498125076294
C1_1,ecapa,it0160,0.539033830165863,0.5737308859825134
C1_1,ecapa,it0161,0.3438350260257721,0.3799216747283935
C1_1,ecapa,it0162,0.0781725719571113,0.1606388688087463
C1_1,ecapa,it0163,0.4427185356616974,0.379553735256195
C1_1,ecapa,it0164,0.5114664435386658,0.5307884812355042
C1_1,ecapa,it0165,0.2775629758834839,0.3775806128978729
C1_1,ecapa,it0166,0.4450281858444214,0.581615686416626
C1_1,ecapa,it0167,0.2615689933300018,0.4493458271026611
C1_1,ecapa,it0168,0.3848620653152466,0.3192099332809448
C1_1,ecapa,it0169,0.3831806778907776,0.435001403093338
C1_1,ecapa,it0170,0.4126267433166504,0.4113143682479858
C1_1,ecapa,it0171,0.692694365978241,0.624089241027832
C1_1,ecapa,it0172,0.1745029538869857,0.2290806323289871
C1_1,ecapa,it0173,0.681607723236084,0.681538462638855
C1_1,ecapa,it0174,0.5645336508750916,0.4237336218357086
C1_1,ecapa,it0175,0.0308762341737747,0.3035866022109985
C1_1,ecapa,it0176,0.2404477596282959,0.3856070041656494
C1_1,ecapa,it0177,0.2774885892868042,0.4427688419818878
C1_1,ecapa,it0178,0.3537660241127014,0.3180751502513885
C1_1,ecapa,it0179,0.6373556852340698,0.599768340587616
C1_1,ecapa,it0180,0.441134512424469,0.4357746243476867
C1_1,ecapa,it0181,0.5504930019378662,0.5641419887542725
C1_1,ecapa,it0182,0.5562182664871216,0.584182620048523
C1_1,ecapa,it0183,0.5438106060028076,0.6354649662971497
C1_1,ecapa,it0184,0.2056712359189987,0.3464948236942291
C1_1,ecapa,it0185,0.3145476281642914,0.5257573127746582
C1_1,ecapa,it0186,0.5094191431999207,0.6236715912818909
C1_1,ecapa,it0187,0.4962283372879028,0.4880003631114959
C1_1,ecapa,it0188,0.5609551072120667,0.5823981165885925
C1_1,ecapa,it0189,0.3500471115112304,0.3317397236824035
C1_1,ecapa,it0190,0.6458722352981567,0.6344707012176514
C1_1,ecapa,it0191,0.4433874189853668,0.4283018410205841
C1_1,ecapa,it0192,0.5767999291419983,0.5850341320037842
C1_1,ecapa,it0193,0.474577784538269,0.4549343287944793
C1_1,ecapa,it0194,0.6082985401153564,0.6364405155181885
C1_1,ecapa,it0195,0.5507700443267822,0.6493448615074158
C1_1,ecapa,it0196,0.4268405437469482,0.4336881935596466
C1_1,ecapa,it0197,0.3157967329025268,0.3922891914844513
C1_1,ecapa,it0198,0.0855147764086723,0.2524687945842743
C1_1,ecapa,it0199,0.4610051214694977,0.4994062185287475
C1_1,ge2e,it0000,0.8273789882659912,0.8369690179824829
C1_1,ge2e,it0001,0.8202219009399414,0.8873149156570435
C1_1,ge2e,it0002,0.7610698938369751,0.741243302822113
C1_1,ge2e,it0003,0.7242244482040405,0.7443522810935974
C1_1,ge2e,it0004,0.83725506067276,0.7772479057312012
C1_1,ge2e,it0005,0.8541765213012695,0.8206284642219543
C1_1,ge2e,it0006,0.7775593996047974,0.7550277709960938
C1_1,ge2e,it0007,0.7462841868400574,0.7818225622177124
C1_1,ge2e,it0008,0.7728163599967957,0.8063984513282776
C1_1,ge2e,it0009,0.8353879451751709,0.8397963047027588
C1_1,ge2e,it0010,0.8633286952972412,0.8489368557929993
C1_1,ge2e,it0011,0.8654530048370361,0.863231897354126
C1_1,ge2e,it0012,0.7129369974136353,0.8296108245849609
C1_1,ge2e,it0013,0.8403629660606384,0.8311123251914978
C1_1,ge2e,it0014,0.755598247051239,0.8101922869682312
C1_1,ge2e,it0015,0.8472286462783813,0.8884055018424988
C1_1,ge2e,it0016,0.7769573926925659,0.7513298988342285
C1_1,ge2e,it0017,0.792678713798523,0.8464654088020325
C1_1,ge2e,it0018,0.8127528429031372,0.8662974834442139
C1_1,ge2e,it0019,0.7883283495903015,0.8013126850128174
C1_1,ge2e,it0020,0.69622403383255,0.6373993754386902
C1_1,ge2e,it0021,0.8050295114517212,0.8127690553665161
C1_1,ge2e,it0022,0.7285448908805847,0.8159627914428711
C1_1,ge2e,it0023,0.8366183638572693,0.8104459643363953
C1_1,ge2e,it0024,0.8715988993644714,0.8719635009765625
C1_1,ge2e,it0025,0.8653954863548279,0.8629845380783081
C1_1,ge2e,it0026,0.7399094700813293,0.740682065486908
C1_1,ge2e,it0027,0.8111568689346313,0.8179416060447693
C1_1,ge2e,it0028,0.7988981008529663,0.8434724807739258
C1_1,ge2e,it0029,0.7838255763053894,0.8251660466194153
C1_1,ge2e,it0030,0.8677374720573425,0.882538378238678
C1_1,ge2e,it0031,0.7725627422332764,0.8254687786102295
C1_1,ge2e,it0032,0.7698631286621094,0.8126484155654907
C1_1,ge2e,it0033,0.7819738388061523,0.809152364730835
C1_1,ge2e,it0034,0.8591526746749878,0.8777561187744141
C1_1,ge2e,it0035,0.7344815135002136,0.7969369292259216
C1_1,ge2e,it0036,0.8332123756408691,0.8635770082473755
C1_1,ge2e,it0037,0.8831444978713989,0.8974221348762512
C1_1,ge2e,it0038,0.8035528063774109,0.808123767375946
C1_1,ge2e,it0039,0.7986830472946167,0.849130392074585
C1_1,ge2e,it0040,0.80524080991745,0.8384290337562561
C1_1,ge2e,it0041,0.8382039070129395,0.8253427147865295
C1_1,ge2e,it0042,0.7825502157211304,0.8383427858352661
C1_1,ge2e,it0043,0.7509291768074036,0.7923306226730347
C1_1,ge2e,it0044,0.7969877123832703,0.8320051431655884
C1_1,ge2e,it0045,0.7667993307113647,0.7902255654335022
C1_1,ge2e,it0046,0.7416139245033264,0.7408141493797302
C1_1,ge2e,it0047,0.7008899450302124,0.7649646401405334
C1_1,ge2e,it0048,0.8463096618652344,0.8504968881607056
C1_1,ge2e,it0049,0.8757042288780212,0.8872660398483276
C1_1,ge2e,it0050,0.7319240570068359,0.714148759841919
C1_1,ge2e,it0051,0.800737738609314,0.8286266326904297
C1_1,ge2e,it0052,0.7729355096817017,0.7936838865280151
C1_1,ge2e,it0053,0.7400932312011719,0.775873064994812
C1_1,ge2e,it0054,0.7108131051063538,0.8153185248374939
C1_1,ge2e,it0055,0.7402233481407166,0.7841270565986633
C1_1,ge2e,it0056,0.8564571738243103,0.8780895471572876
C1_1,ge2e,it0057,0.8246914744377136,0.8505856990814209
C1_1,ge2e,it0058,0.7420012354850769,0.827380359172821
C1_1,ge2e,it0059,0.8481601476669312,0.8637142181396484
C1_1,ge2e,it0060,0.8543472290039062,0.8561216592788696
C1_1,ge2e,it0061,0.8099583387374878,0.874719500541687
C1_1,ge2e,it0062,0.8989853262901306,0.8863204121589661
C1_1,ge2e,it0063,0.7806215882301331,0.780807614326477
C1_1,ge2e,it0064,0.8410000801086426,0.8361552953720093
C1_1,ge2e,it0065,0.814592719078064,0.8639265298843384
C1_1,ge2e,it0066,0.7515126466751099,0.7558456659317017
C1_1,ge2e,it0067,0.8772624731063843,0.860127866268158
C1_1,ge2e,it0068,0.8724132776260376,0.8901721239089966
C1_1,ge2e,it0069,0.7999948859214783,0.8199009895324707
C1_1,ge2e,it0070,0.726425290107727,0.7777062654495239
C1_1,ge2e,it0071,0.8311635255813599,0.8063219785690308
C1_1,ge2e,it0072,0.8314143419265747,0.9007373452186584
C1_1,ge2e,it0073,0.7506048083305359,0.7716406583786011
C1_1,ge2e,it0074,0.8192211389541626,0.7518409490585327
C1_1,ge2e,it0075,0.8594072461128235,0.8307474255561829
C1_1,ge2e,it0076,0.837411642074585,0.8569883704185486
C1_1,ge2e,it0077,0.7424424886703491,0.7877359986305237
C1_1,ge2e,it0078,0.7080812454223633,0.7215511202812195
C1_1,ge2e,it0079,0.8137391209602356,0.8315187096595764
C1_1,ge2e,it0080,0.7294763326644897,0.7993038296699524
C1_1,ge2e,it0081,0.8452211022377014,0.8408084511756897
C1_1,ge2e,it0082,0.8753485679626465,0.8501236438751221
C1_1,ge2e,it0083,0.8412572145462036,0.8558815121650696
C1_1,ge2e,it0084,0.8698837757110596,0.8571814298629761
C1_1,ge2e,it0085,0.774815559387207,0.8103426098823547
C1_1,ge2e,it0086,0.8153939247131348,0.855339765548706
C1_1,ge2e,it0087,0.7917718887329102,0.8253920078277588
C1_1,ge2e,it0088,0.822529673576355,0.8249481916427612
C1_1,ge2e,it0089,0.7815420627593994,0.8481493592262268
C1_1,ge2e,it0090,0.889765739440918,0.8601772785186768
C1_1,ge2e,it0091,0.8448427319526672,0.8417127132415771
C1_1,ge2e,it0092,0.7347102165222168,0.8222071528434753
C1_1,ge2e,it0093,0.8179285526275635,0.8263948559761047
C1_1,ge2e,it0094,0.7824293971061707,0.827392578125
C1_1,ge2e,it0095,0.8499283194541931,0.8832343220710754
C1_1,ge2e,it0096,0.8010960221290588,0.8487459421157837
C1_1,ge2e,it0097,0.830997109413147,0.8549492359161377
C1_1,ge2e,it0098,0.8677250146865845,0.8694259524345398
C1_1,ge2e,it0099,0.7474111318588257,0.7209302186965942
C1_1,ge2e,it0100,0.8562585115432739,0.8285746574401855
C1_1,ge2e,it0101,0.6483519673347473,0.7115999460220337
C1_1,ge2e,it0102,0.8538872599601746,0.8729280233383179
C1_1,ge2e,it0103,0.749660313129425,0.7229371666908264
C1_1,ge2e,it0104,0.8371865153312683,0.8104133605957031
C1_1,ge2e,it0105,0.8820385932922363,0.8626675605773926
C1_1,ge2e,it0106,0.8179734945297241,0.770693838596344
C1_1,ge2e,it0107,0.7937940955162048,0.7824611663818359
C1_1,ge2e,it0108,0.8366868495941162,0.8012344837188721
C1_1,ge2e,it0109,0.8534352779388428,0.7621471881866455
C1_1,ge2e,it0110,0.7545427680015564,0.7946866750717163
C1_1,ge2e,it0111,0.8599116206169128,0.8631715774536133
C1_1,ge2e,it0112,0.8611360192298889,0.902697741985321
C1_1,ge2e,it0113,0.8250652551651001,0.8588790893554688
C1_1,ge2e,it0114,0.8026806116104126,0.8529450297355652
C1_1,ge2e,it0115,0.8070069551467896,0.8010698556900024
C1_1,ge2e,it0116,0.8718231916427612,0.840251088142395
C1_1,ge2e,it0117,0.85540771484375,0.8674891591072083
C1_1,ge2e,it0118,0.7396359443664551,0.8670370578765869
C1_1,ge2e,it0119,0.8055468797683716,0.7942354679107666
C1_1,ge2e,it0120,0.7935256361961365,0.8287459015846252
C1_1,ge2e,it0121,0.8106148838996887,0.8153575658798218
C1_1,ge2e,it0122,0.7853217124938965,0.7868367433547974
C1_1,ge2e,it0123,0.7219177484512329,0.722973644733429
C1_1,ge2e,it0124,0.8200321197509766,0.8711839318275452
C1_1,ge2e,it0125,0.8330081105232239,0.9043816328048706
C1_1,ge2e,it0126,0.8841286897659302,0.8604861497879028
C1_1,ge2e,it0127,0.829504132270813,0.7995717525482178
C1_1,ge2e,it0128,0.7920726537704468,0.840792715549469
C1_1,ge2e,it0129,0.7975939512252808,0.7991140484809875
C1_1,ge2e,it0130,0.8261383175849915,0.846621036529541
C1_1,ge2e,it0131,0.8303858637809753,0.85234534740448
C1_1,ge2e,it0132,0.8281081914901733,0.8181496262550354
C1_1,ge2e,it0133,0.8686158657073975,0.8533738851547241
C1_1,ge2e,it0134,0.7724031209945679,0.7777189612388611
C1_1,ge2e,it0135,0.7582612037658691,0.7905287146568298
C1_1,ge2e,it0136,0.8102672100067139,0.8576913475990295
C1_1,ge2e,it0137,0.8487976789474487,0.8434675931930542
C1_1,ge2e,it0138,0.8483256101608276,0.8549357652664185
C1_1,ge2e,it0139,0.8332201242446899,0.8635867834091187
C1_1,ge2e,it0140,0.810130774974823,0.7624276280403137
C1_1,ge2e,it0141,0.8355697393417358,0.8397969007492065
C1_1,ge2e,it0142,0.8091025352478027,0.7896006107330322
C1_1,ge2e,it0143,0.8269839286804199,0.8225443959236145
C1_1,ge2e,it0144,0.7837850451469421,0.7946977019309998
C1_1,ge2e,it0145,0.8463239669799805,0.8770579695701599
C1_1,ge2e,it0146,0.7976707816123962,0.8154520392417908
C1_1,ge2e,it0147,0.864752471446991,0.8832746148109436
C1_1,ge2e,it0148,0.7938488721847534,0.8104937076568604
C1_1,ge2e,it0149,0.8278069496154785,0.7774808406829834
C1_1,ge2e,it0150,0.7709659337997437,0.790692925453186
C1_1,ge2e,it0151,0.8609519600868225,0.8431427478790283
C1_1,ge2e,it0152,0.8099505305290222,0.8767722249031067
C1_1,ge2e,it0153,0.7937323451042175,0.8533889055252075
C1_1,ge2e,it0154,0.7778130769729614,0.7955603003501892
C1_1,ge2e,it0155,0.8444004058837891,0.8241555094718933
C1_1,ge2e,it0156,0.6427547335624695,0.7389809489250183
C1_1,ge2e,it0157,0.8377785086631775,0.8892041444778442
C1_1,ge2e,it0158,0.7735224366188049,0.7692508101463318
C1_1,ge2e,it0159,0.805837869644165,0.7790720462799072
C1_1,ge2e,it0160,0.8470734357833862,0.8731914758682251
C1_1,ge2e,it0161,0.7937740683555603,0.8412139415740967
C1_1,ge2e,it0162,0.7939376831054688,0.8000468015670776
C1_1,ge2e,it0163,0.7114609479904175,0.7189582586288452
C1_1,ge2e,it0164,0.8101100921630859,0.7946071624755859
C1_1,ge2e,it0165,0.7269032597541809,0.7843653559684753
C1_1,ge2e,it0166,0.7973359227180481,0.8555474281311035
C1_1,ge2e,it0167,0.8441532850265503,0.8609640598297119
C1_1,ge2e,it0168,0.7549801468849182,0.8007416725158691
C1_1,ge2e,it0169,0.7944517731666565,0.831965446472168
C1_1,ge2e,it0170,0.8398728370666504,0.8627183437347412
C1_1,ge2e,it0171,0.8259644508361816,0.8578615188598633
C1_1,ge2e,it0172,0.7745261788368225,0.8154685497283936
C1_1,ge2e,it0173,0.8792566061019897,0.8672024011611938
C1_1,ge2e,it0174,0.7992441654205322,0.7546271085739136
C1_1,ge2e,it0175,0.6635450124740601,0.7487627267837524
C1_1,ge2e,it0176,0.7918662428855896,0.7434108257293701
C1_1,ge2e,it0177,0.8209394812583923,0.8344964981079102
C1_1,ge2e,it0178,0.7893685698509216,0.8390051126480103
C1_1,ge2e,it0179,0.8748596906661987,0.8701354265213013
C1_1,ge2e,it0180,0.8400620818138123,0.8447776436805725
C1_1,ge2e,it0181,0.8424734473228455,0.8796020746231079
C1_1,ge2e,it0182,0.8721128106117249,0.8788987398147583
C1_1,ge2e,it0183,0.7969892621040344,0.8218545913696289
C1_1,ge2e,it0184,0.7861584424972534,0.7333483099937439
C1_1,ge2e,it0185,0.8153043985366821,0.8478485345840454
C1_1,ge2e,it0186,0.8087245225906372,0.8456130027770996
C1_1,ge2e,it0187,0.8486630916595459,0.8356795310974121
C1_1,ge2e,it0188,0.8358022570610046,0.8206559419631958
C1_1,ge2e,it0189,0.7519099712371826,0.745296835899353
C1_1,ge2e,it0190,0.8424534797668457,0.898428738117218
C1_1,ge2e,it0191,0.7870495915412903,0.8024259805679321
C1_1,ge2e,it0192,0.8335252404212952,0.7888022661209106
C1_1,ge2e,it0193,0.8057650327682495,0.843431293964386
C1_1,ge2e,it0194,0.819259524345398,0.8584420680999756
C1_1,ge2e,it0195,0.8040258884429932,0.8426668047904968
C1_1,ge2e,it0196,0.8245513439178467,0.7981272339820862
C1_1,ge2e,it0197,0.7721865177154541,0.7953360080718994
C1_1,ge2e,it0198,0.8321965336799622,0.7886084318161011
C1_1,ge2e,it0199,0.8568500280380249,0.7849343419075012
C1_1,xvect,it0000,0.960193395614624,0.974940836429596
C1_1,xvect,it0001,0.9396531581878662,0.9667590260505676
C1_1,xvect,it0002,0.9300234913825988,0.9464381337165833
C1_1,xvect,it0003,0.9457727074623108,0.9460602402687072
C1_1,xvect,it0004,0.9494501948356628,0.9432474374771118
C1_1,xvect,it0005,0.9422008991241456,0.9522792100906372
C1_1,xvect,it0006,0.9556853771209716,0.950438916683197
C1_1,xvect,it0007,0.9416722655296326,0.9609817266464232
C1_1,xvect,it0008,0.923372209072113,0.9301946759223938
C1_1,xvect,it0009,0.9484028220176696,0.9525157809257508
C1_1,xvect,it0010,0.9650792479515076,0.9648880958557128
C1_1,xvect,it0011,0.9694652557373048,0.9688479900360109
C1_1,xvect,it0012,0.9238874316215516,0.9416478276252748
C1_1,xvect,it0013,0.961326777935028,0.9648985862731934
C1_1,xvect,it0014,0.9245906472206116,0.8991319537162781
C1_1,xvect,it0015,0.9023810029029846,0.9381374716758728
C1_1,xvect,it0016,0.8723955154418945,0.952757716178894
C1_1,xvect,it0017,0.9462811946868896,0.945565104484558
C1_1,xvect,it0018,0.9287362098693848,0.9457502365112304
C1_1,xvect,it0019,0.9432584047317504,0.9085989594459534
C1_1,xvect,it0020,0.9475349187850952,0.9344040751457214
C1_1,xvect,it0021,0.9432488679885864,0.9541906118392944
C1_1,xvect,it0022,0.9442322254180908,0.9342340230941772
C1_1,xvect,it0023,0.9560248255729676,0.956960380077362
C1_1,xvect,it0024,0.9622134566307068,0.9663801193237304
C1_1,xvect,it0025,0.935828983783722,0.9321701526641846
C1_1,xvect,it0026,0.9445909261703492,0.9452592730522156
C1_1,xvect,it0027,0.9631392955780028,0.961765468120575
C1_1,xvect,it0028,0.9504567980766296,0.9600781202316284
C1_1,xvect,it0029,0.9396283030509948,0.9488425254821776
C1_1,xvect,it0030,0.9640845656394958,0.9740284085273744
C1_1,xvect,it0031,0.9443483352661132,0.9646167755126952
C1_1,xvect,it0032,0.9276697635650636,0.953829824924469
C1_1,xvect,it0033,0.9270858764648438,0.9505021572113036
C1_1,xvect,it0034,0.9541894197463988,0.9646564722061156
C1_1,xvect,it0035,0.9459502696990968,0.9494243860244752
C1_1,xvect,it0036,0.9526801109313964,0.9569781422615052
C1_1,xvect,it0037,0.9601314067840576,0.962303638458252
C1_1,xvect,it0038,0.9318917989730836,0.9510205388069152
C1_1,xvect,it0039,0.9538108110427856,0.9502836465835572
C1_1,xvect,it0040,0.945828914642334,0.9533615112304688
C1_1,xvect,it0041,0.9314443469047546,0.9474429488182068
C1_1,xvect,it0042,0.9410489797592164,0.9464709758758544
C1_1,xvect,it0043,0.945993423461914,0.9501975178718568
C1_1,xvect,it0044,0.9623531103134156,0.9668357968330384
C1_1,xvect,it0045,0.9400578141212464,0.9426375031471252
C1_1,xvect,it0046,0.9441068768501282,0.9566247463226318
C1_1,xvect,it0047,0.9612241387367249,0.9658682942390442
C1_1,xvect,it0048,0.9449935555458068,0.9366284608840942
C1_1,xvect,it0049,0.935401439666748,0.9426010847091676
C1_1,xvect,it0050,0.9222794771194458,0.9446263909339904
C1_1,xvect,it0051,0.9467052221298218,0.95612770318985
C1_1,xvect,it0052,0.9359350204467772,0.9503276348114014
C1_1,xvect,it0053,0.9518044590950012,0.9537540078163148
C1_1,xvect,it0054,0.9338852763175964,0.962456464767456
C1_1,xvect,it0055,0.9174277186393738,0.9414077401161194
C1_1,xvect,it0056,0.9630534648895264,0.9609212875366212
C1_1,xvect,it0057,0.9445312023162842,0.9560922980308532
C1_1,xvect,it0058,0.940919816493988,0.9426833987236024
C1_1,xvect,it0059,0.970200538635254,0.971262753009796
C1_1,xvect,it0060,0.9391418695449828,0.929772973060608
C1_1,xvect,it0061,0.9475799798965454,0.9557185173034668
C1_1,xvect,it0062,0.95812326669693,0.9603615403175354
C1_1,xvect,it0063,0.9491732120513916,0.954188108444214
C1_1,xvect,it0064,0.9460827112197876,0.9508832693099976
C1_1,xvect,it0065,0.8980795741081238,0.9253411889076232
C1_1,xvect,it0066,0.9361337423324584,0.9442110061645508
C1_1,xvect,it0067,0.95038241147995,0.9475315809249878
C1_1,xvect,it0068,0.9723647832870485,0.972979724407196
C1_1,xvect,it0069,0.9556000232696532,0.9579402804374696
C1_1,xvect,it0070,0.9313525557518004,0.9304726123809814
C1_1,xvect,it0071,0.9501494765281676,0.9545488953590392
C1_1,xvect,it0072,0.9584977626800536,0.9706460237503052
C1_1,xvect,it0073,0.9232041239738464,0.918562948703766
C1_1,xvect,it0074,0.9371511936187744,0.9569371938705444
C1_1,xvect,it0075,0.9569374322891236,0.9596053957939148
C1_1,xvect,it0076,0.9517368078231812,0.9621432423591614
C1_1,xvect,it0077,0.9287452101707458,0.9113110303878784
C1_1,xvect,it0078,0.9478077292442322,0.9489988684654236
C1_1,xvect,it0079,0.9669015407562256,0.9687590003013612
C1_1,xvect,it0080,0.9285529851913452,0.942053496837616
C1_1,xvect,it0081,0.9534412622451782,0.9579077959060668
C1_1,xvect,it0082,0.9375255703926086,0.9333124756813048
C1_1,xvect,it0083,0.9617632031440736,0.9657665491104126
C1_1,xvect,it0084,0.9689790606498718,0.9651353359222412
C1_1,xvect,it0085,0.9569045305252076,0.9432013630867004
C1_1,xvect,it0086,0.9630870223045348,0.9715009927749634
C1_1,xvect,it0087,0.9621710181236268,0.9607672691345216
C1_1,xvect,it0088,0.9509842395782472,0.9596271514892578
C1_1,xvect,it0089,0.9513402581214904,0.9669877886772156
C1_1,xvect,it0090,0.9636998176574708,0.9639630913734436
C1_1,xvect,it0091,0.935488224029541,0.9437603950500488
C1_1,xvect,it0092,0.9465720653533936,0.9630325436592102
C1_1,xvect,it0093,0.946739137172699,0.9505628347396852
C1_1,xvect,it0094,0.8969055414199829,0.9460461139678956
C1_1,xvect,it0095,0.9495618343353271,0.961061418056488
C1_1,xvect,it0096,0.9444169998168944,0.962497353553772
C1_1,xvect,it0097,0.9582736492156982,0.9634997844696044
C1_1,xvect,it0098,0.9698049426078796,0.9661149382591248
C1_1,xvect,it0099,0.9521758556365968,0.954326331615448
C1_1,xvect,it0100,0.9648358225822448,0.9622007012367249
C1_1,xvect,it0101,0.926541030406952,0.948225200176239
C1_1,xvect,it0102,0.9457541704177856,0.9534646272659302
C1_1,xvect,it0103,0.9517672657966614,0.9494588375091552
C1_1,xvect,it0104,0.9356809854507446,0.9313575029373168
C1_1,xvect,it0105,0.954391598701477,0.9636505842208862
C1_1,xvect,it0106,0.952785313129425,0.958672285079956
C1_1,xvect,it0107,0.9446591138839722,0.9514764547348022
C1_1,xvect,it0108,0.9598349928855896,0.95801442861557
C1_1,xvect,it0109,0.9560829401016236,0.9601393938064576
C1_1,xvect,it0110,0.944024622440338,0.9508633613586426
C1_1,xvect,it0111,0.9662654399871826,0.970402717590332
C1_1,xvect,it0112,0.9620487689971924,0.9672204852104188
C1_1,xvect,it0113,0.9505352973937988,0.9418089985847472
C1_1,xvect,it0114,0.9528641700744628,0.9593511819839478
C1_1,xvect,it0115,0.960143744945526,0.9580103158950806
C1_1,xvect,it0116,0.9517953991889954,0.947110652923584
C1_1,xvect,it0117,0.9251720309257508,0.9697867631912231
C1_1,xvect,it0118,0.949655830860138,0.972614049911499
C1_1,xvect,it0119,0.9609572887420654,0.9666098952293396
C1_1,xvect,it0120,0.9564448595046996,0.9632723927497864
C1_1,xvect,it0121,0.9546880125999452,0.9600220322608948
C1_1,xvect,it0122,0.9550870656967164,0.951574444770813
C1_1,xvect,it0123,0.9546359181404114,0.9596274495124816
C1_1,xvect,it0124,0.9311293959617616,0.9483045339584352
C1_1,xvect,it0125,0.9567409753799438,0.9610149264335632
C1_1,xvect,it0126,0.9595597982406616,0.9665303826332092
C1_1,xvect,it0127,0.9598262906074524,0.9628710746765136
C1_1,xvect,it0128,0.9561167359352112,0.9680537581443788
C1_1,xvect,it0129,0.9388745427131652,0.9465303421020508
C1_1,xvect,it0130,0.9271339774131776,0.9537443518638612
C1_1,xvect,it0131,0.9294854402542114,0.9389650225639344
C1_1,xvect,it0132,0.9430798888206482,0.9462490677833556
C1_1,xvect,it0133,0.9611454010009766,0.964327335357666
C1_1,xvect,it0134,0.954874873161316,0.9633954167366028
C1_1,xvect,it0135,0.9342344999313354,0.9561318159103394
C1_1,xvect,it0136,0.9462813138961792,0.9499297142028807
C1_1,xvect,it0137,0.9562330842018129,0.957209050655365
C1_1,xvect,it0138,0.9572027921676636,0.9639097452163696
C1_1,xvect,it0139,0.9505136013031006,0.9598463177680968
C1_1,xvect,it0140,0.921494960784912,0.933168888092041
C1_1,xvect,it0141,0.9558961987495422,0.9578012228012084
C1_1,xvect,it0142,0.9333360195159912,0.9547383785247804
C1_1,xvect,it0143,0.960228443145752,0.9680551886558532
C1_1,xvect,it0144,0.9566874504089355,0.9640055894851683
C1_1,xvect,it0145,0.9486528635025024,0.9546765089035034
C1_1,xvect,it0146,0.9304036498069764,0.9498150944709778
C1_1,xvect,it0147,0.9396233558654784,0.9508846402168274
C1_1,xvect,it0148,0.9470080137252808,0.9514781832695008
C1_1,xvect,it0149,0.9602217078208924,0.9605282545089722
C1_1,xvect,it0150,0.9311137795448304,0.9383711814880372
C1_1,xvect,it0151,0.9676369428634644,0.9630035758018494
C1_1,xvect,it0152,0.9504213333129884,0.9685592651367188
C1_1,xvect,it0153,0.9133225679397584,0.950474739074707
C1_1,xvect,it0154,0.9207045435905457,0.9104782938957214
C1_1,xvect,it0155,0.9639905095100404,0.9629576802253724
C1_1,xvect,it0156,0.9429047107696532,0.9547652006149292
C1_1,xvect,it0157,0.9565621614456176,0.9653280973434448
C1_1,xvect,it0158,0.9502081274986268,0.9584750533103944
C1_1,xvect,it0159,0.9389320611953736,0.9495795369148254
C1_1,xvect,it0160,0.9578391909599304,0.9691976308822632
C1_1,xvect,it0161,0.9542997479438782,0.9629188179969788
C1_1,xvect,it0162,0.9446762204170228,0.9573931097984314
C1_1,xvect,it0163,0.9655784368515016,0.9680089950561525
C1_1,xvect,it0164,0.9534621238708496,0.9588395357131958
C1_1,xvect,it0165,0.9516626596450806,0.9515288472175598
C1_1,xvect,it0166,0.9421282410621644,0.9457523226737976
C1_1,xvect,it0167,0.9374715089797974,0.9481542706489564
C1_1,xvect,it0168,0.9374249577522278,0.941704511642456
C1_1,xvect,it0169,0.9610264301300048,0.9680108428001404
C1_1,xvect,it0170,0.9567939043045044,0.9478782415390016
C1_1,xvect,it0171,0.952904462814331,0.9609150886535645
C1_1,xvect,it0172,0.9381924271583556,0.9272066354751588
C1_1,xvect,it0173,0.9622076749801636,0.9616978168487548
C1_1,xvect,it0174,0.95818829536438,0.94127094745636
C1_1,xvect,it0175,0.944412350654602,0.9527804851531982
C1_1,xvect,it0176,0.9471887946128844,0.9591578841209412
C1_1,xvect,it0177,0.936939001083374,0.9559155702590942
C1_1,xvect,it0178,0.9435670971870422,0.9493647217750548
C1_1,xvect,it0179,0.9593318104743958,0.9514622688293456
C1_1,xvect,it0180,0.94532310962677,0.9513761401176452
C1_1,xvect,it0181,0.9701727628707886,0.9744051694869996
C1_1,xvect,it0182,0.950829029083252,0.958699345588684
C1_1,xvect,it0183,0.9587096571922302,0.9643286466598512
C1_1,xvect,it0184,0.9383323192596436,0.9463893175125122
C1_1,xvect,it0185,0.9094201922416688,0.9509521126747132
C1_1,xvect,it0186,0.9119373559951782,0.9527968764305116
C1_1,xvect,it0187,0.9498486518859864,0.9466583132743835
C1_1,xvect,it0188,0.9437561631202698,0.9463378190994264
C1_1,xvect,it0189,0.94977205991745,0.956272304058075
C1_1,xvect,it0190,0.9422362446784972,0.9573209285736084
C1_1,xvect,it0191,0.9604035019874572,0.9566572904586792
C1_1,xvect,it0192,0.9110634326934814,0.9494381546974182
C1_1,xvect,it0193,0.969200849533081,0.971316397190094
C1_1,xvect,it0194,0.9675529599189758,0.968414068222046
C1_1,xvect,it0195,0.9546563029289246,0.9614275693893432
C1_1,xvect,it0196,0.9483030438423156,0.9429195523262024
C1_1,xvect,it0197,0.9183050990104676,0.9393344521522522
C1_1,xvect,it0198,0.9382264018058776,0.9465482234954834
C1_1,xvect,it0199,0.961379051208496,0.9566496014595032
C1_1,wavlm_base_plus,it0000,0.8715664148330688,0.909991979598999
C1_1,wavlm_base_plus,it0001,0.8472058773040771,0.9223582744598388
C1_1,wavlm_base_plus,it0002,0.8941498398780823,0.913517951965332
C1_1,wavlm_base_plus,it0003,0.9369595050811768,0.9382835626602172
C1_1,wavlm_base_plus,it0004,0.961119830608368,0.941731333732605
C1_1,wavlm_base_plus,it0005,0.936657190322876,0.9491539001464844
C1_1,wavlm_base_plus,it0006,0.9173147678375244,0.8670446872711182
C1_1,wavlm_base_plus,it0007,0.9455792903900146,0.9633224010467528
C1_1,wavlm_base_plus,it0008,0.8888373374938965,0.928256630897522
C1_1,wavlm_base_plus,it0009,0.9706338047981262,0.9688669443130492
C1_1,wavlm_base_plus,it0010,0.862520694732666,0.919086754322052
C1_1,wavlm_base_plus,it0011,0.935519814491272,0.9643848538398744
C1_1,wavlm_base_plus,it0012,0.8197704553604126,0.876236081123352
C1_1,wavlm_base_plus,it0013,0.9610460996627808,0.9705301523208618
C1_1,wavlm_base_plus,it0014,0.7660579085350037,0.8545377254486084
C1_1,wavlm_base_plus,it0015,0.9197000861167908,0.9206106066703796
C1_1,wavlm_base_plus,it0016,0.9354970455169678,0.9577442407608032
C1_1,wavlm_base_plus,it0017,0.9005510210990906,0.9404963850975036
C1_1,wavlm_base_plus,it0018,0.8677307367324829,0.8806512355804443
C1_1,wavlm_base_plus,it0019,0.9716272354125975,0.935636043548584
C1_1,wavlm_base_plus,it0020,0.801799476146698,0.8109185695648193
C1_1,wavlm_base_plus,it0021,0.8874431848526001,0.9083186984062196
C1_1,wavlm_base_plus,it0022,0.9293109178543092,0.8936518430709839
C1_1,wavlm_base_plus,it0023,0.9307215213775636,0.9132997393608092
C1_1,wavlm_base_plus,it0024,0.9603017568588256,0.977289617061615
C1_1,wavlm_base_plus,it0025,0.95402854681015,0.9164379239082336
C1_1,wavlm_base_plus,it0026,0.8574053049087524,0.8561854362487793
C1_1,wavlm_base_plus,it0027,0.9310614466667176,0.9716129302978516
C1_1,wavlm_base_plus,it0028,0.939704179763794,0.9340159893035888
C1_1,wavlm_base_plus,it0029,0.8747842311859131,0.8580580353736877
C1_1,wavlm_base_plus,it0030,0.909378170967102,0.927676260471344
C1_1,wavlm_base_plus,it0031,0.9550572633743286,0.9339005351066588
C1_1,wavlm_base_plus,it0032,0.9532259702682496,0.9239168167114258
C1_1,wavlm_base_plus,it0033,0.955677568912506,0.9269052743911744
C1_1,wavlm_base_plus,it0034,0.7661414742469788,0.923516809940338
C1_1,wavlm_base_plus,it0035,0.7169110178947449,0.7078768014907837
C1_1,wavlm_base_plus,it0036,0.9568753838539124,0.960240125656128
C1_1,wavlm_base_plus,it0037,0.9069589972496032,0.919711709022522
C1_1,wavlm_base_plus,it0038,0.9164841175079346,0.9118014574050904
C1_1,wavlm_base_plus,it0039,0.9280627965927124,0.9281192421913148
C1_1,wavlm_base_plus,it0040,0.9287331104278564,0.9118077754974364
C1_1,wavlm_base_plus,it0041,0.9509167671203612,0.948822021484375
C1_1,wavlm_base_plus,it0042,0.8765534162521362,0.9176672101020812
C1_1,wavlm_base_plus,it0043,0.8435546159744263,0.868740439414978
C1_1,wavlm_base_plus,it0044,0.954655945301056,0.956675112247467
C1_1,wavlm_base_plus,it0045,0.9168937802314758,0.9302181601524352
C1_1,wavlm_base_plus,it0046,0.794180154800415,0.882739245891571
C1_1,wavlm_base_plus,it0047,0.8143103122711182,0.9571737051010132
C1_1,wavlm_base_plus,it0048,0.9658693075180054,0.9690949320793152
C1_1,wavlm_base_plus,it0049,0.8470255732536316,0.9309518933296204
C1_1,wavlm_base_plus,it0050,0.4566138982772827,0.7508496642112732
C1_1,wavlm_base_plus,it0051,0.957545518875122,0.9260279536247252
C1_1,wavlm_base_plus,it0052,0.8854672312736511,0.876041829586029
C1_1,wavlm_base_plus,it0053,0.8663800358772278,0.8825740814208984
C1_1,wavlm_base_plus,it0054,0.7235370874404907,0.8723462820053101
C1_1,wavlm_base_plus,it0055,0.9521749019622804,0.9577516913414
C1_1,wavlm_base_plus,it0056,0.9470856189727784,0.9598756432533264
C1_1,wavlm_base_plus,it0057,0.8972918391227722,0.9093217849731444
C1_1,wavlm_base_plus,it0058,0.8938010931015015,0.8881182670593262
C1_1,wavlm_base_plus,it0059,0.9663280248641968,0.9745714664459229
C1_1,wavlm_base_plus,it0060,0.7066526412963867,0.8109353184700012
C1_1,wavlm_base_plus,it0061,0.8619042634963989,0.9118797779083252
C1_1,wavlm_base_plus,it0062,0.9458472728729248,0.946029543876648
C1_1,wavlm_base_plus,it0063,0.666215717792511,0.6905946731567383
C1_1,wavlm_base_plus,it0064,0.8451488018035889,0.8966627717018127
C1_1,wavlm_base_plus,it0065,0.9476240873336792,0.9720160961151124
C1_1,wavlm_base_plus,it0066,0.7600878477096558,0.8069791197776794
C1_1,wavlm_base_plus,it0067,0.9150223731994628,0.9344054460525512
C1_1,wavlm_base_plus,it0068,0.9603623151779176,0.9479451179504396
C1_1,wavlm_base_plus,it0069,0.8554984331130981,0.8950515389442444
C1_1,wavlm_base_plus,it0070,0.8937007784843445,0.9325063228607178
C1_1,wavlm_base_plus,it0071,0.9079608917236328,0.8685207962989807
C1_1,wavlm_base_plus,it0072,0.9442370533943176,0.945652425289154
C1_1,wavlm_base_plus,it0073,0.8405450582504272,0.905469536781311
C1_1,wavlm_base_plus,it0074,0.7400828003883362,0.7796863317489624
C1_1,wavlm_base_plus,it0075,0.9008651971817015,0.9546199440956116
C1_1,wavlm_base_plus,it0076,0.8974471092224121,0.9004348516464233
C1_1,wavlm_base_plus,it0077,0.8679187893867493,0.8770744800567627
C1_1,wavlm_base_plus,it0078,0.8841874599456787,0.8489474654197693
C1_1,wavlm_base_plus,it0079,0.9610663652420044,0.9712125658988952
C1_1,wavlm_base_plus,it0080,0.8961201310157776,0.9251360297203064
C1_1,wavlm_base_plus,it0081,0.8864443302154541,0.908086597919464
C1_1,wavlm_base_plus,it0082,0.9362207651138306,0.9172366857528688
C1_1,wavlm_base_plus,it0083,0.9599177837371826,0.9758175015449524
C1_1,wavlm_base_plus,it0084,0.939189314842224,0.9438982009887696
C1_1,wavlm_base_plus,it0085,0.8837329149246216,0.9377912282943726
C1_1,wavlm_base_plus,it0086,0.9396997690200806,0.964296579360962
C1_1,wavlm_base_plus,it0087,0.8907024264335632,0.91768479347229
C1_1,wavlm_base_plus,it0088,0.9258245229721068,0.938839554786682
C1_1,wavlm_base_plus,it0089,0.9187056422233582,0.9442433714866638
C1_1,wavlm_base_plus,it0090,0.9516716003417968,0.9692428112030028
C1_1,wavlm_base_plus,it0091,0.932629644870758,0.9035295248031616
C1_1,wavlm_base_plus,it0092,0.8765143156051636,0.8947334289550781
C1_1,wavlm_base_plus,it0093,0.8531606793403625,0.8781448006629944
C1_1,wavlm_base_plus,it0094,0.8833615183830261,0.8988001346588135
C1_1,wavlm_base_plus,it0095,0.912135124206543,0.9336904883384703
C1_1,wavlm_base_plus,it0096,0.9513841271400452,0.9771928191184998
C1_1,wavlm_base_plus,it0097,0.940088391304016,0.9703534841537476
C1_1,wavlm_base_plus,it0098,0.9434295892715454,0.8479489088058472
C1_1,wavlm_base_plus,it0099,0.7028972506523132,0.7264199256896973
C1_1,wavlm_base_plus,it0100,0.9597088098526,0.9586697816848756
C1_1,wavlm_base_plus,it0101,0.8455790281295776,0.8692590594291687
C1_1,wavlm_base_plus,it0102,0.9354602694511414,0.9409834146499634
C1_1,wavlm_base_plus,it0103,0.8691372871398926,0.9345312118530272
C1_1,wavlm_base_plus,it0104,0.9407526254653932,0.9626572132110596
C1_1,wavlm_base_plus,it0105,0.9052027463912964,0.9357726573944092
C1_1,wavlm_base_plus,it0106,0.9162811040878296,0.8664689660072327
C1_1,wavlm_base_plus,it0107,0.7706193327903748,0.8949702382087708
C1_1,wavlm_base_plus,it0108,0.9214305877685548,0.927434742450714
C1_1,wavlm_base_plus,it0109,0.9364549517631532,0.9445374011993408
C1_1,wavlm_base_plus,it0110,0.6949196457862854,0.6903403401374817
C1_1,wavlm_base_plus,it0111,0.8942456245422363,0.968886375427246
C1_1,wavlm_base_plus,it0112,0.935876190662384,0.928134024143219
C1_1,wavlm_base_plus,it0113,0.9528048038482666,0.949591875076294
C1_1,wavlm_base_plus,it0114,0.8800439238548279,0.8438758850097656
C1_1,wavlm_base_plus,it0115,0.7765985727310181,0.8110785484313965
C1_1,wavlm_base_plus,it0116,0.9291760325431824,0.9261019825935364
C1_1,wavlm_base_plus,it0117,0.926439642906189,0.935128927230835
C1_1,wavlm_base_plus,it0118,0.8381943702697754,0.9234174489974976
C1_1,wavlm_base_plus,it0119,0.9228079319000244,0.9135977029800416
C1_1,wavlm_base_plus,it0120,0.9582197666168212,0.9781922698020936
C1_1,wavlm_base_plus,it0121,0.9406349062919616,0.9655764102935792
C1_1,wavlm_base_plus,it0122,0.9471181631088256,0.9568505883216858
C1_1,wavlm_base_plus,it0123,0.9152740836143494,0.9445927143096924
C1_1,wavlm_base_plus,it0124,0.8259605169296265,0.9290841221809388
C1_1,wavlm_base_plus,it0125,0.894501805305481,0.9206857681274414
C1_1,wavlm_base_plus,it0126,0.9024046063423156,0.9483509659767152
C1_1,wavlm_base_plus,it0127,0.9074130058288574,0.8623876571655273
C1_1,wavlm_base_plus,it0128,0.5252957344055176,0.9268770217895508
C1_1,wavlm_base_plus,it0129,0.8544971942901611,0.9418211579322816
C1_1,wavlm_base_plus,it0130,0.7465100884437561,0.8643417358398438
C1_1,wavlm_base_plus,it0131,0.970625936985016,0.9568358659744264
C1_1,wavlm_base_plus,it0132,0.781539797782898,0.7768194675445557
C1_1,wavlm_base_plus,it0133,0.9660826921463012,0.9834861755371094
C1_1,wavlm_base_plus,it0134,0.9426377415657043,0.943143367767334
C1_1,wavlm_base_plus,it0135,0.7206229567527771,0.7629436254501343
C1_1,wavlm_base_plus,it0136,0.8331646919250488,0.7704957723617554
C1_1,wavlm_base_plus,it0137,0.8466982245445251,0.8777148723602295
C1_1,wavlm_base_plus,it0138,0.9017506837844848,0.9236373901367188
C1_1,wavlm_base_plus,it0139,0.8617527484893799,0.8562158942222595
C1_1,wavlm_base_plus,it0140,0.8819445371627808,0.9043475389480592
C1_1,wavlm_base_plus,it0141,0.9328194856643676,0.95565664768219
C1_1,wavlm_base_plus,it0142,0.8857726454734802,0.8681252002716064
C1_1,wavlm_base_plus,it0143,0.9404826164245604,0.9568659067153932
C1_1,wavlm_base_plus,it0144,0.7571859955787659,0.8240864276885986
C1_1,wavlm_base_plus,it0145,0.8711013197898865,0.9304627180099488
C1_1,wavlm_base_plus,it0146,0.9479864239692688,0.9101905822753906
C1_1,wavlm_base_plus,it0147,0.8968419432640076,0.8888896703720093
C1_1,wavlm_base_plus,it0148,0.7919934988021851,0.7350720167160034
C1_1,wavlm_base_plus,it0149,0.964111328125,0.9204457998275756
C1_1,wavlm_base_plus,it0150,0.8969213366508484,0.9427475333213806
C1_1,wavlm_base_plus,it0151,0.8843036890029907,0.9072494506835938
C1_1,wavlm_base_plus,it0152,0.8943788409233093,0.9187642335891724
C1_1,wavlm_base_plus,it0153,0.9101412296295166,0.9118198156356812
C1_1,wavlm_base_plus,it0154,0.5231112241744995,0.6215721964836121
C1_1,wavlm_base_plus,it0155,0.8895000219345093,0.8871669769287109
C1_1,wavlm_base_plus,it0156,0.8422921895980835,0.8408737182617188
C1_1,wavlm_base_plus,it0157,0.9149786233901978,0.9072400331497192
C1_1,wavlm_base_plus,it0158,0.8710372447967529,0.8776842355728149
C1_1,wavlm_base_plus,it0159,0.9237600564956664,0.8949140906333923
C1_1,wavlm_base_plus,it0160,0.9140762090682985,0.9663740992546082
C1_1,wavlm_base_plus,it0161,0.9491446018218994,0.946065366268158
C1_1,wavlm_base_plus,it0162,0.8516131639480591,0.916050136089325
C1_1,wavlm_base_plus,it0163,0.870728611946106,0.9229137301445008
C1_1,wavlm_base_plus,it0164,0.9284681081771852,0.9398621320724488
C1_1,wavlm_base_plus,it0165,0.6996654272079468,0.7686441540718079
C1_1,wavlm_base_plus,it0166,0.9292294383049012,0.9145110249519348
C1_1,wavlm_base_plus,it0167,0.9434735178947448,0.9656953811645508
C1_1,wavlm_base_plus,it0168,0.9672996997833252,0.9447278380393982
C1_1,wavlm_base_plus,it0169,0.935916006565094,0.9196327924728394
C1_1,wavlm_base_plus,it0170,0.91939115524292,0.9125215411186218
C1_1,wavlm_base_plus,it0171,0.9248579740524292,0.9668956995010376
C1_1,wavlm_base_plus,it0172,0.8431782126426697,0.8460683822631836
C1_1,wavlm_base_plus,it0173,0.9733261466026306,0.9434539675712584
C1_1,wavlm_base_plus,it0174,0.8363296985626221,0.8955343961715698
C1_1,wavlm_base_plus,it0175,0.879670262336731,0.8721891045570374
C1_1,wavlm_base_plus,it0176,0.9523446559906006,0.9715548753738404
C1_1,wavlm_base_plus,it0177,0.9267443418502808,0.939257562160492
C1_1,wavlm_base_plus,it0178,0.9111430048942566,0.8915085792541504
C1_1,wavlm_base_plus,it0179,0.9754427075386048,0.9702081680297852
C1_1,wavlm_base_plus,it0180,0.941762626171112,0.9401339888572692
C1_1,wavlm_base_plus,it0181,0.9286370277404784,0.9102104306221008
C1_1,wavlm_base_plus,it0182,0.9742060899734496,0.9286468029022216
C1_1,wavlm_base_plus,it0183,0.8774927854537964,0.9380512833595276
C1_1,wavlm_base_plus,it0184,0.833899199962616,0.7645741701126099
C1_1,wavlm_base_plus,it0185,0.9217637777328492,0.9338833689689636
C1_1,wavlm_base_plus,it0186,0.958698034286499,0.9751516580581664
C1_1,wavlm_base_plus,it0187,0.8469328880310059,0.8850006461143494
C1_1,wavlm_base_plus,it0188,0.9574439525604248,0.9165202975273132
C1_1,wavlm_base_plus,it0189,0.905900537967682,0.9108994007110596
C1_1,wavlm_base_plus,it0190,0.9508054256439208,0.9702600240707396
C1_1,wavlm_base_plus,it0191,0.9781200289726256,0.972692847251892
C1_1,wavlm_base_plus,it0192,0.9466622471809388,0.9340792894363404
C1_1,wavlm_base_plus,it0193,0.9393094778060912,0.9586896300315856
C1_1,wavlm_base_plus,it0194,0.931804656982422,0.9490076303482056
C1_1,wavlm_base_plus,it0195,0.9319837093353271,0.9630231857299804
C1_1,wavlm_base_plus,it0196,0.9179219603538512,0.8849045038223267
C1_1,wavlm_base_plus,it0197,0.9398943185806274,0.8866602182388306
C1_1,wavlm_base_plus,it0198,0.7036356329917908,0.7305924296379089
C1_1,wavlm_base_plus,it0199,0.9290294647216796,0.901064932346344
C1_2,wavlm_large,it0000,0.47247976064682,0.585780918598175
C1_2,wavlm_large,it0001,0.2044328302145004,0.3515103459358215
C1_2,wavlm_large,it0002,0.3289966285228729,0.3523899018764496
C1_2,wavlm_large,it0003,0.1946559995412826,0.473794937133789
C1_2,wavlm_large,it0004,0.21226766705513,0.4602075219154358
C1_2,wavlm_large,it0005,0.4250061213970184,0.362349271774292
C1_2,wavlm_large,it0006,0.2670334577560425,0.3784722089767456
C1_2,wavlm_large,it0007,0.3403733968734741,0.3243626356124878
C1_2,wavlm_large,it0008,0.2916106879711151,0.3848163783550262
C1_2,wavlm_large,it0009,0.5382465720176697,0.61985844373703
C1_2,wavlm_large,it0010,0.5248295068740845,0.5602693557739258
C1_2,wavlm_large,it0011,0.4692821502685547,0.4851709306240082
C1_2,wavlm_large,it0012,0.1389447152614593,0.2999801337718963
C1_2,wavlm_large,it0013,0.4862612187862396,0.5799764394760132
C1_2,wavlm_large,it0014,0.2286083549261093,0.4417903423309326
C1_2,wavlm_large,it0015,0.4547217786312103,0.5841387510299683
C1_2,wavlm_large,it0016,0.1851017922163009,0.3279948532581329
C1_2,wavlm_large,it0017,0.3544348478317261,0.3870925903320312
C1_2,wavlm_large,it0018,0.2159871160984039,0.3024742901325226
C1_2,wavlm_large,it0019,0.6038535833358765,0.5715253353118896
C1_2,wavlm_large,it0020,0.1792353093624115,0.2937912046909332
C1_2,wavlm_large,it0021,0.3223111033439636,0.420434832572937
C1_2,wavlm_large,it0022,0.2924312949180603,0.4545548558235168
C1_2,wavlm_large,it0023,0.4844712316989898,0.564311683177948
C1_2,wavlm_large,it0024,0.4105238318443298,0.489391952753067
C1_2,wavlm_large,it0025,0.510208249092102,0.5839265584945679
C1_2,wavlm_large,it0026,0.1240767017006874,0.2641807794570923
C1_2,wavlm_large,it0027,0.4980117082595825,0.6184555888175964
C1_2,wavlm_large,it0028,0.4319646954536438,0.57596355676651
C1_2,wavlm_large,it0029,0.3020074665546417,0.3932301998138428
C1_2,wavlm_large,it0030,0.3770105838775635,0.5074756145477295
C1_2,wavlm_large,it0031,0.4038087725639343,0.32650887966156
C1_2,wavlm_large,it0032,0.4915086925029754,0.5734318494796753
C1_2,wavlm_large,it0033,0.2386355698108673,0.3176852166652679
C1_2,wavlm_large,it0034,0.2329480946063995,0.3098744750022888
C1_2,wavlm_large,it0035,0.1204340979456901,0.3331258594989776
C1_2,wavlm_large,it0036,0.4941254258155823,0.5541092157363892
C1_2,wavlm_large,it0037,0.4606868326663971,0.5358956456184387
C1_2,wavlm_large,it0038,0.1831335425376892,0.2164115309715271
C1_2,wavlm_large,it0039,0.4037344455718994,0.4801572263240814
C1_2,wavlm_large,it0040,0.1173144876956939,0.2571960687637329
C1_2,wavlm_large,it0041,0.4321449995040893,0.5117576122283936
C1_2,wavlm_large,it0042,0.3080100417137146,0.4088553190231323
C1_2,wavlm_large,it0043,0.1703041195869445,0.2997568845748901
C1_2,wavlm_large,it0044,0.2315655499696731,0.6301995515823364
C1_2,wavlm_large,it0045,0.381953090429306,0.3788344860076904
C1_2,wavlm_large,it0046,0.0854497477412223,0.2707319259643554
C1_2,wavlm_large,it0047,0.2445233166217804,0.221684917807579
C1_2,wavlm_large,it0048,0.4695369601249695,0.4312492609024048
C1_2,wavlm_large,it0049,0.446067750453949,0.4998838007450104
C1_2,wavlm_large,it0050,-0.0413230955600738,0.077926754951477
C1_2,wavlm_large,it0051,0.385725200176239,0.4420971870422363
C1_2,wavlm_large,it0052,0.2110256254673004,0.2846287488937378
C1_2,wavlm_large,it0053,0.2761693596839905,0.3536742329597473
C1_2,wavlm_large,it0054,0.1304414123296737,0.2727426588535309
C1_2,wavlm_large,it0055,0.5185664892196655,0.5231016874313354
C1_2,wavlm_large,it0056,0.1534176915884018,0.2975137531757355
C1_2,wavlm_large,it0057,0.2060166001319885,0.3059965670108795
C1_2,wavlm_large,it0058,0.3354437947273254,0.435471624135971
C1_2,wavlm_large,it0059,0.5753492116928101,0.5506197810173035
C1_2,wavlm_large,it0060,0.3297902941703796,0.3959388434886932
C1_2,wavlm_large,it0061,0.5068557262420654,0.5935757160186768
C1_2,wavlm_large,it0062,0.499277651309967,0.6182011961936951
C1_2,wavlm_large,it0063,0.3002355992794037,0.3998384475708008
C1_2,wavlm_large,it0064,0.400424599647522,0.5031925439834595
C1_2,wavlm_large,it0065,0.4979867935180664,0.5995787382125854
C1_2,wavlm_large,it0066,0.2890508770942688,0.3422022461891174
C1_2,wavlm_large,it0067,0.265313446521759,0.2502649426460266
C1_2,wavlm_large,it0068,0.6120977997779846,0.5419917702674866
C1_2,wavlm_large,it0069,0.2003668546676635,0.3815307319164276
C1_2,wavlm_large,it0070,0.4818557500839233,0.6153734922409058
C1_2,wavlm_large,it0071,0.4814226627349853,0.5249442458152771
C1_2,wavlm_large,it0072,0.4770022630691528,0.4875652194023132
C1_2,wavlm_large,it0073,0.0616703331470489,0.3546422719955444
C1_2,wavlm_large,it0074,0.0470506884157657,0.3004877269268036
C1_2,wavlm_large,it0075,0.3820176124572754,0.3860065340995788
C1_2,wavlm_large,it0076,0.2690359950065613,0.3877606987953186
C1_2,wavlm_large,it0077,0.3829704523086548,0.591101884841919
C1_2,wavlm_large,it0078,0.2683790028095245,0.3942960798740387
C1_2,wavlm_large,it0079,0.5457854270935059,0.5093013048171997
C1_2,wavlm_large,it0080,0.2559571266174316,0.2562233507633209
C1_2,wavlm_large,it0081,0.2673390507698059,0.275872141122818
C1_2,wavlm_large,it0082,0.4976729154586792,0.5444143414497375
C1_2,wavlm_large,it0083,0.2653639018535614,0.3818791508674621
C1_2,wavlm_large,it0084,0.4605010151863098,0.4845732152462005
C1_2,wavlm_large,it0085,0.4690353870391845,0.4798211753368377
C1_2,wavlm_large,it0086,0.5774276256561279,0.6287439465522766
C1_2,wavlm_large,it0087,0.4416241347789764,0.6717504858970642
C1_2,wavlm_large,it0088,0.2746621072292328,0.4109988808631897
C1_2,wavlm_large,it0089,0.1419731974601745,0.2372205108404159
C1_2,wavlm_large,it0090,0.5114802122116089,0.5728129148483276
C1_2,wavlm_large,it0091,0.5229861736297607,0.561962902545929
C1_2,wavlm_large,it0092,0.3086295425891876,0.3917467296123504
C1_2,wavlm_large,it0093,0.3253511190414428,0.394001692533493
C1_2,wavlm_large,it0094,0.5382810831069946,0.4842590987682342
C1_2,wavlm_large,it0095,0.5713794827461243,0.5656853318214417
C1_2,wavlm_large,it0096,0.4693842530250549,0.4409298002719879
C1_2,wavlm_large,it0097,0.5140892267227173,0.600460946559906
C1_2,wavlm_large,it0098,0.315781682729721,0.4555558562278747
C1_2,wavlm_large,it0099,0.2980111837387085,0.2407843321561813
C1_2,wavlm_large,it0100,0.5513415932655334,0.6695469617843628
C1_2,wavlm_large,it0101,0.1820991039276123,0.302789956331253
C1_2,wavlm_large,it0102,0.4732680916786194,0.4117834866046905
C1_2,wavlm_large,it0103,0.3887035250663757,0.4707078635692596
C1_2,wavlm_large,it0104,0.2118154615163803,0.503303587436676
C1_2,wavlm_large,it0105,0.413556307554245,0.4794286489486694
C1_2,wavlm_large,it0106,0.4340091049671173,0.444365918636322
C1_2,wavlm_large,it0107,0.1959020048379898,0.5277929902076721
C1_2,wavlm_large,it0108,0.2641467452049255,0.3365351259708404
C1_2,wavlm_large,it0109,0.359682947397232,0.4470327496528625
C1_2,wavlm_large,it0110,0.2765168249607086,0.3011952042579651
C1_2,wavlm_large,it0111,0.1581997275352478,0.210093006491661
C1_2,wavlm_large,it0112,0.5401938557624817,0.5681177973747253
C1_2,wavlm_large,it0113,0.4603279829025268,0.5012888312339783
C1_2,wavlm_large,it0114,0.2587061524391174,0.5348542332649231
C1_2,wavlm_large,it0115,0.2281826585531234,0.3240001499652862
C1_2,wavlm_large,it0116,0.3833352625370025,0.4206103980541229
C1_2,wavlm_large,it0117,0.4968496263027191,0.5406436920166016
C1_2,wavlm_large,it0118,0.3869865238666534,0.4718217551708221
C1_2,wavlm_large,it0119,0.3086050152778625,0.5659799575805664
C1_2,wavlm_large,it0120,0.3821156620979309,0.5334645509719849
C1_2,wavlm_large,it0121,0.4124565422534942,0.379839539527893
C1_2,wavlm_large,it0122,0.3012073636054992,0.357717901468277
C1_2,wavlm_large,it0123,0.4140166640281677,0.5782968401908875
C1_2,wavlm_large,it0124,0.476816713809967,0.4675112962722778
C1_2,wavlm_large,it0125,0.4520298540592193,0.4497842788696289
C1_2,wavlm_large,it0126,0.3684539794921875,0.5389884114265442
C1_2,wavlm_large,it0127,0.338050365447998,0.3652649819850921
C1_2,wavlm_large,it0128,0.3057433664798736,0.5057604312896729
C1_2,wavlm_large,it0129,0.277864545583725,0.2514867484569549
C1_2,wavlm_large,it0130,0.3012334108352661,0.3566893339157104
C1_2,wavlm_large,it0131,0.357032835483551,0.4586113393306732
C1_2,wavlm_large,it0132,0.2847410440444946,0.3170234560966491
C1_2,wavlm_large,it0133,0.4599767327308655,0.5049734115600586
C1_2,wavlm_large,it0134,0.3884019255638122,0.3302827775478363
C1_2,wavlm_large,it0135,0.3541624248027801,0.517548680305481
C1_2,wavlm_large,it0136,0.3438749611377716,0.4019652009010315
C1_2,wavlm_large,it0137,0.3667411208152771,0.4363462924957275
C1_2,wavlm_large,it0138,0.5300819873809814,0.6249756217002869
C1_2,wavlm_large,it0139,0.2556377649307251,0.5426305532455444
C1_2,wavlm_large,it0140,0.1510466933250427,0.3987151682376861
C1_2,wavlm_large,it0141,0.6090322136878967,0.6304867267608643
C1_2,wavlm_large,it0142,0.2598109841346741,0.2413780242204666
C1_2,wavlm_large,it0143,0.3328837454319,0.4692723751068115
C1_2,wavlm_large,it0144,0.3844740986824035,0.3815779685974121
C1_2,wavlm_large,it0145,0.5458017587661743,0.5833135843276978
C1_2,wavlm_large,it0146,0.4673887193202972,0.4070740342140198
C1_2,wavlm_large,it0147,0.4171572029590606,0.3873995840549469
C1_2,wavlm_large,it0148,0.0497539415955543,0.1962446123361587
C1_2,wavlm_large,it0149,0.3654878735542297,0.4863666296005249
C1_2,wavlm_large,it0150,0.4611933827400207,0.5045802593231201
C1_2,wavlm_large,it0151,0.4886386096477508,0.5147998332977295
C1_2,wavlm_large,it0152,0.3368837833404541,0.4020065069198608
C1_2,wavlm_large,it0153,0.3197621703147888,0.4613016247749328
C1_2,wavlm_large,it0154,0.1611232161521911,0.1868118494749069
C1_2,wavlm_large,it0155,0.2885780930519104,0.2604787647724151
C1_2,wavlm_large,it0156,0.2726178169250488,0.3297220468521118
C1_2,wavlm_large,it0157,0.4502161741256714,0.4593647718429565
C1_2,wavlm_large,it0158,0.342468798160553,0.389370322227478
C1_2,wavlm_large,it0159,0.3082365095615387,0.3781446516513824
C1_2,wavlm_large,it0160,0.4217577576637268,0.4889727830886841
C1_2,wavlm_large,it0161,0.2649729549884796,0.3131395578384399
C1_2,wavlm_large,it0162,0.2920581400394439,0.3157951831817627
C1_2,wavlm_large,it0163,0.4367423355579376,0.3721702098846435
C1_2,wavlm_large,it0164,0.1875984966754913,0.2724286317825317
C1_2,wavlm_large,it0165,0.2625272572040558,0.3204575181007385
C1_2,wavlm_large,it0166,0.1435479074716568,0.4316827356815338
C1_2,wavlm_large,it0167,0.4492541849613189,0.5651333928108215
C1_2,wavlm_large,it0168,0.3002945780754089,0.3435260057449341
C1_2,wavlm_large,it0169,0.3090061247348785,0.422847718000412
C1_2,wavlm_large,it0170,0.3491188287734985,0.4337480962276459
C1_2,wavlm_large,it0171,0.5058281421661377,0.6050597429275513
C1_2,wavlm_large,it0172,0.223135307431221,0.3429805636405945
C1_2,wavlm_large,it0173,0.5925512909889221,0.6296005249023438
C1_2,wavlm_large,it0174,0.2386583387851715,0.4610521793365478
C1_2,wavlm_large,it0175,0.2687658667564392,0.3437438309192657
C1_2,wavlm_large,it0176,0.4146418273448944,0.4846222698688507
C1_2,wavlm_large,it0177,0.3695505857467651,0.505906879901886
C1_2,wavlm_large,it0178,0.1623727083206176,0.2891001105308532
C1_2,wavlm_large,it0179,0.5633498430252075,0.6111302971839905
C1_2,wavlm_large,it0180,0.5090051293373108,0.5151733160018921
C1_2,wavlm_large,it0181,0.4553338885307312,0.533720850944519
C1_2,wavlm_large,it0182,0.4320012331008911,0.4304510354995727
C1_2,wavlm_large,it0183,0.4695536494255066,0.5913639664649963
C1_2,wavlm_large,it0184,0.2486471831798553,0.3219596147537231
C1_2,wavlm_large,it0185,0.2947680354118347,0.4866710901260376
C1_2,wavlm_large,it0186,0.4720700979232788,0.4917035698890686
C1_2,wavlm_large,it0187,0.3306518793106079,0.3889456987380981
C1_2,wavlm_large,it0188,0.3442705273628235,0.4572804868221283
C1_2,wavlm_large,it0189,0.2930402159690857,0.2996530532836914
C1_2,wavlm_large,it0190,0.5356237292289734,0.513628363609314
C1_2,wavlm_large,it0191,0.2247688770294189,0.4199289679527282
C1_2,wavlm_large,it0192,0.4378931224346161,0.5626459717750549
C1_2,wavlm_large,it0193,0.2587097883224487,0.3359861969947815
C1_2,wavlm_large,it0194,0.6859794855117798,0.6094685792922974
C1_2,wavlm_large,it0195,0.4460780918598175,0.5965745449066162
C1_2,wavlm_large,it0196,0.2301816642284393,0.3968158066272735
C1_2,wavlm_large,it0197,0.3478368520736694,0.3916884362697601
C1_2,wavlm_large,it0198,0.1732503175735473,0.2890987992286682
C1_2,wavlm_large,it0199,0.399068534374237,0.4578501284122467
C1_2,ecapa,it0000,0.4945937395095825,0.547907292842865
C1_2,ecapa,it0001,0.4098831117153168,0.4563030004501343
C1_2,ecapa,it0002,0.4766335487365722,0.2455025464296341
C1_2,ecapa,it0003,0.3627099990844726,0.4983027577400207
C1_2,ecapa,it0004,0.4975462853908539,0.5377840399742126
C1_2,ecapa,it0005,0.460053950548172,0.4468673467636108
C1_2,ecapa,it0006,0.2450011670589447,0.3873454928398132
C1_2,ecapa,it0007,0.2733690738677978,0.3083975315093994
C1_2,ecapa,it0008,0.2536846399307251,0.3442684412002563
C1_2,ecapa,it0009,0.5419216752052307,0.5335717797279358
C1_2,ecapa,it0010,0.5404306650161743,0.6282419562339783
C1_2,ecapa,it0011,0.4708786606788635,0.5689265131950378
C1_2,ecapa,it0012,0.280048668384552,0.4292731881141662
C1_2,ecapa,it0013,0.4754624664783478,0.5794674158096313
C1_2,ecapa,it0014,0.3738225698471069,0.3940293788909912
C1_2,ecapa,it0015,0.364139199256897,0.4616020023822784
C1_2,ecapa,it0016,0.3242760300636291,0.5887956619262695
C1_2,ecapa,it0017,0.3985910713672638,0.579751193523407
C1_2,ecapa,it0018,0.382970929145813,0.3633871078491211
C1_2,ecapa,it0019,0.6119268536567688,0.6688324809074402
C1_2,ecapa,it0020,0.3358492255210876,0.3954189121723175
C1_2,ecapa,it0021,0.3314463794231415,0.499883770942688
C1_2,ecapa,it0022,0.2500048875808716,0.4293472170829773
C1_2,ecapa,it0023,0.675595223903656,0.6126910448074341
C1_2,ecapa,it0024,0.5813684463500977,0.5697771906852722
C1_2,ecapa,it0025,0.5832455158233643,0.6133399605751038
C1_2,ecapa,it0026,0.1885656267404556,0.1731944531202316
C1_2,ecapa,it0027,0.6576805114746094,0.6739197969436646
C1_2,ecapa,it0028,0.3974213004112243,0.4563238024711609
C1_2,ecapa,it0029,0.2756989300251007,0.1138188987970352
C1_2,ecapa,it0030,0.4857495725154876,0.5758799910545349
C1_2,ecapa,it0031,0.4785284399986267,0.433595210313797
C1_2,ecapa,it0032,0.542313277721405,0.7037867307662964
C1_2,ecapa,it0033,0.2764621078968048,0.4181913137435913
C1_2,ecapa,it0034,0.3724869191646576,0.442315936088562
C1_2,ecapa,it0035,0.3093481957912445,0.3966103792190552
C1_2,ecapa,it0036,0.6251632571220398,0.660548210144043
C1_2,ecapa,it0037,0.4567524194717407,0.509362518787384
C1_2,ecapa,it0038,0.2760433256626129,0.3395476043224334
C1_2,ecapa,it0039,0.479054719209671,0.4540912210941314
C1_2,ecapa,it0040,0.1795068234205246,0.3628412783145904
C1_2,ecapa,it0041,0.5267552733421326,0.6522223353385925
C1_2,ecapa,it0042,0.3065587878227234,0.4216035604476928
C1_2,ecapa,it0043,0.2294364273548126,0.269719511270523
C1_2,ecapa,it0044,0.4130971431732178,0.4796803295612335
C1_2,ecapa,it0045,0.2915878891944885,0.2118166089057922
C1_2,ecapa,it0046,0.3232790529727936,0.31581911444664
C1_2,ecapa,it0047,0.2480660080909729,0.2264813333749771
C1_2,ecapa,it0048,0.5594316124916077,0.5648326873779297
C1_2,ecapa,it0049,0.3551043570041656,0.2364886403083801
C1_2,ecapa,it0050,0.1950844526290893,0.2851333618164062
C1_2,ecapa,it0051,0.1997948288917541,0.1586160659790039
C1_2,ecapa,it0052,0.2193607687950134,0.2487609684467315
C1_2,ecapa,it0053,0.2098964154720306,0.320642352104187
C1_2,ecapa,it0054,0.2662390470504761,0.2107187956571579
C1_2,ecapa,it0055,0.471153974533081,0.5525615215301514
C1_2,ecapa,it0056,0.2776421308517456,0.3564208447933197
C1_2,ecapa,it0057,0.4304897487163543,0.5231069326400757
C1_2,ecapa,it0058,0.3670544922351837,0.4089779555797577
C1_2,ecapa,it0059,0.5572725534439087,0.5404822826385498
C1_2,ecapa,it0060,0.4156535267829895,0.4436367154121399
C1_2,ecapa,it0061,0.4978803694248199,0.5762591361999512
C1_2,ecapa,it0062,0.6024878025054932,0.66130530834198
C1_2,ecapa,it0063,0.3829801678657532,0.4430572092533111
C1_2,ecapa,it0064,0.2614870071411133,0.2351909875869751
C1_2,ecapa,it0065,0.5505318641662598,0.6292462348937988
C1_2,ecapa,it0066,0.3325319588184356,0.2530241012573242
C1_2,ecapa,it0067,0.2590632438659668,0.3775146305561065
C1_2,ecapa,it0068,0.6255358457565308,0.6129843592643738
C1_2,ecapa,it0069,0.2803324162960052,0.4469411373138428
C1_2,ecapa,it0070,0.4439716339111328,0.4757684171199798
C1_2,ecapa,it0071,0.5226959586143494,0.5610159635543823
C1_2,ecapa,it0072,0.4551816582679748,0.4850994646549225
C1_2,ecapa,it0073,0.179381251335144,0.2261430621147155
C1_2,ecapa,it0074,0.184232160449028,0.2301652431488037
C1_2,ecapa,it0075,0.3770499229431152,0.4269244074821472
C1_2,ecapa,it0076,0.4561678767204284,0.608962893486023
C1_2,ecapa,it0077,0.40538489818573,0.4936617314815521
C1_2,ecapa,it0078,0.2963673770427704,0.3788087069988251
C1_2,ecapa,it0079,0.5601128935813904,0.5694780945777893
C1_2,ecapa,it0080,0.4435319900512695,0.4617961943149566
C1_2,ecapa,it0081,0.3528855443000793,0.3889162540435791
C1_2,ecapa,it0082,0.4470691680908203,0.4817875623703003
C1_2,ecapa,it0083,0.3878543376922607,0.4957930147647857
C1_2,ecapa,it0084,0.6261110305786133,0.6085907220840454
C1_2,ecapa,it0085,0.4143539369106293,0.6648997068405151
C1_2,ecapa,it0086,0.6213372349739075,0.554979145526886
C1_2,ecapa,it0087,0.470780462026596,0.5670221447944641
C1_2,ecapa,it0088,0.3005062341690063,0.3792834281921386
C1_2,ecapa,it0089,0.3109550476074219,0.3249118626117706
C1_2,ecapa,it0090,0.6026632785797119,0.5090136528015137
C1_2,ecapa,it0091,0.5650351047515869,0.6739076972007751
C1_2,ecapa,it0092,0.3812251091003418,0.4886103868484497
C1_2,ecapa,it0093,0.424004316329956,0.5701305866241455
C1_2,ecapa,it0094,0.4869409203529358,0.330332338809967
C1_2,ecapa,it0095,0.4064404666423797,0.628949761390686
C1_2,ecapa,it0096,0.4659520089626312,0.4834714233875274
C1_2,ecapa,it0097,0.549291729927063,0.6283326745033264
C1_2,ecapa,it0098,0.5494661927223206,0.5554422736167908
C1_2,ecapa,it0099,0.2672736942768097,0.263175368309021
C1_2,ecapa,it0100,0.6111006140708923,0.5644218921661377
C1_2,ecapa,it0101,0.1562469154596328,0.2622446715831756
C1_2,ecapa,it0102,0.3594081997871399,0.248226061463356
C1_2,ecapa,it0103,0.3655022084712982,0.5199441313743591
C1_2,ecapa,it0104,0.4016075134277344,0.3994704782962799
C1_2,ecapa,it0105,0.2668096125125885,0.3729592263698578
C1_2,ecapa,it0106,0.3473693132400512,0.4202120304107666
C1_2,ecapa,it0107,0.3452564477920532,0.5327003002166748
C1_2,ecapa,it0108,0.4315234422683716,0.4321641325950622
C1_2,ecapa,it0109,0.45732381939888,0.4642322659492492
C1_2,ecapa,it0110,0.18614062666893,0.1027955412864685
C1_2,ecapa,it0111,0.2558557391166687,0.3261158466339111
C1_2,ecapa,it0112,0.6648043394088745,0.6809853315353394
C1_2,ecapa,it0113,0.4809105396270752,0.5455735325813293
C1_2,ecapa,it0114,0.2660206854343414,0.4986597895622253
C1_2,ecapa,it0115,0.3130950927734375,0.3653947114944458
C1_2,ecapa,it0116,0.5164719223976135,0.5254393219947815
C1_2,ecapa,it0117,0.410449206829071,0.4021867215633392
C1_2,ecapa,it0118,0.4515822529792785,0.6150988340377808
C1_2,ecapa,it0119,0.4190510213375091,0.516308069229126
C1_2,ecapa,it0120,0.5350439548492432,0.6004010438919067
C1_2,ecapa,it0121,0.5865726470947266,0.4986937046051025
C1_2,ecapa,it0122,0.2740297317504883,0.1962402611970901
C1_2,ecapa,it0123,0.179604947566986,0.4716212749481201
C1_2,ecapa,it0124,0.5789835453033447,0.6088396310806274
C1_2,ecapa,it0125,0.53398597240448,0.5974100828170776
C1_2,ecapa,it0126,0.5141865015029907,0.5237426161766052
C1_2,ecapa,it0127,0.3164266943931579,0.371048241853714
C1_2,ecapa,it0128,0.3891321420669555,0.5404075980186462
C1_2,ecapa,it0129,0.1698664724826812,0.2407213747501373
C1_2,ecapa,it0130,0.2891439795494079,0.3489762842655182
C1_2,ecapa,it0131,0.3276365399360657,0.3620483577251434
C1_2,ecapa,it0132,0.3133603036403656,0.3021138608455658
C1_2,ecapa,it0133,0.4327465295791626,0.4694517850875854
C1_2,ecapa,it0134,0.4383797943592071,0.3835052251815796
C1_2,ecapa,it0135,0.3893924653530121,0.3901464641094208
C1_2,ecapa,it0136,0.3143269419670105,0.3742339611053467
C1_2,ecapa,it0137,0.5107611417770386,0.6224753856658936
C1_2,ecapa,it0138,0.3579776883125305,0.4663371443748474
C1_2,ecapa,it0139,0.4971661269664764,0.5991787314414978
C1_2,ecapa,it0140,0.219524547457695,0.4250514805316925
C1_2,ecapa,it0141,0.5080043077468872,0.6767377853393555
C1_2,ecapa,it0142,0.1988847106695175,0.1384515017271042
C1_2,ecapa,it0143,0.2972152233123779,0.3393687605857849
C1_2,ecapa,it0144,0.5834086537361145,0.5588104724884033
C1_2,ecapa,it0145,0.4805090129375458,0.508185625076294
C1_2,ecapa,it0146,0.5192933678627014,0.4795282483100891
C1_2,ecapa,it0147,0.3851205110549927,0.4091967642307281
C1_2,ecapa,it0148,-0.0061587053351104,0.0130260046571493
C1_2,ecapa,it0149,0.486368864774704,0.46554034948349
C1_2,ecapa,it0150,0.4429877698421478,0.4309651255607605
C1_2,ecapa,it0151,0.5134257078170776,0.562233030796051
C1_2,ecapa,it0152,0.4679079055786133,0.4967173337936401
C1_2,ecapa,it0153,0.2222034931182861,0.37001433968544
C1_2,ecapa,it0154,0.2592591345310211,0.2749277651309967
C1_2,ecapa,it0155,0.2289814203977584,0.2047594934701919
C1_2,ecapa,it0156,0.2071464210748672,0.3559893369674682
C1_2,ecapa,it0157,0.5283597707748413,0.5709406137466431
C1_2,ecapa,it0158,0.4768372476100921,0.328094333410263
C1_2,ecapa,it0159,0.4682451784610748,0.5470640063285828
C1_2,ecapa,it0160,0.5103926062583923,0.528866171836853
C1_2,ecapa,it0161,0.3675416707992553,0.3124030828475952
C1_2,ecapa,it0162,0.1236442178487777,0.1199438944458961
C1_2,ecapa,it0163,0.5612210631370544,0.5582718849182129
C1_2,ecapa,it0164,0.3819192051887512,0.4258491396903991
C1_2,ecapa,it0165,0.2758771777153015,0.2940666079521179
C1_2,ecapa,it0166,0.4861294627189636,0.6349018812179565
C1_2,ecapa,it0167,0.4006466567516327,0.4559425711631775
C1_2,ecapa,it0168,0.3111125230789184,0.4492458701133728
C1_2,ecapa,it0169,0.2799039483070373,0.4399006962776184
C1_2,ecapa,it0170,0.2622295618057251,0.4323601722717285
C1_2,ecapa,it0171,0.5908831357955933,0.6298810243606567
C1_2,ecapa,it0172,0.2044168263673782,0.2423339486122131
C1_2,ecapa,it0173,0.6494267582893372,0.728688657283783
C1_2,ecapa,it0174,0.4212563037872314,0.4698042273521423
C1_2,ecapa,it0175,0.2252759337425232,0.2397926896810531
C1_2,ecapa,it0176,0.3489826917648315,0.4430340528488159
C1_2,ecapa,it0177,0.3656153082847595,0.4304707050323486
C1_2,ecapa,it0178,0.3316879272460937,0.3107169866561889
C1_2,ecapa,it0179,0.6004217863082886,0.6262582540512085
C1_2,ecapa,it0180,0.5311486124992371,0.4516714215278625
C1_2,ecapa,it0181,0.4457064270973205,0.5446824431419373
C1_2,ecapa,it0182,0.5408629179000854,0.5230542421340942
C1_2,ecapa,it0183,0.5959954857826233,0.6736574769020081
C1_2,ecapa,it0184,0.2148662507534027,0.2658597528934479
C1_2,ecapa,it0185,0.3494949340820312,0.4942975044250488
C1_2,ecapa,it0186,0.5016863942146301,0.5293651819229126
C1_2,ecapa,it0187,0.3450278639793396,0.4273974895477295
C1_2,ecapa,it0188,0.5079824924468994,0.5626395344734192
C1_2,ecapa,it0189,0.3833726644515991,0.3889543414115906
C1_2,ecapa,it0190,0.5439466238021851,0.5450083017349243
C1_2,ecapa,it0191,0.3675585687160492,0.4530075192451477
C1_2,ecapa,it0192,0.3991706967353821,0.5157899260520935
C1_2,ecapa,it0193,0.4514273107051849,0.4691972434520721
C1_2,ecapa,it0194,0.5764162540435791,0.6277371644973755
C1_2,ecapa,it0195,0.4853450059890747,0.5922210216522217
C1_2,ecapa,it0196,0.4780352413654327,0.6013249754905701
C1_2,ecapa,it0197,0.370335578918457,0.4138594567775726
C1_2,ecapa,it0198,0.2456819415092468,0.2501311302185058
C1_2,ecapa,it0199,0.4261387288570404,0.4563426375389099
C1_2,ge2e,it0000,0.8054928779602051,0.8312833309173584
C1_2,ge2e,it0001,0.8147512674331665,0.8666106462478638
C1_2,ge2e,it0002,0.7099400758743286,0.7596652507781982
C1_2,ge2e,it0003,0.6979420185089111,0.7016872763633728
C1_2,ge2e,it0004,0.802161455154419,0.8505992889404297
C1_2,ge2e,it0005,0.862275242805481,0.8567262291908264
C1_2,ge2e,it0006,0.739486575126648,0.7381848692893982
C1_2,ge2e,it0007,0.7646300196647644,0.8239912986755371
C1_2,ge2e,it0008,0.8391582369804382,0.8401719331741333
C1_2,ge2e,it0009,0.8866677284240723,0.869399905204773
C1_2,ge2e,it0010,0.7910028100013733,0.8601175546646118
C1_2,ge2e,it0011,0.8792517185211182,0.8533651828765869
C1_2,ge2e,it0012,0.5906661748886108,0.71412593126297
C1_2,ge2e,it0013,0.8028461933135986,0.8336724042892456
C1_2,ge2e,it0014,0.7911511063575745,0.8328558206558228
C1_2,ge2e,it0015,0.8190889358520508,0.8584239482879639
C1_2,ge2e,it0016,0.7965877056121826,0.8629781603813171
C1_2,ge2e,it0017,0.8397255539894104,0.7948585152626038
C1_2,ge2e,it0018,0.8421269059181213,0.8232595920562744
C1_2,ge2e,it0019,0.8616061806678772,0.8295080661773682
C1_2,ge2e,it0020,0.6873410940170288,0.7488470673561096
C1_2,ge2e,it0021,0.8016806840896606,0.840760350227356
C1_2,ge2e,it0022,0.7221701145172119,0.7824811339378357
C1_2,ge2e,it0023,0.8644490838050842,0.8342782855033875
C1_2,ge2e,it0024,0.8462735414505005,0.8738837838172913
C1_2,ge2e,it0025,0.8653198480606079,0.8877696394920349
C1_2,ge2e,it0026,0.7017967104911804,0.6985898613929749
C1_2,ge2e,it0027,0.7823501825332642,0.8112455606460571
C1_2,ge2e,it0028,0.8494683504104614,0.8727619051933289
C1_2,ge2e,it0029,0.7682536840438843,0.8093026280403137
C1_2,ge2e,it0030,0.860001802444458,0.8457225561141968
C1_2,ge2e,it0031,0.7870137691497803,0.8215006589889526
C1_2,ge2e,it0032,0.8125635981559753,0.8221946358680725
C1_2,ge2e,it0033,0.7977312803268433,0.7939863801002502
C1_2,ge2e,it0034,0.8434045910835266,0.8235056400299072
C1_2,ge2e,it0035,0.7010334730148315,0.8111178874969482
C1_2,ge2e,it0036,0.8641722202301025,0.8415298461914062
C1_2,ge2e,it0037,0.8753132224082947,0.8725273609161377
C1_2,ge2e,it0038,0.8078185319900513,0.8183273077011108
C1_2,ge2e,it0039,0.778398871421814,0.8516628742218018
C1_2,ge2e,it0040,0.7933019995689392,0.8193025588989258
C1_2,ge2e,it0041,0.7981751561164856,0.8387693762779236
C1_2,ge2e,it0042,0.8154522180557251,0.8079758882522583
C1_2,ge2e,it0043,0.7959016561508179,0.8071760535240173
C1_2,ge2e,it0044,0.7953532338142395,0.8105262517929077
C1_2,ge2e,it0045,0.8411961793899536,0.780608057975769
C1_2,ge2e,it0046,0.7397814989089966,0.7464752197265625
C1_2,ge2e,it0047,0.7413054704666138,0.7464393377304077
C1_2,ge2e,it0048,0.866695761680603,0.8656773567199707
C1_2,ge2e,it0049,0.8609335422515869,0.8846509456634521
C1_2,ge2e,it0050,0.8096086978912354,0.8499279618263245
C1_2,ge2e,it0051,0.7825233936309814,0.8124280571937561
C1_2,ge2e,it0052,0.8127586245536804,0.8108967542648315
C1_2,ge2e,it0053,0.7605279684066772,0.784095048904419
C1_2,ge2e,it0054,0.7985841035842896,0.7958528399467468
C1_2,ge2e,it0055,0.7980079650878906,0.8647164702415466
C1_2,ge2e,it0056,0.8950868248939514,0.8890163898468018
C1_2,ge2e,it0057,0.8213019371032715,0.8268553018569946
C1_2,ge2e,it0058,0.7882129549980164,0.8052298426628113
C1_2,ge2e,it0059,0.8472698926925659,0.8591304421424866
C1_2,ge2e,it0060,0.83087557554245,0.7849876880645752
C1_2,ge2e,it0061,0.8781864047050476,0.8908779621124268
C1_2,ge2e,it0062,0.8638206720352173,0.9087531566619872
C1_2,ge2e,it0063,0.7961632013320923,0.6869983673095703
C1_2,ge2e,it0064,0.8057670593261719,0.8143206238746643
C1_2,ge2e,it0065,0.8248230814933777,0.8589032888412476
C1_2,ge2e,it0066,0.7784040570259094,0.7915185689926147
C1_2,ge2e,it0067,0.7972099781036377,0.8546180725097656
C1_2,ge2e,it0068,0.8641888499259949,0.8538692593574524
C1_2,ge2e,it0069,0.7396165728569031,0.7521191835403442
C1_2,ge2e,it0070,0.7758757472038269,0.7782314419746399
C1_2,ge2e,it0071,0.8137817978858948,0.8458499908447266
C1_2,ge2e,it0072,0.851922869682312,0.8722261190414429
C1_2,ge2e,it0073,0.7565720677375793,0.8080042600631714
C1_2,ge2e,it0074,0.759117841720581,0.8351662755012512
C1_2,ge2e,it0075,0.8414579629898071,0.8786685466766357
C1_2,ge2e,it0076,0.8196585178375244,0.8648355603218079
C1_2,ge2e,it0077,0.7607735395431519,0.774968683719635
C1_2,ge2e,it0078,0.6746898889541626,0.7077553272247314
C1_2,ge2e,it0079,0.7982092499732971,0.8419150114059448
C1_2,ge2e,it0080,0.735539436340332,0.7433265447616577
C1_2,ge2e,it0081,0.8165434002876282,0.8322106599807739
C1_2,ge2e,it0082,0.8321903944015503,0.8585550785064697
C1_2,ge2e,it0083,0.8534754514694214,0.8672640919685364
C1_2,ge2e,it0084,0.8761749267578125,0.9117348790168762
C1_2,ge2e,it0085,0.8564289808273315,0.8410216569900513
C1_2,ge2e,it0086,0.8300391435623169,0.8533105850219727
C1_2,ge2e,it0087,0.8602041006088257,0.8563011884689331
C1_2,ge2e,it0088,0.7881171703338623,0.8182320594787598
C1_2,ge2e,it0089,0.7715936303138733,0.8005680441856384
C1_2,ge2e,it0090,0.853559672832489,0.8724223971366882
C1_2,ge2e,it0091,0.8432357907295227,0.8510556817054749
C1_2,ge2e,it0092,0.7512311935424805,0.8169368505477905
C1_2,ge2e,it0093,0.8014484643936157,0.8729856610298157
C1_2,ge2e,it0094,0.7774792909622192,0.8038636445999146
C1_2,ge2e,it0095,0.8396831750869751,0.899796187877655
C1_2,ge2e,it0096,0.8463112115859985,0.8229557871818542
C1_2,ge2e,it0097,0.8152356147766113,0.8382232785224915
C1_2,ge2e,it0098,0.8371080160140991,0.8514124751091003
C1_2,ge2e,it0099,0.7644578218460083,0.736407458782196
C1_2,ge2e,it0100,0.8183804750442505,0.8595116138458252
C1_2,ge2e,it0101,0.6398115158081055,0.7365291118621826
C1_2,ge2e,it0102,0.8756067156791687,0.8657094836235046
C1_2,ge2e,it0103,0.7574255466461182,0.7633521556854248
C1_2,ge2e,it0104,0.7847233414649963,0.8419376015663147
C1_2,ge2e,it0105,0.7816280722618103,0.8521013855934143
C1_2,ge2e,it0106,0.8402035236358643,0.8623322248458862
C1_2,ge2e,it0107,0.7671440243721008,0.8292897939682007
C1_2,ge2e,it0108,0.8277478218078613,0.8645839095115662
C1_2,ge2e,it0109,0.8095734715461731,0.7372688055038452
C1_2,ge2e,it0110,0.717892587184906,0.7574201822280884
C1_2,ge2e,it0111,0.7838909029960632,0.8286755681037903
C1_2,ge2e,it0112,0.8678873777389526,0.8802021741867065
C1_2,ge2e,it0113,0.8238039612770081,0.8909956216812134
C1_2,ge2e,it0114,0.8586782217025757,0.8571929335594177
C1_2,ge2e,it0115,0.8406842947006226,0.8641715049743652
C1_2,ge2e,it0116,0.8704183101654053,0.828739583492279
C1_2,ge2e,it0117,0.8611124753952026,0.8366395831108093
C1_2,ge2e,it0118,0.722333550453186,0.8316397666931152
C1_2,ge2e,it0119,0.8141636252403259,0.8191483020782471
C1_2,ge2e,it0120,0.7602118253707886,0.7485710382461548
C1_2,ge2e,it0121,0.8062925338745117,0.8186517357826233
C1_2,ge2e,it0122,0.827941358089447,0.8069505095481873
C1_2,ge2e,it0123,0.7347444891929626,0.7405620217323303
C1_2,ge2e,it0124,0.8715898990631104,0.8914079666137695
C1_2,ge2e,it0125,0.909119725227356,0.910251259803772
C1_2,ge2e,it0126,0.8682873249053955,0.8605327010154724
C1_2,ge2e,it0127,0.6801123023033142,0.797494113445282
C1_2,ge2e,it0128,0.812335729598999,0.8191124200820923
C1_2,ge2e,it0129,0.7456414103507996,0.7723276019096375
C1_2,ge2e,it0130,0.8289483785629272,0.8391322493553162
C1_2,ge2e,it0131,0.8303301334381104,0.8547919988632202
C1_2,ge2e,it0132,0.8498724102973938,0.7893824577331543
C1_2,ge2e,it0133,0.826941192150116,0.858017086982727
C1_2,ge2e,it0134,0.7483119964599609,0.7877932786941528
C1_2,ge2e,it0135,0.7704068422317505,0.8002476096153259
C1_2,ge2e,it0136,0.8477448225021362,0.8195760250091553
C1_2,ge2e,it0137,0.8433175086975098,0.849641740322113
C1_2,ge2e,it0138,0.7732112407684326,0.8311160802841187
C1_2,ge2e,it0139,0.8773494362831116,0.8453778028488159
C1_2,ge2e,it0140,0.7649882435798645,0.7790097594261169
C1_2,ge2e,it0141,0.8183632493019104,0.8487514853477478
C1_2,ge2e,it0142,0.7653383612632751,0.7969056367874146
C1_2,ge2e,it0143,0.8249368071556091,0.8767955303192139
C1_2,ge2e,it0144,0.8614543676376343,0.8650968670845032
C1_2,ge2e,it0145,0.777103066444397,0.865953803062439
C1_2,ge2e,it0146,0.8283439874649048,0.8311920166015625
C1_2,ge2e,it0147,0.8776301145553589,0.8659763336181641
C1_2,ge2e,it0148,0.7807249426841736,0.8088736534118652
C1_2,ge2e,it0149,0.7551140785217285,0.7952565550804138
C1_2,ge2e,it0150,0.7705205678939819,0.8203493356704712
C1_2,ge2e,it0151,0.8353769779205322,0.8891764283180237
C1_2,ge2e,it0152,0.8459569215774536,0.8271870613098145
C1_2,ge2e,it0153,0.7836267948150635,0.7901787757873535
C1_2,ge2e,it0154,0.7994536757469177,0.7268083691596985
C1_2,ge2e,it0155,0.8136749863624573,0.8209919333457947
C1_2,ge2e,it0156,0.6906844973564148,0.7713146209716797
C1_2,ge2e,it0157,0.835088312625885,0.8717368841171265
C1_2,ge2e,it0158,0.822850227355957,0.8284328579902649
C1_2,ge2e,it0159,0.854753851890564,0.8836908936500549
C1_2,ge2e,it0160,0.8461468815803528,0.8465427756309509
C1_2,ge2e,it0161,0.7956448793411255,0.8242727518081665
C1_2,ge2e,it0162,0.7778844833374023,0.7944774031639099
C1_2,ge2e,it0163,0.7386628985404968,0.7101702690124512
C1_2,ge2e,it0164,0.8473774194717407,0.8324601054191589
C1_2,ge2e,it0165,0.7571026086807251,0.786407470703125
C1_2,ge2e,it0166,0.8606933355331421,0.8579385876655579
C1_2,ge2e,it0167,0.8850522041320801,0.877520740032196
C1_2,ge2e,it0168,0.7555865049362183,0.7633789777755737
C1_2,ge2e,it0169,0.7735469341278076,0.8415851593017578
C1_2,ge2e,it0170,0.8230535387992859,0.8370588421821594
C1_2,ge2e,it0171,0.7931732535362244,0.8192466497421265
C1_2,ge2e,it0172,0.751778781414032,0.7478976845741272
C1_2,ge2e,it0173,0.8681408762931824,0.8877360820770264
C1_2,ge2e,it0174,0.8406468629837036,0.8433595895767212
C1_2,ge2e,it0175,0.6687192916870117,0.7126674652099609
C1_2,ge2e,it0176,0.8008673191070557,0.7987662553787231
C1_2,ge2e,it0177,0.7656337022781372,0.840968668460846
C1_2,ge2e,it0178,0.7372456789016724,0.7763287425041199
C1_2,ge2e,it0179,0.8495319485664368,0.8785802721977234
C1_2,ge2e,it0180,0.8616015315055847,0.8315185308456421
C1_2,ge2e,it0181,0.7556797862052917,0.8466384410858154
C1_2,ge2e,it0182,0.8550626635551453,0.8999186754226685
C1_2,ge2e,it0183,0.8121164441108704,0.8682044148445129
C1_2,ge2e,it0184,0.7706762552261353,0.790680468082428
C1_2,ge2e,it0185,0.8147797584533691,0.8656467199325562
C1_2,ge2e,it0186,0.7918872833251953,0.8002956509590149
C1_2,ge2e,it0187,0.763519823551178,0.7903108596801758
C1_2,ge2e,it0188,0.8446610569953918,0.8453195095062256
C1_2,ge2e,it0189,0.6890017986297607,0.8130507469177246
C1_2,ge2e,it0190,0.822756826877594,0.8603768944740295
C1_2,ge2e,it0191,0.7680667638778687,0.7772470712661743
C1_2,ge2e,it0192,0.7501646280288696,0.7733830809593201
C1_2,ge2e,it0193,0.8406826853752136,0.8080652356147766
C1_2,ge2e,it0194,0.8637976050376892,0.8580193519592285
C1_2,ge2e,it0195,0.8004576563835144,0.8449102640151978
C1_2,ge2e,it0196,0.8319504857063293,0.8536160588264465
C1_2,ge2e,it0197,0.8321894407272339,0.8177379369735718
C1_2,ge2e,it0198,0.8034569025039673,0.8351705074310303
C1_2,ge2e,it0199,0.8351233005523682,0.8493215441703796
C1_2,xvect,it0000,0.9577807784080504,0.9722381830215454
C1_2,xvect,it0001,0.9342650175094604,0.958871603012085
C1_2,xvect,it0002,0.9526286125183104,0.9458548426628112
C1_2,xvect,it0003,0.9399720430374146,0.9371600151062012
C1_2,xvect,it0004,0.947963535785675,0.9553993344306946
C1_2,xvect,it0005,0.95597243309021,0.9280402660369872
C1_2,xvect,it0006,0.9464255571365356,0.9344101548194884
C1_2,xvect,it0007,0.9543359875679016,0.9503337740898132
C1_2,xvect,it0008,0.9270498752593994,0.9446712136268616
C1_2,xvect,it0009,0.9578737020492554,0.9635517597198486
C1_2,xvect,it0010,0.9623556733131408,0.9704917073249816
C1_2,xvect,it0011,0.9514818787574768,0.964020013809204
C1_2,xvect,it0012,0.9092365503311156,0.9438806772232056
C1_2,xvect,it0013,0.9600077271461488,0.9663207530975342
C1_2,xvect,it0014,0.8929102420806885,0.9186933040618896
C1_2,xvect,it0015,0.9218451976776124,0.9352519512176514
C1_2,xvect,it0016,0.9068560600280762,0.937796413898468
C1_2,xvect,it0017,0.9384188055992126,0.9485949277877808
C1_2,xvect,it0018,0.9323419332504272,0.9333766102790833
C1_2,xvect,it0019,0.9487862586975098,0.9091309309005736
C1_2,xvect,it0020,0.9426850080490112,0.9526621103286744
C1_2,xvect,it0021,0.9503819346427916,0.9559375047683716
C1_2,xvect,it0022,0.883814811706543,0.9465754628181458
C1_2,xvect,it0023,0.9468886852264404,0.9492585062980652
C1_2,xvect,it0024,0.956710398197174,0.9626847505569458
C1_2,xvect,it0025,0.9314086437225342,0.9438305497169496
C1_2,xvect,it0026,0.933674156665802,0.9099941253662108
C1_2,xvect,it0027,0.9598978161811828,0.9613175988197328
C1_2,xvect,it0028,0.9477025270462036,0.9621796011924744
C1_2,xvect,it0029,0.9449402689933776,0.9535105228424072
C1_2,xvect,it0030,0.9594095945358276,0.9661227464675904
C1_2,xvect,it0031,0.9439668655395508,0.951710283756256
C1_2,xvect,it0032,0.9481605887413024,0.9679904580116272
C1_2,xvect,it0033,0.9312927722930908,0.9557894468307496
C1_2,xvect,it0034,0.9536190629005432,0.9615803360939026
C1_2,xvect,it0035,0.9543782472610474,0.961063802242279
C1_2,xvect,it0036,0.933174729347229,0.9416238069534302
C1_2,xvect,it0037,0.9592036604881288,0.9588557481765748
C1_2,xvect,it0038,0.9195375442504884,0.9453686475753784
C1_2,xvect,it0039,0.9282017350196838,0.9555521607398988
C1_2,xvect,it0040,0.9500355124473572,0.9518176913261414
C1_2,xvect,it0041,0.9383230805397034,0.9491890072822572
C1_2,xvect,it0042,0.9433510303497314,0.9433373212814332
C1_2,xvect,it0043,0.952435314655304,0.9591033458709716
C1_2,xvect,it0044,0.961673378944397,0.9665766954421996
C1_2,xvect,it0045,0.940489947795868,0.9397899508476256
C1_2,xvect,it0046,0.9468932151794434,0.95157128572464
C1_2,xvect,it0047,0.9519704580307008,0.956881046295166
C1_2,xvect,it0048,0.9574074149131776,0.9662950038909912
C1_2,xvect,it0049,0.924432337284088,0.9444249272346495
C1_2,xvect,it0050,0.9294998049736024,0.9556506872177124
C1_2,xvect,it0051,0.9490395784378052,0.9495964050292968
C1_2,xvect,it0052,0.9440917372703552,0.9552698731422424
C1_2,xvect,it0053,0.9573245644569396,0.9621005058288574
C1_2,xvect,it0054,0.9511286020278932,0.956202507019043
C1_2,xvect,it0055,0.9255843758583068,0.9557077288627625
C1_2,xvect,it0056,0.9439592361450196,0.9591121077537536
C1_2,xvect,it0057,0.9398608207702636,0.951759934425354
C1_2,xvect,it0058,0.9374771118164062,0.9334275722503662
C1_2,xvect,it0059,0.967755913734436,0.9685719013214112
C1_2,xvect,it0060,0.938271939754486,0.9237156510353088
C1_2,xvect,it0061,0.9237536787986756,0.923550009727478
C1_2,xvect,it0062,0.9502675533294678,0.9620661735534668
C1_2,xvect,it0063,0.9512268900871276,0.9375559091567992
C1_2,xvect,it0064,0.8957764506340027,0.9519599080085754
C1_2,xvect,it0065,0.9284545183181764,0.9541410207748412
C1_2,xvect,it0066,0.9287290573120116,0.9408221244812012
C1_2,xvect,it0067,0.9386853575706482,0.9366340637207032
C1_2,xvect,it0068,0.9714884161949158,0.9701882004737854
C1_2,xvect,it0069,0.9508295059204102,0.9629011154174804
C1_2,xvect,it0070,0.9331789016723632,0.9425565600395204
C1_2,xvect,it0071,0.9618369340896606,0.9605406522750854
C1_2,xvect,it0072,0.960363507270813,0.9683390259742736
C1_2,xvect,it0073,0.9425384402275084,0.9438455700874328
C1_2,xvect,it0074,0.9226068258285522,0.9470171332359314
C1_2,xvect,it0075,0.9450527429580688,0.9670032858848572
C1_2,xvect,it0076,0.9390397667884828,0.9612851738929749
C1_2,xvect,it0077,0.9310123920440674,0.9482858180999756
C1_2,xvect,it0078,0.944909691810608,0.9539016485214232
C1_2,xvect,it0079,0.9637125730514526,0.9685511589050292
C1_2,xvect,it0080,0.9154368042945862,0.9363706707954408
C1_2,xvect,it0081,0.9584359526634216,0.959954023361206
C1_2,xvect,it0082,0.9173436164855956,0.926114559173584
C1_2,xvect,it0083,0.955012023448944,0.9629716277122498
C1_2,xvect,it0084,0.964621603488922,0.971699833869934
C1_2,xvect,it0085,0.9342482089996338,0.9498684406280518
C1_2,xvect,it0086,0.971674382686615,0.9669275879859924
C1_2,xvect,it0087,0.961665689945221,0.9663339853286744
C1_2,xvect,it0088,0.952649474143982,0.9494382739067078
C1_2,xvect,it0089,0.959054946899414,0.9584046006202698
C1_2,xvect,it0090,0.9596306681632996,0.9653310775756836
C1_2,xvect,it0091,0.9439358115196228,0.948735237121582
C1_2,xvect,it0092,0.9450622797012328,0.9590087532997132
C1_2,xvect,it0093,0.9505285024642944,0.9595007300376892
C1_2,xvect,it0094,0.8951423764228821,0.9042547941207886
C1_2,xvect,it0095,0.9413267970085144,0.9640786051750184
C1_2,xvect,it0096,0.9513774514198304,0.9505845308303832
C1_2,xvect,it0097,0.961014211177826,0.9657021164894104
C1_2,xvect,it0098,0.9516761898994446,0.9724661707878112
C1_2,xvect,it0099,0.9379503726959229,0.9440765380859376
C1_2,xvect,it0100,0.9640191793441772,0.9685515761375428
C1_2,xvect,it0101,0.9365557432174684,0.9499531388282776
C1_2,xvect,it0102,0.9506422877311708,0.9484606981277466
C1_2,xvect,it0103,0.9479944705963136,0.9589175581932068
C1_2,xvect,it0104,0.878140926361084,0.9547690749168396
C1_2,xvect,it0105,0.9235639572143556,0.9495664238929749
C1_2,xvect,it0106,0.9570483565330504,0.9553218483924866
C1_2,xvect,it0107,0.9373607635498048,0.9657471179962158
C1_2,xvect,it0108,0.9536229968070984,0.9635660648345948
C1_2,xvect,it0109,0.9632135629653932,0.9611916542053224
C1_2,xvect,it0110,0.9237178564071656,0.9448602795600892
C1_2,xvect,it0111,0.9629430770874025,0.9715840220451356
C1_2,xvect,it0112,0.966261625289917,0.9583481550216676
C1_2,xvect,it0113,0.9300941228866576,0.945100724697113
C1_2,xvect,it0114,0.9423304796218872,0.9660329222679138
C1_2,xvect,it0115,0.9646052122116088,0.964994251728058
C1_2,xvect,it0116,0.9487928748130798,0.95416259765625
C1_2,xvect,it0117,0.9666790962219238,0.9652193188667296
C1_2,xvect,it0118,0.9506356120109558,0.9618225693702698
C1_2,xvect,it0119,0.9552589058876038,0.9676938652992249
C1_2,xvect,it0120,0.9554847478866576,0.9592799544334412
C1_2,xvect,it0121,0.9585421085357666,0.9585812091827391
C1_2,xvect,it0122,0.9360918998718262,0.9238072037696838
C1_2,xvect,it0123,0.9128322005271912,0.9676807522773744
C1_2,xvect,it0124,0.9240245223045348,0.9428277015686036
C1_2,xvect,it0125,0.9556467533111572,0.9592008590698242
C1_2,xvect,it0126,0.951379418373108,0.9648639559745787
C1_2,xvect,it0127,0.9419230222702026,0.9592774510383606
C1_2,xvect,it0128,0.952964961528778,0.9658920168876648
C1_2,xvect,it0129,0.949861466884613,0.9407042264938354
C1_2,xvect,it0130,0.9599276781082152,0.95436030626297
C1_2,xvect,it0131,0.9436691403388976,0.9544546604156494
C1_2,xvect,it0132,0.9513395428657532,0.9589127898216248
C1_2,xvect,it0133,0.9536577463150024,0.9648752808570862
C1_2,xvect,it0134,0.964385151863098,0.9661579132080078
C1_2,xvect,it0135,0.943975865840912,0.9520539045333862
C1_2,xvect,it0136,0.9433273673057556,0.9547730088233948
C1_2,xvect,it0137,0.952461004257202,0.961623191833496
C1_2,xvect,it0138,0.9346227645874025,0.9679112434387208
C1_2,xvect,it0139,0.9130280017852784,0.927210807800293
C1_2,xvect,it0140,0.9315105676651,0.934486985206604
C1_2,xvect,it0141,0.9482085704803468,0.9652442336082458
C1_2,xvect,it0142,0.9422644972801208,0.9387935996055604
C1_2,xvect,it0143,0.9667674899101256,0.9702561497688292
C1_2,xvect,it0144,0.9599097967147828,0.9628564715385436
C1_2,xvect,it0145,0.9342880845069884,0.947189211845398
C1_2,xvect,it0146,0.9470811486244202,0.9502363204956056
C1_2,xvect,it0147,0.9441625475883484,0.9404631853103638
C1_2,xvect,it0148,0.927056610584259,0.9477156400680542
C1_2,xvect,it0149,0.9408831000328064,0.959385097026825
C1_2,xvect,it0150,0.9362735748291016,0.9345698356628418
C1_2,xvect,it0151,0.9656313061714172,0.9665329456329346
C1_2,xvect,it0152,0.9618952870368958,0.9617521166801452
C1_2,xvect,it0153,0.9157897233963012,0.9313867688179016
C1_2,xvect,it0154,0.9339559674263,0.9486994743347168
C1_2,xvect,it0155,0.9581996202468872,0.9625352025032043
C1_2,xvect,it0156,0.9394731521606444,0.9582757949829102
C1_2,xvect,it0157,0.9643293619155884,0.9678994417190552
C1_2,xvect,it0158,0.9607060551643372,0.9617896676063538
C1_2,xvect,it0159,0.9496509432792664,0.9518370628356934
C1_2,xvect,it0160,0.9616457223892212,0.9356486201286316
C1_2,xvect,it0161,0.9570660591125488,0.960419237613678
C1_2,xvect,it0162,0.9486278295516968,0.9578599333763124
C1_2,xvect,it0163,0.9745312929153442,0.9678539633750916
C1_2,xvect,it0164,0.9547024369239808,0.9556416273117064
C1_2,xvect,it0165,0.9468313455581664,0.9484102725982666
C1_2,xvect,it0166,0.9490285515785216,0.9575083255767822
C1_2,xvect,it0167,0.9477732181549072,0.9524486064910888
C1_2,xvect,it0168,0.9398128986358644,0.9429530501365662
C1_2,xvect,it0169,0.9580327868461608,0.9687578678131104
C1_2,xvect,it0170,0.940929114818573,0.9457099437713624
C1_2,xvect,it0171,0.9366707801818848,0.9602228403091432
C1_2,xvect,it0172,0.9253509044647216,0.9260105490684508
C1_2,xvect,it0173,0.9652205109596252,0.962642788887024
C1_2,xvect,it0174,0.9455212354660034,0.9325611591339112
C1_2,xvect,it0175,0.9499914050102234,0.957529067993164
C1_2,xvect,it0176,0.942619800567627,0.9457532167434692
C1_2,xvect,it0177,0.915484607219696,0.941517412662506
C1_2,xvect,it0178,0.9440759420394896,0.9525097608566284
C1_2,xvect,it0179,0.9570383429527284,0.9617724418640136
C1_2,xvect,it0180,0.9575411677360536,0.9462813138961792
C1_2,xvect,it0181,0.9672382473945618,0.967499852180481
C1_2,xvect,it0182,0.9422231912612916,0.9565287232398988
C1_2,xvect,it0183,0.9629557132720948,0.9664386510849
C1_2,xvect,it0184,0.9298986196517944,0.9390172958374025
C1_2,xvect,it0185,0.9365304112434388,0.9496365785598756
C1_2,xvect,it0186,0.8887038230895996,0.935004949569702
C1_2,xvect,it0187,0.9311483502388,0.9482676386833192
C1_2,xvect,it0188,0.9505002498626708,0.9581485390663148
C1_2,xvect,it0189,0.9438565373420716,0.9544010758399964
C1_2,xvect,it0190,0.9531342387199402,0.9599918127059937
C1_2,xvect,it0191,0.95013165473938,0.9627373814582824
C1_2,xvect,it0192,0.9406943917274476,0.9519006609916688
C1_2,xvect,it0193,0.9590327739715576,0.9707927703857422
C1_2,xvect,it0194,0.9559098482131958,0.9653483629226683
C1_2,xvect,it0195,0.947688102722168,0.9585647583007812
C1_2,xvect,it0196,0.9508060216903688,0.9607207775115968
C1_2,xvect,it0197,0.9285768270492554,0.9411488175392152
C1_2,xvect,it0198,0.8974060416221619,0.9465726017951964
C1_2,xvect,it0199,0.9556330442428588,0.9626467227935792
C1_2,wavlm_base_plus,it0000,0.8996832370758057,0.9300627112388612
C1_2,wavlm_base_plus,it0001,0.9026516079902648,0.8979461193084717
C1_2,wavlm_base_plus,it0002,0.9438394904136658,0.8816028237342834
C1_2,wavlm_base_plus,it0003,0.917566418647766,0.9033533334732056
C1_2,wavlm_base_plus,it0004,0.9340376257896424,0.9712479114532472
C1_2,wavlm_base_plus,it0005,0.9031786322593688,0.9367464184761048
C1_2,wavlm_base_plus,it0006,0.8779455423355103,0.8649784326553345
C1_2,wavlm_base_plus,it0007,0.934403657913208,0.9344488978385924
C1_2,wavlm_base_plus,it0008,0.901488184928894,0.9398297071456908
C1_2,wavlm_base_plus,it0009,0.981130063533783,0.9671869277954102
C1_2,wavlm_base_plus,it0010,0.8539748787879944,0.930420458316803
C1_2,wavlm_base_plus,it0011,0.9427853226661682,0.949003279209137
C1_2,wavlm_base_plus,it0012,0.8489658236503601,0.8514797687530518
C1_2,wavlm_base_plus,it0013,0.9408385157585144,0.9616096019744872
C1_2,wavlm_base_plus,it0014,0.8322409391403198,0.9479256868362428
C1_2,wavlm_base_plus,it0015,0.917166233062744,0.9366410374641418
C1_2,wavlm_base_plus,it0016,0.853307843208313,0.9459278583526612
C1_2,wavlm_base_plus,it0017,0.9264742732048036,0.931965708732605
C1_2,wavlm_base_plus,it0018,0.8109089136123657,0.894665539264679
C1_2,wavlm_base_plus,it0019,0.9713904857635498,0.9603028893470764
C1_2,wavlm_base_plus,it0020,0.7294232249259949,0.9616219401359558
C1_2,wavlm_base_plus,it0021,0.8895840644836426,0.9351537227630616
C1_2,wavlm_base_plus,it0022,0.9087446331977844,0.9496976137161256
C1_2,wavlm_base_plus,it0023,0.946444809436798,0.9678182005882264
C1_2,wavlm_base_plus,it0024,0.9168224334716796,0.951988160610199
C1_2,wavlm_base_plus,it0025,0.9509179592132568,0.9224672913551332
C1_2,wavlm_base_plus,it0026,0.8106521964073181,0.7921545505523682
C1_2,wavlm_base_plus,it0027,0.936090350151062,0.901886224746704
C1_2,wavlm_base_plus,it0028,0.9547449350357056,0.9293042421340942
C1_2,wavlm_base_plus,it0029,0.8861205577850342,0.8597798943519592
C1_2,wavlm_base_plus,it0030,0.918470561504364,0.9427419900894164
C1_2,wavlm_base_plus,it0031,0.9719398021697998,0.9796494245529176
C1_2,wavlm_base_plus,it0032,0.9126445651054382,0.9199123978614808
C1_2,wavlm_base_plus,it0033,0.7783400416374207,0.8863904476165771
C1_2,wavlm_base_plus,it0034,0.7415274381637573,0.7851014733314514
C1_2,wavlm_base_plus,it0035,0.798014223575592,0.8183275461196899
C1_2,wavlm_base_plus,it0036,0.9563912749290466,0.959688663482666
C1_2,wavlm_base_plus,it0037,0.9430954456329346,0.9707837104797364
C1_2,wavlm_base_plus,it0038,0.9018073678016664,0.910760760307312
C1_2,wavlm_base_plus,it0039,0.9439425468444824,0.91790509223938
C1_2,wavlm_base_plus,it0040,0.7559493780136108,0.8045315146446228
C1_2,wavlm_base_plus,it0041,0.9475693702697754,0.9687334895133972
C1_2,wavlm_base_plus,it0042,0.8766568303108215,0.8774052858352661
C1_2,wavlm_base_plus,it0043,0.8830236196517944,0.8914473056793213
C1_2,wavlm_base_plus,it0044,0.8988544940948486,0.9441976547241212
C1_2,wavlm_base_plus,it0045,0.9253751039505004,0.8765707612037659
C1_2,wavlm_base_plus,it0046,0.7433464527130127,0.8599811792373657
C1_2,wavlm_base_plus,it0047,0.7808618545532227,0.8102904558181763
C1_2,wavlm_base_plus,it0048,0.9588030576705932,0.9309291839599608
C1_2,wavlm_base_plus,it0049,0.912009596824646,0.8632354736328125
C1_2,wavlm_base_plus,it0050,0.5902647972106934,0.5969810485839844
C1_2,wavlm_base_plus,it0051,0.9502590298652648,0.940720796585083
C1_2,wavlm_base_plus,it0052,0.9102944135665894,0.8587032556533813
C1_2,wavlm_base_plus,it0053,0.8978536128997803,0.8653851747512817
C1_2,wavlm_base_plus,it0054,0.8369381427764893,0.8471190929412842
C1_2,wavlm_base_plus,it0055,0.9608768224716188,0.9734333753585817
C1_2,wavlm_base_plus,it0056,0.913669764995575,0.9533217549324036
C1_2,wavlm_base_plus,it0057,0.8783426284790039,0.9087843894958496
C1_2,wavlm_base_plus,it0058,0.89192795753479,0.8933002352714539
C1_2,wavlm_base_plus,it0059,0.9658225178718568,0.9747177362442015
C1_2,wavlm_base_plus,it0060,0.7050480842590332,0.8550926446914673
C1_2,wavlm_base_plus,it0061,0.90888911485672,0.9231983423233032
C1_2,wavlm_base_plus,it0062,0.907726228237152,0.9373101592063904
C1_2,wavlm_base_plus,it0063,0.6361790299415588,0.7044479846954346
C1_2,wavlm_base_plus,it0064,0.8605711460113525,0.8630473613739014
C1_2,wavlm_base_plus,it0065,0.959262490272522,0.967269480228424
C1_2,wavlm_base_plus,it0066,0.7933168411254883,0.900291383266449
C1_2,wavlm_base_plus,it0067,0.863822340965271,0.9157260060310364
C1_2,wavlm_base_plus,it0068,0.9450818300247192,0.9346895217895508
C1_2,wavlm_base_plus,it0069,0.8268114924430847,0.9387438297271729
C1_2,wavlm_base_plus,it0070,0.8956875801086426,0.9522820711135864
C1_2,wavlm_base_plus,it0071,0.907263159751892,0.8817858099937439
C1_2,wavlm_base_plus,it0072,0.9603748321533204,0.9692293405532836
C1_2,wavlm_base_plus,it0073,0.6965126395225525,0.8051298260688782
C1_2,wavlm_base_plus,it0074,0.4560502171516418,0.571571946144104
C1_2,wavlm_base_plus,it0075,0.9190038442611694,0.9416122436523438
C1_2,wavlm_base_plus,it0076,0.8644621968269348,0.876298189163208
C1_2,wavlm_base_plus,it0077,0.8875886797904968,0.8687108755111694
C1_2,wavlm_base_plus,it0078,0.868412435054779,0.8961526155471802
C1_2,wavlm_base_plus,it0079,0.9788156151771544,0.9490844011306764
C1_2,wavlm_base_plus,it0080,0.9138025641441344,0.9061568975448608
C1_2,wavlm_base_plus,it0081,0.8948779106140137,0.9010180830955504
C1_2,wavlm_base_plus,it0082,0.9353023171424866,0.9349127411842346
C1_2,wavlm_base_plus,it0083,0.969880223274231,0.9578636288642884
C1_2,wavlm_base_plus,it0084,0.8986369967460632,0.9181874990463256
C1_2,wavlm_base_plus,it0085,0.9389212131500244,0.9188750982284546
C1_2,wavlm_base_plus,it0086,0.918660581111908,0.9139282703399658
C1_2,wavlm_base_plus,it0087,0.9132145047187804,0.9124990105628968
C1_2,wavlm_base_plus,it0088,0.9000216722488403,0.9142601490020752
C1_2,wavlm_base_plus,it0089,0.8823366165161133,0.8862278461456299
C1_2,wavlm_base_plus,it0090,0.9547106027603148,0.906412959098816
C1_2,wavlm_base_plus,it0091,0.9291632771492004,0.9374285340309144
C1_2,wavlm_base_plus,it0092,0.8431379795074463,0.9228248000144958
C1_2,wavlm_base_plus,it0093,0.8482539057731628,0.9527491927146912
C1_2,wavlm_base_plus,it0094,0.9146410822868348,0.9247803688049316
C1_2,wavlm_base_plus,it0095,0.8954353928565979,0.9202929139137268
C1_2,wavlm_base_plus,it0096,0.9742491245269777,0.9236252307891846
C1_2,wavlm_base_plus,it0097,0.9310991764068604,0.9464173316955566
C1_2,wavlm_base_plus,it0098,0.9580445289611816,0.8824192881584167
C1_2,wavlm_base_plus,it0099,0.6745038032531738,0.7172532081604004
C1_2,wavlm_base_plus,it0100,0.9135819673538208,0.9480128884315492
C1_2,wavlm_base_plus,it0101,0.822386622428894,0.864973783493042
C1_2,wavlm_base_plus,it0102,0.9194405674934388,0.9207398891448976
C1_2,wavlm_base_plus,it0103,0.8862883448600769,0.9339048862457277
C1_2,wavlm_base_plus,it0104,0.755204975605011,0.9138420820236206
C1_2,wavlm_base_plus,it0105,0.7709892988204956,0.8666654229164124
C1_2,wavlm_base_plus,it0106,0.8720899820327759,0.910487949848175
C1_2,wavlm_base_plus,it0107,0.7828750610351562,0.9215056300163268
C1_2,wavlm_base_plus,it0108,0.9016044735908508,0.938911199569702
C1_2,wavlm_base_plus,it0109,0.958473026752472,0.9038060903549194
C1_2,wavlm_base_plus,it0110,0.664698600769043,0.7040596604347229
C1_2,wavlm_base_plus,it0111,0.9315218329429626,0.9509281516075134
C1_2,wavlm_base_plus,it0112,0.9493069052696228,0.9359050393104552
C1_2,wavlm_base_plus,it0113,0.9569814205169678,0.9482648372650146
C1_2,wavlm_base_plus,it0114,0.9004788994789124,0.9133116006851196
C1_2,wavlm_base_plus,it0115,0.8607286810874939,0.8389743566513062
C1_2,wavlm_base_plus,it0116,0.8702255487442017,0.9347304701805116
C1_2,wavlm_base_plus,it0117,0.9386953711509703,0.934277892112732
C1_2,wavlm_base_plus,it0118,0.8501758575439453,0.8951431512832642
C1_2,wavlm_base_plus,it0119,0.9339967966079712,0.8944748640060425
C1_2,wavlm_base_plus,it0120,0.9462743997573853,0.9687155485153198
C1_2,wavlm_base_plus,it0121,0.9001551866531372,0.9504199028015136
C1_2,wavlm_base_plus,it0122,0.9617904424667358,0.9228085875511168
C1_2,wavlm_base_plus,it0123,0.9464269876480104,0.950483739376068
C1_2,wavlm_base_plus,it0124,0.9130645990371704,0.9363674521446228
C1_2,wavlm_base_plus,it0125,0.9388191103935242,0.9564878344535828
C1_2,wavlm_base_plus,it0126,0.920418918132782,0.922586977481842
C1_2,wavlm_base_plus,it0127,0.8684309124946594,0.8799716830253601
C1_2,wavlm_base_plus,it0128,0.9097012281417848,0.9549393653869628
C1_2,wavlm_base_plus,it0129,0.7305073738098145,0.8692996501922607
C1_2,wavlm_base_plus,it0130,0.8243558406829834,0.879193127155304
C1_2,wavlm_base_plus,it0131,0.9570352435112,0.9745618104934692
C1_2,wavlm_base_plus,it0132,0.7477966547012329,0.7937714457511902
C1_2,wavlm_base_plus,it0133,0.90768563747406,0.911381185054779
C1_2,wavlm_base_plus,it0134,0.9012529850006104,0.939356565475464
C1_2,wavlm_base_plus,it0135,0.8324893712997437,0.9560458660125732
C1_2,wavlm_base_plus,it0136,0.846462607383728,0.8808121681213379
C1_2,wavlm_base_plus,it0137,0.8696772456169128,0.8917000889778137
C1_2,wavlm_base_plus,it0138,0.8913209438323975,0.9393939971923828
C1_2,wavlm_base_plus,it0139,0.8989391922950745,0.952680766582489
C1_2,wavlm_base_plus,it0140,0.8732995390892029,0.9319326281547546
C1_2,wavlm_base_plus,it0141,0.9548671245574952,0.955951988697052
C1_2,wavlm_base_plus,it0142,0.8690531253814697,0.8428433537483215
C1_2,wavlm_base_plus,it0143,0.8514399528503418,0.9503803253173828
C1_2,wavlm_base_plus,it0144,0.9343633651733398,0.9247969388961792
C1_2,wavlm_base_plus,it0145,0.8687142133712769,0.8685516715049744
C1_2,wavlm_base_plus,it0146,0.9427271485328674,0.9418905377388
C1_2,wavlm_base_plus,it0147,0.9150323867797852,0.9431933164596558
C1_2,wavlm_base_plus,it0148,0.7192409038543701,0.8263365626335144
C1_2,wavlm_base_plus,it0149,0.909739077091217,0.947013795375824
C1_2,wavlm_base_plus,it0150,0.926844596862793,0.9399288892745972
C1_2,wavlm_base_plus,it0151,0.8227977156639099,0.8980094790458679
C1_2,wavlm_base_plus,it0152,0.922765851020813,0.880132257938385
C1_2,wavlm_base_plus,it0153,0.9159850478172302,0.9399503469467164
C1_2,wavlm_base_plus,it0154,0.5446690320968628,0.5697200298309326
C1_2,wavlm_base_plus,it0155,0.8443077206611633,0.9000983238220215
C1_2,wavlm_base_plus,it0156,0.8240852952003479,0.8903988599777222
C1_2,wavlm_base_plus,it0157,0.9364665150642396,0.9468286037445068
C1_2,wavlm_base_plus,it0158,0.9048125743865968,0.9562273025512696
C1_2,wavlm_base_plus,it0159,0.9028407335281372,0.9278224110603333
C1_2,wavlm_base_plus,it0160,0.9329854249954224,0.9448366165161132
C1_2,wavlm_base_plus,it0161,0.9295234084129332,0.9509661197662354
C1_2,wavlm_base_plus,it0162,0.9301387667655944,0.9061824083328248
C1_2,wavlm_base_plus,it0163,0.8663846254348755,0.8494226932525635
C1_2,wavlm_base_plus,it0164,0.925529956817627,0.8979558348655701
C1_2,wavlm_base_plus,it0165,0.7163835763931274,0.7102077603340149
C1_2,wavlm_base_plus,it0166,0.8175808787345886,0.8818877935409546
C1_2,wavlm_base_plus,it0167,0.917285680770874,0.955678939819336
C1_2,wavlm_base_plus,it0168,0.9113062620162964,0.9466955065727234
C1_2,wavlm_base_plus,it0169,0.9126819372177124,0.9517897963523864
C1_2,wavlm_base_plus,it0170,0.8726286292076111,0.9286481142044068
C1_2,wavlm_base_plus,it0171,0.9280733466148376,0.9468951225280762
C1_2,wavlm_base_plus,it0172,0.8680091500282288,0.8468300104141235
C1_2,wavlm_base_plus,it0173,0.9658082127571106,0.9635656476020812
C1_2,wavlm_base_plus,it0174,0.8010687828063965,0.8867875337600708
C1_2,wavlm_base_plus,it0175,0.9076423645019532,0.9147459864616394
C1_2,wavlm_base_plus,it0176,0.9508355259895324,0.9143158793449402
C1_2,wavlm_base_plus,it0177,0.8929411172866821,0.9033522009849548
C1_2,wavlm_base_plus,it0178,0.8911136984825134,0.9190054535865784
C1_2,wavlm_base_plus,it0179,0.920458197593689,0.936752200126648
C1_2,wavlm_base_plus,it0180,0.9391827583312988,0.9518848657608032
C1_2,wavlm_base_plus,it0181,0.8373259902000427,0.8480153679847717
C1_2,wavlm_base_plus,it0182,0.9493183493614196,0.974395513534546
C1_2,wavlm_base_plus,it0183,0.9570336937904358,0.9730877876281738
C1_2,wavlm_base_plus,it0184,0.8107073307037354,0.8036130666732788
C1_2,wavlm_base_plus,it0185,0.9181500673294068,0.9280912280082704
C1_2,wavlm_base_plus,it0186,0.9577447175979614,0.9508472681045532
C1_2,wavlm_base_plus,it0187,0.8524022102355957,0.9161663055419922
C1_2,wavlm_base_plus,it0188,0.9398196935653688,0.8417049050331116
C1_2,wavlm_base_plus,it0189,0.8731915950775146,0.912028193473816
C1_2,wavlm_base_plus,it0190,0.960885763168335,0.947429895401001
C1_2,wavlm_base_plus,it0191,0.9658509492874146,0.970932960510254
C1_2,wavlm_base_plus,it0192,0.9457417726516724,0.965989589691162
C1_2,wavlm_base_plus,it0193,0.8965697288513184,0.923318326473236
C1_2,wavlm_base_plus,it0194,0.916047990322113,0.9395112991333008
C1_2,wavlm_base_plus,it0195,0.925199329853058,0.972559928894043
C1_2,wavlm_base_plus,it0196,0.8384284377098083,0.9355010390281676
C1_2,wavlm_base_plus,it0197,0.9484382271766664,0.9002097249031067
C1_2,wavlm_base_plus,it0198,0.8976806402206421,0.970628261566162
C1_2,wavlm_base_plus,it0199,0.9284744262695312,0.9485623836517334
C2_0,wavlm_large,it0000,0.2640052437782287,0.5104763507843018
C2_0,wavlm_large,it0001,0.2298837453126907,0.3458449840545654
C2_0,wavlm_large,it0002,0.32364422082901,0.4366361796855926
C2_0,wavlm_large,it0003,0.2399110645055771,0.3372440338134765
C2_0,wavlm_large,it0004,0.408605694770813,0.3904101848602295
C2_0,wavlm_large,it0005,0.4715174436569214,0.4240614473819732
C2_0,wavlm_large,it0006,0.2129470258951187,0.4653380811214447
C2_0,wavlm_large,it0007,0.1603567004203796,0.3696069717407226
C2_0,wavlm_large,it0008,0.2375286966562271,0.3463030159473419
C2_0,wavlm_large,it0009,0.490577220916748,0.5940171480178833
C2_0,wavlm_large,it0010,0.6373672485351562,0.6288220882415771
C2_0,wavlm_large,it0011,0.4532453119754791,0.5570800304412842
C2_0,wavlm_large,it0012,0.3426580131053924,0.4630581736564636
C2_0,wavlm_large,it0013,0.4801447689533233,0.5557242631912231
C2_0,wavlm_large,it0014,0.3627170324325561,0.4805660545825958
C2_0,wavlm_large,it0015,0.5420271158218384,0.5198155641555786
C2_0,wavlm_large,it0016,0.3950292766094208,0.4631881415843963
C2_0,wavlm_large,it0017,0.4601231217384338,0.3739494383335113
C2_0,wavlm_large,it0018,0.2143997400999069,0.2838994860649109
C2_0,wavlm_large,it0019,0.5003221035003662,0.5165022015571594
C2_0,wavlm_large,it0020,0.2664357423782348,0.2385087311267852
C2_0,wavlm_large,it0021,0.4410026371479034,0.4706474542617798
C2_0,wavlm_large,it0022,0.3752949833869934,0.4693884551525116
C2_0,wavlm_large,it0023,0.5886663198471069,0.5770995616912842
C2_0,wavlm_large,it0024,0.413540244102478,0.4803306460380554
C2_0,wavlm_large,it0025,0.5353956818580627,0.5763733386993408
C2_0,wavlm_large,it0026,0.3003702759742737,0.3211407959461212
C2_0,wavlm_large,it0027,0.648227870464325,0.6574609279632568
C2_0,wavlm_large,it0028,0.5131401419639587,0.59577876329422
C2_0,wavlm_large,it0029,0.2679000198841095,0.3072806894779205
C2_0,wavlm_large,it0030,0.4180070161819458,0.4919144213199615
C2_0,wavlm_large,it0031,0.304785668849945,0.328074187040329
C2_0,wavlm_large,it0032,0.5600661039352417,0.6121968626976013
C2_0,wavlm_large,it0033,0.2856959104537964,0.3343308866024017
C2_0,wavlm_large,it0034,0.4941480159759521,0.4890601336956024
C2_0,wavlm_large,it0035,0.17303267121315,0.3206839263439178
C2_0,wavlm_large,it0036,0.4278300404548645,0.5464879274368286
C2_0,wavlm_large,it0037,0.4366133213043213,0.5058396458625793
C2_0,wavlm_large,it0038,0.1654050946235656,0.2463925331830978
C2_0,wavlm_large,it0039,0.3819685578346252,0.4769759774208069
C2_0,wavlm_large,it0040,0.1570941060781479,0.3735914230346679
C2_0,wavlm_large,it0041,0.2584479451179504,0.3955777287483215
C2_0,wavlm_large,it0042,0.2832033038139343,0.4712711870670318
C2_0,wavlm_large,it0043,0.1558177769184112,0.302691638469696
C2_0,wavlm_large,it0044,0.2669492661952972,0.6713119745254517
C2_0,wavlm_large,it0045,0.3263481855392456,0.4166350960731506
C2_0,wavlm_large,it0046,0.2391940057277679,0.3487370014190674
C2_0,wavlm_large,it0047,0.2376659512519836,0.3226487040519714
C2_0,wavlm_large,it0048,0.4083369374275207,0.5250073075294495
C2_0,wavlm_large,it0049,0.4332549273967743,0.5511529445648193
C2_0,wavlm_large,it0050,-0.0665682777762413,0.0846125185489654
C2_0,wavlm_large,it0051,0.4703435003757477,0.4927305281162262
C2_0,wavlm_large,it0052,0.4001239836215973,0.4223737418651581
C2_0,wavlm_large,it0053,0.2297653257846832,0.2781583964824676
C2_0,wavlm_large,it0054,0.2226336449384689,0.2603740990161896
C2_0,wavlm_large,it0055,0.5287312865257263,0.5158911943435669
C2_0,wavlm_large,it0056,0.2205963730812072,0.3201222717761993
C2_0,wavlm_large,it0057,0.1905401647090912,0.3614828884601593
C2_0,wavlm_large,it0058,0.3175049722194671,0.4078224599361419
C2_0,wavlm_large,it0059,0.5323024392127991,0.5570299029350281
C2_0,wavlm_large,it0060,0.3312628269195556,0.4493912160396576
C2_0,wavlm_large,it0061,0.5569507479667664,0.608221173286438
C2_0,wavlm_large,it0062,0.5412126183509827,0.5833795666694641
C2_0,wavlm_large,it0063,0.2453485876321792,0.3534595966339111
C2_0,wavlm_large,it0064,0.4156742691993713,0.3791766762733459
C2_0,wavlm_large,it0065,0.5629138946533203,0.6371793150901794
C2_0,wavlm_large,it0066,0.2910836338996887,0.3361195921897888
C2_0,wavlm_large,it0067,0.1848809570074081,0.2491052597761154
C2_0,wavlm_large,it0068,0.5959314703941345,0.6004205942153931
C2_0,wavlm_large,it0069,0.3675763010978699,0.4798422455787658
C2_0,wavlm_large,it0070,0.3742277324199676,0.5153943300247192
C2_0,wavlm_large,it0071,0.4979438781738281,0.5069430470466614
C2_0,wavlm_large,it0072,0.4308441877365112,0.472057580947876
C2_0,wavlm_large,it0073,0.1442146599292755,0.3625044226646423
C2_0,wavlm_large,it0074,0.1628340482711792,0.3771397173404693
C2_0,wavlm_large,it0075,0.4500004053115845,0.4604628682136535
C2_0,wavlm_large,it0076,0.1877837628126144,0.381632924079895
C2_0,wavlm_large,it0077,0.3477833569049835,0.5656176805496216
C2_0,wavlm_large,it0078,0.2795464992523193,0.3700897991657257
C2_0,wavlm_large,it0079,0.6304709911346436,0.5638601779937744
C2_0,wavlm_large,it0080,0.2456226050853729,0.3105949759483337
C2_0,wavlm_large,it0081,0.243691936135292,0.3315352499485016
C2_0,wavlm_large,it0082,0.2884765565395355,0.4630877077579498
C2_0,wavlm_large,it0083,0.3309384286403656,0.4169453084468841
C2_0,wavlm_large,it0084,0.4488210082054138,0.5224059224128723
C2_0,wavlm_large,it0085,0.2790932059288025,0.4944201409816742
C2_0,wavlm_large,it0086,0.5593011379241943,0.6424834728240967
C2_0,wavlm_large,it0087,0.5162142515182495,0.65305495262146
C2_0,wavlm_large,it0088,0.4583372175693512,0.4292140305042267
C2_0,wavlm_large,it0089,0.1401281207799911,0.3462206125259399
C2_0,wavlm_large,it0090,0.5251124501228333,0.5509312748908997
C2_0,wavlm_large,it0091,0.4100993573665619,0.5076372027397156
C2_0,wavlm_large,it0092,0.4062456488609314,0.4692234694957733
C2_0,wavlm_large,it0093,0.3266554474830627,0.4069355726242065
C2_0,wavlm_large,it0094,0.391889750957489,0.5347266793251038
C2_0,wavlm_large,it0095,0.4567538201808929,0.5101253986358643
C2_0,wavlm_large,it0096,0.4049433469772339,0.42083740234375
C2_0,wavlm_large,it0097,0.4894799590110779,0.6582311987876892
C2_0,wavlm_large,it0098,0.3697831630706787,0.4360708594322204
C2_0,wavlm_large,it0099,0.1555936187505722,0.3046810328960418
C2_0,wavlm_large,it0100,0.5758287906646729,0.6678457856178284
C2_0,wavlm_large,it0101,0.2474850267171859,0.304330438375473
C2_0,wavlm_large,it0102,0.3989962339401245,0.4818773865699768
C2_0,wavlm_large,it0103,0.3444480299949646,0.5144339203834534
C2_0,wavlm_large,it0104,0.4780395030975342,0.5469674468040466
C2_0,wavlm_large,it0105,0.4196471273899078,0.616774320602417
C2_0,wavlm_large,it0106,0.4059809446334839,0.4384815692901611
C2_0,wavlm_large,it0107,0.3466807603836059,0.5110291838645935
C2_0,wavlm_large,it0108,0.2767781615257263,0.4499084651470184
C2_0,wavlm_large,it0109,0.3816369771957397,0.4554740786552429
C2_0,wavlm_large,it0110,0.2720361649990082,0.3733794689178467
C2_0,wavlm_large,it0111,0.2309702336788177,0.2905412912368774
C2_0,wavlm_large,it0112,0.5077003836631775,0.5739863514900208
C2_0,wavlm_large,it0113,0.3813831806182861,0.4812667667865753
C2_0,wavlm_large,it0114,0.4289045631885528,0.5290491580963135
C2_0,wavlm_large,it0115,0.2481177747249603,0.2578834593296051
C2_0,wavlm_large,it0116,0.2794950902462005,0.4266998171806335
C2_0,wavlm_large,it0117,0.4628977477550506,0.6061862707138062
C2_0,wavlm_large,it0118,0.3818301558494568,0.5133475065231323
C2_0,wavlm_large,it0119,0.5861042141914368,0.5452401638031006
C2_0,wavlm_large,it0120,0.5201904773712158,0.5823588371276855
C2_0,wavlm_large,it0121,0.2756701409816742,0.4589489996433258
C2_0,wavlm_large,it0122,0.2014134675264358,0.3874123394489288
C2_0,wavlm_large,it0123,0.5096904039382935,0.5490682721138
C2_0,wavlm_large,it0124,0.3491315841674804,0.4531884491443634
C2_0,wavlm_large,it0125,0.4484990537166595,0.4421451985836029
C2_0,wavlm_large,it0126,0.49464151263237,0.5800443291664124
C2_0,wavlm_large,it0127,0.3594326078891754,0.4345408082008362
C2_0,wavlm_large,it0128,0.3334583640098572,0.3726561367511749
C2_0,wavlm_large,it0129,0.165392205119133,0.2672575712203979
C2_0,wavlm_large,it0130,0.3998025059700012,0.3826061189174652
C2_0,wavlm_large,it0131,0.2949734330177307,0.3755307197570801
C2_0,wavlm_large,it0132,0.1348991841077804,0.3054786920547485
C2_0,wavlm_large,it0133,0.4346025586128235,0.5940647721290588
C2_0,wavlm_large,it0134,0.2734445631504059,0.3432373702526092
C2_0,wavlm_large,it0135,0.3988500833511352,0.496180772781372
C2_0,wavlm_large,it0136,0.5383622646331787,0.6117264032363892
C2_0,wavlm_large,it0137,0.2823709845542907,0.4901291131973266
C2_0,wavlm_large,it0138,0.5320029258728027,0.6281349062919617
C2_0,wavlm_large,it0139,0.516045093536377,0.4829354286193847
C2_0,wavlm_large,it0140,0.3168597817420959,0.4896742403507232
C2_0,wavlm_large,it0141,0.6375605463981628,0.626125693321228
C2_0,wavlm_large,it0142,0.0893699377775192,0.2852522134780884
C2_0,wavlm_large,it0143,0.5034064054489136,0.4925353229045868
C2_0,wavlm_large,it0144,0.2715076506137848,0.420942485332489
C2_0,wavlm_large,it0145,0.5436059832572937,0.582718551158905
C2_0,wavlm_large,it0146,0.43030646443367,0.4623904228210449
C2_0,wavlm_large,it0147,0.3779930472373962,0.3950330317020416
C2_0,wavlm_large,it0148,0.1681580692529678,0.2485147416591644
C2_0,wavlm_large,it0149,0.3896780610084533,0.5245831608772278
C2_0,wavlm_large,it0150,0.2348202764987945,0.3994206190109253
C2_0,wavlm_large,it0151,0.5120002031326294,0.5392197966575623
C2_0,wavlm_large,it0152,0.3908721506595611,0.4911778271198272
C2_0,wavlm_large,it0153,0.4319231212139129,0.4385398328304291
C2_0,wavlm_large,it0154,0.1153149753808975,0.2631398737430572
C2_0,wavlm_large,it0155,0.3080332577228546,0.2974719405174255
C2_0,wavlm_large,it0156,0.3993830382823944,0.3430882692337036
C2_0,wavlm_large,it0157,0.5093164443969727,0.5271337628364563
C2_0,wavlm_large,it0158,0.1899585425853729,0.4388733506202698
C2_0,wavlm_large,it0159,0.1931092590093612,0.3182533383369446
C2_0,wavlm_large,it0160,0.3437235355377197,0.4514830112457275
C2_0,wavlm_large,it0161,0.3504427671432495,0.3882008492946625
C2_0,wavlm_large,it0162,0.1887210607528686,0.3162227272987366
C2_0,wavlm_large,it0163,0.3502460420131683,0.4139621257781982
C2_0,wavlm_large,it0164,0.2967181503772735,0.3868108987808227
C2_0,wavlm_large,it0165,0.2048290967941284,0.3863779604434967
C2_0,wavlm_large,it0166,0.3235352337360382,0.3985224962234497
C2_0,wavlm_large,it0167,0.4806557893753052,0.5599433183670044
C2_0,wavlm_large,it0168,0.1611866354942321,0.3261258006095886
C2_0,wavlm_large,it0169,0.3281077146530151,0.4502873420715332
C2_0,wavlm_large,it0170,0.3252482116222381,0.414301335811615
C2_0,wavlm_large,it0171,0.5591034293174744,0.6256583333015442
C2_0,wavlm_large,it0172,0.1823713779449463,0.3632098138332367
C2_0,wavlm_large,it0173,0.5159657001495361,0.6084510087966919
C2_0,wavlm_large,it0174,0.2256665229797363,0.4293270409107208
C2_0,wavlm_large,it0175,0.3266219794750213,0.3523095250129699
C2_0,wavlm_large,it0176,0.3518950343132019,0.4595633745193481
C2_0,wavlm_large,it0177,0.4075468182563782,0.5241185426712036
C2_0,wavlm_large,it0178,0.2060526907444,0.1906749904155731
C2_0,wavlm_large,it0179,0.5840209722518921,0.654080331325531
C2_0,wavlm_large,it0180,0.3765971660614013,0.4556011855602264
C2_0,wavlm_large,it0181,0.5006688237190247,0.5849598050117493
C2_0,wavlm_large,it0182,0.5162192583084106,0.5352475643157959
C2_0,wavlm_large,it0183,0.6103156208992004,0.6229026317596436
C2_0,wavlm_large,it0184,0.2521343529224396,0.4446298480033874
C2_0,wavlm_large,it0185,0.3408109843730926,0.4699710607528686
C2_0,wavlm_large,it0186,0.4740011692047119,0.5140172243118286
C2_0,wavlm_large,it0187,0.3216306865215301,0.4319603145122528
C2_0,wavlm_large,it0188,0.4432074427604675,0.535548985004425
C2_0,wavlm_large,it0189,0.3682925403118133,0.3112396597862243
C2_0,wavlm_large,it0190,0.5599263310432434,0.5400113463401794
C2_0,wavlm_large,it0191,0.2672878205776214,0.3526562452316284
C2_0,wavlm_large,it0192,0.5822129845619202,0.5939237475395203
C2_0,wavlm_large,it0193,0.0827164053916931,0.3680724799633026
C2_0,wavlm_large,it0194,0.6314149498939514,0.6203089356422424
C2_0,wavlm_large,it0195,0.5064466595649719,0.5796187520027161
C2_0,wavlm_large,it0196,0.2881348729133606,0.4336138963699341
C2_0,wavlm_large,it0197,0.3705487847328186,0.3429018557071686
C2_0,wavlm_large,it0198,0.1769413650035858,0.2508545219898224
C2_0,wavlm_large,it0199,0.3938360512256622,0.4927010834217071
C2_0,ecapa,it0000,0.3412952423095703,0.5444347858428955
C2_0,ecapa,it0001,0.4650286138057709,0.3680625557899475
C2_0,ecapa,it0002,0.3740569949150085,0.3859520256519317
C2_0,ecapa,it0003,0.3567966520786285,0.450222373008728
C2_0,ecapa,it0004,0.4599926769733429,0.4845111668109894
C2_0,ecapa,it0005,0.4523954093456268,0.3359391987323761
C2_0,ecapa,it0006,0.4040098190307617,0.4477001130580902
C2_0,ecapa,it0007,0.1496593654155731,0.1933111697435379
C2_0,ecapa,it0008,0.390944242477417,0.3913969099521637
C2_0,ecapa,it0009,0.5450127124786377,0.6267817616462708
C2_0,ecapa,it0010,0.6238495707511902,0.6217173337936401
C2_0,ecapa,it0011,0.4480522572994232,0.5172491669654846
C2_0,ecapa,it0012,0.4274116158485412,0.5737286806106567
C2_0,ecapa,it0013,0.5475249290466309,0.538550615310669
C2_0,ecapa,it0014,0.415077805519104,0.426486611366272
C2_0,ecapa,it0015,0.4292862117290497,0.3859251737594604
C2_0,ecapa,it0016,0.5689982771873474,0.5188102722167969
C2_0,ecapa,it0017,0.5600345730781555,0.5259274840354919
C2_0,ecapa,it0018,0.2857454121112823,0.4176865518093109
C2_0,ecapa,it0019,0.6019785404205322,0.5619199275970459
C2_0,ecapa,it0020,0.2903759479522705,0.2896760106086731
C2_0,ecapa,it0021,0.4882136881351471,0.5333994626998901
C2_0,ecapa,it0022,0.2850211262702942,0.5088578462600708
C2_0,ecapa,it0023,0.6794342994689941,0.6220000982284546
C2_0,ecapa,it0024,0.5517792105674744,0.5598928928375244
C2_0,ecapa,it0025,0.5689206123352051,0.6306537389755249
C2_0,ecapa,it0026,0.286744087934494,0.3014557659626007
C2_0,ecapa,it0027,0.6940492987632751,0.7495444416999817
C2_0,ecapa,it0028,0.5020990967750549,0.5288437604904175
C2_0,ecapa,it0029,0.1767237186431884,0.4154388308525085
C2_0,ecapa,it0030,0.5324004292488098,0.5076648592948914
C2_0,ecapa,it0031,0.352174699306488,0.4168434739112854
C2_0,ecapa,it0032,0.6249593496322632,0.6066952347755432
C2_0,ecapa,it0033,0.4043024182319641,0.4196745753288269
C2_0,ecapa,it0034,0.4618928730487823,0.452834814786911
C2_0,ecapa,it0035,0.2206120193004608,0.3587237000465393
C2_0,ecapa,it0036,0.5910834670066833,0.6174024939537048
C2_0,ecapa,it0037,0.5048348903656006,0.6136614680290222
C2_0,ecapa,it0038,0.3770709633827209,0.3177342414855957
C2_0,ecapa,it0039,0.4405196905136108,0.5506084561347961
C2_0,ecapa,it0040,0.2461572289466858,0.3560698628425598
C2_0,ecapa,it0041,0.6506414413452148,0.6463121175765991
C2_0,ecapa,it0042,0.4021275639533996,0.4286246597766876
C2_0,ecapa,it0043,0.2007172405719757,0.3920924663543701
C2_0,ecapa,it0044,0.3080070614814758,0.5228572487831116
C2_0,ecapa,it0045,0.2371854484081268,0.2376360744237899
C2_0,ecapa,it0046,0.3231824338436126,0.3330936431884765
C2_0,ecapa,it0047,0.2270692288875579,0.3316541612148285
C2_0,ecapa,it0048,0.5639132261276245,0.5201739072799683
C2_0,ecapa,it0049,0.4561627209186554,0.4152456223964691
C2_0,ecapa,it0050,0.1459201574325561,0.2175049632787704
C2_0,ecapa,it0051,0.2910969257354736,0.1915236115455627
C2_0,ecapa,it0052,0.4175437688827514,0.3433878719806671
C2_0,ecapa,it0053,0.1700707077980041,0.2458577156066894
C2_0,ecapa,it0054,0.3011753261089325,0.3623542189598083
C2_0,ecapa,it0055,0.4329425096511841,0.4439926147460937
C2_0,ecapa,it0056,0.2512809634208679,0.5521838068962097
C2_0,ecapa,it0057,0.4309292435646057,0.5394785404205322
C2_0,ecapa,it0058,0.2352427393198013,0.382124662399292
C2_0,ecapa,it0059,0.5967319011688232,0.4997465908527374
C2_0,ecapa,it0060,0.3908355236053467,0.5067082643508911
C2_0,ecapa,it0061,0.5712890625,0.5627293586730957
C2_0,ecapa,it0062,0.5845169425010681,0.5602808594703674
C2_0,ecapa,it0063,0.41997030377388,0.44046151638031
C2_0,ecapa,it0064,0.4708081483840942,0.327802836894989
C2_0,ecapa,it0065,0.5582687258720398,0.6125048398971558
C2_0,ecapa,it0066,0.2508248090744018,0.3351146876811981
C2_0,ecapa,it0067,0.2618138790130615,0.2827866077423095
C2_0,ecapa,it0068,0.6235255002975464,0.65794837474823
C2_0,ecapa,it0069,0.2540428936481476,0.4116665124893188
C2_0,ecapa,it0070,0.3178514540195465,0.5525628924369812
C2_0,ecapa,it0071,0.4820447564125061,0.566557765007019
C2_0,ecapa,it0072,0.4449069499969482,0.5260304808616638
C2_0,ecapa,it0073,0.1099429503083229,0.2662901580333709
C2_0,ecapa,it0074,0.187767818570137,0.2599176466464996
C2_0,ecapa,it0075,0.3454976975917816,0.3644891679286957
C2_0,ecapa,it0076,0.4951357841491699,0.6308809518814087
C2_0,ecapa,it0077,0.5341076254844666,0.5257251262664795
C2_0,ecapa,it0078,0.3574810028076172,0.2982053458690643
C2_0,ecapa,it0079,0.5942032337188721,0.5386561155319214
C2_0,ecapa,it0080,0.4166391491889953,0.5427819490432739
C2_0,ecapa,it0081,0.3272833526134491,0.3323996663093567
C2_0,ecapa,it0082,0.2949373126029968,0.4633602797985077
C2_0,ecapa,it0083,0.5419711470603943,0.4973803162574768
C2_0,ecapa,it0084,0.5741517543792725,0.6001587510108948
C2_0,ecapa,it0085,0.4316164553165436,0.6517314314842224
C2_0,ecapa,it0086,0.601735532283783,0.6974536180496216
C2_0,ecapa,it0087,0.5471171736717224,0.4652292132377624
C2_0,ecapa,it0088,0.4189856350421905,0.3922712504863739
C2_0,ecapa,it0089,0.2964623868465423,0.4653793573379516
C2_0,ecapa,it0090,0.5933937430381775,0.6046432256698608
C2_0,ecapa,it0091,0.344312310218811,0.5735288262367249
C2_0,ecapa,it0092,0.4566260576248169,0.4900856912136078
C2_0,ecapa,it0093,0.4815113544464111,0.4896230697631836
C2_0,ecapa,it0094,0.4591660499572754,0.4709803760051727
C2_0,ecapa,it0095,0.4849279224872589,0.5492295622825623
C2_0,ecapa,it0096,0.4401115775108337,0.493845522403717
C2_0,ecapa,it0097,0.5211512446403503,0.6353594660758972
C2_0,ecapa,it0098,0.4633495211601257,0.5078065991401672
C2_0,ecapa,it0099,0.2900263369083404,0.3457801043987274
C2_0,ecapa,it0100,0.6058857440948486,0.685724139213562
C2_0,ecapa,it0101,0.1606713086366653,0.3435836732387543
C2_0,ecapa,it0102,0.3324898481369018,0.3327507078647613
C2_0,ecapa,it0103,0.2962302565574646,0.4258593022823334
C2_0,ecapa,it0104,0.4686749577522278,0.5533240437507629
C2_0,ecapa,it0105,0.2880897521972656,0.4906153380870819
C2_0,ecapa,it0106,0.4731816947460174,0.4264598488807678
C2_0,ecapa,it0107,0.5471532344818115,0.546333372592926
C2_0,ecapa,it0108,0.4484520256519317,0.4247384071350097
C2_0,ecapa,it0109,0.424785703420639,0.5092786550521851
C2_0,ecapa,it0110,0.148397609591484,0.209444910287857
C2_0,ecapa,it0111,0.344095766544342,0.34937784075737
C2_0,ecapa,it0112,0.5748080015182495,0.6639053821563721
C2_0,ecapa,it0113,0.5083571672439575,0.5448353886604309
C2_0,ecapa,it0114,0.4942203760147095,0.4871666133403778
C2_0,ecapa,it0115,0.3873932659626007,0.3846188187599182
C2_0,ecapa,it0116,0.4831057786941528,0.5115866661071777
C2_0,ecapa,it0117,0.3774743378162384,0.5413368940353394
C2_0,ecapa,it0118,0.3540963530540466,0.548957347869873
C2_0,ecapa,it0119,0.6067692041397095,0.5678403973579407
C2_0,ecapa,it0120,0.6189693808555603,0.6042355298995972
C2_0,ecapa,it0121,0.4737113714218139,0.5598350763320923
C2_0,ecapa,it0122,0.2928135991096496,0.2792916893959045
C2_0,ecapa,it0123,0.2668860852718353,0.4512749314308166
C2_0,ecapa,it0124,0.5580145120620728,0.5863932967185974
C2_0,ecapa,it0125,0.5258657336235046,0.4655330181121826
C2_0,ecapa,it0126,0.372915506362915,0.4861401915550232
C2_0,ecapa,it0127,0.3297722637653351,0.3525713086128235
C2_0,ecapa,it0128,0.360771894454956,0.3862234354019165
C2_0,ecapa,it0129,0.1848924607038498,0.231688916683197
C2_0,ecapa,it0130,0.4059948921203613,0.3219821155071258
C2_0,ecapa,it0131,0.2017392367124557,0.3353980481624603
C2_0,ecapa,it0132,0.2667202949523926,0.2727836072444916
C2_0,ecapa,it0133,0.3955824673175812,0.5433711409568787
C2_0,ecapa,it0134,0.4181214272975921,0.4421314299106598
C2_0,ecapa,it0135,0.4112460315227508,0.4181382060050964
C2_0,ecapa,it0136,0.4894264042377472,0.5668713450431824
C2_0,ecapa,it0137,0.3661012351512909,0.4979652762413025
C2_0,ecapa,it0138,0.471881628036499,0.5440676808357239
C2_0,ecapa,it0139,0.561832845211029,0.5859745144844055
C2_0,ecapa,it0140,0.4087300896644592,0.4118816256523132
C2_0,ecapa,it0141,0.5405790209770203,0.6735285520553589
C2_0,ecapa,it0142,0.1890530586242675,0.3745018243789673
C2_0,ecapa,it0143,0.3109293580055237,0.3852551579475403
C2_0,ecapa,it0144,0.6228414177894592,0.5882642865180969
C2_0,ecapa,it0145,0.4277805685997009,0.6298584938049316
C2_0,ecapa,it0146,0.5191702842712402,0.5154125094413757
C2_0,ecapa,it0147,0.4373747706413269,0.5465750098228455
C2_0,ecapa,it0148,0.1722599864006042,0.031617734581232
C2_0,ecapa,it0149,0.4000775218009949,0.4558545053005218
C2_0,ecapa,it0150,0.2460170686244964,0.4150634407997131
C2_0,ecapa,it0151,0.5726640820503235,0.6312831044197083
C2_0,ecapa,it0152,0.5934903621673584,0.5822626948356628
C2_0,ecapa,it0153,0.3279477655887604,0.4544501304626465
C2_0,ecapa,it0154,0.2426928281784057,0.2791685461997986
C2_0,ecapa,it0155,0.3788034617900848,0.2366328835487365
C2_0,ecapa,it0156,0.3309407234191894,0.4599186182022095
C2_0,ecapa,it0157,0.4935604929924011,0.5602705478668213
C2_0,ecapa,it0158,0.2694274485111236,0.4833616614341736
C2_0,ecapa,it0159,0.3418572545051574,0.4198057651519775
C2_0,ecapa,it0160,0.6016022562980652,0.6362794041633606
C2_0,ecapa,it0161,0.3119749426841736,0.3882263898849487
C2_0,ecapa,it0162,0.0318435467779636,0.2049335539340973
C2_0,ecapa,it0163,0.4834370613098144,0.4460265040397644
C2_0,ecapa,it0164,0.4744305908679962,0.4987318515777588
C2_0,ecapa,it0165,0.2861399948596954,0.4394668936729431
C2_0,ecapa,it0166,0.4746664464473724,0.5166210532188416
C2_0,ecapa,it0167,0.3651750385761261,0.4086193144321441
C2_0,ecapa,it0168,0.2236772179603576,0.3237551152706146
C2_0,ecapa,it0169,0.3317465484142303,0.4784342646598816
C2_0,ecapa,it0170,0.451143205165863,0.4117861986160278
C2_0,ecapa,it0171,0.6456476449966431,0.6509594321250916
C2_0,ecapa,it0172,0.1834730356931686,0.2879840433597564
C2_0,ecapa,it0173,0.5982851982116699,0.690995991230011
C2_0,ecapa,it0174,0.4372426271438598,0.5314854383468628
C2_0,ecapa,it0175,0.2571688592433929,0.2797337174415588
C2_0,ecapa,it0176,0.4207854568958282,0.3376132547855377
C2_0,ecapa,it0177,0.3738245964050293,0.5202481746673584
C2_0,ecapa,it0178,0.2679204940795898,0.3083420991897583
C2_0,ecapa,it0179,0.5778086185455322,0.650553822517395
C2_0,ecapa,it0180,0.4984514117240906,0.4038677513599396
C2_0,ecapa,it0181,0.4973095953464508,0.4975372552871704
C2_0,ecapa,it0182,0.5918807983398438,0.5636681318283081
C2_0,ecapa,it0183,0.5410413146018982,0.5733886361122131
C2_0,ecapa,it0184,0.2423079460859298,0.3533752858638763
C2_0,ecapa,it0185,0.3184431791305542,0.4529156386852264
C2_0,ecapa,it0186,0.5165930986404419,0.6131796836853027
C2_0,ecapa,it0187,0.3725674748420715,0.539804220199585
C2_0,ecapa,it0188,0.4244071245193481,0.5273616313934326
C2_0,ecapa,it0189,0.3678248226642608,0.439023345708847
C2_0,ecapa,it0190,0.5369458794593811,0.5788319110870361
C2_0,ecapa,it0191,0.4138457179069519,0.4349686503410339
C2_0,ecapa,it0192,0.6017791628837585,0.5451581478118896
C2_0,ecapa,it0193,0.3626289963722229,0.552486777305603
C2_0,ecapa,it0194,0.6357449293136597,0.5955142378807068
C2_0,ecapa,it0195,0.597404420375824,0.6650978326797485
C2_0,ecapa,it0196,0.3909280002117157,0.4907712638378143
C2_0,ecapa,it0197,0.3842300772666931,0.3998323082923889
C2_0,ecapa,it0198,0.3495434522628784,0.3778576254844665
C2_0,ecapa,it0199,0.3693500459194183,0.4475550055503845
C2_0,ge2e,it0000,0.7686143517494202,0.8110917210578918
C2_0,ge2e,it0001,0.8568724989891052,0.8298522233963013
C2_0,ge2e,it0002,0.756422758102417,0.7440967559814453
C2_0,ge2e,it0003,0.6666254997253418,0.7527077198028564
C2_0,ge2e,it0004,0.8381292819976807,0.8313850164413452
C2_0,ge2e,it0005,0.8478814363479614,0.791624128818512
C2_0,ge2e,it0006,0.7722907066345215,0.7878931164741516
C2_0,ge2e,it0007,0.7402328252792358,0.7669467926025391
C2_0,ge2e,it0008,0.8207626938819885,0.847991406917572
C2_0,ge2e,it0009,0.8688505291938782,0.923118770122528
C2_0,ge2e,it0010,0.8365835547447205,0.8626563549041748
C2_0,ge2e,it0011,0.8347383141517639,0.8642318844795227
C2_0,ge2e,it0012,0.6843826770782471,0.7309762239456177
C2_0,ge2e,it0013,0.8038297891616821,0.8281307220458984
C2_0,ge2e,it0014,0.7776790261268616,0.819583535194397
C2_0,ge2e,it0015,0.8393043279647827,0.8457472324371338
C2_0,ge2e,it0016,0.8499293923377991,0.8451067805290222
C2_0,ge2e,it0017,0.8082934617996216,0.8551398515701294
C2_0,ge2e,it0018,0.8046060800552368,0.8615370988845825
C2_0,ge2e,it0019,0.8343551158905029,0.8395549654960632
C2_0,ge2e,it0020,0.6973592638969421,0.7414312958717346
C2_0,ge2e,it0021,0.8211896419525146,0.8368889689445496
C2_0,ge2e,it0022,0.6959509253501892,0.8147497773170471
C2_0,ge2e,it0023,0.8378739356994629,0.8161531686782837
C2_0,ge2e,it0024,0.8118137717247009,0.8207194209098816
C2_0,ge2e,it0025,0.8368597626686096,0.8260607123374939
C2_0,ge2e,it0026,0.713965117931366,0.7509713768959045
C2_0,ge2e,it0027,0.7873974442481995,0.8424726128578186
C2_0,ge2e,it0028,0.8558748364448547,0.8500009775161743
C2_0,ge2e,it0029,0.8020111322402954,0.7965962886810303
C2_0,ge2e,it0030,0.8885110020637512,0.8561655282974243
C2_0,ge2e,it0031,0.7617440223693848,0.806410014629364
C2_0,ge2e,it0032,0.7899534702301025,0.8091092705726624
C2_0,ge2e,it0033,0.8040439486503601,0.8068766593933105
C2_0,ge2e,it0034,0.8631454706192017,0.8997231721878052
C2_0,ge2e,it0035,0.7622268199920654,0.762276291847229
C2_0,ge2e,it0036,0.8475979566574097,0.8483778834342957
C2_0,ge2e,it0037,0.8900459408760071,0.8559059500694275
C2_0,ge2e,it0038,0.786353349685669,0.834438681602478
C2_0,ge2e,it0039,0.8132588863372803,0.839397668838501
C2_0,ge2e,it0040,0.7131573557853699,0.7629127502441406
C2_0,ge2e,it0041,0.8238593339920044,0.8361883759498596
C2_0,ge2e,it0042,0.8195521831512451,0.8705490231513977
C2_0,ge2e,it0043,0.7386607527732849,0.776263952255249
C2_0,ge2e,it0044,0.567591667175293,0.8079378604888916
C2_0,ge2e,it0045,0.7618310451507568,0.7717940807342529
C2_0,ge2e,it0046,0.7018684148788452,0.7474802732467651
C2_0,ge2e,it0047,0.7324279546737671,0.8335477113723755
C2_0,ge2e,it0048,0.8309040665626526,0.8648988008499146
C2_0,ge2e,it0049,0.886611819267273,0.8862490057945251
C2_0,ge2e,it0050,0.7836236953735352,0.7652899026870728
C2_0,ge2e,it0051,0.8122384548187256,0.7985109686851501
C2_0,ge2e,it0052,0.8072865605354309,0.7666810750961304
C2_0,ge2e,it0053,0.7382123470306396,0.764706015586853
C2_0,ge2e,it0054,0.7735681533813477,0.8347467184066772
C2_0,ge2e,it0055,0.856078028678894,0.7244462370872498
C2_0,ge2e,it0056,0.872575581073761,0.8903632164001465
C2_0,ge2e,it0057,0.7591793537139893,0.8188719749450684
C2_0,ge2e,it0058,0.7853628396987915,0.8034408092498779
C2_0,ge2e,it0059,0.8680009841918945,0.8224143981933594
C2_0,ge2e,it0060,0.8464402556419373,0.8890740275382996
C2_0,ge2e,it0061,0.8420198559761047,0.8913222551345825
C2_0,ge2e,it0062,0.8149688243865967,0.8788095712661743
C2_0,ge2e,it0063,0.6793978810310364,0.7652816772460938
C2_0,ge2e,it0064,0.8363132476806641,0.8265537023544312
C2_0,ge2e,it0065,0.7824072241783142,0.8373146057128906
C2_0,ge2e,it0066,0.7464885711669922,0.7347426414489746
C2_0,ge2e,it0067,0.826663613319397,0.833392858505249
C2_0,ge2e,it0068,0.8755759000778198,0.8731271624565125
C2_0,ge2e,it0069,0.734918475151062,0.7720574140548706
C2_0,ge2e,it0070,0.7736630439758301,0.7760948538780212
C2_0,ge2e,it0071,0.8292321562767029,0.8512462377548218
C2_0,ge2e,it0072,0.8686004877090454,0.8578746318817139
C2_0,ge2e,it0073,0.7593914270401001,0.7802548408508301
C2_0,ge2e,it0074,0.7715557813644409,0.828554630279541
C2_0,ge2e,it0075,0.8564342856407166,0.8396010398864746
C2_0,ge2e,it0076,0.8292176723480225,0.8567567467689514
C2_0,ge2e,it0077,0.7585293054580688,0.7205968499183655
C2_0,ge2e,it0078,0.7475204467773438,0.7718261480331421
C2_0,ge2e,it0079,0.8422172665596008,0.8394237756729126
C2_0,ge2e,it0080,0.7839669585227966,0.7950077056884766
C2_0,ge2e,it0081,0.8462975025177002,0.8368589878082275
C2_0,ge2e,it0082,0.8069733381271362,0.849797248840332
C2_0,ge2e,it0083,0.8329794406890869,0.8696556091308594
C2_0,ge2e,it0084,0.8499516844749451,0.8685624599456787
C2_0,ge2e,it0085,0.8049265146255493,0.8511936068534851
C2_0,ge2e,it0086,0.8643937110900879,0.8696982264518738
C2_0,ge2e,it0087,0.8538370132446289,0.8858855962753296
C2_0,ge2e,it0088,0.8017857670783997,0.7786763906478882
C2_0,ge2e,it0089,0.7958875298500061,0.8124425411224365
C2_0,ge2e,it0090,0.8428906798362732,0.8836555480957031
C2_0,ge2e,it0091,0.7949244379997253,0.8385050892829895
C2_0,ge2e,it0092,0.7315751314163208,0.7727718949317932
C2_0,ge2e,it0093,0.8029495477676392,0.8405424356460571
C2_0,ge2e,it0094,0.7921897768974304,0.823816180229187
C2_0,ge2e,it0095,0.8843846321105957,0.8826714754104614
C2_0,ge2e,it0096,0.7944455146789551,0.7790235280990601
C2_0,ge2e,it0097,0.7816181182861328,0.8544377088546753
C2_0,ge2e,it0098,0.8334293365478516,0.8701086640357971
C2_0,ge2e,it0099,0.7067416906356812,0.7384353280067444
C2_0,ge2e,it0100,0.8851546049118042,0.8555804491043091
C2_0,ge2e,it0101,0.729958713054657,0.7158552408218384
C2_0,ge2e,it0102,0.8340146541595459,0.8677077293395996
C2_0,ge2e,it0103,0.6960979700088501,0.7366788387298584
C2_0,ge2e,it0104,0.8626307845115662,0.8419516682624817
C2_0,ge2e,it0105,0.8274750709533691,0.83990877866745
C2_0,ge2e,it0106,0.8366820216178894,0.8107763528823853
C2_0,ge2e,it0107,0.7994397282600403,0.8273237943649292
C2_0,ge2e,it0108,0.8342418670654297,0.8427469730377197
C2_0,ge2e,it0109,0.763600766658783,0.8026083111763
C2_0,ge2e,it0110,0.7766435742378235,0.7510873079299927
C2_0,ge2e,it0111,0.8636703491210938,0.8271358609199524
C2_0,ge2e,it0112,0.8962583541870117,0.9041446447372437
C2_0,ge2e,it0113,0.8291025757789612,0.8574658632278442
C2_0,ge2e,it0114,0.8008865118026733,0.8386989235877991
C2_0,ge2e,it0115,0.8541831970214844,0.8594819903373718
C2_0,ge2e,it0116,0.8578620553016663,0.8070751428604126
C2_0,ge2e,it0117,0.7959330081939697,0.8432193398475647
C2_0,ge2e,it0118,0.7217079401016235,0.8038232326507568
C2_0,ge2e,it0119,0.8170698881149292,0.8198394775390625
C2_0,ge2e,it0120,0.8095904588699341,0.828599750995636
C2_0,ge2e,it0121,0.7744921445846558,0.7744306921958923
C2_0,ge2e,it0122,0.792020320892334,0.8207008838653564
C2_0,ge2e,it0123,0.7442418336868286,0.7765979766845703
C2_0,ge2e,it0124,0.883456826210022,0.8481752872467041
C2_0,ge2e,it0125,0.8871532082557678,0.8768392205238342
C2_0,ge2e,it0126,0.8981502056121826,0.863563060760498
C2_0,ge2e,it0127,0.7832126617431641,0.7895205020904541
C2_0,ge2e,it0128,0.8437288999557495,0.8086130619049072
C2_0,ge2e,it0129,0.7602688670158386,0.752386212348938
C2_0,ge2e,it0130,0.8131012320518494,0.8516587018966675
C2_0,ge2e,it0131,0.7983958125114441,0.8637210130691528
C2_0,ge2e,it0132,0.8224788308143616,0.82583087682724
C2_0,ge2e,it0133,0.8398157358169556,0.8521664142608643
C2_0,ge2e,it0134,0.7271767258644104,0.7757583856582642
C2_0,ge2e,it0135,0.8083207607269287,0.8202413320541382
C2_0,ge2e,it0136,0.86129230260849,0.867790937423706
C2_0,ge2e,it0137,0.8109075427055359,0.8495497703552246
C2_0,ge2e,it0138,0.8119145035743713,0.8495204448699951
C2_0,ge2e,it0139,0.8445106744766235,0.8435903787612915
C2_0,ge2e,it0140,0.8201298713684082,0.825926661491394
C2_0,ge2e,it0141,0.7975711226463318,0.8881517648696899
C2_0,ge2e,it0142,0.7753931283950806,0.82921302318573
C2_0,ge2e,it0143,0.8578198552131653,0.8628501296043396
C2_0,ge2e,it0144,0.8555052280426025,0.8207281231880188
C2_0,ge2e,it0145,0.7374576330184937,0.890835165977478
C2_0,ge2e,it0146,0.8033785820007324,0.8335907459259033
C2_0,ge2e,it0147,0.851763904094696,0.8961675763130188
C2_0,ge2e,it0148,0.8167594075202942,0.8231759667396545
C2_0,ge2e,it0149,0.8218342661857605,0.7885304689407349
C2_0,ge2e,it0150,0.7667272686958313,0.7657001614570618
C2_0,ge2e,it0151,0.823178231716156,0.8482664227485657
C2_0,ge2e,it0152,0.8526055812835693,0.8814333081245422
C2_0,ge2e,it0153,0.8682045340538025,0.8860790729522705
C2_0,ge2e,it0154,0.7957636713981628,0.8389226794242859
C2_0,ge2e,it0155,0.8477381467819214,0.8246930837631226
C2_0,ge2e,it0156,0.733180820941925,0.7930710911750793
C2_0,ge2e,it0157,0.8397693037986755,0.8527446389198303
C2_0,ge2e,it0158,0.7762110233306885,0.841995358467102
C2_0,ge2e,it0159,0.8393130302429199,0.8320838212966919
C2_0,ge2e,it0160,0.8247703313827515,0.871595025062561
C2_0,ge2e,it0161,0.8533498048782349,0.8002112507820129
C2_0,ge2e,it0162,0.7976154685020447,0.8039155602455139
C2_0,ge2e,it0163,0.6943983435630798,0.7254505753517151
C2_0,ge2e,it0164,0.8263285160064697,0.802203893661499
C2_0,ge2e,it0165,0.6956342458724976,0.7596112489700317
C2_0,ge2e,it0166,0.8625866770744324,0.8309308290481567
C2_0,ge2e,it0167,0.8632076978683472,0.8484033346176147
C2_0,ge2e,it0168,0.7349503040313721,0.7616607546806335
C2_0,ge2e,it0169,0.8127076625823975,0.8002315163612366
C2_0,ge2e,it0170,0.8100496530532837,0.8816201090812683
C2_0,ge2e,it0171,0.832389771938324,0.7900020480155945
C2_0,ge2e,it0172,0.7790241241455078,0.7788696885108948
C2_0,ge2e,it0173,0.8604657649993896,0.8616771697998047
C2_0,ge2e,it0174,0.7747870683670044,0.8358564972877502
C2_0,ge2e,it0175,0.6465317606925964,0.716992974281311
C2_0,ge2e,it0176,0.828211784362793,0.7772506475448608
C2_0,ge2e,it0177,0.804208517074585,0.8630800843238831
C2_0,ge2e,it0178,0.7979660034179688,0.8054580092430115
C2_0,ge2e,it0179,0.8763061761856079,0.8854290246963501
C2_0,ge2e,it0180,0.8124663829803467,0.8308054208755493
C2_0,ge2e,it0181,0.8144790530204773,0.8316130042076111
C2_0,ge2e,it0182,0.8623913526535034,0.8274630308151245
C2_0,ge2e,it0183,0.8271874189376831,0.8227513432502747
C2_0,ge2e,it0184,0.7834223508834839,0.811745822429657
C2_0,ge2e,it0185,0.7712068557739258,0.8622747659683228
C2_0,ge2e,it0186,0.7867879271507263,0.8043844699859619
C2_0,ge2e,it0187,0.8166082501411438,0.8166793584823608
C2_0,ge2e,it0188,0.862841010093689,0.8654008507728577
C2_0,ge2e,it0189,0.80539870262146,0.7607340812683105
C2_0,ge2e,it0190,0.8511580228805542,0.8698468208312988
C2_0,ge2e,it0191,0.7825545072555542,0.8319315910339355
C2_0,ge2e,it0192,0.8486216068267822,0.7730394005775452
C2_0,ge2e,it0193,0.8030375838279724,0.7868842482566833
C2_0,ge2e,it0194,0.8602356314659119,0.8241065144538879
C2_0,ge2e,it0195,0.8430209159851074,0.8563973903656006
C2_0,ge2e,it0196,0.8355706334114075,0.813683032989502
C2_0,ge2e,it0197,0.7967789173126221,0.8013945817947388
C2_0,ge2e,it0198,0.8517230749130249,0.8691213130950928
C2_0,ge2e,it0199,0.8365761041641235,0.8319153189659119
C2_0,xvect,it0000,0.943350613117218,0.9559125304222108
C2_0,xvect,it0001,0.9562881588935852,0.9523093104362488
C2_0,xvect,it0002,0.9496247172355652,0.9506772756576538
C2_0,xvect,it0003,0.9368504285812378,0.9489253163337708
C2_0,xvect,it0004,0.9510054588317872,0.9585601687431335
C2_0,xvect,it0005,0.941435694694519,0.9462928175926208
C2_0,xvect,it0006,0.9442140460014344,0.9515413641929626
C2_0,xvect,it0007,0.9458186626434326,0.9489531517028807
C2_0,xvect,it0008,0.930121660232544,0.9343867301940918
C2_0,xvect,it0009,0.9501452445983888,0.9626744985580444
C2_0,xvect,it0010,0.9648261070251464,0.970156729221344
C2_0,xvect,it0011,0.9655511379241944,0.968984842300415
C2_0,xvect,it0012,0.9322690367698668,0.9490565657615662
C2_0,xvect,it0013,0.9644067287445068,0.9660478234291076
C2_0,xvect,it0014,0.9487060904502868,0.9163491725921632
C2_0,xvect,it0015,0.9364517331123352,0.9435546398162842
C2_0,xvect,it0016,0.9417074918746948,0.9129185676574708
C2_0,xvect,it0017,0.943115234375,0.9372459053993224
C2_0,xvect,it0018,0.9119923114776612,0.941833794116974
C2_0,xvect,it0019,0.9515606164932252,0.9442891478538512
C2_0,xvect,it0020,0.9433861970901488,0.9520844221115112
C2_0,xvect,it0021,0.9508424401283264,0.9536935687065125
C2_0,xvect,it0022,0.9156625270843506,0.936455488204956
C2_0,xvect,it0023,0.9442107677459716,0.9489830136299132
C2_0,xvect,it0024,0.9458473920822144,0.9627223610877992
C2_0,xvect,it0025,0.9416681528091432,0.9680964350700378
C2_0,xvect,it0026,0.942565619945526,0.944616198539734
C2_0,xvect,it0027,0.9657527804374696,0.9678750038146972
C2_0,xvect,it0028,0.9406328797340392,0.9580807089805604
C2_0,xvect,it0029,0.9259580373764038,0.9569637775421144
C2_0,xvect,it0030,0.969180941581726,0.96635639667511
C2_0,xvect,it0031,0.9473552703857422,0.9563995003700256
C2_0,xvect,it0032,0.941049873828888,0.9569786190986632
C2_0,xvect,it0033,0.933640480041504,0.9451723694801332
C2_0,xvect,it0034,0.9543321132659912,0.9523669481277466
C2_0,xvect,it0035,0.9425553679466248,0.9456680417060852
C2_0,xvect,it0036,0.926783800125122,0.9478132128715516
C2_0,xvect,it0037,0.9606427550315856,0.9613137245178224
C2_0,xvect,it0038,0.947242259979248,0.950139820575714
C2_0,xvect,it0039,0.9319489598274232,0.9576563239097596
C2_0,xvect,it0040,0.939428448677063,0.9442958831787108
C2_0,xvect,it0041,0.943021297454834,0.9590901732444764
C2_0,xvect,it0042,0.9452562928199768,0.9422131776809692
C2_0,xvect,it0043,0.9403952956199646,0.9609946608543396
C2_0,xvect,it0044,0.9302571415901184,0.9681799411773682
C2_0,xvect,it0045,0.9316030144691468,0.944155752658844
C2_0,xvect,it0046,0.948209583759308,0.9429912567138672
C2_0,xvect,it0047,0.955260157585144,0.9665892720222472
C2_0,xvect,it0048,0.9583504796028136,0.952649176120758
C2_0,xvect,it0049,0.9570205211639404,0.9547884464263916
C2_0,xvect,it0050,0.9302662014961244,0.9374229907989502
C2_0,xvect,it0051,0.9603875875473022,0.9588232040405272
C2_0,xvect,it0052,0.9591045379638672,0.9496759176254272
C2_0,xvect,it0053,0.9465892910957336,0.956449568271637
C2_0,xvect,it0054,0.9453117847442628,0.964658260345459
C2_0,xvect,it0055,0.9353514909744264,0.9606971144676208
C2_0,xvect,it0056,0.9471945762634276,0.9638659954071044
C2_0,xvect,it0057,0.938194751739502,0.9612706899642944
C2_0,xvect,it0058,0.9335435032844543,0.9320138096809388
C2_0,xvect,it0059,0.9725438356399536,0.9701319336891174
C2_0,xvect,it0060,0.9421213269233704,0.9153689742088318
C2_0,xvect,it0061,0.9595900177955629,0.9637822508811952
C2_0,xvect,it0062,0.937313437461853,0.9584261775016784
C2_0,xvect,it0063,0.9440765976905824,0.944487452507019
C2_0,xvect,it0064,0.9518860578536988,0.9544181823730468
C2_0,xvect,it0065,0.9158068895339966,0.933442234992981
C2_0,xvect,it0066,0.939542591571808,0.9476777911186218
C2_0,xvect,it0067,0.9379715919494628,0.9462551474571228
C2_0,xvect,it0068,0.96912682056427,0.971731662750244
C2_0,xvect,it0069,0.9444648027420044,0.9580634832382202
C2_0,xvect,it0070,0.93344384431839,0.9382296204566956
C2_0,xvect,it0071,0.9536769986152648,0.956706404685974
C2_0,xvect,it0072,0.9583999514579772,0.9657135605812072
C2_0,xvect,it0073,0.9391745924949646,0.9537547826766968
C2_0,xvect,it0074,0.9363695979118348,0.9507047533988952
C2_0,xvect,it0075,0.9522836208343506,0.9586887955665588
C2_0,xvect,it0076,0.9538792371749878,0.9537535309791564
C2_0,xvect,it0077,0.9540870189666748,0.923405110836029
C2_0,xvect,it0078,0.9543708562850952,0.9497742652893066
C2_0,xvect,it0079,0.9665935039520264,0.9704233407974244
C2_0,xvect,it0080,0.9252101182937622,0.9603359699249268
C2_0,xvect,it0081,0.9530910849571228,0.9509752988815308
C2_0,xvect,it0082,0.9398609399795532,0.94801926612854
C2_0,xvect,it0083,0.9664973020553588,0.9644009470939636
C2_0,xvect,it0084,0.966100811958313,0.9650424718856812
C2_0,xvect,it0085,0.9179831743240356,0.9359222650527954
C2_0,xvect,it0086,0.9697574377059937,0.9646718502044678
C2_0,xvect,it0087,0.961764633655548,0.9674636125564576
C2_0,xvect,it0088,0.9546831846237184,0.9614239931106568
C2_0,xvect,it0089,0.9509031772613524,0.9585697054862976
C2_0,xvect,it0090,0.9634772539138794,0.9655174016952516
C2_0,xvect,it0091,0.9090069532394408,0.9324055314064026
C2_0,xvect,it0092,0.945559859275818,0.955351948738098
C2_0,xvect,it0093,0.9449228644371032,0.9484086036682128
C2_0,xvect,it0094,0.9217320680618286,0.952839970588684
C2_0,xvect,it0095,0.9428347945213318,0.9524092674255372
C2_0,xvect,it0096,0.94349604845047,0.9518728852272034
C2_0,xvect,it0097,0.9555165767669678,0.9646551609039308
C2_0,xvect,it0098,0.972156584262848,0.9765304327011108
C2_0,xvect,it0099,0.94401752948761,0.9598111510276794
C2_0,xvect,it0100,0.9663655161857604,0.973306119441986
C2_0,xvect,it0101,0.9506404399871826,0.9580903053283693
C2_0,xvect,it0102,0.9490208625793456,0.9514783024787904
C2_0,xvect,it0103,0.9418361783027648,0.9514594078063964
C2_0,xvect,it0104,0.9354806542396544,0.9146828651428224
C2_0,xvect,it0105,0.9536045789718628,0.9558537602424622
C2_0,xvect,it0106,0.958134949207306,0.9341708421707152
C2_0,xvect,it0107,0.945870876312256,0.9129632115364076
C2_0,xvect,it0108,0.9573673009872437,0.9615100622177124
C2_0,xvect,it0109,0.9534935355186462,0.964655876159668
C2_0,xvect,it0110,0.9368791580200196,0.9420985579490662
C2_0,xvect,it0111,0.9674335718154908,0.9659178853034972
C2_0,xvect,it0112,0.9564586877822876,0.9656684398651124
C2_0,xvect,it0113,0.935848832130432,0.946012794971466
C2_0,xvect,it0114,0.9517670273780824,0.9650446176528932
C2_0,xvect,it0115,0.9385523200035096,0.9512699842453004
C2_0,xvect,it0116,0.9448413848876952,0.954104483127594
C2_0,xvect,it0117,0.9459943771362304,0.9389235377311708
C2_0,xvect,it0118,0.948380172252655,0.9612234830856324
C2_0,xvect,it0119,0.9668565392494202,0.9610373377799988
C2_0,xvect,it0120,0.9575101733207704,0.9562883973121644
C2_0,xvect,it0121,0.9469283819198608,0.9577274322509766
C2_0,xvect,it0122,0.946469247341156,0.953590452671051
C2_0,xvect,it0123,0.9498602151870728,0.9574215412139891
C2_0,xvect,it0124,0.9389079809188844,0.9337757229804992
C2_0,xvect,it0125,0.954171359539032,0.9482241868972778
C2_0,xvect,it0126,0.952410101890564,0.9687099456787108
C2_0,xvect,it0127,0.9503870010375975,0.9605808854103088
C2_0,xvect,it0128,0.9586214423179626,0.9648543000221252
C2_0,xvect,it0129,0.9375184178352356,0.9369257092475892
C2_0,xvect,it0130,0.9444082975387572,0.9619699716567992
C2_0,xvect,it0131,0.9417908191680908,0.9513354897499084
C2_0,xvect,it0132,0.9506763219833374,0.9544617533683776
C2_0,xvect,it0133,0.9625431299209596,0.9687856435775756
C2_0,xvect,it0134,0.9460845589637756,0.9673096537590028
C2_0,xvect,it0135,0.9377671480178832,0.9496020674705504
C2_0,xvect,it0136,0.9619133472442628,0.9691553115844728
C2_0,xvect,it0137,0.9531859755516052,0.9576001167297364
C2_0,xvect,it0138,0.9480230212211608,0.9602198004722596
C2_0,xvect,it0139,0.967961311340332,0.9513244032859802
C2_0,xvect,it0140,0.942322075366974,0.9416231513023376
C2_0,xvect,it0141,0.9434856176376344,0.9663408398628236
C2_0,xvect,it0142,0.9330421090126038,0.9456964731216432
C2_0,xvect,it0143,0.960526168346405,0.9657225608825684
C2_0,xvect,it0144,0.954735279083252,0.960965633392334
C2_0,xvect,it0145,0.9265857934951782,0.958892285823822
C2_0,xvect,it0146,0.942979335784912,0.9518828392028807
C2_0,xvect,it0147,0.9505603313446044,0.9532882571220398
C2_0,xvect,it0148,0.950293242931366,0.9575484991073608
C2_0,xvect,it0149,0.9479855298995972,0.95231032371521
C2_0,xvect,it0150,0.929128110408783,0.9426441192626952
C2_0,xvect,it0151,0.9601823687553406,0.9641971588134766
C2_0,xvect,it0152,0.96320903301239,0.972476840019226
C2_0,xvect,it0153,0.9364367127418518,0.9420331716537476
C2_0,xvect,it0154,0.9229964017868042,0.9444542527198792
C2_0,xvect,it0155,0.962903618812561,0.965355098247528
C2_0,xvect,it0156,0.9469234943389891,0.9522702693939208
C2_0,xvect,it0157,0.9618801474571228,0.9658046960830688
C2_0,xvect,it0158,0.9481512308120728,0.966827392578125
C2_0,xvect,it0159,0.9428899884223938,0.9540536403656006
C2_0,xvect,it0160,0.9482218623161316,0.9540069699287416
C2_0,xvect,it0161,0.9613912105560304,0.9570815563201904
C2_0,xvect,it0162,0.9378968477249146,0.9627541303634644
C2_0,xvect,it0163,0.965546488761902,0.9649903178215028
C2_0,xvect,it0164,0.9604058265686036,0.9653159976005554
C2_0,xvect,it0165,0.942880630493164,0.9534822106361388
C2_0,xvect,it0166,0.9407029151916504,0.951423704624176
C2_0,xvect,it0167,0.9364237189292908,0.9407038688659668
C2_0,xvect,it0168,0.9256739020347596,0.937435746192932
C2_0,xvect,it0169,0.9650259613990784,0.9680219888687134
C2_0,xvect,it0170,0.953494668006897,0.9583053588867188
C2_0,xvect,it0171,0.9511299729347228,0.950175940990448
C2_0,xvect,it0172,0.9024843573570251,0.8938145041465759
C2_0,xvect,it0173,0.9544129371643066,0.9507198333740234
C2_0,xvect,it0174,0.9382206797599792,0.9631502032279968
C2_0,xvect,it0175,0.9512857794761658,0.9546099305152892
C2_0,xvect,it0176,0.942578375339508,0.9568285942077636
C2_0,xvect,it0177,0.9331618547439576,0.9633811116218568
C2_0,xvect,it0178,0.9450057148933412,0.9475034475326538
C2_0,xvect,it0179,0.9566873908042908,0.9550337791442872
C2_0,xvect,it0180,0.9487999081611632,0.944564700126648
C2_0,xvect,it0181,0.9683468341827391,0.9640711545944214
C2_0,xvect,it0182,0.9439743757247924,0.9474778771400452
C2_0,xvect,it0183,0.9571583271026612,0.9627009630203248
C2_0,xvect,it0184,0.944006323814392,0.9465215802192688
C2_0,xvect,it0185,0.9113447666168212,0.9550984501838684
C2_0,xvect,it0186,0.9353621006011964,0.9320440292358398
C2_0,xvect,it0187,0.9449193477630616,0.9518345594406128
C2_0,xvect,it0188,0.9369325637817384,0.9253060221672058
C2_0,xvect,it0189,0.9496841430664062,0.9623883366584778
C2_0,xvect,it0190,0.9493575096130372,0.9609719514846802
C2_0,xvect,it0191,0.9547039866447448,0.9589450359344482
C2_0,xvect,it0192,0.936832308769226,0.9518262147903442
C2_0,xvect,it0193,0.9553624391555786,0.9680992960929872
C2_0,xvect,it0194,0.9575555324554444,0.967047154903412
C2_0,xvect,it0195,0.960336446762085,0.9647037386894226
C2_0,xvect,it0196,0.9486070871353148,0.9538037180900574
C2_0,xvect,it0197,0.9331703186035156,0.9340633749961852
C2_0,xvect,it0198,0.9532054662704468,0.9585444331169128
C2_0,xvect,it0199,0.9600095748901368,0.9707481265068054
C2_0,wavlm_base_plus,it0000,0.7554131150245667,0.9008233547210692
C2_0,wavlm_base_plus,it0001,0.8760324120521545,0.9129064083099364
C2_0,wavlm_base_plus,it0002,0.9623120427131652,0.8652357459068298
C2_0,wavlm_base_plus,it0003,0.8528447151184082,0.8963980674743652
C2_0,wavlm_base_plus,it0004,0.9720147848129272,0.961309850215912
C2_0,wavlm_base_plus,it0005,0.917914628982544,0.867470920085907
C2_0,wavlm_base_plus,it0006,0.8932644724845886,0.9047823548316956
C2_0,wavlm_base_plus,it0007,0.9506733417510986,0.9499659538269044
C2_0,wavlm_base_plus,it0008,0.924943745136261,0.9152994751930236
C2_0,wavlm_base_plus,it0009,0.9699744582176208,0.9737553000450134
C2_0,wavlm_base_plus,it0010,0.8763043880462646,0.9392729997634888
C2_0,wavlm_base_plus,it0011,0.9380175471305848,0.945633828639984
C2_0,wavlm_base_plus,it0012,0.904030442237854,0.9293349385261536
C2_0,wavlm_base_plus,it0013,0.9241149425506592,0.9643332958221436
C2_0,wavlm_base_plus,it0014,0.7782370448112488,0.8666324615478516
C2_0,wavlm_base_plus,it0015,0.9530785083770752,0.9590870141983032
C2_0,wavlm_base_plus,it0016,0.9196119904518129,0.9475616216659546
C2_0,wavlm_base_plus,it0017,0.9184020757675172,0.9262293577194214
C2_0,wavlm_base_plus,it0018,0.8690087795257568,0.9266817569732666
C2_0,wavlm_base_plus,it0019,0.9744428992271424,0.9776654839515686
C2_0,wavlm_base_plus,it0020,0.935531198978424,0.7927000522613525
C2_0,wavlm_base_plus,it0021,0.936549723148346,0.942394495010376
C2_0,wavlm_base_plus,it0022,0.923912763595581,0.9068564176559448
C2_0,wavlm_base_plus,it0023,0.9340296983718872,0.8811444044113159
C2_0,wavlm_base_plus,it0024,0.9552542567253112,0.9569231271743774
C2_0,wavlm_base_plus,it0025,0.9334467053413392,0.9544937014579772
C2_0,wavlm_base_plus,it0026,0.7758108377456665,0.8659185171127319
C2_0,wavlm_base_plus,it0027,0.9663434624671936,0.9473923444747924
C2_0,wavlm_base_plus,it0028,0.92961186170578,0.915131151676178
C2_0,wavlm_base_plus,it0029,0.798750102519989,0.7837004065513611
C2_0,wavlm_base_plus,it0030,0.9264144897460938,0.9552673101425172
C2_0,wavlm_base_plus,it0031,0.9631179571151732,0.9093724489212036
C2_0,wavlm_base_plus,it0032,0.933617353439331,0.9383786916732788
C2_0,wavlm_base_plus,it0033,0.945408821105957,0.9311604499816896
C2_0,wavlm_base_plus,it0034,0.9384311437606812,0.9214811325073242
C2_0,wavlm_base_plus,it0035,0.7448567748069763,0.7618923187255859
C2_0,wavlm_base_plus,it0036,0.9584040641784668,0.946113109588623
C2_0,wavlm_base_plus,it0037,0.8732142448425293,0.922279417514801
C2_0,wavlm_base_plus,it0038,0.8809965252876282,0.8934950232505798
C2_0,wavlm_base_plus,it0039,0.924534022808075,0.9415985345840454
C2_0,wavlm_base_plus,it0040,0.755174458026886,0.9051132202148438
C2_0,wavlm_base_plus,it0041,0.9351482391357422,0.94918692111969
C2_0,wavlm_base_plus,it0042,0.8676308393478394,0.8864944577217102
C2_0,wavlm_base_plus,it0043,0.8520362973213196,0.92703515291214
C2_0,wavlm_base_plus,it0044,0.8418751955032349,0.9281394481658936
C2_0,wavlm_base_plus,it0045,0.8720133900642395,0.908380389213562
C2_0,wavlm_base_plus,it0046,0.8167506456375122,0.7961750030517578
C2_0,wavlm_base_plus,it0047,0.9503054022789,0.9504702687263488
C2_0,wavlm_base_plus,it0048,0.9383425712585448,0.9176869988441468
C2_0,wavlm_base_plus,it0049,0.927229642868042,0.9023951292037964
C2_0,wavlm_base_plus,it0050,0.5087499022483826,0.7468559741973877
C2_0,wavlm_base_plus,it0051,0.9702207446098328,0.9565372467041016
C2_0,wavlm_base_plus,it0052,0.8992639780044556,0.8594852089881897
C2_0,wavlm_base_plus,it0053,0.8960645198822021,0.8897964954376221
C2_0,wavlm_base_plus,it0054,0.8272272944450378,0.7894889116287231
C2_0,wavlm_base_plus,it0055,0.9498389959335328,0.9464898705482484
C2_0,wavlm_base_plus,it0056,0.9334539771080016,0.9392895698547364
C2_0,wavlm_base_plus,it0057,0.7808009386062622,0.8999733924865723
C2_0,wavlm_base_plus,it0058,0.894315779209137,0.886407196521759
C2_0,wavlm_base_plus,it0059,0.9333165287971495,0.9500012397766112
C2_0,wavlm_base_plus,it0060,0.7862540483474731,0.7871758937835693
C2_0,wavlm_base_plus,it0061,0.9154837131500244,0.9491026401519777
C2_0,wavlm_base_plus,it0062,0.9232970476150512,0.9376106262207032
C2_0,wavlm_base_plus,it0063,0.5800423622131348,0.7515560984611511
C2_0,wavlm_base_plus,it0064,0.9353697299957277,0.8785538077354431
C2_0,wavlm_base_plus,it0065,0.935576319694519,0.974298894405365
C2_0,wavlm_base_plus,it0066,0.7633567452430725,0.6824170351028442
C2_0,wavlm_base_plus,it0067,0.8709103465080261,0.848812460899353
C2_0,wavlm_base_plus,it0068,0.946358323097229,0.9432026147842408
C2_0,wavlm_base_plus,it0069,0.8939256072044373,0.935861587524414
C2_0,wavlm_base_plus,it0070,0.9091306924819946,0.8644508123397827
C2_0,wavlm_base_plus,it0071,0.8902366161346436,0.913081169128418
C2_0,wavlm_base_plus,it0072,0.9547196626663208,0.9593690037727356
C2_0,wavlm_base_plus,it0073,0.9102463126182556,0.8779621124267578
C2_0,wavlm_base_plus,it0074,0.4808972477912903,0.6324577927589417
C2_0,wavlm_base_plus,it0075,0.9418808221817015,0.9682642221450806
C2_0,wavlm_base_plus,it0076,0.8498392105102539,0.9232175350189208
C2_0,wavlm_base_plus,it0077,0.8902108669281006,0.8718628287315369
C2_0,wavlm_base_plus,it0078,0.8587182760238647,0.8070414066314697
C2_0,wavlm_base_plus,it0079,0.976233959197998,0.9496243000030518
C2_0,wavlm_base_plus,it0080,0.8847482204437256,0.8558537364006042
C2_0,wavlm_base_plus,it0081,0.8818672299385071,0.8747938275337219
C2_0,wavlm_base_plus,it0082,0.9219759702682496,0.9241503477096558
C2_0,wavlm_base_plus,it0083,0.9686424732208252,0.970547080039978
C2_0,wavlm_base_plus,it0084,0.9093714356422424,0.9036842584609984
C2_0,wavlm_base_plus,it0085,0.923176407814026,0.8848376274108887
C2_0,wavlm_base_plus,it0086,0.8911874890327454,0.9325079321861268
C2_0,wavlm_base_plus,it0087,0.929149866104126,0.9530020356178284
C2_0,wavlm_base_plus,it0088,0.9037529826164246,0.9118596315383912
C2_0,wavlm_base_plus,it0089,0.8901023864746094,0.8834154605865479
C2_0,wavlm_base_plus,it0090,0.9583161473274232,0.969002604484558
C2_0,wavlm_base_plus,it0091,0.8880484104156494,0.9277982711791992
C2_0,wavlm_base_plus,it0092,0.8720162510871887,0.9219537377357484
C2_0,wavlm_base_plus,it0093,0.9034444689750672,0.8129706978797913
C2_0,wavlm_base_plus,it0094,0.9080504179000854,0.9561087489128112
C2_0,wavlm_base_plus,it0095,0.8903974294662476,0.8880008459091187
C2_0,wavlm_base_plus,it0096,0.9395824670791626,0.9516069889068604
C2_0,wavlm_base_plus,it0097,0.9486318826675416,0.9374573826789856
C2_0,wavlm_base_plus,it0098,0.9478155374526978,0.7769505381584167
C2_0,wavlm_base_plus,it0099,0.8037404417991638,0.9124410152435304
C2_0,wavlm_base_plus,it0100,0.9371633529663086,0.9664365649223328
C2_0,wavlm_base_plus,it0101,0.8850727081298828,0.9009527564048768
C2_0,wavlm_base_plus,it0102,0.9241106510162354,0.8718082904815674
C2_0,wavlm_base_plus,it0103,0.6715388298034668,0.9224697351455688
C2_0,wavlm_base_plus,it0104,0.940394401550293,0.9094345569610596
C2_0,wavlm_base_plus,it0105,0.9214209318161012,0.9471036791801452
C2_0,wavlm_base_plus,it0106,0.85542893409729,0.8902048468589783
C2_0,wavlm_base_plus,it0107,0.8764499425888062,0.9440528154373168
C2_0,wavlm_base_plus,it0108,0.8901583552360535,0.9411141276359558
C2_0,wavlm_base_plus,it0109,0.9477856159210204,0.9553332328796388
C2_0,wavlm_base_plus,it0110,0.6313250064849854,0.7241355180740356
C2_0,wavlm_base_plus,it0111,0.9554656147956848,0.9613864421844482
C2_0,wavlm_base_plus,it0112,0.9358885884284972,0.9552213549613952
C2_0,wavlm_base_plus,it0113,0.9649279117584229,0.9722822904586792
C2_0,wavlm_base_plus,it0114,0.925356149673462,0.8497845530509949
C2_0,wavlm_base_plus,it0115,0.8194483518600464,0.8641659021377563
C2_0,wavlm_base_plus,it0116,0.9177294373512268,0.9317561388015748
C2_0,wavlm_base_plus,it0117,0.882540762424469,0.9665584564208984
C2_0,wavlm_base_plus,it0118,0.8147321939468384,0.8784999847412109
C2_0,wavlm_base_plus,it0119,0.9466441869735718,0.9096675515174866
C2_0,wavlm_base_plus,it0120,0.9429227709770204,0.9722800254821776
C2_0,wavlm_base_plus,it0121,0.927746593952179,0.9380468130111694
C2_0,wavlm_base_plus,it0122,0.943149745464325,0.9596310257911682
C2_0,wavlm_base_plus,it0123,0.9562348127365112,0.9735182523727416
C2_0,wavlm_base_plus,it0124,0.8126271963119507,0.8798164129257202
C2_0,wavlm_base_plus,it0125,0.9535961151123048,0.9087623953819276
C2_0,wavlm_base_plus,it0126,0.8833203315734863,0.8929842710494995
C2_0,wavlm_base_plus,it0127,0.8937821984291077,0.9166340231895448
C2_0,wavlm_base_plus,it0128,0.908361792564392,0.9310715198516846
C2_0,wavlm_base_plus,it0129,0.8529925346374512,0.9080485105514526
C2_0,wavlm_base_plus,it0130,0.8044194579124451,0.8496555685997009
C2_0,wavlm_base_plus,it0131,0.932791233062744,0.971508264541626
C2_0,wavlm_base_plus,it0132,0.8034719228744507,0.8988027572631836
C2_0,wavlm_base_plus,it0133,0.9129347801208496,0.9828312993049622
C2_0,wavlm_base_plus,it0134,0.9222432374954224,0.9009603261947632
C2_0,wavlm_base_plus,it0135,0.75760418176651,0.9657094478607178
C2_0,wavlm_base_plus,it0136,0.7976253628730774,0.9254663586616516
C2_0,wavlm_base_plus,it0137,0.8457933664321899,0.9295130968093872
C2_0,wavlm_base_plus,it0138,0.9085093140602112,0.9454933404922484
C2_0,wavlm_base_plus,it0139,0.9259461164474488,0.8954059481620789
C2_0,wavlm_base_plus,it0140,0.8987626433372498,0.9406653046607972
C2_0,wavlm_base_plus,it0141,0.9576694965362548,0.9517980813980104
C2_0,wavlm_base_plus,it0142,0.7981179356575012,0.9250593185424804
C2_0,wavlm_base_plus,it0143,0.8518064618110657,0.9283627867698668
C2_0,wavlm_base_plus,it0144,0.9568623900413512,0.9467570781707764
C2_0,wavlm_base_plus,it0145,0.7879916429519653,0.9236680269241332
C2_0,wavlm_base_plus,it0146,0.9303798675537108,0.9397072196006776
C2_0,wavlm_base_plus,it0147,0.9004474878311157,0.8395003080368042
C2_0,wavlm_base_plus,it0148,0.8380948901176453,0.7564390897750854
C2_0,wavlm_base_plus,it0149,0.8906055092811584,0.917177140712738
C2_0,wavlm_base_plus,it0150,0.8271963596343994,0.9002185463905334
C2_0,wavlm_base_plus,it0151,0.8411074280738831,0.8950557708740234
C2_0,wavlm_base_plus,it0152,0.8940603733062744,0.941813588142395
C2_0,wavlm_base_plus,it0153,0.9392340183258056,0.9390935897827148
C2_0,wavlm_base_plus,it0154,0.5172643065452576,0.7822172045707703
C2_0,wavlm_base_plus,it0155,0.905524492263794,0.8841283917427063
C2_0,wavlm_base_plus,it0156,0.93668931722641,0.932299554347992
C2_0,wavlm_base_plus,it0157,0.9290502071380616,0.9431642293930054
C2_0,wavlm_base_plus,it0158,0.8823668956756592,0.9436576962471008
C2_0,wavlm_base_plus,it0159,0.9339684844017028,0.9315335750579834
C2_0,wavlm_base_plus,it0160,0.9160300493240356,0.9421187043190002
C2_0,wavlm_base_plus,it0161,0.958411455154419,0.9593760371208192
C2_0,wavlm_base_plus,it0162,0.9043208360671996,0.9168755412101746
C2_0,wavlm_base_plus,it0163,0.8537311553955078,0.8835554718971252
C2_0,wavlm_base_plus,it0164,0.9670981764793396,0.9275902509689332
C2_0,wavlm_base_plus,it0165,0.703854501247406,0.7980425357818604
C2_0,wavlm_base_plus,it0166,0.9091023802757264,0.8895395398139954
C2_0,wavlm_base_plus,it0167,0.9327701330184937,0.945743203163147
C2_0,wavlm_base_plus,it0168,0.9011657238006592,0.9356788992881776
C2_0,wavlm_base_plus,it0169,0.9418988823890686,0.9417070150375366
C2_0,wavlm_base_plus,it0170,0.8909003734588623,0.9205178022384644
C2_0,wavlm_base_plus,it0171,0.953526496887207,0.967957079410553
C2_0,wavlm_base_plus,it0172,0.819362223148346,0.8565537929534912
C2_0,wavlm_base_plus,it0173,0.9418376088142396,0.9631481170654296
C2_0,wavlm_base_plus,it0174,0.8909059166908264,0.9193184971809388
C2_0,wavlm_base_plus,it0175,0.9072152972221376,0.8353888988494873
C2_0,wavlm_base_plus,it0176,0.9656385183334352,0.9711382389068604
C2_0,wavlm_base_plus,it0177,0.9236028790473938,0.9272840023040771
C2_0,wavlm_base_plus,it0178,0.9223925471305848,0.9029525518417358
C2_0,wavlm_base_plus,it0179,0.9595236778259276,0.9729437232017516
C2_0,wavlm_base_plus,it0180,0.9450362920761108,0.9495837688446044
C2_0,wavlm_base_plus,it0181,0.8421951532363892,0.863654613494873
C2_0,wavlm_base_plus,it0182,0.9452608823776244,0.9604007601737976
C2_0,wavlm_base_plus,it0183,0.976881206035614,0.9396479725837708
C2_0,wavlm_base_plus,it0184,0.86393141746521,0.8749661445617676
C2_0,wavlm_base_plus,it0185,0.8755319714546204,0.932292342185974
C2_0,wavlm_base_plus,it0186,0.9712805151939392,0.9788422584533693
C2_0,wavlm_base_plus,it0187,0.7635873556137085,0.8603188395500183
C2_0,wavlm_base_plus,it0188,0.9389796257019044,0.9277207851409912
C2_0,wavlm_base_plus,it0189,0.9067325592041016,0.898989200592041
C2_0,wavlm_base_plus,it0190,0.953231930732727,0.9692821502685548
C2_0,wavlm_base_plus,it0191,0.981864094734192,0.9736415147781372
C2_0,wavlm_base_plus,it0192,0.9295607805252076,0.9103598594665528
C2_0,wavlm_base_plus,it0193,0.8885602355003357,0.9310293197631836
C2_0,wavlm_base_plus,it0194,0.923055112361908,0.9417763948440552
C2_0,wavlm_base_plus,it0195,0.9616810083389282,0.9454388618469238
C2_0,wavlm_base_plus,it0196,0.9154598712921144,0.863196611404419
C2_0,wavlm_base_plus,it0197,0.8837921619415283,0.834632158279419
C2_0,wavlm_base_plus,it0198,0.9539295434951782,0.9601879119873048
C2_0,wavlm_base_plus,it0199,0.928405463695526,0.959856390953064
C2_1,wavlm_large,it0000,0.4615084528923034,0.5124379396438599
C2_1,wavlm_large,it0001,0.3404278457164764,0.3154897689819336
C2_1,wavlm_large,it0002,0.1921564936637878,0.3635693788528442
C2_1,wavlm_large,it0003,0.2374055981636047,0.3240187764167785
C2_1,wavlm_large,it0004,0.4146589636802673,0.4327783584594726
C2_1,wavlm_large,it0005,0.4963411688804626,0.4682528376579284
C2_1,wavlm_large,it0006,0.3365556597709656,0.3790424764156341
C2_1,wavlm_large,it0007,0.3231692910194397,0.4139946103096008
C2_1,wavlm_large,it0008,0.1718954294919967,0.2887931168079376
C2_1,wavlm_large,it0009,0.5294783115386963,0.5749750137329102
C2_1,wavlm_large,it0010,0.5001733303070068,0.6121912598609924
C2_1,wavlm_large,it0011,0.3744926154613495,0.4988878667354584
C2_1,wavlm_large,it0012,0.2921218872070312,0.3591036796569824
C2_1,wavlm_large,it0013,0.6273330450057983,0.5799703598022461
C2_1,wavlm_large,it0014,0.294936865568161,0.4070318639278412
C2_1,wavlm_large,it0015,0.4076102972030639,0.5489401817321777
C2_1,wavlm_large,it0016,0.3421227931976318,0.45049649477005
C2_1,wavlm_large,it0017,0.3221334218978882,0.3931468427181244
C2_1,wavlm_large,it0018,0.300441712141037,0.3549233078956604
C2_1,wavlm_large,it0019,0.4851338565349579,0.539533257484436
C2_1,wavlm_large,it0020,0.1756948381662368,0.3090423345565796
C2_1,wavlm_large,it0021,0.4202762246131897,0.4978830516338348
C2_1,wavlm_large,it0022,0.3542101681232452,0.4670819044113159
C2_1,wavlm_large,it0023,0.5900260210037231,0.5010232329368591
C2_1,wavlm_large,it0024,0.4968438744544983,0.476762592792511
C2_1,wavlm_large,it0025,0.4357431530952453,0.5525240898132324
C2_1,wavlm_large,it0026,0.2613086700439453,0.3382918536663055
C2_1,wavlm_large,it0027,0.5808362364768982,0.6519995331764221
C2_1,wavlm_large,it0028,0.4845302104949951,0.5735378861427307
C2_1,wavlm_large,it0029,0.3025858998298645,0.4226336479187011
C2_1,wavlm_large,it0030,0.5217155814170837,0.4561716020107269
C2_1,wavlm_large,it0031,0.3309305310249328,0.3847149610519409
C2_1,wavlm_large,it0032,0.4600644707679748,0.5465674996376038
C2_1,wavlm_large,it0033,0.2718165516853332,0.4133148789405823
C2_1,wavlm_large,it0034,0.2561399936676025,0.3005155324935913
C2_1,wavlm_large,it0035,0.2588229179382324,0.2088733315467834
C2_1,wavlm_large,it0036,0.4626937508583069,0.5017765760421753
C2_1,wavlm_large,it0037,0.4132296144962311,0.5386662483215332
C2_1,wavlm_large,it0038,0.2708141803741455,0.2390563189983368
C2_1,wavlm_large,it0039,0.3876312971115112,0.4447193741798401
C2_1,wavlm_large,it0040,0.2477790713310241,0.3367880582809448
C2_1,wavlm_large,it0041,0.4237765073776245,0.384262353181839
C2_1,wavlm_large,it0042,0.3863722383975982,0.4186451435089111
C2_1,wavlm_large,it0043,0.0828844755887985,0.273423433303833
C2_1,wavlm_large,it0044,0.4004949629306793,0.6041349768638611
C2_1,wavlm_large,it0045,0.3656742572784424,0.4469732046127319
C2_1,wavlm_large,it0046,0.2770419716835022,0.381803810596466
C2_1,wavlm_large,it0047,0.2115414887666702,0.2299189418554306
C2_1,wavlm_large,it0048,0.3493963778018951,0.5052793622016907
C2_1,wavlm_large,it0049,0.4488950967788696,0.5571748614311218
C2_1,wavlm_large,it0050,-0.0942430645227432,0.127993494272232
C2_1,wavlm_large,it0051,0.279636800289154,0.4674507081508636
C2_1,wavlm_large,it0052,0.3312307298183441,0.3098478317260742
C2_1,wavlm_large,it0053,0.2356479465961456,0.3666921854019165
C2_1,wavlm_large,it0054,0.1836874783039093,0.4161131978034973
C2_1,wavlm_large,it0055,0.6133427619934082,0.5278543829917908
C2_1,wavlm_large,it0056,0.1909617930650711,0.2611837983131408
C2_1,wavlm_large,it0057,0.2371806204319,0.4310976564884186
C2_1,wavlm_large,it0058,0.1799072027206421,0.4244937598705292
C2_1,wavlm_large,it0059,0.5066573619842529,0.5568003058433533
C2_1,wavlm_large,it0060,0.2686816453933716,0.3728260099887848
C2_1,wavlm_large,it0061,0.5649093389511108,0.5931593179702759
C2_1,wavlm_large,it0062,0.4328745901584625,0.6365190148353577
C2_1,wavlm_large,it0063,0.3094976246356964,0.3549108505249023
C2_1,wavlm_large,it0064,0.4941648244857788,0.4700649380683899
C2_1,wavlm_large,it0065,0.4239853024482727,0.6059656739234924
C2_1,wavlm_large,it0066,0.3947618007659912,0.4049053490161896
C2_1,wavlm_large,it0067,0.1994851976633072,0.2963104844093323
C2_1,wavlm_large,it0068,0.5224063992500305,0.6007829308509827
C2_1,wavlm_large,it0069,0.3260679244995117,0.4239116311073303
C2_1,wavlm_large,it0070,0.183599591255188,0.5536726117134094
C2_1,wavlm_large,it0071,0.4757198095321655,0.4599485397338867
C2_1,wavlm_large,it0072,0.5134080052375793,0.5054610967636108
C2_1,wavlm_large,it0073,0.1337624192237854,0.3605503141880035
C2_1,wavlm_large,it0074,0.3944569826126098,0.2377314865589141
C2_1,wavlm_large,it0075,0.3777554333209991,0.4713724255561828
C2_1,wavlm_large,it0076,0.1506054252386093,0.4179311990737915
C2_1,wavlm_large,it0077,0.3017341494560241,0.6380301117897034
C2_1,wavlm_large,it0078,0.2829030156135559,0.2911878824234009
C2_1,wavlm_large,it0079,0.4975035190582275,0.5947726964950562
C2_1,wavlm_large,it0080,0.2287477254867553,0.2486381083726883
C2_1,wavlm_large,it0081,0.2656058967113495,0.3705399632453918
C2_1,wavlm_large,it0082,0.3097831010818481,0.4735078811645508
C2_1,wavlm_large,it0083,0.3711526095867157,0.386545717716217
C2_1,wavlm_large,it0084,0.3810325860977173,0.4558517634868622
C2_1,wavlm_large,it0085,0.4007940590381622,0.5480955243110657
C2_1,wavlm_large,it0086,0.5559772253036499,0.5465547442436218
C2_1,wavlm_large,it0087,0.5749270915985107,0.6985937356948853
C2_1,wavlm_large,it0088,0.3893881738185882,0.3952590227127075
C2_1,wavlm_large,it0089,0.3212988078594208,0.3195993304252624
C2_1,wavlm_large,it0090,0.4275997281074524,0.5530638694763184
C2_1,wavlm_large,it0091,0.4825129508972168,0.6390471458435059
C2_1,wavlm_large,it0092,0.3947130441665649,0.4634231328964233
C2_1,wavlm_large,it0093,0.4271233975887298,0.4752546548843384
C2_1,wavlm_large,it0094,0.4547014832496643,0.536694347858429
C2_1,wavlm_large,it0095,0.4780711531639099,0.4704139828681946
C2_1,wavlm_large,it0096,0.4252087771892547,0.3590630292892456
C2_1,wavlm_large,it0097,0.4369532167911529,0.6773896813392639
C2_1,wavlm_large,it0098,0.4936337172985077,0.4464841187000274
C2_1,wavlm_large,it0099,0.1881386488676071,0.1726313531398773
C2_1,wavlm_large,it0100,0.6689848899841309,0.6380558609962463
C2_1,wavlm_large,it0101,0.2484730333089828,0.238341748714447
C2_1,wavlm_large,it0102,0.4138943254947662,0.4921628534793854
C2_1,wavlm_large,it0103,0.2103501409292221,0.4967668652534485
C2_1,wavlm_large,it0104,0.5409485697746277,0.4735231697559356
C2_1,wavlm_large,it0105,0.4865362048149109,0.5017824172973633
C2_1,wavlm_large,it0106,0.3350374400615692,0.4693945646286011
C2_1,wavlm_large,it0107,0.4643562436103821,0.5383573174476624
C2_1,wavlm_large,it0108,0.2232161313295364,0.4156455993652344
C2_1,wavlm_large,it0109,0.38498455286026,0.4636880755424499
C2_1,wavlm_large,it0110,0.1825700998306274,0.4230550229549408
C2_1,wavlm_large,it0111,0.0837131440639495,0.1811107993125915
C2_1,wavlm_large,it0112,0.5260003805160522,0.595349133014679
C2_1,wavlm_large,it0113,0.4557743370532989,0.5386043190956116
C2_1,wavlm_large,it0114,0.3768256306648254,0.3651560544967651
C2_1,wavlm_large,it0115,0.1109525933861732,0.3542137742042541
C2_1,wavlm_large,it0116,0.2054194062948227,0.4522363841533661
C2_1,wavlm_large,it0117,0.5842898488044739,0.5613659024238586
C2_1,wavlm_large,it0118,0.4185975193977356,0.5359439849853516
C2_1,wavlm_large,it0119,0.58390873670578,0.5938239097595215
C2_1,wavlm_large,it0120,0.5913748145103455,0.5592470169067383
C2_1,wavlm_large,it0121,0.3925350606441498,0.4158578813076019
C2_1,wavlm_large,it0122,0.2886883616447449,0.3103568851947784
C2_1,wavlm_large,it0123,0.3093645274639129,0.4579810202121734
C2_1,wavlm_large,it0124,0.3817048668861389,0.4482262432575226
C2_1,wavlm_large,it0125,0.3457053303718567,0.4817423820495605
C2_1,wavlm_large,it0126,0.4246910214424133,0.4919869303703308
C2_1,wavlm_large,it0127,0.2145830988883972,0.4732034504413605
C2_1,wavlm_large,it0128,0.1906464546918869,0.2489889413118362
C2_1,wavlm_large,it0129,0.1559400707483291,0.31145179271698
C2_1,wavlm_large,it0130,0.4153373837471008,0.3329411447048187
C2_1,wavlm_large,it0131,0.3259093165397644,0.502494215965271
C2_1,wavlm_large,it0132,0.2595106363296509,0.3119913339614868
C2_1,wavlm_large,it0133,0.5328938364982605,0.6067037582397461
C2_1,wavlm_large,it0134,0.3196977078914642,0.3019837439060211
C2_1,wavlm_large,it0135,0.2544452250003814,0.3725296258926391
C2_1,wavlm_large,it0136,0.3002439141273498,0.3802743852138519
C2_1,wavlm_large,it0137,0.3217590749263763,0.3700736761093139
C2_1,wavlm_large,it0138,0.6523431539535522,0.6374817490577698
C2_1,wavlm_large,it0139,0.2063964456319809,0.4386494159698486
C2_1,wavlm_large,it0140,0.4647875428199768,0.3746894001960754
C2_1,wavlm_large,it0141,0.6045652031898499,0.7100387215614319
C2_1,wavlm_large,it0142,0.3873242139816284,0.2875161170959472
C2_1,wavlm_large,it0143,0.3348294198513031,0.472027063369751
C2_1,wavlm_large,it0144,0.3542897403240204,0.427741527557373
C2_1,wavlm_large,it0145,0.5231600999832153,0.5883654952049255
C2_1,wavlm_large,it0146,0.4021866023540497,0.5343267917633057
C2_1,wavlm_large,it0147,0.5593655705451965,0.4153869450092315
C2_1,wavlm_large,it0148,0.3134050667285919,0.2364340275526046
C2_1,wavlm_large,it0149,0.3097902238368988,0.5768177509307861
C2_1,wavlm_large,it0150,0.3997040688991546,0.4716768264770508
C2_1,wavlm_large,it0151,0.5013953447341919,0.49814173579216
C2_1,wavlm_large,it0152,0.3390834331512451,0.4933885037899017
C2_1,wavlm_large,it0153,0.3575818240642547,0.3936293125152588
C2_1,wavlm_large,it0154,0.0125091988593339,0.199603870511055
C2_1,wavlm_large,it0155,0.3468478322029114,0.3277042508125305
C2_1,wavlm_large,it0156,0.2167732566595077,0.2824085354804992
C2_1,wavlm_large,it0157,0.4705374240875244,0.5600700974464417
C2_1,wavlm_large,it0158,0.2815933227539062,0.4645829796791076
C2_1,wavlm_large,it0159,0.2958064973354339,0.2961590588092804
C2_1,wavlm_large,it0160,0.4612435698509216,0.4721139073371887
C2_1,wavlm_large,it0161,0.2343384474515915,0.4716324508190155
C2_1,wavlm_large,it0162,0.2722221314907074,0.3820204734802246
C2_1,wavlm_large,it0163,0.3286295235157013,0.404444932937622
C2_1,wavlm_large,it0164,0.3650532960891723,0.3677272498607635
C2_1,wavlm_large,it0165,0.3569550514221191,0.4393870234489441
C2_1,wavlm_large,it0166,0.283121258020401,0.3250446617603302
C2_1,wavlm_large,it0167,0.2947623133659363,0.5080053210258484
C2_1,wavlm_large,it0168,0.2226893454790115,0.3720556199550628
C2_1,wavlm_large,it0169,0.3897818326950073,0.473368376493454
C2_1,wavlm_large,it0170,0.4273845255374908,0.4150609374046325
C2_1,wavlm_large,it0171,0.6060977578163147,0.6371123790740967
C2_1,wavlm_large,it0172,0.2718952596187591,0.4200548529624939
C2_1,wavlm_large,it0173,0.5814385414123535,0.6234058141708374
C2_1,wavlm_large,it0174,0.360981285572052,0.3860832154750824
C2_1,wavlm_large,it0175,0.2641421258449554,0.3788892030715942
C2_1,wavlm_large,it0176,0.4316139817237854,0.4114081561565399
C2_1,wavlm_large,it0177,0.4265237748622894,0.5080667734146118
C2_1,wavlm_large,it0178,0.1267429292201995,0.290591150522232
C2_1,wavlm_large,it0179,0.673438549041748,0.6854987144470215
C2_1,wavlm_large,it0180,0.3903301656246185,0.4811425805091858
C2_1,wavlm_large,it0181,0.4948426485061645,0.5524565577507019
C2_1,wavlm_large,it0182,0.4602355659008026,0.4391989409923553
C2_1,wavlm_large,it0183,0.4513028264045715,0.4905461072921753
C2_1,wavlm_large,it0184,0.1656936854124069,0.3198732435703277
C2_1,wavlm_large,it0185,0.3854070901870727,0.5212875604629517
C2_1,wavlm_large,it0186,0.3257404267787933,0.5031294822692871
C2_1,wavlm_large,it0187,0.3793790340423584,0.5272588133811951
C2_1,wavlm_large,it0188,0.5079360604286194,0.4738514721393585
C2_1,wavlm_large,it0189,0.2547160685062408,0.3078086078166961
C2_1,wavlm_large,it0190,0.5126956701278687,0.580420196056366
C2_1,wavlm_large,it0191,0.3357688784599304,0.3217268884181976
C2_1,wavlm_large,it0192,0.5068286657333374,0.622602105140686
C2_1,wavlm_large,it0193,0.3084222972393036,0.2761499881744385
C2_1,wavlm_large,it0194,0.6001542806625366,0.6095388531684875
C2_1,wavlm_large,it0195,0.4689337611198425,0.5537952184677124
C2_1,wavlm_large,it0196,0.4409721195697784,0.3906862437725067
C2_1,wavlm_large,it0197,0.4003529846668243,0.4284641444683075
C2_1,wavlm_large,it0198,0.0832346454262733,0.2174539715051651
C2_1,wavlm_large,it0199,0.4853991568088531,0.4243625998497009
C2_1,ecapa,it0000,0.5010946393013,0.4767130613327026
C2_1,ecapa,it0001,0.4604336619377136,0.4527152776718139
C2_1,ecapa,it0002,0.3489449918270111,0.4157443046569824
C2_1,ecapa,it0003,0.3640539944171905,0.4365611672401428
C2_1,ecapa,it0004,0.5724260807037354,0.5469629764556885
C2_1,ecapa,it0005,0.4164600968360901,0.5795336365699768
C2_1,ecapa,it0006,0.4209319353103637,0.2765202820301056
C2_1,ecapa,it0007,0.2572612762451172,0.2896165549755096
C2_1,ecapa,it0008,0.3749383091926574,0.4333319067955017
C2_1,ecapa,it0009,0.4948096573352813,0.485792875289917
C2_1,ecapa,it0010,0.4940999746322632,0.5528467893600464
C2_1,ecapa,it0011,0.3940834105014801,0.4933299124240875
C2_1,ecapa,it0012,0.3693694472312927,0.4196376502513885
C2_1,ecapa,it0013,0.5605633854866028,0.5062958598136902
C2_1,ecapa,it0014,0.3479247093200683,0.381950318813324
C2_1,ecapa,it0015,0.3705770969390869,0.4517239332199096
C2_1,ecapa,it0016,0.484106034040451,0.5863054394721985
C2_1,ecapa,it0017,0.4702579379081726,0.5173317193984985
C2_1,ecapa,it0018,0.3634959757328033,0.3598902821540832
C2_1,ecapa,it0019,0.5621076226234436,0.5284976959228516
C2_1,ecapa,it0020,0.2726139426231384,0.4996063113212585
C2_1,ecapa,it0021,0.4937201738357544,0.4528496563434601
C2_1,ecapa,it0022,0.4293262958526611,0.4507352113723755
C2_1,ecapa,it0023,0.6373162269592285,0.6100472211837769
C2_1,ecapa,it0024,0.6517822742462158,0.5911988019943237
C2_1,ecapa,it0025,0.5328727960586548,0.57499098777771
C2_1,ecapa,it0026,0.2683223485946655,0.322253406047821
C2_1,ecapa,it0027,0.6528464555740356,0.6635419130325317
C2_1,ecapa,it0028,0.5160232782363892,0.5221734642982483
C2_1,ecapa,it0029,0.2097247689962387,0.3850803971290588
C2_1,ecapa,it0030,0.5688656568527222,0.573318600654602
C2_1,ecapa,it0031,0.2949428856372833,0.4399547278881073
C2_1,ecapa,it0032,0.5727287530899048,0.6768558621406555
C2_1,ecapa,it0033,0.343203604221344,0.4050959944725036
C2_1,ecapa,it0034,0.3597475290298462,0.3748577535152435
C2_1,ecapa,it0035,0.2002177685499191,0.2310017645359039
C2_1,ecapa,it0036,0.5669687986373901,0.5489702820777893
C2_1,ecapa,it0037,0.5307151079177856,0.5810320377349854
C2_1,ecapa,it0038,0.3576266467571258,0.3206038773059845
C2_1,ecapa,it0039,0.3473039865493774,0.4288354218006134
C2_1,ecapa,it0040,0.2599897980690002,0.3086489140987396
C2_1,ecapa,it0041,0.5730397701263428,0.6506494879722595
C2_1,ecapa,it0042,0.3761376738548279,0.4692530035972595
C2_1,ecapa,it0043,0.176516443490982,0.385230541229248
C2_1,ecapa,it0044,0.4487675428390503,0.4798763394355774
C2_1,ecapa,it0045,0.2758595645427704,0.3063368201255798
C2_1,ecapa,it0046,0.3499695062637329,0.355592668056488
C2_1,ecapa,it0047,0.2183859646320343,0.3104753494262695
C2_1,ecapa,it0048,0.4777928590774536,0.4449211359024048
C2_1,ecapa,it0049,0.3177438378334045,0.3495469987392425
C2_1,ecapa,it0050,0.1700166463851928,0.1388268172740936
C2_1,ecapa,it0051,0.1514755487442016,0.1945415735244751
C2_1,ecapa,it0052,0.0983745083212852,0.3252654075622558
C2_1,ecapa,it0053,0.1861764043569564,0.2196701467037201
C2_1,ecapa,it0054,0.272953987121582,0.3678723573684692
C2_1,ecapa,it0055,0.5999595522880554,0.5465607047080994
C2_1,ecapa,it0056,0.25246262550354,0.276733934879303
C2_1,ecapa,it0057,0.429667055606842,0.5786982774734497
C2_1,ecapa,it0058,0.1339600384235382,0.2528643608093261
C2_1,ecapa,it0059,0.5580978989601135,0.5522153973579407
C2_1,ecapa,it0060,0.3892683088779449,0.4118052721023559
C2_1,ecapa,it0061,0.5020109415054321,0.549034595489502
C2_1,ecapa,it0062,0.567460834980011,0.6313048601150513
C2_1,ecapa,it0063,0.3565178513526916,0.3909446597099304
C2_1,ecapa,it0064,0.3894829750061035,0.3791516423225403
C2_1,ecapa,it0065,0.5580625534057617,0.6302425265312195
C2_1,ecapa,it0066,0.2275242358446121,0.3628868758678436
C2_1,ecapa,it0067,0.2899902760982513,0.2797170877456665
C2_1,ecapa,it0068,0.6075830459594727,0.692527711391449
C2_1,ecapa,it0069,0.3863529562950134,0.3922045230865478
C2_1,ecapa,it0070,0.3019077777862549,0.5131309628486633
C2_1,ecapa,it0071,0.5362262725830078,0.4538478553295135
C2_1,ecapa,it0072,0.524117648601532,0.562308669090271
C2_1,ecapa,it0073,0.195610761642456,0.1501222103834152
C2_1,ecapa,it0074,0.2655197978019714,0.1390269249677658
C2_1,ecapa,it0075,0.2545690536499023,0.3509805202484131
C2_1,ecapa,it0076,0.4929714202880859,0.5693144202232361
C2_1,ecapa,it0077,0.4331474304199219,0.4135197103023529
C2_1,ecapa,it0078,0.4536978304386139,0.3924081325531006
C2_1,ecapa,it0079,0.587835431098938,0.6537904143333435
C2_1,ecapa,it0080,0.4484290182590484,0.4661875069141388
C2_1,ecapa,it0081,0.3551238775253296,0.3747638165950775
C2_1,ecapa,it0082,0.4131295680999756,0.429865151643753
C2_1,ecapa,it0083,0.4755331873893738,0.5276321172714233
C2_1,ecapa,it0084,0.5116543769836426,0.6574006080627441
C2_1,ecapa,it0085,0.5211841464042664,0.5438676476478577
C2_1,ecapa,it0086,0.614481508731842,0.5382416844367981
C2_1,ecapa,it0087,0.5520708560943604,0.5439492464065552
C2_1,ecapa,it0088,0.3957311511039734,0.3639766573905945
C2_1,ecapa,it0089,0.455493152141571,0.5071967244148254
C2_1,ecapa,it0090,0.5061529874801636,0.5352602601051331
C2_1,ecapa,it0091,0.5013749599456787,0.60789555311203
C2_1,ecapa,it0092,0.4487127661705017,0.4116417169570923
C2_1,ecapa,it0093,0.5080505609512329,0.5820397138595581
C2_1,ecapa,it0094,0.3872772753238678,0.5402329564094543
C2_1,ecapa,it0095,0.3342069983482361,0.4078075885772705
C2_1,ecapa,it0096,0.4590536952018738,0.4545460343360901
C2_1,ecapa,it0097,0.5118777751922607,0.6193006038665771
C2_1,ecapa,it0098,0.5588921904563904,0.5120055675506592
C2_1,ecapa,it0099,0.2120981812477111,0.301460862159729
C2_1,ecapa,it0100,0.6168290376663208,0.6120383739471436
C2_1,ecapa,it0101,0.203737661242485,0.2082865834236145
C2_1,ecapa,it0102,0.3518555462360382,0.4358923733234405
C2_1,ecapa,it0103,0.2573762536048889,0.2145228087902069
C2_1,ecapa,it0104,0.5198559165000916,0.4767361879348755
C2_1,ecapa,it0105,0.4481937885284424,0.4152074754238128
C2_1,ecapa,it0106,0.3783657550811767,0.3864896893501282
C2_1,ecapa,it0107,0.5598530173301697,0.602295994758606
C2_1,ecapa,it0108,0.3697336614131927,0.453230619430542
C2_1,ecapa,it0109,0.4082870185375213,0.4931091368198395
C2_1,ecapa,it0110,0.1135692298412323,0.2136592417955398
C2_1,ecapa,it0111,0.1389272660017013,0.2614281177520752
C2_1,ecapa,it0112,0.6311100125312805,0.6636748909950256
C2_1,ecapa,it0113,0.5393718481063843,0.580730140209198
C2_1,ecapa,it0114,0.4833248257637024,0.5178592801094055
C2_1,ecapa,it0115,0.3244906663894653,0.3759223520755768
C2_1,ecapa,it0116,0.432382732629776,0.5501124262809753
C2_1,ecapa,it0117,0.5203332901000977,0.5475903749465942
C2_1,ecapa,it0118,0.3507795929908752,0.5997917652130127
C2_1,ecapa,it0119,0.4403528869152069,0.4879567325115204
C2_1,ecapa,it0120,0.590763509273529,0.6157918572425842
C2_1,ecapa,it0121,0.4911549091339111,0.4913281798362732
C2_1,ecapa,it0122,0.2696266770362854,0.3431302607059479
C2_1,ecapa,it0123,0.3320412635803222,0.3051520586013794
C2_1,ecapa,it0124,0.5501863956451416,0.5380789041519165
C2_1,ecapa,it0125,0.3861463963985443,0.5382241010665894
C2_1,ecapa,it0126,0.4442448914051056,0.4095866084098816
C2_1,ecapa,it0127,0.3683771193027496,0.3722777962684631
C2_1,ecapa,it0128,0.2170162051916122,0.2111102044582367
C2_1,ecapa,it0129,0.2327722162008285,0.3647635877132416
C2_1,ecapa,it0130,0.3429461121559143,0.2946491837501526
C2_1,ecapa,it0131,0.1543205380439758,0.4342779815196991
C2_1,ecapa,it0132,0.3157473504543304,0.338642418384552
C2_1,ecapa,it0133,0.4917261600494385,0.6139547824859619
C2_1,ecapa,it0134,0.3909651637077331,0.3769802749156952
C2_1,ecapa,it0135,0.2947912216186523,0.3591536581516266
C2_1,ecapa,it0136,0.4103307723999023,0.3595367074012756
C2_1,ecapa,it0137,0.5233643651008606,0.6012368202209473
C2_1,ecapa,it0138,0.5655466318130493,0.5731970071792603
C2_1,ecapa,it0139,0.4296417236328125,0.5797597169876099
C2_1,ecapa,it0140,0.4938592910766601,0.3527232408523559
C2_1,ecapa,it0141,0.6311063766479492,0.5882329940795898
C2_1,ecapa,it0142,0.1977924406528473,0.2900170385837555
C2_1,ecapa,it0143,0.3207174837589264,0.3362188339233398
C2_1,ecapa,it0144,0.5420425534248352,0.6099996566772461
C2_1,ecapa,it0145,0.4116474092006683,0.5266411304473877
C2_1,ecapa,it0146,0.4626803398132324,0.4885982275009155
C2_1,ecapa,it0147,0.4148015677928924,0.5043601393699646
C2_1,ecapa,it0148,0.1589214652776718,0.2283366024494171
C2_1,ecapa,it0149,0.4377262890338897,0.5355358123779297
C2_1,ecapa,it0150,0.3537214994430542,0.4904115796089172
C2_1,ecapa,it0151,0.5706234574317932,0.6188305616378784
C2_1,ecapa,it0152,0.467368483543396,0.5016828775405884
C2_1,ecapa,it0153,0.3349553942680359,0.3834461271762848
C2_1,ecapa,it0154,0.1992598623037338,0.2952950596809387
C2_1,ecapa,it0155,0.4169805645942688,0.2564385831356048
C2_1,ecapa,it0156,0.1534993946552276,0.3189709484577179
C2_1,ecapa,it0157,0.5002649426460266,0.5216267704963684
C2_1,ecapa,it0158,0.3798564672470093,0.4388417601585388
C2_1,ecapa,it0159,0.3510989546775818,0.4550876021385193
C2_1,ecapa,it0160,0.5711290836334229,0.5383918881416321
C2_1,ecapa,it0161,0.3051360845565796,0.4582553505897522
C2_1,ecapa,it0162,0.0887515246868133,0.2344917207956314
C2_1,ecapa,it0163,0.4994398355484009,0.2738327383995056
C2_1,ecapa,it0164,0.5686265826225281,0.5451653003692627
C2_1,ecapa,it0165,0.3470673263072967,0.4045616090297699
C2_1,ecapa,it0166,0.522822916507721,0.5496283769607544
C2_1,ecapa,it0167,0.2643956542015075,0.3748866319656372
C2_1,ecapa,it0168,0.239707738161087,0.3928690552711487
C2_1,ecapa,it0169,0.4666815996170044,0.4935343563556671
C2_1,ecapa,it0170,0.3457700908184051,0.4786843657493591
C2_1,ecapa,it0171,0.7100874781608582,0.6628276109695435
C2_1,ecapa,it0172,0.1500174403190612,0.315104216337204
C2_1,ecapa,it0173,0.6367042660713196,0.7081127166748047
C2_1,ecapa,it0174,0.618647575378418,0.5224013924598694
C2_1,ecapa,it0175,0.2509876191616058,0.19751638174057
C2_1,ecapa,it0176,0.3971602916717529,0.3182300925254822
C2_1,ecapa,it0177,0.3752517700195312,0.4915679097175598
C2_1,ecapa,it0178,0.3902636170387268,0.3175051212310791
C2_1,ecapa,it0179,0.6250177621841431,0.5596688389778137
C2_1,ecapa,it0180,0.3410916030406952,0.3605894744396209
C2_1,ecapa,it0181,0.5195717811584473,0.5066842436790466
C2_1,ecapa,it0182,0.5389127135276794,0.5361313819885254
C2_1,ecapa,it0183,0.5680612921714783,0.4940849244594574
C2_1,ecapa,it0184,0.2633959054946899,0.2210757881402969
C2_1,ecapa,it0185,0.4152029156684875,0.5229983925819397
C2_1,ecapa,it0186,0.5799431204795837,0.5549972057342529
C2_1,ecapa,it0187,0.4809397757053375,0.5516916513442993
C2_1,ecapa,it0188,0.5242398977279663,0.5121200084686279
C2_1,ecapa,it0189,0.3552622497081756,0.4412860870361328
C2_1,ecapa,it0190,0.6627007722854614,0.5753486752510071
C2_1,ecapa,it0191,0.3651671111583709,0.4595770239830017
C2_1,ecapa,it0192,0.4810311794281006,0.5780034065246582
C2_1,ecapa,it0193,0.5099250078201294,0.4586206376552582
C2_1,ecapa,it0194,0.6224376559257507,0.6165461540222168
C2_1,ecapa,it0195,0.5688710808753967,0.5775521993637085
C2_1,ecapa,it0196,0.468711256980896,0.5165565013885498
C2_1,ecapa,it0197,0.4107471108436584,0.415759801864624
C2_1,ecapa,it0198,0.2886390686035156,0.2659194767475128
C2_1,ecapa,it0199,0.470586895942688,0.3671169281005859
C2_1,ge2e,it0000,0.7784874439239502,0.7957909107208252
C2_1,ge2e,it0001,0.8138567209243774,0.8571388721466064
C2_1,ge2e,it0002,0.7333453893661499,0.7628908157348633
C2_1,ge2e,it0003,0.7495911717414856,0.7632582187652588
C2_1,ge2e,it0004,0.7912873029708862,0.880048394203186
C2_1,ge2e,it0005,0.8443213701248169,0.833984375
C2_1,ge2e,it0006,0.753427267074585,0.7171140909194946
C2_1,ge2e,it0007,0.7307068109512329,0.7618204355239868
C2_1,ge2e,it0008,0.8517769575119019,0.8112055063247681
C2_1,ge2e,it0009,0.8789951205253601,0.8803761005401611
C2_1,ge2e,it0010,0.8325408697128296,0.8351935744285583
C2_1,ge2e,it0011,0.8492177724838257,0.8589059710502625
C2_1,ge2e,it0012,0.699777364730835,0.7275170683860779
C2_1,ge2e,it0013,0.8314952850341797,0.8455356359481812
C2_1,ge2e,it0014,0.8186021447181702,0.7962332963943481
C2_1,ge2e,it0015,0.8547154664993286,0.8546783924102783
C2_1,ge2e,it0016,0.8711110949516296,0.8668031692504883
C2_1,ge2e,it0017,0.825748085975647,0.8269088864326477
C2_1,ge2e,it0018,0.822378933429718,0.8062533140182495
C2_1,ge2e,it0019,0.7933703660964966,0.7795970439910889
C2_1,ge2e,it0020,0.7615501880645752,0.7287866473197937
C2_1,ge2e,it0021,0.8369146585464478,0.8596580028533936
C2_1,ge2e,it0022,0.7635287046432495,0.7862623333930969
C2_1,ge2e,it0023,0.8280780911445618,0.8482639193534851
C2_1,ge2e,it0024,0.8326836824417114,0.8209617137908936
C2_1,ge2e,it0025,0.8303215503692627,0.8726140260696411
C2_1,ge2e,it0026,0.7433770895004272,0.7048017382621765
C2_1,ge2e,it0027,0.8310238718986511,0.8567813038825989
C2_1,ge2e,it0028,0.8348884582519531,0.8529747724533081
C2_1,ge2e,it0029,0.7925699353218079,0.7600769400596619
C2_1,ge2e,it0030,0.8652845621109009,0.8992266654968262
C2_1,ge2e,it0031,0.7914520502090454,0.8076517581939697
C2_1,ge2e,it0032,0.8170554637908936,0.8484693169593811
C2_1,ge2e,it0033,0.8022500872612,0.7826830148696899
C2_1,ge2e,it0034,0.856928825378418,0.8693752288818359
C2_1,ge2e,it0035,0.6897501945495605,0.7780700325965881
C2_1,ge2e,it0036,0.840961217880249,0.8501706719398499
C2_1,ge2e,it0037,0.8501842617988586,0.8607020378112793
C2_1,ge2e,it0038,0.8371695280075073,0.8520950078964233
C2_1,ge2e,it0039,0.7967482209205627,0.8044111728668213
C2_1,ge2e,it0040,0.8125510811805725,0.7410039901733398
C2_1,ge2e,it0041,0.836418628692627,0.8509835600852966
C2_1,ge2e,it0042,0.8359551429748535,0.8390417098999023
C2_1,ge2e,it0043,0.7615282535552979,0.7876545190811157
C2_1,ge2e,it0044,0.8113358020782471,0.7836688160896301
C2_1,ge2e,it0045,0.7920031547546387,0.7985135912895203
C2_1,ge2e,it0046,0.7421708106994629,0.7083834409713745
C2_1,ge2e,it0047,0.7330477833747864,0.7638059258460999
C2_1,ge2e,it0048,0.8423712849617004,0.8555376529693604
C2_1,ge2e,it0049,0.8751279711723328,0.8299922347068787
C2_1,ge2e,it0050,0.6813458204269409,0.7697185277938843
C2_1,ge2e,it0051,0.8265198469161987,0.8446702361106873
C2_1,ge2e,it0052,0.7878468632698059,0.8066233396530151
C2_1,ge2e,it0053,0.6682789921760559,0.7570085525512695
C2_1,ge2e,it0054,0.7488923072814941,0.7529878616333008
C2_1,ge2e,it0055,0.7391026616096497,0.8126488924026489
C2_1,ge2e,it0056,0.8979885578155518,0.8859443664550781
C2_1,ge2e,it0057,0.8068642020225525,0.8535363674163818
C2_1,ge2e,it0058,0.7358050346374512,0.7870388031005859
C2_1,ge2e,it0059,0.872226893901825,0.8586770296096802
C2_1,ge2e,it0060,0.8195141553878784,0.8669826984405518
C2_1,ge2e,it0061,0.8789365291595459,0.8595174551010132
C2_1,ge2e,it0062,0.8522441983222961,0.878348708152771
C2_1,ge2e,it0063,0.7789682745933533,0.8177869915962219
C2_1,ge2e,it0064,0.8039060831069946,0.8660786151885986
C2_1,ge2e,it0065,0.8372713923454285,0.8556501269340515
C2_1,ge2e,it0066,0.6984741687774658,0.720333456993103
C2_1,ge2e,it0067,0.8244202136993408,0.8087899088859558
C2_1,ge2e,it0068,0.8747001886367798,0.9040902256965636
C2_1,ge2e,it0069,0.8357179760932922,0.8143324255943298
C2_1,ge2e,it0070,0.7507496476173401,0.7178740501403809
C2_1,ge2e,it0071,0.8101507425308228,0.8328907489776611
C2_1,ge2e,it0072,0.863679051399231,0.857174277305603
C2_1,ge2e,it0073,0.768043041229248,0.7638100385665894
C2_1,ge2e,it0074,0.7875648140907288,0.7585522532463074
C2_1,ge2e,it0075,0.8503751158714294,0.8893634080886841
C2_1,ge2e,it0076,0.8187961578369141,0.8166567087173462
C2_1,ge2e,it0077,0.7497580051422119,0.7644125819206238
C2_1,ge2e,it0078,0.721668004989624,0.7606659531593323
C2_1,ge2e,it0079,0.7788865566253662,0.8498210906982422
C2_1,ge2e,it0080,0.7377085089683533,0.7332872748374939
C2_1,ge2e,it0081,0.8159580230712891,0.8468854427337646
C2_1,ge2e,it0082,0.8716762661933899,0.8697801232337952
C2_1,ge2e,it0083,0.8437460064888,0.8735619187355042
C2_1,ge2e,it0084,0.8466112017631531,0.8825953006744385
C2_1,ge2e,it0085,0.8431171774864197,0.8360177278518677
C2_1,ge2e,it0086,0.8537796139717102,0.7961162328720093
C2_1,ge2e,it0087,0.8723525404930115,0.8502184152603149
C2_1,ge2e,it0088,0.8012803196907043,0.8121689558029175
C2_1,ge2e,it0089,0.8014364838600159,0.8597598075866699
C2_1,ge2e,it0090,0.8673660755157471,0.8636046648025513
C2_1,ge2e,it0091,0.8302923440933228,0.8712518811225891
C2_1,ge2e,it0092,0.6898064613342285,0.7486323714256287
C2_1,ge2e,it0093,0.8253728747367859,0.8755896091461182
C2_1,ge2e,it0094,0.7794688940048218,0.8099315166473389
C2_1,ge2e,it0095,0.8738377094268799,0.8831030130386353
C2_1,ge2e,it0096,0.81259685754776,0.8635298609733582
C2_1,ge2e,it0097,0.8421170115470886,0.8174867033958435
C2_1,ge2e,it0098,0.8708029389381409,0.8906413316726685
C2_1,ge2e,it0099,0.7266175150871277,0.7392763495445251
C2_1,ge2e,it0100,0.8287431001663208,0.8572382926940918
C2_1,ge2e,it0101,0.6533285975456238,0.6614183783531189
C2_1,ge2e,it0102,0.8501808643341064,0.8715368509292603
C2_1,ge2e,it0103,0.7187256217002869,0.7860479354858398
C2_1,ge2e,it0104,0.8685119152069092,0.8155736327171326
C2_1,ge2e,it0105,0.864452600479126,0.8671450614929199
C2_1,ge2e,it0106,0.8387245535850525,0.8341023325920105
C2_1,ge2e,it0107,0.7549500465393066,0.7958122491836548
C2_1,ge2e,it0108,0.8166218996047974,0.8665063381195068
C2_1,ge2e,it0109,0.7259197235107422,0.8001278638839722
C2_1,ge2e,it0110,0.7334421873092651,0.7428610324859619
C2_1,ge2e,it0111,0.8103711605072021,0.834046483039856
C2_1,ge2e,it0112,0.8877230286598206,0.8973392844200134
C2_1,ge2e,it0113,0.8564824461936951,0.8693804144859314
C2_1,ge2e,it0114,0.8474431037902832,0.7850627899169922
C2_1,ge2e,it0115,0.7824428081512451,0.8598039150238037
C2_1,ge2e,it0116,0.783973217010498,0.8537494540214539
C2_1,ge2e,it0117,0.8378401398658752,0.8567448258399963
C2_1,ge2e,it0118,0.7420061230659485,0.8101670742034912
C2_1,ge2e,it0119,0.8011694550514221,0.8183363676071167
C2_1,ge2e,it0120,0.7900466918945312,0.8051454424858093
C2_1,ge2e,it0121,0.8368030786514282,0.8413596153259277
C2_1,ge2e,it0122,0.8162609338760376,0.8422341346740723
C2_1,ge2e,it0123,0.7058584094047546,0.7699173092842102
C2_1,ge2e,it0124,0.8670628070831299,0.8590413331985474
C2_1,ge2e,it0125,0.8775274753570557,0.8937462568283081
C2_1,ge2e,it0126,0.8553190231323242,0.8246222138404846
C2_1,ge2e,it0127,0.7879589200019836,0.7731122970581055
C2_1,ge2e,it0128,0.831578254699707,0.8037029504776001
C2_1,ge2e,it0129,0.7765327095985413,0.8024965524673462
C2_1,ge2e,it0130,0.849764347076416,0.817657470703125
C2_1,ge2e,it0131,0.7992720603942871,0.8541684150695801
C2_1,ge2e,it0132,0.8526678681373596,0.7912176251411438
C2_1,ge2e,it0133,0.886700451374054,0.8644757270812988
C2_1,ge2e,it0134,0.7393006086349487,0.7830772399902344
C2_1,ge2e,it0135,0.7631927132606506,0.7995039224624634
C2_1,ge2e,it0136,0.8556649088859558,0.8906583189964294
C2_1,ge2e,it0137,0.821453332901001,0.8653886914253235
C2_1,ge2e,it0138,0.8221009969711304,0.7863516807556152
C2_1,ge2e,it0139,0.8501570224761963,0.8355105519294739
C2_1,ge2e,it0140,0.8370059728622437,0.8262541890144348
C2_1,ge2e,it0141,0.8347510695457458,0.8002933263778687
C2_1,ge2e,it0142,0.7663143873214722,0.7866892218589783
C2_1,ge2e,it0143,0.8309463858604431,0.8435070514678955
C2_1,ge2e,it0144,0.7907568216323853,0.8749492168426514
C2_1,ge2e,it0145,0.7953457236289978,0.8557326197624207
C2_1,ge2e,it0146,0.7694956660270691,0.8184816837310791
C2_1,ge2e,it0147,0.9044394493103028,0.8689656257629395
C2_1,ge2e,it0148,0.8143364191055298,0.8392356634140015
C2_1,ge2e,it0149,0.7856764197349548,0.7969852685928345
C2_1,ge2e,it0150,0.7211423516273499,0.8321696519851685
C2_1,ge2e,it0151,0.8550843596458435,0.8239936828613281
C2_1,ge2e,it0152,0.8334383964538574,0.8558206558227539
C2_1,ge2e,it0153,0.8160032629966736,0.8132277727127075
C2_1,ge2e,it0154,0.7163029909133911,0.817898690700531
C2_1,ge2e,it0155,0.8670424222946167,0.7949005961418152
C2_1,ge2e,it0156,0.6546568870544434,0.6729278564453125
C2_1,ge2e,it0157,0.8547140955924988,0.886750340461731
C2_1,ge2e,it0158,0.8081120252609253,0.7903475761413574
C2_1,ge2e,it0159,0.8235406875610352,0.8735350370407104
C2_1,ge2e,it0160,0.8657680749893188,0.8554413914680481
C2_1,ge2e,it0161,0.7909038066864014,0.8282314538955688
C2_1,ge2e,it0162,0.7956615090370178,0.8181913495063782
C2_1,ge2e,it0163,0.7374683618545532,0.7321622967720032
C2_1,ge2e,it0164,0.7954753041267395,0.8250023722648621
C2_1,ge2e,it0165,0.7665824294090271,0.8035973310470581
C2_1,ge2e,it0166,0.8195022344589233,0.8672743439674377
C2_1,ge2e,it0167,0.8174500465393066,0.8635306358337402
C2_1,ge2e,it0168,0.7406906485557556,0.7558620572090149
C2_1,ge2e,it0169,0.8183931112289429,0.8236259818077087
C2_1,ge2e,it0170,0.8221547603607178,0.8695287704467773
C2_1,ge2e,it0171,0.8441683053970337,0.8261452913284302
C2_1,ge2e,it0172,0.7935677170753479,0.8000705242156982
C2_1,ge2e,it0173,0.8474088311195374,0.8777055740356445
C2_1,ge2e,it0174,0.8409196734428406,0.829501211643219
C2_1,ge2e,it0175,0.6501488089561462,0.6832612156867981
C2_1,ge2e,it0176,0.8283898234367371,0.7969018220901489
C2_1,ge2e,it0177,0.8404728770256042,0.8442214131355286
C2_1,ge2e,it0178,0.8356909155845642,0.8013343811035156
C2_1,ge2e,it0179,0.8699676990509033,0.8682410717010498
C2_1,ge2e,it0180,0.8458159565925598,0.8009177446365356
C2_1,ge2e,it0181,0.8134049773216248,0.8583555817604065
C2_1,ge2e,it0182,0.8491291999816895,0.8618652820587158
C2_1,ge2e,it0183,0.8175457119941711,0.7917869091033936
C2_1,ge2e,it0184,0.776512086391449,0.8051052093505859
C2_1,ge2e,it0185,0.8277184963226318,0.8566596508026123
C2_1,ge2e,it0186,0.8199508190155029,0.7784313559532166
C2_1,ge2e,it0187,0.8279939293861389,0.844609797000885
C2_1,ge2e,it0188,0.8453171849250793,0.8399369120597839
C2_1,ge2e,it0189,0.7781990170478821,0.7526057958602905
C2_1,ge2e,it0190,0.8774816989898682,0.864606499671936
C2_1,ge2e,it0191,0.7318955659866333,0.8263020515441895
C2_1,ge2e,it0192,0.8002963662147522,0.8203166723251343
C2_1,ge2e,it0193,0.8239815831184387,0.8106504082679749
C2_1,ge2e,it0194,0.8600947260856628,0.8391604423522949
C2_1,ge2e,it0195,0.8225020170211792,0.8422497510910034
C2_1,ge2e,it0196,0.779941976070404,0.812791109085083
C2_1,ge2e,it0197,0.792187511920929,0.839049220085144
C2_1,ge2e,it0198,0.7653194069862366,0.8654123544692993
C2_1,ge2e,it0199,0.8651998043060303,0.7712444067001343
C2_1,xvect,it0000,0.9603967666625975,0.9645308256149292
C2_1,xvect,it0001,0.949346363544464,0.9634022116661072
C2_1,xvect,it0002,0.9424943923950196,0.9507944583892822
C2_1,xvect,it0003,0.939158260822296,0.9441186189651488
C2_1,xvect,it0004,0.9522558450698853,0.949638307094574
C2_1,xvect,it0005,0.939405620098114,0.9220659732818604
C2_1,xvect,it0006,0.9508713483810424,0.9317435622215272
C2_1,xvect,it0007,0.9360980987548828,0.9418350458145142
C2_1,xvect,it0008,0.9258487224578856,0.9426356554031372
C2_1,xvect,it0009,0.9567065238952636,0.9611818194389344
C2_1,xvect,it0010,0.9640111923217772,0.96637362241745
C2_1,xvect,it0011,0.961073100566864,0.9615421891212464
C2_1,xvect,it0012,0.9143019318580629,0.9419138431549072
C2_1,xvect,it0013,0.9628876447677612,0.962285041809082
C2_1,xvect,it0014,0.8754554390907288,0.8963916301727295
C2_1,xvect,it0015,0.9327061176300048,0.9375620484352112
C2_1,xvect,it0016,0.9440442323684692,0.9524916410446168
C2_1,xvect,it0017,0.9319117665290833,0.9462679624557496
C2_1,xvect,it0018,0.9312973022460938,0.935982346534729
C2_1,xvect,it0019,0.94243985414505,0.9190628528594972
C2_1,xvect,it0020,0.9466791152954102,0.9532191753387452
C2_1,xvect,it0021,0.9541019797325134,0.96003657579422
C2_1,xvect,it0022,0.951431155204773,0.9480826258659364
C2_1,xvect,it0023,0.9443624019622804,0.9500957131385804
C2_1,xvect,it0024,0.9577937722206116,0.9565430879592896
C2_1,xvect,it0025,0.9374313354492188,0.9460450410842896
C2_1,xvect,it0026,0.9337605237960817,0.9174513816833496
C2_1,xvect,it0027,0.9632848501205444,0.9639182090759276
C2_1,xvect,it0028,0.9246651530265808,0.9485514163970948
C2_1,xvect,it0029,0.9471102952957152,0.9601286053657532
C2_1,xvect,it0030,0.9671844244003296,0.9722301959991456
C2_1,xvect,it0031,0.9501606225967408,0.9659967422485352
C2_1,xvect,it0032,0.9062425494194032,0.96297025680542
C2_1,xvect,it0033,0.907276690006256,0.944617509841919
C2_1,xvect,it0034,0.9485618472099304,0.9507519602775574
C2_1,xvect,it0035,0.9459431767463684,0.9630629420280457
C2_1,xvect,it0036,0.926122546195984,0.9262256026268004
C2_1,xvect,it0037,0.9634863138198853,0.9597344994544984
C2_1,xvect,it0038,0.942436695098877,0.9484063386917114
C2_1,xvect,it0039,0.9460388422012328,0.9440375566482544
C2_1,xvect,it0040,0.910596489906311,0.9501497149467468
C2_1,xvect,it0041,0.946703314781189,0.9466187953948976
C2_1,xvect,it0042,0.9411888122558594,0.9535022974014282
C2_1,xvect,it0043,0.9600865244865416,0.9597762227058412
C2_1,xvect,it0044,0.9695396423339844,0.9630014300346376
C2_1,xvect,it0045,0.9386631846427916,0.94671630859375
C2_1,xvect,it0046,0.9537704586982728,0.9608306884765624
C2_1,xvect,it0047,0.958957314491272,0.9664965867996216
C2_1,xvect,it0048,0.9463918209075928,0.9537725448608398
C2_1,xvect,it0049,0.9472814798355104,0.9476761817932128
C2_1,xvect,it0050,0.917072057723999,0.9380381107330322
C2_1,xvect,it0051,0.9444682598114014,0.9595723748207092
C2_1,xvect,it0052,0.9422358870506288,0.9476381540298462
C2_1,xvect,it0053,0.941897451877594,0.9595470428466796
C2_1,xvect,it0054,0.947617530822754,0.9470295906066896
C2_1,xvect,it0055,0.9364782571792604,0.9396120309829712
C2_1,xvect,it0056,0.9554375410079956,0.9577443599700928
C2_1,xvect,it0057,0.9401993155479432,0.9590752720832824
C2_1,xvect,it0058,0.9392085671424866,0.9479027390480042
C2_1,xvect,it0059,0.9693977236747742,0.9699400663375854
C2_1,xvect,it0060,0.9091290235519408,0.9267420768737792
C2_1,xvect,it0061,0.9533730149269104,0.9575469493865968
C2_1,xvect,it0062,0.961639165878296,0.9557623863220216
C2_1,xvect,it0063,0.941513180732727,0.9563152194023132
C2_1,xvect,it0064,0.9491109251976012,0.9529216885566713
C2_1,xvect,it0065,0.9315736293792723,0.9572591781616212
C2_1,xvect,it0066,0.9418211579322816,0.9524067044258118
C2_1,xvect,it0067,0.9472298622131348,0.9375162124633788
C2_1,xvect,it0068,0.9707271456718444,0.9689503908157348
C2_1,xvect,it0069,0.9556936025619508,0.9592213034629822
C2_1,xvect,it0070,0.9328617453575134,0.9305518865585328
C2_1,xvect,it0071,0.9539603590965272,0.956282079219818
C2_1,xvect,it0072,0.9691579937934875,0.9710733890533448
C2_1,xvect,it0073,0.9314908385276794,0.9456846714019777
C2_1,xvect,it0074,0.9554271697998048,0.9469426870346068
C2_1,xvect,it0075,0.9465500712394714,0.9546606540679932
C2_1,xvect,it0076,0.9527570605278016,0.9593827724456788
C2_1,xvect,it0077,0.9451770782470704,0.9051723480224608
C2_1,xvect,it0078,0.9558446407318116,0.9540234804153442
C2_1,xvect,it0079,0.964970052242279,0.970457136631012
C2_1,xvect,it0080,0.9386043548583984,0.9476853013038636
C2_1,xvect,it0081,0.95012629032135,0.9520297646522522
C2_1,xvect,it0082,0.9341369867324828,0.9496709704399108
C2_1,xvect,it0083,0.9630516171455384,0.9660109877586364
C2_1,xvect,it0084,0.9577897787094116,0.9709930419921876
C2_1,xvect,it0085,0.965090811252594,0.9615041017532348
C2_1,xvect,it0086,0.967061161994934,0.9634456634521484
C2_1,xvect,it0087,0.9638335704803468,0.9681429862976074
C2_1,xvect,it0088,0.9550275802612304,0.9682204723358154
C2_1,xvect,it0089,0.9373246431350708,0.9616338610649108
C2_1,xvect,it0090,0.9534003734588624,0.9559791088104248
C2_1,xvect,it0091,0.9217429161071776,0.9384840726852416
C2_1,xvect,it0092,0.945235788822174,0.9437952637672424
C2_1,xvect,it0093,0.9535743594169616,0.9604732990264891
C2_1,xvect,it0094,0.8932506442070007,0.9364017844200134
C2_1,xvect,it0095,0.952294945716858,0.9570056200027466
C2_1,xvect,it0096,0.9404443502426147,0.956093966960907
C2_1,xvect,it0097,0.9597560167312622,0.9637986421585084
C2_1,xvect,it0098,0.970944881439209,0.946052074432373
C2_1,xvect,it0099,0.9478289484977722,0.9585744738578796
C2_1,xvect,it0100,0.962482750415802,0.9689387679100036
C2_1,xvect,it0101,0.9470823407173156,0.9462779760360718
C2_1,xvect,it0102,0.941318929195404,0.9444140195846558
C2_1,xvect,it0103,0.9403400421142578,0.9605421423912048
C2_1,xvect,it0104,0.9532049894332886,0.9457343816757202
C2_1,xvect,it0105,0.95127272605896,0.9564931988716124
C2_1,xvect,it0106,0.9667521715164183,0.9637767672538756
C2_1,xvect,it0107,0.9475924968719482,0.9544967412948608
C2_1,xvect,it0108,0.9633299708366394,0.9655885696411132
C2_1,xvect,it0109,0.954513132572174,0.941578209400177
C2_1,xvect,it0110,0.9464711546897888,0.9537160396575928
C2_1,xvect,it0111,0.9564067721366882,0.9622225761413574
C2_1,xvect,it0112,0.9508692622184752,0.9644713401794434
C2_1,xvect,it0113,0.940485656261444,0.963380753993988
C2_1,xvect,it0114,0.9631125926971436,0.957599401473999
C2_1,xvect,it0115,0.9611434936523438,0.9601562023162842
C2_1,xvect,it0116,0.9451591968536376,0.957843542098999
C2_1,xvect,it0117,0.909593105316162,0.9298167824745178
C2_1,xvect,it0118,0.9481022357940674,0.9610443115234376
C2_1,xvect,it0119,0.9636351466178894,0.9641727805137634
C2_1,xvect,it0120,0.9510393738746644,0.9618789553642272
C2_1,xvect,it0121,0.9561827778816224,0.9520447254180908
C2_1,xvect,it0122,0.9525673985481262,0.9591618776321412
C2_1,xvect,it0123,0.9614604711532592,0.950531244277954
C2_1,xvect,it0124,0.935708463191986,0.9396668672561646
C2_1,xvect,it0125,0.9433967471122742,0.9565110206604004
C2_1,xvect,it0126,0.9568614363670348,0.9628635048866272
C2_1,xvect,it0127,0.9571133255958556,0.9579921960830688
C2_1,xvect,it0128,0.9175795912742616,0.9500734806060792
C2_1,xvect,it0129,0.9381610155105592,0.9572033882141112
C2_1,xvect,it0130,0.9496281743049622,0.9503648281097412
C2_1,xvect,it0131,0.933237075805664,0.9545322060585022
C2_1,xvect,it0132,0.9568888545036316,0.9504538774490356
C2_1,xvect,it0133,0.9590349793434144,0.960334539413452
C2_1,xvect,it0134,0.9571651816368104,0.9627159237861632
C2_1,xvect,it0135,0.9334979057312012,0.9496110677719116
C2_1,xvect,it0136,0.954271674156189,0.9681352376937866
C2_1,xvect,it0137,0.9470043182373048,0.9521706104278564
C2_1,xvect,it0138,0.958979606628418,0.9594354629516602
C2_1,xvect,it0139,0.9590537548065186,0.9643888473510742
C2_1,xvect,it0140,0.953100562095642,0.9348697662353516
C2_1,xvect,it0141,0.9613789319992064,0.9565186500549316
C2_1,xvect,it0142,0.9355202913284302,0.9403033256530762
C2_1,xvect,it0143,0.9569258093833924,0.9585176706314088
C2_1,xvect,it0144,0.961107850074768,0.9637248516082764
C2_1,xvect,it0145,0.9375259280204772,0.9593768119812012
C2_1,xvect,it0146,0.9323780536651612,0.9477630853652954
C2_1,xvect,it0147,0.9570088386535645,0.9559105634689332
C2_1,xvect,it0148,0.9549862146377563,0.9586278200149536
C2_1,xvect,it0149,0.9551538228988647,0.9591091275215148
C2_1,xvect,it0150,0.9303193092346193,0.9506610631942748
C2_1,xvect,it0151,0.956020176410675,0.9563252925872804
C2_1,xvect,it0152,0.9544006586074828,0.9620656371116638
C2_1,xvect,it0153,0.9051944017410278,0.9248513579368592
C2_1,xvect,it0154,0.9249614477157592,0.9518510103225708
C2_1,xvect,it0155,0.9645341038703918,0.9596409797668456
C2_1,xvect,it0156,0.9457908868789672,0.9511852860450744
C2_1,xvect,it0157,0.9630995988845824,0.966891348361969
C2_1,xvect,it0158,0.9507274627685548,0.9541838765144348
C2_1,xvect,it0159,0.9411337375640868,0.9534789323806764
C2_1,xvect,it0160,0.9628159999847412,0.9504860043525696
C2_1,xvect,it0161,0.9582673907279968,0.9638091325759888
C2_1,xvect,it0162,0.9505444169044496,0.9565761089324952
C2_1,xvect,it0163,0.9638654589653016,0.9649435877799988
C2_1,xvect,it0164,0.9544292688369752,0.9616907238960266
C2_1,xvect,it0165,0.9534411430358888,0.9585995078086852
C2_1,xvect,it0166,0.9524247646331788,0.9612765312194824
C2_1,xvect,it0167,0.9396960735321044,0.9590249061584472
C2_1,xvect,it0168,0.940555453300476,0.9099081754684448
C2_1,xvect,it0169,0.9677707552909852,0.9700949788093568
C2_1,xvect,it0170,0.9451480507850648,0.961146891117096
C2_1,xvect,it0171,0.9578545689582824,0.9655673503875732
C2_1,xvect,it0172,0.9155826568603516,0.9405713677406312
C2_1,xvect,it0173,0.9645970463752748,0.9629412293434144
C2_1,xvect,it0174,0.9545531272888184,0.9597322344779968
C2_1,xvect,it0175,0.9526360630989076,0.9537609219551086
C2_1,xvect,it0176,0.9468470215797424,0.9468811750411988
C2_1,xvect,it0177,0.9371963143348694,0.9480905532836914
C2_1,xvect,it0178,0.9478764533996582,0.94390606880188
C2_1,xvect,it0179,0.9593306183815002,0.9568602442741394
C2_1,xvect,it0180,0.9394752979278564,0.9413741827011108
C2_1,xvect,it0181,0.9676497578620912,0.9537405371665956
C2_1,xvect,it0182,0.9490485191345216,0.952167510986328
C2_1,xvect,it0183,0.957857608795166,0.9537484645843506
C2_1,xvect,it0184,0.9329612255096436,0.9499773383140564
C2_1,xvect,it0185,0.9311729669570924,0.9547551870346068
C2_1,xvect,it0186,0.8993197083473206,0.8684865832328796
C2_1,xvect,it0187,0.9227747917175292,0.961969792842865
C2_1,xvect,it0188,0.9299694299697876,0.9425731301307678
C2_1,xvect,it0189,0.9442740678787231,0.9622591137886048
C2_1,xvect,it0190,0.9606761932373048,0.9637442827224731
C2_1,xvect,it0191,0.956064999103546,0.9662123918533324
C2_1,xvect,it0192,0.9437047243118286,0.9635124206542968
C2_1,xvect,it0193,0.9669318795204164,0.9628421068191528
C2_1,xvect,it0194,0.9645901322364808,0.9671199321746826
C2_1,xvect,it0195,0.9515273571014404,0.9522842168807985
C2_1,xvect,it0196,0.927358865737915,0.9590033888816832
C2_1,xvect,it0197,0.9374588131904602,0.9456115961074828
C2_1,xvect,it0198,0.9283736944198608,0.9448444247245787
C2_1,xvect,it0199,0.9619700908660888,0.9546424746513368
C2_1,wavlm_base_plus,it0000,0.8731071352958679,0.8734855055809021
C2_1,wavlm_base_plus,it0001,0.9360895156860352,0.932351291179657
C2_1,wavlm_base_plus,it0002,0.9066076278686525,0.942100703716278
C2_1,wavlm_base_plus,it0003,0.8965350389480591,0.9029375314712524
C2_1,wavlm_base_plus,it0004,0.9509406685829164,0.9759819507598876
C2_1,wavlm_base_plus,it0005,0.9154648184776306,0.9241557717323304
C2_1,wavlm_base_plus,it0006,0.8473224639892578,0.8446294069290161
C2_1,wavlm_base_plus,it0007,0.9355530738830566,0.9431315064430236
C2_1,wavlm_base_plus,it0008,0.9170638918876648,0.9402318596839904
C2_1,wavlm_base_plus,it0009,0.9636926651000975,0.964670479297638
C2_1,wavlm_base_plus,it0010,0.907165229320526,0.9379034042358398
C2_1,wavlm_base_plus,it0011,0.937221884727478,0.9599865674972534
C2_1,wavlm_base_plus,it0012,0.8579992055892944,0.93143492937088
C2_1,wavlm_base_plus,it0013,0.977342963218689,0.9488300085067748
C2_1,wavlm_base_plus,it0014,0.8187627792358398,0.8160115480422974
C2_1,wavlm_base_plus,it0015,0.941651165485382,0.9479532837867736
C2_1,wavlm_base_plus,it0016,0.9505228996276855,0.9563109874725342
C2_1,wavlm_base_plus,it0017,0.9112722873687744,0.9399712681770324
C2_1,wavlm_base_plus,it0018,0.895667552947998,0.9262512922286988
C2_1,wavlm_base_plus,it0019,0.9663746356964112,0.9636183381080629
C2_1,wavlm_base_plus,it0020,0.6543480753898621,0.8859946131706238
C2_1,wavlm_base_plus,it0021,0.9248475432395936,0.943021595478058
C2_1,wavlm_base_plus,it0022,0.8634754419326782,0.9139461517333984
C2_1,wavlm_base_plus,it0023,0.9290928840637208,0.962361752986908
C2_1,wavlm_base_plus,it0024,0.9627285599708556,0.9653233885765076
C2_1,wavlm_base_plus,it0025,0.9178346395492554,0.9331669807434082
C2_1,wavlm_base_plus,it0026,0.8181993961334229,0.8228893280029297
C2_1,wavlm_base_plus,it0027,0.9436405301094056,0.9575414061546326
C2_1,wavlm_base_plus,it0028,0.949499785900116,0.94720721244812
C2_1,wavlm_base_plus,it0029,0.8297993540763855,0.8699954748153687
C2_1,wavlm_base_plus,it0030,0.9493655562400818,0.926241397857666
C2_1,wavlm_base_plus,it0031,0.9118562936782836,0.8926984071731567
C2_1,wavlm_base_plus,it0032,0.915503740310669,0.9723207354545592
C2_1,wavlm_base_plus,it0033,0.9275050163269044,0.8937917351722717
C2_1,wavlm_base_plus,it0034,0.7142961025238037,0.8371132016181946
C2_1,wavlm_base_plus,it0035,0.7768089771270752,0.6505728363990784
C2_1,wavlm_base_plus,it0036,0.968219757080078,0.920872151851654
C2_1,wavlm_base_plus,it0037,0.8927923440933228,0.9532751441001892
C2_1,wavlm_base_plus,it0038,0.9147228598594666,0.877577543258667
C2_1,wavlm_base_plus,it0039,0.9080276489257812,0.9385761022567748
C2_1,wavlm_base_plus,it0040,0.8551251888275146,0.8132455945014954
C2_1,wavlm_base_plus,it0041,0.9573620557785034,0.96071857213974
C2_1,wavlm_base_plus,it0042,0.910989224910736,0.8669821619987488
C2_1,wavlm_base_plus,it0043,0.9073938727378844,0.9405590891838074
C2_1,wavlm_base_plus,it0044,0.9179037809371948,0.9665756821632384
C2_1,wavlm_base_plus,it0045,0.8993897438049316,0.909561038017273
C2_1,wavlm_base_plus,it0046,0.7724694609642029,0.864034116268158
C2_1,wavlm_base_plus,it0047,0.7889417409896851,0.7884733080863953
C2_1,wavlm_base_plus,it0048,0.9237100481987,0.9533486366271972
C2_1,wavlm_base_plus,it0049,0.8497270345687866,0.9488945603370668
C2_1,wavlm_base_plus,it0050,0.473112404346466,0.702183723449707
C2_1,wavlm_base_plus,it0051,0.9369812607765198,0.938134789466858
C2_1,wavlm_base_plus,it0052,0.8853179216384888,0.9295581579208374
C2_1,wavlm_base_plus,it0053,0.8798030018806458,0.876112163066864
C2_1,wavlm_base_plus,it0054,0.8564045429229736,0.836035966873169
C2_1,wavlm_base_plus,it0055,0.949887216091156,0.9247888922691344
C2_1,wavlm_base_plus,it0056,0.921256422996521,0.9540922045707704
C2_1,wavlm_base_plus,it0057,0.8417531847953796,0.9232587814331056
C2_1,wavlm_base_plus,it0058,0.8438584208488464,0.9069872498512268
C2_1,wavlm_base_plus,it0059,0.9615004062652588,0.9430224895477296
C2_1,wavlm_base_plus,it0060,0.6929094195365906,0.7973006963729858
C2_1,wavlm_base_plus,it0061,0.8897023797035217,0.8902867436408997
C2_1,wavlm_base_plus,it0062,0.90275776386261,0.9689933061599731
C2_1,wavlm_base_plus,it0063,0.6890445351600647,0.7258504033088684
C2_1,wavlm_base_plus,it0064,0.9029442071914672,0.9119381308555604
C2_1,wavlm_base_plus,it0065,0.9298245906829834,0.9561141133308412
C2_1,wavlm_base_plus,it0066,0.7900038957595825,0.840916633605957
C2_1,wavlm_base_plus,it0067,0.9529687166213988,0.9452311992645264
C2_1,wavlm_base_plus,it0068,0.940985143184662,0.9421852827072144
C2_1,wavlm_base_plus,it0069,0.8986484408378601,0.947654664516449
C2_1,wavlm_base_plus,it0070,0.8564429879188538,0.9110665321350098
C2_1,wavlm_base_plus,it0071,0.9091091752052308,0.9008550047874452
C2_1,wavlm_base_plus,it0072,0.9571625590324402,0.9727675318717957
C2_1,wavlm_base_plus,it0073,0.7980692386627197,0.8072253465652466
C2_1,wavlm_base_plus,it0074,0.6967940330505371,0.7231927514076233
C2_1,wavlm_base_plus,it0075,0.9154127240180968,0.9351529479026794
C2_1,wavlm_base_plus,it0076,0.8832021951675415,0.929401397705078
C2_1,wavlm_base_plus,it0077,0.9010918736457824,0.9123908281326294
C2_1,wavlm_base_plus,it0078,0.8898460865020752,0.8991875648498535
C2_1,wavlm_base_plus,it0079,0.9483744502067566,0.9474441409111024
C2_1,wavlm_base_plus,it0080,0.9089268445968628,0.912607491016388
C2_1,wavlm_base_plus,it0081,0.8976060748100281,0.9191712141036988
C2_1,wavlm_base_plus,it0082,0.9239922761917114,0.9333337545394896
C2_1,wavlm_base_plus,it0083,0.9617840647697448,0.9649595618247986
C2_1,wavlm_base_plus,it0084,0.9054461717605592,0.9102060794830322
C2_1,wavlm_base_plus,it0085,0.9225768446922302,0.8907682299613953
C2_1,wavlm_base_plus,it0086,0.8798626065254211,0.8952990174293518
C2_1,wavlm_base_plus,it0087,0.885888397693634,0.9556441307067872
C2_1,wavlm_base_plus,it0088,0.929789900779724,0.92574280500412
C2_1,wavlm_base_plus,it0089,0.9304035902023317,0.8825777173042297
C2_1,wavlm_base_plus,it0090,0.9588165283203124,0.9022300839424132
C2_1,wavlm_base_plus,it0091,0.8913148045539856,0.9582788348197936
C2_1,wavlm_base_plus,it0092,0.864262580871582,0.9397854804992676
C2_1,wavlm_base_plus,it0093,0.8610538840293884,0.9323493242263794
C2_1,wavlm_base_plus,it0094,0.9480414390563964,0.9729105234146118
C2_1,wavlm_base_plus,it0095,0.9377820491790771,0.9135000705718994
C2_1,wavlm_base_plus,it0096,0.9692919850349426,0.9552209377288818
C2_1,wavlm_base_plus,it0097,0.9447921514511108,0.9509104490280152
C2_1,wavlm_base_plus,it0098,0.933491826057434,0.8262049555778503
C2_1,wavlm_base_plus,it0099,0.6518298387527466,0.7065520882606506
C2_1,wavlm_base_plus,it0100,0.9489346742630004,0.9702550172805786
C2_1,wavlm_base_plus,it0101,0.8809536099433899,0.94064861536026
C2_1,wavlm_base_plus,it0102,0.9146772623062134,0.9145885705947876
C2_1,wavlm_base_plus,it0103,0.6927984952926636,0.902172327041626
C2_1,wavlm_base_plus,it0104,0.9224976301193236,0.93878573179245
C2_1,wavlm_base_plus,it0105,0.9083265066146852,0.9046173691749572
C2_1,wavlm_base_plus,it0106,0.8465360999107361,0.9105284214019777
C2_1,wavlm_base_plus,it0107,0.9274330735206604,0.9631927013397216
C2_1,wavlm_base_plus,it0108,0.9182121753692628,0.9094674587249756
C2_1,wavlm_base_plus,it0109,0.94992995262146,0.9461262226104736
C2_1,wavlm_base_plus,it0110,0.7593894004821777,0.6904455423355103
C2_1,wavlm_base_plus,it0111,0.7987098097801208,0.8793610334396362
C2_1,wavlm_base_plus,it0112,0.9430450797080994,0.9529719948768616
C2_1,wavlm_base_plus,it0113,0.9345701932907104,0.9553187489509584
C2_1,wavlm_base_plus,it0114,0.934699296951294,0.8665234446525574
C2_1,wavlm_base_plus,it0115,0.7917789816856384,0.8580158948898315
C2_1,wavlm_base_plus,it0116,0.8870065212249756,0.8854265213012695
C2_1,wavlm_base_plus,it0117,0.9385791420936584,0.9477860927581788
C2_1,wavlm_base_plus,it0118,0.8131946921348572,0.9116299152374268
C2_1,wavlm_base_plus,it0119,0.9358956813812256,0.8896518349647522
C2_1,wavlm_base_plus,it0120,0.9655300378799438,0.95579731464386
C2_1,wavlm_base_plus,it0121,0.9140281081199646,0.9398412108421326
C2_1,wavlm_base_plus,it0122,0.9566648006439208,0.9606669545173644
C2_1,wavlm_base_plus,it0123,0.8737005591392517,0.9732856154441832
C2_1,wavlm_base_plus,it0124,0.8992711305618286,0.8892090320587158
C2_1,wavlm_base_plus,it0125,0.8962008357048035,0.9128674268722534
C2_1,wavlm_base_plus,it0126,0.8521426320075989,0.8970625400543213
C2_1,wavlm_base_plus,it0127,0.8759797215461731,0.9384556412696838
C2_1,wavlm_base_plus,it0128,0.5796689391136169,0.5573658347129822
C2_1,wavlm_base_plus,it0129,0.8374418020248413,0.8560616970062256
C2_1,wavlm_base_plus,it0130,0.8425034880638123,0.8440089225769043
C2_1,wavlm_base_plus,it0131,0.9604633450508118,0.9876067042350768
C2_1,wavlm_base_plus,it0132,0.8435766100883484,0.76565021276474
C2_1,wavlm_base_plus,it0133,0.9533427357673644,0.9860259294509888
C2_1,wavlm_base_plus,it0134,0.952577531337738,0.9167208671569824
C2_1,wavlm_base_plus,it0135,0.732637882232666,0.772457480430603
C2_1,wavlm_base_plus,it0136,0.8262280225753784,0.8753414154052734
C2_1,wavlm_base_plus,it0137,0.8976331949234009,0.8473786115646362
C2_1,wavlm_base_plus,it0138,0.932387351989746,0.9029890298843384
C2_1,wavlm_base_plus,it0139,0.8102126121520996,0.9144586324691772
C2_1,wavlm_base_plus,it0140,0.8941650986671448,0.916494071483612
C2_1,wavlm_base_plus,it0141,0.9101001024246216,0.9569847583770752
C2_1,wavlm_base_plus,it0142,0.8721861243247986,0.8974630236625671
C2_1,wavlm_base_plus,it0143,0.9361328482627868,0.9553591012954712
C2_1,wavlm_base_plus,it0144,0.9464632868766784,0.9563816785812378
C2_1,wavlm_base_plus,it0145,0.8685306310653687,0.921023726463318
C2_1,wavlm_base_plus,it0146,0.9209117293357848,0.9298104047775269
C2_1,wavlm_base_plus,it0147,0.9405150413513184,0.9060423374176024
C2_1,wavlm_base_plus,it0148,0.8345627188682556,0.8062142133712769
C2_1,wavlm_base_plus,it0149,0.816260814666748,0.9584804773330688
C2_1,wavlm_base_plus,it0150,0.8659488558769226,0.9349956512451172
C2_1,wavlm_base_plus,it0151,0.8790048360824585,0.8422864079475403
C2_1,wavlm_base_plus,it0152,0.8546039462089539,0.91097229719162
C2_1,wavlm_base_plus,it0153,0.944753885269165,0.946840763092041
C2_1,wavlm_base_plus,it0154,0.5525646209716797,0.7014598250389099
C2_1,wavlm_base_plus,it0155,0.8850536346435547,0.8326417207717896
C2_1,wavlm_base_plus,it0156,0.8213430047035217,0.8870759010314941
C2_1,wavlm_base_plus,it0157,0.8941459655761719,0.947570025920868
C2_1,wavlm_base_plus,it0158,0.9297475218772888,0.9571687579154968
C2_1,wavlm_base_plus,it0159,0.9106306433677672,0.8837034106254578
C2_1,wavlm_base_plus,it0160,0.9440308809280396,0.9539515376091005
C2_1,wavlm_base_plus,it0161,0.9188107252120972,0.9630508422851562
C2_1,wavlm_base_plus,it0162,0.9237876534461976,0.9283368587493896
C2_1,wavlm_base_plus,it0163,0.8346753716468811,0.8365820646286011
C2_1,wavlm_base_plus,it0164,0.9636774063110352,0.9659464955329896
C2_1,wavlm_base_plus,it0165,0.8256891965866089,0.8371708393096924
C2_1,wavlm_base_plus,it0166,0.8752548098564148,0.910574734210968
C2_1,wavlm_base_plus,it0167,0.9539151787757874,0.9432268142700196
C2_1,wavlm_base_plus,it0168,0.9120599627494812,0.9294004440307616
C2_1,wavlm_base_plus,it0169,0.9174675941467284,0.9515945911407472
C2_1,wavlm_base_plus,it0170,0.8725984692573547,0.9168599843978882
C2_1,wavlm_base_plus,it0171,0.9671323895454408,0.9630182981491088
C2_1,wavlm_base_plus,it0172,0.7704349160194397,0.8778496384620667
C2_1,wavlm_base_plus,it0173,0.9692503809928894,0.9714447259902954
C2_1,wavlm_base_plus,it0174,0.891288697719574,0.8613667488098145
C2_1,wavlm_base_plus,it0175,0.9261651039123536,0.8872057795524597
C2_1,wavlm_base_plus,it0176,0.9591226577758788,0.9305330514907836
C2_1,wavlm_base_plus,it0177,0.9270079135894777,0.9347373843193054
C2_1,wavlm_base_plus,it0178,0.9228699207305908,0.8729442954063416
C2_1,wavlm_base_plus,it0179,0.947843611240387,0.9530227184295654
C2_1,wavlm_base_plus,it0180,0.8983295559883118,0.9231177568435668
C2_1,wavlm_base_plus,it0181,0.8674097657203674,0.8889710307121277
C2_1,wavlm_base_plus,it0182,0.9703357815742492,0.9628161787986756
C2_1,wavlm_base_plus,it0183,0.9605165719985962,0.9428457617759703
C2_1,wavlm_base_plus,it0184,0.8165256977081299,0.830996036529541
C2_1,wavlm_base_plus,it0185,0.9283739924430848,0.94342303276062
C2_1,wavlm_base_plus,it0186,0.9507784843444824,0.9645626544952391
C2_1,wavlm_base_plus,it0187,0.8651405572891235,0.8084208369255066
C2_1,wavlm_base_plus,it0188,0.9021825194358826,0.9264618158340454
C2_1,wavlm_base_plus,it0189,0.888550877571106,0.8543928861618042
C2_1,wavlm_base_plus,it0190,0.9768447875976562,0.9708492755889891
C2_1,wavlm_base_plus,it0191,0.9696847200393676,0.9647423028945924
C2_1,wavlm_base_plus,it0192,0.9312163591384888,0.9525283575057985
C2_1,wavlm_base_plus,it0193,0.9058016538619996,0.895849883556366
C2_1,wavlm_base_plus,it0194,0.9336206912994384,0.9286279678344728
C2_1,wavlm_base_plus,it0195,0.9311221837997437,0.9524188041687012
C2_1,wavlm_base_plus,it0196,0.9274250268936156,0.9457769989967346
C2_1,wavlm_base_plus,it0197,0.913220226764679,0.8739746809005737
C2_1,wavlm_base_plus,it0198,0.6469125747680664,0.865383505821228
C2_1,wavlm_base_plus,it0199,0.9492630958557128,0.931892156600952
C2_2,wavlm_large,it0000,0.4717082381248474,0.5139790773391724
C2_2,wavlm_large,it0001,0.2674497663974762,0.2587408721446991
C2_2,wavlm_large,it0002,0.1230349242687225,0.3027099072933197
C2_2,wavlm_large,it0003,0.2091951668262481,0.3483403325080871
C2_2,wavlm_large,it0004,0.3747642338275909,0.4292870163917541
C2_2,wavlm_large,it0005,0.2401763349771499,0.3461127579212188
C2_2,wavlm_large,it0006,0.3045533895492553,0.4089196026325226
C2_2,wavlm_large,it0007,0.1577522307634353,0.4253511726856231
C2_2,wavlm_large,it0008,0.2476931065320968,0.2967444062232971
C2_2,wavlm_large,it0009,0.5448472499847412,0.5596545338630676
C2_2,wavlm_large,it0010,0.5165570974349976,0.5800808668136597
C2_2,wavlm_large,it0011,0.5154571533203125,0.4943944811820984
C2_2,wavlm_large,it0012,0.349410206079483,0.3469433486461639
C2_2,wavlm_large,it0013,0.5195754766464233,0.5929230451583862
C2_2,wavlm_large,it0014,0.424945592880249,0.4573456346988678
C2_2,wavlm_large,it0015,0.5664705038070679,0.5927072763442993
C2_2,wavlm_large,it0016,0.2212149798870086,0.3979490995407104
C2_2,wavlm_large,it0017,0.2746190726757049,0.4467472732067108
C2_2,wavlm_large,it0018,0.2165845781564712,0.2986174821853637
C2_2,wavlm_large,it0019,0.5676948428153992,0.59879469871521
C2_2,wavlm_large,it0020,0.1492994874715805,0.3248339295387268
C2_2,wavlm_large,it0021,0.4383565485477447,0.4707173109054565
C2_2,wavlm_large,it0022,0.4579228162765503,0.4599234759807586
C2_2,wavlm_large,it0023,0.4806801676750183,0.5691179633140564
C2_2,wavlm_large,it0024,0.4497540891170501,0.4789293110370636
C2_2,wavlm_large,it0025,0.468452513217926,0.5602414011955261
C2_2,wavlm_large,it0026,0.1909123063087463,0.2483686059713363
C2_2,wavlm_large,it0027,0.5343286395072937,0.6697616577148438
C2_2,wavlm_large,it0028,0.5128356218338013,0.5780131816864014
C2_2,wavlm_large,it0029,0.3206687569618225,0.4042734801769256
C2_2,wavlm_large,it0030,0.3644556105136871,0.5234254598617554
C2_2,wavlm_large,it0031,0.2673531174659729,0.2856130003929138
C2_2,wavlm_large,it0032,0.5322393178939819,0.5505052208900452
C2_2,wavlm_large,it0033,0.3400909304618835,0.2828544080257416
C2_2,wavlm_large,it0034,0.2645663022994995,0.3249162137508392
C2_2,wavlm_large,it0035,0.2866787910461426,0.2607147395610809
C2_2,wavlm_large,it0036,0.5952549576759338,0.5271893739700317
C2_2,wavlm_large,it0037,0.452501505613327,0.5678293108940125
C2_2,wavlm_large,it0038,0.1843253225088119,0.2181030511856079
C2_2,wavlm_large,it0039,0.4961785078048706,0.4884321093559265
C2_2,wavlm_large,it0040,0.1173512265086174,0.2624134421348572
C2_2,wavlm_large,it0041,0.4408966302871704,0.4287249743938446
C2_2,wavlm_large,it0042,0.4108041524887085,0.5104466080665588
C2_2,wavlm_large,it0043,0.1236141771078109,0.2537053823471069
C2_2,wavlm_large,it0044,0.2425200939178466,0.6556107401847839
C2_2,wavlm_large,it0045,0.2977537810802459,0.3968119919300079
C2_2,wavlm_large,it0046,0.1947294920682907,0.3819217085838318
C2_2,wavlm_large,it0047,0.2623741924762726,0.4010542333126068
C2_2,wavlm_large,it0048,0.4681801199913025,0.5394919514656067
C2_2,wavlm_large,it0049,0.4618120193481445,0.5401115417480469
C2_2,wavlm_large,it0050,0.0018251156434416,0.2361116558313369
C2_2,wavlm_large,it0051,0.4134961664676666,0.5176287293434143
C2_2,wavlm_large,it0052,0.2908893227577209,0.3278240859508514
C2_2,wavlm_large,it0053,0.2863554954528808,0.3614585101604461
C2_2,wavlm_large,it0054,0.1251975446939468,0.3023174405097961
C2_2,wavlm_large,it0055,0.531050980091095,0.5161530375480652
C2_2,wavlm_large,it0056,0.1427247077226638,0.2640352845191955
C2_2,wavlm_large,it0057,0.2901402115821838,0.333571195602417
C2_2,wavlm_large,it0058,0.2416372150182724,0.4451095461845398
C2_2,wavlm_large,it0059,0.5998856425285339,0.6094210743904114
C2_2,wavlm_large,it0060,0.3928880393505096,0.4328759312629699
C2_2,wavlm_large,it0061,0.5947674512863159,0.5742607712745667
C2_2,wavlm_large,it0062,0.5286155343055725,0.5451869964599609
C2_2,wavlm_large,it0063,0.3427543342113495,0.396192342042923
C2_2,wavlm_large,it0064,0.3872388899326324,0.471267819404602
C2_2,wavlm_large,it0065,0.5729218125343323,0.6386042833328247
C2_2,wavlm_large,it0066,0.3355277478694916,0.499758630990982
C2_2,wavlm_large,it0067,0.228869542479515,0.3548746407032013
C2_2,wavlm_large,it0068,0.5773714780807495,0.6092856526374817
C2_2,wavlm_large,it0069,0.1719094216823578,0.364737719297409
C2_2,wavlm_large,it0070,0.3745288550853729,0.4834732413291931
C2_2,wavlm_large,it0071,0.4634382724761963,0.5056086778640747
C2_2,wavlm_large,it0072,0.3766946196556091,0.501761794090271
C2_2,wavlm_large,it0073,0.1915246695280075,0.2759101688861847
C2_2,wavlm_large,it0074,0.3257566094398498,0.2807689905166626
C2_2,wavlm_large,it0075,0.3392788171768188,0.4412177205085754
C2_2,wavlm_large,it0076,0.2272561192512512,0.3245092630386352
C2_2,wavlm_large,it0077,0.3136447370052337,0.6427593231201172
C2_2,wavlm_large,it0078,0.3036271929740906,0.3271849155426025
C2_2,wavlm_large,it0079,0.5594592690467834,0.5838955044746399
C2_2,wavlm_large,it0080,0.1595945805311203,0.2460996210575103
C2_2,wavlm_large,it0081,0.2424968183040619,0.3748430907726288
C2_2,wavlm_large,it0082,0.3953502476215362,0.5376940369606018
C2_2,wavlm_large,it0083,0.2917212545871734,0.3711081147193908
C2_2,wavlm_large,it0084,0.5142745971679688,0.4891901910305023
C2_2,wavlm_large,it0085,0.3958041965961456,0.4848567843437195
C2_2,wavlm_large,it0086,0.6135556101799011,0.6277661919593811
C2_2,wavlm_large,it0087,0.5821793675422668,0.6565837264060974
C2_2,wavlm_large,it0088,0.2394977360963821,0.381240576505661
C2_2,wavlm_large,it0089,0.1054007858037948,0.2969378530979156
C2_2,wavlm_large,it0090,0.6389440894126892,0.5927221775054932
C2_2,wavlm_large,it0091,0.3984335958957672,0.5162100791931152
C2_2,wavlm_large,it0092,0.4074240028858185,0.4547092616558075
C2_2,wavlm_large,it0093,0.2093864977359771,0.4267085790634155
C2_2,wavlm_large,it0094,0.52138352394104,0.5653548240661621
C2_2,wavlm_large,it0095,0.5199363827705383,0.4963942766189575
C2_2,wavlm_large,it0096,0.3995465934276581,0.4287024736404419
C2_2,wavlm_large,it0097,0.5109660029411316,0.6555421352386475
C2_2,wavlm_large,it0098,0.3723866045475006,0.4221364259719848
C2_2,wavlm_large,it0099,0.1756467372179031,0.2328923940658569
C2_2,wavlm_large,it0100,0.6473545432090759,0.6099892854690552
C2_2,wavlm_large,it0101,0.2899554371833801,0.3473159372806549
C2_2,wavlm_large,it0102,0.5096074342727661,0.4898527562618255
C2_2,wavlm_large,it0103,0.4069894552230835,0.4035079479217529
C2_2,wavlm_large,it0104,0.5028437376022339,0.5415697693824768
C2_2,wavlm_large,it0105,0.5562994480133057,0.6030575037002563
C2_2,wavlm_large,it0106,0.2611078321933746,0.4713706970214844
C2_2,wavlm_large,it0107,0.2227677106857299,0.4958054721355438
C2_2,wavlm_large,it0108,0.2483253479003906,0.3819342255592346
C2_2,wavlm_large,it0109,0.4286593794822693,0.4494171440601349
C2_2,wavlm_large,it0110,0.1482482105493545,0.4224259853363037
C2_2,wavlm_large,it0111,0.186876431107521,0.2266325503587722
C2_2,wavlm_large,it0112,0.5429028868675232,0.545113742351532
C2_2,wavlm_large,it0113,0.3850994110107422,0.4794043004512787
C2_2,wavlm_large,it0114,0.3968160450458526,0.4846224188804626
C2_2,wavlm_large,it0115,0.3379147350788116,0.3049282729625702
C2_2,wavlm_large,it0116,0.4066187739372253,0.4695184528827667
C2_2,wavlm_large,it0117,0.483818918466568,0.5178651809692383
C2_2,wavlm_large,it0118,0.5355570316314697,0.5430049300193787
C2_2,wavlm_large,it0119,0.3055055439472198,0.546479344367981
C2_2,wavlm_large,it0120,0.4255982637405395,0.5500288605690002
C2_2,wavlm_large,it0121,0.3535070717334747,0.5159048438072205
C2_2,wavlm_large,it0122,0.3400543332099914,0.2871947884559631
C2_2,wavlm_large,it0123,0.5791395306587219,0.5119990706443787
C2_2,wavlm_large,it0124,0.4593233168125152,0.5002491474151611
C2_2,wavlm_large,it0125,0.4014033079147339,0.3911210000514984
C2_2,wavlm_large,it0126,0.4981082677841186,0.5465996861457825
C2_2,wavlm_large,it0127,0.1747683584690094,0.3512183427810669
C2_2,wavlm_large,it0128,0.4419029951095581,0.4488860368728637
C2_2,wavlm_large,it0129,0.1223719418048858,0.3383441865444183
C2_2,wavlm_large,it0130,0.2166061699390411,0.3081185817718506
C2_2,wavlm_large,it0131,0.2893862128257751,0.4088149666786194
C2_2,wavlm_large,it0132,0.1659909784793853,0.3109562397003174
C2_2,wavlm_large,it0133,0.5859590172767639,0.584148108959198
C2_2,wavlm_large,it0134,0.3352023959159851,0.4160989820957184
C2_2,wavlm_large,it0135,0.3409391045570373,0.4431190490722656
C2_2,wavlm_large,it0136,0.4503114223480224,0.5159538984298706
C2_2,wavlm_large,it0137,0.3046345710754394,0.4939893782138824
C2_2,wavlm_large,it0138,0.5697737336158752,0.6627447605133057
C2_2,wavlm_large,it0139,0.3524129092693329,0.5286737084388733
C2_2,wavlm_large,it0140,0.2916704416275024,0.4633901119232178
C2_2,wavlm_large,it0141,0.5628193616867065,0.6801806092262268
C2_2,wavlm_large,it0142,0.2582937180995941,0.3077368140220642
C2_2,wavlm_large,it0143,0.5278497338294983,0.4988667070865631
C2_2,wavlm_large,it0144,0.0808214172720909,0.4307870864868164
C2_2,wavlm_large,it0145,0.6290812492370605,0.6262781620025635
C2_2,wavlm_large,it0146,0.4235590696334839,0.4499114155769348
C2_2,wavlm_large,it0147,0.4426427781581878,0.3970261216163635
C2_2,wavlm_large,it0148,0.0587861649692058,0.1745802611112594
C2_2,wavlm_large,it0149,0.437299370765686,0.5711597800254822
C2_2,wavlm_large,it0150,0.4280356466770172,0.4397861361503601
C2_2,wavlm_large,it0151,0.4790045022964477,0.5314078330993652
C2_2,wavlm_large,it0152,0.333554059267044,0.4699512124061584
C2_2,wavlm_large,it0153,0.274451196193695,0.4886812269687652
C2_2,wavlm_large,it0154,0.0839713141322135,0.1526508629322052
C2_2,wavlm_large,it0155,0.2466349452733993,0.2990265190601349
C2_2,wavlm_large,it0156,0.2740134298801422,0.3231209814548492
C2_2,wavlm_large,it0157,0.4941170215606689,0.5550147891044617
C2_2,wavlm_large,it0158,0.2906036972999573,0.3688499927520752
C2_2,wavlm_large,it0159,0.237722247838974,0.4138775765895843
C2_2,wavlm_large,it0160,0.4495545625686645,0.4455174207687378
C2_2,wavlm_large,it0161,0.2221636474132537,0.3689194619655609
C2_2,wavlm_large,it0162,0.1779592782258987,0.3203702867031097
C2_2,wavlm_large,it0163,0.3313401937484741,0.6420059204101562
C2_2,wavlm_large,it0164,0.3075468242168426,0.3575416803359985
C2_2,wavlm_large,it0165,0.2479254603385925,0.3323422372341156
C2_2,wavlm_large,it0166,0.2183128595352172,0.378007709980011
C2_2,wavlm_large,it0167,0.4778934121131897,0.545846700668335
C2_2,wavlm_large,it0168,0.2552310228347778,0.3694637417793274
C2_2,wavlm_large,it0169,0.4056020975112915,0.4110408127307892
C2_2,wavlm_large,it0170,0.2747953534126282,0.4385005831718445
C2_2,wavlm_large,it0171,0.5395512580871582,0.6770668029785156
C2_2,wavlm_large,it0172,0.354773461818695,0.367205798625946
C2_2,wavlm_large,it0173,0.5665994882583618,0.6763297915458679
C2_2,wavlm_large,it0174,0.3107307553291321,0.4464703202247619
C2_2,wavlm_large,it0175,0.1439959108829498,0.3462069630622864
C2_2,wavlm_large,it0176,0.3627097904682159,0.3960078656673431
C2_2,wavlm_large,it0177,0.2571307122707367,0.4350966215133667
C2_2,wavlm_large,it0178,0.2631351053714752,0.2936818301677704
C2_2,wavlm_large,it0179,0.6381768584251404,0.6240116357803345
C2_2,wavlm_large,it0180,0.4964368641376495,0.4995428323745727
C2_2,wavlm_large,it0181,0.4869018197059631,0.5522451400756836
C2_2,wavlm_large,it0182,0.4245422482490539,0.4866207242012024
C2_2,wavlm_large,it0183,0.4840982556343078,0.499127060174942
C2_2,wavlm_large,it0184,0.2670319974422455,0.3007524311542511
C2_2,wavlm_large,it0185,0.3064871430397033,0.5174940824508667
C2_2,wavlm_large,it0186,0.418013721704483,0.5368081331253052
C2_2,wavlm_large,it0187,0.2663669288158417,0.4781540036201477
C2_2,wavlm_large,it0188,0.5675731897354126,0.6114017367362976
C2_2,wavlm_large,it0189,0.3343388140201568,0.4491502940654754
C2_2,wavlm_large,it0190,0.5384247899055481,0.5644397139549255
C2_2,wavlm_large,it0191,0.3804770708084106,0.3622957468032837
C2_2,wavlm_large,it0192,0.5384881496429443,0.5958328247070312
C2_2,wavlm_large,it0193,0.1529355496168136,0.2723737359046936
C2_2,wavlm_large,it0194,0.5269129276275635,0.6217775344848633
C2_2,wavlm_large,it0195,0.5392124056816101,0.5768749713897705
C2_2,wavlm_large,it0196,0.2869797348976135,0.4213561415672302
C2_2,wavlm_large,it0197,0.2968639731407165,0.3893625736236572
C2_2,wavlm_large,it0198,0.1920190751552581,0.3116800785064697
C2_2,wavlm_large,it0199,0.2826915085315704,0.4926486909389496
C2_2,ecapa,it0000,0.4509646296501159,0.4989077746868133
C2_2,ecapa,it0001,0.4994186460971832,0.395749419927597
C2_2,ecapa,it0002,0.2145348787307739,0.3330849707126617
C2_2,ecapa,it0003,0.2611519992351532,0.4206072986125946
C2_2,ecapa,it0004,0.5641094446182251,0.5630273818969727
C2_2,ecapa,it0005,0.4316074252128601,0.4389575719833374
C2_2,ecapa,it0006,0.2553410828113556,0.3248098492622375
C2_2,ecapa,it0007,0.2597440481185913,0.3422720432281494
C2_2,ecapa,it0008,0.2476632744073867,0.3727220296859741
C2_2,ecapa,it0009,0.4785344004631042,0.5199200510978699
C2_2,ecapa,it0010,0.5292597413063049,0.6071546077728271
C2_2,ecapa,it0011,0.5870011448860168,0.4991923570632934
C2_2,ecapa,it0012,0.462026298046112,0.4358290731906891
C2_2,ecapa,it0013,0.4680514931678772,0.5482155680656433
C2_2,ecapa,it0014,0.4691303372383117,0.4005601406097412
C2_2,ecapa,it0015,0.5451288223266602,0.4877105951309204
C2_2,ecapa,it0016,0.3553009629249573,0.5178366303443909
C2_2,ecapa,it0017,0.4577293992042541,0.5145518183708191
C2_2,ecapa,it0018,0.2840168476104736,0.3393386304378509
C2_2,ecapa,it0019,0.6654736995697021,0.69419264793396
C2_2,ecapa,it0020,0.2471584975719452,0.3836787939071655
C2_2,ecapa,it0021,0.5343819856643677,0.5467166900634766
C2_2,ecapa,it0022,0.3579481840133667,0.4834067523479461
C2_2,ecapa,it0023,0.7076011300086975,0.588134765625
C2_2,ecapa,it0024,0.6077711582183838,0.5848400592803955
C2_2,ecapa,it0025,0.5218973755836487,0.6160349249839783
C2_2,ecapa,it0026,0.2556710839271545,0.2992744445800781
C2_2,ecapa,it0027,0.6881245374679565,0.6814448237419128
C2_2,ecapa,it0028,0.4322028160095215,0.5177161693572998
C2_2,ecapa,it0029,0.3164167702198028,0.3929204046726227
C2_2,ecapa,it0030,0.5416507720947266,0.6865354776382446
C2_2,ecapa,it0031,0.3805890679359436,0.4422214925289154
C2_2,ecapa,it0032,0.5818254947662354,0.6000661849975586
C2_2,ecapa,it0033,0.4043254852294922,0.3396423161029815
C2_2,ecapa,it0034,0.3723235428333282,0.3979628384113312
C2_2,ecapa,it0035,0.3225986957550049,0.3426198959350586
C2_2,ecapa,it0036,0.5967423915863037,0.6067538261413574
C2_2,ecapa,it0037,0.5325793027877808,0.4870928227901459
C2_2,ecapa,it0038,0.3565634489059448,0.3277760744094848
C2_2,ecapa,it0039,0.3271567821502685,0.5157945156097412
C2_2,ecapa,it0040,0.1816118657588958,0.346868485212326
C2_2,ecapa,it0041,0.628596305847168,0.6374300122261047
C2_2,ecapa,it0042,0.4654810726642608,0.5141395330429077
C2_2,ecapa,it0043,0.2195728123188018,0.2197035551071167
C2_2,ecapa,it0044,0.4162957072257995,0.4528704285621643
C2_2,ecapa,it0045,0.2452820986509323,0.2164627611637115
C2_2,ecapa,it0046,0.2649932503700256,0.3928878307342529
C2_2,ecapa,it0047,0.2056736499071121,0.3353291153907776
C2_2,ecapa,it0048,0.5971322655677795,0.5336489081382751
C2_2,ecapa,it0049,0.3746104538440704,0.4183562397956848
C2_2,ecapa,it0050,0.1728546321392059,0.1556445956230163
C2_2,ecapa,it0051,0.1588792949914932,0.1947794407606125
C2_2,ecapa,it0052,0.2489652186632156,0.2166269123554229
C2_2,ecapa,it0053,0.0752091407775878,0.2903534173965454
C2_2,ecapa,it0054,0.247014507651329,0.4046864211559295
C2_2,ecapa,it0055,0.5011979937553406,0.5034621953964233
C2_2,ecapa,it0056,0.3143556118011474,0.4050487279891968
C2_2,ecapa,it0057,0.5071711540222168,0.5575689077377319
C2_2,ecapa,it0058,0.3413392305374145,0.4865441024303436
C2_2,ecapa,it0059,0.58135986328125,0.6198480725288391
C2_2,ecapa,it0060,0.4085781574249267,0.3218050897121429
C2_2,ecapa,it0061,0.5603182315826416,0.5038735866546631
C2_2,ecapa,it0062,0.6189428567886353,0.6142975091934204
C2_2,ecapa,it0063,0.4620788395404815,0.4717077016830444
C2_2,ecapa,it0064,0.4096027910709381,0.4602807164192199
C2_2,ecapa,it0065,0.5921581983566284,0.6624506711959839
C2_2,ecapa,it0066,0.2470363527536392,0.3133925497531891
C2_2,ecapa,it0067,0.2720290720462799,0.4414311647415161
C2_2,ecapa,it0068,0.6577466130256653,0.6697877645492554
C2_2,ecapa,it0069,0.1927886456251144,0.3741499781608581
C2_2,ecapa,it0070,0.5090953707695007,0.5271521210670471
C2_2,ecapa,it0071,0.5270426869392395,0.5746757984161377
C2_2,ecapa,it0072,0.4766390323638916,0.5810801982879639
C2_2,ecapa,it0073,0.1298323571681976,0.1453872472047805
C2_2,ecapa,it0074,0.3151134550571441,0.2736045718193054
C2_2,ecapa,it0075,0.4381290674209595,0.3881665468215942
C2_2,ecapa,it0076,0.4747875034809112,0.5658773183822632
C2_2,ecapa,it0077,0.4453449249267578,0.4879675507545471
C2_2,ecapa,it0078,0.2950281500816345,0.2649015784263611
C2_2,ecapa,it0079,0.613297164440155,0.6033338904380798
C2_2,ecapa,it0080,0.3164975047111511,0.4131532311439514
C2_2,ecapa,it0081,0.2875306904315948,0.3409051895141601
C2_2,ecapa,it0082,0.4832283854484558,0.4753340482711792
C2_2,ecapa,it0083,0.4281345903873443,0.4924781322479248
C2_2,ecapa,it0084,0.5565874576568604,0.6017035245895386
C2_2,ecapa,it0085,0.4247116446495056,0.6309114098548889
C2_2,ecapa,it0086,0.6181635856628418,0.6345804929733276
C2_2,ecapa,it0087,0.562502384185791,0.5401080846786499
C2_2,ecapa,it0088,0.2660244703292846,0.3565204739570617
C2_2,ecapa,it0089,0.4624155759811401,0.4116138815879822
C2_2,ecapa,it0090,0.5446525812149048,0.636049747467041
C2_2,ecapa,it0091,0.476056158542633,0.5399445295333862
C2_2,ecapa,it0092,0.4154610633850097,0.5737434029579163
C2_2,ecapa,it0093,0.499977558851242,0.4309538602828979
C2_2,ecapa,it0094,0.5180885791778564,0.5116324424743652
C2_2,ecapa,it0095,0.4017910361289978,0.4609346091747284
C2_2,ecapa,it0096,0.6014077067375183,0.5441498756408691
C2_2,ecapa,it0097,0.5547835230827332,0.6456314921379089
C2_2,ecapa,it0098,0.4692659974098205,0.5264285802841187
C2_2,ecapa,it0099,0.2468971163034439,0.2704934775829315
C2_2,ecapa,it0100,0.6868894100189209,0.678495466709137
C2_2,ecapa,it0101,0.2984659373760223,0.3754827976226806
C2_2,ecapa,it0102,0.4636654853820801,0.4418390989303589
C2_2,ecapa,it0103,0.4262268245220184,0.450439989566803
C2_2,ecapa,it0104,0.5411584377288818,0.5856846570968628
C2_2,ecapa,it0105,0.4106970131397247,0.4899607598781585
C2_2,ecapa,it0106,0.177319198846817,0.4132638275623321
C2_2,ecapa,it0107,0.3374095559120178,0.5816792249679565
C2_2,ecapa,it0108,0.5224257111549377,0.5224159955978394
C2_2,ecapa,it0109,0.4136011898517608,0.4908458590507507
C2_2,ecapa,it0110,0.1633808761835098,0.2054183781147003
C2_2,ecapa,it0111,0.2864498198032379,0.3538704812526703
C2_2,ecapa,it0112,0.6378382444381714,0.6501306891441345
C2_2,ecapa,it0113,0.4940648674964905,0.5772112607955933
C2_2,ecapa,it0114,0.4790891408920288,0.4036298394203186
C2_2,ecapa,it0115,0.4112229943275451,0.3651364743709564
C2_2,ecapa,it0116,0.548429012298584,0.5215061902999878
C2_2,ecapa,it0117,0.3555999994277954,0.4365425705909729
C2_2,ecapa,it0118,0.6541493535041809,0.6608323454856873
C2_2,ecapa,it0119,0.4745002388954162,0.5271444916725159
C2_2,ecapa,it0120,0.5632408261299133,0.6763685345649719
C2_2,ecapa,it0121,0.4529007077217102,0.5130198001861572
C2_2,ecapa,it0122,0.2010223716497421,0.3240221440792084
C2_2,ecapa,it0123,0.2984027862548828,0.461687684059143
C2_2,ecapa,it0124,0.5837035179138184,0.6098180413246155
C2_2,ecapa,it0125,0.5264813899993896,0.5833682417869568
C2_2,ecapa,it0126,0.5356306433677673,0.4523514211177826
C2_2,ecapa,it0127,0.3342887759208679,0.2944745719432831
C2_2,ecapa,it0128,0.4458273351192474,0.4201877117156982
C2_2,ecapa,it0129,0.2505321800708771,0.3404234647750854
C2_2,ecapa,it0130,0.1862320005893707,0.1737129986286163
C2_2,ecapa,it0131,0.2715604901313782,0.3708729445934295
C2_2,ecapa,it0132,0.2866634726524353,0.3451298773288727
C2_2,ecapa,it0133,0.4605095386505127,0.5588164925575256
C2_2,ecapa,it0134,0.385123997926712,0.3768912553787231
C2_2,ecapa,it0135,0.3379644453525543,0.4366587102413177
C2_2,ecapa,it0136,0.4421024620532989,0.4230246841907501
C2_2,ecapa,it0137,0.4839596748352051,0.5748408436775208
C2_2,ecapa,it0138,0.4570634663105011,0.6276481747627258
C2_2,ecapa,it0139,0.536857008934021,0.5979987382888794
C2_2,ecapa,it0140,0.3449257314205169,0.4350310266017914
C2_2,ecapa,it0141,0.3615056276321411,0.5664393901824951
C2_2,ecapa,it0142,0.2413871139287948,0.2691515982151031
C2_2,ecapa,it0143,0.3556650876998901,0.4550219178199768
C2_2,ecapa,it0144,0.3496133089065552,0.5656663775444031
C2_2,ecapa,it0145,0.4999583959579468,0.5595961213111877
C2_2,ecapa,it0146,0.5145686864852905,0.4916412532329559
C2_2,ecapa,it0147,0.4716070890426636,0.4301863312721252
C2_2,ecapa,it0148,0.1179924234747886,0.1434110403060913
C2_2,ecapa,it0149,0.3658123016357422,0.5826720595359802
C2_2,ecapa,it0150,0.315666913986206,0.4915491044521332
C2_2,ecapa,it0151,0.5000761151313782,0.6388567686080933
C2_2,ecapa,it0152,0.4795547127723694,0.51753830909729
C2_2,ecapa,it0153,0.2863386273384094,0.4380706548690796
C2_2,ecapa,it0154,0.201666921377182,0.2509085834026336
C2_2,ecapa,it0155,0.2506591081619262,0.1549474895000457
C2_2,ecapa,it0156,0.2212025225162506,0.2246541529893875
C2_2,ecapa,it0157,0.5411978960037231,0.5904741287231445
C2_2,ecapa,it0158,0.3319916427135467,0.3123947978019714
C2_2,ecapa,it0159,0.416909247636795,0.4534391164779663
C2_2,ecapa,it0160,0.4359505474567413,0.5069207549095154
C2_2,ecapa,it0161,0.2448256909847259,0.3108941316604614
C2_2,ecapa,it0162,-0.0727451965212822,0.1170808374881744
C2_2,ecapa,it0163,0.4207622110843658,0.539208173751831
C2_2,ecapa,it0164,0.4827504158020019,0.5331252813339233
C2_2,ecapa,it0165,0.1786164045333862,0.2684872150421142
C2_2,ecapa,it0166,0.3889936506748199,0.5974066257476807
C2_2,ecapa,it0167,0.3836100697517395,0.5235216617584229
C2_2,ecapa,it0168,0.2894836664199829,0.4059288501739502
C2_2,ecapa,it0169,0.395639955997467,0.3226791024208069
C2_2,ecapa,it0170,0.4622334837913513,0.4976251721382141
C2_2,ecapa,it0171,0.6146423816680908,0.6873815655708313
C2_2,ecapa,it0172,0.2538065910339355,0.210480660200119
C2_2,ecapa,it0173,0.6365571022033691,0.6536905169487
C2_2,ecapa,it0174,0.4406755268573761,0.4126349091529846
C2_2,ecapa,it0175,0.2377643585205078,0.2275018543004989
C2_2,ecapa,it0176,0.4503714740276336,0.2869137525558471
C2_2,ecapa,it0177,0.3571358919143677,0.5433703660964966
C2_2,ecapa,it0178,0.3630838990211487,0.3230646252632141
C2_2,ecapa,it0179,0.5849210619926453,0.6299349069595337
C2_2,ecapa,it0180,0.3885578513145447,0.4200507998466491
C2_2,ecapa,it0181,0.5708984732627869,0.5721921920776367
C2_2,ecapa,it0182,0.6092190146446228,0.5101693868637085
C2_2,ecapa,it0183,0.5659528374671936,0.5602236390113831
C2_2,ecapa,it0184,0.2703722417354584,0.3033809065818786
C2_2,ecapa,it0185,0.2512709498405456,0.4962300956249237
C2_2,ecapa,it0186,0.4572465419769287,0.6114746928215027
C2_2,ecapa,it0187,0.4453615546226501,0.5639635324478149
C2_2,ecapa,it0188,0.5875952243804932,0.6101645827293396
C2_2,ecapa,it0189,0.3276474475860595,0.4712084531784057
C2_2,ecapa,it0190,0.5958248376846313,0.52431321144104
C2_2,ecapa,it0191,0.4186348021030426,0.5529932379722595
C2_2,ecapa,it0192,0.4851706326007843,0.5433739423751831
C2_2,ecapa,it0193,0.2707279622554779,0.5012415051460266
C2_2,ecapa,it0194,0.5669115781784058,0.6286188960075378
C2_2,ecapa,it0195,0.5728827118873596,0.621518611907959
C2_2,ecapa,it0196,0.510756254196167,0.5249260663986206
C2_2,ecapa,it0197,0.3535095453262329,0.4640328288078308
C2_2,ecapa,it0198,0.4010264277458191,0.2018253207206726
C2_2,ecapa,it0199,0.3088372051715851,0.4140355288982391
C2_2,ge2e,it0000,0.8047114610671997,0.8510748744010925
C2_2,ge2e,it0001,0.8503117561340332,0.8662573099136353
C2_2,ge2e,it0002,0.7516130208969116,0.7718759775161743
C2_2,ge2e,it0003,0.7831886410713196,0.7289716601371765
C2_2,ge2e,it0004,0.8372072577476501,0.8203572630882263
C2_2,ge2e,it0005,0.8423146605491638,0.8553240299224854
C2_2,ge2e,it0006,0.7311825156211853,0.7664151191711426
C2_2,ge2e,it0007,0.6696054935455322,0.7651042342185974
C2_2,ge2e,it0008,0.8118208646774292,0.8477377891540527
C2_2,ge2e,it0009,0.8624836206436157,0.8726044297218323
C2_2,ge2e,it0010,0.7947384715080261,0.8203789591789246
C2_2,ge2e,it0011,0.8776888847351074,0.90008944272995
C2_2,ge2e,it0012,0.8224078416824341,0.7530744671821594
C2_2,ge2e,it0013,0.8053857088088989,0.8214057683944702
C2_2,ge2e,it0014,0.8032841682434082,0.7680801153182983
C2_2,ge2e,it0015,0.878010630607605,0.90366792678833
C2_2,ge2e,it0016,0.8054910898208618,0.8479916453361511
C2_2,ge2e,it0017,0.8472391366958618,0.8138208985328674
C2_2,ge2e,it0018,0.8076964616775513,0.8357957601547241
C2_2,ge2e,it0019,0.8214187622070312,0.8475860953330994
C2_2,ge2e,it0020,0.669279932975769,0.7780254483222961
C2_2,ge2e,it0021,0.8515069484710693,0.8461159467697144
C2_2,ge2e,it0022,0.7766574025154114,0.8430253863334656
C2_2,ge2e,it0023,0.839885950088501,0.8194714784622192
C2_2,ge2e,it0024,0.8822835683822632,0.886711061000824
C2_2,ge2e,it0025,0.8307572603225708,0.8645070195198059
C2_2,ge2e,it0026,0.6984579563140869,0.7160947322845459
C2_2,ge2e,it0027,0.7995657324790955,0.8173415660858154
C2_2,ge2e,it0028,0.858390748500824,0.8757108449935913
C2_2,ge2e,it0029,0.7627890706062317,0.8114901781082153
C2_2,ge2e,it0030,0.8500999808311462,0.8827251195907593
C2_2,ge2e,it0031,0.7999685406684875,0.7899309992790222
C2_2,ge2e,it0032,0.778194785118103,0.8172747492790222
C2_2,ge2e,it0033,0.8140512704849243,0.7805364727973938
C2_2,ge2e,it0034,0.8265551328659058,0.8475049138069153
C2_2,ge2e,it0035,0.7500900030136108,0.7999744415283203
C2_2,ge2e,it0036,0.8496681451797485,0.8353919982910156
C2_2,ge2e,it0037,0.85617995262146,0.838646650314331
C2_2,ge2e,it0038,0.7917848825454712,0.8431613445281982
C2_2,ge2e,it0039,0.7458215951919556,0.8194687962532043
C2_2,ge2e,it0040,0.771671712398529,0.8174847364425659
C2_2,ge2e,it0041,0.831554651260376,0.8508033156394958
C2_2,ge2e,it0042,0.8461505174636841,0.8665563464164734
C2_2,ge2e,it0043,0.7316910028457642,0.7921929359436035
C2_2,ge2e,it0044,0.7657017707824707,0.8229748606681824
C2_2,ge2e,it0045,0.7183325290679932,0.8080495595932007
C2_2,ge2e,it0046,0.7357186079025269,0.7552984952926636
C2_2,ge2e,it0047,0.7593420147895813,0.8137156963348389
C2_2,ge2e,it0048,0.8571810126304626,0.8406370282173157
C2_2,ge2e,it0049,0.8708187341690063,0.8754259347915649
C2_2,ge2e,it0050,0.7409683465957642,0.7945728302001953
C2_2,ge2e,it0051,0.7918693423271179,0.8472906351089478
C2_2,ge2e,it0052,0.8069033622741699,0.8206189274787903
C2_2,ge2e,it0053,0.7148610949516296,0.7707868814468384
C2_2,ge2e,it0054,0.7671853303909302,0.7839184999465942
C2_2,ge2e,it0055,0.8142539262771606,0.7782489657402039
C2_2,ge2e,it0056,0.8914852738380432,0.8956583738327026
C2_2,ge2e,it0057,0.8416088819503784,0.8598489165306091
C2_2,ge2e,it0058,0.7482163310050964,0.7824077010154724
C2_2,ge2e,it0059,0.8528909683227539,0.8392283916473389
C2_2,ge2e,it0060,0.8088361024856567,0.8337514996528625
C2_2,ge2e,it0061,0.8656653165817261,0.8881271481513977
C2_2,ge2e,it0062,0.8493127822875977,0.870769202709198
C2_2,ge2e,it0063,0.7583661079406738,0.7881791591644287
C2_2,ge2e,it0064,0.8571988940238953,0.8469862937927246
C2_2,ge2e,it0065,0.8468750715255737,0.868790328502655
C2_2,ge2e,it0066,0.7906239628791809,0.8309544920921326
C2_2,ge2e,it0067,0.8040213584899902,0.7976740002632141
C2_2,ge2e,it0068,0.8751302361488342,0.8768576979637146
C2_2,ge2e,it0069,0.7750452160835266,0.771164059638977
C2_2,ge2e,it0070,0.745259165763855,0.7905736565589905
C2_2,ge2e,it0071,0.8083726167678833,0.83926922082901
C2_2,ge2e,it0072,0.8708096742630005,0.8886750340461731
C2_2,ge2e,it0073,0.8099361062049866,0.6793592572212219
C2_2,ge2e,it0074,0.8098312616348267,0.8208810091018677
C2_2,ge2e,it0075,0.8361693024635315,0.8830634951591492
C2_2,ge2e,it0076,0.8271271586418152,0.8153659105300903
C2_2,ge2e,it0077,0.8074096441268921,0.7779881954193115
C2_2,ge2e,it0078,0.7128499150276184,0.6568959355354309
C2_2,ge2e,it0079,0.8120399117469788,0.8606553673744202
C2_2,ge2e,it0080,0.77214515209198,0.7960448861122131
C2_2,ge2e,it0081,0.7967292070388794,0.8119068741798401
C2_2,ge2e,it0082,0.8736222982406616,0.8856139183044434
C2_2,ge2e,it0083,0.8658472299575806,0.8817795515060425
C2_2,ge2e,it0084,0.8781418204307556,0.8712144494056702
C2_2,ge2e,it0085,0.7873300909996033,0.8037965297698975
C2_2,ge2e,it0086,0.7958835959434509,0.8330842852592468
C2_2,ge2e,it0087,0.8325515389442444,0.8714250326156616
C2_2,ge2e,it0088,0.7549055814743042,0.8404245376586914
C2_2,ge2e,it0089,0.7888069152832031,0.7907481789588928
C2_2,ge2e,it0090,0.8801792860031128,0.8846135139465332
C2_2,ge2e,it0091,0.8037471175193787,0.8327853679656982
C2_2,ge2e,it0092,0.7297685742378235,0.8136664032936096
C2_2,ge2e,it0093,0.8137618899345398,0.8491171002388
C2_2,ge2e,it0094,0.8182930946350098,0.8537482023239136
C2_2,ge2e,it0095,0.8425864577293396,0.8871822357177734
C2_2,ge2e,it0096,0.8383427858352661,0.814721405506134
C2_2,ge2e,it0097,0.7954111695289612,0.8198825120925903
C2_2,ge2e,it0098,0.8191878795623779,0.8390467166900635
C2_2,ge2e,it0099,0.7274875640869141,0.7105920314788818
C2_2,ge2e,it0100,0.849944531917572,0.8833045959472656
C2_2,ge2e,it0101,0.7170459628105164,0.7211713790893555
C2_2,ge2e,it0102,0.8102967143058777,0.8825071454048157
C2_2,ge2e,it0103,0.7467279434204102,0.7796590328216553
C2_2,ge2e,it0104,0.8409246802330017,0.876298189163208
C2_2,ge2e,it0105,0.8682013750076294,0.8641063570976257
C2_2,ge2e,it0106,0.7792122960090637,0.8610291481018066
C2_2,ge2e,it0107,0.7695024013519287,0.8244139552116394
C2_2,ge2e,it0108,0.799076497554779,0.8793958425521851
C2_2,ge2e,it0109,0.819232702255249,0.8091557621955872
C2_2,ge2e,it0110,0.8004037141799927,0.7596186995506287
C2_2,ge2e,it0111,0.8607151508331299,0.8524575233459473
C2_2,ge2e,it0112,0.8811849355697632,0.899261474609375
C2_2,ge2e,it0113,0.8384530544281006,0.8718720078468323
C2_2,ge2e,it0114,0.8340811729431152,0.8220453858375549
C2_2,ge2e,it0115,0.8084085583686829,0.8081264495849609
C2_2,ge2e,it0116,0.8264362812042236,0.8170018196105957
C2_2,ge2e,it0117,0.8318852782249451,0.8407535552978516
C2_2,ge2e,it0118,0.8443272113800049,0.8270769119262695
C2_2,ge2e,it0119,0.8495328426361084,0.8210906982421875
C2_2,ge2e,it0120,0.7677546739578247,0.8374011516571045
C2_2,ge2e,it0121,0.7831205129623413,0.8118675947189331
C2_2,ge2e,it0122,0.8057655096054077,0.8261133432388306
C2_2,ge2e,it0123,0.7469608783721924,0.7272740602493286
C2_2,ge2e,it0124,0.8659281134605408,0.8928173780441284
C2_2,ge2e,it0125,0.8847652673721313,0.9142555594444276
C2_2,ge2e,it0126,0.895943284034729,0.8490729928016663
C2_2,ge2e,it0127,0.8277974128723145,0.7604386806488037
C2_2,ge2e,it0128,0.7923955321311951,0.8383035659790039
C2_2,ge2e,it0129,0.7799857258796692,0.7792232632637024
C2_2,ge2e,it0130,0.8475401401519775,0.8471457362174988
C2_2,ge2e,it0131,0.8327322006225586,0.8527843356132507
C2_2,ge2e,it0132,0.8578279614448547,0.8268998265266418
C2_2,ge2e,it0133,0.8611716032028198,0.8203943967819214
C2_2,ge2e,it0134,0.8123430013656616,0.8289182782173157
C2_2,ge2e,it0135,0.7932555675506592,0.8001190423965454
C2_2,ge2e,it0136,0.8388189673423767,0.8410293459892273
C2_2,ge2e,it0137,0.8625701665878296,0.8176823854446411
C2_2,ge2e,it0138,0.7673593759536743,0.8439828157424927
C2_2,ge2e,it0139,0.8602202534675598,0.8494731187820435
C2_2,ge2e,it0140,0.8346830010414124,0.8370629549026489
C2_2,ge2e,it0141,0.7777405977249146,0.815439760684967
C2_2,ge2e,it0142,0.8369075059890747,0.8408529758453369
C2_2,ge2e,it0143,0.86831134557724,0.879767894744873
C2_2,ge2e,it0144,0.7221287488937378,0.8410686254501343
C2_2,ge2e,it0145,0.7701606154441833,0.8716089725494385
C2_2,ge2e,it0146,0.8317052125930786,0.8244242668151855
C2_2,ge2e,it0147,0.9096124172210692,0.8752875328063965
C2_2,ge2e,it0148,0.771051287651062,0.800670862197876
C2_2,ge2e,it0149,0.8196290731430054,0.8770058155059814
C2_2,ge2e,it0150,0.7859927415847778,0.7913610935211182
C2_2,ge2e,it0151,0.8448939323425293,0.887029767036438
C2_2,ge2e,it0152,0.8504679799079895,0.8471366763114929
C2_2,ge2e,it0153,0.8344298005104065,0.8199120163917542
C2_2,ge2e,it0154,0.7117282152175903,0.7974536418914795
C2_2,ge2e,it0155,0.7945935726165771,0.8236576914787292
C2_2,ge2e,it0156,0.7327715754508972,0.7455339431762695
C2_2,ge2e,it0157,0.8625082969665527,0.8911291360855103
C2_2,ge2e,it0158,0.8162881731987,0.8061298131942749
C2_2,ge2e,it0159,0.8584004044532776,0.8578189015388489
C2_2,ge2e,it0160,0.864600658416748,0.8534568548202515
C2_2,ge2e,it0161,0.7978008389472961,0.8411679267883301
C2_2,ge2e,it0162,0.8138329982757568,0.763221263885498
C2_2,ge2e,it0163,0.7005419731140137,0.7710542678833008
C2_2,ge2e,it0164,0.8395474553108215,0.894878625869751
C2_2,ge2e,it0165,0.7645896673202515,0.8397995233535767
C2_2,ge2e,it0166,0.8090945482254028,0.8707958459854126
C2_2,ge2e,it0167,0.850696861743927,0.8587662577629089
C2_2,ge2e,it0168,0.7171178460121155,0.7313686013221741
C2_2,ge2e,it0169,0.8308800458908081,0.8524925708770752
C2_2,ge2e,it0170,0.8458532094955444,0.8624709248542786
C2_2,ge2e,it0171,0.810888946056366,0.8356389999389648
C2_2,ge2e,it0172,0.7755651473999023,0.7880678176879883
C2_2,ge2e,it0173,0.8952872157096863,0.9063166379928588
C2_2,ge2e,it0174,0.759256899356842,0.7863436341285706
C2_2,ge2e,it0175,0.6588207483291626,0.6932016611099243
C2_2,ge2e,it0176,0.7546989917755127,0.800905704498291
C2_2,ge2e,it0177,0.7681794166564941,0.8337422609329224
C2_2,ge2e,it0178,0.8252120018005371,0.8743384480476379
C2_2,ge2e,it0179,0.8645512461662292,0.880123496055603
C2_2,ge2e,it0180,0.8109933137893677,0.8620296120643616
C2_2,ge2e,it0181,0.8633518815040588,0.8768030405044556
C2_2,ge2e,it0182,0.8784737586975098,0.8719673156738281
C2_2,ge2e,it0183,0.7911144495010376,0.8617299199104309
C2_2,ge2e,it0184,0.8150128126144409,0.7795189619064331
C2_2,ge2e,it0185,0.7930005788803101,0.8574259281158447
C2_2,ge2e,it0186,0.7855655550956726,0.8594879508018494
C2_2,ge2e,it0187,0.7651460766792297,0.8263200521469116
C2_2,ge2e,it0188,0.8052594065666199,0.8590238094329834
C2_2,ge2e,it0189,0.7684633731842041,0.7889366149902344
C2_2,ge2e,it0190,0.876924991607666,0.8482030034065247
C2_2,ge2e,it0191,0.8263631463050842,0.8156917095184326
C2_2,ge2e,it0192,0.7692720293998718,0.7787294983863831
C2_2,ge2e,it0193,0.7433359622955322,0.7926848530769348
C2_2,ge2e,it0194,0.8187289834022522,0.8473932147026062
C2_2,ge2e,it0195,0.8000758290290833,0.8159905672073364
C2_2,ge2e,it0196,0.8246157169342041,0.8615126609802246
C2_2,ge2e,it0197,0.811599612236023,0.8239989280700684
C2_2,ge2e,it0198,0.7838667035102844,0.8389979600906372
C2_2,ge2e,it0199,0.7881777882575989,0.8390514850616455
C2_2,xvect,it0000,0.9638705849647522,0.9695515036582948
C2_2,xvect,it0001,0.9526880383491516,0.9492127895355223
C2_2,xvect,it0002,0.9403131008148192,0.9534496665000916
C2_2,xvect,it0003,0.9497135877609252,0.9362211227416992
C2_2,xvect,it0004,0.9450266361236572,0.9525423645973206
C2_2,xvect,it0005,0.9532036185264589,0.955929160118103
C2_2,xvect,it0006,0.9187799692153932,0.9476563930511476
C2_2,xvect,it0007,0.9328243136405944,0.9527679681777954
C2_2,xvect,it0008,0.9313634634017944,0.9352511763572692
C2_2,xvect,it0009,0.9490272998809814,0.9606325626373292
C2_2,xvect,it0010,0.96282696723938,0.9646978378295898
C2_2,xvect,it0011,0.9666146636009216,0.9588640928268432
C2_2,xvect,it0012,0.9467389583587646,0.9468528032302856
C2_2,xvect,it0013,0.9563086032867432,0.9648601412773132
C2_2,xvect,it0014,0.9528136253356934,0.906696617603302
C2_2,xvect,it0015,0.9347352385520936,0.9465779662132264
C2_2,xvect,it0016,0.9442720413208008,0.9468358159065248
C2_2,xvect,it0017,0.9326287508010864,0.9452043771743774
C2_2,xvect,it0018,0.928255021572113,0.94020813703537
C2_2,xvect,it0019,0.9165548086166382,0.9400862455368042
C2_2,xvect,it0020,0.9412633776664734,0.9586734175682068
C2_2,xvect,it0021,0.9454988837242126,0.9577591419219972
C2_2,xvect,it0022,0.9069026708602904,0.9364290237426758
C2_2,xvect,it0023,0.9477287530899048,0.9547925591468812
C2_2,xvect,it0024,0.961787760257721,0.9673548936843872
C2_2,xvect,it0025,0.9419336915016174,0.954120934009552
C2_2,xvect,it0026,0.9227739572525024,0.9053508043289183
C2_2,xvect,it0027,0.9710431098937988,0.9672557711601256
C2_2,xvect,it0028,0.9532941579818726,0.9665927886962892
C2_2,xvect,it0029,0.954293727874756,0.954569697380066
C2_2,xvect,it0030,0.9605087637901306,0.9775395393371582
C2_2,xvect,it0031,0.9491741061210632,0.959828794002533
C2_2,xvect,it0032,0.9491004347801208,0.9517692923545836
C2_2,xvect,it0033,0.9463655948638916,0.9424517154693604
C2_2,xvect,it0034,0.9408038258552552,0.9466210603713988
C2_2,xvect,it0035,0.9445073008537292,0.955144464969635
C2_2,xvect,it0036,0.9338874816894532,0.9592665433883668
C2_2,xvect,it0037,0.957811951637268,0.9527682065963744
C2_2,xvect,it0038,0.936387836933136,0.951349139213562
C2_2,xvect,it0039,0.9144046306610109,0.9446614980697632
C2_2,xvect,it0040,0.9430513381958008,0.957198441028595
C2_2,xvect,it0041,0.943335235118866,0.949734389781952
C2_2,xvect,it0042,0.9367146492004396,0.9531124830245972
C2_2,xvect,it0043,0.9415409564971924,0.9529342651367188
C2_2,xvect,it0044,0.960681676864624,0.9679359197616576
C2_2,xvect,it0045,0.9241939783096312,0.9475724101066588
C2_2,xvect,it0046,0.943211019039154,0.9554845690727234
C2_2,xvect,it0047,0.960353672504425,0.968936324119568
C2_2,xvect,it0048,0.9385733604431152,0.9567831754684448
C2_2,xvect,it0049,0.9476891160011292,0.9484956860542296
C2_2,xvect,it0050,0.9299792647361756,0.9371011257171632
C2_2,xvect,it0051,0.9531453251838684,0.9585525989532472
C2_2,xvect,it0052,0.938568949699402,0.9400664567947388
C2_2,xvect,it0053,0.9442566633224488,0.9589881300926208
C2_2,xvect,it0054,0.9252296686172484,0.951039969921112
C2_2,xvect,it0055,0.9159488081932068,0.9430032968521118
C2_2,xvect,it0056,0.9583570957183838,0.963040053844452
C2_2,xvect,it0057,0.9340587854385376,0.9579499363899232
C2_2,xvect,it0058,0.9403454661369324,0.958487629890442
C2_2,xvect,it0059,0.9716854095458984,0.9725478291511536
C2_2,xvect,it0060,0.9157274961471558,0.9458163976669312
C2_2,xvect,it0061,0.9401299357414246,0.936713457107544
C2_2,xvect,it0062,0.950193464756012,0.954798460006714
C2_2,xvect,it0063,0.9453302621841432,0.9482068419456482
C2_2,xvect,it0064,0.9587255120277404,0.9583286046981812
C2_2,xvect,it0065,0.9430276155471802,0.9629608392715454
C2_2,xvect,it0066,0.9523635506629944,0.9631416201591492
C2_2,xvect,it0067,0.93394935131073,0.939668834209442
C2_2,xvect,it0068,0.971432626247406,0.9693365693092346
C2_2,xvect,it0069,0.9525022506713868,0.9620893001556396
C2_2,xvect,it0070,0.9551106691360474,0.9410965442657472
C2_2,xvect,it0071,0.959001898765564,0.9603664875030518
C2_2,xvect,it0072,0.963373363018036,0.9697238206863404
C2_2,xvect,it0073,0.9360887408256532,0.9396003484725952
C2_2,xvect,it0074,0.9395818710327148,0.9580522775650024
C2_2,xvect,it0075,0.949851930141449,0.961552083492279
C2_2,xvect,it0076,0.94222092628479,0.9475638270378112
C2_2,xvect,it0077,0.934486210346222,0.9356419444084167
C2_2,xvect,it0078,0.951784610748291,0.9532158374786376
C2_2,xvect,it0079,0.9680062532424928,0.9676468968391418
C2_2,xvect,it0080,0.9274387955665588,0.9424017667770386
C2_2,xvect,it0081,0.9443620443344116,0.9593249559402466
C2_2,xvect,it0082,0.9547381401062012,0.953492283821106
C2_2,xvect,it0083,0.9595881700515748,0.9707431197166444
C2_2,xvect,it0084,0.9615683555603028,0.968814492225647
C2_2,xvect,it0085,0.943598449230194,0.9434058666229248
C2_2,xvect,it0086,0.9710606932640076,0.970601499080658
C2_2,xvect,it0087,0.9650551080703736,0.9673479795455932
C2_2,xvect,it0088,0.9170105457305908,0.9551999568939208
C2_2,xvect,it0089,0.9431683421134948,0.93975031375885
C2_2,xvect,it0090,0.9594953060150146,0.9599637985229492
C2_2,xvect,it0091,0.9318622350692748,0.943951427936554
C2_2,xvect,it0092,0.9480960369110109,0.9642098546028136
C2_2,xvect,it0093,0.9536494612693788,0.952165186405182
C2_2,xvect,it0094,0.9365655779838562,0.9574141502380372
C2_2,xvect,it0095,0.9484817385673524,0.9546598196029664
C2_2,xvect,it0096,0.958187222480774,0.9476377964019777
C2_2,xvect,it0097,0.9591506719589232,0.9654471278190612
C2_2,xvect,it0098,0.9645441770553588,0.952971339225769
C2_2,xvect,it0099,0.9523975253105164,0.9485812187194824
C2_2,xvect,it0100,0.9627069234848022,0.9722979068756104
C2_2,xvect,it0101,0.9476465582847596,0.9472858309745787
C2_2,xvect,it0102,0.9494619369506836,0.949380338191986
C2_2,xvect,it0103,0.952328085899353,0.9601956605911256
C2_2,xvect,it0104,0.9371818900108336,0.93748277425766
C2_2,xvect,it0105,0.9510014057159424,0.9532679915428162
C2_2,xvect,it0106,0.9452834725379944,0.9571550488471984
C2_2,xvect,it0107,0.9365135431289672,0.8937956690788269
C2_2,xvect,it0108,0.9587997794151306,0.9683212041854858
C2_2,xvect,it0109,0.9486438035964966,0.968411922454834
C2_2,xvect,it0110,0.9368969202041626,0.9518096446990968
C2_2,xvect,it0111,0.9627041220664978,0.9671069383621216
C2_2,xvect,it0112,0.9578410983085632,0.9687027335166932
C2_2,xvect,it0113,0.9446558356285096,0.955084264278412
C2_2,xvect,it0114,0.9532108306884766,0.9571158289909364
C2_2,xvect,it0115,0.9586387872695924,0.9587469696998596
C2_2,xvect,it0116,0.9414030909538268,0.9526792168617249
C2_2,xvect,it0117,0.9648934602737428,0.967116355895996
C2_2,xvect,it0118,0.969672679901123,0.963666558265686
C2_2,xvect,it0119,0.9645496010780334,0.953765869140625
C2_2,xvect,it0120,0.9577046036720276,0.967005491256714
C2_2,xvect,it0121,0.9493025541305542,0.9574570059776306
C2_2,xvect,it0122,0.9371803998947144,0.9562007784843444
C2_2,xvect,it0123,0.9438132047653198,0.9599035382270812
C2_2,xvect,it0124,0.9447458386421204,0.9521456956863404
C2_2,xvect,it0125,0.9608114361763,0.9641766548156738
C2_2,xvect,it0126,0.9534843564033508,0.9651123881340028
C2_2,xvect,it0127,0.9574887156486512,0.9594324827194214
C2_2,xvect,it0128,0.9572213292121888,0.96926748752594
C2_2,xvect,it0129,0.9500843286514282,0.9464743733406068
C2_2,xvect,it0130,0.9483128786087036,0.9444549083709716
C2_2,xvect,it0131,0.9377720355987548,0.94594544172287
C2_2,xvect,it0132,0.9523798823356628,0.958215355873108
C2_2,xvect,it0133,0.960322916507721,0.958374321460724
C2_2,xvect,it0134,0.958881974220276,0.961969554424286
C2_2,xvect,it0135,0.9543451070785522,0.9520459175109864
C2_2,xvect,it0136,0.9590132236480712,0.962010145187378
C2_2,xvect,it0137,0.9488929510116576,0.960334539413452
C2_2,xvect,it0138,0.946233868598938,0.9657458662986756
C2_2,xvect,it0139,0.9389784336090088,0.9567362666130066
C2_2,xvect,it0140,0.9171517491340636,0.9378207921981812
C2_2,xvect,it0141,0.9391304850578308,0.9648036360740662
C2_2,xvect,it0142,0.95009183883667,0.949010729789734
C2_2,xvect,it0143,0.9583820104599,0.9687200784683228
C2_2,xvect,it0144,0.9516612887382508,0.957886278629303
C2_2,xvect,it0145,0.930000364780426,0.9462701678276062
C2_2,xvect,it0146,0.9472928643226624,0.9471096992492676
C2_2,xvect,it0147,0.9583066701889038,0.952236533164978
C2_2,xvect,it0148,0.9126085042953492,0.9447764754295348
C2_2,xvect,it0149,0.9562332034111024,0.9648375511169434
C2_2,xvect,it0150,0.9192246198654176,0.9427099227905272
C2_2,xvect,it0151,0.9608679413795472,0.9716923832893372
C2_2,xvect,it0152,0.9624537229537964,0.9679315090179444
C2_2,xvect,it0153,0.915964126586914,0.9188363552093506
C2_2,xvect,it0154,0.9270023107528688,0.9477846026420592
C2_2,xvect,it0155,0.9646390676498412,0.9621692895889282
C2_2,xvect,it0156,0.953893542289734,0.9525060653686525
C2_2,xvect,it0157,0.9632874131202698,0.9695449471473694
C2_2,xvect,it0158,0.94991934299469,0.9641982913017272
C2_2,xvect,it0159,0.9460604786872864,0.9570106863975524
C2_2,xvect,it0160,0.9549168348312378,0.9572458863258362
C2_2,xvect,it0161,0.9533560872077942,0.961193025112152
C2_2,xvect,it0162,0.9488371014595032,0.9585915207862854
C2_2,xvect,it0163,0.9534664750099182,0.9700171947479248
C2_2,xvect,it0164,0.9526111483573914,0.9643410444259644
C2_2,xvect,it0165,0.9408857822418212,0.9591034650802612
C2_2,xvect,it0166,0.9436293244361876,0.9414284825325012
C2_2,xvect,it0167,0.9435851573944092,0.9507889747619628
C2_2,xvect,it0168,0.9195427298545836,0.9150901436805724
C2_2,xvect,it0169,0.9648746252059937,0.967879831790924
C2_2,xvect,it0170,0.9583940505981444,0.9663055539131165
C2_2,xvect,it0171,0.9551572203636168,0.9661481380462646
C2_2,xvect,it0172,0.951651096343994,0.938745617866516
C2_2,xvect,it0173,0.9599010348320008,0.9649766683578492
C2_2,xvect,it0174,0.950801968574524,0.9606815576553344
C2_2,xvect,it0175,0.9422487020492554,0.9492032527923584
C2_2,xvect,it0176,0.9483565092086792,0.9479764103889464
C2_2,xvect,it0177,0.9358827471733092,0.9578343033790588
C2_2,xvect,it0178,0.9413806200027466,0.9520360231399536
C2_2,xvect,it0179,0.9580274224281312,0.9619715809822084
C2_2,xvect,it0180,0.9508395195007324,0.9524171948432922
C2_2,xvect,it0181,0.9692626595497132,0.9752122163772584
C2_2,xvect,it0182,0.960136651992798,0.9589444398880004
C2_2,xvect,it0183,0.9563661813735962,0.9684075713157654
C2_2,xvect,it0184,0.9272531270980836,0.945091724395752
C2_2,xvect,it0185,0.9316737055778505,0.96013605594635
C2_2,xvect,it0186,0.922188937664032,0.9323574304580688
C2_2,xvect,it0187,0.9484396576881408,0.948677659034729
C2_2,xvect,it0188,0.9541090130805968,0.9612586498260498
C2_2,xvect,it0189,0.9451768398284912,0.9624003767967224
C2_2,xvect,it0190,0.9535526037216188,0.9482036828994752
C2_2,xvect,it0191,0.964621365070343,0.9639405012130736
C2_2,xvect,it0192,0.9406402111053468,0.954383134841919
C2_2,xvect,it0193,0.9653977751731871,0.9696502685546876
C2_2,xvect,it0194,0.9649510383605956,0.9512963891029358
C2_2,xvect,it0195,0.9499616026878356,0.9530225396156312
C2_2,xvect,it0196,0.9504224061965942,0.9567020535469056
C2_2,xvect,it0197,0.9343615770339966,0.9443330764770508
C2_2,xvect,it0198,0.9252753853797911,0.9586491584777832
C2_2,xvect,it0199,0.9490200877189636,0.9556415677070618
C2_2,wavlm_base_plus,it0000,0.8846076130867004,0.9118000268936156
C2_2,wavlm_base_plus,it0001,0.8584911227226257,0.9322817921638488
C2_2,wavlm_base_plus,it0002,0.9099701642990112,0.9090209007263184
C2_2,wavlm_base_plus,it0003,0.9102210998535156,0.8860664963722229
C2_2,wavlm_base_plus,it0004,0.9512192606925964,0.9548416137695312
C2_2,wavlm_base_plus,it0005,0.9192849397659302,0.9091305732727052
C2_2,wavlm_base_plus,it0006,0.8532125353813171,0.8826711773872375
C2_2,wavlm_base_plus,it0007,0.8763779997825623,0.9498104453086852
C2_2,wavlm_base_plus,it0008,0.89693284034729,0.9141451120376588
C2_2,wavlm_base_plus,it0009,0.956207275390625,0.9695603251457214
C2_2,wavlm_base_plus,it0010,0.8347497582435608,0.8198068141937256
C2_2,wavlm_base_plus,it0011,0.9651957750320436,0.9426526427268982
C2_2,wavlm_base_plus,it0012,0.9012876749038696,0.8886433839797974
C2_2,wavlm_base_plus,it0013,0.9247418642044068,0.9589903354644777
C2_2,wavlm_base_plus,it0014,0.8364374041557312,0.8583377003669739
C2_2,wavlm_base_plus,it0015,0.9359726905822754,0.9474833011627196
C2_2,wavlm_base_plus,it0016,0.8782581090927124,0.951530933380127
C2_2,wavlm_base_plus,it0017,0.9242576360702516,0.9490261673927308
C2_2,wavlm_base_plus,it0018,0.7293137907981873,0.9084262847900392
C2_2,wavlm_base_plus,it0019,0.9707839488983154,0.9821933507919312
C2_2,wavlm_base_plus,it0020,0.7483154535293579,0.9221920967102052
C2_2,wavlm_base_plus,it0021,0.9254009127616882,0.9511850476264954
C2_2,wavlm_base_plus,it0022,0.9060848951339722,0.932465434074402
C2_2,wavlm_base_plus,it0023,0.9644750952720642,0.9593499898910522
C2_2,wavlm_base_plus,it0024,0.9560976624488832,0.969536304473877
C2_2,wavlm_base_plus,it0025,0.92900413274765,0.9508050680160522
C2_2,wavlm_base_plus,it0026,0.8298283219337463,0.8568552732467651
C2_2,wavlm_base_plus,it0027,0.9311361312866212,0.9393929243087769
C2_2,wavlm_base_plus,it0028,0.9292179346084596,0.9191042184829712
C2_2,wavlm_base_plus,it0029,0.9014422297477722,0.8589646816253662
C2_2,wavlm_base_plus,it0030,0.9348503947257996,0.9301329851150512
C2_2,wavlm_base_plus,it0031,0.944257378578186,0.9332202076911926
C2_2,wavlm_base_plus,it0032,0.9209710955619812,0.8909378051757812
C2_2,wavlm_base_plus,it0033,0.948481023311615,0.9254960417747498
C2_2,wavlm_base_plus,it0034,0.7222833633422852,0.7451715469360352
C2_2,wavlm_base_plus,it0035,0.8015050888061523,0.7404846549034119
C2_2,wavlm_base_plus,it0036,0.9565871953964232,0.9386231899261476
C2_2,wavlm_base_plus,it0037,0.9180612564086914,0.9300882816314696
C2_2,wavlm_base_plus,it0038,0.9225599765777588,0.8806695342063904
C2_2,wavlm_base_plus,it0039,0.917973518371582,0.9471325278282166
C2_2,wavlm_base_plus,it0040,0.7931303977966309,0.9228882193565368
C2_2,wavlm_base_plus,it0041,0.9447205066680908,0.9538142681121826
C2_2,wavlm_base_plus,it0042,0.9172040820121764,0.9181039333343506
C2_2,wavlm_base_plus,it0043,0.9051519632339478,0.9211434125900269
C2_2,wavlm_base_plus,it0044,0.9361409544944764,0.957467555999756
C2_2,wavlm_base_plus,it0045,0.7993254065513611,0.9445738792419434
C2_2,wavlm_base_plus,it0046,0.7706782817840576,0.8522031903266907
C2_2,wavlm_base_plus,it0047,0.8104665279388428,0.9402379989624025
C2_2,wavlm_base_plus,it0048,0.9805523157119752,0.9534313678741456
C2_2,wavlm_base_plus,it0049,0.9419412016868592,0.8843331933021545
C2_2,wavlm_base_plus,it0050,0.5174514055252075,0.6686373949050903
C2_2,wavlm_base_plus,it0051,0.95158189535141,0.9634788632392884
C2_2,wavlm_base_plus,it0052,0.9421795010566713,0.8754223585128784
C2_2,wavlm_base_plus,it0053,0.8787339925765991,0.9036943912506104
C2_2,wavlm_base_plus,it0054,0.7306886911392212,0.8079735040664673
C2_2,wavlm_base_plus,it0055,0.9487432837486268,0.9411697387695312
C2_2,wavlm_base_plus,it0056,0.9233231544494628,0.9548264741897584
C2_2,wavlm_base_plus,it0057,0.8463625311851501,0.9153397083282472
C2_2,wavlm_base_plus,it0058,0.9243020415306092,0.9508103728294371
C2_2,wavlm_base_plus,it0059,0.9580692648887634,0.967753529548645
C2_2,wavlm_base_plus,it0060,0.6165302991867065,0.7642831802368164
C2_2,wavlm_base_plus,it0061,0.8905571699142456,0.9497526288032532
C2_2,wavlm_base_plus,it0062,0.9439757466316224,0.9404447674751282
C2_2,wavlm_base_plus,it0063,0.6638628840446472,0.7205637097358704
C2_2,wavlm_base_plus,it0064,0.9155176281929016,0.9047582745552064
C2_2,wavlm_base_plus,it0065,0.9581953287124634,0.977975845336914
C2_2,wavlm_base_plus,it0066,0.8308690190315247,0.9112184047698976
C2_2,wavlm_base_plus,it0067,0.937085509300232,0.9498485326766968
C2_2,wavlm_base_plus,it0068,0.9504237174987792,0.9159576892852784
C2_2,wavlm_base_plus,it0069,0.8615164160728455,0.9233546257019044
C2_2,wavlm_base_plus,it0070,0.9238386154174804,0.9173415899276732
C2_2,wavlm_base_plus,it0071,0.8954952359199524,0.8717131614685059
C2_2,wavlm_base_plus,it0072,0.9471521973609924,0.9694974422454834
C2_2,wavlm_base_plus,it0073,0.8162655234336853,0.8709660172462463
C2_2,wavlm_base_plus,it0074,0.735095739364624,0.6726214289665222
C2_2,wavlm_base_plus,it0075,0.8953814506530762,0.9439669251441956
C2_2,wavlm_base_plus,it0076,0.8714160919189453,0.9412577152252196
C2_2,wavlm_base_plus,it0077,0.9030280709266664,0.9392512440681458
C2_2,wavlm_base_plus,it0078,0.8564953207969666,0.8498889207839966
C2_2,wavlm_base_plus,it0079,0.9467451572418212,0.958626627922058
C2_2,wavlm_base_plus,it0080,0.9237116575241088,0.8783267736434937
C2_2,wavlm_base_plus,it0081,0.8936166763305664,0.9062178134918212
C2_2,wavlm_base_plus,it0082,0.9396950602531432,0.913416624069214
C2_2,wavlm_base_plus,it0083,0.9630882143974304,0.9742283225059508
C2_2,wavlm_base_plus,it0084,0.914543628692627,0.9127562642097472
C2_2,wavlm_base_plus,it0085,0.9120136499404908,0.9461641311645508
C2_2,wavlm_base_plus,it0086,0.9069899320602416,0.9029914140701294
C2_2,wavlm_base_plus,it0087,0.948410153388977,0.8927711248397827
C2_2,wavlm_base_plus,it0088,0.8603078126907349,0.9063884615898132
C2_2,wavlm_base_plus,it0089,0.8667461276054382,0.8875962495803833
C2_2,wavlm_base_plus,it0090,0.9551777839660645,0.9596270322799684
C2_2,wavlm_base_plus,it0091,0.9090217351913452,0.9224259853363036
C2_2,wavlm_base_plus,it0092,0.8650577068328857,0.9170411229133606
C2_2,wavlm_base_plus,it0093,0.820709764957428,0.9123826622962952
C2_2,wavlm_base_plus,it0094,0.9541313648223876,0.953927516937256
C2_2,wavlm_base_plus,it0095,0.930359184741974,0.91723370552063
C2_2,wavlm_base_plus,it0096,0.9637136459350586,0.9711068272590636
C2_2,wavlm_base_plus,it0097,0.9320773482322692,0.9601779580116272
C2_2,wavlm_base_plus,it0098,0.9156986474990844,0.9047478437423706
C2_2,wavlm_base_plus,it0099,0.652230978012085,0.6757254600524902
C2_2,wavlm_base_plus,it0100,0.9589231014251708,0.9549872875213624
C2_2,wavlm_base_plus,it0101,0.9438416957855223,0.908898115158081
C2_2,wavlm_base_plus,it0102,0.9353113174438475,0.9477500915527344
C2_2,wavlm_base_plus,it0103,0.8724808096885681,0.8570399284362793
C2_2,wavlm_base_plus,it0104,0.92393559217453,0.9497252702713012
C2_2,wavlm_base_plus,it0105,0.9232595562934875,0.9270310997962952
C2_2,wavlm_base_plus,it0106,0.8981706500053406,0.9364109635353088
C2_2,wavlm_base_plus,it0107,0.7511885762214661,0.9562219977378844
C2_2,wavlm_base_plus,it0108,0.9171912670135498,0.95121431350708
C2_2,wavlm_base_plus,it0109,0.9121175408363342,0.9441422820091248
C2_2,wavlm_base_plus,it0110,0.5919002890586853,0.7037234306335449
C2_2,wavlm_base_plus,it0111,0.9628812670707704,0.9386889338493348
C2_2,wavlm_base_plus,it0112,0.952380120754242,0.9497777223587036
C2_2,wavlm_base_plus,it0113,0.9615970253944396,0.9482778310775756
C2_2,wavlm_base_plus,it0114,0.9456803798675536,0.926798939704895
C2_2,wavlm_base_plus,it0115,0.7888288497924805,0.7552502751350403
C2_2,wavlm_base_plus,it0116,0.8819952011108398,0.9234126210212708
C2_2,wavlm_base_plus,it0117,0.923564910888672,0.9180320501327516
C2_2,wavlm_base_plus,it0118,0.9206267595291138,0.9445488452911376
C2_2,wavlm_base_plus,it0119,0.9165236949920654,0.90943044424057
C2_2,wavlm_base_plus,it0120,0.9553118944168092,0.9544988870620728
C2_2,wavlm_base_plus,it0121,0.9212941527366638,0.9393701553344728
C2_2,wavlm_base_plus,it0122,0.9435865879058838,0.9521514773368835
C2_2,wavlm_base_plus,it0123,0.9678075313568116,0.927922785282135
C2_2,wavlm_base_plus,it0124,0.8690733909606934,0.8718463182449341
C2_2,wavlm_base_plus,it0125,0.932218611240387,0.9653494358062744
C2_2,wavlm_base_plus,it0126,0.9363428354263306,0.9555142521858216
C2_2,wavlm_base_plus,it0127,0.8707392811775208,0.8786180019378662
C2_2,wavlm_base_plus,it0128,0.9113168716430664,0.8317713141441345
C2_2,wavlm_base_plus,it0129,0.8796553015708923,0.9123550057411194
C2_2,wavlm_base_plus,it0130,0.8436850309371948,0.8339102268218994
C2_2,wavlm_base_plus,it0131,0.9547550678253174,0.973813533782959
C2_2,wavlm_base_plus,it0132,0.7741771340370178,0.7742785811424255
C2_2,wavlm_base_plus,it0133,0.926444947719574,0.9465746283531188
C2_2,wavlm_base_plus,it0134,0.916733741760254,0.9459830522537231
C2_2,wavlm_base_plus,it0135,0.9534615874290466,0.8086140751838684
C2_2,wavlm_base_plus,it0136,0.8150048851966858,0.8688997030258179
C2_2,wavlm_base_plus,it0137,0.8946049809455872,0.9577714204788208
C2_2,wavlm_base_plus,it0138,0.888972282409668,0.9045751094818116
C2_2,wavlm_base_plus,it0139,0.931329607963562,0.9342997074127196
C2_2,wavlm_base_plus,it0140,0.9229109883308412,0.954828917980194
C2_2,wavlm_base_plus,it0141,0.9502916932106018,0.9688594341278076
C2_2,wavlm_base_plus,it0142,0.8909617066383362,0.8744877576828003
C2_2,wavlm_base_plus,it0143,0.9564396142959596,0.961362361907959
C2_2,wavlm_base_plus,it0144,0.8135325908660889,0.9451383948326112
C2_2,wavlm_base_plus,it0145,0.8824859261512756,0.9429106712341307
C2_2,wavlm_base_plus,it0146,0.953105092048645,0.9487104415893556
C2_2,wavlm_base_plus,it0147,0.8585896492004395,0.861137330532074
C2_2,wavlm_base_plus,it0148,0.7954038977622986,0.8708795309066772
C2_2,wavlm_base_plus,it0149,0.9063408970832824,0.9099169969558716
C2_2,wavlm_base_plus,it0150,0.9126920104026794,0.9159908890724182
C2_2,wavlm_base_plus,it0151,0.9056460857391356,0.9036253690719604
C2_2,wavlm_base_plus,it0152,0.8559813499450684,0.8821699619293213
C2_2,wavlm_base_plus,it0153,0.9239211678504944,0.957970142364502
C2_2,wavlm_base_plus,it0154,0.5269379615783691,0.5509217977523804
C2_2,wavlm_base_plus,it0155,0.8238939642906189,0.820557713508606
C2_2,wavlm_base_plus,it0156,0.8854898810386658,0.8830811977386475
C2_2,wavlm_base_plus,it0157,0.9609485864639282,0.9568827748298644
C2_2,wavlm_base_plus,it0158,0.9507296681404114,0.9025547504425048
C2_2,wavlm_base_plus,it0159,0.9205146431922911,0.94663804769516
C2_2,wavlm_base_plus,it0160,0.9414942860603333,0.940650463104248
C2_2,wavlm_base_plus,it0161,0.9431321620941162,0.9410438537597656
C2_2,wavlm_base_plus,it0162,0.910993754863739,0.8884950280189514
C2_2,wavlm_base_plus,it0163,0.8945642709732056,0.9561347365379332
C2_2,wavlm_base_plus,it0164,0.9744143486022948,0.9757439494132996
C2_2,wavlm_base_plus,it0165,0.6461659073829651,0.7823631167411804
C2_2,wavlm_base_plus,it0166,0.825752854347229,0.8570936918258667
C2_2,wavlm_base_plus,it0167,0.9656667709350586,0.9496407508850098
C2_2,wavlm_base_plus,it0168,0.9271939396858216,0.9309451580047609
C2_2,wavlm_base_plus,it0169,0.9411596059799194,0.9266232252120972
C2_2,wavlm_base_plus,it0170,0.9255279302597046,0.9201304316520692
C2_2,wavlm_base_plus,it0171,0.963300347328186,0.9667800664901732
C2_2,wavlm_base_plus,it0172,0.8674111366271973,0.910747766494751
C2_2,wavlm_base_plus,it0173,0.9642646312713624,0.9662043452262878
C2_2,wavlm_base_plus,it0174,0.8830204606056213,0.904534637928009
C2_2,wavlm_base_plus,it0175,0.8501997590065002,0.8339407444000244
C2_2,wavlm_base_plus,it0176,0.9638871550559998,0.8595035672187805
C2_2,wavlm_base_plus,it0177,0.8805046677589417,0.8686842322349548
C2_2,wavlm_base_plus,it0178,0.913722276687622,0.9319812059402466
C2_2,wavlm_base_plus,it0179,0.9148354530334472,0.9545011520385742
C2_2,wavlm_base_plus,it0180,0.9021356701850892,0.9171888828277588
C2_2,wavlm_base_plus,it0181,0.8990146517753601,0.8699209094047546
C2_2,wavlm_base_plus,it0182,0.977249264717102,0.9654945135116576
C2_2,wavlm_base_plus,it0183,0.9671797752380372,0.9461169242858888
C2_2,wavlm_base_plus,it0184,0.7440320253372192,0.7994895577430725
C2_2,wavlm_base_plus,it0185,0.9189507961273192,0.9414623975753784
C2_2,wavlm_base_plus,it0186,0.9667133688926696,0.9664074182510376
C2_2,wavlm_base_plus,it0187,0.8510801792144775,0.8504053354263306
C2_2,wavlm_base_plus,it0188,0.8964625597000122,0.905851185321808
C2_2,wavlm_base_plus,it0189,0.8388736248016357,0.9364669322967528
C2_2,wavlm_base_plus,it0190,0.9698410034179688,0.9694254398345948
C2_2,wavlm_base_plus,it0191,0.9709637761116028,0.9680580496788024
C2_2,wavlm_base_plus,it0192,0.951930284500122,0.9378709197044371
C2_2,wavlm_base_plus,it0193,0.876026451587677,0.8852477073669434
C2_2,wavlm_base_plus,it0194,0.8827327489852905,0.9304330945014954
C2_2,wavlm_base_plus,it0195,0.9276542067527772,0.9598517417907716
C2_2,wavlm_base_plus,it0196,0.9174526929855348,0.8931492567062378
C2_2,wavlm_base_plus,it0197,0.9073689579963684,0.908283531665802
C2_2,wavlm_base_plus,it0198,0.909691333770752,0.974937915802002
C2_2,wavlm_base_plus,it0199,0.9283173084259032,0.9498134851455688
C3_0,wavlm_large,it0000,0.5510170459747314,0.5696492791175842
C3_0,wavlm_large,it0001,0.2614049613475799,0.406401515007019
C3_0,wavlm_large,it0002,0.1327929645776748,0.3474220633506775
C3_0,wavlm_large,it0003,0.2497012913227081,0.4527109265327453
C3_0,wavlm_large,it0004,0.2884806096553802,0.3741925954818725
C3_0,wavlm_large,it0005,0.3880891799926758,0.5504916906356812
C3_0,wavlm_large,it0006,0.3059810101985931,0.509505569934845
C3_0,wavlm_large,it0007,0.28156778216362,0.3826700448989868
C3_0,wavlm_large,it0008,0.3052999675273895,0.3029472529888153
C3_0,wavlm_large,it0009,0.5407952666282654,0.6225102543830872
C3_0,wavlm_large,it0010,0.5704581141471863,0.5916352868080139
C3_0,wavlm_large,it0011,0.4594689309597015,0.627062976360321
C3_0,wavlm_large,it0012,0.3404808044433594,0.4388622641563415
C3_0,wavlm_large,it0013,0.6125830411911011,0.597601056098938
C3_0,wavlm_large,it0014,0.355649471282959,0.4085830450057983
C3_0,wavlm_large,it0015,0.3713596165180206,0.564906120300293
C3_0,wavlm_large,it0016,0.4797514379024505,0.5491132736206055
C3_0,wavlm_large,it0017,0.3693927824497223,0.3889133632183075
C3_0,wavlm_large,it0018,0.1376427561044693,0.3276517391204834
C3_0,wavlm_large,it0019,0.563403844833374,0.5625836849212646
C3_0,wavlm_large,it0020,0.2749916911125183,0.4258964657783508
C3_0,wavlm_large,it0021,0.3994093835353851,0.51946622133255
C3_0,wavlm_large,it0022,0.3741491436958313,0.5397531986236572
C3_0,wavlm_large,it0023,0.6335189342498779,0.6166435480117798
C3_0,wavlm_large,it0024,0.5026583075523376,0.5510584712028503
C3_0,wavlm_large,it0025,0.5460202097892761,0.6307476758956909
C3_0,wavlm_large,it0026,0.3184972703456878,0.2561839520931244
C3_0,wavlm_large,it0027,0.5487222075462341,0.629510760307312
C3_0,wavlm_large,it0028,0.5749571323394775,0.5903273820877075
C3_0,wavlm_large,it0029,0.3731432855129242,0.5002797842025757
C3_0,wavlm_large,it0030,0.458299458026886,0.5551670789718628
C3_0,wavlm_large,it0031,0.1154658794403076,0.4104269742965698
C3_0,wavlm_large,it0032,0.574559211730957,0.6165152788162231
C3_0,wavlm_large,it0033,0.1209099292755127,0.2768129408359527
C3_0,wavlm_large,it0034,0.4709013402462005,0.4993996620178222
C3_0,wavlm_large,it0035,0.2813909351825714,0.2772383093833923
C3_0,wavlm_large,it0036,0.5144416689872742,0.5601934194564819
C3_0,wavlm_large,it0037,0.4484382569789886,0.5695394277572632
C3_0,wavlm_large,it0038,0.1613652408123016,0.2709168195724487
C3_0,wavlm_large,it0039,0.3937534391880035,0.5034680962562561
C3_0,wavlm_large,it0040,0.2218429148197174,0.3579348623752594
C3_0,wavlm_large,it0041,0.4083230793476105,0.5196766257286072
C3_0,wavlm_large,it0042,0.4392543435096741,0.568112850189209
C3_0,wavlm_large,it0043,0.4010900855064392,0.3612889349460602
C3_0,wavlm_large,it0044,0.4687049686908722,0.614098072052002
C3_0,wavlm_large,it0045,0.3247568309307098,0.4433051943778991
C3_0,wavlm_large,it0046,0.2200377732515335,0.2838898599147796
C3_0,wavlm_large,it0047,0.3328924775123596,0.5023850202560425
C3_0,wavlm_large,it0048,0.4300124645233154,0.478006899356842
C3_0,wavlm_large,it0049,0.5977325439453125,0.4946521520614624
C3_0,wavlm_large,it0050,-0.1008635610342025,0.1551871746778488
C3_0,wavlm_large,it0051,0.455468475818634,0.5330801606178284
C3_0,wavlm_large,it0052,0.2482028305530548,0.3610018193721771
C3_0,wavlm_large,it0053,0.3685534000396728,0.4288195669651031
C3_0,wavlm_large,it0054,0.1812888979911804,0.2531217038631439
C3_0,wavlm_large,it0055,0.5377651453018188,0.5894550681114197
C3_0,wavlm_large,it0056,0.1406083703041076,0.3446270823478699
C3_0,wavlm_large,it0057,0.4098994135856628,0.4338171780109405
C3_0,wavlm_large,it0058,0.3314960896968841,0.460406631231308
C3_0,wavlm_large,it0059,0.5677503943443298,0.5955310463905334
C3_0,wavlm_large,it0060,0.4189297258853912,0.4470212459564209
C3_0,wavlm_large,it0061,0.5521788597106934,0.6280847787857056
C3_0,wavlm_large,it0062,0.5056705474853516,0.6247197389602661
C3_0,wavlm_large,it0063,0.2426489889621734,0.3389382660388946
C3_0,wavlm_large,it0064,0.4995282292366028,0.5689237713813782
C3_0,wavlm_large,it0065,0.5412589311599731,0.6603882312774658
C3_0,wavlm_large,it0066,0.2650503516197204,0.4905270636081695
C3_0,wavlm_large,it0067,0.1998083144426345,0.3396297097206116
C3_0,wavlm_large,it0068,0.6717939972877502,0.6701223254203796
C3_0,wavlm_large,it0069,0.3255781829357147,0.4033421874046325
C3_0,wavlm_large,it0070,0.4363734126091003,0.5249890685081482
C3_0,wavlm_large,it0071,0.4927060604095459,0.5129318237304688
C3_0,wavlm_large,it0072,0.5367846488952637,0.5315877199172974
C3_0,wavlm_large,it0073,0.2733744978904724,0.365064263343811
C3_0,wavlm_large,it0074,0.1933900266885757,0.3616708219051361
C3_0,wavlm_large,it0075,0.4757717847824096,0.4522557258605957
C3_0,wavlm_large,it0076,0.2335411757230758,0.293689489364624
C3_0,wavlm_large,it0077,0.5391213893890381,0.6446927785873413
C3_0,wavlm_large,it0078,0.2113753259181976,0.4490172564983368
C3_0,wavlm_large,it0079,0.6244968175888062,0.6335951089859009
C3_0,wavlm_large,it0080,0.2103541195392608,0.3742794394493103
C3_0,wavlm_large,it0081,0.3936570584774017,0.3817448318004608
C3_0,wavlm_large,it0082,0.3894619643688202,0.5445988178253174
C3_0,wavlm_large,it0083,0.45673868060112,0.4676770269870758
C3_0,wavlm_large,it0084,0.4608557224273681,0.5627579689025879
C3_0,wavlm_large,it0085,0.4767322540283203,0.5412535667419434
C3_0,wavlm_large,it0086,0.4666186869144439,0.5409361124038696
C3_0,wavlm_large,it0087,0.6056153178215027,0.7072203159332275
C3_0,wavlm_large,it0088,0.3591763079166412,0.4347245097160339
C3_0,wavlm_large,it0089,0.2564385831356048,0.3332448005676269
C3_0,wavlm_large,it0090,0.5991427302360535,0.6255022287368774
C3_0,wavlm_large,it0091,0.4609045088291168,0.6093997955322266
C3_0,wavlm_large,it0092,0.4758756160736084,0.3980734944343567
C3_0,wavlm_large,it0093,0.435120165348053,0.4581404030323028
C3_0,wavlm_large,it0094,0.479286253452301,0.5202441811561584
C3_0,wavlm_large,it0095,0.5855884552001953,0.5721454620361328
C3_0,wavlm_large,it0096,0.3768564164638519,0.4306125044822693
C3_0,wavlm_large,it0097,0.5890920758247375,0.6435304880142212
C3_0,wavlm_large,it0098,0.4071329534053802,0.5007941126823425
C3_0,wavlm_large,it0099,0.2173552215099334,0.304982990026474
C3_0,wavlm_large,it0100,0.6373435854911804,0.6697074770927429
C3_0,wavlm_large,it0101,0.3414502441883087,0.4129635989665985
C3_0,wavlm_large,it0102,0.4464893639087677,0.4733266830444336
C3_0,wavlm_large,it0103,0.4617732763290405,0.4914884865283966
C3_0,wavlm_large,it0104,0.4350073337554931,0.555924117565155
C3_0,wavlm_large,it0105,0.6099474430084229,0.6402310729026794
C3_0,wavlm_large,it0106,0.4430352747440338,0.4711991846561432
C3_0,wavlm_large,it0107,0.5987181663513184,0.5368658304214478
C3_0,wavlm_large,it0108,0.3570360541343689,0.4915831089019775
C3_0,wavlm_large,it0109,0.3868879973888397,0.4970926344394684
C3_0,wavlm_large,it0110,0.2475417256355285,0.4169877171516418
C3_0,wavlm_large,it0111,0.1839212030172348,0.2919445633888244
C3_0,wavlm_large,it0112,0.5334997773170471,0.5655672550201416
C3_0,wavlm_large,it0113,0.4852138459682464,0.5703679323196411
C3_0,wavlm_large,it0114,0.1563677042722702,0.4438156485557556
C3_0,wavlm_large,it0115,0.2347323447465896,0.2585839927196502
C3_0,wavlm_large,it0116,0.457378089427948,0.4324816763401031
C3_0,wavlm_large,it0117,0.3947961330413818,0.517212450504303
C3_0,wavlm_large,it0118,0.4870752096176147,0.5568183660507202
C3_0,wavlm_large,it0119,0.5178003907203674,0.6598249673843384
C3_0,wavlm_large,it0120,0.4768891334533691,0.5733710527420044
C3_0,wavlm_large,it0121,0.4787095785140991,0.4654735922813415
C3_0,wavlm_large,it0122,0.2951119542121887,0.3833532631397247
C3_0,wavlm_large,it0123,0.5089693665504456,0.530725359916687
C3_0,wavlm_large,it0124,0.3622941076755523,0.554639458656311
C3_0,wavlm_large,it0125,0.4121444225311279,0.4746707677841186
C3_0,wavlm_large,it0126,0.407722532749176,0.4733640849590301
C3_0,wavlm_large,it0127,0.3274059891700744,0.4944997429847717
C3_0,wavlm_large,it0128,0.5126029253005981,0.4735042452812195
C3_0,wavlm_large,it0129,0.2636605501174927,0.2712464034557342
C3_0,wavlm_large,it0130,0.2137663811445236,0.3950880765914917
C3_0,wavlm_large,it0131,0.4533577263355255,0.5380611419677734
C3_0,wavlm_large,it0132,0.3691416382789612,0.3103321492671966
C3_0,wavlm_large,it0133,0.6030104756355286,0.6013948321342468
C3_0,wavlm_large,it0134,0.2319267392158508,0.3158053159713745
C3_0,wavlm_large,it0135,0.3174665570259094,0.5450634360313416
C3_0,wavlm_large,it0136,0.5154404640197754,0.5088694095611572
C3_0,wavlm_large,it0137,0.4470689296722412,0.4697860181331634
C3_0,wavlm_large,it0138,0.4501850008964538,0.6033846139907837
C3_0,wavlm_large,it0139,0.5026628375053406,0.6112496852874756
C3_0,wavlm_large,it0140,0.4202198088169098,0.5449854731559753
C3_0,wavlm_large,it0141,0.6168623566627502,0.6569098830223083
C3_0,wavlm_large,it0142,0.2228467166423797,0.2715727984905243
C3_0,wavlm_large,it0143,0.3083277940750122,0.4484401643276214
C3_0,wavlm_large,it0144,0.3577540814876556,0.3987142145633697
C3_0,wavlm_large,it0145,0.6618028879165649,0.6086443662643433
C3_0,wavlm_large,it0146,0.5538867115974426,0.5018236637115479
C3_0,wavlm_large,it0147,0.3220857977867126,0.4002492725849151
C3_0,wavlm_large,it0148,0.1633069962263107,0.2313434928655624
C3_0,wavlm_large,it0149,0.3669392168521881,0.5004160404205322
C3_0,wavlm_large,it0150,0.3221675157546997,0.4591124951839447
C3_0,wavlm_large,it0151,0.3746787905693054,0.5595057010650635
C3_0,wavlm_large,it0152,0.345755785703659,0.4111468195915222
C3_0,wavlm_large,it0153,0.430223673582077,0.4412805438041687
C3_0,wavlm_large,it0154,0.0755668580532074,0.2426303327083587
C3_0,wavlm_large,it0155,0.343119353055954,0.3740679621696472
C3_0,wavlm_large,it0156,0.2011890560388565,0.3084853291511535
C3_0,wavlm_large,it0157,0.5312052965164185,0.5094006657600403
C3_0,wavlm_large,it0158,0.2349646836519241,0.4771518111228943
C3_0,wavlm_large,it0159,0.2219677865505218,0.4530786275863647
C3_0,wavlm_large,it0160,0.4111327528953552,0.5421046614646912
C3_0,wavlm_large,it0161,0.301434189081192,0.3774253726005554
C3_0,wavlm_large,it0162,0.2920883595943451,0.3712660372257232
C3_0,wavlm_large,it0163,0.4480269849300384,0.6669408679008484
C3_0,wavlm_large,it0164,0.3865036964416504,0.3844956457614898
C3_0,wavlm_large,it0165,0.1968415379524231,0.3684205412864685
C3_0,wavlm_large,it0166,0.3271222114562988,0.3787922263145447
C3_0,wavlm_large,it0167,0.5845839381217957,0.4632580578327179
C3_0,wavlm_large,it0168,0.2751323878765106,0.4002658724784851
C3_0,wavlm_large,it0169,0.3277708292007446,0.4247595071792602
C3_0,wavlm_large,it0170,0.4257563948631286,0.5044617652893066
C3_0,wavlm_large,it0171,0.5065371990203857,0.6073653697967529
C3_0,wavlm_large,it0172,0.1878173351287841,0.3790272176265716
C3_0,wavlm_large,it0173,0.6083647608757019,0.6862305402755737
C3_0,wavlm_large,it0174,0.2415409535169601,0.3350221216678619
C3_0,wavlm_large,it0175,0.1992189884185791,0.3341395854949951
C3_0,wavlm_large,it0176,0.3197083175182342,0.3399754166603088
C3_0,wavlm_large,it0177,0.3768911957740783,0.5054916143417358
C3_0,wavlm_large,it0178,0.2882730662822723,0.2733156085014343
C3_0,wavlm_large,it0179,0.6247565150260925,0.6834548711776733
C3_0,wavlm_large,it0180,0.4184331893920898,0.5891529321670532
C3_0,wavlm_large,it0181,0.5507838726043701,0.5870015621185303
C3_0,wavlm_large,it0182,0.3511015176773071,0.5069175958633423
C3_0,wavlm_large,it0183,0.5990995764732361,0.6042227149009705
C3_0,wavlm_large,it0184,0.2290230393409729,0.368477463722229
C3_0,wavlm_large,it0185,0.4302428662776947,0.547702968120575
C3_0,wavlm_large,it0186,0.479857474565506,0.6269463896751404
C3_0,wavlm_large,it0187,0.3889797925949096,0.4428033232688904
C3_0,wavlm_large,it0188,0.4865028858184814,0.5546185970306396
C3_0,wavlm_large,it0189,0.4542939960956573,0.4627034664154053
C3_0,wavlm_large,it0190,0.5825866460800171,0.539385199546814
C3_0,wavlm_large,it0191,0.3470118641853332,0.4094426929950714
C3_0,wavlm_large,it0192,0.5536075830459595,0.6244716048240662
C3_0,wavlm_large,it0193,0.2633622884750366,0.2651463747024536
C3_0,wavlm_large,it0194,0.6182818412780762,0.6895164251327515
C3_0,wavlm_large,it0195,0.5688688158988953,0.6114741563796997
C3_0,wavlm_large,it0196,0.4082849323749542,0.4815576374530792
C3_0,wavlm_large,it0197,0.2978394627571106,0.3992728590965271
C3_0,wavlm_large,it0198,0.2562878727912903,0.339252769947052
C3_0,wavlm_large,it0199,0.3680548667907715,0.5416190028190613
C3_0,ecapa,it0000,0.5307802557945251,0.5622411966323853
C3_0,ecapa,it0001,0.4086253046989441,0.5077273845672607
C3_0,ecapa,it0002,0.3109250664710998,0.3618437051773071
C3_0,ecapa,it0003,0.383323609828949,0.4319832921028137
C3_0,ecapa,it0004,0.4588609635829925,0.5178049206733704
C3_0,ecapa,it0005,0.37631756067276,0.5076499581336975
C3_0,ecapa,it0006,0.3206346035003662,0.377561867237091
C3_0,ecapa,it0007,0.3264886438846588,0.2764701545238495
C3_0,ecapa,it0008,0.3124881088733673,0.3430585861206054
C3_0,ecapa,it0009,0.6205260753631592,0.5590492486953735
C3_0,ecapa,it0010,0.6544929146766663,0.6271356344223022
C3_0,ecapa,it0011,0.4637644290924072,0.5281191468238831
C3_0,ecapa,it0012,0.400868684053421,0.4761401414871216
C3_0,ecapa,it0013,0.5704611539840698,0.5862293243408203
C3_0,ecapa,it0014,0.4260773062705993,0.3386109471321106
C3_0,ecapa,it0015,0.4469055235385895,0.3708500862121582
C3_0,ecapa,it0016,0.5563486814498901,0.6439872980117798
C3_0,ecapa,it0017,0.4371708929538727,0.5580678582191467
C3_0,ecapa,it0018,0.2365455478429794,0.36522376537323
C3_0,ecapa,it0019,0.6553362011909485,0.6284326314926147
C3_0,ecapa,it0020,0.4165793359279632,0.4640563726425171
C3_0,ecapa,it0021,0.475593090057373,0.535556972026825
C3_0,ecapa,it0022,0.364982396364212,0.4732056558132171
C3_0,ecapa,it0023,0.6328566074371338,0.6535190939903259
C3_0,ecapa,it0024,0.6568622589111328,0.6376585364341736
C3_0,ecapa,it0025,0.5812578201293945,0.618346095085144
C3_0,ecapa,it0026,0.3190877735614776,0.3627361953258514
C3_0,ecapa,it0027,0.6124404668807983,0.6268646717071533
C3_0,ecapa,it0028,0.503348708152771,0.5092396140098572
C3_0,ecapa,it0029,0.3478061556816101,0.3465364277362823
C3_0,ecapa,it0030,0.4994992613792419,0.5816889405250549
C3_0,ecapa,it0031,0.1703948527574539,0.4499235451221466
C3_0,ecapa,it0032,0.5855529308319092,0.5845146179199219
C3_0,ecapa,it0033,0.3407835364341736,0.2633311152458191
C3_0,ecapa,it0034,0.5331422686576843,0.6005663275718689
C3_0,ecapa,it0035,0.3255614936351776,0.2536512017250061
C3_0,ecapa,it0036,0.6055688858032227,0.5149049758911133
C3_0,ecapa,it0037,0.4845751225948334,0.600504994392395
C3_0,ecapa,it0038,0.3432478904724121,0.4559920132160187
C3_0,ecapa,it0039,0.3967321813106537,0.557255744934082
C3_0,ecapa,it0040,0.3352894186973572,0.427121102809906
C3_0,ecapa,it0041,0.6259267330169678,0.7034972310066223
C3_0,ecapa,it0042,0.3903145790100097,0.499956339597702
C3_0,ecapa,it0043,0.3317263424396515,0.3606408238410949
C3_0,ecapa,it0044,0.4846661686897278,0.4436134099960327
C3_0,ecapa,it0045,0.1575040370225906,0.2888213992118835
C3_0,ecapa,it0046,0.2878680825233459,0.3732615113258362
C3_0,ecapa,it0047,0.2427849322557449,0.427162766456604
C3_0,ecapa,it0048,0.4318212568759918,0.5125705599784851
C3_0,ecapa,it0049,0.387436032295227,0.271431565284729
C3_0,ecapa,it0050,0.1336031109094619,0.1078909412026405
C3_0,ecapa,it0051,0.2141182720661163,0.2109399139881134
C3_0,ecapa,it0052,0.2092345505952835,0.3703858554363251
C3_0,ecapa,it0053,0.23426453769207,0.2970073223114013
C3_0,ecapa,it0054,0.3293121457099914,0.319731056690216
C3_0,ecapa,it0055,0.4745108783245086,0.569766104221344
C3_0,ecapa,it0056,0.2487093210220337,0.4434743821620941
C3_0,ecapa,it0057,0.4906077682971954,0.5318976640701294
C3_0,ecapa,it0058,0.2045953869819641,0.4191935658454895
C3_0,ecapa,it0059,0.5813561081886292,0.60346519947052
C3_0,ecapa,it0060,0.5193831920623779,0.4474988579750061
C3_0,ecapa,it0061,0.411465972661972,0.483563482761383
C3_0,ecapa,it0062,0.501502275466919,0.6828884482383728
C3_0,ecapa,it0063,0.4173468053340912,0.472669243812561
C3_0,ecapa,it0064,0.3870970010757446,0.3391104936599731
C3_0,ecapa,it0065,0.5949434638023376,0.6898840665817261
C3_0,ecapa,it0066,0.28765869140625,0.3171235620975494
C3_0,ecapa,it0067,0.221932977437973,0.3369658291339874
C3_0,ecapa,it0068,0.6580417156219482,0.6591877341270447
C3_0,ecapa,it0069,0.3342044055461883,0.3414166569709778
C3_0,ecapa,it0070,0.2940155267715454,0.3928167521953583
C3_0,ecapa,it0071,0.5032186508178711,0.4817790389060974
C3_0,ecapa,it0072,0.4724920392036438,0.5484331846237183
C3_0,ecapa,it0073,0.0916843339800834,0.1663025766611099
C3_0,ecapa,it0074,0.230955421924591,0.4122973978519439
C3_0,ecapa,it0075,0.3311972022056579,0.2849211096763611
C3_0,ecapa,it0076,0.4384162425994873,0.5046295523643494
C3_0,ecapa,it0077,0.4711714684963226,0.4869056344032287
C3_0,ecapa,it0078,0.2926429510116577,0.387282133102417
C3_0,ecapa,it0079,0.635422945022583,0.6285418272018433
C3_0,ecapa,it0080,0.4271211326122284,0.4551636874675751
C3_0,ecapa,it0081,0.3378171324729919,0.4597446918487549
C3_0,ecapa,it0082,0.3350881338119507,0.4738174974918365
C3_0,ecapa,it0083,0.5879170298576355,0.5345015525817871
C3_0,ecapa,it0084,0.6108911633491516,0.6595314145088196
C3_0,ecapa,it0085,0.6109558939933777,0.5654342174530029
C3_0,ecapa,it0086,0.6253544688224792,0.6562099456787109
C3_0,ecapa,it0087,0.5755788087844849,0.4548840224742889
C3_0,ecapa,it0088,0.3822619616985321,0.4079177975654602
C3_0,ecapa,it0089,0.426152616739273,0.508929967880249
C3_0,ecapa,it0090,0.6223628520965576,0.6424735188484192
C3_0,ecapa,it0091,0.4450412094593048,0.468743622303009
C3_0,ecapa,it0092,0.5793748497962952,0.5304245948791504
C3_0,ecapa,it0093,0.4935886263847351,0.546388566493988
C3_0,ecapa,it0094,0.4795623421669006,0.4821814298629761
C3_0,ecapa,it0095,0.510764479637146,0.5425300002098083
C3_0,ecapa,it0096,0.4713042974472046,0.5358827710151672
C3_0,ecapa,it0097,0.6458881497383118,0.6597943902015686
C3_0,ecapa,it0098,0.5372627377510071,0.5812132954597473
C3_0,ecapa,it0099,0.321143627166748,0.2604959011077881
C3_0,ecapa,it0100,0.6551237106323242,0.6519044041633606
C3_0,ecapa,it0101,0.421943724155426,0.4035834372043609
C3_0,ecapa,it0102,0.2759558260440826,0.3955522775650024
C3_0,ecapa,it0103,0.3272364139556885,0.4021556079387665
C3_0,ecapa,it0104,0.5067463517189026,0.4501167833805084
C3_0,ecapa,it0105,0.4644635915756225,0.4498320817947387
C3_0,ecapa,it0106,0.3286498486995697,0.4428219795227051
C3_0,ecapa,it0107,0.642243504524231,0.5552665591239929
C3_0,ecapa,it0108,0.4262730479240417,0.4647815823554992
C3_0,ecapa,it0109,0.4548991918563843,0.4576906263828277
C3_0,ecapa,it0110,0.2100352942943573,0.175992801785469
C3_0,ecapa,it0111,0.2064056545495987,0.3381468653678894
C3_0,ecapa,it0112,0.6225169897079468,0.6123784780502319
C3_0,ecapa,it0113,0.5411675572395325,0.5771328806877136
C3_0,ecapa,it0114,0.2089160978794098,0.4712456464767456
C3_0,ecapa,it0115,0.3545780181884765,0.3715975880622864
C3_0,ecapa,it0116,0.5145655274391174,0.4367201924324035
C3_0,ecapa,it0117,0.3884042501449585,0.3815164864063263
C3_0,ecapa,it0118,0.4276445508003235,0.6213392615318298
C3_0,ecapa,it0119,0.5838949680328369,0.5924890041351318
C3_0,ecapa,it0120,0.6632552146911621,0.5996496677398682
C3_0,ecapa,it0121,0.4435661435127258,0.5177705883979797
C3_0,ecapa,it0122,0.2510196268558502,0.4149640798568725
C3_0,ecapa,it0123,0.3199166059494018,0.264502465724945
C3_0,ecapa,it0124,0.5459944605827332,0.582543671131134
C3_0,ecapa,it0125,0.5204859972000122,0.5747339129447937
C3_0,ecapa,it0126,0.4517549872398376,0.3965057730674743
C3_0,ecapa,it0127,0.2965562343597412,0.4606859385967254
C3_0,ecapa,it0128,0.3940090835094452,0.4774584174156189
C3_0,ecapa,it0129,0.2356297224760055,0.3031683564186096
C3_0,ecapa,it0130,0.1756301075220108,0.2100431472063064
C3_0,ecapa,it0131,0.3204050660133362,0.3763435482978821
C3_0,ecapa,it0132,0.323204755783081,0.3043859899044037
C3_0,ecapa,it0133,0.5643438100814819,0.5399024486541748
C3_0,ecapa,it0134,0.3876094818115234,0.4785217940807342
C3_0,ecapa,it0135,0.317469835281372,0.4318070113658905
C3_0,ecapa,it0136,0.3797558844089508,0.332505315542221
C3_0,ecapa,it0137,0.5028463006019592,0.4315780103206634
C3_0,ecapa,it0138,0.4802693128585815,0.6297173500061035
C3_0,ecapa,it0139,0.5859675407409668,0.6344596743583679
C3_0,ecapa,it0140,0.5470941066741943,0.6133825778961182
C3_0,ecapa,it0141,0.4730010628700256,0.6218262910842896
C3_0,ecapa,it0142,0.1705807298421859,0.3693297207355499
C3_0,ecapa,it0143,0.2173197269439697,0.3582677245140075
C3_0,ecapa,it0144,0.4807157814502716,0.5915194749832153
C3_0,ecapa,it0145,0.4541309177875519,0.4931106567382812
C3_0,ecapa,it0146,0.5364155769348145,0.5089194178581238
C3_0,ecapa,it0147,0.4106892943382263,0.4978017807006836
C3_0,ecapa,it0148,0.1340879052877426,0.1149139702320098
C3_0,ecapa,it0149,0.4138907790184021,0.4595412313938141
C3_0,ecapa,it0150,0.3218976557254791,0.4303080439567566
C3_0,ecapa,it0151,0.5200648903846741,0.6795134544372559
C3_0,ecapa,it0152,0.3962045907974243,0.5136590003967285
C3_0,ecapa,it0153,0.2612047791481018,0.3175497353076935
C3_0,ecapa,it0154,0.2179636657238006,0.2557390034198761
C3_0,ecapa,it0155,0.3045267760753631,0.3002695739269256
C3_0,ecapa,it0156,0.3027868866920471,0.3268847167491913
C3_0,ecapa,it0157,0.5863991975784302,0.5651047825813293
C3_0,ecapa,it0158,0.3140254020690918,0.4819025695323944
C3_0,ecapa,it0159,0.3759169578552246,0.4595502912998199
C3_0,ecapa,it0160,0.5265845060348511,0.5398483872413635
C3_0,ecapa,it0161,0.3677423000335693,0.44450244307518
C3_0,ecapa,it0162,0.1142192184925079,0.2114685028791427
C3_0,ecapa,it0163,0.4990159273147583,0.5279805064201355
C3_0,ecapa,it0164,0.5580276846885681,0.4591735005378723
C3_0,ecapa,it0165,0.1794252097606659,0.3768085241317749
C3_0,ecapa,it0166,0.5234335660934448,0.5673621892929077
C3_0,ecapa,it0167,0.3555056154727936,0.3979823887348175
C3_0,ecapa,it0168,0.3491002321243286,0.4704936146736145
C3_0,ecapa,it0169,0.3087177574634552,0.4133567214012146
C3_0,ecapa,it0170,0.39557084441185,0.4500770568847656
C3_0,ecapa,it0171,0.7051892280578613,0.6724629402160645
C3_0,ecapa,it0172,0.1583092212677002,0.3263913691043854
C3_0,ecapa,it0173,0.6339653134346008,0.7098211646080017
C3_0,ecapa,it0174,0.5354688167572021,0.5070686936378479
C3_0,ecapa,it0175,0.1646924316883087,0.3383384346961975
C3_0,ecapa,it0176,0.3366540074348449,0.3945765495300293
C3_0,ecapa,it0177,0.4123849272727966,0.4110084474086761
C3_0,ecapa,it0178,0.322360098361969,0.250566691160202
C3_0,ecapa,it0179,0.6445444822311401,0.6472716331481934
C3_0,ecapa,it0180,0.4072830080986023,0.4300450086593628
C3_0,ecapa,it0181,0.5484476089477539,0.5980912446975708
C3_0,ecapa,it0182,0.4750769138336181,0.5821670889854431
C3_0,ecapa,it0183,0.5814118981361389,0.6233658790588379
C3_0,ecapa,it0184,0.3497058153152466,0.3963788449764251
C3_0,ecapa,it0185,0.4059614539146423,0.4961743354797363
C3_0,ecapa,it0186,0.5585720539093018,0.5389140248298645
C3_0,ecapa,it0187,0.4859688878059387,0.4620663523674011
C3_0,ecapa,it0188,0.4607488214969635,0.4889870285987854
C3_0,ecapa,it0189,0.4658689498901367,0.3882671892642975
C3_0,ecapa,it0190,0.6493527889251709,0.6204988360404968
C3_0,ecapa,it0191,0.3526111245155334,0.4782876372337341
C3_0,ecapa,it0192,0.5630218386650085,0.531935453414917
C3_0,ecapa,it0193,0.4971410632133484,0.3680248260498047
C3_0,ecapa,it0194,0.5737230181694031,0.547698974609375
C3_0,ecapa,it0195,0.6235515475273132,0.6857568621635437
C3_0,ecapa,it0196,0.4287168681621551,0.4406599402427673
C3_0,ecapa,it0197,0.4133404493331909,0.3397140800952911
C3_0,ecapa,it0198,0.3289166092872619,0.2196530699729919
C3_0,ecapa,it0199,0.4259487390518188,0.5461545586585999
C3_0,ge2e,it0000,0.813368022441864,0.8543365001678467
C3_0,ge2e,it0001,0.8512073755264282,0.8662638068199158
C3_0,ge2e,it0002,0.7111085057258606,0.700084924697876
C3_0,ge2e,it0003,0.6956995725631714,0.7738688588142395
C3_0,ge2e,it0004,0.8089030981063843,0.8229199647903442
C3_0,ge2e,it0005,0.8440305590629578,0.8499752879142761
C3_0,ge2e,it0006,0.793720543384552,0.7932811379432678
C3_0,ge2e,it0007,0.7348812818527222,0.7763305306434631
C3_0,ge2e,it0008,0.7830250859260559,0.8864661455154419
C3_0,ge2e,it0009,0.8976137042045593,0.889635443687439
C3_0,ge2e,it0010,0.848105788230896,0.8482046127319336
C3_0,ge2e,it0011,0.8168356418609619,0.9011576175689696
C3_0,ge2e,it0012,0.7770320773124695,0.7801911234855652
C3_0,ge2e,it0013,0.8349515199661255,0.827140748500824
C3_0,ge2e,it0014,0.795169472694397,0.7764257788658142
C3_0,ge2e,it0015,0.8853194713592529,0.8751863241195679
C3_0,ge2e,it0016,0.8896366953849792,0.9076700210571288
C3_0,ge2e,it0017,0.8243718147277832,0.8271277546882629
C3_0,ge2e,it0018,0.794228196144104,0.8138765096664429
C3_0,ge2e,it0019,0.8145151734352112,0.857757568359375
C3_0,ge2e,it0020,0.7492272257804871,0.714100182056427
C3_0,ge2e,it0021,0.8533061146736145,0.8466604948043823
C3_0,ge2e,it0022,0.7519718408584595,0.8420714139938354
C3_0,ge2e,it0023,0.8081125020980835,0.862263560295105
C3_0,ge2e,it0024,0.8708543181419373,0.8434491157531738
C3_0,ge2e,it0025,0.8325852155685425,0.8407936096191406
C3_0,ge2e,it0026,0.7145546674728394,0.7452406287193298
C3_0,ge2e,it0027,0.7923829555511475,0.8028949499130249
C3_0,ge2e,it0028,0.8719574213027954,0.87187260389328
C3_0,ge2e,it0029,0.794701337814331,0.8156538605690002
C3_0,ge2e,it0030,0.8521995544433594,0.8820343017578125
C3_0,ge2e,it0031,0.7449961304664612,0.8345474004745483
C3_0,ge2e,it0032,0.7902832627296448,0.785656213760376
C3_0,ge2e,it0033,0.8252192735671997,0.800335168838501
C3_0,ge2e,it0034,0.8319586515426636,0.8840442895889282
C3_0,ge2e,it0035,0.7442092895507812,0.7271743416786194
C3_0,ge2e,it0036,0.850927472114563,0.8315144181251526
C3_0,ge2e,it0037,0.8395489454269409,0.910530686378479
C3_0,ge2e,it0038,0.809734582901001,0.8535066246986389
C3_0,ge2e,it0039,0.7810025215148926,0.8382018804550171
C3_0,ge2e,it0040,0.786812961101532,0.8353433609008789
C3_0,ge2e,it0041,0.8171786069869995,0.8675877451896667
C3_0,ge2e,it0042,0.8412427306175232,0.8783807754516602
C3_0,ge2e,it0043,0.7838411331176758,0.8348426222801208
C3_0,ge2e,it0044,0.8212435245513916,0.8048146963119507
C3_0,ge2e,it0045,0.756094217300415,0.7848019599914551
C3_0,ge2e,it0046,0.7738101482391357,0.7301492691040039
C3_0,ge2e,it0047,0.8028224110603333,0.8104600310325623
C3_0,ge2e,it0048,0.8759410977363586,0.8536091446876526
C3_0,ge2e,it0049,0.8832883834838867,0.851199746131897
C3_0,ge2e,it0050,0.7709255218505859,0.754498302936554
C3_0,ge2e,it0051,0.808197021484375,0.8115783929824829
C3_0,ge2e,it0052,0.7888412475585938,0.865598201751709
C3_0,ge2e,it0053,0.7516093254089355,0.7526034712791443
C3_0,ge2e,it0054,0.792808473110199,0.8375153541564941
C3_0,ge2e,it0055,0.7596471905708313,0.8319634199142456
C3_0,ge2e,it0056,0.8747149705886841,0.8925064206123352
C3_0,ge2e,it0057,0.7945832014083862,0.8496204018592834
C3_0,ge2e,it0058,0.769144594669342,0.7665596008300781
C3_0,ge2e,it0059,0.8750829696655273,0.8405059576034546
C3_0,ge2e,it0060,0.8724491596221924,0.8489471673965454
C3_0,ge2e,it0061,0.8278499245643616,0.8340736031532288
C3_0,ge2e,it0062,0.8648092150688171,0.869960606098175
C3_0,ge2e,it0063,0.7290239334106445,0.7671518325805664
C3_0,ge2e,it0064,0.8266998529434204,0.8409029841423035
C3_0,ge2e,it0065,0.839427649974823,0.8771684169769287
C3_0,ge2e,it0066,0.7167509198188782,0.8182267546653748
C3_0,ge2e,it0067,0.8268473744392395,0.8433104157447815
C3_0,ge2e,it0068,0.8765316009521484,0.8832613229751587
C3_0,ge2e,it0069,0.7674394845962524,0.8166160583496094
C3_0,ge2e,it0070,0.7764818668365479,0.7135391235351562
C3_0,ge2e,it0071,0.7994836568832397,0.7794357538223267
C3_0,ge2e,it0072,0.8879676461219788,0.8944419622421265
C3_0,ge2e,it0073,0.7287738919258118,0.7900651693344116
C3_0,ge2e,it0074,0.8067686557769775,0.8261153697967529
C3_0,ge2e,it0075,0.851629912853241,0.8332585096359253
C3_0,ge2e,it0076,0.7983415126800537,0.8590022921562195
C3_0,ge2e,it0077,0.8095371723175049,0.8087855577468872
C3_0,ge2e,it0078,0.7468398809432983,0.8115838766098022
C3_0,ge2e,it0079,0.8251720666885376,0.8474077582359314
C3_0,ge2e,it0080,0.7630160450935364,0.7491151094436646
C3_0,ge2e,it0081,0.83182692527771,0.82883620262146
C3_0,ge2e,it0082,0.8188941478729248,0.8782814741134644
C3_0,ge2e,it0083,0.8515790104866028,0.8798847198486328
C3_0,ge2e,it0084,0.901512086391449,0.9013892412185668
C3_0,ge2e,it0085,0.787578284740448,0.8043233156204224
C3_0,ge2e,it0086,0.8636379241943359,0.8807569146156311
C3_0,ge2e,it0087,0.8760876059532166,0.8455378413200378
C3_0,ge2e,it0088,0.7832702994346619,0.8390697836875916
C3_0,ge2e,it0089,0.8093082308769226,0.8179686069488525
C3_0,ge2e,it0090,0.8597344756126404,0.8790835738182068
C3_0,ge2e,it0091,0.8202553987503052,0.8192145824432373
C3_0,ge2e,it0092,0.7913453578948975,0.7939964532852173
C3_0,ge2e,it0093,0.8432405591011047,0.8530257940292358
C3_0,ge2e,it0094,0.8007481694221497,0.8009251356124878
C3_0,ge2e,it0095,0.8715009689331055,0.9106451272964478
C3_0,ge2e,it0096,0.8305872082710266,0.8308916091918945
C3_0,ge2e,it0097,0.8592409491539001,0.8684259653091431
C3_0,ge2e,it0098,0.8386887311935425,0.8826177716255188
C3_0,ge2e,it0099,0.7174172401428223,0.7156258821487427
C3_0,ge2e,it0100,0.8535650968551636,0.8639765381813049
C3_0,ge2e,it0101,0.6980396509170532,0.7373330593109131
C3_0,ge2e,it0102,0.8650376796722412,0.8328234553337097
C3_0,ge2e,it0103,0.6662482619285583,0.794157862663269
C3_0,ge2e,it0104,0.85442715883255,0.8291155099868774
C3_0,ge2e,it0105,0.8666841983795166,0.876907467842102
C3_0,ge2e,it0106,0.8181524276733398,0.8473085761070251
C3_0,ge2e,it0107,0.8141412734985352,0.8283886313438416
C3_0,ge2e,it0108,0.8251253366470337,0.8779499530792236
C3_0,ge2e,it0109,0.780872106552124,0.8132704496383667
C3_0,ge2e,it0110,0.7791663408279419,0.798862099647522
C3_0,ge2e,it0111,0.7892187237739563,0.8349947333335876
C3_0,ge2e,it0112,0.879497766494751,0.916724681854248
C3_0,ge2e,it0113,0.8578684329986572,0.869845986366272
C3_0,ge2e,it0114,0.7648434638977051,0.8038042783737183
C3_0,ge2e,it0115,0.8412885069847107,0.8225478529930115
C3_0,ge2e,it0116,0.7831157445907593,0.8187289237976074
C3_0,ge2e,it0117,0.83969646692276,0.8584314584732056
C3_0,ge2e,it0118,0.752902626991272,0.8180590867996216
C3_0,ge2e,it0119,0.8610706329345703,0.80796217918396
C3_0,ge2e,it0120,0.8313194513320923,0.8025743961334229
C3_0,ge2e,it0121,0.8203335404396057,0.8664124011993408
C3_0,ge2e,it0122,0.7849693298339844,0.7950628995895386
C3_0,ge2e,it0123,0.801472544670105,0.7488258481025696
C3_0,ge2e,it0124,0.8257492780685425,0.8712009191513062
C3_0,ge2e,it0125,0.882628321647644,0.8919644951820374
C3_0,ge2e,it0126,0.8852262496948242,0.8666214346885681
C3_0,ge2e,it0127,0.7225639820098877,0.8610937595367432
C3_0,ge2e,it0128,0.7980689406394958,0.848229706287384
C3_0,ge2e,it0129,0.7326151132583618,0.7717644572257996
C3_0,ge2e,it0130,0.8604565262794495,0.8095887899398804
C3_0,ge2e,it0131,0.8363975882530212,0.8629063963890076
C3_0,ge2e,it0132,0.8751863837242126,0.8425790667533875
C3_0,ge2e,it0133,0.8634624481201172,0.8380475044250488
C3_0,ge2e,it0134,0.8017154932022095,0.804709792137146
C3_0,ge2e,it0135,0.7706602215766907,0.8358011245727539
C3_0,ge2e,it0136,0.8685199022293091,0.8798508644104004
C3_0,ge2e,it0137,0.7927403450012207,0.8391584753990173
C3_0,ge2e,it0138,0.833975076675415,0.8533023595809937
C3_0,ge2e,it0139,0.8732829689979553,0.8829774856567383
C3_0,ge2e,it0140,0.791415810585022,0.8283959031105042
C3_0,ge2e,it0141,0.796289324760437,0.8806239366531372
C3_0,ge2e,it0142,0.8305075764656067,0.806106686592102
C3_0,ge2e,it0143,0.8403714299201965,0.8773821592330933
C3_0,ge2e,it0144,0.8482475280761719,0.8694521188735962
C3_0,ge2e,it0145,0.822022557258606,0.8552588224411011
C3_0,ge2e,it0146,0.770320475101471,0.8005093336105347
C3_0,ge2e,it0147,0.8754141330718994,0.8943337798118591
C3_0,ge2e,it0148,0.8141326904296875,0.8139047026634216
C3_0,ge2e,it0149,0.8009641170501709,0.8356143236160278
C3_0,ge2e,it0150,0.7985906600952148,0.797732949256897
C3_0,ge2e,it0151,0.8269599080085754,0.8420194983482361
C3_0,ge2e,it0152,0.8684141635894775,0.8606503009796143
C3_0,ge2e,it0153,0.8763619661331177,0.8444751501083374
C3_0,ge2e,it0154,0.7879772186279297,0.7032665610313416
C3_0,ge2e,it0155,0.8226370811462402,0.8443548083305359
C3_0,ge2e,it0156,0.7091515064239502,0.7721691727638245
C3_0,ge2e,it0157,0.8806540966033936,0.8941123485565186
C3_0,ge2e,it0158,0.7685118317604065,0.8264259099960327
C3_0,ge2e,it0159,0.838713526725769,0.8406714200973511
C3_0,ge2e,it0160,0.865071177482605,0.8565481305122375
C3_0,ge2e,it0161,0.8615496754646301,0.8321902751922607
C3_0,ge2e,it0162,0.8356595039367676,0.7954528331756592
C3_0,ge2e,it0163,0.6765382289886475,0.7273058891296387
C3_0,ge2e,it0164,0.8507338166236877,0.8178778290748596
C3_0,ge2e,it0165,0.736528754234314,0.8219919800758362
C3_0,ge2e,it0166,0.852247416973114,0.796133279800415
C3_0,ge2e,it0167,0.8428117036819458,0.8754500150680542
C3_0,ge2e,it0168,0.7187192440032959,0.7233422994613647
C3_0,ge2e,it0169,0.7589621543884277,0.8173190951347351
C3_0,ge2e,it0170,0.8544538617134094,0.8596081137657166
C3_0,ge2e,it0171,0.8174008727073669,0.8352944254875183
C3_0,ge2e,it0172,0.7803251147270203,0.8102027773857117
C3_0,ge2e,it0173,0.826803982257843,0.866728663444519
C3_0,ge2e,it0174,0.8010847568511963,0.8187271952629089
C3_0,ge2e,it0175,0.6917119026184082,0.708757221698761
C3_0,ge2e,it0176,0.8256869912147522,0.816511332988739
C3_0,ge2e,it0177,0.8064547181129456,0.8421323299407959
C3_0,ge2e,it0178,0.7406557202339172,0.7910149097442627
C3_0,ge2e,it0179,0.862324059009552,0.8923126459121704
C3_0,ge2e,it0180,0.8650208115577698,0.8573157787322998
C3_0,ge2e,it0181,0.8411058783531189,0.8274685740470886
C3_0,ge2e,it0182,0.8457610011100769,0.8732000589370728
C3_0,ge2e,it0183,0.8205012083053589,0.8353535532951355
C3_0,ge2e,it0184,0.7463081479072571,0.80205237865448
C3_0,ge2e,it0185,0.8232066035270691,0.8411250114440918
C3_0,ge2e,it0186,0.8095635175704956,0.8110390901565552
C3_0,ge2e,it0187,0.8344027996063232,0.7940372228622437
C3_0,ge2e,it0188,0.8612203001976013,0.8089666962623596
C3_0,ge2e,it0189,0.834905743598938,0.856084942817688
C3_0,ge2e,it0190,0.8797990083694458,0.8766164183616638
C3_0,ge2e,it0191,0.7827609181404114,0.8336894512176514
C3_0,ge2e,it0192,0.8441659212112427,0.8622035980224609
C3_0,ge2e,it0193,0.8320246338844299,0.8675373196601868
C3_0,ge2e,it0194,0.8347793221473694,0.8582808971405029
C3_0,ge2e,it0195,0.8499036431312561,0.8378275632858276
C3_0,ge2e,it0196,0.8102409243583679,0.8172502517700195
C3_0,ge2e,it0197,0.8049900531768799,0.8373382091522217
C3_0,ge2e,it0198,0.8109197020530701,0.8510842323303223
C3_0,ge2e,it0199,0.8883992433547974,0.8652381896972656
C3_0,xvect,it0000,0.962024986743927,0.9716303944587708
C3_0,xvect,it0001,0.9642826318740844,0.9678761959075928
C3_0,xvect,it0002,0.9458005428314208,0.9580689668655396
C3_0,xvect,it0003,0.9411884546279908,0.9392539858818054
C3_0,xvect,it0004,0.9566491842269896,0.9566784501075744
C3_0,xvect,it0005,0.9252457022666932,0.9524297118186952
C3_0,xvect,it0006,0.9496755599975586,0.946112871170044
C3_0,xvect,it0007,0.954275608062744,0.9485102891921996
C3_0,xvect,it0008,0.933557152748108,0.9319505095481871
C3_0,xvect,it0009,0.9580329656600952,0.9664727449417114
C3_0,xvect,it0010,0.9722011089324952,0.9683958292007446
C3_0,xvect,it0011,0.9667537212371826,0.9635596871376038
C3_0,xvect,it0012,0.9441586136817932,0.9487740397453308
C3_0,xvect,it0013,0.9655858874320984,0.9663906097412108
C3_0,xvect,it0014,0.9419785737991332,0.915797233581543
C3_0,xvect,it0015,0.946994960308075,0.937371015548706
C3_0,xvect,it0016,0.9355664253234864,0.9625017046928406
C3_0,xvect,it0017,0.9308895468711852,0.9434918761253356
C3_0,xvect,it0018,0.9300271272659302,0.9357960224151612
C3_0,xvect,it0019,0.9316041469573976,0.9391420483589172
C3_0,xvect,it0020,0.950464129447937,0.9445126056671144
C3_0,xvect,it0021,0.953791320323944,0.9554912447929382
C3_0,xvect,it0022,0.903045654296875,0.9503087997436525
C3_0,xvect,it0023,0.9327543377876282,0.9430773854255676
C3_0,xvect,it0024,0.9653732776641846,0.9671146869659424
C3_0,xvect,it0025,0.9281907677650452,0.9461374282836914
C3_0,xvect,it0026,0.935713827610016,0.909638285636902
C3_0,xvect,it0027,0.955920934677124,0.9625403881072998
C3_0,xvect,it0028,0.9420359134674072,0.9646635055541992
C3_0,xvect,it0029,0.9445759057998656,0.9530454874038696
C3_0,xvect,it0030,0.9624977707862854,0.9667596817016602
C3_0,xvect,it0031,0.9527809619903564,0.9612219333648682
C3_0,xvect,it0032,0.9421939849853516,0.9387823939323424
C3_0,xvect,it0033,0.9386292695999146,0.9374853372573853
C3_0,xvect,it0034,0.9513442516326904,0.9648823738098145
C3_0,xvect,it0035,0.9399036169052124,0.9409036040306092
C3_0,xvect,it0036,0.966804027557373,0.9496830105781556
C3_0,xvect,it0037,0.9550472497940063,0.9696412086486816
C3_0,xvect,it0038,0.9418826103210448,0.951622486114502
C3_0,xvect,it0039,0.9489404559135436,0.9563665390014648
C3_0,xvect,it0040,0.9336231350898744,0.9546313285827636
C3_0,xvect,it0041,0.9443439245224,0.9560572504997252
C3_0,xvect,it0042,0.9372185468673706,0.9473662972450256
C3_0,xvect,it0043,0.9527959823608398,0.9609516263008118
C3_0,xvect,it0044,0.9615662097930908,0.9665570855140686
C3_0,xvect,it0045,0.9323738813400269,0.9478991031646729
C3_0,xvect,it0046,0.9589443206787108,0.9484658241271972
C3_0,xvect,it0047,0.96047043800354,0.9685629606246948
C3_0,xvect,it0048,0.9438443779945374,0.9582616686820984
C3_0,xvect,it0049,0.934425175189972,0.9375229477882384
C3_0,xvect,it0050,0.9229515194892884,0.93485426902771
C3_0,xvect,it0051,0.9553792476654052,0.962351620197296
C3_0,xvect,it0052,0.9290080070495604,0.959350049495697
C3_0,xvect,it0053,0.956598162651062,0.955933153629303
C3_0,xvect,it0054,0.948680579662323,0.9578307867050172
C3_0,xvect,it0055,0.9143451452255248,0.9474841356277466
C3_0,xvect,it0056,0.9502354860305786,0.9528014659881592
C3_0,xvect,it0057,0.9475820660591124,0.9505535364151
C3_0,xvect,it0058,0.943747878074646,0.9401623010635376
C3_0,xvect,it0059,0.9702167510986328,0.9751536846160888
C3_0,xvect,it0060,0.9381396770477296,0.9475237727165222
C3_0,xvect,it0061,0.9223508834838868,0.952660322189331
C3_0,xvect,it0062,0.9372085332870485,0.954057276248932
C3_0,xvect,it0063,0.9361402988433838,0.9420968890190125
C3_0,xvect,it0064,0.959835946559906,0.9622648358345032
C3_0,xvect,it0065,0.921567440032959,0.9516389966011048
C3_0,xvect,it0066,0.9394375085830688,0.962089776992798
C3_0,xvect,it0067,0.9373329281806946,0.9561905264854432
C3_0,xvect,it0068,0.968765139579773,0.9727291464805604
C3_0,xvect,it0069,0.953793168067932,0.9584274291992188
C3_0,xvect,it0070,0.934561550617218,0.934262990951538
C3_0,xvect,it0071,0.948609471321106,0.9559891819953918
C3_0,xvect,it0072,0.9661429524421692,0.9719642996788024
C3_0,xvect,it0073,0.9264103174209596,0.934025764465332
C3_0,xvect,it0074,0.9407228231430054,0.9517036080360411
C3_0,xvect,it0075,0.9534876942634584,0.9599325656890868
C3_0,xvect,it0076,0.937574028968811,0.9549549221992492
C3_0,xvect,it0077,0.9553120732307434,0.95272696018219
C3_0,xvect,it0078,0.9481253027915956,0.9522866010665894
C3_0,xvect,it0079,0.9666743874549866,0.9701666831970216
C3_0,xvect,it0080,0.9378514885902404,0.9502258896827698
C3_0,xvect,it0081,0.946601390838623,0.9593818187713624
C3_0,xvect,it0082,0.9411946535110474,0.9338438510894777
C3_0,xvect,it0083,0.9650405645370485,0.9676618576049804
C3_0,xvect,it0084,0.972844898700714,0.974663257598877
C3_0,xvect,it0085,0.9376080632209778,0.9486605525016784
C3_0,xvect,it0086,0.9649847149848938,0.964197874069214
C3_0,xvect,it0087,0.9722813963890076,0.9628698229789734
C3_0,xvect,it0088,0.9476323127746582,0.9607687592506408
C3_0,xvect,it0089,0.9538275599479676,0.9650575518608092
C3_0,xvect,it0090,0.9661896228790284,0.9676378965377808
C3_0,xvect,it0091,0.9234075546264648,0.9233600497245787
C3_0,xvect,it0092,0.9532296657562256,0.9602211713790894
C3_0,xvect,it0093,0.9452561140060424,0.9638323783874512
C3_0,xvect,it0094,0.9020144939422609,0.9087461233139038
C3_0,xvect,it0095,0.9436976909637452,0.954831838607788
C3_0,xvect,it0096,0.946903109550476,0.959580898284912
C3_0,xvect,it0097,0.9621572494506836,0.9663137793540956
C3_0,xvect,it0098,0.9661202430725098,0.9637850522994996
C3_0,xvect,it0099,0.9550405740737916,0.9566302299499512
C3_0,xvect,it0100,0.961219608783722,0.972456991672516
C3_0,xvect,it0101,0.9601458311080932,0.9543501138687134
C3_0,xvect,it0102,0.9465362429618835,0.952532172203064
C3_0,xvect,it0103,0.944358229637146,0.960992991924286
C3_0,xvect,it0104,0.9272845983505248,0.927243173122406
C3_0,xvect,it0105,0.9539022445678712,0.949345588684082
C3_0,xvect,it0106,0.9442668557167052,0.9526762962341307
C3_0,xvect,it0107,0.9521048069000244,0.9631853699684144
C3_0,xvect,it0108,0.9530578851699828,0.9624203443527222
C3_0,xvect,it0109,0.9363787174224854,0.9595634937286376
C3_0,xvect,it0110,0.9362942576408386,0.9438035488128662
C3_0,xvect,it0111,0.9645675420761108,0.9629175066947936
C3_0,xvect,it0112,0.9609723091125488,0.9593214988708496
C3_0,xvect,it0113,0.9409385919570924,0.9558414816856384
C3_0,xvect,it0114,0.9403787851333618,0.9485906958580016
C3_0,xvect,it0115,0.9554409980773926,0.959125280380249
C3_0,xvect,it0116,0.9507304430007936,0.938044548034668
C3_0,xvect,it0117,0.9287450313568116,0.9733870029449464
C3_0,xvect,it0118,0.9461711049079896,0.9554105401039124
C3_0,xvect,it0119,0.9667686820030212,0.967252790927887
C3_0,xvect,it0120,0.954768717288971,0.960533857345581
C3_0,xvect,it0121,0.9473353624343872,0.9606439471244812
C3_0,xvect,it0122,0.9562082886695862,0.9605650901794434
C3_0,xvect,it0123,0.95205420255661,0.9335856437683104
C3_0,xvect,it0124,0.9353030920028688,0.941477119922638
C3_0,xvect,it0125,0.9473648071289062,0.9552936553955078
C3_0,xvect,it0126,0.9563138484954834,0.9601556658744812
C3_0,xvect,it0127,0.956940531730652,0.958253800868988
C3_0,xvect,it0128,0.9612289667129515,0.9710782766342164
C3_0,xvect,it0129,0.9371749758720398,0.9432928562164308
C3_0,xvect,it0130,0.9475662112236024,0.957176387310028
C3_0,xvect,it0131,0.9381668567657472,0.9593296051025392
C3_0,xvect,it0132,0.9547416567802428,0.9562955498695374
C3_0,xvect,it0133,0.9489321112632751,0.9515258073806764
C3_0,xvect,it0134,0.961105465888977,0.962614357471466
C3_0,xvect,it0135,0.936708390712738,0.9513356685638428
C3_0,xvect,it0136,0.9514995813369752,0.96281498670578
C3_0,xvect,it0137,0.946097731590271,0.9560839533805848
C3_0,xvect,it0138,0.9478577971458436,0.968116819858551
C3_0,xvect,it0139,0.9480648636817932,0.9465494155883788
C3_0,xvect,it0140,0.9558323621749878,0.9622267484664916
C3_0,xvect,it0141,0.9473348259925842,0.9632099866867064
C3_0,xvect,it0142,0.9399458169937134,0.9456289410591124
C3_0,xvect,it0143,0.9591791033744812,0.967149555683136
C3_0,xvect,it0144,0.958293080329895,0.9628685116767884
C3_0,xvect,it0145,0.935192346572876,0.9419938921928406
C3_0,xvect,it0146,0.949237048625946,0.9499448537826538
C3_0,xvect,it0147,0.941974401473999,0.9543893337249756
C3_0,xvect,it0148,0.9437367916107178,0.946816086769104
C3_0,xvect,it0149,0.9440671801567078,0.9520825147628784
C3_0,xvect,it0150,0.9270861744880676,0.9429092407226562
C3_0,xvect,it0151,0.9590895771980286,0.9650296568870544
C3_0,xvect,it0152,0.9381409883499146,0.9336225986480712
C3_0,xvect,it0153,0.9323652982711792,0.9207805395126344
C3_0,xvect,it0154,0.9241714477539062,0.878087043762207
C3_0,xvect,it0155,0.955810546875,0.9577889442443848
C3_0,xvect,it0156,0.9519309401512146,0.9574445486068726
C3_0,xvect,it0157,0.9668567776679992,0.967229664325714
C3_0,xvect,it0158,0.946547508239746,0.953110933303833
C3_0,xvect,it0159,0.9396504759788512,0.9480618834495544
C3_0,xvect,it0160,0.9623532295227052,0.9622766375541688
C3_0,xvect,it0161,0.9569715261459352,0.9556551575660706
C3_0,xvect,it0162,0.9463323950767516,0.9584556221961976
C3_0,xvect,it0163,0.9696794152259828,0.9695703983306884
C3_0,xvect,it0164,0.9604048728942872,0.9302339553833008
C3_0,xvect,it0165,0.9359357357025146,0.949367344379425
C3_0,xvect,it0166,0.9271719455718994,0.9489068388938904
C3_0,xvect,it0167,0.9466095566749572,0.9290501475334167
C3_0,xvect,it0168,0.9221305847167968,0.931360363960266
C3_0,xvect,it0169,0.956768035888672,0.9676725268363952
C3_0,xvect,it0170,0.9570853114128112,0.9610176682472228
C3_0,xvect,it0171,0.9486133456230164,0.949414610862732
C3_0,xvect,it0172,0.920933187007904,0.9120608568191528
C3_0,xvect,it0173,0.95173180103302,0.9614408016204834
C3_0,xvect,it0174,0.9506545066833496,0.9540511965751648
C3_0,xvect,it0175,0.9416615962982178,0.9584166407585144
C3_0,xvect,it0176,0.946562647819519,0.9552910327911376
C3_0,xvect,it0177,0.9479788541793824,0.9542763829231262
C3_0,xvect,it0178,0.9432133436203004,0.9373887777328492
C3_0,xvect,it0179,0.9597998857498168,0.9624159336090088
C3_0,xvect,it0180,0.9536564350128174,0.9510493874549866
C3_0,xvect,it0181,0.967758297920227,0.9716978073120116
C3_0,xvect,it0182,0.9463106393814088,0.9522206783294678
C3_0,xvect,it0183,0.9587699770927428,0.9627100229263306
C3_0,xvect,it0184,0.9381168484687804,0.9552450180053712
C3_0,xvect,it0185,0.942285656929016,0.9455668926239014
C3_0,xvect,it0186,0.9157068729400636,0.9356322288513184
C3_0,xvect,it0187,0.9532082080841064,0.9533043503761292
C3_0,xvect,it0188,0.9453666806221008,0.935206651687622
C3_0,xvect,it0189,0.952509880065918,0.9579885601997375
C3_0,xvect,it0190,0.960435390472412,0.9524946212768556
C3_0,xvect,it0191,0.9530246257781982,0.9629068374633788
C3_0,xvect,it0192,0.9567847847938538,0.9533592462539672
C3_0,xvect,it0193,0.9572056531906128,0.9521946310997008
C3_0,xvect,it0194,0.9616788625717164,0.96260803937912
C3_0,xvect,it0195,0.9519972801208496,0.9603102207183838
C3_0,xvect,it0196,0.945710301399231,0.9498615264892578
C3_0,xvect,it0197,0.9348406195640564,0.9364534020423888
C3_0,xvect,it0198,0.9334797263145448,0.955245316028595
C3_0,xvect,it0199,0.961898684501648,0.9650153517723083
C3_0,wavlm_base_plus,it0000,0.904040515422821,0.9169886708259584
C3_0,wavlm_base_plus,it0001,0.8814939260482788,0.937125027179718
C3_0,wavlm_base_plus,it0002,0.8576208353042603,0.9218243360519408
C3_0,wavlm_base_plus,it0003,0.8878133893013,0.93391215801239
C3_0,wavlm_base_plus,it0004,0.9473887085914612,0.968914806842804
C3_0,wavlm_base_plus,it0005,0.9246234893798828,0.9477409720420836
C3_0,wavlm_base_plus,it0006,0.8878556489944458,0.9057584404945374
C3_0,wavlm_base_plus,it0007,0.9484155178070068,0.9428022503852844
C3_0,wavlm_base_plus,it0008,0.9143012166023254,0.9350790977478028
C3_0,wavlm_base_plus,it0009,0.9680213332176208,0.9512500166893004
C3_0,wavlm_base_plus,it0010,0.8924468159675598,0.8990578651428223
C3_0,wavlm_base_plus,it0011,0.9428565502166748,0.9613978862762452
C3_0,wavlm_base_plus,it0012,0.9377992153167723,0.8778424263000488
C3_0,wavlm_base_plus,it0013,0.9731390476226808,0.9404357671737672
C3_0,wavlm_base_plus,it0014,0.8674184679985046,0.8414463400840759
C3_0,wavlm_base_plus,it0015,0.9444365501403807,0.938119649887085
C3_0,wavlm_base_plus,it0016,0.970393180847168,0.9658454060554504
C3_0,wavlm_base_plus,it0017,0.8816944360733032,0.9333333969116212
C3_0,wavlm_base_plus,it0018,0.8488544821739197,0.869310736656189
C3_0,wavlm_base_plus,it0019,0.9730180501937866,0.9852288961410522
C3_0,wavlm_base_plus,it0020,0.9019057154655457,0.9672024846076964
C3_0,wavlm_base_plus,it0021,0.8750674724578857,0.9498451352119446
C3_0,wavlm_base_plus,it0022,0.9269020557403564,0.9093228578567504
C3_0,wavlm_base_plus,it0023,0.9099165201187134,0.940860390663147
C3_0,wavlm_base_plus,it0024,0.9494547843933104,0.9699500799179076
C3_0,wavlm_base_plus,it0025,0.9432311058044434,0.9637826681137084
C3_0,wavlm_base_plus,it0026,0.8426079154014587,0.8396309018135071
C3_0,wavlm_base_plus,it0027,0.926298439502716,0.9137977361679076
C3_0,wavlm_base_plus,it0028,0.9380128383636476,0.9353775382041932
C3_0,wavlm_base_plus,it0029,0.8749350905418396,0.8643540143966675
C3_0,wavlm_base_plus,it0030,0.9288542866706848,0.9310113787651062
C3_0,wavlm_base_plus,it0031,0.9033488631248474,0.9668281674385072
C3_0,wavlm_base_plus,it0032,0.9257259368896484,0.8721083402633667
C3_0,wavlm_base_plus,it0033,0.7982451915740967,0.6791607737541199
C3_0,wavlm_base_plus,it0034,0.9086124897003174,0.9532265663146972
C3_0,wavlm_base_plus,it0035,0.8202157020568848,0.8066390752792358
C3_0,wavlm_base_plus,it0036,0.9398009777069092,0.9517143368721008
C3_0,wavlm_base_plus,it0037,0.958281636238098,0.95245623588562
C3_0,wavlm_base_plus,it0038,0.8942261338233948,0.908987045288086
C3_0,wavlm_base_plus,it0039,0.916440486907959,0.9533924460411072
C3_0,wavlm_base_plus,it0040,0.8821718692779541,0.9797531962394714
C3_0,wavlm_base_plus,it0041,0.93904048204422,0.9598381519317628
C3_0,wavlm_base_plus,it0042,0.9294570088386536,0.9359644055366516
C3_0,wavlm_base_plus,it0043,0.9447615742683412,0.9323203563690186
C3_0,wavlm_base_plus,it0044,0.953412652015686,0.9482046365737916
C3_0,wavlm_base_plus,it0045,0.9207744598388672,0.9237934947013856
C3_0,wavlm_base_plus,it0046,0.8744831085205078,0.7787570357322693
C3_0,wavlm_base_plus,it0047,0.9502580165863036,0.9541151523590088
C3_0,wavlm_base_plus,it0048,0.93690687417984,0.9226614236831664
C3_0,wavlm_base_plus,it0049,0.9152817726135254,0.888669490814209
C3_0,wavlm_base_plus,it0050,0.6673893928527832,0.663205623626709
C3_0,wavlm_base_plus,it0051,0.917267084121704,0.9527232050895692
C3_0,wavlm_base_plus,it0052,0.875698447227478,0.8211384415626526
C3_0,wavlm_base_plus,it0053,0.860022783279419,0.8812652230262756
C3_0,wavlm_base_plus,it0054,0.8410961627960205,0.8398666977882385
C3_0,wavlm_base_plus,it0055,0.9617822170257568,0.9573490023612976
C3_0,wavlm_base_plus,it0056,0.90680992603302,0.9469817280769348
C3_0,wavlm_base_plus,it0057,0.908484935760498,0.9550223350524902
C3_0,wavlm_base_plus,it0058,0.8961038589477539,0.92634379863739
C3_0,wavlm_base_plus,it0059,0.9610060453414916,0.9543839693069458
C3_0,wavlm_base_plus,it0060,0.7622860074043274,0.9091346263885498
C3_0,wavlm_base_plus,it0061,0.8802976608276367,0.9022176861763
C3_0,wavlm_base_plus,it0062,0.9104743599891664,0.9673698544502258
C3_0,wavlm_base_plus,it0063,0.6630235314369202,0.794518232345581
C3_0,wavlm_base_plus,it0064,0.8758691549301147,0.9114557504653932
C3_0,wavlm_base_plus,it0065,0.9487059712409972,0.9671560525894164
C3_0,wavlm_base_plus,it0066,0.8009546995162964,0.8986570835113525
C3_0,wavlm_base_plus,it0067,0.8775045871734619,0.944476306438446
C3_0,wavlm_base_plus,it0068,0.9634397625923156,0.962442934513092
C3_0,wavlm_base_plus,it0069,0.9116135239601136,0.9142521023750304
C3_0,wavlm_base_plus,it0070,0.9319995641708374,0.9082549810409546
C3_0,wavlm_base_plus,it0071,0.9076632261276244,0.8842846155166626
C3_0,wavlm_base_plus,it0072,0.9455267190933228,0.9646201133728028
C3_0,wavlm_base_plus,it0073,0.8147792816162109,0.8556976318359375
C3_0,wavlm_base_plus,it0074,0.6633741855621338,0.8349130749702454
C3_0,wavlm_base_plus,it0075,0.9254621267318726,0.8739981055259705
C3_0,wavlm_base_plus,it0076,0.9004493355751038,0.9074618220329284
C3_0,wavlm_base_plus,it0077,0.9133647084236144,0.8855165243148804
C3_0,wavlm_base_plus,it0078,0.8624367713928223,0.8939371705055237
C3_0,wavlm_base_plus,it0079,0.957686185836792,0.9657799005508424
C3_0,wavlm_base_plus,it0080,0.8383814692497253,0.8976385593414307
C3_0,wavlm_base_plus,it0081,0.8746515512466431,0.91884845495224
C3_0,wavlm_base_plus,it0082,0.8956003785133362,0.9360731840133668
C3_0,wavlm_base_plus,it0083,0.9685222506523132,0.9569686651229858
C3_0,wavlm_base_plus,it0084,0.9255417585372924,0.9479961395263672
C3_0,wavlm_base_plus,it0085,0.9216448664665222,0.9161229133605956
C3_0,wavlm_base_plus,it0086,0.7747721672058105,0.8704007267951965
C3_0,wavlm_base_plus,it0087,0.9651217460632324,0.919708013534546
C3_0,wavlm_base_plus,it0088,0.9199901223182678,0.9226471781730652
C3_0,wavlm_base_plus,it0089,0.9043054580688475,0.927909255027771
C3_0,wavlm_base_plus,it0090,0.959400475025177,0.9732198119163512
C3_0,wavlm_base_plus,it0091,0.8803638219833374,0.9015161991119384
C3_0,wavlm_base_plus,it0092,0.8778132796287537,0.9405592083930968
C3_0,wavlm_base_plus,it0093,0.9226423501968384,0.8600582480430603
C3_0,wavlm_base_plus,it0094,0.9668269753456116,0.966879665851593
C3_0,wavlm_base_plus,it0095,0.9206294417381288,0.9413729906082152
C3_0,wavlm_base_plus,it0096,0.9479916095733644,0.96629136800766
C3_0,wavlm_base_plus,it0097,0.9652190804481506,0.9540087580680848
C3_0,wavlm_base_plus,it0098,0.949497401714325,0.9622147679328918
C3_0,wavlm_base_plus,it0099,0.7322551608085632,0.858776867389679
C3_0,wavlm_base_plus,it0100,0.9654327034950256,0.966891884803772
C3_0,wavlm_base_plus,it0101,0.92724347114563,0.9183816313743592
C3_0,wavlm_base_plus,it0102,0.8692587614059448,0.932308316230774
C3_0,wavlm_base_plus,it0103,0.8891897201538086,0.92471182346344
C3_0,wavlm_base_plus,it0104,0.9448703527450562,0.9366149306297302
C3_0,wavlm_base_plus,it0105,0.9160629510879515,0.9182393550872804
C3_0,wavlm_base_plus,it0106,0.8957454562187195,0.9021289348602296
C3_0,wavlm_base_plus,it0107,0.934930682182312,0.9357555508613586
C3_0,wavlm_base_plus,it0108,0.9122859239578248,0.9576507210731506
C3_0,wavlm_base_plus,it0109,0.9373399019241332,0.936505138874054
C3_0,wavlm_base_plus,it0110,0.6106334924697876,0.6737074255943298
C3_0,wavlm_base_plus,it0111,0.9408951997756958,0.9322851300239564
C3_0,wavlm_base_plus,it0112,0.9492038488388062,0.960439383983612
C3_0,wavlm_base_plus,it0113,0.9561382532119752,0.9518210887908936
C3_0,wavlm_base_plus,it0114,0.928057074546814,0.8766321539878845
C3_0,wavlm_base_plus,it0115,0.814650297164917,0.8885679244995117
C3_0,wavlm_base_plus,it0116,0.9149556159973145,0.9204060435295104
C3_0,wavlm_base_plus,it0117,0.9385570287704468,0.9439074397087096
C3_0,wavlm_base_plus,it0118,0.8326966762542725,0.9327448606491088
C3_0,wavlm_base_plus,it0119,0.9271336793899536,0.9196864366531372
C3_0,wavlm_base_plus,it0120,0.9654405117034912,0.960357129573822
C3_0,wavlm_base_plus,it0121,0.8905044794082642,0.9627832770347596
C3_0,wavlm_base_plus,it0122,0.9479293823242188,0.9560773968696594
C3_0,wavlm_base_plus,it0123,0.9382375478744508,0.938667058944702
C3_0,wavlm_base_plus,it0124,0.8687866926193237,0.865858793258667
C3_0,wavlm_base_plus,it0125,0.9393481016159058,0.9569731950759888
C3_0,wavlm_base_plus,it0126,0.8722907304763794,0.8999390602111816
C3_0,wavlm_base_plus,it0127,0.8896520733833313,0.8946460485458374
C3_0,wavlm_base_plus,it0128,0.9223316311836244,0.943503737449646
C3_0,wavlm_base_plus,it0129,0.883758544921875,0.9130719304084778
C3_0,wavlm_base_plus,it0130,0.8163291811943054,0.8389735221862793
C3_0,wavlm_base_plus,it0131,0.9641684293746948,0.9764560461044312
C3_0,wavlm_base_plus,it0132,0.7506762146949768,0.8697330355644226
C3_0,wavlm_base_plus,it0133,0.975068211555481,0.9653576612472534
C3_0,wavlm_base_plus,it0134,0.8527953624725342,0.910850703716278
C3_0,wavlm_base_plus,it0135,0.716126561164856,0.8792059421539307
C3_0,wavlm_base_plus,it0136,0.869827926158905,0.8868849873542786
C3_0,wavlm_base_plus,it0137,0.9044541120529176,0.9552996158599854
C3_0,wavlm_base_plus,it0138,0.8871769309043884,0.9255473613739014
C3_0,wavlm_base_plus,it0139,0.936635196208954,0.9302759170532228
C3_0,wavlm_base_plus,it0140,0.963784158229828,0.956168293952942
C3_0,wavlm_base_plus,it0141,0.8912609815597534,0.9449952840805054
C3_0,wavlm_base_plus,it0142,0.8083947896957397,0.8343631029129028
C3_0,wavlm_base_plus,it0143,0.8608406186103821,0.8997441530227661
C3_0,wavlm_base_plus,it0144,0.9475451111793518,0.9464522004127502
C3_0,wavlm_base_plus,it0145,0.8847535848617554,0.8801066875457764
C3_0,wavlm_base_plus,it0146,0.9145687222480774,0.9357537031173706
C3_0,wavlm_base_plus,it0147,0.906899631023407,0.9588789343833924
C3_0,wavlm_base_plus,it0148,0.8509080410003662,0.8574328422546387
C3_0,wavlm_base_plus,it0149,0.8675374388694763,0.906416654586792
C3_0,wavlm_base_plus,it0150,0.8247044682502747,0.9109789729118348
C3_0,wavlm_base_plus,it0151,0.836120069026947,0.867256224155426
C3_0,wavlm_base_plus,it0152,0.8790754079818726,0.9202761650085448
C3_0,wavlm_base_plus,it0153,0.9304670095443726,0.9014756679534912
C3_0,wavlm_base_plus,it0154,0.6660810708999634,0.907985270023346
C3_0,wavlm_base_plus,it0155,0.8517711758613586,0.8885953426361084
C3_0,wavlm_base_plus,it0156,0.921500027179718,0.9182693362236024
C3_0,wavlm_base_plus,it0157,0.9500051140785216,0.9490760564804076
C3_0,wavlm_base_plus,it0158,0.8797606825828552,0.9622529745101928
C3_0,wavlm_base_plus,it0159,0.9133810997009276,0.9576961994171144
C3_0,wavlm_base_plus,it0160,0.930509626865387,0.9393614530563354
C3_0,wavlm_base_plus,it0161,0.9634810090065002,0.95373797416687
C3_0,wavlm_base_plus,it0162,0.9359317421913148,0.9218060374259948
C3_0,wavlm_base_plus,it0163,0.9461557865142822,0.926977276802063
C3_0,wavlm_base_plus,it0164,0.963487446308136,0.944657862186432
C3_0,wavlm_base_plus,it0165,0.7245556712150574,0.8176190853118896
C3_0,wavlm_base_plus,it0166,0.926378607749939,0.9450679421424866
C3_0,wavlm_base_plus,it0167,0.9451510310173036,0.9493181705474854
C3_0,wavlm_base_plus,it0168,0.9601176381111144,0.9161783456802368
C3_0,wavlm_base_plus,it0169,0.916284203529358,0.9536873698234558
C3_0,wavlm_base_plus,it0170,0.929275393486023,0.9211003184318542
C3_0,wavlm_base_plus,it0171,0.9555010795593262,0.9688549637794496
C3_0,wavlm_base_plus,it0172,0.7326204776763916,0.8390946388244629
C3_0,wavlm_base_plus,it0173,0.941598117351532,0.978790521621704
C3_0,wavlm_base_plus,it0174,0.8283780813217163,0.910789966583252
C3_0,wavlm_base_plus,it0175,0.8608769774436951,0.9057582020759584
C3_0,wavlm_base_plus,it0176,0.9630960822105408,0.9539381861686708
C3_0,wavlm_base_plus,it0177,0.910180926322937,0.927869200706482
C3_0,wavlm_base_plus,it0178,0.9092423915863036,0.9149370789527892
C3_0,wavlm_base_plus,it0179,0.9612756371498108,0.9596639275550842
C3_0,wavlm_base_plus,it0180,0.9199179410934448,0.9322603940963744
C3_0,wavlm_base_plus,it0181,0.9016737937927246,0.8820863366127014
C3_0,wavlm_base_plus,it0182,0.9548604488372804,0.947556972503662
C3_0,wavlm_base_plus,it0183,0.9589280486106871,0.9723778963088988
C3_0,wavlm_base_plus,it0184,0.9099944829940796,0.8798861503601074
C3_0,wavlm_base_plus,it0185,0.9213119149208068,0.9127326607704164
C3_0,wavlm_base_plus,it0186,0.9765516519546508,0.9751352667808532
C3_0,wavlm_base_plus,it0187,0.9109510779380798,0.8985154628753662
C3_0,wavlm_base_plus,it0188,0.9349853992462158,0.8793120980262756
C3_0,wavlm_base_plus,it0189,0.9406152367591858,0.915868878364563
C3_0,wavlm_base_plus,it0190,0.9687129855155944,0.9663863182067872
C3_0,wavlm_base_plus,it0191,0.9681355357170104,0.9750552773475648
C3_0,wavlm_base_plus,it0192,0.944421648979187,0.9466130137443542
C3_0,wavlm_base_plus,it0193,0.8789230585098267,0.9279754757881165
C3_0,wavlm_base_plus,it0194,0.9198874831199646,0.9410197734832764
C3_0,wavlm_base_plus,it0195,0.9760607481002808,0.9678016304969788
C3_0,wavlm_base_plus,it0196,0.8788173198699951,0.914988100528717
C3_0,wavlm_base_plus,it0197,0.933706760406494,0.9290895462036132
C3_0,wavlm_base_plus,it0198,0.9606007933616638,0.9638800621032716
C3_0,wavlm_base_plus,it0199,0.9403026700019836,0.9518705606460572
C3_1,wavlm_large,it0000,0.2358057498931884,0.4215590059757232
C3_1,wavlm_large,it0001,0.1087489649653434,0.3166321814060211
C3_1,wavlm_large,it0002,0.2242095172405243,0.3451937139034271
C3_1,wavlm_large,it0003,0.3261679112911224,0.3759151697158813
C3_1,wavlm_large,it0004,0.409014880657196,0.392730176448822
C3_1,wavlm_large,it0005,0.3742637038230896,0.6028257012367249
C3_1,wavlm_large,it0006,0.4441647529602051,0.4266395568847656
C3_1,wavlm_large,it0007,0.3051734864711761,0.3507364988327026
C3_1,wavlm_large,it0008,0.3168561458587646,0.2213326394557953
C3_1,wavlm_large,it0009,0.4735731482505798,0.5907596349716187
C3_1,wavlm_large,it0010,0.5250099897384644,0.6158233880996704
C3_1,wavlm_large,it0011,0.4129955172538757,0.4778554141521454
C3_1,wavlm_large,it0012,0.3487817347049713,0.2446379214525222
C3_1,wavlm_large,it0013,0.6366073489189148,0.5607757568359375
C3_1,wavlm_large,it0014,0.2772051393985748,0.4959739446640014
C3_1,wavlm_large,it0015,0.5253108739852905,0.5338783860206604
C3_1,wavlm_large,it0016,0.5656282901763916,0.5082040429115295
C3_1,wavlm_large,it0017,0.3412884473800659,0.3982519209384918
C3_1,wavlm_large,it0018,0.3188005685806274,0.4624352157115936
C3_1,wavlm_large,it0019,0.5352107286453247,0.5581907629966736
C3_1,wavlm_large,it0020,0.1976836174726486,0.3465141654014587
C3_1,wavlm_large,it0021,0.29281747341156,0.3730863332748413
C3_1,wavlm_large,it0022,0.2321007400751114,0.4832580089569092
C3_1,wavlm_large,it0023,0.3947549760341644,0.5565688014030457
C3_1,wavlm_large,it0024,0.3295663893222809,0.5004588961601257
C3_1,wavlm_large,it0025,0.5032101273536682,0.6144582629203796
C3_1,wavlm_large,it0026,0.1223067417740821,0.347024530172348
C3_1,wavlm_large,it0027,0.5650023221969604,0.6912544965744019
C3_1,wavlm_large,it0028,0.501157283782959,0.5598340034484863
C3_1,wavlm_large,it0029,0.3618412911891937,0.4093749523162842
C3_1,wavlm_large,it0030,0.355245292186737,0.5252273082733154
C3_1,wavlm_large,it0031,0.2438364624977111,0.2740603983402252
C3_1,wavlm_large,it0032,0.5607159733772278,0.5559186339378357
C3_1,wavlm_large,it0033,0.2535832226276397,0.3607095777988434
C3_1,wavlm_large,it0034,0.1193095743656158,0.3493123948574066
C3_1,wavlm_large,it0035,0.319352924823761,0.2532511353492737
C3_1,wavlm_large,it0036,0.4497268795967102,0.4819517731666565
C3_1,wavlm_large,it0037,0.6119781732559204,0.5715245604515076
C3_1,wavlm_large,it0038,0.106679692864418,0.2509065568447113
C3_1,wavlm_large,it0039,0.3744378387928009,0.4600221514701843
C3_1,wavlm_large,it0040,0.1852312535047531,0.2923620939254761
C3_1,wavlm_large,it0041,0.373420238494873,0.510644793510437
C3_1,wavlm_large,it0042,0.3355563282966614,0.4532050788402557
C3_1,wavlm_large,it0043,0.212975189089775,0.4162428379058838
C3_1,wavlm_large,it0044,0.5468761324882507,0.6088279485702515
C3_1,wavlm_large,it0045,0.3510512411594391,0.3918253183364868
C3_1,wavlm_large,it0046,0.2543030381202698,0.3578153848648071
C3_1,wavlm_large,it0047,0.3972669243812561,0.4210113883018493
C3_1,wavlm_large,it0048,0.4857512712478637,0.5102605223655701
C3_1,wavlm_large,it0049,0.3888048529624939,0.4820573329925537
C3_1,wavlm_large,it0050,0.1410559564828872,0.0912464261054992
C3_1,wavlm_large,it0051,0.3710633516311645,0.4968249201774597
C3_1,wavlm_large,it0052,0.2292710244655609,0.3775492012500763
C3_1,wavlm_large,it0053,0.1306344866752624,0.3665648698806762
C3_1,wavlm_large,it0054,0.1854012906551361,0.2173250019550323
C3_1,wavlm_large,it0055,0.5336379408836365,0.5262423157691956
C3_1,wavlm_large,it0056,0.2156802415847778,0.3871390223503113
C3_1,wavlm_large,it0057,0.2404603958129882,0.417031466960907
C3_1,wavlm_large,it0058,0.2715723812580108,0.3997230529785156
C3_1,wavlm_large,it0059,0.5386338829994202,0.5588002800941467
C3_1,wavlm_large,it0060,0.3889673352241516,0.3723887205123901
C3_1,wavlm_large,it0061,0.6360518932342529,0.614031970500946
C3_1,wavlm_large,it0062,0.5597444176673889,0.6156923770904541
C3_1,wavlm_large,it0063,0.3007247745990753,0.4454561471939087
C3_1,wavlm_large,it0064,0.285118818283081,0.4374189376831054
C3_1,wavlm_large,it0065,0.4991035461425781,0.629956841468811
C3_1,wavlm_large,it0066,0.402254968881607,0.3700172007083893
C3_1,wavlm_large,it0067,0.2825025022029876,0.3387638032436371
C3_1,wavlm_large,it0068,0.6751789450645447,0.5870020389556885
C3_1,wavlm_large,it0069,0.4641715586185455,0.3906302750110626
C3_1,wavlm_large,it0070,0.30596923828125,0.3823623657226562
C3_1,wavlm_large,it0071,0.4205277264118194,0.5434296727180481
C3_1,wavlm_large,it0072,0.4773067831993103,0.511613667011261
C3_1,wavlm_large,it0073,0.0441102236509323,0.3774520754814148
C3_1,wavlm_large,it0074,0.2201738804578781,0.2854376435279846
C3_1,wavlm_large,it0075,0.3604119718074798,0.3965361714363098
C3_1,wavlm_large,it0076,0.2928699851036072,0.3460896909236908
C3_1,wavlm_large,it0077,0.5005480051040649,0.619350016117096
C3_1,wavlm_large,it0078,0.3375864624977112,0.4648784697055816
C3_1,wavlm_large,it0079,0.5669926404953003,0.6079868674278259
C3_1,wavlm_large,it0080,0.2507893145084381,0.2573514878749847
C3_1,wavlm_large,it0081,0.3518034219741821,0.363325834274292
C3_1,wavlm_large,it0082,0.4651776254177093,0.4297405183315277
C3_1,wavlm_large,it0083,0.3241831958293915,0.4158410429954529
C3_1,wavlm_large,it0084,0.4978198707103729,0.4697491824626922
C3_1,wavlm_large,it0085,0.4528039097785949,0.4936565458774566
C3_1,wavlm_large,it0086,0.5145483016967773,0.5401034951210022
C3_1,wavlm_large,it0087,0.6239689588546753,0.5921252369880676
C3_1,wavlm_large,it0088,0.2496456801891327,0.3406220376491546
C3_1,wavlm_large,it0089,0.2456844896078109,0.3539395332336426
C3_1,wavlm_large,it0090,0.4479750990867615,0.5503681898117065
C3_1,wavlm_large,it0091,0.6012943983078003,0.5621215105056763
C3_1,wavlm_large,it0092,0.4129969775676727,0.4677849411964416
C3_1,wavlm_large,it0093,0.3907109498977661,0.4302716851234436
C3_1,wavlm_large,it0094,0.4928596913814544,0.5135959982872009
C3_1,wavlm_large,it0095,0.38960662484169,0.4239774346351623
C3_1,wavlm_large,it0096,0.3690153062343597,0.3952211737632751
C3_1,wavlm_large,it0097,0.6215686798095703,0.6327099204063416
C3_1,wavlm_large,it0098,0.3226057589054107,0.4502783119678497
C3_1,wavlm_large,it0099,0.1459463387727737,0.2268743366003036
C3_1,wavlm_large,it0100,0.5554661750793457,0.6043340563774109
C3_1,wavlm_large,it0101,0.1445844024419784,0.2751019299030304
C3_1,wavlm_large,it0102,0.3891447782516479,0.4309999346733093
C3_1,wavlm_large,it0103,0.4336303472518921,0.5227643251419067
C3_1,wavlm_large,it0104,0.5147964358329773,0.4728526771068573
C3_1,wavlm_large,it0105,0.6208914518356323,0.5805106163024902
C3_1,wavlm_large,it0106,0.5242366194725037,0.509678065776825
C3_1,wavlm_large,it0107,0.4052234590053558,0.5136863589286804
C3_1,wavlm_large,it0108,0.3318398594856262,0.4919551014900207
C3_1,wavlm_large,it0109,0.372074693441391,0.3866694569587707
C3_1,wavlm_large,it0110,0.2758612036705017,0.3928089737892151
C3_1,wavlm_large,it0111,0.1211325898766517,0.1923902332782745
C3_1,wavlm_large,it0112,0.5201672911643982,0.6008351445198059
C3_1,wavlm_large,it0113,0.4369634985923767,0.4571224451065063
C3_1,wavlm_large,it0114,0.3988120555877685,0.493040919303894
C3_1,wavlm_large,it0115,0.2067774832248687,0.2593213021755218
C3_1,wavlm_large,it0116,0.2609558701515198,0.3566607236862182
C3_1,wavlm_large,it0117,0.5715571045875549,0.6008199453353882
C3_1,wavlm_large,it0118,0.4929789900779724,0.5811331272125244
C3_1,wavlm_large,it0119,0.614342451095581,0.699596643447876
C3_1,wavlm_large,it0120,0.5013784766197205,0.5530421137809753
C3_1,wavlm_large,it0121,0.2645975947380066,0.4554184377193451
C3_1,wavlm_large,it0122,0.2240435183048248,0.2949500679969787
C3_1,wavlm_large,it0123,0.3991721272468567,0.4939906895160675
C3_1,wavlm_large,it0124,0.3558572232723236,0.4438840448856354
C3_1,wavlm_large,it0125,0.4238457381725311,0.4293644726276397
C3_1,wavlm_large,it0126,0.4183287024497986,0.45368492603302
C3_1,wavlm_large,it0127,0.172181487083435,0.4132001399993896
C3_1,wavlm_large,it0128,0.3338600993156433,0.2867046296596527
C3_1,wavlm_large,it0129,0.2113204598426818,0.2718906998634338
C3_1,wavlm_large,it0130,0.257339209318161,0.4577374756336212
C3_1,wavlm_large,it0131,0.4608222842216491,0.5045607686042786
C3_1,wavlm_large,it0132,0.290308803319931,0.2739666104316711
C3_1,wavlm_large,it0133,0.5626360177993774,0.6002058386802673
C3_1,wavlm_large,it0134,0.4077003896236419,0.3892951011657715
C3_1,wavlm_large,it0135,0.3116284906864166,0.4413166046142578
C3_1,wavlm_large,it0136,0.3521118462085724,0.4519625604152679
C3_1,wavlm_large,it0137,0.4747540652751922,0.4186936616897583
C3_1,wavlm_large,it0138,0.6657503247261047,0.6459961533546448
C3_1,wavlm_large,it0139,0.3671474158763885,0.4937703311443329
C3_1,wavlm_large,it0140,0.3794944584369659,0.4109604358673095
C3_1,wavlm_large,it0141,0.5912914872169495,0.6900297403335571
C3_1,wavlm_large,it0142,0.2971536219120025,0.2571762204170227
C3_1,wavlm_large,it0143,0.4675019383430481,0.5291517376899719
C3_1,wavlm_large,it0144,0.3320372402667999,0.3770513236522674
C3_1,wavlm_large,it0145,0.5229446887969971,0.6029072999954224
C3_1,wavlm_large,it0146,0.4336302280426025,0.4768130779266357
C3_1,wavlm_large,it0147,0.3275107741355896,0.4551020860671997
C3_1,wavlm_large,it0148,0.2408662885427475,0.232683315873146
C3_1,wavlm_large,it0149,0.4090912342071533,0.4718368053436279
C3_1,wavlm_large,it0150,0.4129759669303894,0.4375608563423157
C3_1,wavlm_large,it0151,0.5656710863113403,0.526777982711792
C3_1,wavlm_large,it0152,0.3594136238098144,0.5147565007209778
C3_1,wavlm_large,it0153,0.2718800902366638,0.445845365524292
C3_1,wavlm_large,it0154,0.0394493527710437,0.3082423210144043
C3_1,wavlm_large,it0155,0.1289640516042709,0.3004320859909057
C3_1,wavlm_large,it0156,0.2318911701440811,0.3120262622833252
C3_1,wavlm_large,it0157,0.4349024891853332,0.5454076528549194
C3_1,wavlm_large,it0158,0.085276648402214,0.3897945284843445
C3_1,wavlm_large,it0159,0.2367575168609619,0.3763920366764068
C3_1,wavlm_large,it0160,0.4331763386726379,0.5030470490455627
C3_1,wavlm_large,it0161,0.3317370414733886,0.3738961219787597
C3_1,wavlm_large,it0162,0.1758317053318023,0.3015481829643249
C3_1,wavlm_large,it0163,0.3523449301719665,0.4244882464408874
C3_1,wavlm_large,it0164,0.2753967642784118,0.3561819195747375
C3_1,wavlm_large,it0165,0.3702833950519562,0.4002754688262939
C3_1,wavlm_large,it0166,0.2804866433143616,0.3888518214225769
C3_1,wavlm_large,it0167,0.4658332467079162,0.5487076640129089
C3_1,wavlm_large,it0168,0.1993720680475235,0.2894700169563293
C3_1,wavlm_large,it0169,0.4143450558185577,0.4186040163040161
C3_1,wavlm_large,it0170,0.4083885550498962,0.3785339593887329
C3_1,wavlm_large,it0171,0.5661623477935791,0.6673004627227783
C3_1,wavlm_large,it0172,0.2859382629394531,0.4302886128425598
C3_1,wavlm_large,it0173,0.5257383584976196,0.6459318399429321
C3_1,wavlm_large,it0174,0.3387947678565979,0.4804242551326751
C3_1,wavlm_large,it0175,0.2378718107938766,0.2226715832948684
C3_1,wavlm_large,it0176,0.3000595271587372,0.3892931044101715
C3_1,wavlm_large,it0177,0.4330730438232422,0.5233155488967896
C3_1,wavlm_large,it0178,0.0653537809848785,0.3007550239562988
C3_1,wavlm_large,it0179,0.591161847114563,0.6536940932273865
C3_1,wavlm_large,it0180,0.5291935205459595,0.6090050935745239
C3_1,wavlm_large,it0181,0.5398092269897461,0.5161923170089722
C3_1,wavlm_large,it0182,0.2973762154579162,0.5254953503608704
C3_1,wavlm_large,it0183,0.5378192663192749,0.5368638038635254
C3_1,wavlm_large,it0184,0.1515964567661285,0.2896747887134552
C3_1,wavlm_large,it0185,0.4800335466861725,0.5507660508155823
C3_1,wavlm_large,it0186,0.3822518587112427,0.5301858186721802
C3_1,wavlm_large,it0187,0.4332255423069,0.4760229289531708
C3_1,wavlm_large,it0188,0.4288580417633056,0.4964039921760559
C3_1,wavlm_large,it0189,0.2068056762218475,0.4703223705291748
C3_1,wavlm_large,it0190,0.4945361614227295,0.507367730140686
C3_1,wavlm_large,it0191,0.4293522834777832,0.2880144417285919
C3_1,wavlm_large,it0192,0.6655849814414978,0.6522488594055176
C3_1,wavlm_large,it0193,0.161028653383255,0.2735841274261474
C3_1,wavlm_large,it0194,0.5777668952941895,0.6319789886474609
C3_1,wavlm_large,it0195,0.5336139798164368,0.511581301689148
C3_1,wavlm_large,it0196,0.3700420260429382,0.3946669101715088
C3_1,wavlm_large,it0197,0.2046889364719391,0.3833725750446319
C3_1,wavlm_large,it0198,0.0166152752935886,0.1269895285367965
C3_1,wavlm_large,it0199,0.3459403812885284,0.4954912662506103
C3_1,ecapa,it0000,0.364162802696228,0.4721606075763702
C3_1,ecapa,it0001,0.3705812990665436,0.4063210487365722
C3_1,ecapa,it0002,0.2507008016109466,0.2374751418828964
C3_1,ecapa,it0003,0.4791991114616394,0.4448358118534088
C3_1,ecapa,it0004,0.4872496128082275,0.4275640547275543
C3_1,ecapa,it0005,0.378341406583786,0.4956945180892944
C3_1,ecapa,it0006,0.474132239818573,0.3158553540706634
C3_1,ecapa,it0007,0.3316114246845245,0.3174337148666382
C3_1,ecapa,it0008,0.4290058612823486,0.3914956450462341
C3_1,ecapa,it0009,0.4812606871128082,0.5479912161827087
C3_1,ecapa,it0010,0.5533810257911682,0.6180564165115356
C3_1,ecapa,it0011,0.4842257797718048,0.4696375429630279
C3_1,ecapa,it0012,0.2953574359416961,0.4157779216766357
C3_1,ecapa,it0013,0.5131039619445801,0.4905670285224914
C3_1,ecapa,it0014,0.4940897226333618,0.4326846301555633
C3_1,ecapa,it0015,0.4862731099128723,0.523025631904602
C3_1,ecapa,it0016,0.6379454135894775,0.5778846740722656
C3_1,ecapa,it0017,0.4686713814735412,0.4475346803665161
C3_1,ecapa,it0018,0.3182697594165802,0.4596695303916931
C3_1,ecapa,it0019,0.6506434679031372,0.583594799041748
C3_1,ecapa,it0020,0.3374367654323578,0.3500262200832367
C3_1,ecapa,it0021,0.3183779120445251,0.4127594828605652
C3_1,ecapa,it0022,0.3694142699241638,0.4446252584457397
C3_1,ecapa,it0023,0.5932213068008423,0.6502383351325989
C3_1,ecapa,it0024,0.5165103077888489,0.6586721539497375
C3_1,ecapa,it0025,0.5732002854347229,0.571726381778717
C3_1,ecapa,it0026,0.2837022244930267,0.3392159342765808
C3_1,ecapa,it0027,0.6753721833229065,0.7217110395431519
C3_1,ecapa,it0028,0.493057370185852,0.5039311051368713
C3_1,ecapa,it0029,0.2333828508853912,0.3790476620197296
C3_1,ecapa,it0030,0.5234848260879517,0.6400007605552673
C3_1,ecapa,it0031,0.2538294792175293,0.3949945569038391
C3_1,ecapa,it0032,0.5986812710762024,0.6602951884269714
C3_1,ecapa,it0033,0.2988154590129852,0.3463398814201355
C3_1,ecapa,it0034,0.349219411611557,0.4075701236724853
C3_1,ecapa,it0035,0.3807601630687713,0.2865622341632843
C3_1,ecapa,it0036,0.6072975397109985,0.5677667856216431
C3_1,ecapa,it0037,0.5270530581474304,0.5050387978553772
C3_1,ecapa,it0038,0.3349629044532776,0.4410950839519501
C3_1,ecapa,it0039,0.3716893196105957,0.4802547097206116
C3_1,ecapa,it0040,0.3561380505561828,0.3976297378540039
C3_1,ecapa,it0041,0.5919876098632812,0.5841624140739441
C3_1,ecapa,it0042,0.4046394824981689,0.4578477740287781
C3_1,ecapa,it0043,0.2491129785776138,0.3971794843673706
C3_1,ecapa,it0044,0.5536884069442749,0.6067005395889282
C3_1,ecapa,it0045,0.170588344335556,0.2525223791599273
C3_1,ecapa,it0046,0.399477869272232,0.3759327530860901
C3_1,ecapa,it0047,0.418592631816864,0.2954240143299103
C3_1,ecapa,it0048,0.5414149165153503,0.5248748064041138
C3_1,ecapa,it0049,0.307886928319931,0.2900563776493072
C3_1,ecapa,it0050,0.2182610630989074,0.2210298180580139
C3_1,ecapa,it0051,0.1808988451957702,0.2560601234436035
C3_1,ecapa,it0052,0.1658046841621399,0.3577783405780792
C3_1,ecapa,it0053,0.0940885245800018,0.31389981508255
C3_1,ecapa,it0054,0.3703623116016388,0.2531064450740814
C3_1,ecapa,it0055,0.5169094204902649,0.5170392990112305
C3_1,ecapa,it0056,0.4071766436100006,0.416563332080841
C3_1,ecapa,it0057,0.4147821962833404,0.5893875360488892
C3_1,ecapa,it0058,0.2564789652824402,0.3742223381996155
C3_1,ecapa,it0059,0.5249706506729126,0.5502492189407349
C3_1,ecapa,it0060,0.3834749162197113,0.442583680152893
C3_1,ecapa,it0061,0.5185278654098511,0.5329592823982239
C3_1,ecapa,it0062,0.5980504751205444,0.5231060981750488
C3_1,ecapa,it0063,0.4921367764472961,0.4188094437122345
C3_1,ecapa,it0064,0.2956826686859131,0.2947433292865753
C3_1,ecapa,it0065,0.5124450922012329,0.6218490600585938
C3_1,ecapa,it0066,0.2828980088233948,0.3867954611778259
C3_1,ecapa,it0067,0.2754219472408294,0.3306378126144409
C3_1,ecapa,it0068,0.6595076322555542,0.6982194781303406
C3_1,ecapa,it0069,0.3716759979724884,0.3731392621994018
C3_1,ecapa,it0070,0.310532808303833,0.4283789098262787
C3_1,ecapa,it0071,0.5233307480812073,0.5615988373756409
C3_1,ecapa,it0072,0.5281107425689697,0.4379445314407348
C3_1,ecapa,it0073,0.1628499180078506,0.1282569020986557
C3_1,ecapa,it0074,0.3213182985782623,0.2691057920455932
C3_1,ecapa,it0075,0.3202503621578216,0.4242494106292724
C3_1,ecapa,it0076,0.5212035179138184,0.561575174331665
C3_1,ecapa,it0077,0.4442252516746521,0.4825320839881897
C3_1,ecapa,it0078,0.354215919971466,0.3961536884307861
C3_1,ecapa,it0079,0.633931040763855,0.638652503490448
C3_1,ecapa,it0080,0.3547001779079437,0.405042290687561
C3_1,ecapa,it0081,0.3831791281700134,0.3702871799468994
C3_1,ecapa,it0082,0.4145767092704773,0.506212592124939
C3_1,ecapa,it0083,0.4873718023300171,0.5077069997787476
C3_1,ecapa,it0084,0.6415987610816956,0.6144541501998901
C3_1,ecapa,it0085,0.4902656674385071,0.6145304441452026
C3_1,ecapa,it0086,0.5389167070388794,0.6151258945465088
C3_1,ecapa,it0087,0.5301895141601562,0.4688189923763275
C3_1,ecapa,it0088,0.2545210719108581,0.417739987373352
C3_1,ecapa,it0089,0.4142594337463379,0.5151512622833252
C3_1,ecapa,it0090,0.4879064559936523,0.6894299983978271
C3_1,ecapa,it0091,0.578477144241333,0.5529072284698486
C3_1,ecapa,it0092,0.4439048171043396,0.5776005387306213
C3_1,ecapa,it0093,0.5804753303527832,0.516499936580658
C3_1,ecapa,it0094,0.4767429232597351,0.3458724021911621
C3_1,ecapa,it0095,0.3143171370029449,0.4145701825618744
C3_1,ecapa,it0096,0.4708568453788757,0.5096038579940796
C3_1,ecapa,it0097,0.6490183472633362,0.6283190846443176
C3_1,ecapa,it0098,0.5293827056884766,0.5235320925712585
C3_1,ecapa,it0099,0.2691633999347687,0.2580409049987793
C3_1,ecapa,it0100,0.5395481586456299,0.5570730566978455
C3_1,ecapa,it0101,0.1867390275001526,0.1271562427282333
C3_1,ecapa,it0102,0.3388761878013611,0.4029559195041656
C3_1,ecapa,it0103,0.4195161759853363,0.3967677354812622
C3_1,ecapa,it0104,0.4571827352046966,0.5891938209533691
C3_1,ecapa,it0105,0.4250500500202179,0.3885140419006347
C3_1,ecapa,it0106,0.3607938289642334,0.3876985907554626
C3_1,ecapa,it0107,0.3892143368721008,0.5068548321723938
C3_1,ecapa,it0108,0.4493078291416168,0.5175361633300781
C3_1,ecapa,it0109,0.4268985092639923,0.4534364640712738
C3_1,ecapa,it0110,0.131743311882019,0.1557355374097824
C3_1,ecapa,it0111,0.1848068684339523,0.3518303632736206
C3_1,ecapa,it0112,0.6663461327552795,0.6825054883956909
C3_1,ecapa,it0113,0.5002009272575378,0.4996048212051391
C3_1,ecapa,it0114,0.449126124382019,0.4732206463813782
C3_1,ecapa,it0115,0.3186563849449157,0.3867357969284057
C3_1,ecapa,it0116,0.4950495958328247,0.5336682796478271
C3_1,ecapa,it0117,0.4979962110519409,0.4367125034332275
C3_1,ecapa,it0118,0.4973407089710235,0.6905514597892761
C3_1,ecapa,it0119,0.4849153459072113,0.5814918279647827
C3_1,ecapa,it0120,0.4819915890693664,0.5791841149330139
C3_1,ecapa,it0121,0.4619150459766388,0.4924874305725097
C3_1,ecapa,it0122,0.2061788588762283,0.1078385561704635
C3_1,ecapa,it0123,0.4122861921787262,0.3018357753753662
C3_1,ecapa,it0124,0.4862022995948791,0.5841288566589355
C3_1,ecapa,it0125,0.4645483493804931,0.5165108442306519
C3_1,ecapa,it0126,0.459927886724472,0.4095215201377868
C3_1,ecapa,it0127,0.2026120722293853,0.3231467008590698
C3_1,ecapa,it0128,0.4037162661552429,0.2868545055389404
C3_1,ecapa,it0129,0.3661393225193023,0.4422318637371063
C3_1,ecapa,it0130,0.2393411546945572,0.2845892310142517
C3_1,ecapa,it0131,0.3867521584033966,0.4322267770767212
C3_1,ecapa,it0132,0.3919860422611236,0.3297951817512512
C3_1,ecapa,it0133,0.5319993495941162,0.5939476490020752
C3_1,ecapa,it0134,0.3836839497089386,0.3500255048274994
C3_1,ecapa,it0135,0.3011648058891296,0.4173711538314819
C3_1,ecapa,it0136,0.4094616770744324,0.4128145575523376
C3_1,ecapa,it0137,0.4311423897743225,0.5052507519721985
C3_1,ecapa,it0138,0.5756429433822632,0.5455672740936279
C3_1,ecapa,it0139,0.5378045439720154,0.5924801826477051
C3_1,ecapa,it0140,0.4295508563518524,0.4122539460659027
C3_1,ecapa,it0141,0.5083224177360535,0.5805511474609375
C3_1,ecapa,it0142,0.2010900378227234,0.2052808254957199
C3_1,ecapa,it0143,0.4067912101745605,0.3308210074901581
C3_1,ecapa,it0144,0.5869548320770264,0.4952916800975799
C3_1,ecapa,it0145,0.4950193464756012,0.5322751998901367
C3_1,ecapa,it0146,0.4555980563163757,0.5114248394966125
C3_1,ecapa,it0147,0.3110699951648712,0.5234860181808472
C3_1,ecapa,it0148,0.1775372922420501,0.1408423781394958
C3_1,ecapa,it0149,0.5228226184844971,0.3773022592067718
C3_1,ecapa,it0150,0.4269656240940094,0.4402348101139068
C3_1,ecapa,it0151,0.6269910931587219,0.6699284911155701
C3_1,ecapa,it0152,0.4440856575965881,0.5077972412109375
C3_1,ecapa,it0153,0.2897070348262787,0.3412804007530212
C3_1,ecapa,it0154,0.2355571091175079,0.4222092628479004
C3_1,ecapa,it0155,0.2230860292911529,0.2768492400646209
C3_1,ecapa,it0156,0.2574801743030548,0.2770791053771972
C3_1,ecapa,it0157,0.5349926948547363,0.5961459875106812
C3_1,ecapa,it0158,0.2792501449584961,0.36222705245018
C3_1,ecapa,it0159,0.4168978035449981,0.4684062898159027
C3_1,ecapa,it0160,0.5743464827537537,0.607622504234314
C3_1,ecapa,it0161,0.4587429761886596,0.380796879529953
C3_1,ecapa,it0162,0.1301732808351516,0.1160911619663238
C3_1,ecapa,it0163,0.4432832300662994,0.5096225142478943
C3_1,ecapa,it0164,0.4317488968372345,0.43398317694664
C3_1,ecapa,it0165,0.3873592615127563,0.5202207565307617
C3_1,ecapa,it0166,0.5767027735710144,0.5161067843437195
C3_1,ecapa,it0167,0.3458954095840454,0.4400392174720764
C3_1,ecapa,it0168,0.3017554879188537,0.2877172529697418
C3_1,ecapa,it0169,0.3848872780799866,0.4567998647689819
C3_1,ecapa,it0170,0.3884115219116211,0.418729692697525
C3_1,ecapa,it0171,0.6805294752120972,0.7187779545783997
C3_1,ecapa,it0172,0.2373713701963424,0.3228298127651214
C3_1,ecapa,it0173,0.6313313245773315,0.6552151441574097
C3_1,ecapa,it0174,0.47486412525177,0.4873392879962921
C3_1,ecapa,it0175,0.2480276525020599,0.1338483542203903
C3_1,ecapa,it0176,0.2909278571605682,0.5234336256980896
C3_1,ecapa,it0177,0.456756055355072,0.4234213829040527
C3_1,ecapa,it0178,0.2697659134864807,0.4664245247840881
C3_1,ecapa,it0179,0.6074416041374207,0.6585049629211426
C3_1,ecapa,it0180,0.5028484463691711,0.516917884349823
C3_1,ecapa,it0181,0.5163834095001221,0.524626612663269
C3_1,ecapa,it0182,0.4860049486160278,0.5565156936645508
C3_1,ecapa,it0183,0.5052345991134644,0.5660337209701538
C3_1,ecapa,it0184,0.2496294826269149,0.270080953836441
C3_1,ecapa,it0185,0.4177155196666717,0.5120769739151001
C3_1,ecapa,it0186,0.5377448201179504,0.474470853805542
C3_1,ecapa,it0187,0.4231500029563904,0.4693420827388763
C3_1,ecapa,it0188,0.5572291016578674,0.5792860984802246
C3_1,ecapa,it0189,0.2772342264652252,0.467782974243164
C3_1,ecapa,it0190,0.6283941268920898,0.5776224136352539
C3_1,ecapa,it0191,0.4729233980178833,0.4875061810016632
C3_1,ecapa,it0192,0.6115812063217163,0.5233147740364075
C3_1,ecapa,it0193,0.3907687067985534,0.5344459414482117
C3_1,ecapa,it0194,0.6838394999504089,0.6473330855369568
C3_1,ecapa,it0195,0.5908529162406921,0.6188392043113708
C3_1,ecapa,it0196,0.4682475626468658,0.4829584658145904
C3_1,ecapa,it0197,0.4151846170425415,0.4136375486850738
C3_1,ecapa,it0198,0.1370190531015396,0.1734515130519867
C3_1,ecapa,it0199,0.4398560523986816,0.4031248092651367
C3_1,ge2e,it0000,0.7166742086410522,0.8137475252151489
C3_1,ge2e,it0001,0.8759225606918335,0.8490513563156128
C3_1,ge2e,it0002,0.6908932328224182,0.6795223355293274
C3_1,ge2e,it0003,0.7751897573471069,0.716521680355072
C3_1,ge2e,it0004,0.7550173401832581,0.8507677316665649
C3_1,ge2e,it0005,0.8557260036468506,0.8568772673606873
C3_1,ge2e,it0006,0.759343683719635,0.7262742519378662
C3_1,ge2e,it0007,0.7388156652450562,0.7667160630226135
C3_1,ge2e,it0008,0.8130643963813782,0.8346002697944641
C3_1,ge2e,it0009,0.8255837559700012,0.9023486971855164
C3_1,ge2e,it0010,0.8254570960998535,0.8680422902107239
C3_1,ge2e,it0011,0.880324125289917,0.8705716133117676
C3_1,ge2e,it0012,0.7214900255203247,0.8154403567314148
C3_1,ge2e,it0013,0.823897123336792,0.8154461979866028
C3_1,ge2e,it0014,0.7817023396492004,0.792691171169281
C3_1,ge2e,it0015,0.816091775894165,0.8529051542282104
C3_1,ge2e,it0016,0.7682697176933289,0.7348222136497498
C3_1,ge2e,it0017,0.8389862775802612,0.8377658128738403
C3_1,ge2e,it0018,0.8200699687004089,0.8171296119689941
C3_1,ge2e,it0019,0.794577956199646,0.8084551095962524
C3_1,ge2e,it0020,0.7228284478187561,0.791263222694397
C3_1,ge2e,it0021,0.8148988485336304,0.8245143890380859
C3_1,ge2e,it0022,0.7034929394721985,0.7732486724853516
C3_1,ge2e,it0023,0.8464622497558594,0.8772749900817871
C3_1,ge2e,it0024,0.8466505408287048,0.8444125056266785
C3_1,ge2e,it0025,0.8523020148277283,0.8648542165756226
C3_1,ge2e,it0026,0.6787291169166565,0.7480367422103882
C3_1,ge2e,it0027,0.8002984523773193,0.8418500423431396
C3_1,ge2e,it0028,0.8534311056137085,0.8392483592033386
C3_1,ge2e,it0029,0.8008915781974792,0.8166378736495972
C3_1,ge2e,it0030,0.8612576723098755,0.8788668513298035
C3_1,ge2e,it0031,0.7448083162307739,0.776824414730072
C3_1,ge2e,it0032,0.805131733417511,0.8663522005081177
C3_1,ge2e,it0033,0.77659010887146,0.7866271138191223
C3_1,ge2e,it0034,0.8360751271247864,0.8498327732086182
C3_1,ge2e,it0035,0.684658944606781,0.7480970621109009
C3_1,ge2e,it0036,0.8444492816925049,0.8124443292617798
C3_1,ge2e,it0037,0.8748091459274292,0.8513883948326111
C3_1,ge2e,it0038,0.7942531108856201,0.8558120131492615
C3_1,ge2e,it0039,0.7827208042144775,0.8390740752220154
C3_1,ge2e,it0040,0.7803024649620056,0.801823616027832
C3_1,ge2e,it0041,0.8355062007904053,0.8675364255905151
C3_1,ge2e,it0042,0.7986049652099609,0.8227206468582153
C3_1,ge2e,it0043,0.7295011281967163,0.8014935255050659
C3_1,ge2e,it0044,0.7701455354690552,0.7569461464881897
C3_1,ge2e,it0045,0.7811774015426636,0.7906790971755981
C3_1,ge2e,it0046,0.7500265836715698,0.757299542427063
C3_1,ge2e,it0047,0.7622026801109314,0.7720450758934021
C3_1,ge2e,it0048,0.8313270807266235,0.8749491572380066
C3_1,ge2e,it0049,0.8537880778312683,0.8470802903175354
C3_1,ge2e,it0050,0.7935835123062134,0.7709435224533081
C3_1,ge2e,it0051,0.827103316783905,0.8394786715507507
C3_1,ge2e,it0052,0.7920982241630554,0.7941534519195557
C3_1,ge2e,it0053,0.7009959816932678,0.792240560054779
C3_1,ge2e,it0054,0.7698889970779419,0.8094936013221741
C3_1,ge2e,it0055,0.728255569934845,0.7176928520202637
C3_1,ge2e,it0056,0.8829066157341003,0.8479264974594116
C3_1,ge2e,it0057,0.7813196182250977,0.846241295337677
C3_1,ge2e,it0058,0.7430090308189392,0.7949594259262085
C3_1,ge2e,it0059,0.8733657598495483,0.8405935764312744
C3_1,ge2e,it0060,0.8480227589607239,0.8690889477729797
C3_1,ge2e,it0061,0.8480502963066101,0.8561235070228577
C3_1,ge2e,it0062,0.8588733673095703,0.8770371079444885
C3_1,ge2e,it0063,0.7298038005828857,0.6877577304840088
C3_1,ge2e,it0064,0.8003764152526855,0.7836517095565796
C3_1,ge2e,it0065,0.8007012009620667,0.8484687209129333
C3_1,ge2e,it0066,0.7501693964004517,0.6739959120750427
C3_1,ge2e,it0067,0.8527354001998901,0.857242226600647
C3_1,ge2e,it0068,0.8744699358940125,0.881984531879425
C3_1,ge2e,it0069,0.7994633913040161,0.7858709096908569
C3_1,ge2e,it0070,0.7422564029693604,0.7576037049293518
C3_1,ge2e,it0071,0.8067604899406433,0.828721284866333
C3_1,ge2e,it0072,0.8647052049636841,0.872799813747406
C3_1,ge2e,it0073,0.7562512755393982,0.7767125368118286
C3_1,ge2e,it0074,0.794462263584137,0.7729231119155884
C3_1,ge2e,it0075,0.8070813417434692,0.8613101243972778
C3_1,ge2e,it0076,0.8580566644668579,0.8810577392578125
C3_1,ge2e,it0077,0.7331651449203491,0.7964046001434326
C3_1,ge2e,it0078,0.7187621593475342,0.789996862411499
C3_1,ge2e,it0079,0.7930879592895508,0.8021278381347656
C3_1,ge2e,it0080,0.7456678152084351,0.7934198379516602
C3_1,ge2e,it0081,0.8390918970108032,0.8476978540420532
C3_1,ge2e,it0082,0.8439596891403198,0.8728762865066528
C3_1,ge2e,it0083,0.8629779815673828,0.8655446767807007
C3_1,ge2e,it0084,0.8979842066764832,0.8983040452003479
C3_1,ge2e,it0085,0.8402807712554932,0.8053044676780701
C3_1,ge2e,it0086,0.7783971428871155,0.8487860560417175
C3_1,ge2e,it0087,0.793663501739502,0.8333780765533447
C3_1,ge2e,it0088,0.7805657386779785,0.8478916883468628
C3_1,ge2e,it0089,0.8458093404769897,0.8091438412666321
C3_1,ge2e,it0090,0.8413491249084473,0.8970620036125183
C3_1,ge2e,it0091,0.8475366830825806,0.8495404720306396
C3_1,ge2e,it0092,0.6974900960922241,0.8264464735984802
C3_1,ge2e,it0093,0.8185766339302063,0.8353686332702637
C3_1,ge2e,it0094,0.7613113522529602,0.7784469127655029
C3_1,ge2e,it0095,0.8552014231681824,0.8515170216560364
C3_1,ge2e,it0096,0.78825843334198,0.7944796681404114
C3_1,ge2e,it0097,0.8288455009460449,0.8590317964553833
C3_1,ge2e,it0098,0.8589432835578918,0.8808812499046326
C3_1,ge2e,it0099,0.762477457523346,0.7056248784065247
C3_1,ge2e,it0100,0.8460871577262878,0.8732722401618958
C3_1,ge2e,it0101,0.651612401008606,0.6844260096549988
C3_1,ge2e,it0102,0.8937522768974304,0.8876658082008362
C3_1,ge2e,it0103,0.8204019069671631,0.7702106237411499
C3_1,ge2e,it0104,0.8679619431495667,0.8452586531639099
C3_1,ge2e,it0105,0.8775843381881714,0.8440947532653809
C3_1,ge2e,it0106,0.8472970128059387,0.8276413679122925
C3_1,ge2e,it0107,0.7768678665161133,0.8408589363098145
C3_1,ge2e,it0108,0.8229572176933289,0.8370178937911987
C3_1,ge2e,it0109,0.7810748815536499,0.8197759389877319
C3_1,ge2e,it0110,0.7555878758430481,0.7596643567085266
C3_1,ge2e,it0111,0.8141815066337585,0.8475486040115356
C3_1,ge2e,it0112,0.9243400692939758,0.9129096269607544
C3_1,ge2e,it0113,0.8454208970069885,0.8579754829406738
C3_1,ge2e,it0114,0.8107955455780029,0.826434850692749
C3_1,ge2e,it0115,0.8419275879859924,0.8474263548851013
C3_1,ge2e,it0116,0.8380679488182068,0.8122114539146423
C3_1,ge2e,it0117,0.8441780805587769,0.8373207449913025
C3_1,ge2e,it0118,0.7946038842201233,0.8490954637527466
C3_1,ge2e,it0119,0.7982591986656189,0.7910541296005249
C3_1,ge2e,it0120,0.7580179572105408,0.7985963225364685
C3_1,ge2e,it0121,0.8227682709693909,0.8302379846572876
C3_1,ge2e,it0122,0.7562683820724487,0.7969785332679749
C3_1,ge2e,it0123,0.7621188163757324,0.7651008367538452
C3_1,ge2e,it0124,0.8479067087173462,0.862688422203064
C3_1,ge2e,it0125,0.8881280422210693,0.8912060260772705
C3_1,ge2e,it0126,0.8309885263442993,0.8498416543006897
C3_1,ge2e,it0127,0.7635165452957153,0.7917730808258057
C3_1,ge2e,it0128,0.7927289605140686,0.8023068308830261
C3_1,ge2e,it0129,0.7897555232048035,0.7652782201766968
C3_1,ge2e,it0130,0.8462582230567932,0.8303104639053345
C3_1,ge2e,it0131,0.8268247842788696,0.8263837695121765
C3_1,ge2e,it0132,0.824674129486084,0.8139870762825012
C3_1,ge2e,it0133,0.8614059090614319,0.8817909955978394
C3_1,ge2e,it0134,0.7193483114242554,0.75991290807724
C3_1,ge2e,it0135,0.7583271265029907,0.8088618516921997
C3_1,ge2e,it0136,0.8408995866775513,0.8705754280090332
C3_1,ge2e,it0137,0.8270235061645508,0.7920189499855042
C3_1,ge2e,it0138,0.8733798265457153,0.8009634613990784
C3_1,ge2e,it0139,0.8675188422203064,0.8424063324928284
C3_1,ge2e,it0140,0.8341243267059326,0.8393953442573547
C3_1,ge2e,it0141,0.8150164484977722,0.8133193254470825
C3_1,ge2e,it0142,0.6311007738113403,0.7510870099067688
C3_1,ge2e,it0143,0.8327810764312744,0.8347472548484802
C3_1,ge2e,it0144,0.7759387493133545,0.8330354690551758
C3_1,ge2e,it0145,0.7802017331123352,0.8656341433525085
C3_1,ge2e,it0146,0.7658641338348389,0.7368465662002563
C3_1,ge2e,it0147,0.8799238801002502,0.8697688579559326
C3_1,ge2e,it0148,0.7739540338516235,0.7897564172744751
C3_1,ge2e,it0149,0.7900263071060181,0.6996082067489624
C3_1,ge2e,it0150,0.7255804538726807,0.7796540260314941
C3_1,ge2e,it0151,0.8560036420822144,0.8680965900421143
C3_1,ge2e,it0152,0.8648000955581665,0.8969817757606506
C3_1,ge2e,it0153,0.8428532481193542,0.879831850528717
C3_1,ge2e,it0154,0.7674398422241211,0.7735627889633179
C3_1,ge2e,it0155,0.7441264390945435,0.8159704208374023
C3_1,ge2e,it0156,0.7175153493881226,0.7329206466674805
C3_1,ge2e,it0157,0.8277368545532227,0.8781460523605347
C3_1,ge2e,it0158,0.7478853464126587,0.7998459339141846
C3_1,ge2e,it0159,0.8328030705451965,0.8520799279212952
C3_1,ge2e,it0160,0.8515467643737793,0.8754984140396118
C3_1,ge2e,it0161,0.8295770287513733,0.8366955518722534
C3_1,ge2e,it0162,0.7704215049743652,0.7778879404067993
C3_1,ge2e,it0163,0.712664783000946,0.7235374450683594
C3_1,ge2e,it0164,0.7641810178756714,0.7549469470977783
C3_1,ge2e,it0165,0.7403374910354614,0.8190587759017944
C3_1,ge2e,it0166,0.8318293690681458,0.8466092348098755
C3_1,ge2e,it0167,0.8741742372512817,0.8665786385536194
C3_1,ge2e,it0168,0.7587318420410156,0.6713120937347412
C3_1,ge2e,it0169,0.8204797506332397,0.8292574286460876
C3_1,ge2e,it0170,0.8480986952781677,0.8426682949066162
C3_1,ge2e,it0171,0.8360375165939331,0.8298609256744385
C3_1,ge2e,it0172,0.7511603236198425,0.8048531413078308
C3_1,ge2e,it0173,0.8443692922592163,0.8449448943138123
C3_1,ge2e,it0174,0.7979478240013123,0.8203033208847046
C3_1,ge2e,it0175,0.6346121430397034,0.6750684976577759
C3_1,ge2e,it0176,0.7949103713035583,0.788334310054779
C3_1,ge2e,it0177,0.8167338371276855,0.8089001774787903
C3_1,ge2e,it0178,0.8189730048179626,0.8238011598587036
C3_1,ge2e,it0179,0.8743472099304199,0.8895610570907593
C3_1,ge2e,it0180,0.8611202239990234,0.875098466873169
C3_1,ge2e,it0181,0.8669377565383911,0.814238965511322
C3_1,ge2e,it0182,0.8269134163856506,0.8854792714118958
C3_1,ge2e,it0183,0.8248504400253296,0.8485530614852905
C3_1,ge2e,it0184,0.692126989364624,0.7565663456916809
C3_1,ge2e,it0185,0.8021266460418701,0.8144247531890869
C3_1,ge2e,it0186,0.7920889258384705,0.7586775422096252
C3_1,ge2e,it0187,0.8524298071861267,0.8472508192062378
C3_1,ge2e,it0188,0.8427500128746033,0.8711819648742676
C3_1,ge2e,it0189,0.7264965176582336,0.7799170017242432
C3_1,ge2e,it0190,0.8534837961196899,0.8722715973854065
C3_1,ge2e,it0191,0.8207229375839233,0.806652307510376
C3_1,ge2e,it0192,0.8382284045219421,0.8072284460067749
C3_1,ge2e,it0193,0.8032532930374146,0.8190752863883972
C3_1,ge2e,it0194,0.8203415870666504,0.8560978770256042
C3_1,ge2e,it0195,0.8379073143005371,0.8616346120834351
C3_1,ge2e,it0196,0.7627261877059937,0.7985515594482422
C3_1,ge2e,it0197,0.8406782150268555,0.8162064552307129
C3_1,ge2e,it0198,0.7868766188621521,0.8316962122917175
C3_1,ge2e,it0199,0.850721001625061,0.8733230829238892
C3_1,xvect,it0000,0.9449257254600524,0.9649747014045716
C3_1,xvect,it0001,0.9455074071884156,0.9512364268302916
C3_1,xvect,it0002,0.938181459903717,0.9389130473136902
C3_1,xvect,it0003,0.947637140750885,0.9465380311012268
C3_1,xvect,it0004,0.942849338054657,0.9573408961296082
C3_1,xvect,it0005,0.9298678636550904,0.9331700801849364
C3_1,xvect,it0006,0.9491591453552246,0.9434388875961304
C3_1,xvect,it0007,0.9530842304229736,0.9569053649902344
C3_1,xvect,it0008,0.9239867329597472,0.9436614513397216
C3_1,xvect,it0009,0.947536051273346,0.964285969734192
C3_1,xvect,it0010,0.9646205306053162,0.9733006954193116
C3_1,xvect,it0011,0.9573832154273988,0.9563987255096436
C3_1,xvect,it0012,0.9228916168212892,0.949110209941864
C3_1,xvect,it0013,0.9623371362686156,0.9610224962234496
C3_1,xvect,it0014,0.9455513954162598,0.9292336702346802
C3_1,xvect,it0015,0.9065991640090942,0.9486775994300842
C3_1,xvect,it0016,0.861507773399353,0.943269908428192
C3_1,xvect,it0017,0.939712643623352,0.939631164073944
C3_1,xvect,it0018,0.9337282180786132,0.9436564445495604
C3_1,xvect,it0019,0.9533779621124268,0.945765495300293
C3_1,xvect,it0020,0.9524897933006288,0.9594411253929138
C3_1,xvect,it0021,0.9370755553245544,0.9428003430366516
C3_1,xvect,it0022,0.9281527400016784,0.9550073146820068
C3_1,xvect,it0023,0.9463109970092772,0.9510161876678468
C3_1,xvect,it0024,0.9570894241333008,0.9608725309371948
C3_1,xvect,it0025,0.9586583375930786,0.9426765441894532
C3_1,xvect,it0026,0.9414349794387816,0.9383272528648376
C3_1,xvect,it0027,0.961104691028595,0.9681153297424316
C3_1,xvect,it0028,0.918181836605072,0.9622080326080322
C3_1,xvect,it0029,0.9461507797241212,0.9563784003257751
C3_1,xvect,it0030,0.9647247195243835,0.9743990898132324
C3_1,xvect,it0031,0.9289629459381104,0.9517568349838256
C3_1,xvect,it0032,0.9453056454658508,0.9557443857192992
C3_1,xvect,it0033,0.9272371530532836,0.9322921633720398
C3_1,xvect,it0034,0.943977952003479,0.9493941068649292
C3_1,xvect,it0035,0.9500994682312012,0.9512031078338624
C3_1,xvect,it0036,0.9627273082733154,0.9490785598754884
C3_1,xvect,it0037,0.9660911560058594,0.953721046447754
C3_1,xvect,it0038,0.9373670816421508,0.9499015808105468
C3_1,xvect,it0039,0.9509258270263672,0.960073471069336
C3_1,xvect,it0040,0.946121633052826,0.953645646572113
C3_1,xvect,it0041,0.9224485158920288,0.9488130807876588
C3_1,xvect,it0042,0.949812352657318,0.9508010149002076
C3_1,xvect,it0043,0.9574621319770812,0.960883617401123
C3_1,xvect,it0044,0.9644501209259032,0.963903784751892
C3_1,xvect,it0045,0.934354603290558,0.938095211982727
C3_1,xvect,it0046,0.9543265104293824,0.9582453966140748
C3_1,xvect,it0047,0.9702467322349548,0.9638873934745787
C3_1,xvect,it0048,0.9406553506851196,0.9381629824638368
C3_1,xvect,it0049,0.9344007968902588,0.9455016255378724
C3_1,xvect,it0050,0.9351046085357666,0.9393385052680968
C3_1,xvect,it0051,0.9499025344848632,0.9586845636367798
C3_1,xvect,it0052,0.9237511157989502,0.9546908736228944
C3_1,xvect,it0053,0.9452550411224364,0.9561499357223512
C3_1,xvect,it0054,0.9542576670646667,0.9427700638771056
C3_1,xvect,it0055,0.9315062761306764,0.9423618316650392
C3_1,xvect,it0056,0.9631953835487366,0.970332682132721
C3_1,xvect,it0057,0.9253383874893188,0.9609206914901732
C3_1,xvect,it0058,0.9354139566421508,0.937009871006012
C3_1,xvect,it0059,0.9748421907424928,0.9719040393829346
C3_1,xvect,it0060,0.9248403906822203,0.929439663887024
C3_1,xvect,it0061,0.9527198672294616,0.960401177406311
C3_1,xvect,it0062,0.9476832151412964,0.9535298943519592
C3_1,xvect,it0063,0.9470940232276917,0.9474636316299438
C3_1,xvect,it0064,0.9447728991508484,0.9568092226982116
C3_1,xvect,it0065,0.9122512340545654,0.9588378071784972
C3_1,xvect,it0066,0.9354950189590454,0.9449229836463928
C3_1,xvect,it0067,0.9343743920326232,0.9556296467781068
C3_1,xvect,it0068,0.9711052775382996,0.9751921892166138
C3_1,xvect,it0069,0.9555806517601012,0.9619237184524536
C3_1,xvect,it0070,0.9296881556510924,0.9445084929466248
C3_1,xvect,it0071,0.9515872597694396,0.9588028788566588
C3_1,xvect,it0072,0.974209487438202,0.9629561305046082
C3_1,xvect,it0073,0.928567349910736,0.9412904381752014
C3_1,xvect,it0074,0.9528462886810304,0.9413573145866394
C3_1,xvect,it0075,0.9539573788642884,0.9574010372161864
C3_1,xvect,it0076,0.939357042312622,0.9731882810592652
C3_1,xvect,it0077,0.9497870206832886,0.9576561450958252
C3_1,xvect,it0078,0.9463510513305664,0.9500094652175904
C3_1,xvect,it0079,0.968984842300415,0.9692615866661072
C3_1,xvect,it0080,0.9361451864242554,0.9485223889350892
C3_1,xvect,it0081,0.9588775634765624,0.9597158432006836
C3_1,xvect,it0082,0.9151919484138488,0.9196603298187256
C3_1,xvect,it0083,0.9661694765090942,0.9687575101852416
C3_1,xvect,it0084,0.971007764339447,0.9747761487960817
C3_1,xvect,it0085,0.941235899925232,0.9498093724250792
C3_1,xvect,it0086,0.9609898924827576,0.9685053825378418
C3_1,xvect,it0087,0.9580738544464112,0.9636939764022828
C3_1,xvect,it0088,0.9458773732185364,0.9635518193244934
C3_1,xvect,it0089,0.9503548741340636,0.9700912833213806
C3_1,xvect,it0090,0.9566655158996582,0.9666410088539124
C3_1,xvect,it0091,0.9360252022743224,0.947516143321991
C3_1,xvect,it0092,0.9490826725959778,0.9632343649864196
C3_1,xvect,it0093,0.950991153717041,0.9324374198913574
C3_1,xvect,it0094,0.8932029008865356,0.946489155292511
C3_1,xvect,it0095,0.9355966448783876,0.9586852788925172
C3_1,xvect,it0096,0.951339840888977,0.9565256237983704
C3_1,xvect,it0097,0.9618454575538636,0.9689137935638428
C3_1,xvect,it0098,0.9723535776138306,0.9463099241256714
C3_1,xvect,it0099,0.9494093656539916,0.9517914056777954
C3_1,xvect,it0100,0.9605020880699158,0.9672834873199464
C3_1,xvect,it0101,0.943457841873169,0.9384410977363586
C3_1,xvect,it0102,0.9526565074920654,0.9545398950576782
C3_1,xvect,it0103,0.9591436386108398,0.9531948566436768
C3_1,xvect,it0104,0.9432719945907592,0.9514869451522828
C3_1,xvect,it0105,0.9459399580955504,0.9496330618858336
C3_1,xvect,it0106,0.9489145278930664,0.956834614276886
C3_1,xvect,it0107,0.9330918192863464,0.9533241391181946
C3_1,xvect,it0108,0.956520676612854,0.9577459096908568
C3_1,xvect,it0109,0.9574486017227172,0.9597346186637878
C3_1,xvect,it0110,0.9369093775749208,0.9447520971298218
C3_1,xvect,it0111,0.9487220644950868,0.9670096039772034
C3_1,xvect,it0112,0.9672995209693908,0.9717553853988647
C3_1,xvect,it0113,0.9375252723693848,0.9498326778411864
C3_1,xvect,it0114,0.9533748626708984,0.956138551235199
C3_1,xvect,it0115,0.951175093650818,0.962182343006134
C3_1,xvect,it0116,0.9505634307861328,0.9523130655288696
C3_1,xvect,it0117,0.946592092514038,0.9700188636779784
C3_1,xvect,it0118,0.967510223388672,0.9689035415649414
C3_1,xvect,it0119,0.9603906869888306,0.9664948582649232
C3_1,xvect,it0120,0.9429491758346558,0.9621344208717346
C3_1,xvect,it0121,0.941416084766388,0.952531397342682
C3_1,xvect,it0122,0.925178050994873,0.9265624284744264
C3_1,xvect,it0123,0.9681252837181092,0.964380383491516
C3_1,xvect,it0124,0.9271464347839355,0.947775900363922
C3_1,xvect,it0125,0.9378446340560912,0.9589518308639526
C3_1,xvect,it0126,0.9476889371871948,0.9565112590789796
C3_1,xvect,it0127,0.953840970993042,0.9593650102615356
C3_1,xvect,it0128,0.9651988744735718,0.9445700645446776
C3_1,xvect,it0129,0.933133602142334,0.9546549916267396
C3_1,xvect,it0130,0.9385833144187928,0.9594228863716124
C3_1,xvect,it0131,0.9436544179916382,0.951720118522644
C3_1,xvect,it0132,0.9496740102767944,0.9513030648231506
C3_1,xvect,it0133,0.9651747941970824,0.9652478098869324
C3_1,xvect,it0134,0.9548346996307372,0.9564898610115052
C3_1,xvect,it0135,0.9350683689117432,0.9505990147590636
C3_1,xvect,it0136,0.9557191133499146,0.9622371196746826
C3_1,xvect,it0137,0.9442971348762512,0.958728551864624
C3_1,xvect,it0138,0.9598605036735536,0.962123453617096
C3_1,xvect,it0139,0.9175567626953124,0.9651408195495604
C3_1,xvect,it0140,0.952955961227417,0.949265956878662
C3_1,xvect,it0141,0.9463240504264832,0.9606990814208984
C3_1,xvect,it0142,0.9242135286331176,0.934733748435974
C3_1,xvect,it0143,0.9556031823158264,0.9583350419998168
C3_1,xvect,it0144,0.9643494486808776,0.9644446969032288
C3_1,xvect,it0145,0.9407607316970824,0.9396870136260986
C3_1,xvect,it0146,0.9427908658981324,0.9353427886962892
C3_1,xvect,it0147,0.9327392578125,0.9721006751060486
C3_1,xvect,it0148,0.9523417353630066,0.9535547494888306
C3_1,xvect,it0149,0.948354184627533,0.944071650505066
C3_1,xvect,it0150,0.9392843842506408,0.935352861881256
C3_1,xvect,it0151,0.9628807306289672,0.967269241809845
C3_1,xvect,it0152,0.9615490436553956,0.9634638428688048
C3_1,xvect,it0153,0.930597186088562,0.935283362865448
C3_1,xvect,it0154,0.9180957078933716,0.9482701420783995
C3_1,xvect,it0155,0.9515341520309448,0.9675960540771484
C3_1,xvect,it0156,0.951061189174652,0.9519640207290648
C3_1,xvect,it0157,0.9600206613540648,0.973783314228058
C3_1,xvect,it0158,0.9409028887748718,0.9527272582054138
C3_1,xvect,it0159,0.946222722530365,0.9476252794265748
C3_1,xvect,it0160,0.9567745923995972,0.956809103488922
C3_1,xvect,it0161,0.9610070586204528,0.9662693738937378
C3_1,xvect,it0162,0.9566917419433594,0.9614203572273254
C3_1,xvect,it0163,0.9655423164367676,0.9632779955863952
C3_1,xvect,it0164,0.9483636617660522,0.9484642744064332
C3_1,xvect,it0165,0.943748652935028,0.9597415924072266
C3_1,xvect,it0166,0.9506330490112304,0.9602845311164856
C3_1,xvect,it0167,0.933889627456665,0.9497520923614502
C3_1,xvect,it0168,0.9428547024726868,0.9362981915473938
C3_1,xvect,it0169,0.9666135311126708,0.9729182124137878
C3_1,xvect,it0170,0.9556100368499756,0.9598957896232604
C3_1,xvect,it0171,0.954548954963684,0.9515321254730223
C3_1,xvect,it0172,0.9240189790725708,0.9553706049919128
C3_1,xvect,it0173,0.9579569697380066,0.9620851278305054
C3_1,xvect,it0174,0.9556201696395874,0.9616506695747375
C3_1,xvect,it0175,0.948498547077179,0.9461627006530762
C3_1,xvect,it0176,0.9480946660041808,0.9472496509552002
C3_1,xvect,it0177,0.9405887722969056,0.9312552809715272
C3_1,xvect,it0178,0.9412133693695068,0.954047441482544
C3_1,xvect,it0179,0.9628356695175172,0.9592857360839844
C3_1,xvect,it0180,0.9474910497665404,0.9464455246925354
C3_1,xvect,it0181,0.9708089828491212,0.9671689867973328
C3_1,xvect,it0182,0.9363390207290648,0.9540457129478456
C3_1,xvect,it0183,0.9535191655158995,0.95924711227417
C3_1,xvect,it0184,0.9364227056503296,0.939454197883606
C3_1,xvect,it0185,0.91250878572464,0.9346142411231996
C3_1,xvect,it0186,0.8802277445793152,0.9389711022377014
C3_1,xvect,it0187,0.9448077082633972,0.957206130027771
C3_1,xvect,it0188,0.9326391220092772,0.95682030916214
C3_1,xvect,it0189,0.9400166869163512,0.9616641998291016
C3_1,xvect,it0190,0.9556358456611632,0.957526683807373
C3_1,xvect,it0191,0.955996036529541,0.9638538360595704
C3_1,xvect,it0192,0.9138622879981996,0.9625587463378906
C3_1,xvect,it0193,0.9497201442718506,0.9698680639266968
C3_1,xvect,it0194,0.9592273235321044,0.969231128692627
C3_1,xvect,it0195,0.952636182308197,0.9493768811225892
C3_1,xvect,it0196,0.9545711278915404,0.9552242159843444
C3_1,xvect,it0197,0.9406097531318665,0.9369771480560304
C3_1,xvect,it0198,0.9326660633087158,0.9460464715957642
C3_1,xvect,it0199,0.9594270586967468,0.9640930891036988
C3_1,wavlm_base_plus,it0000,0.7730590105056763,0.8860710859298706
C3_1,wavlm_base_plus,it0001,0.8320598602294922,0.8232601284980774
C3_1,wavlm_base_plus,it0002,0.9421783089637756,0.9027129411697388
C3_1,wavlm_base_plus,it0003,0.9301303029060364,0.946017861366272
C3_1,wavlm_base_plus,it0004,0.9558647274971008,0.9554547667503356
C3_1,wavlm_base_plus,it0005,0.9044013023376464,0.8980735540390015
C3_1,wavlm_base_plus,it0006,0.907932996749878,0.8805679082870483
C3_1,wavlm_base_plus,it0007,0.9452019929885864,0.9524627923965454
C3_1,wavlm_base_plus,it0008,0.9448196291923524,0.9152020812034608
C3_1,wavlm_base_plus,it0009,0.9657479524612428,0.964721977710724
C3_1,wavlm_base_plus,it0010,0.903278112411499,0.9453498721122742
C3_1,wavlm_base_plus,it0011,0.9312695860862732,0.9380062818527222
C3_1,wavlm_base_plus,it0012,0.8435252904891968,0.8441096544265747
C3_1,wavlm_base_plus,it0013,0.9497072696685792,0.978452444076538
C3_1,wavlm_base_plus,it0014,0.8029494285583496,0.8746547698974609
C3_1,wavlm_base_plus,it0015,0.9182641506195068,0.9514589905738832
C3_1,wavlm_base_plus,it0016,0.9605156183242798,0.965156614780426
C3_1,wavlm_base_plus,it0017,0.9589765071868896,0.9194713234901428
C3_1,wavlm_base_plus,it0018,0.8646378517150879,0.8779469132423401
C3_1,wavlm_base_plus,it0019,0.9702436327934264,0.9803534746170044
C3_1,wavlm_base_plus,it0020,0.8290250897407532,0.8427793383598328
C3_1,wavlm_base_plus,it0021,0.8564931154251099,0.9074609279632568
C3_1,wavlm_base_plus,it0022,0.8926712870597839,0.9204785227775574
C3_1,wavlm_base_plus,it0023,0.948559820652008,0.9515769481658936
C3_1,wavlm_base_plus,it0024,0.9578588008880616,0.955841898918152
C3_1,wavlm_base_plus,it0025,0.9515589475631714,0.9240912795066832
C3_1,wavlm_base_plus,it0026,0.8506788611412048,0.8534589409828186
C3_1,wavlm_base_plus,it0027,0.9436575174331664,0.960585594177246
C3_1,wavlm_base_plus,it0028,0.9133338332176208,0.9334281086921692
C3_1,wavlm_base_plus,it0029,0.8252179622650146,0.929028868675232
C3_1,wavlm_base_plus,it0030,0.9357383847236632,0.9446511268615724
C3_1,wavlm_base_plus,it0031,0.951834499835968,0.9043357968330384
C3_1,wavlm_base_plus,it0032,0.92655348777771,0.9543265700340272
C3_1,wavlm_base_plus,it0033,0.933209240436554,0.9001255035400391
C3_1,wavlm_base_plus,it0034,0.7144752144813538,0.74117112159729
C3_1,wavlm_base_plus,it0035,0.7689803838729858,0.788269579410553
C3_1,wavlm_base_plus,it0036,0.9462113380432128,0.9278032183647156
C3_1,wavlm_base_plus,it0037,0.9392947554588318,0.9567474126815796
C3_1,wavlm_base_plus,it0038,0.9136982560157776,0.9122198820114136
C3_1,wavlm_base_plus,it0039,0.9115299582481384,0.9584354162216188
C3_1,wavlm_base_plus,it0040,0.8112563490867615,0.7049514055252075
C3_1,wavlm_base_plus,it0041,0.9523854851722716,0.9652374386787416
C3_1,wavlm_base_plus,it0042,0.8249496817588806,0.8793957829475403
C3_1,wavlm_base_plus,it0043,0.9043015837669371,0.9412800073623656
C3_1,wavlm_base_plus,it0044,0.9473745822906494,0.915601909160614
C3_1,wavlm_base_plus,it0045,0.9142662882804872,0.8986231088638306
C3_1,wavlm_base_plus,it0046,0.8202471137046814,0.8860465288162231
C3_1,wavlm_base_plus,it0047,0.923575520515442,0.9442773461341858
C3_1,wavlm_base_plus,it0048,0.9443479776382446,0.9413339495658876
C3_1,wavlm_base_plus,it0049,0.9206557869911194,0.8968716859817505
C3_1,wavlm_base_plus,it0050,0.6181777715682983,0.7347047924995422
C3_1,wavlm_base_plus,it0051,0.9693979024887084,0.9572866559028624
C3_1,wavlm_base_plus,it0052,0.9283799529075624,0.9258607625961304
C3_1,wavlm_base_plus,it0053,0.8385553359985352,0.8753865957260132
C3_1,wavlm_base_plus,it0054,0.8036958575248718,0.7943517565727234
C3_1,wavlm_base_plus,it0055,0.959770917892456,0.9509108662605286
C3_1,wavlm_base_plus,it0056,0.9596457481384276,0.96617990732193
C3_1,wavlm_base_plus,it0057,0.8899806141853333,0.927494466304779
C3_1,wavlm_base_plus,it0058,0.8461114168167114,0.9339804649353028
C3_1,wavlm_base_plus,it0059,0.9548670053482056,0.9805749654769896
C3_1,wavlm_base_plus,it0060,0.6836761832237244,0.8300366997718811
C3_1,wavlm_base_plus,it0061,0.9314321875572203,0.9402959942817688
C3_1,wavlm_base_plus,it0062,0.9308319687843324,0.9592491388320924
C3_1,wavlm_base_plus,it0063,0.6404378414154053,0.7385393977165222
C3_1,wavlm_base_plus,it0064,0.8396236896514893,0.9164449572563172
C3_1,wavlm_base_plus,it0065,0.9492302536964417,0.9713505506515504
C3_1,wavlm_base_plus,it0066,0.7596244812011719,0.9058220982551576
C3_1,wavlm_base_plus,it0067,0.913333773612976,0.9002590775489807
C3_1,wavlm_base_plus,it0068,0.9544737935066224,0.9519753456115724
C3_1,wavlm_base_plus,it0069,0.9323869347572328,0.9253093004226683
C3_1,wavlm_base_plus,it0070,0.910365343093872,0.9037541151046752
C3_1,wavlm_base_plus,it0071,0.9148952960968018,0.8715289831161499
C3_1,wavlm_base_plus,it0072,0.9567603468894958,0.9513466358184814
C3_1,wavlm_base_plus,it0073,0.7849799394607544,0.7923133373260498
C3_1,wavlm_base_plus,it0074,0.7036150097846985,0.7350492477416992
C3_1,wavlm_base_plus,it0075,0.9164609909057616,0.9341709613800048
C3_1,wavlm_base_plus,it0076,0.8675651550292969,0.8620524406433105
C3_1,wavlm_base_plus,it0077,0.8668600916862488,0.8828828930854797
C3_1,wavlm_base_plus,it0078,0.8641685247421265,0.8689729571342468
C3_1,wavlm_base_plus,it0079,0.9701645970344543,0.9565936326980592
C3_1,wavlm_base_plus,it0080,0.9248964190483092,0.9180770516395568
C3_1,wavlm_base_plus,it0081,0.8989751935005188,0.8927857875823975
C3_1,wavlm_base_plus,it0082,0.9213857650756836,0.8988692760467529
C3_1,wavlm_base_plus,it0083,0.9540396332740784,0.9578917622566224
C3_1,wavlm_base_plus,it0084,0.9440001845359802,0.9143049120903016
C3_1,wavlm_base_plus,it0085,0.926642894744873,0.9027159810066224
C3_1,wavlm_base_plus,it0086,0.8996741771697998,0.9112904667854308
C3_1,wavlm_base_plus,it0087,0.911531388759613,0.8835790753364563
C3_1,wavlm_base_plus,it0088,0.8880027532577515,0.9322907328605652
C3_1,wavlm_base_plus,it0089,0.905024528503418,0.9134187698364258
C3_1,wavlm_base_plus,it0090,0.9167569875717164,0.954054594039917
C3_1,wavlm_base_plus,it0091,0.9346649646759032,0.930065393447876
C3_1,wavlm_base_plus,it0092,0.8791761994361877,0.9265739917755128
C3_1,wavlm_base_plus,it0093,0.8690952062606812,0.9301045536994934
C3_1,wavlm_base_plus,it0094,0.9043275713920592,0.9287286996841432
C3_1,wavlm_base_plus,it0095,0.868557870388031,0.8526175022125244
C3_1,wavlm_base_plus,it0096,0.9203534722328186,0.8786895871162415
C3_1,wavlm_base_plus,it0097,0.9747722744941713,0.9395280480384828
C3_1,wavlm_base_plus,it0098,0.9278054237365724,0.9182100296020508
C3_1,wavlm_base_plus,it0099,0.6048082113265991,0.680204451084137
C3_1,wavlm_base_plus,it0100,0.9623416662216188,0.9710391759872437
C3_1,wavlm_base_plus,it0101,0.8528838157653809,0.8503761291503906
C3_1,wavlm_base_plus,it0102,0.9394783973693848,0.9414994716644288
C3_1,wavlm_base_plus,it0103,0.8809491395950317,0.8904234170913696
C3_1,wavlm_base_plus,it0104,0.889265239238739,0.9152559638023376
C3_1,wavlm_base_plus,it0105,0.8975818157196045,0.8899412751197815
C3_1,wavlm_base_plus,it0106,0.9245541095733644,0.9150800704956056
C3_1,wavlm_base_plus,it0107,0.8820978999137878,0.9420943260192872
C3_1,wavlm_base_plus,it0108,0.9496853351593018,0.9445165395736694
C3_1,wavlm_base_plus,it0109,0.8743773698806763,0.8967835307121277
C3_1,wavlm_base_plus,it0110,0.7133319973945618,0.7107805013656616
C3_1,wavlm_base_plus,it0111,0.7315316796302795,0.8908481001853943
C3_1,wavlm_base_plus,it0112,0.9567390084266664,0.9399216771125792
C3_1,wavlm_base_plus,it0113,0.9438405632972716,0.9253492951393129
C3_1,wavlm_base_plus,it0114,0.9038667678833008,0.8913159966468811
C3_1,wavlm_base_plus,it0115,0.7505260109901428,0.8882230520248413
C3_1,wavlm_base_plus,it0116,0.9406961798667908,0.925747811794281
C3_1,wavlm_base_plus,it0117,0.955642580986023,0.9631962180137634
C3_1,wavlm_base_plus,it0118,0.8386239409446716,0.9193377494812012
C3_1,wavlm_base_plus,it0119,0.8887982368469238,0.8902815580368042
C3_1,wavlm_base_plus,it0120,0.9607697129249572,0.9629136323928832
C3_1,wavlm_base_plus,it0121,0.9413625597953796,0.9192347526550292
C3_1,wavlm_base_plus,it0122,0.9338980913162231,0.9222715497016908
C3_1,wavlm_base_plus,it0123,0.9116703867912292,0.9291874170303344
C3_1,wavlm_base_plus,it0124,0.8450396656990051,0.900039792060852
C3_1,wavlm_base_plus,it0125,0.8822481036186218,0.9146938323974608
C3_1,wavlm_base_plus,it0126,0.8963313698768616,0.8832303881645203
C3_1,wavlm_base_plus,it0127,0.8740736842155457,0.8988921642303467
C3_1,wavlm_base_plus,it0128,0.7421478033065796,0.5986841917037964
C3_1,wavlm_base_plus,it0129,0.8597416877746582,0.9001390337944031
C3_1,wavlm_base_plus,it0130,0.777027428150177,0.863279402256012
C3_1,wavlm_base_plus,it0131,0.9768434166908264,0.9754291772842408
C3_1,wavlm_base_plus,it0132,0.829727828502655,0.8414522409439087
C3_1,wavlm_base_plus,it0133,0.9655102491378784,0.9632163643836976
C3_1,wavlm_base_plus,it0134,0.941819429397583,0.9495962858200072
C3_1,wavlm_base_plus,it0135,0.7124626636505127,0.7714738249778748
C3_1,wavlm_base_plus,it0136,0.84673011302948,0.8691102862358093
C3_1,wavlm_base_plus,it0137,0.8869175314903259,0.8913756608963013
C3_1,wavlm_base_plus,it0138,0.9131696224212646,0.91658616065979
C3_1,wavlm_base_plus,it0139,0.92780339717865,0.9277028441429138
C3_1,wavlm_base_plus,it0140,0.8431764841079712,0.9318827986717224
C3_1,wavlm_base_plus,it0141,0.9422038793563844,0.959852933883667
C3_1,wavlm_base_plus,it0142,0.8181750774383545,0.8386203050613403
C3_1,wavlm_base_plus,it0143,0.9548590779304504,0.9724068641662598
C3_1,wavlm_base_plus,it0144,0.9410539269447328,0.9504812955856324
C3_1,wavlm_base_plus,it0145,0.880506694316864,0.935642957687378
C3_1,wavlm_base_plus,it0146,0.9074695110321044,0.9432120323181152
C3_1,wavlm_base_plus,it0147,0.8822118043899536,0.9263821244239808
C3_1,wavlm_base_plus,it0148,0.8396317958831787,0.834507167339325
C3_1,wavlm_base_plus,it0149,0.931318998336792,0.8739933967590332
C3_1,wavlm_base_plus,it0150,0.9416161179542542,0.9144301414489746
C3_1,wavlm_base_plus,it0151,0.930845022201538,0.9362639784812928
C3_1,wavlm_base_plus,it0152,0.9045298099517822,0.9152047634124756
C3_1,wavlm_base_plus,it0153,0.9305285215377808,0.9364518523216248
C3_1,wavlm_base_plus,it0154,0.5653001070022583,0.7491569519042969
C3_1,wavlm_base_plus,it0155,0.778412938117981,0.830696165561676
C3_1,wavlm_base_plus,it0156,0.841946005821228,0.8778333067893982
C3_1,wavlm_base_plus,it0157,0.9212552905082704,0.9191097021102904
C3_1,wavlm_base_plus,it0158,0.8036697506904602,0.8376593589782715
C3_1,wavlm_base_plus,it0159,0.9204971194267272,0.9276161193847656
C3_1,wavlm_base_plus,it0160,0.9393632411956788,0.9650123119354248
C3_1,wavlm_base_plus,it0161,0.9374489188194276,0.9495304822921752
C3_1,wavlm_base_plus,it0162,0.8656318783760071,0.8859995007514954
C3_1,wavlm_base_plus,it0163,0.8915948867797852,0.9010881185531616
C3_1,wavlm_base_plus,it0164,0.9587658047676086,0.9140217900276184
C3_1,wavlm_base_plus,it0165,0.6997972726821899,0.8386919498443604
C3_1,wavlm_base_plus,it0166,0.9094730615615844,0.9282832145690918
C3_1,wavlm_base_plus,it0167,0.9493801593780518,0.9652956128120422
C3_1,wavlm_base_plus,it0168,0.944869339466095,0.9277539253234864
C3_1,wavlm_base_plus,it0169,0.9571147561073304,0.9270715713500975
C3_1,wavlm_base_plus,it0170,0.9439656138420104,0.9233906865119934
C3_1,wavlm_base_plus,it0171,0.9233370423316956,0.9158563613891602
C3_1,wavlm_base_plus,it0172,0.8365757465362549,0.8814341425895691
C3_1,wavlm_base_plus,it0173,0.95592600107193,0.957034170627594
C3_1,wavlm_base_plus,it0174,0.8813686966896057,0.8718430399894714
C3_1,wavlm_base_plus,it0175,0.9379987120628356,0.8870041370391846
C3_1,wavlm_base_plus,it0176,0.914629340171814,0.956389546394348
C3_1,wavlm_base_plus,it0177,0.949594497680664,0.9334274530410768
C3_1,wavlm_base_plus,it0178,0.85903000831604,0.8878353238105774
C3_1,wavlm_base_plus,it0179,0.9563777446746826,0.9699788093566896
C3_1,wavlm_base_plus,it0180,0.942000925540924,0.92598557472229
C3_1,wavlm_base_plus,it0181,0.8861097693443298,0.8412531614303589
C3_1,wavlm_base_plus,it0182,0.9431626796722412,0.9414379000663756
C3_1,wavlm_base_plus,it0183,0.9367395639419556,0.9399006962776184
C3_1,wavlm_base_plus,it0184,0.7755081653594971,0.7643805742263794
C3_1,wavlm_base_plus,it0185,0.939713180065155,0.9578535556793212
C3_1,wavlm_base_plus,it0186,0.964797854423523,0.9546394348144532
C3_1,wavlm_base_plus,it0187,0.9006688594818115,0.8857399225234985
C3_1,wavlm_base_plus,it0188,0.9567371606826782,0.9146625995635986
C3_1,wavlm_base_plus,it0189,0.8271815776824951,0.874319314956665
C3_1,wavlm_base_plus,it0190,0.9686062335968018,0.972741723060608
C3_1,wavlm_base_plus,it0191,0.9691094160079956,0.9695650935173036
C3_1,wavlm_base_plus,it0192,0.9374823570251464,0.9415237903594972
C3_1,wavlm_base_plus,it0193,0.9075942635536194,0.9517802596092224
C3_1,wavlm_base_plus,it0194,0.914096474647522,0.9312973618507384
C3_1,wavlm_base_plus,it0195,0.943324863910675,0.9671630263328552
C3_1,wavlm_base_plus,it0196,0.9070369601249696,0.9343154430389404
C3_1,wavlm_base_plus,it0197,0.9302167892456056,0.922161877155304
C3_1,wavlm_base_plus,it0198,0.7162842154502869,0.7222941517829895
C3_1,wavlm_base_plus,it0199,0.8958028554916382,0.9560751914978028
C3_2,wavlm_large,it0000,0.2086908519268036,0.5066250562667847
C3_2,wavlm_large,it0001,0.1953393369913101,0.251819372177124
C3_2,wavlm_large,it0002,0.1243795827031135,0.3726357221603393
C3_2,wavlm_large,it0003,0.2665841281414032,0.3179363906383514
C3_2,wavlm_large,it0004,0.2556633353233337,0.4341293573379516
C3_2,wavlm_large,it0005,0.2480060756206512,0.4709995985031128
C3_2,wavlm_large,it0006,0.3118152618408203,0.4460740685462951
C3_2,wavlm_large,it0007,0.2298884093761444,0.4254932403564453
C3_2,wavlm_large,it0008,0.2780584692955017,0.2610931396484375
C3_2,wavlm_large,it0009,0.5313675403594971,0.5886887311935425
C3_2,wavlm_large,it0010,0.5099870562553406,0.5831632614135742
C3_2,wavlm_large,it0011,0.5106683373451233,0.5703952312469482
C3_2,wavlm_large,it0012,0.4027605652809143,0.4003123044967651
C3_2,wavlm_large,it0013,0.4707541763782501,0.6392044425010681
C3_2,wavlm_large,it0014,0.3051718473434448,0.44113489985466
C3_2,wavlm_large,it0015,0.440469890832901,0.5030773282051086
C3_2,wavlm_large,it0016,0.3548377752304077,0.4208420813083648
C3_2,wavlm_large,it0017,0.2281188666820526,0.39629065990448
C3_2,wavlm_large,it0018,0.1456550657749176,0.2390420585870742
C3_2,wavlm_large,it0019,0.5329673886299133,0.4987843036651611
C3_2,wavlm_large,it0020,0.2484134584665298,0.3125778436660766
C3_2,wavlm_large,it0021,0.3341802358627319,0.4996010661125183
C3_2,wavlm_large,it0022,0.2889898717403412,0.405593603849411
C3_2,wavlm_large,it0023,0.4406389892101288,0.6286285519599915
C3_2,wavlm_large,it0024,0.2706650197505951,0.5006558299064636
C3_2,wavlm_large,it0025,0.5583814382553101,0.6164658069610596
C3_2,wavlm_large,it0026,0.2540957629680633,0.3383157551288605
C3_2,wavlm_large,it0027,0.6133831739425659,0.5515690445899963
C3_2,wavlm_large,it0028,0.5503051280975342,0.5710169076919556
C3_2,wavlm_large,it0029,0.4195972681045532,0.4666908383369446
C3_2,wavlm_large,it0030,0.4068880081176758,0.5225649476051331
C3_2,wavlm_large,it0031,0.2426811009645462,0.2958977222442627
C3_2,wavlm_large,it0032,0.5066428184509277,0.642550528049469
C3_2,wavlm_large,it0033,0.333984911441803,0.3147928118705749
C3_2,wavlm_large,it0034,0.4065678119659424,0.458716481924057
C3_2,wavlm_large,it0035,0.2852680683135986,0.2405927032232284
C3_2,wavlm_large,it0036,0.499212235212326,0.5794559121131897
C3_2,wavlm_large,it0037,0.4481306374073028,0.4795469343662262
C3_2,wavlm_large,it0038,0.2125319540500641,0.2880202531814575
C3_2,wavlm_large,it0039,0.4924159049987793,0.5348585247993469
C3_2,wavlm_large,it0040,0.0617184564471244,0.2385077625513076
C3_2,wavlm_large,it0041,0.4448851346969604,0.4349007904529571
C3_2,wavlm_large,it0042,0.3264169692993164,0.4325430989265442
C3_2,wavlm_large,it0043,0.0901856645941734,0.3220682442188263
C3_2,wavlm_large,it0044,0.3516661524772644,0.5562356114387512
C3_2,wavlm_large,it0045,0.3952865600585937,0.4339042901992798
C3_2,wavlm_large,it0046,0.2390683442354202,0.3764297068119049
C3_2,wavlm_large,it0047,0.1628459393978119,0.4068412184715271
C3_2,wavlm_large,it0048,0.4820924401283264,0.4483008980751037
C3_2,wavlm_large,it0049,0.4920492470264435,0.5555413961410522
C3_2,wavlm_large,it0050,-0.0217427723109722,0.1634133607149124
C3_2,wavlm_large,it0051,0.4337013363838196,0.503218412399292
C3_2,wavlm_large,it0052,0.3573018014431,0.327830970287323
C3_2,wavlm_large,it0053,0.270409882068634,0.3717583119869232
C3_2,wavlm_large,it0054,0.1384260952472686,0.3080471158027649
C3_2,wavlm_large,it0055,0.5194038152694702,0.4873804450035095
C3_2,wavlm_large,it0056,0.1517436504364013,0.3513017892837524
C3_2,wavlm_large,it0057,0.3879850804805755,0.386194109916687
C3_2,wavlm_large,it0058,0.4030238389968872,0.3632579743862152
C3_2,wavlm_large,it0059,0.574036180973053,0.630031168460846
C3_2,wavlm_large,it0060,0.3539606630802154,0.4525177180767059
C3_2,wavlm_large,it0061,0.5560414791107178,0.5674781799316406
C3_2,wavlm_large,it0062,0.599906861782074,0.6828606724739075
C3_2,wavlm_large,it0063,0.3386857509613037,0.4065501093864441
C3_2,wavlm_large,it0064,0.3276825547218323,0.4669678211212158
C3_2,wavlm_large,it0065,0.4980154931545257,0.6433147192001343
C3_2,wavlm_large,it0066,0.3244981169700622,0.3517261147499084
C3_2,wavlm_large,it0067,0.1807079017162323,0.3306722640991211
C3_2,wavlm_large,it0068,0.610598087310791,0.6170012950897217
C3_2,wavlm_large,it0069,0.1629354655742645,0.3946364521980285
C3_2,wavlm_large,it0070,0.4302911162376404,0.5663197636604309
C3_2,wavlm_large,it0071,0.4491043388843536,0.5472779273986816
C3_2,wavlm_large,it0072,0.4657102227210998,0.5650904774665833
C3_2,wavlm_large,it0073,0.1688655912876129,0.3166371285915375
C3_2,wavlm_large,it0074,0.3489022850990295,0.3175567388534546
C3_2,wavlm_large,it0075,0.2875465154647827,0.3601717948913574
C3_2,wavlm_large,it0076,0.3479606807231903,0.4164834916591644
C3_2,wavlm_large,it0077,0.1744771301746368,0.5006008744239807
C3_2,wavlm_large,it0078,0.4243550896644592,0.4605196118354797
C3_2,wavlm_large,it0079,0.5636507868766785,0.6238787174224854
C3_2,wavlm_large,it0080,0.1888290047645568,0.2709249556064605
C3_2,wavlm_large,it0081,0.2427946776151657,0.3554098010063171
C3_2,wavlm_large,it0082,0.446487545967102,0.4980509281158447
C3_2,wavlm_large,it0083,0.2742676436901092,0.3932819664478302
C3_2,wavlm_large,it0084,0.5685776472091675,0.5222253203392029
C3_2,wavlm_large,it0085,0.3637896776199341,0.5081406831741333
C3_2,wavlm_large,it0086,0.5944652557373047,0.6212074756622314
C3_2,wavlm_large,it0087,0.583605170249939,0.688359260559082
C3_2,wavlm_large,it0088,0.4236968159675598,0.4222420454025268
C3_2,wavlm_large,it0089,0.1739480793476104,0.2684230208396911
C3_2,wavlm_large,it0090,0.5923618674278259,0.6014127135276794
C3_2,wavlm_large,it0091,0.4745564758777618,0.5196645259857178
C3_2,wavlm_large,it0092,0.4445846378803253,0.377059668302536
C3_2,wavlm_large,it0093,0.3757433295249939,0.4591373205184936
C3_2,wavlm_large,it0094,0.4045001268386841,0.487395703792572
C3_2,wavlm_large,it0095,0.4642991125583648,0.5107303857803345
C3_2,wavlm_large,it0096,0.3208092451095581,0.4743630588054657
C3_2,wavlm_large,it0097,0.5569471716880798,0.5792464017868042
C3_2,wavlm_large,it0098,0.3462942838668823,0.3811840415000915
C3_2,wavlm_large,it0099,0.1704172939062118,0.2181811928749084
C3_2,wavlm_large,it0100,0.6068973541259766,0.6442302465438843
C3_2,wavlm_large,it0101,0.3189340829849243,0.308241456747055
C3_2,wavlm_large,it0102,0.4166049361228943,0.4706856608390808
C3_2,wavlm_large,it0103,0.3156510591506958,0.5121201872825623
C3_2,wavlm_large,it0104,0.4839546978473663,0.5917254686355591
C3_2,wavlm_large,it0105,0.4615094363689422,0.5368786454200745
C3_2,wavlm_large,it0106,0.3976739346981048,0.4932765364646911
C3_2,wavlm_large,it0107,0.3977260589599609,0.5574761033058167
C3_2,wavlm_large,it0108,0.2923829257488251,0.401873767375946
C3_2,wavlm_large,it0109,0.3451966047286987,0.439784437417984
C3_2,wavlm_large,it0110,0.2528864443302154,0.3778254985809326
C3_2,wavlm_large,it0111,0.0866111069917678,0.2488677054643631
C3_2,wavlm_large,it0112,0.5532500743865967,0.5859675407409668
C3_2,wavlm_large,it0113,0.4277354478836059,0.4679387211799621
C3_2,wavlm_large,it0114,0.47774738073349,0.6301790475845337
C3_2,wavlm_large,it0115,0.1595389693975448,0.2642438411712646
C3_2,wavlm_large,it0116,0.4428653419017792,0.4427219033241272
C3_2,wavlm_large,it0117,0.5384023785591125,0.5838392972946167
C3_2,wavlm_large,it0118,0.5820361375808716,0.6020603179931641
C3_2,wavlm_large,it0119,0.537469208240509,0.5779573321342468
C3_2,wavlm_large,it0120,0.4710928797721863,0.5516149401664734
C3_2,wavlm_large,it0121,0.4272978901863098,0.4768426716327667
C3_2,wavlm_large,it0122,0.327798068523407,0.2646673917770386
C3_2,wavlm_large,it0123,0.4000578224658966,0.5300307869911194
C3_2,wavlm_large,it0124,0.4227580726146698,0.4931352734565735
C3_2,wavlm_large,it0125,0.3380649983882904,0.4293099343776703
C3_2,wavlm_large,it0126,0.526746928691864,0.391568124294281
C3_2,wavlm_large,it0127,0.3545191586017608,0.480358213186264
C3_2,wavlm_large,it0128,0.2749134302139282,0.4690285921096802
C3_2,wavlm_large,it0129,0.225460946559906,0.3061708211898803
C3_2,wavlm_large,it0130,0.3920004069805145,0.3742812275886535
C3_2,wavlm_large,it0131,0.0999112725257873,0.4439718425273895
C3_2,wavlm_large,it0132,0.2463327050209045,0.2694158554077148
C3_2,wavlm_large,it0133,0.5957090854644775,0.6352542042732239
C3_2,wavlm_large,it0134,0.3262882232666015,0.3456424474716186
C3_2,wavlm_large,it0135,0.4290497303009033,0.4681781232357025
C3_2,wavlm_large,it0136,0.4802318811416626,0.5537099838256836
C3_2,wavlm_large,it0137,0.4283947646617889,0.4120176434516907
C3_2,wavlm_large,it0138,0.6039661765098572,0.638089656829834
C3_2,wavlm_large,it0139,0.3516071438789367,0.5760691165924072
C3_2,wavlm_large,it0140,0.2233020663261413,0.4622361958026886
C3_2,wavlm_large,it0141,0.5999082922935486,0.7265702486038208
C3_2,wavlm_large,it0142,0.141205683350563,0.3927816450595855
C3_2,wavlm_large,it0143,0.4957493841648102,0.4933538138866424
C3_2,wavlm_large,it0144,0.3128192126750946,0.4789900183677673
C3_2,wavlm_large,it0145,0.7175066471099854,0.6641844511032104
C3_2,wavlm_large,it0146,0.3760592937469482,0.4820330739021301
C3_2,wavlm_large,it0147,0.2713470458984375,0.3116474449634552
C3_2,wavlm_large,it0148,0.0255041047930717,0.2433579415082931
C3_2,wavlm_large,it0149,0.3049979507923126,0.4659116566181183
C3_2,wavlm_large,it0150,0.445056676864624,0.4906588494777679
C3_2,wavlm_large,it0151,0.4822107553482055,0.5085375308990479
C3_2,wavlm_large,it0152,0.3353495597839355,0.4100746214389801
C3_2,wavlm_large,it0153,0.3569862842559814,0.5308951735496521
C3_2,wavlm_large,it0154,0.1057891547679901,0.1398864090442657
C3_2,wavlm_large,it0155,0.2941480278968811,0.3904885947704315
C3_2,wavlm_large,it0156,0.1945383697748184,0.3893505334854126
C3_2,wavlm_large,it0157,0.5617673993110657,0.4508546888828277
C3_2,wavlm_large,it0158,0.2499463409185409,0.4439190626144409
C3_2,wavlm_large,it0159,0.3168363273143768,0.4448978304862976
C3_2,wavlm_large,it0160,0.3495107293128967,0.512600839138031
C3_2,wavlm_large,it0161,0.2788814008235931,0.3575479090213775
C3_2,wavlm_large,it0162,0.2302234917879104,0.3105862140655517
C3_2,wavlm_large,it0163,0.549504280090332,0.6323435306549072
C3_2,wavlm_large,it0164,0.2355895042419433,0.3783267438411712
C3_2,wavlm_large,it0165,0.208527386188507,0.2976940870285034
C3_2,wavlm_large,it0166,0.3557624518871307,0.3430205881595611
C3_2,wavlm_large,it0167,0.4619090557098388,0.4654849171638489
C3_2,wavlm_large,it0168,0.3561663627624511,0.3585200607776642
C3_2,wavlm_large,it0169,0.3644748628139496,0.5049177408218384
C3_2,wavlm_large,it0170,0.3102202713489532,0.4027310609817505
C3_2,wavlm_large,it0171,0.5533796548843384,0.6130962371826172
C3_2,wavlm_large,it0172,0.2705159187316894,0.3249053657054901
C3_2,wavlm_large,it0173,0.6210402250289917,0.6636703014373779
C3_2,wavlm_large,it0174,0.2789379060268402,0.4867474138736725
C3_2,wavlm_large,it0175,0.220839649438858,0.3792799711227417
C3_2,wavlm_large,it0176,0.3522413671016693,0.3788375854492187
C3_2,wavlm_large,it0177,0.3354309797286987,0.3902888298034668
C3_2,wavlm_large,it0178,0.1479606032371521,0.3158053159713745
C3_2,wavlm_large,it0179,0.6103740930557251,0.6737524271011353
C3_2,wavlm_large,it0180,0.4400199651718139,0.5416489243507385
C3_2,wavlm_large,it0181,0.5648373365402222,0.5493853688240051
C3_2,wavlm_large,it0182,0.4049477875232696,0.4993475079536438
C3_2,wavlm_large,it0183,0.479619026184082,0.5379014015197754
C3_2,wavlm_large,it0184,0.2670901417732239,0.398494154214859
C3_2,wavlm_large,it0185,0.5104643106460571,0.5190152525901794
C3_2,wavlm_large,it0186,0.4219549596309662,0.5088121294975281
C3_2,wavlm_large,it0187,0.4828067123889923,0.545270562171936
C3_2,wavlm_large,it0188,0.4888546764850616,0.5756873488426208
C3_2,wavlm_large,it0189,0.3389730453491211,0.4223041832447052
C3_2,wavlm_large,it0190,0.5793728232383728,0.6082726120948792
C3_2,wavlm_large,it0191,0.3643603920936584,0.3763066530227661
C3_2,wavlm_large,it0192,0.5181032419204712,0.5714664459228516
C3_2,wavlm_large,it0193,0.2319830954074859,0.284125417470932
C3_2,wavlm_large,it0194,0.6333186030387878,0.6521527171134949
C3_2,wavlm_large,it0195,0.6100909113883972,0.6077543497085571
C3_2,wavlm_large,it0196,0.3156233429908752,0.4557942152023315
C3_2,wavlm_large,it0197,0.3415542542934418,0.4168006181716919
C3_2,wavlm_large,it0198,0.2049073278903961,0.2534132003784179
C3_2,wavlm_large,it0199,0.4627380073070526,0.5238533020019531
C3_2,ecapa,it0000,0.3258622288703918,0.4857175052165985
C3_2,ecapa,it0001,0.4461790323257446,0.4189561605453491
C3_2,ecapa,it0002,0.2491816878318786,0.2875816524028778
C3_2,ecapa,it0003,0.4540987014770508,0.3819171190261841
C3_2,ecapa,it0004,0.4545115828514099,0.5468316078186035
C3_2,ecapa,it0005,0.3546773493289947,0.4621143341064453
C3_2,ecapa,it0006,0.2635785937309265,0.4591308832168579
C3_2,ecapa,it0007,0.2341145724058151,0.3413356244564056
C3_2,ecapa,it0008,0.3107487857341766,0.2664415240287781
C3_2,ecapa,it0009,0.5702310800552368,0.5201885104179382
C3_2,ecapa,it0010,0.5298877954483032,0.5940394997596741
C3_2,ecapa,it0011,0.5314043164253235,0.5604690909385681
C3_2,ecapa,it0012,0.4732514321804046,0.4347266852855682
C3_2,ecapa,it0013,0.459363579750061,0.6470918655395508
C3_2,ecapa,it0014,0.3236756324768066,0.4438886642456054
C3_2,ecapa,it0015,0.442350685596466,0.542293131351471
C3_2,ecapa,it0016,0.6706150770187378,0.6425157785415649
C3_2,ecapa,it0017,0.4920475482940674,0.4066157937049866
C3_2,ecapa,it0018,0.2618345618247986,0.3561446666717529
C3_2,ecapa,it0019,0.6373616456985474,0.5694182515144348
C3_2,ecapa,it0020,0.3070301115512848,0.3235726356506347
C3_2,ecapa,it0021,0.4222910404205322,0.533897340297699
C3_2,ecapa,it0022,0.2787512242794037,0.4001730978488922
C3_2,ecapa,it0023,0.6052118539810181,0.6358848214149475
C3_2,ecapa,it0024,0.6007181406021118,0.635982096195221
C3_2,ecapa,it0025,0.6004773378372192,0.6084586381912231
C3_2,ecapa,it0026,0.2450939416885376,0.3704440295696258
C3_2,ecapa,it0027,0.7152895927429199,0.6773771047592163
C3_2,ecapa,it0028,0.4435413777828216,0.5459950566291809
C3_2,ecapa,it0029,0.3839804530143738,0.3535810708999634
C3_2,ecapa,it0030,0.4677254259586334,0.5620080828666687
C3_2,ecapa,it0031,0.1949743926525116,0.4059807658195495
C3_2,ecapa,it0032,0.5879508256912231,0.6412976980209351
C3_2,ecapa,it0033,0.3295517563819885,0.4190221428871155
C3_2,ecapa,it0034,0.5000543594360352,0.5691059231758118
C3_2,ecapa,it0035,0.308364599943161,0.2538016140460968
C3_2,ecapa,it0036,0.5110188126564026,0.644798219203949
C3_2,ecapa,it0037,0.5703428387641907,0.56558758020401
C3_2,ecapa,it0038,0.3005377054214477,0.3266610503196716
C3_2,ecapa,it0039,0.5357747077941895,0.6079521179199219
C3_2,ecapa,it0040,0.2041917145252227,0.2887506783008575
C3_2,ecapa,it0041,0.6179825663566589,0.6599833965301514
C3_2,ecapa,it0042,0.3362167179584503,0.4458448588848114
C3_2,ecapa,it0043,0.1507201641798019,0.2676454782485962
C3_2,ecapa,it0044,0.4485450983047485,0.5051478147506714
C3_2,ecapa,it0045,0.2461171448230743,0.2574162483215332
C3_2,ecapa,it0046,0.3668480217456817,0.407110333442688
C3_2,ecapa,it0047,0.296047955751419,0.2466586381196975
C3_2,ecapa,it0048,0.537288248538971,0.5191617012023926
C3_2,ecapa,it0049,0.3114103376865387,0.3206569254398346
C3_2,ecapa,it0050,0.1107963696122169,0.3503594994544983
C3_2,ecapa,it0051,0.1776195466518402,0.1751270890235901
C3_2,ecapa,it0052,0.2780010402202606,0.3746076822280884
C3_2,ecapa,it0053,0.3156193494796753,0.2865226864814758
C3_2,ecapa,it0054,0.2328823953866958,0.3821414113044739
C3_2,ecapa,it0055,0.4512819051742553,0.5139219760894775
C3_2,ecapa,it0056,0.3091314435005188,0.3660174310207367
C3_2,ecapa,it0057,0.5010711550712585,0.5309426784515381
C3_2,ecapa,it0058,0.4044083654880523,0.3996150493621826
C3_2,ecapa,it0059,0.5473009347915649,0.6180441379547119
C3_2,ecapa,it0060,0.5419853329658508,0.5080778002738953
C3_2,ecapa,it0061,0.5389095544815063,0.4958924651145935
C3_2,ecapa,it0062,0.6507982611656189,0.7674497365951538
C3_2,ecapa,it0063,0.445360779762268,0.3486378788948059
C3_2,ecapa,it0064,0.303940087556839,0.3744806349277496
C3_2,ecapa,it0065,0.5536160469055176,0.6672995686531067
C3_2,ecapa,it0066,0.3750675022602081,0.3215343356132507
C3_2,ecapa,it0067,0.1703204363584518,0.4164263010025024
C3_2,ecapa,it0068,0.6793273687362671,0.697925865650177
C3_2,ecapa,it0069,0.3153438568115234,0.415547639131546
C3_2,ecapa,it0070,0.4499639272689819,0.5121275186538696
C3_2,ecapa,it0071,0.5360572934150696,0.5721670985221863
C3_2,ecapa,it0072,0.4547846615314483,0.5374668836593628
C3_2,ecapa,it0073,0.1637614965438842,0.1435636281967163
C3_2,ecapa,it0074,0.3496026992797851,0.3570513427257538
C3_2,ecapa,it0075,0.3470058441162109,0.3416251540184021
C3_2,ecapa,it0076,0.5096379518508911,0.5700671076774597
C3_2,ecapa,it0077,0.3097540736198425,0.3960959017276764
C3_2,ecapa,it0078,0.454713225364685,0.4990213215351105
C3_2,ecapa,it0079,0.5649276971817017,0.6588935256004333
C3_2,ecapa,it0080,0.3067452609539032,0.4251935184001922
C3_2,ecapa,it0081,0.3527285158634186,0.4271594583988189
C3_2,ecapa,it0082,0.3428902626037597,0.5037707686424255
C3_2,ecapa,it0083,0.4451480507850647,0.51924067735672
C3_2,ecapa,it0084,0.5679523348808289,0.6544320583343506
C3_2,ecapa,it0085,0.375346690416336,0.5132325291633606
C3_2,ecapa,it0086,0.7069704532623291,0.5594502687454224
C3_2,ecapa,it0087,0.5002651214599609,0.4633829295635223
C3_2,ecapa,it0088,0.4907949864864349,0.3897648155689239
C3_2,ecapa,it0089,0.3156137764453888,0.3306471407413482
C3_2,ecapa,it0090,0.5956231951713562,0.514177680015564
C3_2,ecapa,it0091,0.5100409984588623,0.5807643532752991
C3_2,ecapa,it0092,0.4704481065273285,0.4841865301132202
C3_2,ecapa,it0093,0.4695547521114349,0.5070050358772278
C3_2,ecapa,it0094,0.4140904247760772,0.3848372995853424
C3_2,ecapa,it0095,0.4010339677333832,0.5393691658973694
C3_2,ecapa,it0096,0.4908505082130432,0.574190080165863
C3_2,ecapa,it0097,0.5953773260116577,0.6498188972473145
C3_2,ecapa,it0098,0.4726536571979522,0.4524067640304565
C3_2,ecapa,it0099,0.2634491324424743,0.2280060946941375
C3_2,ecapa,it0100,0.7062250375747681,0.6828161478042603
C3_2,ecapa,it0101,0.1912350207567215,0.3768896460533142
C3_2,ecapa,it0102,0.3425753116607666,0.3353645205497741
C3_2,ecapa,it0103,0.4682791531085968,0.4952002763748169
C3_2,ecapa,it0104,0.53056800365448,0.493455171585083
C3_2,ecapa,it0105,0.3769374191761017,0.4358608722686767
C3_2,ecapa,it0106,0.2866170108318329,0.3089884519577026
C3_2,ecapa,it0107,0.6084100008010864,0.5837986469268799
C3_2,ecapa,it0108,0.5332409143447876,0.4751214981079101
C3_2,ecapa,it0109,0.4021728932857513,0.5327775478363037
C3_2,ecapa,it0110,0.2642258405685425,0.2003141939640045
C3_2,ecapa,it0111,0.203397661447525,0.3450812399387359
C3_2,ecapa,it0112,0.6306919455528259,0.6687756776809692
C3_2,ecapa,it0113,0.5135049223899841,0.5479241013526917
C3_2,ecapa,it0114,0.4561748802661896,0.4664388298988342
C3_2,ecapa,it0115,0.282835841178894,0.4135714173316955
C3_2,ecapa,it0116,0.5258862972259521,0.5013147592544556
C3_2,ecapa,it0117,0.4482631087303161,0.4495169520378113
C3_2,ecapa,it0118,0.5800676941871643,0.6905826926231384
C3_2,ecapa,it0119,0.3569396436214447,0.4063745141029358
C3_2,ecapa,it0120,0.6275973916053772,0.6130670309066772
C3_2,ecapa,it0121,0.4787500500679016,0.4840428829193115
C3_2,ecapa,it0122,0.1852266639471054,0.247520625591278
C3_2,ecapa,it0123,0.2668713331222534,0.3466443419456482
C3_2,ecapa,it0124,0.5537596940994263,0.5897330045700073
C3_2,ecapa,it0125,0.4592562019824981,0.4786429405212402
C3_2,ecapa,it0126,0.5181965827941895,0.4616693258285522
C3_2,ecapa,it0127,0.2818710207939148,0.4198906421661377
C3_2,ecapa,it0128,0.3804451525211334,0.3371247351169586
C3_2,ecapa,it0129,0.2527652680873871,0.3684926927089691
C3_2,ecapa,it0130,0.2739214301109314,0.3578211069107055
C3_2,ecapa,it0131,0.2277076989412307,0.347733587026596
C3_2,ecapa,it0132,0.3614949882030487,0.3280146420001983
C3_2,ecapa,it0133,0.5644645094871521,0.5821760892868042
C3_2,ecapa,it0134,0.4282488822937011,0.4019311666488647
C3_2,ecapa,it0135,0.4059920310974121,0.4860226809978485
C3_2,ecapa,it0136,0.4032176733016968,0.5970001816749573
C3_2,ecapa,it0137,0.4352306127548218,0.5153032541275024
C3_2,ecapa,it0138,0.5385203957557678,0.5135881900787354
C3_2,ecapa,it0139,0.5778622031211853,0.5849214792251587
C3_2,ecapa,it0140,0.3406566083431244,0.4918999671936035
C3_2,ecapa,it0141,0.5368276238441467,0.6572549343109131
C3_2,ecapa,it0142,0.2464642077684402,0.375231921672821
C3_2,ecapa,it0143,0.4087764620780945,0.3787780404090881
C3_2,ecapa,it0144,0.6131885051727295,0.5683580040931702
C3_2,ecapa,it0145,0.5788264870643616,0.676647424697876
C3_2,ecapa,it0146,0.4819410145282745,0.4649056792259216
C3_2,ecapa,it0147,0.386694848537445,0.5363470911979675
C3_2,ecapa,it0148,0.0183893386274576,0.2029269635677337
C3_2,ecapa,it0149,0.3900613188743591,0.4659310579299927
C3_2,ecapa,it0150,0.5081090927124023,0.3930728733539581
C3_2,ecapa,it0151,0.5365400314331055,0.5962785482406616
C3_2,ecapa,it0152,0.4810182154178619,0.5491772294044495
C3_2,ecapa,it0153,0.2817142903804779,0.3405887484550476
C3_2,ecapa,it0154,0.2673273980617523,0.2772571444511413
C3_2,ecapa,it0155,0.2616737484931946,0.3286968171596527
C3_2,ecapa,it0156,0.2278306186199188,0.4611774384975433
C3_2,ecapa,it0157,0.5829278230667114,0.592624306678772
C3_2,ecapa,it0158,0.2950913310050964,0.530890941619873
C3_2,ecapa,it0159,0.4399865269660949,0.3957453370094299
C3_2,ecapa,it0160,0.4708583652973175,0.5663703680038452
C3_2,ecapa,it0161,0.2917283773422241,0.3707570731639862
C3_2,ecapa,it0162,-0.0040738061070442,0.1138247773051261
C3_2,ecapa,it0163,0.5322489738464355,0.548967182636261
C3_2,ecapa,it0164,0.3911402225494385,0.5629198551177979
C3_2,ecapa,it0165,0.1872570961713791,0.3328424096107483
C3_2,ecapa,it0166,0.6304119229316711,0.4948110580444336
C3_2,ecapa,it0167,0.3890582919120788,0.3518140316009521
C3_2,ecapa,it0168,0.2476026117801666,0.3177998661994934
C3_2,ecapa,it0169,0.3843179047107696,0.4147681295871734
C3_2,ecapa,it0170,0.3878708183765411,0.3913331627845764
C3_2,ecapa,it0171,0.6686556339263916,0.7144312262535095
C3_2,ecapa,it0172,0.269693374633789,0.2630641162395477
C3_2,ecapa,it0173,0.6412209272384644,0.6571003198623657
C3_2,ecapa,it0174,0.4562306106090545,0.4702697992324829
C3_2,ecapa,it0175,0.1943140923976898,0.1776061058044433
C3_2,ecapa,it0176,0.3674758076667785,0.3731831908226013
C3_2,ecapa,it0177,0.2619338035583496,0.394239068031311
C3_2,ecapa,it0178,0.2632791697978973,0.3281799852848053
C3_2,ecapa,it0179,0.6092976927757263,0.603985607624054
C3_2,ecapa,it0180,0.5201687216758728,0.4573634564876556
C3_2,ecapa,it0181,0.4901728928089142,0.5426640510559082
C3_2,ecapa,it0182,0.4802568256855011,0.5555731654167175
C3_2,ecapa,it0183,0.5649686455726624,0.6196993589401245
C3_2,ecapa,it0184,0.2837094962596893,0.2835113704204559
C3_2,ecapa,it0185,0.4668743014335632,0.5160433053970337
C3_2,ecapa,it0186,0.5386348366737366,0.5630835294723511
C3_2,ecapa,it0187,0.457341194152832,0.5241060256958008
C3_2,ecapa,it0188,0.6170064806938171,0.6857181787490845
C3_2,ecapa,it0189,0.3786044418811798,0.4057058990001678
C3_2,ecapa,it0190,0.6183485984802246,0.5426675081253052
C3_2,ecapa,it0191,0.3945657610893249,0.3739580512046814
C3_2,ecapa,it0192,0.5290836095809937,0.5896657705307007
C3_2,ecapa,it0193,0.4196238219738006,0.4427292346954345
C3_2,ecapa,it0194,0.5908703804016113,0.5741786360740662
C3_2,ecapa,it0195,0.631984531879425,0.6359274387359619
C3_2,ecapa,it0196,0.4851697087287903,0.421796053647995
C3_2,ecapa,it0197,0.4671744406223297,0.4764289855957031
C3_2,ecapa,it0198,0.3386061191558838,0.2495060861110687
C3_2,ecapa,it0199,0.4255481958389282,0.4674113988876343
C3_2,ge2e,it0000,0.742031455039978,0.8382498025894165
C3_2,ge2e,it0001,0.8646261692047119,0.8107489347457886
C3_2,ge2e,it0002,0.7283439636230469,0.7574070692062378
C3_2,ge2e,it0003,0.7492464780807495,0.7263284921646118
C3_2,ge2e,it0004,0.7749619483947754,0.8188272714614868
C3_2,ge2e,it0005,0.8543896675109863,0.835665225982666
C3_2,ge2e,it0006,0.7038647532463074,0.7767301797866821
C3_2,ge2e,it0007,0.7186993956565857,0.8045719861984253
C3_2,ge2e,it0008,0.8377262353897095,0.8243378400802612
C3_2,ge2e,it0009,0.8975229263305664,0.8870964050292969
C3_2,ge2e,it0010,0.830348789691925,0.8617565631866455
C3_2,ge2e,it0011,0.8599971532821655,0.8439182043075562
C3_2,ge2e,it0012,0.7957810163497925,0.7567254900932312
C3_2,ge2e,it0013,0.8321664929389954,0.8332217931747437
C3_2,ge2e,it0014,0.7139913439750671,0.7784692645072937
C3_2,ge2e,it0015,0.8530566692352295,0.8710727095603943
C3_2,ge2e,it0016,0.8182909488677979,0.8348231315612793
C3_2,ge2e,it0017,0.8366926908493042,0.8648335933685303
C3_2,ge2e,it0018,0.7753970623016357,0.8338024616241455
C3_2,ge2e,it0019,0.8126632571220398,0.8257592916488647
C3_2,ge2e,it0020,0.7332873344421387,0.7308356761932373
C3_2,ge2e,it0021,0.8493366837501526,0.8849157094955444
C3_2,ge2e,it0022,0.7992207407951355,0.8174570202827454
C3_2,ge2e,it0023,0.80964595079422,0.8215771913528442
C3_2,ge2e,it0024,0.8502551317214966,0.8707635402679443
C3_2,ge2e,it0025,0.8613684177398682,0.8787764310836792
C3_2,ge2e,it0026,0.7658892869949341,0.7391564846038818
C3_2,ge2e,it0027,0.8336017727851868,0.801074743270874
C3_2,ge2e,it0028,0.8777961730957031,0.8617263436317444
C3_2,ge2e,it0029,0.8026624917984009,0.8282531499862671
C3_2,ge2e,it0030,0.8658491969108582,0.8791422247886658
C3_2,ge2e,it0031,0.7293280363082886,0.8440576791763306
C3_2,ge2e,it0032,0.8232100009918213,0.8061361908912659
C3_2,ge2e,it0033,0.7708925008773804,0.8335471153259277
C3_2,ge2e,it0034,0.8387171030044556,0.8895117044448853
C3_2,ge2e,it0035,0.7677821516990662,0.7824384570121765
C3_2,ge2e,it0036,0.8166627883911133,0.7922691106796265
C3_2,ge2e,it0037,0.842915415763855,0.865217924118042
C3_2,ge2e,it0038,0.8078362345695496,0.7636984586715698
C3_2,ge2e,it0039,0.8297439217567444,0.832877516746521
C3_2,ge2e,it0040,0.6849094033241272,0.8229039311408997
C3_2,ge2e,it0041,0.837777316570282,0.8694626688957214
C3_2,ge2e,it0042,0.8430718183517456,0.8688564300537109
C3_2,ge2e,it0043,0.7726535797119141,0.7743577361106873
C3_2,ge2e,it0044,0.8238081336021423,0.8049877882003784
C3_2,ge2e,it0045,0.7646567225456238,0.7832168340682983
C3_2,ge2e,it0046,0.7971118688583374,0.7763166427612305
C3_2,ge2e,it0047,0.7433610558509827,0.7802706956863403
C3_2,ge2e,it0048,0.8474636077880859,0.8131405711174011
C3_2,ge2e,it0049,0.863921046257019,0.8576827049255371
C3_2,ge2e,it0050,0.7726965546607971,0.87816321849823
C3_2,ge2e,it0051,0.8473837375640869,0.7939961552619934
C3_2,ge2e,it0052,0.7726598381996155,0.8288072943687439
C3_2,ge2e,it0053,0.7621336579322815,0.7847912311553955
C3_2,ge2e,it0054,0.7843587398529053,0.7853348851203918
C3_2,ge2e,it0055,0.7685929536819458,0.7540746927261353
C3_2,ge2e,it0056,0.8737001419067383,0.9045586585998536
C3_2,ge2e,it0057,0.7926039695739746,0.8437274098396301
C3_2,ge2e,it0058,0.7898858189582825,0.7830488085746765
C3_2,ge2e,it0059,0.8382693529129028,0.8690292239189148
C3_2,ge2e,it0060,0.8433812856674194,0.8820598125457764
C3_2,ge2e,it0061,0.8390893936157227,0.8561006784439087
C3_2,ge2e,it0062,0.8813788294792175,0.8899750113487244
C3_2,ge2e,it0063,0.7446633577346802,0.8142886757850647
C3_2,ge2e,it0064,0.8194101452827454,0.80987948179245
C3_2,ge2e,it0065,0.838392972946167,0.8730151653289795
C3_2,ge2e,it0066,0.7728444933891296,0.7954511642456055
C3_2,ge2e,it0067,0.8412982821464539,0.832493245601654
C3_2,ge2e,it0068,0.8991260528564453,0.8845292925834656
C3_2,ge2e,it0069,0.7736157774925232,0.8196091651916504
C3_2,ge2e,it0070,0.7362322807312012,0.8150928020477295
C3_2,ge2e,it0071,0.8219078779220581,0.8400975465774536
C3_2,ge2e,it0072,0.8619779348373413,0.8808549642562866
C3_2,ge2e,it0073,0.6964617371559143,0.7810481786727905
C3_2,ge2e,it0074,0.8146630525588989,0.8377494812011719
C3_2,ge2e,it0075,0.8688948154449463,0.8312894105911255
C3_2,ge2e,it0076,0.8173204064369202,0.8278368711471558
C3_2,ge2e,it0077,0.7821192741394043,0.7896562218666077
C3_2,ge2e,it0078,0.7345225214958191,0.7458115220069885
C3_2,ge2e,it0079,0.7855451107025146,0.8037935495376587
C3_2,ge2e,it0080,0.7267900705337524,0.7811378836631775
C3_2,ge2e,it0081,0.8314648270606995,0.861068844795227
C3_2,ge2e,it0082,0.8412107229232788,0.8687394857406616
C3_2,ge2e,it0083,0.8767232894897461,0.8688478469848633
C3_2,ge2e,it0084,0.8535206913948059,0.8782344460487366
C3_2,ge2e,it0085,0.7552947402000427,0.7633000016212463
C3_2,ge2e,it0086,0.8443217873573303,0.8530926704406738
C3_2,ge2e,it0087,0.8446877598762512,0.8536293506622314
C3_2,ge2e,it0088,0.7688694596290588,0.8302600979804993
C3_2,ge2e,it0089,0.7710567712783813,0.7723054885864258
C3_2,ge2e,it0090,0.8618830442428589,0.8609853982925415
C3_2,ge2e,it0091,0.834159791469574,0.8677628040313721
C3_2,ge2e,it0092,0.788520097732544,0.81826251745224
C3_2,ge2e,it0093,0.8304997682571411,0.8802942633628845
C3_2,ge2e,it0094,0.7915598750114441,0.8487263321876526
C3_2,ge2e,it0095,0.8211169838905334,0.9096335172653198
C3_2,ge2e,it0096,0.869382917881012,0.8569154739379883
C3_2,ge2e,it0097,0.8055452108383179,0.8378176093101501
C3_2,ge2e,it0098,0.8241080641746521,0.8238583207130432
C3_2,ge2e,it0099,0.7370126247406006,0.7598260641098022
C3_2,ge2e,it0100,0.8495410680770874,0.8761817216873169
C3_2,ge2e,it0101,0.6710971593856812,0.7721839547157288
C3_2,ge2e,it0102,0.8583207726478577,0.8445524573326111
C3_2,ge2e,it0103,0.7281776070594788,0.7725940942764282
C3_2,ge2e,it0104,0.8817790150642395,0.8566468954086304
C3_2,ge2e,it0105,0.850476861000061,0.8709968328475952
C3_2,ge2e,it0106,0.8406028151512146,0.8424121141433716
C3_2,ge2e,it0107,0.8034392595291138,0.8269656300544739
C3_2,ge2e,it0108,0.8320120573043823,0.827947735786438
C3_2,ge2e,it0109,0.8322930932044983,0.8066397905349731
C3_2,ge2e,it0110,0.778278112411499,0.7741113901138306
C3_2,ge2e,it0111,0.8277134895324707,0.8485767841339111
C3_2,ge2e,it0112,0.8967992067337036,0.897525429725647
C3_2,ge2e,it0113,0.8568429946899414,0.8672915697097778
C3_2,ge2e,it0114,0.8465076684951782,0.8260393738746643
C3_2,ge2e,it0115,0.8520908355712891,0.8798801302909851
C3_2,ge2e,it0116,0.7525579333305359,0.7972108125686646
C3_2,ge2e,it0117,0.8483974933624268,0.811194896697998
C3_2,ge2e,it0118,0.7848520874977112,0.8810474872589111
C3_2,ge2e,it0119,0.7982422113418579,0.8152263164520264
C3_2,ge2e,it0120,0.7597677111625671,0.7860574722290039
C3_2,ge2e,it0121,0.7631330490112305,0.8215588927268982
C3_2,ge2e,it0122,0.776096522808075,0.8234590291976929
C3_2,ge2e,it0123,0.7285208702087402,0.7561658620834351
C3_2,ge2e,it0124,0.8176510334014893,0.8512543439865112
C3_2,ge2e,it0125,0.8708301782608032,0.9023956060409546
C3_2,ge2e,it0126,0.8711503744125366,0.8768815398216248
C3_2,ge2e,it0127,0.7699189186096191,0.8246092200279236
C3_2,ge2e,it0128,0.7880101203918457,0.8474916815757751
C3_2,ge2e,it0129,0.7521601319313049,0.8105742335319519
C3_2,ge2e,it0130,0.8278829455375671,0.8335995674133301
C3_2,ge2e,it0131,0.8151500821113586,0.8536081910133362
C3_2,ge2e,it0132,0.8567054867744446,0.8003459572792053
C3_2,ge2e,it0133,0.8481025695800781,0.8557446002960205
C3_2,ge2e,it0134,0.8113519549369812,0.7869535684585571
C3_2,ge2e,it0135,0.8234796524047852,0.8424801826477051
C3_2,ge2e,it0136,0.8616237640380859,0.8879926204681396
C3_2,ge2e,it0137,0.7731859683990479,0.8287294507026672
C3_2,ge2e,it0138,0.8623732328414917,0.7790530323982239
C3_2,ge2e,it0139,0.8685575723648071,0.8659842610359192
C3_2,ge2e,it0140,0.7939229011535645,0.8255765438079834
C3_2,ge2e,it0141,0.7959030270576477,0.857814371585846
C3_2,ge2e,it0142,0.7993565797805786,0.8553653359413147
C3_2,ge2e,it0143,0.8684724569320679,0.8519994020462036
C3_2,ge2e,it0144,0.8031639456748962,0.8539959192276001
C3_2,ge2e,it0145,0.7661347985267639,0.8762074708938599
C3_2,ge2e,it0146,0.8064289093017578,0.8408701419830322
C3_2,ge2e,it0147,0.8860324025154114,0.8894785046577454
C3_2,ge2e,it0148,0.7744946479797363,0.8095512390136719
C3_2,ge2e,it0149,0.7433618307113647,0.8253030776977539
C3_2,ge2e,it0150,0.7626241445541382,0.7567001581192017
C3_2,ge2e,it0151,0.8787911534309387,0.8647382259368896
C3_2,ge2e,it0152,0.8411653637886047,0.8516213297843933
C3_2,ge2e,it0153,0.7937803268432617,0.7852077484130859
C3_2,ge2e,it0154,0.7117689251899719,0.7325955629348755
C3_2,ge2e,it0155,0.824161171913147,0.8585480451583862
C3_2,ge2e,it0156,0.7563098669052124,0.8096862435340881
C3_2,ge2e,it0157,0.8683184385299683,0.8864774107933044
C3_2,ge2e,it0158,0.7679151296615601,0.8043692708015442
C3_2,ge2e,it0159,0.8203788995742798,0.8704596757888794
C3_2,ge2e,it0160,0.8517696857452393,0.8714303374290466
C3_2,ge2e,it0161,0.8230211138725281,0.8375394344329834
C3_2,ge2e,it0162,0.7839502096176147,0.8276026248931885
C3_2,ge2e,it0163,0.7980026006698608,0.8044582605361938
C3_2,ge2e,it0164,0.8149611353874207,0.8673757910728455
C3_2,ge2e,it0165,0.7492285966873169,0.7903856039047241
C3_2,ge2e,it0166,0.8269540071487427,0.8829849362373352
C3_2,ge2e,it0167,0.8851503133773804,0.8515156507492065
C3_2,ge2e,it0168,0.7323246002197266,0.7790502905845642
C3_2,ge2e,it0169,0.7928224802017212,0.840308427810669
C3_2,ge2e,it0170,0.8038076162338257,0.8601327538490295
C3_2,ge2e,it0171,0.829877495765686,0.8422632813453674
C3_2,ge2e,it0172,0.7726683020591736,0.8001406788825989
C3_2,ge2e,it0173,0.8582553863525391,0.8875735402107239
C3_2,ge2e,it0174,0.8315305113792419,0.8188706040382385
C3_2,ge2e,it0175,0.6768542528152466,0.7265838384628296
C3_2,ge2e,it0176,0.7444087862968445,0.7682753205299377
C3_2,ge2e,it0177,0.7744637727737427,0.8207284212112427
C3_2,ge2e,it0178,0.8461388349533081,0.8491042256355286
C3_2,ge2e,it0179,0.8778308033943176,0.8524278998374939
C3_2,ge2e,it0180,0.846294641494751,0.8601216673851013
C3_2,ge2e,it0181,0.8126684427261353,0.8782249689102173
C3_2,ge2e,it0182,0.8824162483215332,0.8934444189071655
C3_2,ge2e,it0183,0.8152115345001221,0.8849002122879028
C3_2,ge2e,it0184,0.7546563744544983,0.7786597609519958
C3_2,ge2e,it0185,0.7962746024131775,0.791241466999054
C3_2,ge2e,it0186,0.7940627336502075,0.7911444306373596
C3_2,ge2e,it0187,0.8256666660308838,0.7980002760887146
C3_2,ge2e,it0188,0.8661635518074036,0.8709571957588196
C3_2,ge2e,it0189,0.8386666178703308,0.8132683634757996
C3_2,ge2e,it0190,0.8473424315452576,0.8932739496231079
C3_2,ge2e,it0191,0.7876601815223694,0.8027490973472595
C3_2,ge2e,it0192,0.8398610353469849,0.8219836354255676
C3_2,ge2e,it0193,0.8078785538673401,0.819557249546051
C3_2,ge2e,it0194,0.8296434283256531,0.8395591974258423
C3_2,ge2e,it0195,0.8290797472000122,0.8506488800048828
C3_2,ge2e,it0196,0.8109560012817383,0.8482546806335449
C3_2,ge2e,it0197,0.844814658164978,0.8399150371551514
C3_2,ge2e,it0198,0.8222296833992004,0.8287954926490784
C3_2,ge2e,it0199,0.8337852358818054,0.8329734206199646
C3_2,xvect,it0000,0.9414777159690856,0.9730716943740844
C3_2,xvect,it0001,0.9579946398735046,0.9550425410270692
C3_2,xvect,it0002,0.944908618927002,0.9484589099884032
C3_2,xvect,it0003,0.9458515644073486,0.948034644126892
C3_2,xvect,it0004,0.9444456100463868,0.9552106261253356
C3_2,xvect,it0005,0.9271138310432434,0.9513381719589232
C3_2,xvect,it0006,0.9332749247550964,0.9537551403045654
C3_2,xvect,it0007,0.944409728050232,0.9582089781761168
C3_2,xvect,it0008,0.9173306822776794,0.9339587688446044
C3_2,xvect,it0009,0.9528273940086364,0.9564460515975952
C3_2,xvect,it0010,0.9671288728713988,0.9671934247016908
C3_2,xvect,it0011,0.9601118564605712,0.9706168174743652
C3_2,xvect,it0012,0.9379407167434692,0.943248689174652
C3_2,xvect,it0013,0.962209939956665,0.9661656618118286
C3_2,xvect,it0014,0.8736621737480164,0.9304265975952148
C3_2,xvect,it0015,0.9348829388618468,0.9472998380661012
C3_2,xvect,it0016,0.8800217509269714,0.9369380474090576
C3_2,xvect,it0017,0.9338118433952332,0.9443244338035583
C3_2,xvect,it0018,0.9190104007720948,0.917626678943634
C3_2,xvect,it0019,0.9070899486541748,0.9074383974075316
C3_2,xvect,it0020,0.9472039937973022,0.9571579098701476
C3_2,xvect,it0021,0.9484671354293824,0.9620515704154968
C3_2,xvect,it0022,0.9231616258621216,0.9316785335540771
C3_2,xvect,it0023,0.9000535011291504,0.9242648482322692
C3_2,xvect,it0024,0.9568793773651124,0.950253129005432
C3_2,xvect,it0025,0.9364754557609558,0.9649305939674376
C3_2,xvect,it0026,0.9284650683403016,0.9366737604141236
C3_2,xvect,it0027,0.9627300500869752,0.9603214859962464
C3_2,xvect,it0028,0.9397592544555664,0.95855450630188
C3_2,xvect,it0029,0.9513406157493592,0.9598844051361084
C3_2,xvect,it0030,0.9654727578163148,0.9671835899353028
C3_2,xvect,it0031,0.9371424317359924,0.96110999584198
C3_2,xvect,it0032,0.9398074150085448,0.9520279169082642
C3_2,xvect,it0033,0.9308934211730956,0.9534734487533568
C3_2,xvect,it0034,0.943498969078064,0.9655469059944152
C3_2,xvect,it0035,0.9488959908485411,0.946915328502655
C3_2,xvect,it0036,0.931884229183197,0.9321014285087584
C3_2,xvect,it0037,0.944221258163452,0.9568393230438232
C3_2,xvect,it0038,0.9364405870437622,0.9461435675621032
C3_2,xvect,it0039,0.953231394290924,0.9579627513885498
C3_2,xvect,it0040,0.9422283172607422,0.9442988634109496
C3_2,xvect,it0041,0.9402552247047424,0.9519062638282776
C3_2,xvect,it0042,0.9389312863349916,0.9483552575111388
C3_2,xvect,it0043,0.951742708683014,0.956868290901184
C3_2,xvect,it0044,0.963947057723999,0.9613816142082214
C3_2,xvect,it0045,0.9361721277236938,0.9419615268707277
C3_2,xvect,it0046,0.9526605606079102,0.9592773914337158
C3_2,xvect,it0047,0.9594696760177612,0.967621088027954
C3_2,xvect,it0048,0.9494447708129884,0.9602122902870178
C3_2,xvect,it0049,0.9439725875854492,0.9371523261070251
C3_2,xvect,it0050,0.9282392263412476,0.9562091827392578
C3_2,xvect,it0051,0.9548472762107848,0.9584274291992188
C3_2,xvect,it0052,0.9423561096191406,0.9540848731994628
C3_2,xvect,it0053,0.9514830112457277,0.9586368799209596
C3_2,xvect,it0054,0.929160177707672,0.9498516321182252
C3_2,xvect,it0055,0.9225140810012816,0.9454872012138368
C3_2,xvect,it0056,0.9551445841789246,0.9593666791915894
C3_2,xvect,it0057,0.940143585205078,0.9432476758956908
C3_2,xvect,it0058,0.9486545920372008,0.9585875272750854
C3_2,xvect,it0059,0.9730998277664183,0.9750059843063354
C3_2,xvect,it0060,0.9352144598960876,0.9519963264465332
C3_2,xvect,it0061,0.9209261536598206,0.9368911981582642
C3_2,xvect,it0062,0.9618080854415894,0.9634588956832886
C3_2,xvect,it0063,0.9494693279266356,0.9516206979751588
C3_2,xvect,it0064,0.8901438117027283,0.9208025932312012
C3_2,xvect,it0065,0.938932478427887,0.9455299377441406
C3_2,xvect,it0066,0.9358113408088684,0.9441816210746764
C3_2,xvect,it0067,0.9296793937683104,0.9479148983955384
C3_2,xvect,it0068,0.9749598503112792,0.972892999649048
C3_2,xvect,it0069,0.9544061422348022,0.9577982425689696
C3_2,xvect,it0070,0.9396204948425292,0.9456305503845216
C3_2,xvect,it0071,0.9586502313613892,0.962937831878662
C3_2,xvect,it0072,0.9667078256607056,0.9696720242500304
C3_2,xvect,it0073,0.938386082649231,0.9409587979316713
C3_2,xvect,it0074,0.9468728303909302,0.9505128860473632
C3_2,xvect,it0075,0.9609204530715942,0.964747667312622
C3_2,xvect,it0076,0.9422349333763124,0.9578179121017456
C3_2,xvect,it0077,0.9549445509910583,0.9590668082237244
C3_2,xvect,it0078,0.960112690925598,0.9637415409088136
C3_2,xvect,it0079,0.9620134830474854,0.9727978110313416
C3_2,xvect,it0080,0.9280056953430176,0.945783257484436
C3_2,xvect,it0081,0.9534845352172852,0.9614927768707277
C3_2,xvect,it0082,0.9464653134346008,0.9563223719596864
C3_2,xvect,it0083,0.96099054813385,0.9688860177993774
C3_2,xvect,it0084,0.960538387298584,0.9718451499938964
C3_2,xvect,it0085,0.9046320915222168,0.9496797919273376
C3_2,xvect,it0086,0.9694377183914183,0.9609525203704834
C3_2,xvect,it0087,0.9577640891075134,0.9680060148239136
C3_2,xvect,it0088,0.9584960341453552,0.9586955904960632
C3_2,xvect,it0089,0.9284071922302246,0.9497276544570924
C3_2,xvect,it0090,0.964646577835083,0.9607006311416626
C3_2,xvect,it0091,0.9175699949264526,0.947333574295044
C3_2,xvect,it0092,0.9585123062133788,0.9442957043647766
C3_2,xvect,it0093,0.9445031881332396,0.9548500776290894
C3_2,xvect,it0094,0.8966888189315796,0.9496076107025146
C3_2,xvect,it0095,0.9419195055961608,0.959972620010376
C3_2,xvect,it0096,0.9465196132659912,0.9600688815116882
C3_2,xvect,it0097,0.9603321552276612,0.9670159220695496
C3_2,xvect,it0098,0.9707736372947692,0.9660250544548036
C3_2,xvect,it0099,0.9392898082733154,0.9540793299674988
C3_2,xvect,it0100,0.9675911664962769,0.9725733995437622
C3_2,xvect,it0101,0.938347101211548,0.962405800819397
C3_2,xvect,it0102,0.953073024749756,0.9454362988471984
C3_2,xvect,it0103,0.9472202062606812,0.9595422744750975
C3_2,xvect,it0104,0.9451760053634644,0.9445637464523317
C3_2,xvect,it0105,0.9507272839546204,0.9514709711074828
C3_2,xvect,it0106,0.9552689790725708,0.9563799500465392
C3_2,xvect,it0107,0.93340802192688,0.9396722316741944
C3_2,xvect,it0108,0.9589537978172302,0.9619067907333374
C3_2,xvect,it0109,0.9529137015342712,0.968088686466217
C3_2,xvect,it0110,0.9433830976486206,0.9467349648475648
C3_2,xvect,it0111,0.9614856839179992,0.966396689414978
C3_2,xvect,it0112,0.9664108753204346,0.966588854789734
C3_2,xvect,it0113,0.9207801222801208,0.933927059173584
C3_2,xvect,it0114,0.9569962620735168,0.9591895937919616
C3_2,xvect,it0115,0.9282413125038148,0.940366804599762
C3_2,xvect,it0116,0.9385669231414796,0.953412652015686
C3_2,xvect,it0117,0.9682492017745972,0.9668145179748536
C3_2,xvect,it0118,0.9582116007804872,0.9714825749397278
C3_2,xvect,it0119,0.9564300775527954,0.9659035801887512
C3_2,xvect,it0120,0.9588286876678468,0.9665573835372924
C3_2,xvect,it0121,0.953449249267578,0.960876762866974
C3_2,xvect,it0122,0.9367090463638306,0.9394598603248596
C3_2,xvect,it0123,0.941057026386261,0.9311102032661438
C3_2,xvect,it0124,0.926591157913208,0.9414896965026855
C3_2,xvect,it0125,0.9610483050346376,0.9567757844924928
C3_2,xvect,it0126,0.9587723016738892,0.9656341075897216
C3_2,xvect,it0127,0.9491581320762634,0.9603978991508484
C3_2,xvect,it0128,0.9608108401298524,0.9530115723609924
C3_2,xvect,it0129,0.9453369975090028,0.9613142609596252
C3_2,xvect,it0130,0.9469189643859864,0.95809143781662
C3_2,xvect,it0131,0.9091166257858276,0.9357346892356871
C3_2,xvect,it0132,0.9568251967430116,0.9523720741271972
C3_2,xvect,it0133,0.9493439793586732,0.9621900916099548
C3_2,xvect,it0134,0.9592401385307312,0.9641198515892028
C3_2,xvect,it0135,0.9593162536621094,0.9583522081375122
C3_2,xvect,it0136,0.964030921459198,0.9714231491088868
C3_2,xvect,it0137,0.9460570216178894,0.9460116028785706
C3_2,xvect,it0138,0.96226304769516,0.956917405128479
C3_2,xvect,it0139,0.9322681427001952,0.8999063968658447
C3_2,xvect,it0140,0.9211862683296204,0.9613626599311828
C3_2,xvect,it0141,0.950646162033081,0.960939645767212
C3_2,xvect,it0142,0.9461068511009216,0.9556220769882202
C3_2,xvect,it0143,0.9650784730911256,0.9598894715309144
C3_2,xvect,it0144,0.9685311913490297,0.9566034078598022
C3_2,xvect,it0145,0.9466609954833984,0.945641815662384
C3_2,xvect,it0146,0.909189760684967,0.9527027010917664
C3_2,xvect,it0147,0.95732319355011,0.9425808787345886
C3_2,xvect,it0148,0.9284900426864624,0.9546464085578918
C3_2,xvect,it0149,0.9413524866104126,0.9501528143882751
C3_2,xvect,it0150,0.9280738234519958,0.9474706649780272
C3_2,xvect,it0151,0.96044659614563,0.968761682510376
C3_2,xvect,it0152,0.9630810618400574,0.9673672318458556
C3_2,xvect,it0153,0.9109079241752625,0.910306751728058
C3_2,xvect,it0154,0.9235538244247437,0.925180435180664
C3_2,xvect,it0155,0.9631657600402832,0.9630252122879028
C3_2,xvect,it0156,0.94682115316391,0.961582362651825
C3_2,xvect,it0157,0.9677690267562866,0.970327615737915
C3_2,xvect,it0158,0.957891583442688,0.962588667869568
C3_2,xvect,it0159,0.9481252431869508,0.9495351910591124
C3_2,xvect,it0160,0.9470337629318236,0.9669690132141112
C3_2,xvect,it0161,0.9421281218528748,0.9560905694961548
C3_2,xvect,it0162,0.9516260623931884,0.9603896141052246
C3_2,xvect,it0163,0.9675018787384032,0.9742521047592164
C3_2,xvect,it0164,0.9560155868530272,0.963842749595642
C3_2,xvect,it0165,0.944250464439392,0.9491955041885376
C3_2,xvect,it0166,0.9451505541801452,0.9425947666168212
C3_2,xvect,it0167,0.9433394074440002,0.9382068514823914
C3_2,xvect,it0168,0.9283856749534608,0.9469274282455444
C3_2,xvect,it0169,0.9581834673881532,0.959787368774414
C3_2,xvect,it0170,0.9444205164909364,0.9581053853034972
C3_2,xvect,it0171,0.9395155906677246,0.9605246186256408
C3_2,xvect,it0172,0.93866229057312,0.9465458393096924
C3_2,xvect,it0173,0.9591047167778016,0.9691598415374756
C3_2,xvect,it0174,0.9387130737304688,0.9621692895889282
C3_2,xvect,it0175,0.9484717845916748,0.9564507007598876
C3_2,xvect,it0176,0.9479143619537354,0.9531570672988892
C3_2,xvect,it0177,0.9017900228500366,0.9184585809707642
C3_2,xvect,it0178,0.9378262758255004,0.9515141844749452
C3_2,xvect,it0179,0.9589982628822328,0.9591544270515442
C3_2,xvect,it0180,0.954901158809662,0.945796012878418
C3_2,xvect,it0181,0.9690096974372864,0.9733728766441344
C3_2,xvect,it0182,0.9517742395401,0.9556560516357422
C3_2,xvect,it0183,0.9571714997291564,0.966072678565979
C3_2,xvect,it0184,0.9282308220863342,0.9437196850776672
C3_2,xvect,it0185,0.9332003593444824,0.950941562652588
C3_2,xvect,it0186,0.9306411147117616,0.9419656991958618
C3_2,xvect,it0187,0.9456936717033386,0.955100417137146
C3_2,xvect,it0188,0.9593003392219543,0.9611737728118896
C3_2,xvect,it0189,0.9551389217376708,0.961816430091858
C3_2,xvect,it0190,0.9594510793685912,0.9570348262786864
C3_2,xvect,it0191,0.96024888753891,0.9558932781219482
C3_2,xvect,it0192,0.8987175226211548,0.941047191619873
C3_2,xvect,it0193,0.9591684341430664,0.9582309126853944
C3_2,xvect,it0194,0.9638331532478333,0.9695197939872742
C3_2,xvect,it0195,0.9559794664382936,0.9657347202301024
C3_2,xvect,it0196,0.952960729598999,0.94765967130661
C3_2,xvect,it0197,0.936795711517334,0.9481707215309144
C3_2,xvect,it0198,0.9552422761917114,0.9490995407104492
C3_2,xvect,it0199,0.9588018655776978,0.961186945438385
C3_2,wavlm_base_plus,it0000,0.7067950367927551,0.899689257144928
C3_2,wavlm_base_plus,it0001,0.8433080315589905,0.8803538680076599
C3_2,wavlm_base_plus,it0002,0.7558659315109253,0.8872020244598389
C3_2,wavlm_base_plus,it0003,0.8458216190338135,0.8841984868049622
C3_2,wavlm_base_plus,it0004,0.9391675591468812,0.966486930847168
C3_2,wavlm_base_plus,it0005,0.916576623916626,0.9244288802146912
C3_2,wavlm_base_plus,it0006,0.8810797929763794,0.8951026201248169
C3_2,wavlm_base_plus,it0007,0.9386078715324402,0.9490948915481568
C3_2,wavlm_base_plus,it0008,0.905900537967682,0.9110668301582336
C3_2,wavlm_base_plus,it0009,0.9751720428466796,0.9620636105537416
C3_2,wavlm_base_plus,it0010,0.8519076108932495,0.8820784091949463
C3_2,wavlm_base_plus,it0011,0.9628687500953674,0.9678515195846558
C3_2,wavlm_base_plus,it0012,0.8768874406814575,0.9266071915626526
C3_2,wavlm_base_plus,it0013,0.9428988695144652,0.9744340777397156
C3_2,wavlm_base_plus,it0014,0.8544902205467224,0.8147071599960327
C3_2,wavlm_base_plus,it0015,0.928031861782074,0.9136463403701782
C3_2,wavlm_base_plus,it0016,0.938588559627533,0.9390681982040404
C3_2,wavlm_base_plus,it0017,0.8975005149841309,0.9446901679039
C3_2,wavlm_base_plus,it0018,0.7868234515190125,0.9234697222709656
C3_2,wavlm_base_plus,it0019,0.97712504863739,0.9571106433868408
C3_2,wavlm_base_plus,it0020,0.7627881765365601,0.7597590684890747
C3_2,wavlm_base_plus,it0021,0.8989132642745972,0.9446086883544922
C3_2,wavlm_base_plus,it0022,0.9026318192481996,0.927202582359314
C3_2,wavlm_base_plus,it0023,0.9530156254768372,0.9600337743759156
C3_2,wavlm_base_plus,it0024,0.9249610304832458,0.9702222943305968
C3_2,wavlm_base_plus,it0025,0.9375119209289552,0.933722734451294
C3_2,wavlm_base_plus,it0026,0.8765151500701904,0.875531792640686
C3_2,wavlm_base_plus,it0027,0.9531669020652772,0.9362037777900696
C3_2,wavlm_base_plus,it0028,0.9505580067634584,0.9530789852142334
C3_2,wavlm_base_plus,it0029,0.9075597524642944,0.8624491095542908
C3_2,wavlm_base_plus,it0030,0.9175975322723388,0.9488588571548462
C3_2,wavlm_base_plus,it0031,0.9299581050872804,0.9302867650985718
C3_2,wavlm_base_plus,it0032,0.92670339345932,0.949923813343048
C3_2,wavlm_base_plus,it0033,0.9319974780082704,0.9407616853713988
C3_2,wavlm_base_plus,it0034,0.8585286140441895,0.9644732475280762
C3_2,wavlm_base_plus,it0035,0.7596185207366943,0.7756957411766052
C3_2,wavlm_base_plus,it0036,0.9487322568893432,0.96695214509964
C3_2,wavlm_base_plus,it0037,0.9098302125930786,0.966827392578125
C3_2,wavlm_base_plus,it0038,0.8605233430862427,0.9317322969436646
C3_2,wavlm_base_plus,it0039,0.9326925873756408,0.9637503623962402
C3_2,wavlm_base_plus,it0040,0.8306443095207214,0.9541524648666382
C3_2,wavlm_base_plus,it0041,0.9382081031799316,0.954276204109192
C3_2,wavlm_base_plus,it0042,0.8821796774864197,0.8879843950271606
C3_2,wavlm_base_plus,it0043,0.8736848831176758,0.9284988045692444
C3_2,wavlm_base_plus,it0044,0.9253165125846864,0.93310546875
C3_2,wavlm_base_plus,it0045,0.869678258895874,0.936456263065338
C3_2,wavlm_base_plus,it0046,0.8539323210716248,0.883019208908081
C3_2,wavlm_base_plus,it0047,0.818931519985199,0.92288076877594
C3_2,wavlm_base_plus,it0048,0.9384489059448242,0.9401766061782836
C3_2,wavlm_base_plus,it0049,0.8798434734344482,0.9109787344932556
C3_2,wavlm_base_plus,it0050,0.663205087184906,0.7170419692993164
C3_2,wavlm_base_plus,it0051,0.9517911672592164,0.9234321713447572
C3_2,wavlm_base_plus,it0052,0.9027886390686036,0.8465815186500549
C3_2,wavlm_base_plus,it0053,0.9082477688789368,0.9051424860954284
C3_2,wavlm_base_plus,it0054,0.6697839498519897,0.8481452465057373
C3_2,wavlm_base_plus,it0055,0.952489137649536,0.9319339394569396
C3_2,wavlm_base_plus,it0056,0.9177061915397644,0.9534332752227784
C3_2,wavlm_base_plus,it0057,0.9300268888473512,0.9139938354492188
C3_2,wavlm_base_plus,it0058,0.9202716946601868,0.9316152930259703
C3_2,wavlm_base_plus,it0059,0.9618531465530396,0.973322093486786
C3_2,wavlm_base_plus,it0060,0.8915417790412903,0.907818078994751
C3_2,wavlm_base_plus,it0061,0.8932956457138062,0.9053459167480468
C3_2,wavlm_base_plus,it0062,0.947184145450592,0.9688591361045836
C3_2,wavlm_base_plus,it0063,0.7713453769683838,0.7954403162002563
C3_2,wavlm_base_plus,it0064,0.9097363352775574,0.9479480385780334
C3_2,wavlm_base_plus,it0065,0.9439443945884703,0.9799900650978088
C3_2,wavlm_base_plus,it0066,0.8170909285545349,0.8400567770004272
C3_2,wavlm_base_plus,it0067,0.8563245534896851,0.9382972717285156
C3_2,wavlm_base_plus,it0068,0.9399524927139282,0.9269126653671264
C3_2,wavlm_base_plus,it0069,0.8617035746574402,0.9274389743804932
C3_2,wavlm_base_plus,it0070,0.9301775097846984,0.9534651041030884
C3_2,wavlm_base_plus,it0071,0.9217386841773988,0.9293934106826782
C3_2,wavlm_base_plus,it0072,0.9396824836730956,0.9738492965698242
C3_2,wavlm_base_plus,it0073,0.8216825127601624,0.8537042140960693
C3_2,wavlm_base_plus,it0074,0.7557457089424133,0.7597651481628418
C3_2,wavlm_base_plus,it0075,0.8853394389152527,0.8861814141273499
C3_2,wavlm_base_plus,it0076,0.9164313673973083,0.8654614686965942
C3_2,wavlm_base_plus,it0077,0.8613049983978271,0.9052547216415404
C3_2,wavlm_base_plus,it0078,0.9144747257232666,0.8996186256408691
C3_2,wavlm_base_plus,it0079,0.9738124012947084,0.9757331609725952
C3_2,wavlm_base_plus,it0080,0.8849785923957825,0.8964762687683105
C3_2,wavlm_base_plus,it0081,0.8960781097412109,0.9031521677970886
C3_2,wavlm_base_plus,it0082,0.9130767583847046,0.922337293624878
C3_2,wavlm_base_plus,it0083,0.9765899181365968,0.970812439918518
C3_2,wavlm_base_plus,it0084,0.9071240425109864,0.9156534671783448
C3_2,wavlm_base_plus,it0085,0.8671677112579346,0.8941556811332703
C3_2,wavlm_base_plus,it0086,0.933139979839325,0.8983175754547119
C3_2,wavlm_base_plus,it0087,0.9365856051445008,0.9493653178215028
C3_2,wavlm_base_plus,it0088,0.9173492193222046,0.92546409368515
C3_2,wavlm_base_plus,it0089,0.8920269012451172,0.8977006673812866
C3_2,wavlm_base_plus,it0090,0.974335551261902,0.9728350043296814
C3_2,wavlm_base_plus,it0091,0.9124828577041626,0.9033139944076538
C3_2,wavlm_base_plus,it0092,0.9085357189178468,0.8940598964691162
C3_2,wavlm_base_plus,it0093,0.9228572249412536,0.9045761227607728
C3_2,wavlm_base_plus,it0094,0.8930349349975586,0.906403422355652
C3_2,wavlm_base_plus,it0095,0.8785154223442078,0.9393908381462096
C3_2,wavlm_base_plus,it0096,0.955694317817688,0.9596779942512512
C3_2,wavlm_base_plus,it0097,0.9594199061393738,0.9612566232681274
C3_2,wavlm_base_plus,it0098,0.9342411160469056,0.9339101910591124
C3_2,wavlm_base_plus,it0099,0.6511147022247314,0.709589958190918
C3_2,wavlm_base_plus,it0100,0.9569206237792968,0.9470061659812928
C3_2,wavlm_base_plus,it0101,0.91111421585083,0.9426811933517456
C3_2,wavlm_base_plus,it0102,0.9314157366752625,0.9510498046875
C3_2,wavlm_base_plus,it0103,0.892067551612854,0.8693464994430542
C3_2,wavlm_base_plus,it0104,0.9272346496582032,0.9498534202575684
C3_2,wavlm_base_plus,it0105,0.8805199861526489,0.8944528102874756
C3_2,wavlm_base_plus,it0106,0.8815115094184875,0.852712869644165
C3_2,wavlm_base_plus,it0107,0.9228447079658508,0.9404529929161072
C3_2,wavlm_base_plus,it0108,0.9453999996185304,0.9430533647537231
C3_2,wavlm_base_plus,it0109,0.913576066493988,0.9310799837112428
C3_2,wavlm_base_plus,it0110,0.6438965797424316,0.6734456419944763
C3_2,wavlm_base_plus,it0111,0.9125404357910156,0.9662715792655944
C3_2,wavlm_base_plus,it0112,0.9648334980010986,0.9605013728141784
C3_2,wavlm_base_plus,it0113,0.9571213126182556,0.9672194123268129
C3_2,wavlm_base_plus,it0114,0.9654061794281006,0.8794398903846741
C3_2,wavlm_base_plus,it0115,0.7950786352157593,0.8165760040283203
C3_2,wavlm_base_plus,it0116,0.9039543867111206,0.9194225072860718
C3_2,wavlm_base_plus,it0117,0.94292950630188,0.8977298140525818
C3_2,wavlm_base_plus,it0118,0.8952219486236572,0.9655223488807678
C3_2,wavlm_base_plus,it0119,0.9005263447761536,0.9073042869567872
C3_2,wavlm_base_plus,it0120,0.9682196974754332,0.9612314105033876
C3_2,wavlm_base_plus,it0121,0.9285125136375428,0.9398349523544312
C3_2,wavlm_base_plus,it0122,0.9395004510879515,0.96523916721344
C3_2,wavlm_base_plus,it0123,0.9578760266304016,0.9618011713027954
C3_2,wavlm_base_plus,it0124,0.8508183360099792,0.9038204550743104
C3_2,wavlm_base_plus,it0125,0.9237158298492432,0.9428555369377136
C3_2,wavlm_base_plus,it0126,0.9079956412315368,0.9150537848472596
C3_2,wavlm_base_plus,it0127,0.8430570363998413,0.9526950120925904
C3_2,wavlm_base_plus,it0128,0.9106715321540833,0.8833484649658203
C3_2,wavlm_base_plus,it0129,0.8114067316055298,0.9404726624488832
C3_2,wavlm_base_plus,it0130,0.8820026516914368,0.8651784658432007
C3_2,wavlm_base_plus,it0131,0.9441614747047424,0.9836759567260742
C3_2,wavlm_base_plus,it0132,0.7594899535179138,0.72882080078125
C3_2,wavlm_base_plus,it0133,0.948409914970398,0.9806748628616332
C3_2,wavlm_base_plus,it0134,0.8687195777893066,0.950689733028412
C3_2,wavlm_base_plus,it0135,0.9647970795631408,0.9243636727333068
C3_2,wavlm_base_plus,it0136,0.9222923517227172,0.9089906811714172
C3_2,wavlm_base_plus,it0137,0.925547420978546,0.9058883786201476
C3_2,wavlm_base_plus,it0138,0.9255618453025818,0.8838648200035095
C3_2,wavlm_base_plus,it0139,0.9403731822967528,0.9243918061256408
C3_2,wavlm_base_plus,it0140,0.9202595353126526,0.9067618250846864
C3_2,wavlm_base_plus,it0141,0.9588645100593568,0.9667835235595704
C3_2,wavlm_base_plus,it0142,0.8533110618591309,0.8669607043266296
C3_2,wavlm_base_plus,it0143,0.9486629366874696,0.9421247839927672
C3_2,wavlm_base_plus,it0144,0.9549726843833924,0.962217092514038
C3_2,wavlm_base_plus,it0145,0.9022759795188904,0.9262079000473022
C3_2,wavlm_base_plus,it0146,0.9194143414497375,0.8730895519256592
C3_2,wavlm_base_plus,it0147,0.8642240762710571,0.9421090483665466
C3_2,wavlm_base_plus,it0148,0.7349135875701904,0.8344957232475281
C3_2,wavlm_base_plus,it0149,0.8786367774009705,0.866273045539856
C3_2,wavlm_base_plus,it0150,0.93477064371109,0.9160411953926086
C3_2,wavlm_base_plus,it0151,0.8589837551116943,0.8983469009399414
C3_2,wavlm_base_plus,it0152,0.9237481355667114,0.953180491924286
C3_2,wavlm_base_plus,it0153,0.9136061072349548,0.8905895948410034
C3_2,wavlm_base_plus,it0154,0.5678462982177734,0.5378122925758362
C3_2,wavlm_base_plus,it0155,0.7684656381607056,0.8891416192054749
C3_2,wavlm_base_plus,it0156,0.8483357429504395,0.8975396156311035
C3_2,wavlm_base_plus,it0157,0.963886559009552,0.9522191882133484
C3_2,wavlm_base_plus,it0158,0.9194653630256652,0.943375051021576
C3_2,wavlm_base_plus,it0159,0.9046212434768676,0.9103490710258484
C3_2,wavlm_base_plus,it0160,0.9524385929107666,0.9377892017364502
C3_2,wavlm_base_plus,it0161,0.9493088722229004,0.966323971748352
C3_2,wavlm_base_plus,it0162,0.9079902172088624,0.9199447631835938
C3_2,wavlm_base_plus,it0163,0.9515238404273988,0.9230453372001648
C3_2,wavlm_base_plus,it0164,0.936642289161682,0.963530421257019
C3_2,wavlm_base_plus,it0165,0.6616709232330322,0.688599705696106
C3_2,wavlm_base_plus,it0166,0.9444450736045836,0.88791424036026
C3_2,wavlm_base_plus,it0167,0.9528425335884094,0.9419159293174744
C3_2,wavlm_base_plus,it0168,0.9527862071990968,0.9592128992080688
C3_2,wavlm_base_plus,it0169,0.9313749074935912,0.9606478810310364
C3_2,wavlm_base_plus,it0170,0.8728424310684204,0.9014304876327516
C3_2,wavlm_base_plus,it0171,0.9519627690315248,0.9672254323959352
C3_2,wavlm_base_plus,it0172,0.8523094654083252,0.8371187448501587
C3_2,wavlm_base_plus,it0173,0.9603108167648317,0.9637001156806946
C3_2,wavlm_base_plus,it0174,0.8506324291229248,0.8934024572372437
C3_2,wavlm_base_plus,it0175,0.8582969307899475,0.9106698036193848
C3_2,wavlm_base_plus,it0176,0.950103521347046,0.9759434461593628
C3_2,wavlm_base_plus,it0177,0.9496839046478271,0.9474532008171082
C3_2,wavlm_base_plus,it0178,0.9383426904678344,0.9204303622245787
C3_2,wavlm_base_plus,it0179,0.9496372938156128,0.9611637592315674
C3_2,wavlm_base_plus,it0180,0.9189019799232484,0.9278062582015992
C3_2,wavlm_base_plus,it0181,0.8845157623291016,0.9238042235374452
C3_2,wavlm_base_plus,it0182,0.9675973653793336,0.9491891860961914
C3_2,wavlm_base_plus,it0183,0.9790804386138916,0.9627062082290648
C3_2,wavlm_base_plus,it0184,0.8229029774665833,0.9002523422241211
C3_2,wavlm_base_plus,it0185,0.94084233045578,0.9484847784042358
C3_2,wavlm_base_plus,it0186,0.9599580764770508,0.9258965849876404
C3_2,wavlm_base_plus,it0187,0.8213793039321899,0.8906165957450867
C3_2,wavlm_base_plus,it0188,0.8897355794906616,0.9283173084259032
C3_2,wavlm_base_plus,it0189,0.941670060157776,0.932728111743927
C3_2,wavlm_base_plus,it0190,0.9628336429595948,0.969491720199585
C3_2,wavlm_base_plus,it0191,0.9685837030410768,0.9701168537139891
C3_2,wavlm_base_plus,it0192,0.9353792071342468,0.9430872201919556
C3_2,wavlm_base_plus,it0193,0.9014971852302552,0.9483048915863036
C3_2,wavlm_base_plus,it0194,0.9189709424972534,0.9360527396202089
C3_2,wavlm_base_plus,it0195,0.9683035016059875,0.9529860019683838
C3_2,wavlm_base_plus,it0196,0.9257495403289796,0.9416363835334778
C3_2,wavlm_base_plus,it0197,0.915740132331848,0.911714494228363
C3_2,wavlm_base_plus,it0198,0.9565058946609496,0.9624138474464417
C3_2,wavlm_base_plus,it0199,0.9424136877059937,0.9300283193588256
C4_0,wavlm_large,it0000,0.56675124168396,0.6124427914619446
C4_0,wavlm_large,it0001,0.2216635197401046,0.2601230442523956
C4_0,wavlm_large,it0002,0.2587661147117615,0.3854262828826904
C4_0,wavlm_large,it0003,0.2843458354473114,0.3098312020301819
C4_0,wavlm_large,it0004,0.3474102020263672,0.2986520826816559
C4_0,wavlm_large,it0005,0.4017145335674286,0.5318651795387268
C4_0,wavlm_large,it0006,0.3263431191444397,0.3754836916923523
C4_0,wavlm_large,it0007,0.3110985457897186,0.3521963953971863
C4_0,wavlm_large,it0008,0.2208249270915985,0.328652024269104
C4_0,wavlm_large,it0009,0.5300472378730774,0.5838719606399536
C4_0,wavlm_large,it0010,0.6173725724220276,0.5911827087402344
C4_0,wavlm_large,it0011,0.4830873906612396,0.562522292137146
C4_0,wavlm_large,it0012,0.3594912588596344,0.499247133731842
C4_0,wavlm_large,it0013,0.4757356941699981,0.5601719617843628
C4_0,wavlm_large,it0014,0.4603167176246643,0.4269491732120514
C4_0,wavlm_large,it0015,0.541776180267334,0.5437326431274414
C4_0,wavlm_large,it0016,0.5958739519119263,0.549260675907135
C4_0,wavlm_large,it0017,0.375942051410675,0.4099092483520508
C4_0,wavlm_large,it0018,0.1584962606430053,0.2400822341442108
C4_0,wavlm_large,it0019,0.5112254619598389,0.5497861504554749
C4_0,wavlm_large,it0020,0.2801618278026581,0.3918784856796264
C4_0,wavlm_large,it0021,0.3458945155143738,0.4314602017402649
C4_0,wavlm_large,it0022,0.4149240553379059,0.5485630035400391
C4_0,wavlm_large,it0023,0.564118504524231,0.5331900119781494
C4_0,wavlm_large,it0024,0.3730316758155823,0.5467645525932312
C4_0,wavlm_large,it0025,0.6113669872283936,0.5966968536376953
C4_0,wavlm_large,it0026,0.2440594136714935,0.3799766898155212
C4_0,wavlm_large,it0027,0.5787333250045776,0.6538630723953247
C4_0,wavlm_large,it0028,0.4976840317249298,0.5614093542098999
C4_0,wavlm_large,it0029,0.3763779997825622,0.3303436040878296
C4_0,wavlm_large,it0030,0.4518250823020935,0.451542466878891
C4_0,wavlm_large,it0031,0.1647625863552093,0.2914427518844604
C4_0,wavlm_large,it0032,0.6085755825042725,0.5736274719238281
C4_0,wavlm_large,it0033,0.3719788193702698,0.336484432220459
C4_0,wavlm_large,it0034,0.3272552490234375,0.3807721734046936
C4_0,wavlm_large,it0035,0.1055365651845932,0.276098221540451
C4_0,wavlm_large,it0036,0.5264754891395569,0.5522869229316711
C4_0,wavlm_large,it0037,0.477334976196289,0.545168399810791
C4_0,wavlm_large,it0038,0.1318379640579223,0.276401549577713
C4_0,wavlm_large,it0039,0.4792724847793579,0.4769589304924011
C4_0,wavlm_large,it0040,0.107202798128128,0.2475046813488006
C4_0,wavlm_large,it0041,0.3223287761211395,0.4891758859157562
C4_0,wavlm_large,it0042,0.2058204412460327,0.4041226804256439
C4_0,wavlm_large,it0043,0.243739977478981,0.4126681685447693
C4_0,wavlm_large,it0044,0.3340144455432892,0.6376848220825195
C4_0,wavlm_large,it0045,0.3936222195625305,0.463090032339096
C4_0,wavlm_large,it0046,0.2427973300218582,0.3481946885585785
C4_0,wavlm_large,it0047,0.2473741620779037,0.2847106456756592
C4_0,wavlm_large,it0048,0.4754282832145691,0.4688253998756408
C4_0,wavlm_large,it0049,0.5272974371910095,0.5322129726409912
C4_0,wavlm_large,it0050,-0.1888724118471145,0.1730125248432159
C4_0,wavlm_large,it0051,0.3353892862796783,0.5020722150802612
C4_0,wavlm_large,it0052,0.2264942228794098,0.2955464124679565
C4_0,wavlm_large,it0053,0.287022590637207,0.3469786942005157
C4_0,wavlm_large,it0054,0.0920047312974929,0.2984093427658081
C4_0,wavlm_large,it0055,0.5098782181739807,0.544045090675354
C4_0,wavlm_large,it0056,0.2010506093502044,0.2785098254680633
C4_0,wavlm_large,it0057,0.3590805530548095,0.4342407584190368
C4_0,wavlm_large,it0058,0.295747846364975,0.4017398059368133
C4_0,wavlm_large,it0059,0.567011296749115,0.6305362582206726
C4_0,wavlm_large,it0060,0.380696952342987,0.4467771053314209
C4_0,wavlm_large,it0061,0.6108520030975342,0.6285466551780701
C4_0,wavlm_large,it0062,0.5385785698890686,0.5872706174850464
C4_0,wavlm_large,it0063,0.3091345429420471,0.4070953726768493
C4_0,wavlm_large,it0064,0.4401267766952514,0.4370120763778686
C4_0,wavlm_large,it0065,0.5211151838302612,0.6191380620002747
C4_0,wavlm_large,it0066,0.4043603539466858,0.5025787949562073
C4_0,wavlm_large,it0067,0.0862906947731971,0.2019868791103363
C4_0,wavlm_large,it0068,0.6662072539329529,0.6671393513679504
C4_0,wavlm_large,it0069,0.1625532507896423,0.2995278537273407
C4_0,wavlm_large,it0070,0.351644217967987,0.4136334359645843
C4_0,wavlm_large,it0071,0.5434533357620239,0.5577124953269958
C4_0,wavlm_large,it0072,0.5241457223892212,0.4870825409889221
C4_0,wavlm_large,it0073,0.2723199725151062,0.445221483707428
C4_0,wavlm_large,it0074,0.2237012386322021,0.3482176661491394
C4_0,wavlm_large,it0075,0.3857688009738922,0.4618797302246094
C4_0,wavlm_large,it0076,0.1923000216484069,0.2834266722202301
C4_0,wavlm_large,it0077,0.5946756601333618,0.6154369711875916
C4_0,wavlm_large,it0078,0.2916561067104339,0.4585240483283996
C4_0,wavlm_large,it0079,0.5393286943435669,0.6351808309555054
C4_0,wavlm_large,it0080,0.3135493397712707,0.3025079667568207
C4_0,wavlm_large,it0081,0.2758704125881195,0.3507331311702728
C4_0,wavlm_large,it0082,0.4459030032157898,0.5344102382659912
C4_0,wavlm_large,it0083,0.3393068313598633,0.3728174269199371
C4_0,wavlm_large,it0084,0.5605310797691345,0.5185093879699707
C4_0,wavlm_large,it0085,0.4328539967536926,0.53621906042099
C4_0,wavlm_large,it0086,0.5178686380386353,0.6039515137672424
C4_0,wavlm_large,it0087,0.6724647283554077,0.6696304082870483
C4_0,wavlm_large,it0088,0.3884555697441101,0.4539503753185272
C4_0,wavlm_large,it0089,0.3417287468910217,0.3675580620765686
C4_0,wavlm_large,it0090,0.5604264140129089,0.5173243284225464
C4_0,wavlm_large,it0091,0.3261653482913971,0.4729615151882171
C4_0,wavlm_large,it0092,0.4532709717750549,0.4674457311630249
C4_0,wavlm_large,it0093,0.2250212728977203,0.4298428893089294
C4_0,wavlm_large,it0094,0.3830167055130005,0.4540207386016845
C4_0,wavlm_large,it0095,0.5433974862098694,0.5238509178161621
C4_0,wavlm_large,it0096,0.4901227056980133,0.3912880420684814
C4_0,wavlm_large,it0097,0.6520709991455078,0.6189296245574951
C4_0,wavlm_large,it0098,0.2626264095306396,0.4721651077270508
C4_0,wavlm_large,it0099,0.1025529503822326,0.2496104836463928
C4_0,wavlm_large,it0100,0.5526533126831055,0.6288527250289917
C4_0,wavlm_large,it0101,0.1724298000335693,0.3614055812358856
C4_0,wavlm_large,it0102,0.3942441940307617,0.5516193509101868
C4_0,wavlm_large,it0103,0.3911230862140655,0.5120956897735596
C4_0,wavlm_large,it0104,0.4932904839515686,0.5100171566009521
C4_0,wavlm_large,it0105,0.5003737807273865,0.6396442651748657
C4_0,wavlm_large,it0106,0.4476844370365143,0.4585162401199341
C4_0,wavlm_large,it0107,0.4134353697299957,0.5361068248748779
C4_0,wavlm_large,it0108,0.3559784293174743,0.4289169013500213
C4_0,wavlm_large,it0109,0.4162033796310425,0.5146118998527527
C4_0,wavlm_large,it0110,0.2552074193954468,0.3680111467838287
C4_0,wavlm_large,it0111,0.0863056033849716,0.2438880205154419
C4_0,wavlm_large,it0112,0.5718363523483276,0.5828670263290405
C4_0,wavlm_large,it0113,0.5047979950904846,0.5268537998199463
C4_0,wavlm_large,it0114,0.3980797529220581,0.4768736362457275
C4_0,wavlm_large,it0115,0.3199048042297363,0.3184419274330139
C4_0,wavlm_large,it0116,0.3164671659469604,0.4521756768226623
C4_0,wavlm_large,it0117,0.5241564512252808,0.5770545601844788
C4_0,wavlm_large,it0118,0.3820300996303558,0.5554351806640625
C4_0,wavlm_large,it0119,0.1968521922826767,0.6752212047576904
C4_0,wavlm_large,it0120,0.4868987202644348,0.561352014541626
C4_0,wavlm_large,it0121,0.2527975142002105,0.4836289882659912
C4_0,wavlm_large,it0122,0.3166720271110534,0.3370003998279571
C4_0,wavlm_large,it0123,0.4017325639724731,0.5172888040542603
C4_0,wavlm_large,it0124,0.4159469604492187,0.4567215144634247
C4_0,wavlm_large,it0125,0.4992218613624573,0.4507021903991699
C4_0,wavlm_large,it0126,0.2976506054401397,0.3996335566043854
C4_0,wavlm_large,it0127,0.3094037473201751,0.4177044332027435
C4_0,wavlm_large,it0128,0.2788569331169128,0.4911584854125976
C4_0,wavlm_large,it0129,0.209475576877594,0.2797876596450805
C4_0,wavlm_large,it0130,0.2825972437858581,0.3674507141113281
C4_0,wavlm_large,it0131,0.3054626286029815,0.4482972025871277
C4_0,wavlm_large,it0132,0.2533223628997803,0.3142485916614532
C4_0,wavlm_large,it0133,0.6073528528213501,0.6042907238006592
C4_0,wavlm_large,it0134,0.443065196275711,0.319852203130722
C4_0,wavlm_large,it0135,0.2447658628225326,0.4183168113231659
C4_0,wavlm_large,it0136,0.4389839172363281,0.4753313362598419
C4_0,wavlm_large,it0137,0.4666542708873749,0.4436711072921753
C4_0,wavlm_large,it0138,0.2925627529621124,0.5932325720787048
C4_0,wavlm_large,it0139,0.2769405245780945,0.3758222162723541
C4_0,wavlm_large,it0140,0.2776572406291961,0.3998573422431946
C4_0,wavlm_large,it0141,0.6152670979499817,0.6953208446502686
C4_0,wavlm_large,it0142,0.1722838580608368,0.3022301495075226
C4_0,wavlm_large,it0143,0.3269472122192383,0.5368567109107971
C4_0,wavlm_large,it0144,0.2553687989711761,0.3460202813148498
C4_0,wavlm_large,it0145,0.5760467052459717,0.640583872795105
C4_0,wavlm_large,it0146,0.4916295409202575,0.4559861123561859
C4_0,wavlm_large,it0147,0.42422616481781,0.3949770927429199
C4_0,wavlm_large,it0148,0.1309958398342132,0.2310952544212341
C4_0,wavlm_large,it0149,0.4001561403274536,0.5405141115188599
C4_0,wavlm_large,it0150,0.4058261215686798,0.5206893682479858
C4_0,wavlm_large,it0151,0.4730660319328308,0.5342853665351868
C4_0,wavlm_large,it0152,0.364402174949646,0.4376316666603088
C4_0,wavlm_large,it0153,0.4133118093013763,0.417635828256607
C4_0,wavlm_large,it0154,0.1613765209913253,0.2916793823242187
C4_0,wavlm_large,it0155,0.3994537591934204,0.3075578510761261
C4_0,wavlm_large,it0156,0.1844896376132965,0.3082655370235443
C4_0,wavlm_large,it0157,0.4816012978553772,0.5185121893882751
C4_0,wavlm_large,it0158,0.1570545732975006,0.4496917128562927
C4_0,wavlm_large,it0159,0.3208030164241791,0.3023755550384521
C4_0,wavlm_large,it0160,0.4544592201709747,0.4790828227996826
C4_0,wavlm_large,it0161,0.3652191162109375,0.3169123530387878
C4_0,wavlm_large,it0162,0.2785406410694122,0.2856638431549072
C4_0,wavlm_large,it0163,0.4472247362136841,0.4072778522968292
C4_0,wavlm_large,it0164,0.2717519700527191,0.4376307427883148
C4_0,wavlm_large,it0165,0.2332376390695572,0.2867797315120697
C4_0,wavlm_large,it0166,0.3282721936702728,0.4414701759815216
C4_0,wavlm_large,it0167,0.5020593404769897,0.5033370852470398
C4_0,wavlm_large,it0168,0.2728798985481262,0.3197901546955108
C4_0,wavlm_large,it0169,0.3549820780754089,0.3851712942123413
C4_0,wavlm_large,it0170,0.2729786932468414,0.4608312845230102
C4_0,wavlm_large,it0171,0.6190937161445618,0.6214866638183594
C4_0,wavlm_large,it0172,0.1985604017972946,0.3730024695396423
C4_0,wavlm_large,it0173,0.6474050879478455,0.7233023047447205
C4_0,wavlm_large,it0174,0.3671922981739044,0.3553053438663482
C4_0,wavlm_large,it0175,0.2210418283939361,0.3689322173595428
C4_0,wavlm_large,it0176,0.4153447449207306,0.371291846036911
C4_0,wavlm_large,it0177,0.4000577926635742,0.4798436462879181
C4_0,wavlm_large,it0178,0.136657029390335,0.3566951751708984
C4_0,wavlm_large,it0179,0.6893079280853271,0.6423205137252808
C4_0,wavlm_large,it0180,0.4863100349903106,0.5186240673065186
C4_0,wavlm_large,it0181,0.4163640737533569,0.5478335618972778
C4_0,wavlm_large,it0182,0.4456744790077209,0.5363295078277588
C4_0,wavlm_large,it0183,0.5760374665260315,0.6093825697898865
C4_0,wavlm_large,it0184,0.1708413362503051,0.4874995648860931
C4_0,wavlm_large,it0185,0.3350862860679626,0.5398194789886475
C4_0,wavlm_large,it0186,0.5231778621673584,0.5406448245048523
C4_0,wavlm_large,it0187,0.3724659979343414,0.4446247816085815
C4_0,wavlm_large,it0188,0.3834118545055389,0.5547162890434265
C4_0,wavlm_large,it0189,0.4272300004959106,0.3385332524776459
C4_0,wavlm_large,it0190,0.5810673236846924,0.5734678506851196
C4_0,wavlm_large,it0191,0.2675449848175049,0.3419063687324524
C4_0,wavlm_large,it0192,0.4442030489444732,0.5863488912582397
C4_0,wavlm_large,it0193,0.1482441425323486,0.3073252737522125
C4_0,wavlm_large,it0194,0.6482947468757629,0.6589533686637878
C4_0,wavlm_large,it0195,0.5946927070617676,0.5543698072433472
C4_0,wavlm_large,it0196,0.4598987996578216,0.4634334146976471
C4_0,wavlm_large,it0197,0.2836749255657196,0.3847198188304901
C4_0,wavlm_large,it0198,0.1755520105361938,0.2164862602949142
C4_0,wavlm_large,it0199,0.4828164279460907,0.5044835209846497
C4_0,ecapa,it0000,0.533710241317749,0.5788403153419495
C4_0,ecapa,it0001,0.3635085225105285,0.3931457698345184
C4_0,ecapa,it0002,0.3243829607963562,0.4724540710449219
C4_0,ecapa,it0003,0.4348674714565277,0.4515362381935119
C4_0,ecapa,it0004,0.4847571551799774,0.519097089767456
C4_0,ecapa,it0005,0.4466087818145752,0.4956451654434204
C4_0,ecapa,it0006,0.3518552184104919,0.3010054230690002
C4_0,ecapa,it0007,0.1665228605270385,0.3757323026657104
C4_0,ecapa,it0008,0.479681521654129,0.4438649117946625
C4_0,ecapa,it0009,0.5988638997077942,0.5531620383262634
C4_0,ecapa,it0010,0.5522959232330322,0.5992923974990845
C4_0,ecapa,it0011,0.5476571917533875,0.5520468950271606
C4_0,ecapa,it0012,0.4524605274200439,0.4996088147163391
C4_0,ecapa,it0013,0.421072781085968,0.5477584004402161
C4_0,ecapa,it0014,0.5403730869293213,0.3576271831989288
C4_0,ecapa,it0015,0.5179284811019897,0.4159214198589325
C4_0,ecapa,it0016,0.6277694702148438,0.6236609220504761
C4_0,ecapa,it0017,0.5488146543502808,0.521841824054718
C4_0,ecapa,it0018,0.2739922404289245,0.3573107719421386
C4_0,ecapa,it0019,0.5678650140762329,0.6220574378967285
C4_0,ecapa,it0020,0.3151629865169525,0.3408572375774383
C4_0,ecapa,it0021,0.3892912268638611,0.4145028293132782
C4_0,ecapa,it0022,0.4410524368286133,0.4908541440963745
C4_0,ecapa,it0023,0.6635878086090088,0.6041516065597534
C4_0,ecapa,it0024,0.5279488563537598,0.616046130657196
C4_0,ecapa,it0025,0.6161971688270569,0.6000990867614746
C4_0,ecapa,it0026,0.2191573828458786,0.3191513419151306
C4_0,ecapa,it0027,0.659138560295105,0.6409701108932495
C4_0,ecapa,it0028,0.4717074036598205,0.4542535543441772
C4_0,ecapa,it0029,0.1740902215242386,0.3189957737922668
C4_0,ecapa,it0030,0.5425528883934021,0.5547124743461609
C4_0,ecapa,it0031,0.3126190304756164,0.4526148438453674
C4_0,ecapa,it0032,0.6500920057296753,0.6609827876091003
C4_0,ecapa,it0033,0.3613283336162567,0.4245098829269409
C4_0,ecapa,it0034,0.4500770568847656,0.5310859084129333
C4_0,ecapa,it0035,0.3071794807910919,0.3250946402549743
C4_0,ecapa,it0036,0.5545741319656372,0.5594893097877502
C4_0,ecapa,it0037,0.5233319997787476,0.5535315275192261
C4_0,ecapa,it0038,0.3323729038238525,0.3339145183563232
C4_0,ecapa,it0039,0.5209146738052368,0.5335044860839844
C4_0,ecapa,it0040,0.2088720500469207,0.3844428062438965
C4_0,ecapa,it0041,0.636687159538269,0.6718525290489197
C4_0,ecapa,it0042,0.3546248078346252,0.5202274322509766
C4_0,ecapa,it0043,0.344815194606781,0.391682356595993
C4_0,ecapa,it0044,0.4652538001537323,0.5236972570419312
C4_0,ecapa,it0045,0.2109912931919098,0.3491600453853607
C4_0,ecapa,it0046,0.324221670627594,0.244876280426979
C4_0,ecapa,it0047,0.2280562967061996,0.3939280211925506
C4_0,ecapa,it0048,0.4620634019374847,0.5126205682754517
C4_0,ecapa,it0049,0.3534356355667114,0.3643974661827087
C4_0,ecapa,it0050,0.0408060178160667,0.3470882773399353
C4_0,ecapa,it0051,0.1687571704387664,0.2555986046791076
C4_0,ecapa,it0052,0.231586292386055,0.3422790467739105
C4_0,ecapa,it0053,0.2221832871437072,0.3127762973308563
C4_0,ecapa,it0054,0.3367650210857391,0.4595663547515869
C4_0,ecapa,it0055,0.4155136942863464,0.5893291234970093
C4_0,ecapa,it0056,0.4033519923686981,0.2899216711521148
C4_0,ecapa,it0057,0.4857559204101562,0.5581136345863342
C4_0,ecapa,it0058,0.3352489769458771,0.4148826897144317
C4_0,ecapa,it0059,0.5629221796989441,0.5602082014083862
C4_0,ecapa,it0060,0.5005396008491516,0.3969805240631103
C4_0,ecapa,it0061,0.4899724125862121,0.5640748739242554
C4_0,ecapa,it0062,0.56458979845047,0.6507258415222168
C4_0,ecapa,it0063,0.4053477644920349,0.4696445763111114
C4_0,ecapa,it0064,0.3989585638046264,0.371981531381607
C4_0,ecapa,it0065,0.5383371114730835,0.6421283483505249
C4_0,ecapa,it0066,0.3761832118034363,0.2911465167999267
C4_0,ecapa,it0067,0.1490465849637985,0.1946744322776794
C4_0,ecapa,it0068,0.6896020770072937,0.6949864029884338
C4_0,ecapa,it0069,0.2798791527748108,0.2553533911705017
C4_0,ecapa,it0070,0.2939154207706451,0.336914986371994
C4_0,ecapa,it0071,0.5709372758865356,0.4856034219264984
C4_0,ecapa,it0072,0.4799465239048004,0.5031306743621826
C4_0,ecapa,it0073,0.2323673963546753,0.2455471307039261
C4_0,ecapa,it0074,0.2928226292133331,0.2525135576725006
C4_0,ecapa,it0075,0.230059266090393,0.4096021056175232
C4_0,ecapa,it0076,0.3973528146743774,0.5384438037872314
C4_0,ecapa,it0077,0.5364682674407959,0.4827768802642822
C4_0,ecapa,it0078,0.290000319480896,0.3685951828956604
C4_0,ecapa,it0079,0.6336688995361328,0.6588186621665955
C4_0,ecapa,it0080,0.312934935092926,0.4816025793552398
C4_0,ecapa,it0081,0.3443167209625244,0.3822612762451172
C4_0,ecapa,it0082,0.3868032693862915,0.4736348986625671
C4_0,ecapa,it0083,0.4475362598896026,0.4964905381202698
C4_0,ecapa,it0084,0.6530081629753113,0.6833406686782837
C4_0,ecapa,it0085,0.5555233955383301,0.5943384766578674
C4_0,ecapa,it0086,0.716829240322113,0.6100613474845886
C4_0,ecapa,it0087,0.5508111119270325,0.4099372923374176
C4_0,ecapa,it0088,0.4009717404842376,0.4033454358577728
C4_0,ecapa,it0089,0.4299863576889038,0.5718586444854736
C4_0,ecapa,it0090,0.5407009720802307,0.5892161130905151
C4_0,ecapa,it0091,0.3632116913795471,0.4576370418071747
C4_0,ecapa,it0092,0.5127659440040588,0.5280582308769226
C4_0,ecapa,it0093,0.4523169100284576,0.462835431098938
C4_0,ecapa,it0094,0.3564082980155945,0.3527553677558899
C4_0,ecapa,it0095,0.504984974861145,0.5150918364524841
C4_0,ecapa,it0096,0.558376669883728,0.5700963735580444
C4_0,ecapa,it0097,0.6509416103363037,0.6466154456138611
C4_0,ecapa,it0098,0.4936347603797912,0.4890524744987488
C4_0,ecapa,it0099,0.214907705783844,0.2770913243293762
C4_0,ecapa,it0100,0.6058945655822754,0.6012077331542969
C4_0,ecapa,it0101,0.1927602142095565,0.3925088047981262
C4_0,ecapa,it0102,0.3605419397354126,0.4194860756397247
C4_0,ecapa,it0103,0.4180983901023865,0.4644601941108703
C4_0,ecapa,it0104,0.5077362060546875,0.4570913910865783
C4_0,ecapa,it0105,0.3947164416313171,0.3856347799301147
C4_0,ecapa,it0106,0.3771958947181701,0.4788206815719604
C4_0,ecapa,it0107,0.4836549162864685,0.51240074634552
C4_0,ecapa,it0108,0.3483444154262543,0.4200231730937958
C4_0,ecapa,it0109,0.4786573648452759,0.4664115607738495
C4_0,ecapa,it0110,0.156023770570755,0.2577869892120361
C4_0,ecapa,it0111,0.1063854619860649,0.3478846549987793
C4_0,ecapa,it0112,0.5957465767860413,0.6438176035881042
C4_0,ecapa,it0113,0.5437376499176025,0.5790443420410156
C4_0,ecapa,it0114,0.5096648931503296,0.5068399906158447
C4_0,ecapa,it0115,0.3879854679107666,0.2902576625347137
C4_0,ecapa,it0116,0.3646549880504608,0.4235960841178894
C4_0,ecapa,it0117,0.4628489017486572,0.5196876525878906
C4_0,ecapa,it0118,0.3575473427772522,0.574181079864502
C4_0,ecapa,it0119,0.381292313337326,0.507026731967926
C4_0,ecapa,it0120,0.512316882610321,0.6080639958381653
C4_0,ecapa,it0121,0.4885286688804626,0.5630716681480408
C4_0,ecapa,it0122,0.2944937944412231,0.2803236842155456
C4_0,ecapa,it0123,0.1581937670707702,0.3341560363769531
C4_0,ecapa,it0124,0.5767889618873596,0.5717425346374512
C4_0,ecapa,it0125,0.5029488801956177,0.504978358745575
C4_0,ecapa,it0126,0.4220547974109649,0.4702108800411224
C4_0,ecapa,it0127,0.4332956373691559,0.476988822221756
C4_0,ecapa,it0128,0.3155691623687744,0.4969974458217621
C4_0,ecapa,it0129,0.3032467663288116,0.3515992760658264
C4_0,ecapa,it0130,0.2925366759300232,0.2795613408088684
C4_0,ecapa,it0131,0.3221058845520019,0.3700036108493805
C4_0,ecapa,it0132,0.3145061135292053,0.3900038599967956
C4_0,ecapa,it0133,0.5676017999649048,0.5898294448852539
C4_0,ecapa,it0134,0.4936936497688293,0.4524824023246765
C4_0,ecapa,it0135,0.1848147809505462,0.4295600652694702
C4_0,ecapa,it0136,0.3611677885055542,0.393484503030777
C4_0,ecapa,it0137,0.4431954026222229,0.4950286149978637
C4_0,ecapa,it0138,0.4480110704898834,0.5704051852226257
C4_0,ecapa,it0139,0.521919846534729,0.532368004322052
C4_0,ecapa,it0140,0.2963080108165741,0.4392159581184387
C4_0,ecapa,it0141,0.4794215559959411,0.5664248466491699
C4_0,ecapa,it0142,0.2352646887302398,0.2857346534729004
C4_0,ecapa,it0143,0.2892531156539917,0.400060772895813
C4_0,ecapa,it0144,0.4317611157894134,0.6308500170707703
C4_0,ecapa,it0145,0.5086131691932678,0.5985613465309143
C4_0,ecapa,it0146,0.5004816055297852,0.5253615379333496
C4_0,ecapa,it0147,0.5756975412368774,0.5256795287132263
C4_0,ecapa,it0148,0.1466085612773895,0.1556463986635208
C4_0,ecapa,it0149,0.4956909418106079,0.5855080485343933
C4_0,ecapa,it0150,0.374732494354248,0.4405227303504944
C4_0,ecapa,it0151,0.5877063274383545,0.5749891996383667
C4_0,ecapa,it0152,0.5698249340057373,0.558195173740387
C4_0,ecapa,it0153,0.3561262190341949,0.4353538751602173
C4_0,ecapa,it0154,0.3041496574878692,0.3584190011024475
C4_0,ecapa,it0155,0.2415294498205185,0.3748259544372558
C4_0,ecapa,it0156,0.2556864023208618,0.3510905504226684
C4_0,ecapa,it0157,0.4790268242359161,0.6189723014831543
C4_0,ecapa,it0158,0.3665714263916015,0.4842916131019592
C4_0,ecapa,it0159,0.4039545655250549,0.4735566973686218
C4_0,ecapa,it0160,0.4921843409538269,0.5729159712791443
C4_0,ecapa,it0161,0.3765516281127929,0.3932406902313232
C4_0,ecapa,it0162,0.1413198113441467,0.1429194509983062
C4_0,ecapa,it0163,0.4237010180950165,0.5070292949676514
C4_0,ecapa,it0164,0.3546037673950195,0.4824582040309906
C4_0,ecapa,it0165,0.2831906974315643,0.3324499130249023
C4_0,ecapa,it0166,0.4205590188503265,0.5806746482849121
C4_0,ecapa,it0167,0.4382979273796081,0.4463305175304413
C4_0,ecapa,it0168,0.3156032562255859,0.3413484692573547
C4_0,ecapa,it0169,0.3682934939861297,0.4152408540248871
C4_0,ecapa,it0170,0.3587231636047363,0.4576947689056396
C4_0,ecapa,it0171,0.641993522644043,0.7024737596511841
C4_0,ecapa,it0172,0.2090709507465362,0.2888809442520141
C4_0,ecapa,it0173,0.6523212194442749,0.7033782601356506
C4_0,ecapa,it0174,0.5328455567359924,0.4823068082332611
C4_0,ecapa,it0175,0.2844084203243255,0.233566015958786
C4_0,ecapa,it0176,0.3265087008476257,0.295824259519577
C4_0,ecapa,it0177,0.4669464230537414,0.4198118150234222
C4_0,ecapa,it0178,0.3090094625949859,0.4519461691379547
C4_0,ecapa,it0179,0.6437277793884277,0.6350218057632446
C4_0,ecapa,it0180,0.5106401443481445,0.4004508852958679
C4_0,ecapa,it0181,0.4159719347953796,0.5138220191001892
C4_0,ecapa,it0182,0.5554182529449463,0.5467564463615417
C4_0,ecapa,it0183,0.5666227340698242,0.6136317849159241
C4_0,ecapa,it0184,0.2647947371006012,0.3971677124500274
C4_0,ecapa,it0185,0.3490423560142517,0.3729133009910583
C4_0,ecapa,it0186,0.4767533838748932,0.563614010810852
C4_0,ecapa,it0187,0.4661376774311065,0.3926070928573608
C4_0,ecapa,it0188,0.4791144728660583,0.5024334788322449
C4_0,ecapa,it0189,0.4386582970619201,0.4320151507854461
C4_0,ecapa,it0190,0.5375378727912903,0.6061297655105591
C4_0,ecapa,it0191,0.436723530292511,0.4345416128635406
C4_0,ecapa,it0192,0.5597527623176575,0.5952611565589905
C4_0,ecapa,it0193,0.4410760402679443,0.4358936250209808
C4_0,ecapa,it0194,0.5530737042427063,0.5397120714187622
C4_0,ecapa,it0195,0.6282964944839478,0.7472323775291443
C4_0,ecapa,it0196,0.4585521221160888,0.551026463508606
C4_0,ecapa,it0197,0.3301671743392944,0.3680332601070404
C4_0,ecapa,it0198,0.2491055727005005,0.2202335894107818
C4_0,ecapa,it0199,0.4323157668113708,0.4610175788402557
C4_0,ge2e,it0000,0.8157842755317688,0.8030979037284851
C4_0,ge2e,it0001,0.8045198321342468,0.8269526362419128
C4_0,ge2e,it0002,0.7412000894546509,0.7300543785095215
C4_0,ge2e,it0003,0.7424764633178711,0.7726052403450012
C4_0,ge2e,it0004,0.7359251976013184,0.8449321389198303
C4_0,ge2e,it0005,0.862242579460144,0.8761274814605713
C4_0,ge2e,it0006,0.7811142802238464,0.7935870885848999
C4_0,ge2e,it0007,0.7597021460533142,0.8104548454284668
C4_0,ge2e,it0008,0.8573782444000244,0.8701808452606201
C4_0,ge2e,it0009,0.893795371055603,0.9010924696922302
C4_0,ge2e,it0010,0.8332332968711853,0.8452768325805664
C4_0,ge2e,it0011,0.8903262615203857,0.8868803977966309
C4_0,ge2e,it0012,0.794278621673584,0.8317562937736511
C4_0,ge2e,it0013,0.7855221629142761,0.8177033066749573
C4_0,ge2e,it0014,0.7920728921890259,0.8346841335296631
C4_0,ge2e,it0015,0.826346755027771,0.8454617261886597
C4_0,ge2e,it0016,0.8446258306503296,0.8614224195480347
C4_0,ge2e,it0017,0.8587764501571655,0.8448207378387451
C4_0,ge2e,it0018,0.7934879660606384,0.8268852829933167
C4_0,ge2e,it0019,0.8128051161766052,0.85065096616745
C4_0,ge2e,it0020,0.6685113906860352,0.6802933812141418
C4_0,ge2e,it0021,0.7817786335945129,0.8282419443130493
C4_0,ge2e,it0022,0.787248969078064,0.799135684967041
C4_0,ge2e,it0023,0.8287245035171509,0.7959948778152466
C4_0,ge2e,it0024,0.8467909097671509,0.8508450984954834
C4_0,ge2e,it0025,0.8606070280075073,0.879145622253418
C4_0,ge2e,it0026,0.7498341798782349,0.7661680579185486
C4_0,ge2e,it0027,0.812989354133606,0.8063068389892578
C4_0,ge2e,it0028,0.8554888963699341,0.8694442510604858
C4_0,ge2e,it0029,0.7931286096572876,0.8008934259414673
C4_0,ge2e,it0030,0.8731988072395325,0.8853577375411987
C4_0,ge2e,it0031,0.7898457050323486,0.832821786403656
C4_0,ge2e,it0032,0.8164334297180176,0.8278317451477051
C4_0,ge2e,it0033,0.7514670491218567,0.7676022052764893
C4_0,ge2e,it0034,0.8783570528030396,0.8540163040161133
C4_0,ge2e,it0035,0.7601600289344788,0.8003058433532715
C4_0,ge2e,it0036,0.8264052867889404,0.8321182727813721
C4_0,ge2e,it0037,0.8865445852279663,0.8776354789733887
C4_0,ge2e,it0038,0.790336012840271,0.8530064821243286
C4_0,ge2e,it0039,0.8058264851570129,0.8336540460586548
C4_0,ge2e,it0040,0.7936842441558838,0.822604238986969
C4_0,ge2e,it0041,0.7919397354125977,0.8288071751594543
C4_0,ge2e,it0042,0.7994500398635864,0.847364604473114
C4_0,ge2e,it0043,0.7758864760398865,0.8122680187225342
C4_0,ge2e,it0044,0.8146406412124634,0.8222168684005737
C4_0,ge2e,it0045,0.7867333292961121,0.8470655679702759
C4_0,ge2e,it0046,0.7531828880310059,0.7604527473449707
C4_0,ge2e,it0047,0.7615619897842407,0.8165838718414307
C4_0,ge2e,it0048,0.8436511754989624,0.8506109118461609
C4_0,ge2e,it0049,0.8480638861656189,0.857387125492096
C4_0,ge2e,it0050,0.7866648435592651,0.804128885269165
C4_0,ge2e,it0051,0.8413392305374146,0.822390079498291
C4_0,ge2e,it0052,0.8382669687271118,0.8216033577919006
C4_0,ge2e,it0053,0.7531466484069824,0.7910627126693726
C4_0,ge2e,it0054,0.7795504331588745,0.8394677042961121
C4_0,ge2e,it0055,0.8132533431053162,0.8589299917221069
C4_0,ge2e,it0056,0.8874332308769226,0.8968245983123779
C4_0,ge2e,it0057,0.8001310229301453,0.830116331577301
C4_0,ge2e,it0058,0.7948697805404663,0.7946832180023193
C4_0,ge2e,it0059,0.8532067537307739,0.893311083316803
C4_0,ge2e,it0060,0.843842089176178,0.8702322840690613
C4_0,ge2e,it0061,0.855095624923706,0.8487240672111511
C4_0,ge2e,it0062,0.8511559367179871,0.8424540162086487
C4_0,ge2e,it0063,0.7355608344078064,0.8156701922416687
C4_0,ge2e,it0064,0.8530203700065613,0.8345988988876343
C4_0,ge2e,it0065,0.8371938467025757,0.8608291745185852
C4_0,ge2e,it0066,0.724158525466919,0.7638077735900879
C4_0,ge2e,it0067,0.7929568886756897,0.844770073890686
C4_0,ge2e,it0068,0.8810794949531555,0.8812776803970337
C4_0,ge2e,it0069,0.7701417803764343,0.7793995141983032
C4_0,ge2e,it0070,0.7325979471206665,0.7829849720001221
C4_0,ge2e,it0071,0.8152443766593933,0.847163200378418
C4_0,ge2e,it0072,0.8938897252082825,0.87254798412323
C4_0,ge2e,it0073,0.758691132068634,0.7762383818626404
C4_0,ge2e,it0074,0.7565212845802307,0.7838476300239563
C4_0,ge2e,it0075,0.8473389148712158,0.8657647967338562
C4_0,ge2e,it0076,0.8205043077468872,0.8750790357589722
C4_0,ge2e,it0077,0.8151527047157288,0.7795220613479614
C4_0,ge2e,it0078,0.7557815909385681,0.7923099994659424
C4_0,ge2e,it0079,0.8189387321472168,0.8333148956298828
C4_0,ge2e,it0080,0.6997158527374268,0.7390819787979126
C4_0,ge2e,it0081,0.8087211847305298,0.8511725664138794
C4_0,ge2e,it0082,0.8001191020011902,0.8512720465660095
C4_0,ge2e,it0083,0.8229959607124329,0.8351554870605469
C4_0,ge2e,it0084,0.8738142251968384,0.893559455871582
C4_0,ge2e,it0085,0.869194507598877,0.8274292349815369
C4_0,ge2e,it0086,0.8406333327293396,0.8749105334281921
C4_0,ge2e,it0087,0.8635741472244263,0.8233981728553772
C4_0,ge2e,it0088,0.7822113633155823,0.835988461971283
C4_0,ge2e,it0089,0.7763469815254211,0.816419780254364
C4_0,ge2e,it0090,0.8835117816925049,0.8509363532066345
C4_0,ge2e,it0091,0.7911286354064941,0.8054616451263428
C4_0,ge2e,it0092,0.7422447204589844,0.7744863033294678
C4_0,ge2e,it0093,0.8067134618759155,0.8195599317550659
C4_0,ge2e,it0094,0.8013893365859985,0.8032562732696533
C4_0,ge2e,it0095,0.8643643856048584,0.8691177368164062
C4_0,ge2e,it0096,0.831778347492218,0.8146724700927734
C4_0,ge2e,it0097,0.8381403684616089,0.8706474304199219
C4_0,ge2e,it0098,0.824600100517273,0.8937175869941711
C4_0,ge2e,it0099,0.7290353178977966,0.7308251261711121
C4_0,ge2e,it0100,0.8577907085418701,0.8965991139411926
C4_0,ge2e,it0101,0.6792190074920654,0.7394462823867798
C4_0,ge2e,it0102,0.8545622825622559,0.8581312298774719
C4_0,ge2e,it0103,0.7013792395591736,0.7518665194511414
C4_0,ge2e,it0104,0.8550025224685669,0.8411667346954346
C4_0,ge2e,it0105,0.8383657336235046,0.8609262704849243
C4_0,ge2e,it0106,0.8696030974388123,0.8446868658065796
C4_0,ge2e,it0107,0.7906246781349182,0.7957820296287537
C4_0,ge2e,it0108,0.8163413405418396,0.8278853297233582
C4_0,ge2e,it0109,0.7960602641105652,0.8261310458183289
C4_0,ge2e,it0110,0.718389630317688,0.7790774703025818
C4_0,ge2e,it0111,0.7334789037704468,0.8701616525650024
C4_0,ge2e,it0112,0.903101682662964,0.9209770560264589
C4_0,ge2e,it0113,0.8238308429718018,0.8792414665222168
C4_0,ge2e,it0114,0.7249465584754944,0.8330100178718567
C4_0,ge2e,it0115,0.8488057851791382,0.8587786555290222
C4_0,ge2e,it0116,0.8443085551261902,0.8208605051040649
C4_0,ge2e,it0117,0.8633301258087158,0.8443241715431213
C4_0,ge2e,it0118,0.727979302406311,0.8573137521743774
C4_0,ge2e,it0119,0.8291560411453247,0.8279192447662354
C4_0,ge2e,it0120,0.7711383700370789,0.8444986343383789
C4_0,ge2e,it0121,0.7605925798416138,0.8204336166381836
C4_0,ge2e,it0122,0.7659814357757568,0.7515425682067871
C4_0,ge2e,it0123,0.6961193084716797,0.762263834476471
C4_0,ge2e,it0124,0.8599817752838135,0.83888179063797
C4_0,ge2e,it0125,0.9181947708129884,0.914597749710083
C4_0,ge2e,it0126,0.8979939222335815,0.8604122400283813
C4_0,ge2e,it0127,0.7899669408798218,0.8140528202056885
C4_0,ge2e,it0128,0.8211899995803833,0.8539984226226807
C4_0,ge2e,it0129,0.7533146739006042,0.7554702758789062
C4_0,ge2e,it0130,0.8525808453559875,0.8603874444961548
C4_0,ge2e,it0131,0.8611720204353333,0.8375718593597412
C4_0,ge2e,it0132,0.7938326597213745,0.7722070813179016
C4_0,ge2e,it0133,0.8594499826431274,0.8491864800453186
C4_0,ge2e,it0134,0.7889952659606934,0.7900072336196899
C4_0,ge2e,it0135,0.7816647887229919,0.7988905906677246
C4_0,ge2e,it0136,0.8563402891159058,0.8525851368904114
C4_0,ge2e,it0137,0.7871792316436768,0.7703262567520142
C4_0,ge2e,it0138,0.7734556198120117,0.8664928078651428
C4_0,ge2e,it0139,0.8584414124488831,0.8309043645858765
C4_0,ge2e,it0140,0.736573338508606,0.8392972946166992
C4_0,ge2e,it0141,0.775396466255188,0.8409217596054077
C4_0,ge2e,it0142,0.8178778886795044,0.7702327370643616
C4_0,ge2e,it0143,0.873909592628479,0.8588699102401733
C4_0,ge2e,it0144,0.757646918296814,0.8660730719566345
C4_0,ge2e,it0145,0.8355096578598022,0.8838198184967041
C4_0,ge2e,it0146,0.8336620926856995,0.8080308437347412
C4_0,ge2e,it0147,0.8839609622955322,0.8884663581848145
C4_0,ge2e,it0148,0.804031252861023,0.7994136810302734
C4_0,ge2e,it0149,0.8124691247940063,0.7694864273071289
C4_0,ge2e,it0150,0.7677303552627563,0.7981687188148499
C4_0,ge2e,it0151,0.8989801406860352,0.8437894582748413
C4_0,ge2e,it0152,0.8685262799263,0.8731692433357239
C4_0,ge2e,it0153,0.849067211151123,0.8500134348869324
C4_0,ge2e,it0154,0.7516806721687317,0.8128353953361511
C4_0,ge2e,it0155,0.8125945329666138,0.8194230794906616
C4_0,ge2e,it0156,0.7624682188034058,0.7922238707542419
C4_0,ge2e,it0157,0.8684129118919373,0.8830718398094177
C4_0,ge2e,it0158,0.7866601347923279,0.768746554851532
C4_0,ge2e,it0159,0.8305912613868713,0.7707011699676514
C4_0,ge2e,it0160,0.8572162389755249,0.8531485795974731
C4_0,ge2e,it0161,0.8279323577880859,0.8310946226119995
C4_0,ge2e,it0162,0.787314236164093,0.7786825895309448
C4_0,ge2e,it0163,0.7313449382781982,0.7787814140319824
C4_0,ge2e,it0164,0.7973229289054871,0.8819436430931091
C4_0,ge2e,it0165,0.7196989059448242,0.804470419883728
C4_0,ge2e,it0166,0.8492876291275024,0.8114858865737915
C4_0,ge2e,it0167,0.7974520325660706,0.8694255948066711
C4_0,ge2e,it0168,0.8283694982528687,0.7301619648933411
C4_0,ge2e,it0169,0.8088093996047974,0.8405112624168396
C4_0,ge2e,it0170,0.8580257892608643,0.90090674161911
C4_0,ge2e,it0171,0.842928946018219,0.8394575119018555
C4_0,ge2e,it0172,0.7831326127052307,0.7719040513038635
C4_0,ge2e,it0173,0.863129734992981,0.8898997902870178
C4_0,ge2e,it0174,0.7606402635574341,0.8133994936943054
C4_0,ge2e,it0175,0.6657109260559082,0.6696599125862122
C4_0,ge2e,it0176,0.8227453231811523,0.8260191679000854
C4_0,ge2e,it0177,0.8582416772842407,0.8876420259475708
C4_0,ge2e,it0178,0.849596381187439,0.838746964931488
C4_0,ge2e,it0179,0.8870318531990051,0.852675199508667
C4_0,ge2e,it0180,0.8463430404663086,0.8445901870727539
C4_0,ge2e,it0181,0.7737923264503479,0.8604699373245239
C4_0,ge2e,it0182,0.8707581162452698,0.8758899569511414
C4_0,ge2e,it0183,0.8265681266784668,0.8519454002380371
C4_0,ge2e,it0184,0.772243320941925,0.768054187297821
C4_0,ge2e,it0185,0.77358478307724,0.8409295082092285
C4_0,ge2e,it0186,0.8663458228111267,0.8320382833480835
C4_0,ge2e,it0187,0.7890968322753906,0.7660889029502869
C4_0,ge2e,it0188,0.827860951423645,0.8307070136070251
C4_0,ge2e,it0189,0.8271893858909607,0.7909489870071411
C4_0,ge2e,it0190,0.8880574107170105,0.875803530216217
C4_0,ge2e,it0191,0.7527090907096863,0.832250714302063
C4_0,ge2e,it0192,0.7997866868972778,0.8286737203598022
C4_0,ge2e,it0193,0.8250654339790344,0.8500920534133911
C4_0,ge2e,it0194,0.8460278511047363,0.7904947996139526
C4_0,ge2e,it0195,0.832900881767273,0.8514142036437988
C4_0,ge2e,it0196,0.8258460760116577,0.7946192622184753
C4_0,ge2e,it0197,0.8022653460502625,0.8183558583259583
C4_0,ge2e,it0198,0.8131083250045776,0.7957658767700195
C4_0,ge2e,it0199,0.8579245805740356,0.8507753610610962
C4_0,xvect,it0000,0.9543634057044984,0.9715436100959778
C4_0,xvect,it0001,0.9421172142028807,0.955003023147583
C4_0,xvect,it0002,0.9418657422065736,0.953244149684906
C4_0,xvect,it0003,0.9417945146560668,0.939475953578949
C4_0,xvect,it0004,0.9328408241271972,0.9560363292694092
C4_0,xvect,it0005,0.9388625025749208,0.9521692991256714
C4_0,xvect,it0006,0.9350883364677428,0.9564641118049622
C4_0,xvect,it0007,0.9413164854049684,0.9561169147491456
C4_0,xvect,it0008,0.9341994524002076,0.9407833814620972
C4_0,xvect,it0009,0.9566152691841124,0.9641133546829224
C4_0,xvect,it0010,0.9648397564888,0.9712280631065368
C4_0,xvect,it0011,0.9671776294708252,0.968108892440796
C4_0,xvect,it0012,0.9443010091781616,0.9546511173248292
C4_0,xvect,it0013,0.9582201838493348,0.9640498757362366
C4_0,xvect,it0014,0.9503786563873292,0.912502646446228
C4_0,xvect,it0015,0.9507648944854736,0.9268943071365356
C4_0,xvect,it0016,0.9133173823356628,0.960151433944702
C4_0,xvect,it0017,0.9438334703445436,0.9483768343925476
C4_0,xvect,it0018,0.9158504605293274,0.9387157559394836
C4_0,xvect,it0019,0.8823819160461426,0.9359034299850464
C4_0,xvect,it0020,0.9387533664703368,0.9458885192871094
C4_0,xvect,it0021,0.9432846903800964,0.95847749710083
C4_0,xvect,it0022,0.9134548306465148,0.9395087957382202
C4_0,xvect,it0023,0.9598737955093384,0.9102436304092408
C4_0,xvect,it0024,0.9524531960487366,0.9673315286636353
C4_0,xvect,it0025,0.9316150546073914,0.9420598745346068
C4_0,xvect,it0026,0.9165467023849488,0.9350465536117554
C4_0,xvect,it0027,0.961348593235016,0.958876132965088
C4_0,xvect,it0028,0.9550196528434752,0.9556871652603148
C4_0,xvect,it0029,0.9314938187599182,0.957901418209076
C4_0,xvect,it0030,0.964927077293396,0.9702060222625732
C4_0,xvect,it0031,0.9477978944778442,0.9553346633911132
C4_0,xvect,it0032,0.9052708745002748,0.930327534675598
C4_0,xvect,it0033,0.9292755722999572,0.9497321248054504
C4_0,xvect,it0034,0.932334303855896,0.9572240114212036
C4_0,xvect,it0035,0.9465641975402832,0.9486279487609864
C4_0,xvect,it0036,0.9162789583206176,0.9488983154296876
C4_0,xvect,it0037,0.948007881641388,0.9613247513771056
C4_0,xvect,it0038,0.9453698992729188,0.9516750574111938
C4_0,xvect,it0039,0.940325915813446,0.9623862504959106
C4_0,xvect,it0040,0.945576786994934,0.95251202583313
C4_0,xvect,it0041,0.9422546625137328,0.9561450481414796
C4_0,xvect,it0042,0.9453234672546388,0.9474902153015136
C4_0,xvect,it0043,0.9479143619537354,0.9675244092941284
C4_0,xvect,it0044,0.969258427619934,0.9700839519500732
C4_0,xvect,it0045,0.9359906315803528,0.9548591375350952
C4_0,xvect,it0046,0.9511312246322632,0.9522278904914856
C4_0,xvect,it0047,0.9501177072525024,0.9711115956306458
C4_0,xvect,it0048,0.960332989692688,0.9531130790710448
C4_0,xvect,it0049,0.907676875591278,0.9418980479240416
C4_0,xvect,it0050,0.905343770980835,0.9532753229141236
C4_0,xvect,it0051,0.9446468353271484,0.9658700823783876
C4_0,xvect,it0052,0.9438562989234924,0.9516282081604004
C4_0,xvect,it0053,0.9412792921066284,0.9553725719451904
C4_0,xvect,it0054,0.9392106533050536,0.9682407379150392
C4_0,xvect,it0055,0.9291676878929138,0.9609780311584472
C4_0,xvect,it0056,0.9548202753067015,0.943733274936676
C4_0,xvect,it0057,0.9454399943351746,0.9597355723381042
C4_0,xvect,it0058,0.9403512477874756,0.9280923008918762
C4_0,xvect,it0059,0.9712855815887452,0.9755080342292786
C4_0,xvect,it0060,0.9302420616149902,0.921258807182312
C4_0,xvect,it0061,0.9435972571372986,0.9553093314170836
C4_0,xvect,it0062,0.9442577362060548,0.9644060134887696
C4_0,xvect,it0063,0.9407485723495485,0.9503560066223145
C4_0,xvect,it0064,0.9492213129997252,0.9606798887252808
C4_0,xvect,it0065,0.9139402508735656,0.9246963858604432
C4_0,xvect,it0066,0.9430550932884216,0.956681787967682
C4_0,xvect,it0067,0.9176538586616516,0.9355610013008118
C4_0,xvect,it0068,0.9737271666526794,0.9747633934020996
C4_0,xvect,it0069,0.952219545841217,0.9530877470970154
C4_0,xvect,it0070,0.9371932744979858,0.9388630390167236
C4_0,xvect,it0071,0.9474209547042848,0.9576749801635742
C4_0,xvect,it0072,0.9702709317207336,0.9713194966316224
C4_0,xvect,it0073,0.9451382160186768,0.9403456449508668
C4_0,xvect,it0074,0.9529550671577454,0.9485779404640198
C4_0,xvect,it0075,0.9472233653068542,0.9576165676116944
C4_0,xvect,it0076,0.9435244798660278,0.9588075280189514
C4_0,xvect,it0077,0.9453256130218506,0.9117663502693176
C4_0,xvect,it0078,0.9450801610946656,0.9570357799530028
C4_0,xvect,it0079,0.9707325100898744,0.9742729067802428
C4_0,xvect,it0080,0.9378203749656676,0.949473202228546
C4_0,xvect,it0081,0.9526598453521729,0.9557867646217346
C4_0,xvect,it0082,0.9427826404571532,0.9210920333862304
C4_0,xvect,it0083,0.9587871432304382,0.9612807631492616
C4_0,xvect,it0084,0.9718650579452516,0.9775611758232116
C4_0,xvect,it0085,0.9683979153633118,0.965147852897644
C4_0,xvect,it0086,0.9718098044395448,0.964988887310028
C4_0,xvect,it0087,0.9662675857543944,0.9562113285064696
C4_0,xvect,it0088,0.9613189697265624,0.9133956432342528
C4_0,xvect,it0089,0.9486210942268372,0.9517257213592528
C4_0,xvect,it0090,0.9628090858459472,0.9646838903427124
C4_0,xvect,it0091,0.9155116081237792,0.9388070106506348
C4_0,xvect,it0092,0.952780306339264,0.9596907496452332
C4_0,xvect,it0093,0.9387351870536804,0.9463125467300416
C4_0,xvect,it0094,0.9031025171279908,0.9484639167785645
C4_0,xvect,it0095,0.9491839408874512,0.9534797668457032
C4_0,xvect,it0096,0.9495980143547058,0.960635542869568
C4_0,xvect,it0097,0.9590840935707092,0.964106023311615
C4_0,xvect,it0098,0.9723021984100342,0.9642924070358276
C4_0,xvect,it0099,0.9451730251312256,0.9493645429611206
C4_0,xvect,it0100,0.964326560497284,0.9712247252464294
C4_0,xvect,it0101,0.9418560266494752,0.9531298279762268
C4_0,xvect,it0102,0.954975426197052,0.9484221935272216
C4_0,xvect,it0103,0.9442732930183412,0.9552255272865297
C4_0,xvect,it0104,0.9163508415222168,0.93593829870224
C4_0,xvect,it0105,0.9500431418418884,0.9583819508552552
C4_0,xvect,it0106,0.9601969122886658,0.9291629195213318
C4_0,xvect,it0107,0.8691083192825317,0.9270305633544922
C4_0,xvect,it0108,0.952797830104828,0.9423500299453736
C4_0,xvect,it0109,0.9610897898674012,0.9601967334747314
C4_0,xvect,it0110,0.9301798343658448,0.9456608295440674
C4_0,xvect,it0111,0.9372299909591676,0.967282235622406
C4_0,xvect,it0112,0.9536372423171996,0.9672853946685792
C4_0,xvect,it0113,0.939397394657135,0.959175169467926
C4_0,xvect,it0114,0.9476585984230042,0.9612714648246764
C4_0,xvect,it0115,0.9365429282188416,0.9308257699012756
C4_0,xvect,it0116,0.9462874531745912,0.95648455619812
C4_0,xvect,it0117,0.950342059135437,0.9740252494812012
C4_0,xvect,it0118,0.9541950225830078,0.967634379863739
C4_0,xvect,it0119,0.9604965448379515,0.9654896855354308
C4_0,xvect,it0120,0.9512097835540771,0.9647250175476074
C4_0,xvect,it0121,0.9528139233589172,0.959480345249176
C4_0,xvect,it0122,0.9583669304847716,0.9415225386619568
C4_0,xvect,it0123,0.9171337485313416,0.9300633072853088
C4_0,xvect,it0124,0.9415451288223268,0.942068099975586
C4_0,xvect,it0125,0.9462899565696716,0.9576976299285888
C4_0,xvect,it0126,0.9507415890693665,0.9632442593574524
C4_0,xvect,it0127,0.9566654562950134,0.9625322818756104
C4_0,xvect,it0128,0.9615982174873352,0.9637544751167296
C4_0,xvect,it0129,0.937242329120636,0.9489522576332092
C4_0,xvect,it0130,0.949748396873474,0.9639246463775636
C4_0,xvect,it0131,0.9533414840698242,0.9567304253578186
C4_0,xvect,it0132,0.945426106452942,0.9571443796157836
C4_0,xvect,it0133,0.964890956878662,0.9631723761558532
C4_0,xvect,it0134,0.9632017612457277,0.96239972114563
C4_0,xvect,it0135,0.924408197402954,0.9506911039352416
C4_0,xvect,it0136,0.9539201259613036,0.9587064385414124
C4_0,xvect,it0137,0.9427776336669922,0.948631227016449
C4_0,xvect,it0138,0.9422653317451476,0.9566434621810912
C4_0,xvect,it0139,0.9616506695747375,0.9602524638175964
C4_0,xvect,it0140,0.879384458065033,0.9296541213989258
C4_0,xvect,it0141,0.9329936504364014,0.9638240933418274
C4_0,xvect,it0142,0.9434415698051452,0.9411160349845886
C4_0,xvect,it0143,0.9562355279922484,0.9614443182945251
C4_0,xvect,it0144,0.9541170001029968,0.9633489847183228
C4_0,xvect,it0145,0.9360630512237548,0.9394606947898864
C4_0,xvect,it0146,0.9224351644515992,0.945377767086029
C4_0,xvect,it0147,0.9575538039207458,0.949066698551178
C4_0,xvect,it0148,0.9491804242134094,0.9562687873840332
C4_0,xvect,it0149,0.9549195766448976,0.9565781950950624
C4_0,xvect,it0150,0.9317715167999268,0.9409078359603882
C4_0,xvect,it0151,0.9669384956359864,0.9620555639266968
C4_0,xvect,it0152,0.9450443983078004,0.9618005156517028
C4_0,xvect,it0153,0.9084418416023254,0.9420610070228576
C4_0,xvect,it0154,0.924919068813324,0.9405701756477356
C4_0,xvect,it0155,0.9623693227767944,0.9653863310813904
C4_0,xvect,it0156,0.9538804292678832,0.9550366401672364
C4_0,xvect,it0157,0.961343228816986,0.9698594808578492
C4_0,xvect,it0158,0.9581130146980286,0.9645450711250304
C4_0,xvect,it0159,0.9313362836837769,0.9454814791679382
C4_0,xvect,it0160,0.9587903022766112,0.957127809524536
C4_0,xvect,it0161,0.9525856971740724,0.9568172693252563
C4_0,xvect,it0162,0.9486140012741088,0.95836341381073
C4_0,xvect,it0163,0.9665967226028442,0.9708537459373474
C4_0,xvect,it0164,0.949447512626648,0.9661365151405334
C4_0,xvect,it0165,0.9434283375740052,0.9541910886764526
C4_0,xvect,it0166,0.9431387782096864,0.9484595060348512
C4_0,xvect,it0167,0.9437465667724608,0.953279972076416
C4_0,xvect,it0168,0.9412725567817688,0.9306415915489196
C4_0,xvect,it0169,0.9623675346374512,0.9688462615013124
C4_0,xvect,it0170,0.9364560842514038,0.9656265377998352
C4_0,xvect,it0171,0.9545554518699646,0.9612823724746704
C4_0,xvect,it0172,0.9440907835960388,0.9441637992858888
C4_0,xvect,it0173,0.9599039554595948,0.965115487575531
C4_0,xvect,it0174,0.9570274353027344,0.9547680020332336
C4_0,xvect,it0175,0.9541032314300536,0.9530254006385804
C4_0,xvect,it0176,0.9311185479164124,0.9499773383140564
C4_0,xvect,it0177,0.9534482359886168,0.956369400024414
C4_0,xvect,it0178,0.9450006484985352,0.9589437246322632
C4_0,xvect,it0179,0.9626320004463196,0.9623979926109314
C4_0,xvect,it0180,0.9467202425003052,0.947422206401825
C4_0,xvect,it0181,0.9593344926834106,0.969504714012146
C4_0,xvect,it0182,0.9516724348068236,0.955599308013916
C4_0,xvect,it0183,0.9582140445709229,0.963835597038269
C4_0,xvect,it0184,0.9400287866592408,0.9492027759552002
C4_0,xvect,it0185,0.9222228527069092,0.9396247267723083
C4_0,xvect,it0186,0.9491952657699584,0.9261890649795532
C4_0,xvect,it0187,0.9515209794044496,0.9476503729820251
C4_0,xvect,it0188,0.9326221346855164,0.9457256197929382
C4_0,xvect,it0189,0.954317569732666,0.9545735120773317
C4_0,xvect,it0190,0.9549673795700072,0.956239938735962
C4_0,xvect,it0191,0.9582412838935852,0.9559741020202636
C4_0,xvect,it0192,0.9303531646728516,0.9547728300094604
C4_0,xvect,it0193,0.959388017654419,0.9608121514320374
C4_0,xvect,it0194,0.9541109800338744,0.961612105369568
C4_0,xvect,it0195,0.9504770636558532,0.9695817232131958
C4_0,xvect,it0196,0.9440131187438964,0.9585956931114196
C4_0,xvect,it0197,0.9451889991760254,0.9449656009674072
C4_0,xvect,it0198,0.9393103122711182,0.9500792026519777
C4_0,xvect,it0199,0.9540784358978271,0.9707012176513672
C4_0,wavlm_base_plus,it0000,0.8936927914619446,0.937785506248474
C4_0,wavlm_base_plus,it0001,0.8490833044052124,0.8308427333831787
C4_0,wavlm_base_plus,it0002,0.894177258014679,0.9018951654434204
C4_0,wavlm_base_plus,it0003,0.9276738166809082,0.9545303583145142
C4_0,wavlm_base_plus,it0004,0.9660090208053588,0.972937822341919
C4_0,wavlm_base_plus,it0005,0.9152442216873168,0.927098274230957
C4_0,wavlm_base_plus,it0006,0.8919426798820496,0.9065601825714112
C4_0,wavlm_base_plus,it0007,0.9609136581420898,0.9530504941940308
C4_0,wavlm_base_plus,it0008,0.9077802896499634,0.9128127098083496
C4_0,wavlm_base_plus,it0009,0.9787464141845704,0.9817558526992798
C4_0,wavlm_base_plus,it0010,0.8569298982620239,0.8453552722930908
C4_0,wavlm_base_plus,it0011,0.956288754940033,0.9524571299552916
C4_0,wavlm_base_plus,it0012,0.9469804167747498,0.912319839000702
C4_0,wavlm_base_plus,it0013,0.9347355961799622,0.9539464712142944
C4_0,wavlm_base_plus,it0014,0.8594381809234619,0.8706839680671692
C4_0,wavlm_base_plus,it0015,0.9525326490402222,0.9412184953689576
C4_0,wavlm_base_plus,it0016,0.9684987664222716,0.9603548049926758
C4_0,wavlm_base_plus,it0017,0.929940938949585,0.9098777770996094
C4_0,wavlm_base_plus,it0018,0.8553072214126587,0.8578534126281738
C4_0,wavlm_base_plus,it0019,0.9744820594787598,0.9600918292999268
C4_0,wavlm_base_plus,it0020,0.7870794534683228,0.9147955775260924
C4_0,wavlm_base_plus,it0021,0.8471788167953491,0.913585126399994
C4_0,wavlm_base_plus,it0022,0.9432404637336732,0.9414671659469604
C4_0,wavlm_base_plus,it0023,0.945884108543396,0.9448966979980468
C4_0,wavlm_base_plus,it0024,0.948342740535736,0.9645014405250548
C4_0,wavlm_base_plus,it0025,0.9456728100776672,0.9428766965866088
C4_0,wavlm_base_plus,it0026,0.8256338238716125,0.8921619057655334
C4_0,wavlm_base_plus,it0027,0.954403817653656,0.9578723311424256
C4_0,wavlm_base_plus,it0028,0.9054090976715088,0.9331477880477904
C4_0,wavlm_base_plus,it0029,0.890483021736145,0.8161715865135193
C4_0,wavlm_base_plus,it0030,0.9435099363327026,0.9326938390731812
C4_0,wavlm_base_plus,it0031,0.959905207157135,0.9383231997489928
C4_0,wavlm_base_plus,it0032,0.9648115038871764,0.9036612510681152
C4_0,wavlm_base_plus,it0033,0.9149842262268066,0.9493547677993774
C4_0,wavlm_base_plus,it0034,0.8146772384643555,0.9043401479721068
C4_0,wavlm_base_plus,it0035,0.7892394065856934,0.8090110421180725
C4_0,wavlm_base_plus,it0036,0.967361330986023,0.9147460460662842
C4_0,wavlm_base_plus,it0037,0.944311499595642,0.9571664929389954
C4_0,wavlm_base_plus,it0038,0.8956543207168579,0.911532998085022
C4_0,wavlm_base_plus,it0039,0.9307698011398317,0.967585027217865
C4_0,wavlm_base_plus,it0040,0.7024596929550171,0.890744149684906
C4_0,wavlm_base_plus,it0041,0.9412677884101868,0.9533901810646056
C4_0,wavlm_base_plus,it0042,0.8621212244033813,0.8818840384483337
C4_0,wavlm_base_plus,it0043,0.8912327289581299,0.9352526664733888
C4_0,wavlm_base_plus,it0044,0.9169485569000244,0.9626052379608154
C4_0,wavlm_base_plus,it0045,0.8990082740783691,0.9350060820579528
C4_0,wavlm_base_plus,it0046,0.8428022265434265,0.9033660292625428
C4_0,wavlm_base_plus,it0047,0.7651734352111816,0.8265892863273621
C4_0,wavlm_base_plus,it0048,0.9425443410873412,0.9537882804870604
C4_0,wavlm_base_plus,it0049,0.8970872759819031,0.894346296787262
C4_0,wavlm_base_plus,it0050,0.6026703715324402,0.7000182867050171
C4_0,wavlm_base_plus,it0051,0.9345098733901978,0.9472498893737792
C4_0,wavlm_base_plus,it0052,0.8792822957038879,0.9179075956344604
C4_0,wavlm_base_plus,it0053,0.8963139653205872,0.8823514580726624
C4_0,wavlm_base_plus,it0054,0.7165924906730652,0.829340934753418
C4_0,wavlm_base_plus,it0055,0.92880380153656,0.9541381001472472
C4_0,wavlm_base_plus,it0056,0.928810715675354,0.9395461678504944
C4_0,wavlm_base_plus,it0057,0.8672094941139221,0.906905710697174
C4_0,wavlm_base_plus,it0058,0.9336185455322266,0.906112253665924
C4_0,wavlm_base_plus,it0059,0.9616628885269164,0.971303939819336
C4_0,wavlm_base_plus,it0060,0.8436217308044434,0.8733206391334534
C4_0,wavlm_base_plus,it0061,0.8979431986808777,0.9331501126289368
C4_0,wavlm_base_plus,it0062,0.9313353300094604,0.9389123916625975
C4_0,wavlm_base_plus,it0063,0.6665979027748108,0.8167192339897156
C4_0,wavlm_base_plus,it0064,0.9053823351860046,0.8908390998840332
C4_0,wavlm_base_plus,it0065,0.9233862161636353,0.9716612696647644
C4_0,wavlm_base_plus,it0066,0.7696253657341003,0.7654080390930176
C4_0,wavlm_base_plus,it0067,0.7356521487236023,0.8200127482414246
C4_0,wavlm_base_plus,it0068,0.9649450182914734,0.9469649195671082
C4_0,wavlm_base_plus,it0069,0.8160003423690796,0.9014886617660522
C4_0,wavlm_base_plus,it0070,0.8900566101074219,0.9287080764770508
C4_0,wavlm_base_plus,it0071,0.9269726872444152,0.8877013921737671
C4_0,wavlm_base_plus,it0072,0.96150803565979,0.9340834617614746
C4_0,wavlm_base_plus,it0073,0.7400436401367188,0.8933666944503784
C4_0,wavlm_base_plus,it0074,0.8234881162643433,0.6733364462852478
C4_0,wavlm_base_plus,it0075,0.9220494031906128,0.9026758074760436
C4_0,wavlm_base_plus,it0076,0.8488795757293701,0.7827200889587402
C4_0,wavlm_base_plus,it0077,0.8616640567779541,0.9336211681365968
C4_0,wavlm_base_plus,it0078,0.853752613067627,0.8970212340354919
C4_0,wavlm_base_plus,it0079,0.9524338841438292,0.9373473525047302
C4_0,wavlm_base_plus,it0080,0.8357383012771606,0.8435927033424377
C4_0,wavlm_base_plus,it0081,0.8908330202102661,0.8594023585319519
C4_0,wavlm_base_plus,it0082,0.9035915732383728,0.9347000122070312
C4_0,wavlm_base_plus,it0083,0.965839982032776,0.9613388776779176
C4_0,wavlm_base_plus,it0084,0.9465534090995787,0.9381593465805054
C4_0,wavlm_base_plus,it0085,0.9321262240409852,0.8861818909645081
C4_0,wavlm_base_plus,it0086,0.9313507676124572,0.901520609855652
C4_0,wavlm_base_plus,it0087,0.9289323687553406,0.9348153471946716
C4_0,wavlm_base_plus,it0088,0.8982207179069519,0.9083780646324158
C4_0,wavlm_base_plus,it0089,0.919504940509796,0.9320745468139648
C4_0,wavlm_base_plus,it0090,0.9463523030281068,0.8977944254875183
C4_0,wavlm_base_plus,it0091,0.8243908882141113,0.9013552665710448
C4_0,wavlm_base_plus,it0092,0.9273046851158142,0.9103783369064332
C4_0,wavlm_base_plus,it0093,0.8613998889923096,0.8149018883705139
C4_0,wavlm_base_plus,it0094,0.8900837898254395,0.9127774238586426
C4_0,wavlm_base_plus,it0095,0.9118510484695436,0.9165653586387634
C4_0,wavlm_base_plus,it0096,0.975657045841217,0.9469924569129944
C4_0,wavlm_base_plus,it0097,0.9600107073783876,0.972934067249298
C4_0,wavlm_base_plus,it0098,0.9387617111206056,0.9146766662597656
C4_0,wavlm_base_plus,it0099,0.7386963367462158,0.7243691682815552
C4_0,wavlm_base_plus,it0100,0.9636515378952026,0.9769881963729858
C4_0,wavlm_base_plus,it0101,0.9213846921920776,0.9374309182167052
C4_0,wavlm_base_plus,it0102,0.9412072896957396,0.9115879535675048
C4_0,wavlm_base_plus,it0103,0.8548085689544678,0.935356378555298
C4_0,wavlm_base_plus,it0104,0.9010043144226074,0.9373568296432496
C4_0,wavlm_base_plus,it0105,0.936018168926239,0.9330623149871826
C4_0,wavlm_base_plus,it0106,0.8496201038360596,0.8886442184448242
C4_0,wavlm_base_plus,it0107,0.8278185725212097,0.9483448266983032
C4_0,wavlm_base_plus,it0108,0.9395819902420044,0.9197415113449096
C4_0,wavlm_base_plus,it0109,0.9520597457885742,0.932845950126648
C4_0,wavlm_base_plus,it0110,0.6909944415092468,0.7208857536315918
C4_0,wavlm_base_plus,it0111,0.7009397149085999,0.8542150855064392
C4_0,wavlm_base_plus,it0112,0.9556487798690796,0.9479718208312988
C4_0,wavlm_base_plus,it0113,0.968603014945984,0.9517630934715272
C4_0,wavlm_base_plus,it0114,0.9188741445541382,0.9170325994491576
C4_0,wavlm_base_plus,it0115,0.8955236673355103,0.8137814998626709
C4_0,wavlm_base_plus,it0116,0.9338510036468506,0.9081708192825316
C4_0,wavlm_base_plus,it0117,0.9503892660140992,0.9606506824493408
C4_0,wavlm_base_plus,it0118,0.8178998231887817,0.8895524144172668
C4_0,wavlm_base_plus,it0119,0.8807026743888855,0.9420186281204224
C4_0,wavlm_base_plus,it0120,0.9448477029800416,0.9594053030014038
C4_0,wavlm_base_plus,it0121,0.9274816513061525,0.95961731672287
C4_0,wavlm_base_plus,it0122,0.9369657635688782,0.9468445777893066
C4_0,wavlm_base_plus,it0123,0.9122436046600342,0.9580081701278688
C4_0,wavlm_base_plus,it0124,0.8749573826789856,0.8984156250953674
C4_0,wavlm_base_plus,it0125,0.9610602259635924,0.9492160081863404
C4_0,wavlm_base_plus,it0126,0.9190784692764282,0.9363257884979248
C4_0,wavlm_base_plus,it0127,0.91201651096344,0.9561697244644164
C4_0,wavlm_base_plus,it0128,0.6963639855384827,0.8698935508728027
C4_0,wavlm_base_plus,it0129,0.8559927940368652,0.806980311870575
C4_0,wavlm_base_plus,it0130,0.817679226398468,0.870099663734436
C4_0,wavlm_base_plus,it0131,0.9492205381393432,0.9610207676887512
C4_0,wavlm_base_plus,it0132,0.8364196419715881,0.8656313419342041
C4_0,wavlm_base_plus,it0133,0.969438374042511,0.9866979718208312
C4_0,wavlm_base_plus,it0134,0.9671669602394104,0.9008347392082214
C4_0,wavlm_base_plus,it0135,0.6846754550933838,0.6991738677024841
C4_0,wavlm_base_plus,it0136,0.8631284236907959,0.9039390683174132
C4_0,wavlm_base_plus,it0137,0.9258028268814088,0.878532350063324
C4_0,wavlm_base_plus,it0138,0.8954586982727051,0.9306551218032836
C4_0,wavlm_base_plus,it0139,0.8933603763580322,0.8592023253440857
C4_0,wavlm_base_plus,it0140,0.9225435256958008,0.9292752146720886
C4_0,wavlm_base_plus,it0141,0.958770513534546,0.9556037187576294
C4_0,wavlm_base_plus,it0142,0.9172019958496094,0.8250389099121094
C4_0,wavlm_base_plus,it0143,0.924268364906311,0.97072434425354
C4_0,wavlm_base_plus,it0144,0.9423064589500428,0.9633835554122924
C4_0,wavlm_base_plus,it0145,0.8594324588775635,0.9364614486694336
C4_0,wavlm_base_plus,it0146,0.9417182207107544,0.94206565618515
C4_0,wavlm_base_plus,it0147,0.9313259720802308,0.9177459478378296
C4_0,wavlm_base_plus,it0148,0.7368654012680054,0.7501447200775146
C4_0,wavlm_base_plus,it0149,0.8933003544807434,0.9155162572860718
C4_0,wavlm_base_plus,it0150,0.9004647731781006,0.9275283217430116
C4_0,wavlm_base_plus,it0151,0.9367716312408448,0.9108483791351318
C4_0,wavlm_base_plus,it0152,0.9338645935058594,0.925524353981018
C4_0,wavlm_base_plus,it0153,0.9549142122268676,0.9208695888519288
C4_0,wavlm_base_plus,it0154,0.7763011455535889,0.720882773399353
C4_0,wavlm_base_plus,it0155,0.8654398322105408,0.8835330009460449
C4_0,wavlm_base_plus,it0156,0.8455954790115356,0.8847026228904724
C4_0,wavlm_base_plus,it0157,0.9353047013282776,0.9286438226699828
C4_0,wavlm_base_plus,it0158,0.8886362314224243,0.9778640270233154
C4_0,wavlm_base_plus,it0159,0.8624014258384705,0.834181010723114
C4_0,wavlm_base_plus,it0160,0.9218989610671996,0.9430245757102966
C4_0,wavlm_base_plus,it0161,0.938948392868042,0.9509327411651612
C4_0,wavlm_base_plus,it0162,0.9152106642723083,0.8625978827476501
C4_0,wavlm_base_plus,it0163,0.8968607187271118,0.9394553303718568
C4_0,wavlm_base_plus,it0164,0.927153468132019,0.9669867753982544
C4_0,wavlm_base_plus,it0165,0.682816207408905,0.8013460636138916
C4_0,wavlm_base_plus,it0166,0.946495532989502,0.9100079536437988
C4_0,wavlm_base_plus,it0167,0.9308947920799256,0.9656829237937928
C4_0,wavlm_base_plus,it0168,0.9158727526664734,0.9612435102462769
C4_0,wavlm_base_plus,it0169,0.9407256841659546,0.9378694891929626
C4_0,wavlm_base_plus,it0170,0.8598387241363525,0.8972516059875488
C4_0,wavlm_base_plus,it0171,0.962138056755066,0.9653650522232056
C4_0,wavlm_base_plus,it0172,0.7948113679885864,0.887865424156189
C4_0,wavlm_base_plus,it0173,0.9742222428321838,0.9666452407836914
C4_0,wavlm_base_plus,it0174,0.8867185115814209,0.9222031831741332
C4_0,wavlm_base_plus,it0175,0.919373333454132,0.9350779056549072
C4_0,wavlm_base_plus,it0176,0.955317497253418,0.9690163135528564
C4_0,wavlm_base_plus,it0177,0.9332579374313354,0.9353790879249572
C4_0,wavlm_base_plus,it0178,0.8739696145057678,0.8912054896354675
C4_0,wavlm_base_plus,it0179,0.9548195600509644,0.94500994682312
C4_0,wavlm_base_plus,it0180,0.9520447254180908,0.9368739128112792
C4_0,wavlm_base_plus,it0181,0.8326044082641602,0.8873250484466553
C4_0,wavlm_base_plus,it0182,0.9556111097335817,0.9583405256271362
C4_0,wavlm_base_plus,it0183,0.9648371934890748,0.9357452988624572
C4_0,wavlm_base_plus,it0184,0.8420630693435669,0.8993090391159058
C4_0,wavlm_base_plus,it0185,0.9190011620521544,0.9475613236427308
C4_0,wavlm_base_plus,it0186,0.9746769666671752,0.9729060530662536
C4_0,wavlm_base_plus,it0187,0.8299343585968018,0.8694372177124023
C4_0,wavlm_base_plus,it0188,0.9083662629127502,0.901377022266388
C4_0,wavlm_base_plus,it0189,0.941515564918518,0.9271053671836852
C4_0,wavlm_base_plus,it0190,0.9670296907424928,0.965047001838684
C4_0,wavlm_base_plus,it0191,0.9711060523986816,0.955706775188446
C4_0,wavlm_base_plus,it0192,0.9237531423568726,0.953626275062561
C4_0,wavlm_base_plus,it0193,0.9422025680541992,0.9489007592201232
C4_0,wavlm_base_plus,it0194,0.925485134124756,0.9126492738723756
C4_0,wavlm_base_plus,it0195,0.9554006457328796,0.9659552574157716
C4_0,wavlm_base_plus,it0196,0.9129866361618042,0.9467388391494752
C4_0,wavlm_base_plus,it0197,0.8608482480049133,0.860511302947998
C4_0,wavlm_base_plus,it0198,0.76618492603302,0.704509437084198
C4_0,wavlm_base_plus,it0199,0.9338089227676392,0.936339557170868
C4_1,wavlm_large,it0000,0.1711931228637695,0.4096145033836365
C4_1,wavlm_large,it0001,0.2171026468276977,0.3587482869625091
C4_1,wavlm_large,it0002,0.2847753167152405,0.4083063304424286
C4_1,wavlm_large,it0003,0.1669315695762634,0.2968976497650146
C4_1,wavlm_large,it0004,0.3464637398719787,0.4170492589473724
C4_1,wavlm_large,it0005,0.4475291669368744,0.4671827852725982
C4_1,wavlm_large,it0006,0.4205896258354187,0.4231407642364502
C4_1,wavlm_large,it0007,0.3817024230957031,0.3738640546798706
C4_1,wavlm_large,it0008,0.2578625082969665,0.37326180934906
C4_1,wavlm_large,it0009,0.508958101272583,0.6196190714836121
C4_1,wavlm_large,it0010,0.5065544843673706,0.6003053188323975
C4_1,wavlm_large,it0011,0.4785943329334259,0.4896473586559295
C4_1,wavlm_large,it0012,0.342988520860672,0.436887264251709
C4_1,wavlm_large,it0013,0.5083956718444824,0.6193685531616211
C4_1,wavlm_large,it0014,0.4807845652103424,0.4290832281112671
C4_1,wavlm_large,it0015,0.3100607693195343,0.5756416320800781
C4_1,wavlm_large,it0016,0.2077129036188125,0.4852053821086883
C4_1,wavlm_large,it0017,0.3195448517799377,0.3837736845016479
C4_1,wavlm_large,it0018,0.3489345610141754,0.3081395626068115
C4_1,wavlm_large,it0019,0.4706862568855285,0.5546492338180542
C4_1,wavlm_large,it0020,0.2797970473766327,0.3431031703948974
C4_1,wavlm_large,it0021,0.4601407349109649,0.4860550761222839
C4_1,wavlm_large,it0022,0.4509814381599426,0.5038071870803833
C4_1,wavlm_large,it0023,0.5737712383270264,0.5637255311012268
C4_1,wavlm_large,it0024,0.4595865905284881,0.5001025795936584
C4_1,wavlm_large,it0025,0.6041191816329956,0.6294890642166138
C4_1,wavlm_large,it0026,-0.0197006333619356,0.3228727281093597
C4_1,wavlm_large,it0027,0.565984845161438,0.651828408241272
C4_1,wavlm_large,it0028,0.3529898822307586,0.5289210677146912
C4_1,wavlm_large,it0029,0.4612233638763428,0.4577043056488037
C4_1,wavlm_large,it0030,0.4884357452392578,0.4902308285236358
C4_1,wavlm_large,it0031,0.2916687726974487,0.3753511905670166
C4_1,wavlm_large,it0032,0.6359432935714722,0.6553829908370972
C4_1,wavlm_large,it0033,0.2947359085083008,0.3567589223384857
C4_1,wavlm_large,it0034,0.2992903292179107,0.4938876032829284
C4_1,wavlm_large,it0035,0.2039190530776977,0.2898542284965515
C4_1,wavlm_large,it0036,0.4987443089485168,0.5813207626342773
C4_1,wavlm_large,it0037,0.5557859539985657,0.5836671590805054
C4_1,wavlm_large,it0038,0.0324899964034557,0.2298781722784042
C4_1,wavlm_large,it0039,0.5311048030853271,0.5372887849807739
C4_1,wavlm_large,it0040,0.1502673029899597,0.2332306057214737
C4_1,wavlm_large,it0041,0.4713615179061889,0.4564178586006164
C4_1,wavlm_large,it0042,0.4613145291805267,0.4105698466300964
C4_1,wavlm_large,it0043,0.2376936078071594,0.3246245384216308
C4_1,wavlm_large,it0044,0.4322454929351806,0.5481263399124146
C4_1,wavlm_large,it0045,0.4095778167247772,0.4487904012203216
C4_1,wavlm_large,it0046,0.2846262753009796,0.3300260007381439
C4_1,wavlm_large,it0047,0.3516905307769775,0.346922904253006
C4_1,wavlm_large,it0048,0.2954978346824646,0.5241571068763733
C4_1,wavlm_large,it0049,0.5338077545166016,0.5379416942596436
C4_1,wavlm_large,it0050,0.0595947988331317,0.2551507353782654
C4_1,wavlm_large,it0051,0.3669926822185516,0.4091081917285919
C4_1,wavlm_large,it0052,0.2827305197715759,0.5107349753379822
C4_1,wavlm_large,it0053,0.3081904053688049,0.4895474910736084
C4_1,wavlm_large,it0054,-0.0150114148855209,0.1992513686418533
C4_1,wavlm_large,it0055,0.4906910061836242,0.5488697290420532
C4_1,wavlm_large,it0056,0.1579549014568328,0.3022270798683166
C4_1,wavlm_large,it0057,0.363191157579422,0.4922173023223877
C4_1,wavlm_large,it0058,0.4393864870071411,0.3768962025642395
C4_1,wavlm_large,it0059,0.5945510268211365,0.5993794798851013
C4_1,wavlm_large,it0060,0.2954617142677307,0.4681648015975952
C4_1,wavlm_large,it0061,0.6066259741783142,0.6604183912277222
C4_1,wavlm_large,it0062,0.3985235393047333,0.5741983652114868
C4_1,wavlm_large,it0063,0.3235933780670166,0.4430327713489532
C4_1,wavlm_large,it0064,0.4231941699981689,0.4556927680969238
C4_1,wavlm_large,it0065,0.5350015163421631,0.6481467485427856
C4_1,wavlm_large,it0066,0.3402905464172363,0.4669927358627319
C4_1,wavlm_large,it0067,0.1613138169050216,0.3055856227874756
C4_1,wavlm_large,it0068,0.6172432899475098,0.6857766509056091
C4_1,wavlm_large,it0069,0.4620278477668762,0.4390870928764343
C4_1,wavlm_large,it0070,0.4226908385753631,0.4723692834377289
C4_1,wavlm_large,it0071,0.5657997727394104,0.5243732333183289
C4_1,wavlm_large,it0072,0.4422436952590942,0.5059727430343628
C4_1,wavlm_large,it0073,0.2375345677137375,0.3283808827400207
C4_1,wavlm_large,it0074,0.3153801560401916,0.2903808057308197
C4_1,wavlm_large,it0075,0.3742018938064575,0.4089539349079132
C4_1,wavlm_large,it0076,0.1908376514911651,0.3753711581230163
C4_1,wavlm_large,it0077,0.2211283594369888,0.6726843118667603
C4_1,wavlm_large,it0078,0.3409901559352875,0.300226092338562
C4_1,wavlm_large,it0079,0.591387152671814,0.5993688106536865
C4_1,wavlm_large,it0080,0.0938111096620559,0.3645648956298828
C4_1,wavlm_large,it0081,0.3248644173145294,0.3529880344867706
C4_1,wavlm_large,it0082,0.4712589979171753,0.5375527143478394
C4_1,wavlm_large,it0083,0.3415873944759369,0.3835001289844513
C4_1,wavlm_large,it0084,0.4398208260536194,0.5293614864349365
C4_1,wavlm_large,it0085,0.3070567548274994,0.4744561910629272
C4_1,wavlm_large,it0086,0.540980875492096,0.6496559381484985
C4_1,wavlm_large,it0087,0.7329455614089966,0.6944299936294556
C4_1,wavlm_large,it0088,0.3273948729038238,0.4004569947719574
C4_1,wavlm_large,it0089,0.3311883211135864,0.357312947511673
C4_1,wavlm_large,it0090,0.4863928258419037,0.6609535217285156
C4_1,wavlm_large,it0091,0.6019088625907898,0.5728949308395386
C4_1,wavlm_large,it0092,0.3539645969867706,0.4693463742733001
C4_1,wavlm_large,it0093,0.2827812731266022,0.5143206119537354
C4_1,wavlm_large,it0094,0.5078144669532776,0.5030909776687622
C4_1,wavlm_large,it0095,0.4626124203205108,0.4759221374988556
C4_1,wavlm_large,it0096,0.3386188745498657,0.4111829400062561
C4_1,wavlm_large,it0097,0.6688714623451233,0.619043231010437
C4_1,wavlm_large,it0098,0.4166556894779205,0.4736572504043579
C4_1,wavlm_large,it0099,0.2334484606981277,0.2492052912712097
C4_1,wavlm_large,it0100,0.674491822719574,0.6938213109970093
C4_1,wavlm_large,it0101,0.4337121546268463,0.3467108011245727
C4_1,wavlm_large,it0102,0.4286808669567108,0.4947288036346435
C4_1,wavlm_large,it0103,0.3744456768035888,0.5791999697685242
C4_1,wavlm_large,it0104,0.5246482491493225,0.5940854549407959
C4_1,wavlm_large,it0105,0.5333749055862427,0.6416006684303284
C4_1,wavlm_large,it0106,0.2941091954708099,0.516716718673706
C4_1,wavlm_large,it0107,0.4231630861759186,0.5810741782188416
C4_1,wavlm_large,it0108,0.2780953049659729,0.4247882962226867
C4_1,wavlm_large,it0109,0.3256213068962097,0.3863373398780823
C4_1,wavlm_large,it0110,0.3176711201667785,0.3180549740791321
C4_1,wavlm_large,it0111,0.2223784178495407,0.2745870947837829
C4_1,wavlm_large,it0112,0.4694696068763733,0.5383796691894531
C4_1,wavlm_large,it0113,0.4712109863758087,0.524690568447113
C4_1,wavlm_large,it0114,0.163527175784111,0.3815816938877105
C4_1,wavlm_large,it0115,0.2204318195581436,0.3299295008182525
C4_1,wavlm_large,it0116,0.3326064646244049,0.4284875094890594
C4_1,wavlm_large,it0117,0.5195228457450867,0.5476827025413513
C4_1,wavlm_large,it0118,0.48953777551651,0.597356379032135
C4_1,wavlm_large,it0119,0.5182181596755981,0.7051655650138855
C4_1,wavlm_large,it0120,0.4613592028617859,0.5392115712165833
C4_1,wavlm_large,it0121,0.4008138179779053,0.4630647897720337
C4_1,wavlm_large,it0122,0.3897385001182556,0.3433188199996948
C4_1,wavlm_large,it0123,0.3515132963657379,0.5280904173851013
C4_1,wavlm_large,it0124,0.3951376378536224,0.4535470604896545
C4_1,wavlm_large,it0125,0.3370981216430664,0.4866926670074463
C4_1,wavlm_large,it0126,0.2236226350069046,0.4479783773422241
C4_1,wavlm_large,it0127,0.2855353653430938,0.3396515846252441
C4_1,wavlm_large,it0128,0.3475937247276306,0.5201140642166138
C4_1,wavlm_large,it0129,0.1655787825584411,0.3300644159317016
C4_1,wavlm_large,it0130,0.3952131271362304,0.4798711836338043
C4_1,wavlm_large,it0131,0.3820214569568634,0.498075932264328
C4_1,wavlm_large,it0132,0.2939290106296539,0.2578450441360473
C4_1,wavlm_large,it0133,0.5410614013671875,0.5789172053337097
C4_1,wavlm_large,it0134,0.1766830682754516,0.4081131517887115
C4_1,wavlm_large,it0135,0.3152731359004974,0.4123229384422302
C4_1,wavlm_large,it0136,0.5123510360717773,0.5565201044082642
C4_1,wavlm_large,it0137,0.4255859851837158,0.4538204669952392
C4_1,wavlm_large,it0138,0.653099536895752,0.6878418922424316
C4_1,wavlm_large,it0139,0.1760493069887161,0.3158867061138153
C4_1,wavlm_large,it0140,0.2579451501369476,0.4588822722434997
C4_1,wavlm_large,it0141,0.581203043460846,0.6979690194129944
C4_1,wavlm_large,it0142,0.289577454328537,0.3956354260444641
C4_1,wavlm_large,it0143,0.3845351934432983,0.4970461428165436
C4_1,wavlm_large,it0144,0.356908917427063,0.4565536677837372
C4_1,wavlm_large,it0145,0.7105714678764343,0.6777732372283936
C4_1,wavlm_large,it0146,0.2269228845834732,0.5033031105995178
C4_1,wavlm_large,it0147,0.4957370162010193,0.4891571402549743
C4_1,wavlm_large,it0148,0.2067067325115203,0.2396952658891677
C4_1,wavlm_large,it0149,0.4609806835651397,0.4838967025279999
C4_1,wavlm_large,it0150,0.353018581867218,0.4647944569587707
C4_1,wavlm_large,it0151,0.4902452826499939,0.5717229247093201
C4_1,wavlm_large,it0152,0.3235262632369995,0.4682830572128296
C4_1,wavlm_large,it0153,0.440121591091156,0.4452233910560608
C4_1,wavlm_large,it0154,0.0536794811487197,0.2908828556537628
C4_1,wavlm_large,it0155,0.165780171751976,0.2912694811820984
C4_1,wavlm_large,it0156,0.2259260714054107,0.3980805277824402
C4_1,wavlm_large,it0157,0.5345006585121155,0.5752660632133484
C4_1,wavlm_large,it0158,0.1640335321426391,0.3659499883651733
C4_1,wavlm_large,it0159,0.4228761494159698,0.3472442328929901
C4_1,wavlm_large,it0160,0.4354097545146942,0.4987227320671081
C4_1,wavlm_large,it0161,0.3282511830329895,0.4033597111701965
C4_1,wavlm_large,it0162,0.13148033618927,0.3626061081886291
C4_1,wavlm_large,it0163,0.3133050203323364,0.3544447422027588
C4_1,wavlm_large,it0164,0.4075466394424438,0.4598109424114227
C4_1,wavlm_large,it0165,0.3251539468765259,0.423688143491745
C4_1,wavlm_large,it0166,0.3272591531276703,0.3605412244796753
C4_1,wavlm_large,it0167,0.4687590599060058,0.4899753034114837
C4_1,wavlm_large,it0168,0.3266873955726623,0.3498035669326782
C4_1,wavlm_large,it0169,0.2915883064270019,0.5049733519554138
C4_1,wavlm_large,it0170,0.4067610800266266,0.444145530462265
C4_1,wavlm_large,it0171,0.5258093476295471,0.6040337681770325
C4_1,wavlm_large,it0172,0.2538953721523285,0.3623958230018616
C4_1,wavlm_large,it0173,0.6082445979118347,0.6777012348175049
C4_1,wavlm_large,it0174,0.3188877403736114,0.3673270940780639
C4_1,wavlm_large,it0175,0.2701751887798309,0.3140262365341186
C4_1,wavlm_large,it0176,0.3650167286396026,0.36190927028656
C4_1,wavlm_large,it0177,0.4730027914047241,0.5459200739860535
C4_1,wavlm_large,it0178,0.0401309952139854,0.3078566193580627
C4_1,wavlm_large,it0179,0.6235689520835876,0.6693979501724243
C4_1,wavlm_large,it0180,0.4172101616859436,0.5080487132072449
C4_1,wavlm_large,it0181,0.4299024939537048,0.5372477769851685
C4_1,wavlm_large,it0182,0.521061360836029,0.4993507862091064
C4_1,wavlm_large,it0183,0.5129934549331665,0.56658536195755
C4_1,wavlm_large,it0184,0.1309617906808853,0.3682660460472107
C4_1,wavlm_large,it0185,0.3144495785236358,0.4580085277557373
C4_1,wavlm_large,it0186,0.4848478436470032,0.5378907322883606
C4_1,wavlm_large,it0187,0.3668476939201355,0.4532620310783386
C4_1,wavlm_large,it0188,0.4554688334465027,0.5112632513046265
C4_1,wavlm_large,it0189,0.3859135508537292,0.4264359772205353
C4_1,wavlm_large,it0190,0.5568579435348511,0.5757736563682556
C4_1,wavlm_large,it0191,0.347007006406784,0.41014164686203
C4_1,wavlm_large,it0192,0.4750794768333435,0.5784474611282349
C4_1,wavlm_large,it0193,0.2745423316955566,0.3920847773551941
C4_1,wavlm_large,it0194,0.5715505480766296,0.6478213667869568
C4_1,wavlm_large,it0195,0.4312364459037781,0.5068619847297668
C4_1,wavlm_large,it0196,0.3460592031478882,0.44782754778862
C4_1,wavlm_large,it0197,0.3767086565494537,0.3720809817314148
C4_1,wavlm_large,it0198,0.0243954174220561,0.2251006960868835
C4_1,wavlm_large,it0199,0.4073067009449005,0.5461586713790894
C4_1,ecapa,it0000,0.2705399394035339,0.4241755902767181
C4_1,ecapa,it0001,0.3806095421314239,0.3700255155563354
C4_1,ecapa,it0002,0.3152064979076385,0.3452113270759582
C4_1,ecapa,it0003,0.3744302988052368,0.410453587770462
C4_1,ecapa,it0004,0.4787485003471374,0.5132787823677063
C4_1,ecapa,it0005,0.4460623860359192,0.476786196231842
C4_1,ecapa,it0006,0.36886927485466,0.3420422077178955
C4_1,ecapa,it0007,0.2637549638748169,0.2595880627632141
C4_1,ecapa,it0008,0.4635125696659088,0.4668310880661011
C4_1,ecapa,it0009,0.502646267414093,0.5639166831970215
C4_1,ecapa,it0010,0.5517210364341736,0.5532887578010559
C4_1,ecapa,it0011,0.5045405626296997,0.5308648943901062
C4_1,ecapa,it0012,0.4794933497905731,0.4145088791847229
C4_1,ecapa,it0013,0.4927471876144409,0.6123213171958923
C4_1,ecapa,it0014,0.5507740378379822,0.4477159380912781
C4_1,ecapa,it0015,0.4058268070220947,0.4818997383117676
C4_1,ecapa,it0016,0.3554875254631042,0.6628351807594299
C4_1,ecapa,it0017,0.4208751022815704,0.4991520345211029
C4_1,ecapa,it0018,0.3893038928508758,0.2832934558391571
C4_1,ecapa,it0019,0.545485258102417,0.6148619651794434
C4_1,ecapa,it0020,0.3448217511177063,0.3095951080322265
C4_1,ecapa,it0021,0.4924236834049225,0.5325815081596375
C4_1,ecapa,it0022,0.3231706023216247,0.4076174199581146
C4_1,ecapa,it0023,0.6009774208068848,0.5955554246902466
C4_1,ecapa,it0024,0.5879552960395813,0.6004297137260437
C4_1,ecapa,it0025,0.6008279323577881,0.6161972284317017
C4_1,ecapa,it0026,0.1540670990943908,0.3380313217639923
C4_1,ecapa,it0027,0.7018176913261414,0.6736476421356201
C4_1,ecapa,it0028,0.4475460052490234,0.4680660367012024
C4_1,ecapa,it0029,0.3351753652095794,0.2139708995819091
C4_1,ecapa,it0030,0.5522522926330566,0.5571063160896301
C4_1,ecapa,it0031,0.3351651132106781,0.454152762889862
C4_1,ecapa,it0032,0.6503985524177551,0.6673455834388733
C4_1,ecapa,it0033,0.3246220052242279,0.387369304895401
C4_1,ecapa,it0034,0.3244105577468872,0.5414631366729736
C4_1,ecapa,it0035,0.2745029926300049,0.3038787841796875
C4_1,ecapa,it0036,0.4835771322250366,0.618569016456604
C4_1,ecapa,it0037,0.549609899520874,0.5525952577590942
C4_1,ecapa,it0038,0.4255262613296509,0.3795777261257171
C4_1,ecapa,it0039,0.4975113570690155,0.586554765701294
C4_1,ecapa,it0040,0.2935729622840881,0.3499011695384979
C4_1,ecapa,it0041,0.5603737235069275,0.6178466081619263
C4_1,ecapa,it0042,0.3754116594791412,0.4087343215942383
C4_1,ecapa,it0043,0.3634283244609833,0.302770733833313
C4_1,ecapa,it0044,0.4734524488449096,0.5335255265235901
C4_1,ecapa,it0045,0.2094195932149887,0.2430361211299896
C4_1,ecapa,it0046,0.2648301720619201,0.3397681415081024
C4_1,ecapa,it0047,0.2947988510131836,0.1943870037794113
C4_1,ecapa,it0048,0.495070070028305,0.6441789865493774
C4_1,ecapa,it0049,0.3287375569343567,0.4510129988193512
C4_1,ecapa,it0050,0.1461818665266037,0.3354686498641968
C4_1,ecapa,it0051,0.1900284886360168,0.224591925740242
C4_1,ecapa,it0052,0.2394448965787887,0.3780589401721954
C4_1,ecapa,it0053,0.2487976253032684,0.4049651026725769
C4_1,ecapa,it0054,0.2157469689846038,0.2324462831020355
C4_1,ecapa,it0055,0.3780701160430908,0.5581326484680176
C4_1,ecapa,it0056,0.3093037605285644,0.3682940006256103
C4_1,ecapa,it0057,0.4348957538604736,0.5995889902114868
C4_1,ecapa,it0058,0.3043522536754608,0.3463872373104095
C4_1,ecapa,it0059,0.6318780183792114,0.5967426300048828
C4_1,ecapa,it0060,0.4364704191684723,0.4611077904701233
C4_1,ecapa,it0061,0.5140148401260376,0.5257383584976196
C4_1,ecapa,it0062,0.4196342825889587,0.6800678372383118
C4_1,ecapa,it0063,0.463667631149292,0.5092434287071228
C4_1,ecapa,it0064,0.2649028599262237,0.3757184147834778
C4_1,ecapa,it0065,0.5204358696937561,0.675474226474762
C4_1,ecapa,it0066,0.2342473864555359,0.3434978723526001
C4_1,ecapa,it0067,0.2940321266651153,0.1266002655029297
C4_1,ecapa,it0068,0.6727498769760132,0.6933016180992126
C4_1,ecapa,it0069,0.3780926764011383,0.4628069996833801
C4_1,ecapa,it0070,0.3657545149326324,0.4604803323745727
C4_1,ecapa,it0071,0.5667448043823242,0.6499687433242798
C4_1,ecapa,it0072,0.4651498198509216,0.5265357494354248
C4_1,ecapa,it0073,0.243007093667984,0.2510516047477722
C4_1,ecapa,it0074,0.3362959027290344,0.3504745662212372
C4_1,ecapa,it0075,0.2643580436706543,0.2967865467071533
C4_1,ecapa,it0076,0.4696186184883117,0.5666195154190063
C4_1,ecapa,it0077,0.5415422916412354,0.4709898829460144
C4_1,ecapa,it0078,0.3783171772956848,0.3076409697532654
C4_1,ecapa,it0079,0.6319124698638916,0.544445276260376
C4_1,ecapa,it0080,0.3075080215930938,0.4615817070007324
C4_1,ecapa,it0081,0.3569566905498504,0.3744863271713257
C4_1,ecapa,it0082,0.4439059197902679,0.4522348642349243
C4_1,ecapa,it0083,0.509023129940033,0.501037061214447
C4_1,ecapa,it0084,0.5585883259773254,0.620683491230011
C4_1,ecapa,it0085,0.5128291249275208,0.4977870583534241
C4_1,ecapa,it0086,0.5695444345474243,0.5391100645065308
C4_1,ecapa,it0087,0.5121477246284485,0.5626247525215149
C4_1,ecapa,it0088,0.3518880307674408,0.4221092164516449
C4_1,ecapa,it0089,0.5267693996429443,0.3983194828033447
C4_1,ecapa,it0090,0.5766438841819763,0.6684504151344299
C4_1,ecapa,it0091,0.586159348487854,0.5996476411819458
C4_1,ecapa,it0092,0.463151603937149,0.6027671694755554
C4_1,ecapa,it0093,0.4342195987701416,0.5172808766365051
C4_1,ecapa,it0094,0.4571339190006256,0.4494353234767914
C4_1,ecapa,it0095,0.4205254912376404,0.5182602405548096
C4_1,ecapa,it0096,0.5166095495223999,0.5701966881752014
C4_1,ecapa,it0097,0.6020132303237915,0.6310533285140991
C4_1,ecapa,it0098,0.4469015896320343,0.4976096153259277
C4_1,ecapa,it0099,0.2181303203105926,0.2096293866634369
C4_1,ecapa,it0100,0.6238162517547607,0.6629013419151306
C4_1,ecapa,it0101,0.3858681917190552,0.3847661018371582
C4_1,ecapa,it0102,0.3952881693840027,0.361175388097763
C4_1,ecapa,it0103,0.3948765993118286,0.4938155114650726
C4_1,ecapa,it0104,0.5116933584213257,0.5330050587654114
C4_1,ecapa,it0105,0.3804192245006561,0.3751494288444519
C4_1,ecapa,it0106,0.3090736865997314,0.3435401618480682
C4_1,ecapa,it0107,0.4979442954063415,0.5024431347846985
C4_1,ecapa,it0108,0.3852347135543823,0.6048708558082581
C4_1,ecapa,it0109,0.4735086858272552,0.4847686886787414
C4_1,ecapa,it0110,0.1802872717380523,0.1806894093751907
C4_1,ecapa,it0111,0.3124164342880249,0.2501444518566131
C4_1,ecapa,it0112,0.613012433052063,0.6143659949302673
C4_1,ecapa,it0113,0.542377233505249,0.5271049737930298
C4_1,ecapa,it0114,0.3530657589435577,0.3470070362091064
C4_1,ecapa,it0115,0.3071069419384002,0.4779568910598755
C4_1,ecapa,it0116,0.5167829990386963,0.5473909378051758
C4_1,ecapa,it0117,0.414944976568222,0.4682027995586395
C4_1,ecapa,it0118,0.4025288820266723,0.6747032999992371
C4_1,ecapa,it0119,0.557683527469635,0.6411364078521729
C4_1,ecapa,it0120,0.5040937662124634,0.5148597359657288
C4_1,ecapa,it0121,0.520948052406311,0.538719892501831
C4_1,ecapa,it0122,0.1834648549556732,0.1557622402906417
C4_1,ecapa,it0123,0.2956443428993225,0.3207469582557678
C4_1,ecapa,it0124,0.5486786961555481,0.5747227072715759
C4_1,ecapa,it0125,0.4019008874893188,0.5495161414146423
C4_1,ecapa,it0126,0.535152792930603,0.4711907804012298
C4_1,ecapa,it0127,0.2853321731090545,0.3662240505218506
C4_1,ecapa,it0128,0.4239468276500702,0.4465818405151367
C4_1,ecapa,it0129,0.2823243737220764,0.429376482963562
C4_1,ecapa,it0130,0.293377012014389,0.2789806127548218
C4_1,ecapa,it0131,0.3233763575553894,0.3595484495162964
C4_1,ecapa,it0132,0.3585243821144104,0.4135782122611999
C4_1,ecapa,it0133,0.5580333471298218,0.5184834003448486
C4_1,ecapa,it0134,0.3700386881828308,0.3889905214309692
C4_1,ecapa,it0135,0.3162194192409515,0.3768616318702698
C4_1,ecapa,it0136,0.4742915332317352,0.4690696895122528
C4_1,ecapa,it0137,0.5141633152961731,0.5149269700050354
C4_1,ecapa,it0138,0.5699993968009949,0.4872120022773742
C4_1,ecapa,it0139,0.4892195761203766,0.5363473892211914
C4_1,ecapa,it0140,0.3487598299980163,0.511650562286377
C4_1,ecapa,it0141,0.5768929123878479,0.5686323642730713
C4_1,ecapa,it0142,0.2087078839540481,0.3925392031669616
C4_1,ecapa,it0143,0.3453871607780456,0.2985506057739258
C4_1,ecapa,it0144,0.5748369097709656,0.5025497078895569
C4_1,ecapa,it0145,0.4927225708961487,0.5595927834510803
C4_1,ecapa,it0146,0.3627517521381378,0.4986461997032165
C4_1,ecapa,it0147,0.460142433643341,0.4416370987892151
C4_1,ecapa,it0148,0.0933184325695037,0.2126161307096481
C4_1,ecapa,it0149,0.4116559624671936,0.4464718401432037
C4_1,ecapa,it0150,0.2946718037128448,0.4107487797737121
C4_1,ecapa,it0151,0.5681803226470947,0.6150410771369934
C4_1,ecapa,it0152,0.519599199295044,0.5090649127960205
C4_1,ecapa,it0153,0.2431176304817199,0.3529317677021026
C4_1,ecapa,it0154,0.262296050786972,0.3947958350181579
C4_1,ecapa,it0155,0.1900101900100708,0.228922814130783
C4_1,ecapa,it0156,0.1920861005783081,0.4495958685874939
C4_1,ecapa,it0157,0.5732292532920837,0.6519588828086853
C4_1,ecapa,it0158,0.2098933458328247,0.3759847581386566
C4_1,ecapa,it0159,0.5180563926696777,0.4706951379776001
C4_1,ecapa,it0160,0.5310888290405273,0.601019024848938
C4_1,ecapa,it0161,0.3666926920413971,0.3825633227825165
C4_1,ecapa,it0162,0.1378580927848816,0.0872004926204681
C4_1,ecapa,it0163,0.4486912190914154,0.4786581099033355
C4_1,ecapa,it0164,0.5111795663833618,0.5234508514404297
C4_1,ecapa,it0165,0.3627678155899048,0.4315690696239471
C4_1,ecapa,it0166,0.4927844405174255,0.574796736240387
C4_1,ecapa,it0167,0.3844077587127685,0.4126507043838501
C4_1,ecapa,it0168,0.3229464590549469,0.2330109775066375
C4_1,ecapa,it0169,0.3920656740665436,0.3337580263614654
C4_1,ecapa,it0170,0.3780150115489959,0.489185094833374
C4_1,ecapa,it0171,0.6617639660835266,0.720795750617981
C4_1,ecapa,it0172,0.1829981505870819,0.2081046253442764
C4_1,ecapa,it0173,0.6379068493843079,0.7226322889328003
C4_1,ecapa,it0174,0.4645148515701294,0.5657104253768921
C4_1,ecapa,it0175,0.2037845104932785,0.1102502793073654
C4_1,ecapa,it0176,0.3611823320388794,0.3329942226409912
C4_1,ecapa,it0177,0.4086977839469909,0.3898558616638183
C4_1,ecapa,it0178,0.0221151988953351,0.4032836556434631
C4_1,ecapa,it0179,0.594656765460968,0.5995231866836548
C4_1,ecapa,it0180,0.4112468957901001,0.4519004821777344
C4_1,ecapa,it0181,0.389867901802063,0.564628541469574
C4_1,ecapa,it0182,0.5424310564994812,0.5757036805152893
C4_1,ecapa,it0183,0.5809046626091003,0.5344053506851196
C4_1,ecapa,it0184,0.2734357118606567,0.3316094875335693
C4_1,ecapa,it0185,0.2958810329437256,0.4788581132888794
C4_1,ecapa,it0186,0.4935470223426819,0.5876671075820923
C4_1,ecapa,it0187,0.515850841999054,0.4782168865203857
C4_1,ecapa,it0188,0.6012943983078003,0.6433730721473694
C4_1,ecapa,it0189,0.3634778559207916,0.4658218622207641
C4_1,ecapa,it0190,0.5492159128189087,0.6368192434310913
C4_1,ecapa,it0191,0.4221798479557037,0.4927300214767456
C4_1,ecapa,it0192,0.5108147859573364,0.5972872972488403
C4_1,ecapa,it0193,0.4849540889263153,0.5276274681091309
C4_1,ecapa,it0194,0.5216829180717468,0.6023844480514526
C4_1,ecapa,it0195,0.4895249605178833,0.6323064565658569
C4_1,ecapa,it0196,0.4888404905796051,0.482829749584198
C4_1,ecapa,it0197,0.4279758632183075,0.404123842716217
C4_1,ecapa,it0198,0.2097745686769485,0.15874744951725
C4_1,ecapa,it0199,0.4462783336639404,0.4954182505607605
C4_1,ge2e,it0000,0.7774691581726074,0.8314536809921265
C4_1,ge2e,it0001,0.8551525473594666,0.8321422934532166
C4_1,ge2e,it0002,0.7387199997901917,0.7645396590232849
C4_1,ge2e,it0003,0.8161004185676575,0.7599042057991028
C4_1,ge2e,it0004,0.7673352956771851,0.8538128733634949
C4_1,ge2e,it0005,0.860386312007904,0.8543466925621033
C4_1,ge2e,it0006,0.7772403955459595,0.7922284007072449
C4_1,ge2e,it0007,0.7571850419044495,0.7809169292449951
C4_1,ge2e,it0008,0.8690518736839294,0.8295848965644836
C4_1,ge2e,it0009,0.8788988590240479,0.8810222148895264
C4_1,ge2e,it0010,0.8193842172622681,0.8244163990020752
C4_1,ge2e,it0011,0.8602694272994995,0.8744308948516846
C4_1,ge2e,it0012,0.7969719171524048,0.7620810270309448
C4_1,ge2e,it0013,0.797399640083313,0.8181840777397156
C4_1,ge2e,it0014,0.8290256261825562,0.8112207651138306
C4_1,ge2e,it0015,0.8454376459121704,0.830251157283783
C4_1,ge2e,it0016,0.7885017991065979,0.8512627482414246
C4_1,ge2e,it0017,0.812519371509552,0.8103429079055786
C4_1,ge2e,it0018,0.7910175919532776,0.799701452255249
C4_1,ge2e,it0019,0.8090280294418335,0.8246250152587891
C4_1,ge2e,it0020,0.7338976263999939,0.7263543009757996
C4_1,ge2e,it0021,0.8305162191390991,0.8359401822090149
C4_1,ge2e,it0022,0.7622957229614258,0.7810410857200623
C4_1,ge2e,it0023,0.7927948832511902,0.7395337224006653
C4_1,ge2e,it0024,0.87867271900177,0.8451483249664307
C4_1,ge2e,it0025,0.8724125027656555,0.8783696889877319
C4_1,ge2e,it0026,0.6577475666999817,0.7664024829864502
C4_1,ge2e,it0027,0.8337171673774719,0.8417372703552246
C4_1,ge2e,it0028,0.8293495774269104,0.8590668439865112
C4_1,ge2e,it0029,0.8415420651435852,0.7596985697746277
C4_1,ge2e,it0030,0.8754141330718994,0.8721190094947815
C4_1,ge2e,it0031,0.7215074300765991,0.7753170132637024
C4_1,ge2e,it0032,0.8593494296073914,0.8242209553718567
C4_1,ge2e,it0033,0.7668367028236389,0.7781301736831665
C4_1,ge2e,it0034,0.8338219523429871,0.8695775270462036
C4_1,ge2e,it0035,0.8049306869506836,0.7930963039398193
C4_1,ge2e,it0036,0.8215470910072327,0.8391625285148621
C4_1,ge2e,it0037,0.8570326566696167,0.8644673824310303
C4_1,ge2e,it0038,0.838010847568512,0.8753321170806885
C4_1,ge2e,it0039,0.7969338893890381,0.8262677192687988
C4_1,ge2e,it0040,0.782715380191803,0.8054996728897095
C4_1,ge2e,it0041,0.8336180448532104,0.854751467704773
C4_1,ge2e,it0042,0.8468656539916992,0.8270903825759888
C4_1,ge2e,it0043,0.7421621084213257,0.7516183853149414
C4_1,ge2e,it0044,0.7976755499839783,0.8052144050598145
C4_1,ge2e,it0045,0.8067979216575623,0.8378758430480957
C4_1,ge2e,it0046,0.7136898636817932,0.8003724813461304
C4_1,ge2e,it0047,0.8018162250518799,0.7565702199935913
C4_1,ge2e,it0048,0.8744316697120667,0.8407859802246094
C4_1,ge2e,it0049,0.8530378341674805,0.9066317081451416
C4_1,ge2e,it0050,0.7832266688346863,0.859906017780304
C4_1,ge2e,it0051,0.787061870098114,0.7809945344924927
C4_1,ge2e,it0052,0.8088693022727966,0.7981064319610596
C4_1,ge2e,it0053,0.7295815944671631,0.81553053855896
C4_1,ge2e,it0054,0.7303851842880249,0.7764034271240234
C4_1,ge2e,it0055,0.7359250783920288,0.7333439588546753
C4_1,ge2e,it0056,0.8516510128974915,0.8921318054199219
C4_1,ge2e,it0057,0.7729790806770325,0.8289686441421509
C4_1,ge2e,it0058,0.7764532566070557,0.8104944229125977
C4_1,ge2e,it0059,0.8696173429489136,0.8681626915931702
C4_1,ge2e,it0060,0.8218035697937012,0.8675835132598877
C4_1,ge2e,it0061,0.867280900478363,0.8541005253791809
C4_1,ge2e,it0062,0.821702241897583,0.8900783061981201
C4_1,ge2e,it0063,0.7257097959518433,0.7576348185539246
C4_1,ge2e,it0064,0.8287638425827026,0.8137391209602356
C4_1,ge2e,it0065,0.7729082703590393,0.872268795967102
C4_1,ge2e,it0066,0.63661789894104,0.7555719614028931
C4_1,ge2e,it0067,0.7777096033096313,0.8102717995643616
C4_1,ge2e,it0068,0.8894645571708679,0.8852061033248901
C4_1,ge2e,it0069,0.7669534087181091,0.8182811737060547
C4_1,ge2e,it0070,0.7202951908111572,0.7658954858779907
C4_1,ge2e,it0071,0.7828294038772583,0.8466391563415527
C4_1,ge2e,it0072,0.8729034066200256,0.885881781578064
C4_1,ge2e,it0073,0.7972825169563293,0.8156464695930481
C4_1,ge2e,it0074,0.7796646356582642,0.8061980605125427
C4_1,ge2e,it0075,0.8467278480529785,0.8434481024742126
C4_1,ge2e,it0076,0.8286158442497253,0.8736849427223206
C4_1,ge2e,it0077,0.8096585273742676,0.7873704433441162
C4_1,ge2e,it0078,0.7151097655296326,0.7164741158485413
C4_1,ge2e,it0079,0.8374025821685791,0.8713985085487366
C4_1,ge2e,it0080,0.7237333059310913,0.7641646862030029
C4_1,ge2e,it0081,0.8367972373962402,0.8591688871383667
C4_1,ge2e,it0082,0.8450149297714233,0.8756190538406372
C4_1,ge2e,it0083,0.8431956768035889,0.8509390354156494
C4_1,ge2e,it0084,0.8513489961624146,0.8725038170814514
C4_1,ge2e,it0085,0.770846962928772,0.8406160473823547
C4_1,ge2e,it0086,0.8566676378250122,0.9042625427246094
C4_1,ge2e,it0087,0.8476265668869019,0.8178914189338684
C4_1,ge2e,it0088,0.7707656621932983,0.7788543701171875
C4_1,ge2e,it0089,0.8115505576133728,0.7915356159210205
C4_1,ge2e,it0090,0.8585058450698853,0.876301646232605
C4_1,ge2e,it0091,0.8824116587638855,0.8666888475418091
C4_1,ge2e,it0092,0.7704287171363831,0.8045368194580078
C4_1,ge2e,it0093,0.7945166230201721,0.8562783598899841
C4_1,ge2e,it0094,0.782089352607727,0.748899519443512
C4_1,ge2e,it0095,0.8624455332756042,0.8701074123382568
C4_1,ge2e,it0096,0.8595172166824341,0.8335097432136536
C4_1,ge2e,it0097,0.8371127247810364,0.8239808082580566
C4_1,ge2e,it0098,0.8533527851104736,0.9017580151557922
C4_1,ge2e,it0099,0.7016059756278992,0.7112242579460144
C4_1,ge2e,it0100,0.8411291241645813,0.8671218752861023
C4_1,ge2e,it0101,0.7340973019599915,0.744482159614563
C4_1,ge2e,it0102,0.86684250831604,0.8880460262298584
C4_1,ge2e,it0103,0.7195151448249817,0.7646768093109131
C4_1,ge2e,it0104,0.8520716428756714,0.8519495725631714
C4_1,ge2e,it0105,0.8615030646324158,0.867274820804596
C4_1,ge2e,it0106,0.8205608129501343,0.8484351634979248
C4_1,ge2e,it0107,0.7539034485816956,0.797374963760376
C4_1,ge2e,it0108,0.8502069115638733,0.8819816708564758
C4_1,ge2e,it0109,0.7459574937820435,0.8031730651855469
C4_1,ge2e,it0110,0.8099038004875183,0.7753403186798096
C4_1,ge2e,it0111,0.8407782912254333,0.8545630574226379
C4_1,ge2e,it0112,0.8864801526069641,0.8879762887954712
C4_1,ge2e,it0113,0.8842698335647583,0.8679064512252808
C4_1,ge2e,it0114,0.7656850218772888,0.8360490798950195
C4_1,ge2e,it0115,0.8192365169525146,0.8157204389572144
C4_1,ge2e,it0116,0.8267430663108826,0.8294231295585632
C4_1,ge2e,it0117,0.8528232574462891,0.8512435555458069
C4_1,ge2e,it0118,0.7843808531761169,0.8517122864723206
C4_1,ge2e,it0119,0.820469319820404,0.8258178234100342
C4_1,ge2e,it0120,0.7855978608131409,0.795261025428772
C4_1,ge2e,it0121,0.8012340068817139,0.8431696891784668
C4_1,ge2e,it0122,0.7725037932395935,0.7897122502326965
C4_1,ge2e,it0123,0.7554603815078735,0.7769691944122314
C4_1,ge2e,it0124,0.8574619293212891,0.8580517768859863
C4_1,ge2e,it0125,0.8867965936660767,0.9093369245529176
C4_1,ge2e,it0126,0.8814853429794312,0.8563863635063171
C4_1,ge2e,it0127,0.7598370909690857,0.8380409479141235
C4_1,ge2e,it0128,0.8026864528656006,0.8308719992637634
C4_1,ge2e,it0129,0.7425453662872314,0.8473418951034546
C4_1,ge2e,it0130,0.7974042296409607,0.8002241253852844
C4_1,ge2e,it0131,0.8520640134811401,0.8522213697433472
C4_1,ge2e,it0132,0.8120765089988708,0.7971919178962708
C4_1,ge2e,it0133,0.8945903778076172,0.8824748396873474
C4_1,ge2e,it0134,0.7684750556945801,0.7662396430969238
C4_1,ge2e,it0135,0.8007892370223999,0.7817943692207336
C4_1,ge2e,it0136,0.8732264637947083,0.8736656904220581
C4_1,ge2e,it0137,0.8597773909568787,0.8714942932128906
C4_1,ge2e,it0138,0.8125874400138855,0.7395855188369751
C4_1,ge2e,it0139,0.8318121433258057,0.8242530822753906
C4_1,ge2e,it0140,0.8294417858123779,0.8602638244628906
C4_1,ge2e,it0141,0.8204433917999268,0.831994891166687
C4_1,ge2e,it0142,0.7864357233047485,0.8125467896461487
C4_1,ge2e,it0143,0.8262723684310913,0.8379337191581726
C4_1,ge2e,it0144,0.8051323890686035,0.8348846435546875
C4_1,ge2e,it0145,0.7831101417541504,0.8444311022758484
C4_1,ge2e,it0146,0.7828026413917542,0.8215735554695129
C4_1,ge2e,it0147,0.882004976272583,0.8849537968635559
C4_1,ge2e,it0148,0.774429976940155,0.8155622482299805
C4_1,ge2e,it0149,0.7802855372428894,0.7235267162322998
C4_1,ge2e,it0150,0.7236273884773254,0.7676698565483093
C4_1,ge2e,it0151,0.8314335942268372,0.8680686354637146
C4_1,ge2e,it0152,0.8538655638694763,0.8570361733436584
C4_1,ge2e,it0153,0.8099497556686401,0.8112658262252808
C4_1,ge2e,it0154,0.769205629825592,0.8334865570068359
C4_1,ge2e,it0155,0.794944167137146,0.7763890027999878
C4_1,ge2e,it0156,0.7364261150360107,0.7957916259765625
C4_1,ge2e,it0157,0.8593251705169678,0.8624058961868286
C4_1,ge2e,it0158,0.771683394908905,0.8055332899093628
C4_1,ge2e,it0159,0.8656648397445679,0.8809369802474976
C4_1,ge2e,it0160,0.8767833113670349,0.8644400238990784
C4_1,ge2e,it0161,0.8355486989021301,0.8310597538948059
C4_1,ge2e,it0162,0.7996861934661865,0.8360463976860046
C4_1,ge2e,it0163,0.6934717297554016,0.7744196653366089
C4_1,ge2e,it0164,0.7186919450759888,0.7354018092155457
C4_1,ge2e,it0165,0.7721274495124817,0.7902712821960449
C4_1,ge2e,it0166,0.8475595712661743,0.7881898880004883
C4_1,ge2e,it0167,0.8516523241996765,0.8529720306396484
C4_1,ge2e,it0168,0.7620893120765686,0.7804904580116272
C4_1,ge2e,it0169,0.8032920956611633,0.8260332942008972
C4_1,ge2e,it0170,0.81926029920578,0.8347527980804443
C4_1,ge2e,it0171,0.8113070726394653,0.8263736963272095
C4_1,ge2e,it0172,0.7722143530845642,0.8110566139221191
C4_1,ge2e,it0173,0.8607273101806641,0.8851730823516846
C4_1,ge2e,it0174,0.830080509185791,0.7708266377449036
C4_1,ge2e,it0175,0.6850827932357788,0.6416963338851929
C4_1,ge2e,it0176,0.7995688915252686,0.8126534223556519
C4_1,ge2e,it0177,0.8512763977050781,0.831537663936615
C4_1,ge2e,it0178,0.7645963430404663,0.800113320350647
C4_1,ge2e,it0179,0.8662796020507812,0.8758148550987244
C4_1,ge2e,it0180,0.8500153422355652,0.8444948196411133
C4_1,ge2e,it0181,0.8075963258743286,0.8729425668716431
C4_1,ge2e,it0182,0.8355011343955994,0.8398481011390686
C4_1,ge2e,it0183,0.8156683444976807,0.8614674806594849
C4_1,ge2e,it0184,0.7947945594787598,0.7585930824279785
C4_1,ge2e,it0185,0.7822551727294922,0.8517047166824341
C4_1,ge2e,it0186,0.8110216856002808,0.7952185869216919
C4_1,ge2e,it0187,0.8308900594711304,0.8623875379562378
C4_1,ge2e,it0188,0.8458046913146973,0.8154751658439636
C4_1,ge2e,it0189,0.7961273193359375,0.8022533655166626
C4_1,ge2e,it0190,0.8406152725219727,0.8590513467788696
C4_1,ge2e,it0191,0.8132261037826538,0.8096807599067688
C4_1,ge2e,it0192,0.8537076711654663,0.8420693874359131
C4_1,ge2e,it0193,0.7380013465881348,0.7843414545059204
C4_1,ge2e,it0194,0.869175910949707,0.8243777751922607
C4_1,ge2e,it0195,0.7856411933898926,0.8400286436080933
C4_1,ge2e,it0196,0.7867979407310486,0.8100971579551697
C4_1,ge2e,it0197,0.832434892654419,0.8717348575592041
C4_1,ge2e,it0198,0.7612181305885315,0.7586983442306519
C4_1,ge2e,it0199,0.8154041171073914,0.8782657980918884
C4_1,xvect,it0000,0.9408991932868958,0.9640535712242126
C4_1,xvect,it0001,0.9602824449539183,0.9489920735359192
C4_1,xvect,it0002,0.9372990727424622,0.9527454376220704
C4_1,xvect,it0003,0.9433629512786864,0.9407629370689392
C4_1,xvect,it0004,0.9431451559066772,0.9512634873390198
C4_1,xvect,it0005,0.9447998404502868,0.9172965288162231
C4_1,xvect,it0006,0.9420135021209716,0.9470017552375792
C4_1,xvect,it0007,0.941365361213684,0.9525091648101808
C4_1,xvect,it0008,0.9322459697723388,0.934356451034546
C4_1,xvect,it0009,0.9452397227287292,0.9568560123443604
C4_1,xvect,it0010,0.9669132828712464,0.968664050102234
C4_1,xvect,it0011,0.9693522453308104,0.960195243358612
C4_1,xvect,it0012,0.9371240139007568,0.940216064453125
C4_1,xvect,it0013,0.9633175134658812,0.964226245880127
C4_1,xvect,it0014,0.9483194351196288,0.941791534423828
C4_1,xvect,it0015,0.9376354217529296,0.9358325600624084
C4_1,xvect,it0016,0.9240469336509703,0.946672022342682
C4_1,xvect,it0017,0.930666208267212,0.9403365850448608
C4_1,xvect,it0018,0.9369038343429564,0.9363353252410888
C4_1,xvect,it0019,0.9462923407554626,0.9521936178207396
C4_1,xvect,it0020,0.9371985793113708,0.947961449623108
C4_1,xvect,it0021,0.948145031929016,0.9515218734741212
C4_1,xvect,it0022,0.9063364267349244,0.949713170528412
C4_1,xvect,it0023,0.9270257949829102,0.9375342130661012
C4_1,xvect,it0024,0.9578452110290528,0.9665679335594176
C4_1,xvect,it0025,0.9380447268486024,0.9399901032447816
C4_1,xvect,it0026,0.9158492088317872,0.9345232248306274
C4_1,xvect,it0027,0.9646073579788208,0.9695143103599548
C4_1,xvect,it0028,0.9213916063308716,0.9528208374977112
C4_1,xvect,it0029,0.9385908246040344,0.9586611986160278
C4_1,xvect,it0030,0.9610838890075684,0.9665725827217102
C4_1,xvect,it0031,0.9497737288475036,0.9673683643341064
C4_1,xvect,it0032,0.9351533651351928,0.9621555209159852
C4_1,xvect,it0033,0.923970639705658,0.9463582634925842
C4_1,xvect,it0034,0.9379139542579652,0.962714672088623
C4_1,xvect,it0035,0.94394850730896,0.9476975798606871
C4_1,xvect,it0036,0.9553176760673524,0.9614224433898926
C4_1,xvect,it0037,0.965242862701416,0.9666151404380798
C4_1,xvect,it0038,0.9375054836273192,0.948907434940338
C4_1,xvect,it0039,0.9536105394363404,0.9496849179267884
C4_1,xvect,it0040,0.933956265449524,0.9459474682807922
C4_1,xvect,it0041,0.9243546724319458,0.9474359154701232
C4_1,xvect,it0042,0.9344304203987122,0.951851487159729
C4_1,xvect,it0043,0.9567179083824158,0.9675984978675842
C4_1,xvect,it0044,0.9665395617485046,0.9631529450416564
C4_1,xvect,it0045,0.9389100074768066,0.941878080368042
C4_1,xvect,it0046,0.9444619417190552,0.9463728070259094
C4_1,xvect,it0047,0.9663095474243164,0.957936704158783
C4_1,xvect,it0048,0.9327253103256226,0.9296236634254456
C4_1,xvect,it0049,0.9287286996841432,0.947499692440033
C4_1,xvect,it0050,0.9369878172874452,0.9554286003112792
C4_1,xvect,it0051,0.9479913115501404,0.955812931060791
C4_1,xvect,it0052,0.9196184873580932,0.9509947299957277
C4_1,xvect,it0053,0.9526020288467408,0.9611336588859558
C4_1,xvect,it0054,0.9431194067001344,0.949405312538147
C4_1,xvect,it0055,0.9420166015625,0.9340358972549438
C4_1,xvect,it0056,0.9613003730773926,0.9676923751831056
C4_1,xvect,it0057,0.9311606884002686,0.9527859091758728
C4_1,xvect,it0058,0.9448120594024658,0.9497116804122924
C4_1,xvect,it0059,0.9719015955924988,0.9741885662078856
C4_1,xvect,it0060,0.9231884479522704,0.9000069499015808
C4_1,xvect,it0061,0.957813560962677,0.960509479045868
C4_1,xvect,it0062,0.9470508694648744,0.9623178839683532
C4_1,xvect,it0063,0.9427838921546936,0.9551037549972534
C4_1,xvect,it0064,0.9349879026412964,0.961271107196808
C4_1,xvect,it0065,0.8773011565208435,0.9493562579154968
C4_1,xvect,it0066,0.9314652681350708,0.9488417506217957
C4_1,xvect,it0067,0.9499690532684326,0.948603093624115
C4_1,xvect,it0068,0.9743950366973876,0.9728639721870422
C4_1,xvect,it0069,0.9532175064086914,0.965490460395813
C4_1,xvect,it0070,0.92435884475708,0.942383110523224
C4_1,xvect,it0071,0.9526936411857604,0.9619262218475342
C4_1,xvect,it0072,0.9635524153709412,0.9714268445968628
C4_1,xvect,it0073,0.9336965680122375,0.9446380138397216
C4_1,xvect,it0074,0.9426413178443908,0.9499804973602296
C4_1,xvect,it0075,0.954849362373352,0.9600127935409546
C4_1,xvect,it0076,0.9560598134994508,0.9656223058700562
C4_1,xvect,it0077,0.9365631341934204,0.9390557408332824
C4_1,xvect,it0078,0.9463074207305908,0.9434549808502196
C4_1,xvect,it0079,0.9656757712364196,0.97010338306427
C4_1,xvect,it0080,0.8945127725601196,0.9495187997817992
C4_1,xvect,it0081,0.9463781118392944,0.9564480781555176
C4_1,xvect,it0082,0.9157622456550598,0.905661404132843
C4_1,xvect,it0083,0.9652917385101318,0.9624841809272766
C4_1,xvect,it0084,0.9658960700035096,0.9750339388847352
C4_1,xvect,it0085,0.950352907180786,0.9319549798965454
C4_1,xvect,it0086,0.970100164413452,0.97010600566864
C4_1,xvect,it0087,0.9591163396835328,0.9616856575012208
C4_1,xvect,it0088,0.9484403729438782,0.9581048488616944
C4_1,xvect,it0089,0.9447355270385742,0.948914349079132
C4_1,xvect,it0090,0.959244191646576,0.9707963466644288
C4_1,xvect,it0091,0.9350752234458924,0.9440435767173768
C4_1,xvect,it0092,0.9479695558547974,0.9571840167045592
C4_1,xvect,it0093,0.9451910257339478,0.9563643336296082
C4_1,xvect,it0094,0.941805362701416,0.9350044131278992
C4_1,xvect,it0095,0.9514291882514954,0.9494960308074952
C4_1,xvect,it0096,0.946157932281494,0.954893946647644
C4_1,xvect,it0097,0.9570658802986144,0.966735303401947
C4_1,xvect,it0098,0.9717654585838318,0.9580299854278564
C4_1,xvect,it0099,0.952036678791046,0.9571750164031982
C4_1,xvect,it0100,0.9647864699363708,0.9633883237838744
C4_1,xvect,it0101,0.957416832447052,0.9564962983131408
C4_1,xvect,it0102,0.9484997987747192,0.9529172778129578
C4_1,xvect,it0103,0.9538556933403016,0.9609166979789734
C4_1,xvect,it0104,0.9325623512268066,0.9193764925003052
C4_1,xvect,it0105,0.9529627561569214,0.960669994354248
C4_1,xvect,it0106,0.9487999081611632,0.9588954448699952
C4_1,xvect,it0107,0.9406813979148864,0.9515371322631836
C4_1,xvect,it0108,0.9623344540596008,0.9677160382270812
C4_1,xvect,it0109,0.9209637641906738,0.9615834951400756
C4_1,xvect,it0110,0.938585877418518,0.950185775756836
C4_1,xvect,it0111,0.9647738337516784,0.9696415662765504
C4_1,xvect,it0112,0.9545440673828124,0.9591964483261108
C4_1,xvect,it0113,0.940220832824707,0.9496918320655824
C4_1,xvect,it0114,0.941397786140442,0.9598872065544128
C4_1,xvect,it0115,0.9593658447265624,0.965201497077942
C4_1,xvect,it0116,0.9468498229980468,0.959087371826172
C4_1,xvect,it0117,0.9443985223770142,0.9398708939552308
C4_1,xvect,it0118,0.9597151279449464,0.9645828008651732
C4_1,xvect,it0119,0.969268798828125,0.9705816507339478
C4_1,xvect,it0120,0.9411954879760742,0.9617079496383668
C4_1,xvect,it0121,0.954564929008484,0.9544931054115297
C4_1,xvect,it0122,0.9398897290229796,0.9369595050811768
C4_1,xvect,it0123,0.9472702741622924,0.9643888473510742
C4_1,xvect,it0124,0.9439102411270142,0.9460195302963256
C4_1,xvect,it0125,0.9458565711975098,0.9527313113212584
C4_1,xvect,it0126,0.9542511105537416,0.9643120765686036
C4_1,xvect,it0127,0.9524340629577636,0.9608888626098632
C4_1,xvect,it0128,0.9629996418952942,0.9360287189483644
C4_1,xvect,it0129,0.9406067132949828,0.9551658630371094
C4_1,xvect,it0130,0.9437185525894164,0.9586692452430724
C4_1,xvect,it0131,0.9390883445739746,0.9478908777236938
C4_1,xvect,it0132,0.9465431571006776,0.95067697763443
C4_1,xvect,it0133,0.9581141471862792,0.9671022295951844
C4_1,xvect,it0134,0.9577810764312744,0.9579182267189026
C4_1,xvect,it0135,0.9393230080604552,0.9530638456344604
C4_1,xvect,it0136,0.9347602128982544,0.9701647758483888
C4_1,xvect,it0137,0.959983766078949,0.9487943649291992
C4_1,xvect,it0138,0.957526445388794,0.9521286487579346
C4_1,xvect,it0139,0.9529262781143188,0.9537271857261658
C4_1,xvect,it0140,0.9331358075141908,0.9545300006866456
C4_1,xvect,it0141,0.9531500935554504,0.957082450389862
C4_1,xvect,it0142,0.944280445575714,0.9562219381332396
C4_1,xvect,it0143,0.9544188380241394,0.9619219899177552
C4_1,xvect,it0144,0.9626105427742004,0.9592924118041992
C4_1,xvect,it0145,0.9407578706741332,0.9461452960968018
C4_1,xvect,it0146,0.9250025749206544,0.9491291642189026
C4_1,xvect,it0147,0.9556761384010316,0.9532233476638794
C4_1,xvect,it0148,0.9282195568084716,0.9589357376098632
C4_1,xvect,it0149,0.9392938613891602,0.9517043232917786
C4_1,xvect,it0150,0.9283764362335204,0.9336897730827332
C4_1,xvect,it0151,0.9558430910110474,0.9662473797798156
C4_1,xvect,it0152,0.9629002809524536,0.959069013595581
C4_1,xvect,it0153,0.923381507396698,0.9291043281555176
C4_1,xvect,it0154,0.9232572317123412,0.9062533378601074
C4_1,xvect,it0155,0.948314905166626,0.9542291164398192
C4_1,xvect,it0156,0.9559592604637146,0.9589132070541382
C4_1,xvect,it0157,0.9648572206497192,0.9718055725097656
C4_1,xvect,it0158,0.9480619430541992,0.9389960765838624
C4_1,xvect,it0159,0.9416437149047852,0.953048825263977
C4_1,xvect,it0160,0.9509515166282654,0.9657899141311646
C4_1,xvect,it0161,0.9579105377197266,0.9643882513046264
C4_1,xvect,it0162,0.9503664970397948,0.9557936787605286
C4_1,xvect,it0163,0.965375542640686,0.965496301651001
C4_1,xvect,it0164,0.9514436721801758,0.9550398588180542
C4_1,xvect,it0165,0.950553297996521,0.9550027251243592
C4_1,xvect,it0166,0.9500877261161804,0.9419862031936646
C4_1,xvect,it0167,0.9502692818641664,0.9506388902664183
C4_1,xvect,it0168,0.9352594017982484,0.9408091902732848
C4_1,xvect,it0169,0.9710946679115297,0.9570680260658264
C4_1,xvect,it0170,0.9431405067443848,0.9610533714294434
C4_1,xvect,it0171,0.9561474919319152,0.961600661277771
C4_1,xvect,it0172,0.931004524230957,0.9150621891021729
C4_1,xvect,it0173,0.9585658311843872,0.9639002084732056
C4_1,xvect,it0174,0.946440577507019,0.9610415697097778
C4_1,xvect,it0175,0.950886845588684,0.9533304572105408
C4_1,xvect,it0176,0.941570281982422,0.9458706974983216
C4_1,xvect,it0177,0.9340664148330688,0.9451625347137452
C4_1,xvect,it0178,0.9278194904327391,0.9560866951942444
C4_1,xvect,it0179,0.9619176387786864,0.9570105671882628
C4_1,xvect,it0180,0.9436250925064088,0.9498205184936525
C4_1,xvect,it0181,0.9623813629150392,0.9663829803466796
C4_1,xvect,it0182,0.9489120244979858,0.9490380883216858
C4_1,xvect,it0183,0.9547563195228576,0.9593889117240906
C4_1,xvect,it0184,0.9422489404678344,0.9482107162475586
C4_1,xvect,it0185,0.904546558856964,0.9449028372764589
C4_1,xvect,it0186,0.8986263871192932,0.929916501045227
C4_1,xvect,it0187,0.9635971188545228,0.9495887160301208
C4_1,xvect,it0188,0.95497328042984,0.952017068862915
C4_1,xvect,it0189,0.9415510296821594,0.9583537578582764
C4_1,xvect,it0190,0.9494613409042358,0.9524474143981934
C4_1,xvect,it0191,0.9555178880691528,0.9629687666893004
C4_1,xvect,it0192,0.8986943364143372,0.9651575684547424
C4_1,xvect,it0193,0.9543451070785522,0.964185893535614
C4_1,xvect,it0194,0.952928900718689,0.9580663442611694
C4_1,xvect,it0195,0.9457205533981324,0.9557620286941528
C4_1,xvect,it0196,0.9398022294044496,0.9527915120124816
C4_1,xvect,it0197,0.9364302158355712,0.9480468034744264
C4_1,xvect,it0198,0.9052562713623048,0.8757691383361816
C4_1,xvect,it0199,0.9537093043327332,0.9570325016975404
C4_1,wavlm_base_plus,it0000,0.6967750191688538,0.8805302977561951
C4_1,wavlm_base_plus,it0001,0.9059890508651732,0.9489760398864746
C4_1,wavlm_base_plus,it0002,0.9496893286705016,0.9182668924331664
C4_1,wavlm_base_plus,it0003,0.8886019587516785,0.8879349231719971
C4_1,wavlm_base_plus,it0004,0.9462072849273682,0.9436578154563904
C4_1,wavlm_base_plus,it0005,0.8986993432044983,0.911265790462494
C4_1,wavlm_base_plus,it0006,0.85006183385849,0.8849624395370483
C4_1,wavlm_base_plus,it0007,0.9609231352806092,0.960566520690918
C4_1,wavlm_base_plus,it0008,0.9278122186660768,0.9338635206222534
C4_1,wavlm_base_plus,it0009,0.9488293528556824,0.9753148555755616
C4_1,wavlm_base_plus,it0010,0.8915090560913086,0.8357502222061157
C4_1,wavlm_base_plus,it0011,0.9533328413963318,0.9498438835144044
C4_1,wavlm_base_plus,it0012,0.929433822631836,0.8730276823043823
C4_1,wavlm_base_plus,it0013,0.9422279000282288,0.951870620250702
C4_1,wavlm_base_plus,it0014,0.8312985301017761,0.8502517938613892
C4_1,wavlm_base_plus,it0015,0.9209513664245604,0.9357249736785888
C4_1,wavlm_base_plus,it0016,0.9278862476348876,0.9579890966415404
C4_1,wavlm_base_plus,it0017,0.893514096736908,0.9291450381278992
C4_1,wavlm_base_plus,it0018,0.9221723079681396,0.8778718113899231
C4_1,wavlm_base_plus,it0019,0.9757062196731568,0.9754319190979004
C4_1,wavlm_base_plus,it0020,0.6966392397880554,0.8178790807723999
C4_1,wavlm_base_plus,it0021,0.9181626439094543,0.9364845156669616
C4_1,wavlm_base_plus,it0022,0.9403622150421144,0.9342368841171264
C4_1,wavlm_base_plus,it0023,0.9402309656143188,0.9340609312057496
C4_1,wavlm_base_plus,it0024,0.9622252583503724,0.9503731727600098
C4_1,wavlm_base_plus,it0025,0.9449874758720398,0.9545231461524964
C4_1,wavlm_base_plus,it0026,0.7838101387023926,0.8617537617683411
C4_1,wavlm_base_plus,it0027,0.9357420206069946,0.9636369943618774
C4_1,wavlm_base_plus,it0028,0.943544626235962,0.9385994672775269
C4_1,wavlm_base_plus,it0029,0.8710065484046936,0.908579647541046
C4_1,wavlm_base_plus,it0030,0.9356164932250975,0.942132830619812
C4_1,wavlm_base_plus,it0031,0.9315906167030334,0.9398897886276244
C4_1,wavlm_base_plus,it0032,0.9711636900901794,0.9143893718719482
C4_1,wavlm_base_plus,it0033,0.9573004245758056,0.9343318939208984
C4_1,wavlm_base_plus,it0034,0.7251251935958862,0.9463290572166444
C4_1,wavlm_base_plus,it0035,0.7449624538421631,0.8232077360153198
C4_1,wavlm_base_plus,it0036,0.9462938904762268,0.9546059370040894
C4_1,wavlm_base_plus,it0037,0.9477616548538208,0.9074423313140868
C4_1,wavlm_base_plus,it0038,0.923073410987854,0.8822070360183716
C4_1,wavlm_base_plus,it0039,0.9525145292282104,0.9655686020851136
C4_1,wavlm_base_plus,it0040,0.8216110467910767,0.9447026252746582
C4_1,wavlm_base_plus,it0041,0.940333902835846,0.9627273082733154
C4_1,wavlm_base_plus,it0042,0.8664994239807129,0.8142632246017456
C4_1,wavlm_base_plus,it0043,0.9203332662582396,0.9238821268081664
C4_1,wavlm_base_plus,it0044,0.9463503360748292,0.9692466259002686
C4_1,wavlm_base_plus,it0045,0.925835132598877,0.9201376438140868
C4_1,wavlm_base_plus,it0046,0.7376735806465149,0.8054245114326477
C4_1,wavlm_base_plus,it0047,0.9543825387954712,0.9266175031661988
C4_1,wavlm_base_plus,it0048,0.970516562461853,0.9584863185882568
C4_1,wavlm_base_plus,it0049,0.94466632604599,0.9200378656387328
C4_1,wavlm_base_plus,it0050,0.5423332452774048,0.658485472202301
C4_1,wavlm_base_plus,it0051,0.96867835521698,0.9365482926368712
C4_1,wavlm_base_plus,it0052,0.8921172618865967,0.8523818254470825
C4_1,wavlm_base_plus,it0053,0.8779230713844299,0.8835296630859375
C4_1,wavlm_base_plus,it0054,0.7982723116874695,0.8842345476150513
C4_1,wavlm_base_plus,it0055,0.9424670934677124,0.9698882699012756
C4_1,wavlm_base_plus,it0056,0.9589738845825196,0.963192880153656
C4_1,wavlm_base_plus,it0057,0.8633822202682495,0.9772307872772216
C4_1,wavlm_base_plus,it0058,0.8908042907714844,0.9107393026351928
C4_1,wavlm_base_plus,it0059,0.9699318408966064,0.9668723344802856
C4_1,wavlm_base_plus,it0060,0.7735143303871155,0.8275407552719116
C4_1,wavlm_base_plus,it0061,0.910371482372284,0.9370914101600648
C4_1,wavlm_base_plus,it0062,0.9124987125396729,0.9522502422332764
C4_1,wavlm_base_plus,it0063,0.7192851901054382,0.7699885964393616
C4_1,wavlm_base_plus,it0064,0.9452186226844788,0.9226340055465698
C4_1,wavlm_base_plus,it0065,0.955930471420288,0.966529905796051
C4_1,wavlm_base_plus,it0066,0.7056757211685181,0.8430805206298828
C4_1,wavlm_base_plus,it0067,0.8937968611717224,0.8452325463294983
C4_1,wavlm_base_plus,it0068,0.929410994052887,0.9185896515846252
C4_1,wavlm_base_plus,it0069,0.9183866381645204,0.9429181218147278
C4_1,wavlm_base_plus,it0070,0.9218566417694092,0.8748313188552856
C4_1,wavlm_base_plus,it0071,0.9399398565292358,0.9110859632492064
C4_1,wavlm_base_plus,it0072,0.94613379240036,0.964102566242218
C4_1,wavlm_base_plus,it0073,0.8891437649726868,0.8744938373565674
C4_1,wavlm_base_plus,it0074,0.73587566614151,0.7760660648345947
C4_1,wavlm_base_plus,it0075,0.8624591827392578,0.9248780012130736
C4_1,wavlm_base_plus,it0076,0.8614105582237244,0.8853670954704285
C4_1,wavlm_base_plus,it0077,0.8809280395507812,0.8808621764183044
C4_1,wavlm_base_plus,it0078,0.8308414816856384,0.8820924162864685
C4_1,wavlm_base_plus,it0079,0.9736303091049194,0.9519012570381165
C4_1,wavlm_base_plus,it0080,0.9077306389808656,0.9158115983009338
C4_1,wavlm_base_plus,it0081,0.8973058462142944,0.8960675597190857
C4_1,wavlm_base_plus,it0082,0.9358794689178468,0.927943468093872
C4_1,wavlm_base_plus,it0083,0.9634251594543456,0.9583488702774048
C4_1,wavlm_base_plus,it0084,0.924460232257843,0.9332506656646729
C4_1,wavlm_base_plus,it0085,0.9204112887382508,0.8895965218544006
C4_1,wavlm_base_plus,it0086,0.9431551098823548,0.9461207389831544
C4_1,wavlm_base_plus,it0087,0.9300934672355652,0.9171202182769777
C4_1,wavlm_base_plus,it0088,0.9179065227508544,0.9327684044837952
C4_1,wavlm_base_plus,it0089,0.9239787459373474,0.9207600355148317
C4_1,wavlm_base_plus,it0090,0.9639625549316406,0.9637750387191772
C4_1,wavlm_base_plus,it0091,0.9471110701560974,0.9280402064323424
C4_1,wavlm_base_plus,it0092,0.8996341824531555,0.9516112208366394
C4_1,wavlm_base_plus,it0093,0.803498387336731,0.8591340780258179
C4_1,wavlm_base_plus,it0094,0.9037686586380004,0.9351196885108948
C4_1,wavlm_base_plus,it0095,0.8630988001823425,0.9232842922210692
C4_1,wavlm_base_plus,it0096,0.9669812917709352,0.9337743520736694
C4_1,wavlm_base_plus,it0097,0.9583500027656556,0.9732173681259156
C4_1,wavlm_base_plus,it0098,0.9349338412284852,0.8724813461303711
C4_1,wavlm_base_plus,it0099,0.7882347702980042,0.8861749768257141
C4_1,wavlm_base_plus,it0100,0.954839825630188,0.961925208568573
C4_1,wavlm_base_plus,it0101,0.9299743175506592,0.947792649269104
C4_1,wavlm_base_plus,it0102,0.8955765962600708,0.8844680786132812
C4_1,wavlm_base_plus,it0103,0.8715592622756958,0.959591507911682
C4_1,wavlm_base_plus,it0104,0.9336376190185548,0.9613611698150636
C4_1,wavlm_base_plus,it0105,0.8779245018959045,0.9212870001792908
C4_1,wavlm_base_plus,it0106,0.9116020798683168,0.9133813381195068
C4_1,wavlm_base_plus,it0107,0.8932023644447327,0.9450861811637878
C4_1,wavlm_base_plus,it0108,0.9141421914100648,0.9486842155456544
C4_1,wavlm_base_plus,it0109,0.8895427584648132,0.9433635473251344
C4_1,wavlm_base_plus,it0110,0.7116141319274902,0.723974883556366
C4_1,wavlm_base_plus,it0111,0.939447581768036,0.9767342805862428
C4_1,wavlm_base_plus,it0112,0.9649835228919984,0.942598044872284
C4_1,wavlm_base_plus,it0113,0.9297770261764526,0.95512193441391
C4_1,wavlm_base_plus,it0114,0.9182463884353638,0.891043484210968
C4_1,wavlm_base_plus,it0115,0.7897306680679321,0.9068301916122437
C4_1,wavlm_base_plus,it0116,0.8623443841934204,0.906355321407318
C4_1,wavlm_base_plus,it0117,0.9237489700317384,0.9389094114303588
C4_1,wavlm_base_plus,it0118,0.8196159601211548,0.9580161571502686
C4_1,wavlm_base_plus,it0119,0.9440056681632996,0.8818405270576477
C4_1,wavlm_base_plus,it0120,0.9421776533126832,0.945336639881134
C4_1,wavlm_base_plus,it0121,0.933688223361969,0.8718649744987488
C4_1,wavlm_base_plus,it0122,0.9498752951622008,0.9466072916984558
C4_1,wavlm_base_plus,it0123,0.8867384791374207,0.9559247493743896
C4_1,wavlm_base_plus,it0124,0.8576797246932983,0.898124635219574
C4_1,wavlm_base_plus,it0125,0.8732656240463257,0.9464887380599976
C4_1,wavlm_base_plus,it0126,0.9129461646080016,0.9020403623580932
C4_1,wavlm_base_plus,it0127,0.8725457787513733,0.9311573505401612
C4_1,wavlm_base_plus,it0128,0.8571072816848755,0.9669005870819092
C4_1,wavlm_base_plus,it0129,0.7685055732727051,0.9201671481132508
C4_1,wavlm_base_plus,it0130,0.8244162797927856,0.8353274464607239
C4_1,wavlm_base_plus,it0131,0.9775039553642272,0.9787967205047609
C4_1,wavlm_base_plus,it0132,0.7557370662689209,0.9172926545143129
C4_1,wavlm_base_plus,it0133,0.9676889181137084,0.9416608810424804
C4_1,wavlm_base_plus,it0134,0.8448714017868042,0.9074386358261108
C4_1,wavlm_base_plus,it0135,0.8113576173782349,0.800212025642395
C4_1,wavlm_base_plus,it0136,0.8229392766952515,0.9005459547042847
C4_1,wavlm_base_plus,it0137,0.8947281837463379,0.7908235192298889
C4_1,wavlm_base_plus,it0138,0.9224663972854614,0.9031351208686828
C4_1,wavlm_base_plus,it0139,0.8765893578529358,0.8933442234992981
C4_1,wavlm_base_plus,it0140,0.895671010017395,0.9614235758781432
C4_1,wavlm_base_plus,it0141,0.91643226146698,0.9559670090675354
C4_1,wavlm_base_plus,it0142,0.8470791578292847,0.9119043350219728
C4_1,wavlm_base_plus,it0143,0.7782504558563232,0.935572624206543
C4_1,wavlm_base_plus,it0144,0.9567315578460692,0.951379120349884
C4_1,wavlm_base_plus,it0145,0.8908509016036987,0.9056967496871948
C4_1,wavlm_base_plus,it0146,0.911888062953949,0.9428313970565796
C4_1,wavlm_base_plus,it0147,0.925777018070221,0.9525452852249146
C4_1,wavlm_base_plus,it0148,0.8865059018135071,0.798993706703186
C4_1,wavlm_base_plus,it0149,0.9237132668495178,0.9306628704071044
C4_1,wavlm_base_plus,it0150,0.8958376049995422,0.8897609114646912
C4_1,wavlm_base_plus,it0151,0.8883219361305237,0.9375197887420654
C4_1,wavlm_base_plus,it0152,0.8939118981361389,0.8707777857780457
C4_1,wavlm_base_plus,it0153,0.873045802116394,0.92028546333313
C4_1,wavlm_base_plus,it0154,0.5807505249977112,0.8572778701782227
C4_1,wavlm_base_plus,it0155,0.788759171962738,0.8431058526039124
C4_1,wavlm_base_plus,it0156,0.8509296178817749,0.9379448890686036
C4_1,wavlm_base_plus,it0157,0.9431266784667968,0.921580731868744
C4_1,wavlm_base_plus,it0158,0.8197343349456787,0.9205684065818788
C4_1,wavlm_base_plus,it0159,0.9143710732460022,0.9395195841789246
C4_1,wavlm_base_plus,it0160,0.9652589559555054,0.9304453134536744
C4_1,wavlm_base_plus,it0161,0.9731249809265136,0.9529653787612916
C4_1,wavlm_base_plus,it0162,0.8865734934806824,0.894921600818634
C4_1,wavlm_base_plus,it0163,0.8600775003433228,0.8672266006469727
C4_1,wavlm_base_plus,it0164,0.9479329586029052,0.9616167545318604
C4_1,wavlm_base_plus,it0165,0.7045462727546692,0.7434644103050232
C4_1,wavlm_base_plus,it0166,0.9222326874732972,0.8527039289474487
C4_1,wavlm_base_plus,it0167,0.9635398983955384,0.942129373550415
C4_1,wavlm_base_plus,it0168,0.8983585834503174,0.9286547899246216
C4_1,wavlm_base_plus,it0169,0.9331396818161012,0.9414004683494568
C4_1,wavlm_base_plus,it0170,0.9236406087875366,0.9274043440818788
C4_1,wavlm_base_plus,it0171,0.9561030268669128,0.9681941270828248
C4_1,wavlm_base_plus,it0172,0.9023802876472472,0.8381279706954956
C4_1,wavlm_base_plus,it0173,0.9655437469482422,0.9628508687019348
C4_1,wavlm_base_plus,it0174,0.846767008304596,0.8947269916534424
C4_1,wavlm_base_plus,it0175,0.8929400444030762,0.8800450563430786
C4_1,wavlm_base_plus,it0176,0.936095654964447,0.9100999236106871
C4_1,wavlm_base_plus,it0177,0.9179012775421144,0.9433653354644777
C4_1,wavlm_base_plus,it0178,0.8543365597724915,0.9379876255989076
C4_1,wavlm_base_plus,it0179,0.9636558890342712,0.9675641059875488
C4_1,wavlm_base_plus,it0180,0.9217373132705688,0.9283850193023682
C4_1,wavlm_base_plus,it0181,0.8543143272399902,0.8666108846664429
C4_1,wavlm_base_plus,it0182,0.9561142921447754,0.9502874612808228
C4_1,wavlm_base_plus,it0183,0.9329155683517456,0.9513760805130004
C4_1,wavlm_base_plus,it0184,0.8206994533538818,0.8376981019973755
C4_1,wavlm_base_plus,it0185,0.936935305595398,0.9357946515083312
C4_1,wavlm_base_plus,it0186,0.9584914445877076,0.9578689336776732
C4_1,wavlm_base_plus,it0187,0.8745190501213074,0.8443135023117065
C4_1,wavlm_base_plus,it0188,0.9512746334075928,0.9133023619651794
C4_1,wavlm_base_plus,it0189,0.9357100129127502,0.9390414953231812
C4_1,wavlm_base_plus,it0190,0.9738610982894896,0.941981077194214
C4_1,wavlm_base_plus,it0191,0.984420359134674,0.9829809069633484
C4_1,wavlm_base_plus,it0192,0.9304453730583192,0.9059993624687196
C4_1,wavlm_base_plus,it0193,0.900550127029419,0.8681116104125977
C4_1,wavlm_base_plus,it0194,0.9159786105155944,0.9177535772323608
C4_1,wavlm_base_plus,it0195,0.9430216550827026,0.948431134223938
C4_1,wavlm_base_plus,it0196,0.9229223132133484,0.906719207763672
C4_1,wavlm_base_plus,it0197,0.9248038530349731,0.8766685724258423
C4_1,wavlm_base_plus,it0198,0.9056594371795654,0.907590389251709
C4_1,wavlm_base_plus,it0199,0.9157121777534484,0.911757230758667
C4_2,wavlm_large,it0000,0.4274617731571197,0.4559867084026336
C4_2,wavlm_large,it0001,0.257362961769104,0.3883612751960754
C4_2,wavlm_large,it0002,0.113401859998703,0.3718988001346588
C4_2,wavlm_large,it0003,0.4272982180118561,0.378266304731369
C4_2,wavlm_large,it0004,0.2619054317474365,0.3975767791271209
C4_2,wavlm_large,it0005,0.2675879001617431,0.4558295011520386
C4_2,wavlm_large,it0006,0.2772173583507538,0.4231549203395843
C4_2,wavlm_large,it0007,0.2488640248775482,0.4409637451171875
C4_2,wavlm_large,it0008,0.1519982814788818,0.3104639053344726
C4_2,wavlm_large,it0009,0.5649333596229553,0.5869626998901367
C4_2,wavlm_large,it0010,0.5493995547294617,0.5718018412590027
C4_2,wavlm_large,it0011,0.5362610816955566,0.5248925685882568
C4_2,wavlm_large,it0012,0.3519969284534454,0.4251532554626465
C4_2,wavlm_large,it0013,0.569522500038147,0.567165732383728
C4_2,wavlm_large,it0014,0.4854949712753296,0.4296826124191284
C4_2,wavlm_large,it0015,0.5114949941635132,0.5931450128555298
C4_2,wavlm_large,it0016,0.3453080654144287,0.5588074922561646
C4_2,wavlm_large,it0017,0.3233614265918731,0.4283521175384521
C4_2,wavlm_large,it0018,0.1578673124313354,0.2490597069263458
C4_2,wavlm_large,it0019,0.5361707806587219,0.5550639033317566
C4_2,wavlm_large,it0020,0.1592546552419662,0.286500871181488
C4_2,wavlm_large,it0021,0.3932970464229584,0.5284397602081299
C4_2,wavlm_large,it0022,0.4461762905120849,0.4352580308914184
C4_2,wavlm_large,it0023,0.5462318658828735,0.5818547606468201
C4_2,wavlm_large,it0024,0.4172588884830475,0.524080216884613
C4_2,wavlm_large,it0025,0.5314841866493225,0.5896270871162415
C4_2,wavlm_large,it0026,0.2160648554563522,0.3591351509094238
C4_2,wavlm_large,it0027,0.5473699569702148,0.5846139788627625
C4_2,wavlm_large,it0028,0.5701615810394287,0.5778615474700928
C4_2,wavlm_large,it0029,0.3664278984069824,0.4270056784152984
C4_2,wavlm_large,it0030,0.414696455001831,0.5146093368530273
C4_2,wavlm_large,it0031,0.1831887066364288,0.2496550679206848
C4_2,wavlm_large,it0032,0.6452528834342957,0.6855368614196777
C4_2,wavlm_large,it0033,0.200681060552597,0.2147800624370575
C4_2,wavlm_large,it0034,0.220006376504898,0.2901274859905243
C4_2,wavlm_large,it0035,0.2541424632072449,0.2432699203491211
C4_2,wavlm_large,it0036,0.5176146030426025,0.5001712441444397
C4_2,wavlm_large,it0037,0.5093077421188354,0.5492514967918396
C4_2,wavlm_large,it0038,0.0735732987523078,0.2560836672782898
C4_2,wavlm_large,it0039,0.4687818884849548,0.5782066583633423
C4_2,wavlm_large,it0040,0.1516193002462387,0.3568999767303467
C4_2,wavlm_large,it0041,0.3441054224967956,0.4696043133735657
C4_2,wavlm_large,it0042,0.3314448595046997,0.4495667219161987
C4_2,wavlm_large,it0043,0.2023090869188308,0.2813830077648163
C4_2,wavlm_large,it0044,0.2346446067094802,0.5169630646705627
C4_2,wavlm_large,it0045,0.3639971315860748,0.4455005526542663
C4_2,wavlm_large,it0046,0.280444473028183,0.3998064994812011
C4_2,wavlm_large,it0047,0.3976577222347259,0.4108081459999084
C4_2,wavlm_large,it0048,0.5143547654151917,0.5031334757804871
C4_2,wavlm_large,it0049,0.4021639823913574,0.5629913210868835
C4_2,wavlm_large,it0050,-0.0046541960909962,0.1342936307191848
C4_2,wavlm_large,it0051,0.4124243855476379,0.507099449634552
C4_2,wavlm_large,it0052,0.3603275120258331,0.43378746509552
C4_2,wavlm_large,it0053,0.265175461769104,0.4152556657791137
C4_2,wavlm_large,it0054,0.0522029735147953,0.2771633863449096
C4_2,wavlm_large,it0055,0.5720258951187134,0.6013743877410889
C4_2,wavlm_large,it0056,0.2182189226150512,0.2718298137187958
C4_2,wavlm_large,it0057,0.3597343862056732,0.3879640996456146
C4_2,wavlm_large,it0058,0.4381462633609772,0.4538101255893707
C4_2,wavlm_large,it0059,0.5243291258811951,0.5582160949707031
C4_2,wavlm_large,it0060,0.3781592845916748,0.5095313191413879
C4_2,wavlm_large,it0061,0.552752673625946,0.5967879295349121
C4_2,wavlm_large,it0062,0.484178751707077,0.6489713191986084
C4_2,wavlm_large,it0063,0.2922859191894531,0.3547308444976806
C4_2,wavlm_large,it0064,0.4751904606819153,0.4851897656917572
C4_2,wavlm_large,it0065,0.5716647505760193,0.639582633972168
C4_2,wavlm_large,it0066,0.2137500643730163,0.4374906420707702
C4_2,wavlm_large,it0067,0.1936613768339157,0.340482234954834
C4_2,wavlm_large,it0068,0.5997037887573242,0.6357009410858154
C4_2,wavlm_large,it0069,0.2366360127925872,0.3922305405139923
C4_2,wavlm_large,it0070,0.4827765226364136,0.5936598777770996
C4_2,wavlm_large,it0071,0.4494988322257995,0.5238419771194458
C4_2,wavlm_large,it0072,0.4371528625488281,0.5269639492034912
C4_2,wavlm_large,it0073,0.0300407223403453,0.3062703609466553
C4_2,wavlm_large,it0074,0.2622814774513244,0.4263346195220947
C4_2,wavlm_large,it0075,0.5136730670928955,0.4720179438591003
C4_2,wavlm_large,it0076,0.2513072490692138,0.3672500252723694
C4_2,wavlm_large,it0077,0.2417681664228439,0.6538066864013672
C4_2,wavlm_large,it0078,0.269135445356369,0.4224942922592163
C4_2,wavlm_large,it0079,0.5169364213943481,0.5546743869781494
C4_2,wavlm_large,it0080,0.1644812971353531,0.3275699913501739
C4_2,wavlm_large,it0081,0.2718826234340668,0.3715752065181732
C4_2,wavlm_large,it0082,0.4297488033771515,0.5342384576797485
C4_2,wavlm_large,it0083,0.3456913828849792,0.3949425816535949
C4_2,wavlm_large,it0084,0.5060998797416687,0.4870989322662353
C4_2,wavlm_large,it0085,0.3400433361530304,0.5018479824066162
C4_2,wavlm_large,it0086,0.6045016050338745,0.5969338417053223
C4_2,wavlm_large,it0087,0.6195055842399597,0.6735538244247437
C4_2,wavlm_large,it0088,0.4640251398086548,0.4132605791091919
C4_2,wavlm_large,it0089,0.2085976302623748,0.3631828725337982
C4_2,wavlm_large,it0090,0.5331810712814331,0.5383661389350891
C4_2,wavlm_large,it0091,0.4529559314250946,0.5292073488235474
C4_2,wavlm_large,it0092,0.3685469925403595,0.5098094344139099
C4_2,wavlm_large,it0093,0.2856955528259277,0.474004179239273
C4_2,wavlm_large,it0094,0.3931392133235931,0.4693056941032409
C4_2,wavlm_large,it0095,0.4983164072036743,0.5504833459854126
C4_2,wavlm_large,it0096,0.3532152473926544,0.4048769772052765
C4_2,wavlm_large,it0097,0.5856980085372925,0.5942813754081726
C4_2,wavlm_large,it0098,0.3783192932605743,0.491346538066864
C4_2,wavlm_large,it0099,0.0708397179841995,0.2414513379335403
C4_2,wavlm_large,it0100,0.5549712777137756,0.6453292369842529
C4_2,wavlm_large,it0101,0.2303441315889358,0.3896307349205017
C4_2,wavlm_large,it0102,0.4731649160385132,0.5153167843818665
C4_2,wavlm_large,it0103,0.2734363973140716,0.5662144422531128
C4_2,wavlm_large,it0104,0.5085886716842651,0.522746741771698
C4_2,wavlm_large,it0105,0.4369159638881683,0.6166688203811646
C4_2,wavlm_large,it0106,0.3545764684677124,0.4292956888675689
C4_2,wavlm_large,it0107,0.5139793157577515,0.5170782804489136
C4_2,wavlm_large,it0108,0.3956661224365234,0.3686371445655823
C4_2,wavlm_large,it0109,0.4478648006916046,0.4898123145103454
C4_2,wavlm_large,it0110,0.3464702367782593,0.3353338837623596
C4_2,wavlm_large,it0111,0.1772379279136657,0.2138629257678985
C4_2,wavlm_large,it0112,0.5470026135444641,0.5739840269088745
C4_2,wavlm_large,it0113,0.4629603326320648,0.4901981353759765
C4_2,wavlm_large,it0114,0.3687146604061126,0.4840613603591919
C4_2,wavlm_large,it0115,0.2432108372449875,0.2697306871414184
C4_2,wavlm_large,it0116,0.2669304609298706,0.3561645746231079
C4_2,wavlm_large,it0117,0.529720664024353,0.5815011858940125
C4_2,wavlm_large,it0118,0.4732852280139923,0.5700559616088867
C4_2,wavlm_large,it0119,0.384888619184494,0.5913432240486145
C4_2,wavlm_large,it0120,0.5787824392318726,0.502484917640686
C4_2,wavlm_large,it0121,0.4101547300815582,0.4770183563232422
C4_2,wavlm_large,it0122,0.1750100553035736,0.3301176428794861
C4_2,wavlm_large,it0123,0.48195680975914,0.4766814708709717
C4_2,wavlm_large,it0124,0.4027169644832611,0.4712445735931396
C4_2,wavlm_large,it0125,0.3933232426643371,0.4558461904525757
C4_2,wavlm_large,it0126,0.1915603429079055,0.5417776703834534
C4_2,wavlm_large,it0127,0.3800219893455505,0.3233003616333008
C4_2,wavlm_large,it0128,0.4603382349014282,0.486872911453247
C4_2,wavlm_large,it0129,0.261698305606842,0.3579849898815155
C4_2,wavlm_large,it0130,0.2425650358200073,0.3718140423297882
C4_2,wavlm_large,it0131,0.302159309387207,0.3676178753376007
C4_2,wavlm_large,it0132,0.1852180659770965,0.3295504450798034
C4_2,wavlm_large,it0133,0.4893394112586975,0.5884848237037659
C4_2,wavlm_large,it0134,0.3856167495250702,0.4015072584152221
C4_2,wavlm_large,it0135,0.3971694707870483,0.4112736284732818
C4_2,wavlm_large,it0136,0.2872073948383331,0.3959139883518219
C4_2,wavlm_large,it0137,0.4406646490097046,0.4262035489082336
C4_2,wavlm_large,it0138,0.4511598944664001,0.5965503454208374
C4_2,wavlm_large,it0139,0.1705124527215957,0.4824284613132477
C4_2,wavlm_large,it0140,0.2810065448284149,0.4070165753364563
C4_2,wavlm_large,it0141,0.5850403904914856,0.706355631351471
C4_2,wavlm_large,it0142,0.2178226113319397,0.3220461010932922
C4_2,wavlm_large,it0143,0.4918040037155151,0.4990407526493072
C4_2,wavlm_large,it0144,0.3972244560718536,0.4078908860683441
C4_2,wavlm_large,it0145,0.5724915266036987,0.6476389765739441
C4_2,wavlm_large,it0146,0.3617539703845978,0.3817278146743774
C4_2,wavlm_large,it0147,0.3757852613925934,0.3421677052974701
C4_2,wavlm_large,it0148,0.1990484297275543,0.3140229880809784
C4_2,wavlm_large,it0149,0.5277140140533447,0.5343157052993774
C4_2,wavlm_large,it0150,0.1372616589069366,0.53634113073349
C4_2,wavlm_large,it0151,0.5084377527236938,0.5022450685501099
C4_2,wavlm_large,it0152,0.3398548364639282,0.4444473385810852
C4_2,wavlm_large,it0153,0.2641351222991943,0.4073687493801117
C4_2,wavlm_large,it0154,0.1242275014519691,0.2102407366037368
C4_2,wavlm_large,it0155,0.3119556009769439,0.3563819825649261
C4_2,wavlm_large,it0156,0.2094885110855102,0.252183198928833
C4_2,wavlm_large,it0157,0.4467658996582031,0.5113077163696289
C4_2,wavlm_large,it0158,0.3136025369167328,0.4321154057979584
C4_2,wavlm_large,it0159,0.2185828387737274,0.3306668400764465
C4_2,wavlm_large,it0160,0.4655959606170654,0.4880719780921936
C4_2,wavlm_large,it0161,0.3328663408756256,0.3886559605598449
C4_2,wavlm_large,it0162,0.2889237999916076,0.3580016791820526
C4_2,wavlm_large,it0163,0.5159714221954346,0.5095995664596558
C4_2,wavlm_large,it0164,0.2996233403682709,0.4165490269660949
C4_2,wavlm_large,it0165,0.2267030775547027,0.3057878911495209
C4_2,wavlm_large,it0166,0.3461546301841736,0.4546802341938019
C4_2,wavlm_large,it0167,0.4648485481739044,0.5296604633331299
C4_2,wavlm_large,it0168,0.2174687683582306,0.3659285306930542
C4_2,wavlm_large,it0169,0.3182356655597687,0.3776728510856628
C4_2,wavlm_large,it0170,0.3763681054115295,0.4276660680770874
C4_2,wavlm_large,it0171,0.6113313436508179,0.6184840798377991
C4_2,wavlm_large,it0172,0.3139941096305847,0.4101318120956421
C4_2,wavlm_large,it0173,0.6245614886283875,0.6726824641227722
C4_2,wavlm_large,it0174,0.4789761900901794,0.4883169531822204
C4_2,wavlm_large,it0175,-0.0071824640035629,0.3669109344482422
C4_2,wavlm_large,it0176,0.382843554019928,0.4420454502105713
C4_2,wavlm_large,it0177,0.3548896908760071,0.4757559597492218
C4_2,wavlm_large,it0178,0.2031655311584472,0.3063397407531738
C4_2,wavlm_large,it0179,0.6507864594459534,0.6614285707473755
C4_2,wavlm_large,it0180,0.538097083568573,0.5042018294334412
C4_2,wavlm_large,it0181,0.5020366311073303,0.5562966465950012
C4_2,wavlm_large,it0182,0.3944113254547119,0.4644433557987213
C4_2,wavlm_large,it0183,0.6047685742378235,0.5423733592033386
C4_2,wavlm_large,it0184,0.2660772502422333,0.3915583193302154
C4_2,wavlm_large,it0185,0.4718910455703735,0.5602308511734009
C4_2,wavlm_large,it0186,0.4635316133499145,0.5583218336105347
C4_2,wavlm_large,it0187,0.4052067995071411,0.4631068408489227
C4_2,wavlm_large,it0188,0.4510523080825805,0.5281231999397278
C4_2,wavlm_large,it0189,0.4100333750247955,0.4386888444423675
C4_2,wavlm_large,it0190,0.5658118724822998,0.5519280433654785
C4_2,wavlm_large,it0191,0.347509503364563,0.3582871854305267
C4_2,wavlm_large,it0192,0.5280337929725647,0.5763053894042969
C4_2,wavlm_large,it0193,0.1236534640192985,0.3729923665523529
C4_2,wavlm_large,it0194,0.5750285983085632,0.6493332386016846
C4_2,wavlm_large,it0195,0.6058476567268372,0.607218861579895
C4_2,wavlm_large,it0196,0.3479341566562652,0.4466663002967834
C4_2,wavlm_large,it0197,0.3343865275382995,0.3593018054962158
C4_2,wavlm_large,it0198,0.1014179438352584,0.2227827757596969
C4_2,wavlm_large,it0199,0.4594674408435821,0.4972081780433655
C4_2,ecapa,it0000,0.51167893409729,0.4850800633430481
C4_2,ecapa,it0001,0.3724265992641449,0.4857778251171112
C4_2,ecapa,it0002,0.220405712723732,0.506895124912262
C4_2,ecapa,it0003,0.4838633835315704,0.4821074604988098
C4_2,ecapa,it0004,0.5075405836105347,0.5560898184776306
C4_2,ecapa,it0005,0.3950545787811279,0.4651378393173218
C4_2,ecapa,it0006,0.3703993856906891,0.3134066462516784
C4_2,ecapa,it0007,0.2325648367404937,0.2651054561138153
C4_2,ecapa,it0008,0.431398332118988,0.4208777844905853
C4_2,ecapa,it0009,0.5304887294769287,0.5747160911560059
C4_2,ecapa,it0010,0.6044862270355225,0.5910730957984924
C4_2,ecapa,it0011,0.476958155632019,0.4819599986076355
C4_2,ecapa,it0012,0.4226691126823425,0.4214069545269012
C4_2,ecapa,it0013,0.5437758564949036,0.5023833513259888
C4_2,ecapa,it0014,0.4913585782051086,0.4029433727264404
C4_2,ecapa,it0015,0.4855371713638305,0.5323246121406555
C4_2,ecapa,it0016,0.4985096454620361,0.6236593723297119
C4_2,ecapa,it0017,0.3732990622520447,0.5392645597457886
C4_2,ecapa,it0018,0.3287729322910309,0.3721323013305664
C4_2,ecapa,it0019,0.5934803485870361,0.5627225637435913
C4_2,ecapa,it0020,0.1611726433038711,0.409909576177597
C4_2,ecapa,it0021,0.500288724899292,0.5314386487007141
C4_2,ecapa,it0022,0.3976472318172455,0.4234868586063385
C4_2,ecapa,it0023,0.6678880453109741,0.665532112121582
C4_2,ecapa,it0024,0.5327913165092468,0.6333923935890198
C4_2,ecapa,it0025,0.5298627614974976,0.630246102809906
C4_2,ecapa,it0026,0.2416346669197082,0.2831926345825195
C4_2,ecapa,it0027,0.67613685131073,0.6329115629196167
C4_2,ecapa,it0028,0.5183565616607666,0.5349869132041931
C4_2,ecapa,it0029,0.1786767691373825,0.2814159393310547
C4_2,ecapa,it0030,0.5313401818275452,0.4691544473171234
C4_2,ecapa,it0031,0.1836611628532409,0.2495527267456054
C4_2,ecapa,it0032,0.6884163618087769,0.726374626159668
C4_2,ecapa,it0033,0.2931626141071319,0.4113994836807251
C4_2,ecapa,it0034,0.3897978663444519,0.4005538821220398
C4_2,ecapa,it0035,0.2750155925750732,0.2555504441261291
C4_2,ecapa,it0036,0.5552228689193726,0.6295723915100098
C4_2,ecapa,it0037,0.5150818824768066,0.5364004373550415
C4_2,ecapa,it0038,0.2567348480224609,0.430799126625061
C4_2,ecapa,it0039,0.4629504382610321,0.6174254417419434
C4_2,ecapa,it0040,0.3177414536476135,0.3622448444366455
C4_2,ecapa,it0041,0.6353778839111328,0.6176704168319702
C4_2,ecapa,it0042,0.3872379958629608,0.4793765544891357
C4_2,ecapa,it0043,0.2630302906036377,0.2665297389030456
C4_2,ecapa,it0044,0.3552262485027313,0.4738525748252868
C4_2,ecapa,it0045,0.3305572867393493,0.3448558449745178
C4_2,ecapa,it0046,0.3460972607135772,0.4127021133899688
C4_2,ecapa,it0047,0.3380249440670013,0.3876554369926452
C4_2,ecapa,it0048,0.5817521214485168,0.4843307733535766
C4_2,ecapa,it0049,0.3620122075080871,0.3955719470977783
C4_2,ecapa,it0050,0.0977452248334884,0.303493469953537
C4_2,ecapa,it0051,0.1437408626079559,0.2558102905750274
C4_2,ecapa,it0052,0.3558865189552307,0.443020761013031
C4_2,ecapa,it0053,0.2045986652374267,0.2967534065246582
C4_2,ecapa,it0054,0.2736527919769287,0.3565254211425781
C4_2,ecapa,it0055,0.5398916006088257,0.5767080783843994
C4_2,ecapa,it0056,0.3169822096824646,0.452227234840393
C4_2,ecapa,it0057,0.4392392337322235,0.544684648513794
C4_2,ecapa,it0058,0.3565442562103271,0.4904475212097168
C4_2,ecapa,it0059,0.56781005859375,0.5275209546089172
C4_2,ecapa,it0060,0.4798205196857452,0.4265851974487304
C4_2,ecapa,it0061,0.5337709784507751,0.5617419481277466
C4_2,ecapa,it0062,0.543289840221405,0.6867865324020386
C4_2,ecapa,it0063,0.3754794597625732,0.3775314092636108
C4_2,ecapa,it0064,0.3298778235912323,0.373928964138031
C4_2,ecapa,it0065,0.5102198123931885,0.6735782623291016
C4_2,ecapa,it0066,0.1910594999790191,0.2868164777755737
C4_2,ecapa,it0067,0.2089316844940185,0.2569352984428406
C4_2,ecapa,it0068,0.6963531374931335,0.7195430994033813
C4_2,ecapa,it0069,0.1890633106231689,0.3960071206092834
C4_2,ecapa,it0070,0.4408228397369385,0.4187937676906585
C4_2,ecapa,it0071,0.5211911201477051,0.5437514781951904
C4_2,ecapa,it0072,0.4627270400524139,0.5717324018478394
C4_2,ecapa,it0073,0.0660071671009063,0.2600427865982055
C4_2,ecapa,it0074,0.1649064570665359,0.3938038647174835
C4_2,ecapa,it0075,0.3208747506141662,0.3581954538822174
C4_2,ecapa,it0076,0.4822361469268799,0.4808045625686645
C4_2,ecapa,it0077,0.4393475353717804,0.4196419417858124
C4_2,ecapa,it0078,0.3857730031013489,0.4247237741947174
C4_2,ecapa,it0079,0.5635189414024353,0.6082189083099365
C4_2,ecapa,it0080,0.332725465297699,0.3811982870101928
C4_2,ecapa,it0081,0.3451358675956726,0.4053462743759155
C4_2,ecapa,it0082,0.429632693529129,0.5266751050949097
C4_2,ecapa,it0083,0.4884675741195678,0.5161314606666565
C4_2,ecapa,it0084,0.5927790999412537,0.5671671032905579
C4_2,ecapa,it0085,0.540776252746582,0.5187023878097534
C4_2,ecapa,it0086,0.6255538463592529,0.5303732752799988
C4_2,ecapa,it0087,0.5632551312446594,0.5582153797149658
C4_2,ecapa,it0088,0.4199047088623047,0.3639898896217346
C4_2,ecapa,it0089,0.5220924019813538,0.5319780707359314
C4_2,ecapa,it0090,0.5638182759284973,0.6052544116973877
C4_2,ecapa,it0091,0.5443441867828369,0.6012278199195862
C4_2,ecapa,it0092,0.4622858166694641,0.5329291224479675
C4_2,ecapa,it0093,0.4662580788135528,0.4691334962844848
C4_2,ecapa,it0094,0.4060411751270294,0.4925978779792785
C4_2,ecapa,it0095,0.4550295770168304,0.5143328905105591
C4_2,ecapa,it0096,0.5521290898323059,0.4879082441329956
C4_2,ecapa,it0097,0.6363822817802429,0.6180018186569214
C4_2,ecapa,it0098,0.4737709462642669,0.5771580934524536
C4_2,ecapa,it0099,0.1877430826425552,0.2504910230636596
C4_2,ecapa,it0100,0.6301778554916382,0.5811027884483337
C4_2,ecapa,it0101,0.3523291647434234,0.398672491312027
C4_2,ecapa,it0102,0.2936802804470062,0.2715106010437011
C4_2,ecapa,it0103,0.2890591919422149,0.522693932056427
C4_2,ecapa,it0104,0.4619005620479584,0.5099660754203796
C4_2,ecapa,it0105,0.2396441102027893,0.4373673796653747
C4_2,ecapa,it0106,0.3869651257991791,0.4477836191654205
C4_2,ecapa,it0107,0.6027501225471497,0.5977256894111633
C4_2,ecapa,it0108,0.5350858569145203,0.3501560389995575
C4_2,ecapa,it0109,0.4936822354793548,0.5506184101104736
C4_2,ecapa,it0110,0.1987994015216827,0.2389719188213348
C4_2,ecapa,it0111,0.1978636234998703,0.2673601806163788
C4_2,ecapa,it0112,0.5911335945129395,0.6170268058776855
C4_2,ecapa,it0113,0.5682214498519897,0.6029689311981201
C4_2,ecapa,it0114,0.4093181490898132,0.5653371810913086
C4_2,ecapa,it0115,0.3647432327270508,0.371409147977829
C4_2,ecapa,it0116,0.5730394721031189,0.6165896654129028
C4_2,ecapa,it0117,0.471545547246933,0.4934062659740448
C4_2,ecapa,it0118,0.5971821546554565,0.6643690466880798
C4_2,ecapa,it0119,0.4725833833217621,0.5334777235984802
C4_2,ecapa,it0120,0.5768411755561829,0.490205705165863
C4_2,ecapa,it0121,0.5583404302597046,0.5835831761360168
C4_2,ecapa,it0122,0.1347505003213882,0.3314273953437805
C4_2,ecapa,it0123,0.3730489611625671,0.4409054517745971
C4_2,ecapa,it0124,0.5575562119483948,0.5169293284416199
C4_2,ecapa,it0125,0.4753107130527496,0.5267822742462158
C4_2,ecapa,it0126,0.3930127918720245,0.5120674967765808
C4_2,ecapa,it0127,0.4223764538764953,0.198309525847435
C4_2,ecapa,it0128,0.3844144940376282,0.5366189479827881
C4_2,ecapa,it0129,0.2407064884901046,0.304521232843399
C4_2,ecapa,it0130,0.1706018596887588,0.2289647758007049
C4_2,ecapa,it0131,0.3679044842720032,0.2839087247848511
C4_2,ecapa,it0132,0.3018657565116882,0.3856638073921203
C4_2,ecapa,it0133,0.489426702260971,0.5949075222015381
C4_2,ecapa,it0134,0.5316346883773804,0.4965513944625854
C4_2,ecapa,it0135,0.397403746843338,0.3779546320438385
C4_2,ecapa,it0136,0.3142308592796325,0.4092582464218139
C4_2,ecapa,it0137,0.4398758113384247,0.4593015313148498
C4_2,ecapa,it0138,0.5045934915542603,0.4611688554286957
C4_2,ecapa,it0139,0.4586718380451202,0.5847079753875732
C4_2,ecapa,it0140,0.36934494972229,0.4540175199508667
C4_2,ecapa,it0141,0.5173249244689941,0.5886818170547485
C4_2,ecapa,it0142,0.2667434215545654,0.2987925708293915
C4_2,ecapa,it0143,0.3528989553451538,0.3750876188278198
C4_2,ecapa,it0144,0.4430226683616638,0.4698362648487091
C4_2,ecapa,it0145,0.4917417764663696,0.5547046661376953
C4_2,ecapa,it0146,0.4610492885112762,0.5065497159957886
C4_2,ecapa,it0147,0.4907786846160888,0.5018092393875122
C4_2,ecapa,it0148,0.1291602700948715,0.2144279778003692
C4_2,ecapa,it0149,0.504143238067627,0.5295213460922241
C4_2,ecapa,it0150,0.1546835005283355,0.4549399614334106
C4_2,ecapa,it0151,0.5878974199295044,0.6396807432174683
C4_2,ecapa,it0152,0.4778097867965698,0.5630138516426086
C4_2,ecapa,it0153,0.3239260911941528,0.3929417729377746
C4_2,ecapa,it0154,0.2013998925685882,0.2373450100421905
C4_2,ecapa,it0155,0.2659084498882293,0.2760004699230194
C4_2,ecapa,it0156,0.1410770863294601,0.3560137152671814
C4_2,ecapa,it0157,0.4562669098377228,0.5835704207420349
C4_2,ecapa,it0158,0.3084313869476318,0.4112752974033355
C4_2,ecapa,it0159,0.4681549668312073,0.3747909665107727
C4_2,ecapa,it0160,0.5422053933143616,0.5242552161216736
C4_2,ecapa,it0161,0.3097987473011017,0.4584228992462158
C4_2,ecapa,it0162,0.0884308964014053,0.1553404033184051
C4_2,ecapa,it0163,0.4761905074119568,0.4715576469898224
C4_2,ecapa,it0164,0.5141398906707764,0.5604395270347595
C4_2,ecapa,it0165,0.2488593012094497,0.4036585688591003
C4_2,ecapa,it0166,0.574097752571106,0.5229195356369019
C4_2,ecapa,it0167,0.4012928009033203,0.4644620418548584
C4_2,ecapa,it0168,0.2881968319416046,0.3636755645275116
C4_2,ecapa,it0169,0.3019258081912994,0.3247884213924408
C4_2,ecapa,it0170,0.4128007590770721,0.4304442405700683
C4_2,ecapa,it0171,0.7061843872070312,0.6463521718978882
C4_2,ecapa,it0172,0.2988563179969787,0.3533447086811065
C4_2,ecapa,it0173,0.6693585515022278,0.6783087849617004
C4_2,ecapa,it0174,0.532958447933197,0.4808807969093323
C4_2,ecapa,it0175,0.0796137750148773,0.2622905373573303
C4_2,ecapa,it0176,0.2674393653869629,0.4228509366512298
C4_2,ecapa,it0177,0.4805450439453125,0.338369071483612
C4_2,ecapa,it0178,0.2599716782569885,0.3053443729877472
C4_2,ecapa,it0179,0.6148493885993958,0.567433774471283
C4_2,ecapa,it0180,0.4206704497337341,0.514215886592865
C4_2,ecapa,it0181,0.5226715803146362,0.5709342956542969
C4_2,ecapa,it0182,0.5670188069343567,0.6273149251937866
C4_2,ecapa,it0183,0.665539026260376,0.6411998271942139
C4_2,ecapa,it0184,0.3298218846321106,0.3662887513637543
C4_2,ecapa,it0185,0.4605651497840881,0.5052648782730103
C4_2,ecapa,it0186,0.569625735282898,0.5840615630149841
C4_2,ecapa,it0187,0.4714992046356201,0.45939502120018
C4_2,ecapa,it0188,0.5121977925300598,0.6009364724159241
C4_2,ecapa,it0189,0.3869466185569763,0.4820498824119568
C4_2,ecapa,it0190,0.5971134305000305,0.5399714708328247
C4_2,ecapa,it0191,0.386058360338211,0.5128220915794373
C4_2,ecapa,it0192,0.5281340479850769,0.5520209670066833
C4_2,ecapa,it0193,0.3151500821113586,0.4917922616004944
C4_2,ecapa,it0194,0.6244994401931763,0.5742349624633789
C4_2,ecapa,it0195,0.6730203032493591,0.6118963956832886
C4_2,ecapa,it0196,0.5205986499786377,0.5048236846923828
C4_2,ecapa,it0197,0.4777641296386719,0.5066757798194885
C4_2,ecapa,it0198,0.0836513265967369,0.2320264726877212
C4_2,ecapa,it0199,0.4614905714988708,0.4630302488803863
C4_2,ge2e,it0000,0.7363576889038086,0.7181976437568665
C4_2,ge2e,it0001,0.8478819727897644,0.8625958561897278
C4_2,ge2e,it0002,0.6941933035850525,0.7581357955932617
C4_2,ge2e,it0003,0.7317091226577759,0.8204960227012634
C4_2,ge2e,it0004,0.8268904089927673,0.8011955618858337
C4_2,ge2e,it0005,0.8817859292030334,0.8874382972717285
C4_2,ge2e,it0006,0.740953266620636,0.7447779178619385
C4_2,ge2e,it0007,0.7681034803390503,0.7751479148864746
C4_2,ge2e,it0008,0.8515658378601074,0.8607229590415955
C4_2,ge2e,it0009,0.8901099562644958,0.859158456325531
C4_2,ge2e,it0010,0.805230438709259,0.8576818704605103
C4_2,ge2e,it0011,0.8771930932998657,0.8577784299850464
C4_2,ge2e,it0012,0.8118577003479004,0.8252183198928833
C4_2,ge2e,it0013,0.7790570855140686,0.8054922819137573
C4_2,ge2e,it0014,0.796610414981842,0.7830712199211121
C4_2,ge2e,it0015,0.818000853061676,0.8625198006629944
C4_2,ge2e,it0016,0.8107234835624695,0.8243565559387207
C4_2,ge2e,it0017,0.7968231439590454,0.8520063161849976
C4_2,ge2e,it0018,0.8290747404098511,0.8288737535476685
C4_2,ge2e,it0019,0.8524237275123596,0.8389920592308044
C4_2,ge2e,it0020,0.7018614411354065,0.7376999855041504
C4_2,ge2e,it0021,0.8112471103668213,0.8588301539421082
C4_2,ge2e,it0022,0.7790431380271912,0.7571732401847839
C4_2,ge2e,it0023,0.8600205183029175,0.8389710783958435
C4_2,ge2e,it0024,0.838898777961731,0.8763579726219177
C4_2,ge2e,it0025,0.8816937208175659,0.8670271039009094
C4_2,ge2e,it0026,0.7703850269317627,0.7370669841766357
C4_2,ge2e,it0027,0.781276285648346,0.8002206683158875
C4_2,ge2e,it0028,0.8466669321060181,0.8535657525062561
C4_2,ge2e,it0029,0.8321950435638428,0.8317272663116455
C4_2,ge2e,it0030,0.859900176525116,0.8798561096191406
C4_2,ge2e,it0031,0.6882389783859253,0.766328752040863
C4_2,ge2e,it0032,0.825001060962677,0.8439534306526184
C4_2,ge2e,it0033,0.7821218967437744,0.7645891904830933
C4_2,ge2e,it0034,0.8207478523254395,0.8663095831871033
C4_2,ge2e,it0035,0.7670719027519226,0.7533090114593506
C4_2,ge2e,it0036,0.841206431388855,0.8674836158752441
C4_2,ge2e,it0037,0.8378010392189026,0.8355885744094849
C4_2,ge2e,it0038,0.7834371328353882,0.8500421643257141
C4_2,ge2e,it0039,0.8069266080856323,0.8401362895965576
C4_2,ge2e,it0040,0.8429909348487854,0.7588672637939453
C4_2,ge2e,it0041,0.8277590274810791,0.8103004097938538
C4_2,ge2e,it0042,0.8525012731552124,0.8599824905395508
C4_2,ge2e,it0043,0.796729326248169,0.7671715617179871
C4_2,ge2e,it0044,0.7797616720199585,0.8093242645263672
C4_2,ge2e,it0045,0.8274464011192322,0.8232163190841675
C4_2,ge2e,it0046,0.8063162565231323,0.7633326649665833
C4_2,ge2e,it0047,0.7493288516998291,0.8500267267227173
C4_2,ge2e,it0048,0.8500416874885559,0.8694400191307068
C4_2,ge2e,it0049,0.8674435019493103,0.8862736821174622
C4_2,ge2e,it0050,0.8018603324890137,0.8150166869163513
C4_2,ge2e,it0051,0.8064299821853638,0.8373321294784546
C4_2,ge2e,it0052,0.7709221839904785,0.8298159837722778
C4_2,ge2e,it0053,0.7332392930984497,0.7721545100212097
C4_2,ge2e,it0054,0.7913191318511963,0.7403066754341125
C4_2,ge2e,it0055,0.7491593360900879,0.8013839721679688
C4_2,ge2e,it0056,0.8651343584060669,0.8969512581825256
C4_2,ge2e,it0057,0.7989826202392578,0.8033301830291748
C4_2,ge2e,it0058,0.7786726951599121,0.7745899558067322
C4_2,ge2e,it0059,0.8619347214698792,0.8581252694129944
C4_2,ge2e,it0060,0.842454195022583,0.8317304849624634
C4_2,ge2e,it0061,0.8288684487342834,0.8533446788787842
C4_2,ge2e,it0062,0.8614378571510315,0.8857499957084656
C4_2,ge2e,it0063,0.7392658591270447,0.6862223744392395
C4_2,ge2e,it0064,0.8164423108100891,0.8385905027389526
C4_2,ge2e,it0065,0.8505887389183044,0.8670486807823181
C4_2,ge2e,it0066,0.7726566195487976,0.7824355959892273
C4_2,ge2e,it0067,0.7777574062347412,0.8517196774482727
C4_2,ge2e,it0068,0.8658958077430725,0.8833547830581665
C4_2,ge2e,it0069,0.7587136626243591,0.7689733505249023
C4_2,ge2e,it0070,0.7518435716629028,0.7182518839836121
C4_2,ge2e,it0071,0.8218799233436584,0.8461371064186096
C4_2,ge2e,it0072,0.8551911115646362,0.8666861653327942
C4_2,ge2e,it0073,0.7309496402740479,0.7729089260101318
C4_2,ge2e,it0074,0.8087860345840454,0.8387214541435242
C4_2,ge2e,it0075,0.8828623294830322,0.8724814057350159
C4_2,ge2e,it0076,0.8454947471618652,0.8792365789413452
C4_2,ge2e,it0077,0.7626017332077026,0.7869226932525635
C4_2,ge2e,it0078,0.8085820078849792,0.7720811367034912
C4_2,ge2e,it0079,0.8257752060890198,0.8419488668441772
C4_2,ge2e,it0080,0.7377066016197205,0.7299909591674805
C4_2,ge2e,it0081,0.8651522397994995,0.8386960625648499
C4_2,ge2e,it0082,0.827987015247345,0.8591586947441101
C4_2,ge2e,it0083,0.8352087140083313,0.8535773158073425
C4_2,ge2e,it0084,0.8773073554039001,0.9022605419158936
C4_2,ge2e,it0085,0.7891557812690735,0.7965480089187622
C4_2,ge2e,it0086,0.7989600896835327,0.8200787901878357
C4_2,ge2e,it0087,0.8400924205780029,0.8385270833969116
C4_2,ge2e,it0088,0.8373432159423828,0.8183331489562988
C4_2,ge2e,it0089,0.8197978734970093,0.8194774389266968
C4_2,ge2e,it0090,0.8619931936264038,0.8662694096565247
C4_2,ge2e,it0091,0.8361577987670898,0.8410128951072693
C4_2,ge2e,it0092,0.7905081510543823,0.8181377649307251
C4_2,ge2e,it0093,0.7977732419967651,0.840778112411499
C4_2,ge2e,it0094,0.795738935470581,0.7945494651794434
C4_2,ge2e,it0095,0.846833348274231,0.904368221759796
C4_2,ge2e,it0096,0.8511303663253784,0.7862735390663147
C4_2,ge2e,it0097,0.8288946151733398,0.847893476486206
C4_2,ge2e,it0098,0.8261575698852539,0.8551804423332214
C4_2,ge2e,it0099,0.7562352418899536,0.7760087847709656
C4_2,ge2e,it0100,0.88065505027771,0.8751558065414429
C4_2,ge2e,it0101,0.7011094093322754,0.7074418067932129
C4_2,ge2e,it0102,0.844266414642334,0.843997061252594
C4_2,ge2e,it0103,0.7177273035049438,0.7906509041786194
C4_2,ge2e,it0104,0.8749167919158936,0.8158624172210693
C4_2,ge2e,it0105,0.831192672252655,0.8738291263580322
C4_2,ge2e,it0106,0.8132866024971008,0.8467941880226135
C4_2,ge2e,it0107,0.8059115409851074,0.8141190409660339
C4_2,ge2e,it0108,0.8804575800895691,0.8480775952339172
C4_2,ge2e,it0109,0.8107411861419678,0.7715438008308411
C4_2,ge2e,it0110,0.7763590812683105,0.8257718682289124
C4_2,ge2e,it0111,0.8040474057197571,0.8372673988342285
C4_2,ge2e,it0112,0.8922560214996338,0.9149581789970398
C4_2,ge2e,it0113,0.8592322468757629,0.8760052919387817
C4_2,ge2e,it0114,0.8687206506729126,0.868437647819519
C4_2,ge2e,it0115,0.8370957970619202,0.8724682331085205
C4_2,ge2e,it0116,0.8495614528656006,0.8567647933959961
C4_2,ge2e,it0117,0.8484078049659729,0.8231822848320007
C4_2,ge2e,it0118,0.7295924425125122,0.8445977568626404
C4_2,ge2e,it0119,0.8483877182006836,0.826966404914856
C4_2,ge2e,it0120,0.7972837686538696,0.8044198751449585
C4_2,ge2e,it0121,0.8081012964248657,0.8116941452026367
C4_2,ge2e,it0122,0.7860822677612305,0.8260633945465088
C4_2,ge2e,it0123,0.7634170055389404,0.7448717951774597
C4_2,ge2e,it0124,0.8595187664031982,0.8364645838737488
C4_2,ge2e,it0125,0.880776584148407,0.8906698226928711
C4_2,ge2e,it0126,0.8501282930374146,0.8571553826332092
C4_2,ge2e,it0127,0.8020970821380615,0.7426208257675171
C4_2,ge2e,it0128,0.8044276237487793,0.8292862772941589
C4_2,ge2e,it0129,0.7544982433319092,0.8067981004714966
C4_2,ge2e,it0130,0.8159652352333069,0.8302310705184937
C4_2,ge2e,it0131,0.8336793184280396,0.8414044380187988
C4_2,ge2e,it0132,0.7881298065185547,0.85938560962677
C4_2,ge2e,it0133,0.8518428802490234,0.8707056641578674
C4_2,ge2e,it0134,0.8080347776412964,0.791710376739502
C4_2,ge2e,it0135,0.7769249081611633,0.8116101622581482
C4_2,ge2e,it0136,0.8444716334342957,0.8114972710609436
C4_2,ge2e,it0137,0.8285968899726868,0.8040698170661926
C4_2,ge2e,it0138,0.8208431601524353,0.8375839591026306
C4_2,ge2e,it0139,0.8435036540031433,0.8663179874420166
C4_2,ge2e,it0140,0.8454459309577942,0.8439046144485474
C4_2,ge2e,it0141,0.7861579060554504,0.8329062461853027
C4_2,ge2e,it0142,0.8148905038833618,0.8656070828437805
C4_2,ge2e,it0143,0.8249664306640625,0.8739000558853149
C4_2,ge2e,it0144,0.788139283657074,0.865561306476593
C4_2,ge2e,it0145,0.8220917582511902,0.8758581876754761
C4_2,ge2e,it0146,0.782925546169281,0.8041611909866333
C4_2,ge2e,it0147,0.8982473611831665,0.8620399236679077
C4_2,ge2e,it0148,0.8284960389137268,0.8416540622711182
C4_2,ge2e,it0149,0.8031303286552429,0.857705295085907
C4_2,ge2e,it0150,0.7880247831344604,0.8344119787216187
C4_2,ge2e,it0151,0.8746221661567688,0.8766217827796936
C4_2,ge2e,it0152,0.8324306607246399,0.8634018898010254
C4_2,ge2e,it0153,0.8784595727920532,0.8433201909065247
C4_2,ge2e,it0154,0.7351144552230835,0.8082672953605652
C4_2,ge2e,it0155,0.8383579254150391,0.8238542079925537
C4_2,ge2e,it0156,0.7034100294113159,0.7584925889968872
C4_2,ge2e,it0157,0.8621411919593811,0.8898569941520691
C4_2,ge2e,it0158,0.7852602005004883,0.8356029987335205
C4_2,ge2e,it0159,0.8465390205383301,0.8390860557556152
C4_2,ge2e,it0160,0.8502237796783447,0.8721718788146973
C4_2,ge2e,it0161,0.7905822992324829,0.8344250321388245
C4_2,ge2e,it0162,0.7867486476898193,0.8168364763259888
C4_2,ge2e,it0163,0.7080651521682739,0.7774385809898376
C4_2,ge2e,it0164,0.8034030199050903,0.8691686987876892
C4_2,ge2e,it0165,0.7142089009284973,0.7896109223365784
C4_2,ge2e,it0166,0.8269635438919067,0.8691235780715942
C4_2,ge2e,it0167,0.8595790863037109,0.851357102394104
C4_2,ge2e,it0168,0.6933117508888245,0.7931355237960815
C4_2,ge2e,it0169,0.7990283370018005,0.8148568868637085
C4_2,ge2e,it0170,0.8275467157363892,0.8809022903442383
C4_2,ge2e,it0171,0.8226985931396484,0.813504695892334
C4_2,ge2e,it0172,0.7909892201423645,0.7907029986381531
C4_2,ge2e,it0173,0.8928231000900269,0.8785083889961243
C4_2,ge2e,it0174,0.7385556697845459,0.790372371673584
C4_2,ge2e,it0175,0.6705176830291748,0.6971800327301025
C4_2,ge2e,it0176,0.7805119752883911,0.7607877850532532
C4_2,ge2e,it0177,0.8286710977554321,0.7936508655548096
C4_2,ge2e,it0178,0.7720136046409607,0.8005446791648865
C4_2,ge2e,it0179,0.8513362407684326,0.8720126748085022
C4_2,ge2e,it0180,0.8451858758926392,0.8447871208190918
C4_2,ge2e,it0181,0.8096194863319397,0.8685020208358765
C4_2,ge2e,it0182,0.890140950679779,0.892622172832489
C4_2,ge2e,it0183,0.7984163165092468,0.8498650789260864
C4_2,ge2e,it0184,0.7959609031677246,0.8257092833518982
C4_2,ge2e,it0185,0.8390543460845947,0.8155555725097656
C4_2,ge2e,it0186,0.7863684296607971,0.8192497491836548
C4_2,ge2e,it0187,0.7505117058753967,0.7925283908843994
C4_2,ge2e,it0188,0.8552759289741516,0.8514044284820557
C4_2,ge2e,it0189,0.8029209971427917,0.8154351711273193
C4_2,ge2e,it0190,0.8578411340713501,0.867347776889801
C4_2,ge2e,it0191,0.7866461277008057,0.8077216148376465
C4_2,ge2e,it0192,0.833192765712738,0.7883940935134888
C4_2,ge2e,it0193,0.8196083307266235,0.8270705342292786
C4_2,ge2e,it0194,0.8332651257514954,0.7947210073471069
C4_2,ge2e,it0195,0.8639615774154663,0.8571207523345947
C4_2,ge2e,it0196,0.818465530872345,0.8623486757278442
C4_2,ge2e,it0197,0.8534406423568726,0.8540710210800171
C4_2,ge2e,it0198,0.7721944451332092,0.8491598963737488
C4_2,ge2e,it0199,0.790145754814148,0.8017645478248596
C4_2,xvect,it0000,0.9639958143234252,0.9615511894226074
C4_2,xvect,it0001,0.9424625039100648,0.95218163728714
C4_2,xvect,it0002,0.941152811050415,0.9606550335884094
C4_2,xvect,it0003,0.9482215046882628,0.9504355788230896
C4_2,xvect,it0004,0.9584127068519592,0.960195004940033
C4_2,xvect,it0005,0.93009752035141,0.9508780241012572
C4_2,xvect,it0006,0.946000874042511,0.9359744787216188
C4_2,xvect,it0007,0.9468495845794678,0.960084080696106
C4_2,xvect,it0008,0.9434961080551147,0.942608118057251
C4_2,xvect,it0009,0.9585807919502258,0.9599616527557372
C4_2,xvect,it0010,0.9672170281410216,0.97065532207489
C4_2,xvect,it0011,0.9654022455215454,0.961772084236145
C4_2,xvect,it0012,0.9317930936813354,0.9522207379341124
C4_2,xvect,it0013,0.959986686706543,0.964966893196106
C4_2,xvect,it0014,0.94476580619812,0.8838881254196167
C4_2,xvect,it0015,0.931358516216278,0.929277241230011
C4_2,xvect,it0016,0.9012390971183776,0.9500687122344972
C4_2,xvect,it0017,0.9381725788116456,0.9391589760780334
C4_2,xvect,it0018,0.9322003722190856,0.9419140219688416
C4_2,xvect,it0019,0.924996554851532,0.9498122334480286
C4_2,xvect,it0020,0.9436884522438048,0.952150583267212
C4_2,xvect,it0021,0.9486422538757324,0.9509652853012084
C4_2,xvect,it0022,0.9112960696220398,0.9557476043701172
C4_2,xvect,it0023,0.9227523803710938,0.9269559383392334
C4_2,xvect,it0024,0.9599376320838928,0.9622766375541688
C4_2,xvect,it0025,0.9535688161849976,0.952001929283142
C4_2,xvect,it0026,0.9318020343780518,0.9468706846237184
C4_2,xvect,it0027,0.9680840969085692,0.9623068571090698
C4_2,xvect,it0028,0.9641269445419312,0.96145099401474
C4_2,xvect,it0029,0.9326351881027222,0.9478322267532348
C4_2,xvect,it0030,0.9655863046646118,0.9663320779800416
C4_2,xvect,it0031,0.9470456838607788,0.960942268371582
C4_2,xvect,it0032,0.93290114402771,0.9610405564308168
C4_2,xvect,it0033,0.9352284073829652,0.926949679851532
C4_2,xvect,it0034,0.9497377276420592,0.9665804505348206
C4_2,xvect,it0035,0.9584936499595642,0.9518656134605408
C4_2,xvect,it0036,0.9523821473121644,0.9465613961219788
C4_2,xvect,it0037,0.9543826580047609,0.9578148126602172
C4_2,xvect,it0038,0.933827579021454,0.9523848295211792
C4_2,xvect,it0039,0.9453909397125244,0.9560836553573608
C4_2,xvect,it0040,0.95649653673172,0.9542498588562012
C4_2,xvect,it0041,0.9362813234329224,0.9478582143783568
C4_2,xvect,it0042,0.9501850605010986,0.957064151763916
C4_2,xvect,it0043,0.9472822546958924,0.9570809602737428
C4_2,xvect,it0044,0.9665800333023072,0.9686621427536012
C4_2,xvect,it0045,0.945345938205719,0.9509307742118835
C4_2,xvect,it0046,0.9502747058868408,0.9521945714950562
C4_2,xvect,it0047,0.9546423554420472,0.9663988947868348
C4_2,xvect,it0048,0.9456307291984558,0.9336196184158324
C4_2,xvect,it0049,0.9470780491828918,0.9506111145019532
C4_2,xvect,it0050,0.9413142204284668,0.9578128457069396
C4_2,xvect,it0051,0.9549128413200378,0.9651519060134888
C4_2,xvect,it0052,0.92638897895813,0.953771710395813
C4_2,xvect,it0053,0.9411357641220092,0.959177315235138
C4_2,xvect,it0054,0.934140920639038,0.9420164823532104
C4_2,xvect,it0055,0.9385620951652528,0.93920636177063
C4_2,xvect,it0056,0.9627118706703186,0.9693825244903564
C4_2,xvect,it0057,0.9267842173576356,0.952258825302124
C4_2,xvect,it0058,0.9178540110588074,0.9363903403282166
C4_2,xvect,it0059,0.97063148021698,0.9722658395767212
C4_2,xvect,it0060,0.93985253572464,0.9381717443466188
C4_2,xvect,it0061,0.922538161277771,0.9615827798843384
C4_2,xvect,it0062,0.9446339011192322,0.9597707986831664
C4_2,xvect,it0063,0.9322289228439332,0.9366631507873536
C4_2,xvect,it0064,0.9179065823554992,0.9553635716438292
C4_2,xvect,it0065,0.9530239105224608,0.957685112953186
C4_2,xvect,it0066,0.936069667339325,0.9501083493232728
C4_2,xvect,it0067,0.9103498458862304,0.955274760723114
C4_2,xvect,it0068,0.9739546775817872,0.9738210439682008
C4_2,xvect,it0069,0.9515916109085084,0.956475019454956
C4_2,xvect,it0070,0.9390119314193726,0.9375205636024476
C4_2,xvect,it0071,0.9581536650657654,0.9692968130111694
C4_2,xvect,it0072,0.9651151895523072,0.9707980155944824
C4_2,xvect,it0073,0.9352668523788452,0.949983537197113
C4_2,xvect,it0074,0.9387796521186828,0.9586491584777832
C4_2,xvect,it0075,0.9577990770339966,0.963021457195282
C4_2,xvect,it0076,0.9470402002334596,0.958727240562439
C4_2,xvect,it0077,0.9480751156806946,0.9452918171882628
C4_2,xvect,it0078,0.945639967918396,0.9610567092895508
C4_2,xvect,it0079,0.9639334082603456,0.9715670347213744
C4_2,xvect,it0080,0.9362213611602784,0.9537416100502014
C4_2,xvect,it0081,0.9556621313095092,0.9612940549850464
C4_2,xvect,it0082,0.9470587968826294,0.9558642506599426
C4_2,xvect,it0083,0.9578430652618408,0.963584303855896
C4_2,xvect,it0084,0.9667305946350098,0.9700974225997924
C4_2,xvect,it0085,0.9467617273330688,0.9165246486663818
C4_2,xvect,it0086,0.9563302397727966,0.9638368487358092
C4_2,xvect,it0087,0.965264618396759,0.9676949977874756
C4_2,xvect,it0088,0.9581780433654784,0.9560735821723938
C4_2,xvect,it0089,0.9488426446914672,0.9603172540664672
C4_2,xvect,it0090,0.9591485857963562,0.9664018750190736
C4_2,xvect,it0091,0.9323500990867616,0.950498342514038
C4_2,xvect,it0092,0.9536411762237548,0.9502358436584472
C4_2,xvect,it0093,0.950374186038971,0.9560770988464355
C4_2,xvect,it0094,0.9006249308586121,0.9603269100189208
C4_2,xvect,it0095,0.9484941959381104,0.9630337357521056
C4_2,xvect,it0096,0.9510714411735536,0.9537310600280762
C4_2,xvect,it0097,0.9641358852386476,0.9659550786018372
C4_2,xvect,it0098,0.9739332795143129,0.969444751739502
C4_2,xvect,it0099,0.9425616264343262,0.9583150148391724
C4_2,xvect,it0100,0.9688875675201416,0.9707041382789612
C4_2,xvect,it0101,0.9568362236022948,0.9580817222595216
C4_2,xvect,it0102,0.9514949321746826,0.9521837830543518
C4_2,xvect,it0103,0.9482749700546264,0.9599828124046326
C4_2,xvect,it0104,0.9226788878440856,0.9173035621643066
C4_2,xvect,it0105,0.9436429738998412,0.9537699222564696
C4_2,xvect,it0106,0.955634593963623,0.958165168762207
C4_2,xvect,it0107,0.9506913423538208,0.9638581871986388
C4_2,xvect,it0108,0.9668194055557252,0.96338951587677
C4_2,xvect,it0109,0.963124454021454,0.9581834673881532
C4_2,xvect,it0110,0.9259251356124878,0.9449652433395386
C4_2,xvect,it0111,0.9641442894935608,0.9593831300735474
C4_2,xvect,it0112,0.9652374386787416,0.9661202430725098
C4_2,xvect,it0113,0.9474883079528807,0.9581817388534546
C4_2,xvect,it0114,0.9546043276786804,0.9606888890266418
C4_2,xvect,it0115,0.9457759261131288,0.962913691997528
C4_2,xvect,it0116,0.9535329937934875,0.9612899422645568
C4_2,xvect,it0117,0.96761816740036,0.9714787602424622
C4_2,xvect,it0118,0.923753559589386,0.9676496982574464
C4_2,xvect,it0119,0.9653540849685668,0.9656044840812684
C4_2,xvect,it0120,0.9557104110717772,0.9595776796340942
C4_2,xvect,it0121,0.9563982486724854,0.9597343802452089
C4_2,xvect,it0122,0.9497514367103576,0.96205472946167
C4_2,xvect,it0123,0.9241718649864196,0.9550379514694214
C4_2,xvect,it0124,0.93734210729599,0.9354684948921204
C4_2,xvect,it0125,0.9584801197052002,0.9579806923866272
C4_2,xvect,it0126,0.953267216682434,0.9581480026245116
C4_2,xvect,it0127,0.9578993320465088,0.954902172088623
C4_2,xvect,it0128,0.9552759528160096,0.9642258882522584
C4_2,xvect,it0129,0.935376763343811,0.9529558420181274
C4_2,xvect,it0130,0.9502049088478088,0.9610244035720824
C4_2,xvect,it0131,0.9425134658813475,0.9550224542617798
C4_2,xvect,it0132,0.948964536190033,0.9655680656433104
C4_2,xvect,it0133,0.955204427242279,0.9680004715919496
C4_2,xvect,it0134,0.9675338268280028,0.9634344577789308
C4_2,xvect,it0135,0.8961004614830017,0.9519912004470824
C4_2,xvect,it0136,0.9470769166946412,0.9578056931495668
C4_2,xvect,it0137,0.9484922885894777,0.9546206593513488
C4_2,xvect,it0138,0.9559258222579956,0.9563958644866944
C4_2,xvect,it0139,0.9574245810508728,0.963780403137207
C4_2,xvect,it0140,0.9400400519371032,0.93411523103714
C4_2,xvect,it0141,0.9510419368743896,0.955745816230774
C4_2,xvect,it0142,0.9418616890907288,0.9473763704299928
C4_2,xvect,it0143,0.9621880650520324,0.965158224105835
C4_2,xvect,it0144,0.960314154624939,0.9595082402229308
C4_2,xvect,it0145,0.9346964359283448,0.9512221813201904
C4_2,xvect,it0146,0.9392760992050172,0.949255347251892
C4_2,xvect,it0147,0.955185055732727,0.9452778697013856
C4_2,xvect,it0148,0.9448575973510742,0.9486111402511596
C4_2,xvect,it0149,0.9577020406723022,0.957969605922699
C4_2,xvect,it0150,0.91900372505188,0.9457788467407228
C4_2,xvect,it0151,0.9619746804237366,0.9677990674972534
C4_2,xvect,it0152,0.9612218141555786,0.9681944847106934
C4_2,xvect,it0153,0.929656147956848,0.9248199462890624
C4_2,xvect,it0154,0.9293093681335448,0.9479203224182128
C4_2,xvect,it0155,0.9559842348098756,0.9662179350852966
C4_2,xvect,it0156,0.9454939961433412,0.950413465499878
C4_2,xvect,it0157,0.9619050621986388,0.9654016494750975
C4_2,xvect,it0158,0.9518663883209229,0.964085817337036
C4_2,xvect,it0159,0.9482656717300416,0.9581282138824464
C4_2,xvect,it0160,0.947174072265625,0.9581597447395324
C4_2,xvect,it0161,0.962393045425415,0.9600930213928224
C4_2,xvect,it0162,0.950070023536682,0.9584989547729492
C4_2,xvect,it0163,0.9667721390724182,0.9735254645347596
C4_2,xvect,it0164,0.9569835066795348,0.9654110074043274
C4_2,xvect,it0165,0.9394240975379944,0.9544196128845216
C4_2,xvect,it0166,0.935793399810791,0.9447450637817384
C4_2,xvect,it0167,0.9415390491485596,0.9434084892272948
C4_2,xvect,it0168,0.9163413643836976,0.9500704407691956
C4_2,xvect,it0169,0.9642601609230042,0.9652166366577148
C4_2,xvect,it0170,0.955318808555603,0.9542582035064696
C4_2,xvect,it0171,0.9534515142440796,0.9548385739326476
C4_2,xvect,it0172,0.906486988067627,0.940111756324768
C4_2,xvect,it0173,0.96406227350235,0.9679892063140868
C4_2,xvect,it0174,0.9319646954536438,0.9573101997375488
C4_2,xvect,it0175,0.938440203666687,0.9552048444747924
C4_2,xvect,it0176,0.9492075443267822,0.9516484141349792
C4_2,xvect,it0177,0.9486424922943116,0.9096297025680542
C4_2,xvect,it0178,0.9409318566322328,0.955622136592865
C4_2,xvect,it0179,0.9592522978782654,0.9608901143074036
C4_2,xvect,it0180,0.9478880763053894,0.9532779455184937
C4_2,xvect,it0181,0.9691019654273988,0.9729600548744202
C4_2,xvect,it0182,0.9556502103805542,0.9635347127914428
C4_2,xvect,it0183,0.962776243686676,0.9612715244293212
C4_2,xvect,it0184,0.9399477243423462,0.9492284059524536
C4_2,xvect,it0185,0.9419187307357788,0.9430758953094482
C4_2,xvect,it0186,0.9175800085067748,0.9606806635856628
C4_2,xvect,it0187,0.933959186077118,0.9472111463546752
C4_2,xvect,it0188,0.9506988525390624,0.9587745070457458
C4_2,xvect,it0189,0.948564350605011,0.9584054946899414
C4_2,xvect,it0190,0.9502492547035216,0.9616913795471193
C4_2,xvect,it0191,0.9536389708518982,0.9594906568527222
C4_2,xvect,it0192,0.9394500255584716,0.9477142691612244
C4_2,xvect,it0193,0.952482283115387,0.9659565687179564
C4_2,xvect,it0194,0.943395972251892,0.9542000889778136
C4_2,xvect,it0195,0.9562015533447266,0.9567527770996094
C4_2,xvect,it0196,0.9532864093780518,0.959660530090332
C4_2,xvect,it0197,0.9433521628379822,0.9360637664794922
C4_2,xvect,it0198,0.9117236733436584,0.949598789215088
C4_2,xvect,it0199,0.9564008712768556,0.9658483266830444
C4_2,wavlm_base_plus,it0000,0.885240375995636,0.8945425152778625
C4_2,wavlm_base_plus,it0001,0.8649598360061646,0.9268519878387452
C4_2,wavlm_base_plus,it0002,0.8861179947853088,0.8974548578262329
C4_2,wavlm_base_plus,it0003,0.9332429766654968,0.8728657364845276
C4_2,wavlm_base_plus,it0004,0.972289264202118,0.9435851573944092
C4_2,wavlm_base_plus,it0005,0.9214230179786682,0.9030953645706176
C4_2,wavlm_base_plus,it0006,0.8358314633369446,0.923015832901001
C4_2,wavlm_base_plus,it0007,0.9380961060523988,0.9611976742744446
C4_2,wavlm_base_plus,it0008,0.9135546088218688,0.8913804292678833
C4_2,wavlm_base_plus,it0009,0.9706470966339112,0.9756487607955932
C4_2,wavlm_base_plus,it0010,0.855984628200531,0.8401699066162109
C4_2,wavlm_base_plus,it0011,0.9503964781761168,0.9428404569625854
C4_2,wavlm_base_plus,it0012,0.80870121717453,0.8580712080001831
C4_2,wavlm_base_plus,it0013,0.9555299282073976,0.96281898021698
C4_2,wavlm_base_plus,it0014,0.8850091695785522,0.822064995765686
C4_2,wavlm_base_plus,it0015,0.9201619029045104,0.9273183941841124
C4_2,wavlm_base_plus,it0016,0.942603349685669,0.9582847356796264
C4_2,wavlm_base_plus,it0017,0.9363709092140198,0.9449589252471924
C4_2,wavlm_base_plus,it0018,0.845137357711792,0.8765416741371155
C4_2,wavlm_base_plus,it0019,0.9695063233375548,0.9506678581237792
C4_2,wavlm_base_plus,it0020,0.8272485136985779,0.962346851825714
C4_2,wavlm_base_plus,it0021,0.9393605589866638,0.9616501331329346
C4_2,wavlm_base_plus,it0022,0.934670865535736,0.9016852974891664
C4_2,wavlm_base_plus,it0023,0.94053715467453,0.962167501449585
C4_2,wavlm_base_plus,it0024,0.9699749946594238,0.9608966708183287
C4_2,wavlm_base_plus,it0025,0.9409672021865844,0.9462886452674866
C4_2,wavlm_base_plus,it0026,0.8046332597732544,0.8304170370101929
C4_2,wavlm_base_plus,it0027,0.9482817649841307,0.9316954016685486
C4_2,wavlm_base_plus,it0028,0.944402277469635,0.9339621663093568
C4_2,wavlm_base_plus,it0029,0.8289501667022705,0.9043104648590088
C4_2,wavlm_base_plus,it0030,0.9256155490875244,0.9364378452301024
C4_2,wavlm_base_plus,it0031,0.9080387353897096,0.9400668740272522
C4_2,wavlm_base_plus,it0032,0.9625443816184998,0.9568389654159546
C4_2,wavlm_base_plus,it0033,0.7410653233528137,0.8849223852157593
C4_2,wavlm_base_plus,it0034,0.769249439239502,0.8320832848548889
C4_2,wavlm_base_plus,it0035,0.7430548667907715,0.7933862805366516
C4_2,wavlm_base_plus,it0036,0.9446205496788024,0.9542191028594972
C4_2,wavlm_base_plus,it0037,0.9344342947006226,0.9407281279563904
C4_2,wavlm_base_plus,it0038,0.8763329386711121,0.917313814163208
C4_2,wavlm_base_plus,it0039,0.964105486869812,0.9507707357406616
C4_2,wavlm_base_plus,it0040,0.8998162150382996,0.9320525527000428
C4_2,wavlm_base_plus,it0041,0.9513161182403564,0.9312437176704408
C4_2,wavlm_base_plus,it0042,0.8698849081993103,0.8388282656669617
C4_2,wavlm_base_plus,it0043,0.9014845490455629,0.9159149527549744
C4_2,wavlm_base_plus,it0044,0.8721421957015991,0.939822554588318
C4_2,wavlm_base_plus,it0045,0.924331784248352,0.9321080446243286
C4_2,wavlm_base_plus,it0046,0.8262830972671509,0.9151906371116638
C4_2,wavlm_base_plus,it0047,0.8705592155456543,0.9565073847770692
C4_2,wavlm_base_plus,it0048,0.9631757140159608,0.9455522298812866
C4_2,wavlm_base_plus,it0049,0.8610603213310242,0.8872135877609253
C4_2,wavlm_base_plus,it0050,0.5698224306106567,0.7470522522926331
C4_2,wavlm_base_plus,it0051,0.9359606504440308,0.9451265931129456
C4_2,wavlm_base_plus,it0052,0.9551809430122375,0.8447823524475098
C4_2,wavlm_base_plus,it0053,0.8877584934234619,0.9040127396583556
C4_2,wavlm_base_plus,it0054,0.7618250250816345,0.8205745816230774
C4_2,wavlm_base_plus,it0055,0.9338531494140624,0.917932391166687
C4_2,wavlm_base_plus,it0056,0.9338394403457642,0.926328420639038
C4_2,wavlm_base_plus,it0057,0.8960592746734619,0.9078887701034546
C4_2,wavlm_base_plus,it0058,0.9250950813293456,0.8846056461334229
C4_2,wavlm_base_plus,it0059,0.9776642918586732,0.9667257070541382
C4_2,wavlm_base_plus,it0060,0.808582067489624,0.8428178429603577
C4_2,wavlm_base_plus,it0061,0.9004435539245605,0.9267377853393556
C4_2,wavlm_base_plus,it0062,0.945515513420105,0.9591275453567504
C4_2,wavlm_base_plus,it0063,0.6827039122581482,0.6809105277061462
C4_2,wavlm_base_plus,it0064,0.9307879209518432,0.9295386075973512
C4_2,wavlm_base_plus,it0065,0.9502547979354858,0.9584027528762816
C4_2,wavlm_base_plus,it0066,0.7800585627555847,0.906880497932434
C4_2,wavlm_base_plus,it0067,0.861123263835907,0.8988747596740723
C4_2,wavlm_base_plus,it0068,0.926059365272522,0.9345237016677856
C4_2,wavlm_base_plus,it0069,0.8090885281562805,0.9191699028015136
C4_2,wavlm_base_plus,it0070,0.900915503501892,0.9408807754516602
C4_2,wavlm_base_plus,it0071,0.9022337198257446,0.9148091673851012
C4_2,wavlm_base_plus,it0072,0.9368561506271362,0.9530231952667236
C4_2,wavlm_base_plus,it0073,0.7387580871582031,0.846678614616394
C4_2,wavlm_base_plus,it0074,0.5809743404388428,0.8366819620132446
C4_2,wavlm_base_plus,it0075,0.948225438594818,0.8999357223510742
C4_2,wavlm_base_plus,it0076,0.9012005925178528,0.9037649631500244
C4_2,wavlm_base_plus,it0077,0.8560991883277893,0.907298982143402
C4_2,wavlm_base_plus,it0078,0.8521663546562195,0.8818265795707703
C4_2,wavlm_base_plus,it0079,0.956035614013672,0.960637390613556
C4_2,wavlm_base_plus,it0080,0.9064916968345642,0.8628491163253784
C4_2,wavlm_base_plus,it0081,0.9062766432762146,0.8934151530265808
C4_2,wavlm_base_plus,it0082,0.93873131275177,0.9240794777870178
C4_2,wavlm_base_plus,it0083,0.9752782583236694,0.9484590291976928
C4_2,wavlm_base_plus,it0084,0.907554030418396,0.9121263027191162
C4_2,wavlm_base_plus,it0085,0.9444411396980286,0.9483180046081544
C4_2,wavlm_base_plus,it0086,0.9512749314308168,0.9190567135810852
C4_2,wavlm_base_plus,it0087,0.955920934677124,0.9288273453712464
C4_2,wavlm_base_plus,it0088,0.9222947359085084,0.9321575164794922
C4_2,wavlm_base_plus,it0089,0.9105117917060852,0.9209217429161072
C4_2,wavlm_base_plus,it0090,0.9197723269462584,0.9734846353530884
C4_2,wavlm_base_plus,it0091,0.9363662004470824,0.9027088284492492
C4_2,wavlm_base_plus,it0092,0.8777346014976501,0.9406580328941344
C4_2,wavlm_base_plus,it0093,0.8679914474487305,0.8944477438926697
C4_2,wavlm_base_plus,it0094,0.7142310738563538,0.9432389140129088
C4_2,wavlm_base_plus,it0095,0.90675151348114,0.9167182445526124
C4_2,wavlm_base_plus,it0096,0.9738669395446776,0.934605360031128
C4_2,wavlm_base_plus,it0097,0.9636208415031432,0.9638469815254213
C4_2,wavlm_base_plus,it0098,0.9201450347900392,0.9465162754058838
C4_2,wavlm_base_plus,it0099,0.5966963171958923,0.6835826635360718
C4_2,wavlm_base_plus,it0100,0.9591302275657654,0.973829984664917
C4_2,wavlm_base_plus,it0101,0.9017710089683532,0.9487504363059998
C4_2,wavlm_base_plus,it0102,0.916282594203949,0.9482709169387816
C4_2,wavlm_base_plus,it0103,0.6790226101875305,0.933851718902588
C4_2,wavlm_base_plus,it0104,0.9374480843544006,0.9143537878990172
C4_2,wavlm_base_plus,it0105,0.8598513603210449,0.9239985346794128
C4_2,wavlm_base_plus,it0106,0.8974634408950806,0.8936074376106262
C4_2,wavlm_base_plus,it0107,0.9315794706344604,0.9546017646789552
C4_2,wavlm_base_plus,it0108,0.9504194259643556,0.8853173851966858
C4_2,wavlm_base_plus,it0109,0.9483321905136108,0.959574580192566
C4_2,wavlm_base_plus,it0110,0.7554918527603149,0.6619137525558472
C4_2,wavlm_base_plus,it0111,0.9342679381370544,0.9519048929214478
C4_2,wavlm_base_plus,it0112,0.9234594106674194,0.9432265758514404
C4_2,wavlm_base_plus,it0113,0.953294277191162,0.958402156829834
C4_2,wavlm_base_plus,it0114,0.9335026144981384,0.9417150020599364
C4_2,wavlm_base_plus,it0115,0.8118022084236145,0.899596095085144
C4_2,wavlm_base_plus,it0116,0.9189208149909972,0.9344448447227478
C4_2,wavlm_base_plus,it0117,0.92277729511261,0.9542669057846068
C4_2,wavlm_base_plus,it0118,0.9258315563201904,0.9257606267929076
C4_2,wavlm_base_plus,it0119,0.948195219039917,0.9377365112304688
C4_2,wavlm_base_plus,it0120,0.9600988030433656,0.9602742195129396
C4_2,wavlm_base_plus,it0121,0.9490749835968018,0.9529985189437866
C4_2,wavlm_base_plus,it0122,0.9164875745773317,0.9569085240364076
C4_2,wavlm_base_plus,it0123,0.980823278427124,0.9582229852676392
C4_2,wavlm_base_plus,it0124,0.8934038877487183,0.8652625679969788
C4_2,wavlm_base_plus,it0125,0.9407875537872314,0.9298914670944214
C4_2,wavlm_base_plus,it0126,0.8968035578727722,0.9345567226409912
C4_2,wavlm_base_plus,it0127,0.8958373665809631,0.8170179128646851
C4_2,wavlm_base_plus,it0128,0.9324487447738647,0.8915677666664124
C4_2,wavlm_base_plus,it0129,0.7925739288330078,0.9260361790657043
C4_2,wavlm_base_plus,it0130,0.8014714121818542,0.8283268213272095
C4_2,wavlm_base_plus,it0131,0.963434100151062,0.968686580657959
C4_2,wavlm_base_plus,it0132,0.7589477896690369,0.7948017120361328
C4_2,wavlm_base_plus,it0133,0.9459365606307985,0.9837607741355896
C4_2,wavlm_base_plus,it0134,0.9294102787971495,0.9046446084976196
C4_2,wavlm_base_plus,it0135,0.7050357460975647,0.7801088690757751
C4_2,wavlm_base_plus,it0136,0.8010886311531067,0.8154500126838684
C4_2,wavlm_base_plus,it0137,0.9158942699432372,0.8989336490631104
C4_2,wavlm_base_plus,it0138,0.878756582736969,0.9244964122772216
C4_2,wavlm_base_plus,it0139,0.7976942658424377,0.9642488956451416
C4_2,wavlm_base_plus,it0140,0.912954568862915,0.935685396194458
C4_2,wavlm_base_plus,it0141,0.965640902519226,0.9657450318336488
C4_2,wavlm_base_plus,it0142,0.8931834697723389,0.8810548186302185
C4_2,wavlm_base_plus,it0143,0.9504236578941344,0.9432532787322998
C4_2,wavlm_base_plus,it0144,0.9546091556549072,0.9504977464675904
C4_2,wavlm_base_plus,it0145,0.8032437562942505,0.9165844917297364
C4_2,wavlm_base_plus,it0146,0.8798911571502686,0.8959895968437195
C4_2,wavlm_base_plus,it0147,0.9034721851348876,0.8723126649856567
C4_2,wavlm_base_plus,it0148,0.8180887699127197,0.8943190574645996
C4_2,wavlm_base_plus,it0149,0.9187849760055542,0.9170976877212524
C4_2,wavlm_base_plus,it0150,0.8026179075241089,0.9411938786506652
C4_2,wavlm_base_plus,it0151,0.875962495803833,0.915735125541687
C4_2,wavlm_base_plus,it0152,0.9239529967308044,0.9507536292076112
C4_2,wavlm_base_plus,it0153,0.9609321355819702,0.9415239095687866
C4_2,wavlm_base_plus,it0154,0.4936326742172241,0.7413076162338257
C4_2,wavlm_base_plus,it0155,0.9093015789985656,0.8675234317779541
C4_2,wavlm_base_plus,it0156,0.8553011417388916,0.8466871380805969
C4_2,wavlm_base_plus,it0157,0.9155084490776062,0.913299024105072
C4_2,wavlm_base_plus,it0158,0.9131296277046204,0.9664945602416992
C4_2,wavlm_base_plus,it0159,0.9377052187919616,0.9436838626861572
C4_2,wavlm_base_plus,it0160,0.928691864013672,0.9629023671150208
C4_2,wavlm_base_plus,it0161,0.9602518677711488,0.957657754421234
C4_2,wavlm_base_plus,it0162,0.8778955340385437,0.9263323545455932
C4_2,wavlm_base_plus,it0163,0.8619914054870605,0.9102877378463744
C4_2,wavlm_base_plus,it0164,0.9383865594863892,0.9669457077980042
C4_2,wavlm_base_plus,it0165,0.7669945955276489,0.8294723033905029
C4_2,wavlm_base_plus,it0166,0.8992831110954285,0.8817228674888611
C4_2,wavlm_base_plus,it0167,0.9695407152175904,0.9463008046150208
C4_2,wavlm_base_plus,it0168,0.9140415787696838,0.9582748413085938
C4_2,wavlm_base_plus,it0169,0.9527342319488524,0.9499700665473938
C4_2,wavlm_base_plus,it0170,0.9082460999488832,0.9491175413131714
C4_2,wavlm_base_plus,it0171,0.9526811838150024,0.9470021724700928
C4_2,wavlm_base_plus,it0172,0.8093491792678833,0.8878433108329773
C4_2,wavlm_base_plus,it0173,0.9752668142318726,0.9758782386779784
C4_2,wavlm_base_plus,it0174,0.8820462226867676,0.908835232257843
C4_2,wavlm_base_plus,it0175,0.88810795545578,0.9258213639259338
C4_2,wavlm_base_plus,it0176,0.9281996488571168,0.901642382144928
C4_2,wavlm_base_plus,it0177,0.9270711541175842,0.9373021125793456
C4_2,wavlm_base_plus,it0178,0.8821070194244385,0.9531461596488952
C4_2,wavlm_base_plus,it0179,0.9355153441429138,0.9357838034629822
C4_2,wavlm_base_plus,it0180,0.9390616416931152,0.9266213178634644
C4_2,wavlm_base_plus,it0181,0.885374128818512,0.9167072772979736
C4_2,wavlm_base_plus,it0182,0.9746432900428772,0.962024986743927
C4_2,wavlm_base_plus,it0183,0.974389374256134,0.9337782859802246
C4_2,wavlm_base_plus,it0184,0.88398677110672,0.8631408214569092
C4_2,wavlm_base_plus,it0185,0.9445027112960817,0.934467077255249
C4_2,wavlm_base_plus,it0186,0.9447129964828492,0.9400606155395508
C4_2,wavlm_base_plus,it0187,0.8754186034202576,0.872622013092041
C4_2,wavlm_base_plus,it0188,0.9633183479309082,0.9116266965866088
C4_2,wavlm_base_plus,it0189,0.9567474722862244,0.914383053779602
C4_2,wavlm_base_plus,it0190,0.9711970686912536,0.9572460651397704
C4_2,wavlm_base_plus,it0191,0.9606638550758362,0.9656171202659608
C4_2,wavlm_base_plus,it0192,0.921847403049469,0.9158626198768616
C4_2,wavlm_base_plus,it0193,0.9261071085929872,0.9418612122535706
C4_2,wavlm_base_plus,it0194,0.9386987686157228,0.9370149970054626
C4_2,wavlm_base_plus,it0195,0.979846715927124,0.9444302320480348
C4_2,wavlm_base_plus,it0196,0.935714840888977,0.9242518544197084
C4_2,wavlm_base_plus,it0197,0.910508632659912,0.957027792930603
C4_2,wavlm_base_plus,it0198,0.7113485336303711,0.7495577335357666
C4_2,wavlm_base_plus,it0199,0.938275158405304,0.9670583605766296
C5_0,wavlm_large,it0000,0.522472083568573,0.5440915822982788
C5_0,wavlm_large,it0001,0.348411500453949,0.3435610830783844
C5_0,wavlm_large,it0002,0.2916305959224701,0.4065395891666412
C5_0,wavlm_large,it0003,0.1463004350662231,0.3237133026123047
C5_0,wavlm_large,it0004,0.2327823638916015,0.3420900106430053
C5_0,wavlm_large,it0005,0.495215892791748,0.4768424928188324
C5_0,wavlm_large,it0006,0.3626657426357269,0.4235149323940277
C5_0,wavlm_large,it0007,0.290740966796875,0.3780737519264221
C5_0,wavlm_large,it0008,0.2617014348506927,0.3239211142063141
C5_0,wavlm_large,it0009,0.4621403217315674,0.5908457636833191
C5_0,wavlm_large,it0010,0.5748546719551086,0.5902607440948486
C5_0,wavlm_large,it0011,0.4026829898357391,0.4755240380764007
C5_0,wavlm_large,it0012,0.4610947668552398,0.5206781029701233
C5_0,wavlm_large,it0013,0.6076911091804504,0.5983071327209473
C5_0,wavlm_large,it0014,0.4566293954849243,0.4321818649768829
C5_0,wavlm_large,it0015,0.4383732080459595,0.5609405636787415
C5_0,wavlm_large,it0016,0.4186583757400512,0.5695388913154602
C5_0,wavlm_large,it0017,0.3164144456386566,0.4899313449859619
C5_0,wavlm_large,it0018,0.2137922346591949,0.3664711713790893
C5_0,wavlm_large,it0019,0.4819580614566803,0.5433229207992554
C5_0,wavlm_large,it0020,0.2743153572082519,0.4315859973430633
C5_0,wavlm_large,it0021,0.3648227751255035,0.414911687374115
C5_0,wavlm_large,it0022,0.3837150037288666,0.4804251492023468
C5_0,wavlm_large,it0023,0.4521903395652771,0.5994986295700073
C5_0,wavlm_large,it0024,0.5243114829063416,0.5678883790969849
C5_0,wavlm_large,it0025,0.6082746386528015,0.6225333213806152
C5_0,wavlm_large,it0026,0.2649504840373993,0.3534010350704193
C5_0,wavlm_large,it0027,0.54996657371521,0.6464147567749023
C5_0,wavlm_large,it0028,0.5364596843719482,0.6030372381210327
C5_0,wavlm_large,it0029,0.2457406967878341,0.4121293127536773
C5_0,wavlm_large,it0030,0.5049125552177429,0.4797291159629822
C5_0,wavlm_large,it0031,0.2828059792518616,0.3211918771266937
C5_0,wavlm_large,it0032,0.5308351516723633,0.6495762467384338
C5_0,wavlm_large,it0033,0.3263368606567383,0.3517914116382599
C5_0,wavlm_large,it0034,0.3023330271244049,0.5461431741714478
C5_0,wavlm_large,it0035,0.2052779644727707,0.2897451519966125
C5_0,wavlm_large,it0036,0.4550119936466217,0.5109637379646301
C5_0,wavlm_large,it0037,0.5189772844314575,0.5723564028739929
C5_0,wavlm_large,it0038,0.216367095708847,0.2741981744766235
C5_0,wavlm_large,it0039,0.429853230714798,0.5308982729911804
C5_0,wavlm_large,it0040,0.3054326474666595,0.2602620720863342
C5_0,wavlm_large,it0041,0.3264914453029632,0.4135857820510864
C5_0,wavlm_large,it0042,0.347017765045166,0.4355040192604065
C5_0,wavlm_large,it0043,0.3363756239414215,0.2636512517929077
C5_0,wavlm_large,it0044,0.4788675606250763,0.6109468936920166
C5_0,wavlm_large,it0045,0.4225850105285644,0.4493002891540527
C5_0,wavlm_large,it0046,0.3198042511940002,0.3244279623031616
C5_0,wavlm_large,it0047,0.2143890708684921,0.3052368462085724
C5_0,wavlm_large,it0048,0.373002290725708,0.4865561723709106
C5_0,wavlm_large,it0049,0.425053060054779,0.5417827367782593
C5_0,wavlm_large,it0050,-0.1992450952529907,0.1465227901935577
C5_0,wavlm_large,it0051,0.4082722961902618,0.4896435141563415
C5_0,wavlm_large,it0052,0.2015741020441055,0.3996266424655914
C5_0,wavlm_large,it0053,0.1502974480390548,0.3740938901901245
C5_0,wavlm_large,it0054,-0.0145549681037664,0.2181732207536697
C5_0,wavlm_large,it0055,0.5800571441650391,0.5466127991676331
C5_0,wavlm_large,it0056,0.1164860725402832,0.3726366758346557
C5_0,wavlm_large,it0057,0.3324940502643585,0.4767909944057464
C5_0,wavlm_large,it0058,0.2819755673408508,0.4370210766792297
C5_0,wavlm_large,it0059,0.4545650482177734,0.530290961265564
C5_0,wavlm_large,it0060,0.469614565372467,0.4989939630031585
C5_0,wavlm_large,it0061,0.6857357025146484,0.6037251353263855
C5_0,wavlm_large,it0062,0.4166693091392517,0.593344509601593
C5_0,wavlm_large,it0063,0.262345403432846,0.3584915995597839
C5_0,wavlm_large,it0064,0.3883029520511627,0.4584095478057861
C5_0,wavlm_large,it0065,0.5667101740837097,0.629494845867157
C5_0,wavlm_large,it0066,0.3618642389774322,0.3692214787006378
C5_0,wavlm_large,it0067,0.1886416375637054,0.3477433323860168
C5_0,wavlm_large,it0068,0.6468164920806885,0.6453396677970886
C5_0,wavlm_large,it0069,0.3706959784030914,0.3674552142620086
C5_0,wavlm_large,it0070,0.4600086212158203,0.4729232788085937
C5_0,wavlm_large,it0071,0.5534307956695557,0.6075326800346375
C5_0,wavlm_large,it0072,0.4782030880451202,0.4891862273216247
C5_0,wavlm_large,it0073,0.1023555696010589,0.388422816991806
C5_0,wavlm_large,it0074,0.4077037870883941,0.3154914975166321
C5_0,wavlm_large,it0075,0.4916515052318573,0.3782904148101806
C5_0,wavlm_large,it0076,0.2507364153861999,0.4438956081867218
C5_0,wavlm_large,it0077,0.1283056139945984,0.6393400430679321
C5_0,wavlm_large,it0078,0.2751561105251312,0.3756414353847503
C5_0,wavlm_large,it0079,0.5997360348701477,0.6036681532859802
C5_0,wavlm_large,it0080,0.2719121277332306,0.3056245446205139
C5_0,wavlm_large,it0081,0.2321580201387405,0.3507613241672516
C5_0,wavlm_large,it0082,0.4156196415424347,0.5192389488220215
C5_0,wavlm_large,it0083,0.3637971580028534,0.3719752728939056
C5_0,wavlm_large,it0084,0.4245379865169525,0.5000177025794983
C5_0,wavlm_large,it0085,0.3830452859401703,0.5109716057777405
C5_0,wavlm_large,it0086,0.5576845407485962,0.5915148854255676
C5_0,wavlm_large,it0087,0.5399559736251831,0.6892841458320618
C5_0,wavlm_large,it0088,0.35295569896698,0.3888855874538421
C5_0,wavlm_large,it0089,0.3620685636997223,0.3888685703277588
C5_0,wavlm_large,it0090,0.5185967087745667,0.5475585460662842
C5_0,wavlm_large,it0091,0.4024167358875274,0.5062522292137146
C5_0,wavlm_large,it0092,0.4241663217544555,0.6260015368461609
C5_0,wavlm_large,it0093,0.4968405961990356,0.5150789022445679
C5_0,wavlm_large,it0094,0.3934180736541748,0.5557320713996887
C5_0,wavlm_large,it0095,0.5751309394836426,0.5471119284629822
C5_0,wavlm_large,it0096,0.3273124098777771,0.4006572365760803
C5_0,wavlm_large,it0097,0.6278814077377319,0.5920507907867432
C5_0,wavlm_large,it0098,0.3417195677757263,0.4380523562431335
C5_0,wavlm_large,it0099,0.1367674171924591,0.2865068912506103
C5_0,wavlm_large,it0100,0.5908968448638916,0.6409525871276855
C5_0,wavlm_large,it0101,0.3123429417610168,0.3560361862182617
C5_0,wavlm_large,it0102,0.4469393491744995,0.4660546779632568
C5_0,wavlm_large,it0103,0.4659435153007507,0.5191391706466675
C5_0,wavlm_large,it0104,0.4746388792991638,0.5156068801879883
C5_0,wavlm_large,it0105,0.5560930967330933,0.6282792687416077
C5_0,wavlm_large,it0106,0.2335440516471862,0.4208854734897613
C5_0,wavlm_large,it0107,0.4319797158241272,0.5521786212921143
C5_0,wavlm_large,it0108,0.2998717427253723,0.3036602139472961
C5_0,wavlm_large,it0109,0.4413347840309143,0.5836677551269531
C5_0,wavlm_large,it0110,0.1855172663927078,0.4332539737224579
C5_0,wavlm_large,it0111,0.050050064921379,0.0861266776919364
C5_0,wavlm_large,it0112,0.5645591616630554,0.5407805442810059
C5_0,wavlm_large,it0113,0.5160151720046997,0.5180099606513977
C5_0,wavlm_large,it0114,0.4861066937446594,0.5103353261947632
C5_0,wavlm_large,it0115,0.1273109018802642,0.2213747203350067
C5_0,wavlm_large,it0116,0.3726839423179626,0.4346309006214142
C5_0,wavlm_large,it0117,0.489622563123703,0.5866134762763977
C5_0,wavlm_large,it0118,0.443304181098938,0.5026940107345581
C5_0,wavlm_large,it0119,0.5966278314590454,0.6870537400245667
C5_0,wavlm_large,it0120,0.5154761075973511,0.5804121494293213
C5_0,wavlm_large,it0121,0.4258337020874023,0.4768381118774414
C5_0,wavlm_large,it0122,0.3900637924671173,0.4129645824432373
C5_0,wavlm_large,it0123,0.4998366236686706,0.5347473621368408
C5_0,wavlm_large,it0124,0.4825208783149719,0.4579154253005981
C5_0,wavlm_large,it0125,0.4954434931278229,0.4644919335842132
C5_0,wavlm_large,it0126,0.3675485253334045,0.4789892733097076
C5_0,wavlm_large,it0127,0.2744782567024231,0.43756303191185
C5_0,wavlm_large,it0128,0.2730492949485779,0.4277673363685608
C5_0,wavlm_large,it0129,0.3229151964187622,0.3153847455978393
C5_0,wavlm_large,it0130,0.4342528283596039,0.44245046377182
C5_0,wavlm_large,it0131,0.4064173996448517,0.4283794462680816
C5_0,wavlm_large,it0132,0.307184100151062,0.3571468293666839
C5_0,wavlm_large,it0133,0.5486198663711548,0.6021246910095215
C5_0,wavlm_large,it0134,0.2499517351388931,0.2602707743644714
C5_0,wavlm_large,it0135,0.3339170515537262,0.4120057821273803
C5_0,wavlm_large,it0136,0.5173491835594177,0.4878745377063751
C5_0,wavlm_large,it0137,0.3508148789405823,0.4441389441490173
C5_0,wavlm_large,it0138,0.5467163324356079,0.5957803130149841
C5_0,wavlm_large,it0139,0.2890888452529907,0.396789014339447
C5_0,wavlm_large,it0140,0.2521860599517822,0.4632684290409088
C5_0,wavlm_large,it0141,0.5907573699951172,0.6929810047149658
C5_0,wavlm_large,it0142,0.4080396592617035,0.3697018623352051
C5_0,wavlm_large,it0143,0.3387993276119232,0.4854743480682373
C5_0,wavlm_large,it0144,0.4390385746955871,0.4719062745571136
C5_0,wavlm_large,it0145,0.4948647320270538,0.6383348703384399
C5_0,wavlm_large,it0146,0.3683468103408813,0.5629551410675049
C5_0,wavlm_large,it0147,0.3914909362792969,0.4014017879962921
C5_0,wavlm_large,it0148,0.1002105996012687,0.1533946096897125
C5_0,wavlm_large,it0149,0.478582501411438,0.4987182915210724
C5_0,wavlm_large,it0150,0.1809880435466766,0.3104562163352966
C5_0,wavlm_large,it0151,0.4882038235664367,0.5434567928314209
C5_0,wavlm_large,it0152,0.3941055536270141,0.5519421100616455
C5_0,wavlm_large,it0153,0.3968233466148376,0.4278700947761535
C5_0,wavlm_large,it0154,0.2214665412902832,0.3158098757266998
C5_0,wavlm_large,it0155,0.407098650932312,0.392421543598175
C5_0,wavlm_large,it0156,0.2698096632957458,0.289201945066452
C5_0,wavlm_large,it0157,0.4653126299381256,0.506289541721344
C5_0,wavlm_large,it0158,0.2962778210639953,0.4078817069530487
C5_0,wavlm_large,it0159,0.264958769083023,0.3230610489845276
C5_0,wavlm_large,it0160,0.4930054545402527,0.4627005159854889
C5_0,wavlm_large,it0161,0.3072149157524109,0.3658499419689178
C5_0,wavlm_large,it0162,0.283780574798584,0.4093178808689117
C5_0,wavlm_large,it0163,0.3610393404960632,0.4462445378303528
C5_0,wavlm_large,it0164,0.2818347513675689,0.4217177033424377
C5_0,wavlm_large,it0165,0.2912055253982544,0.3719006776809692
C5_0,wavlm_large,it0166,0.2354916781187057,0.3353989422321319
C5_0,wavlm_large,it0167,0.3826673924922943,0.5240530371665955
C5_0,wavlm_large,it0168,0.3051439821720123,0.3696223795413971
C5_0,wavlm_large,it0169,0.4023188352584839,0.4404025673866272
C5_0,wavlm_large,it0170,0.2880428731441498,0.4315248131752014
C5_0,wavlm_large,it0171,0.6575043201446533,0.6235822439193726
C5_0,wavlm_large,it0172,0.3141511082649231,0.4360284209251404
C5_0,wavlm_large,it0173,0.6024178862571716,0.6756101846694946
C5_0,wavlm_large,it0174,0.3173699975013733,0.3667140007019043
C5_0,wavlm_large,it0175,0.3973384797573089,0.4518638551235199
C5_0,wavlm_large,it0176,0.3519572615623474,0.4156160950660705
C5_0,wavlm_large,it0177,0.5210589170455933,0.4067794978618622
C5_0,wavlm_large,it0178,0.2316576540470123,0.2406824678182602
C5_0,wavlm_large,it0179,0.6430174112319946,0.675284743309021
C5_0,wavlm_large,it0180,0.4806116223335266,0.5453879237174988
C5_0,wavlm_large,it0181,0.5098096132278442,0.5431687831878662
C5_0,wavlm_large,it0182,0.3921698927879333,0.4981515407562256
C5_0,wavlm_large,it0183,0.5912757515907288,0.6371142864227295
C5_0,wavlm_large,it0184,0.1358392387628555,0.3068985939025879
C5_0,wavlm_large,it0185,0.4493884444236755,0.5404848456382751
C5_0,wavlm_large,it0186,0.433901697397232,0.5469889044761658
C5_0,wavlm_large,it0187,0.334763765335083,0.4787476658821106
C5_0,wavlm_large,it0188,0.4239757359027862,0.4932164847850799
C5_0,wavlm_large,it0189,0.1979878097772598,0.3243857622146606
C5_0,wavlm_large,it0190,0.5580804347991943,0.5864118337631226
C5_0,wavlm_large,it0191,0.3202476501464844,0.3305169939994812
C5_0,wavlm_large,it0192,0.5586037635803223,0.6241539120674133
C5_0,wavlm_large,it0193,0.268174260854721,0.2354941070079803
C5_0,wavlm_large,it0194,0.5293411612510681,0.6463639140129089
C5_0,wavlm_large,it0195,0.4490332901477813,0.494713693857193
C5_0,wavlm_large,it0196,0.433261513710022,0.4887075126171112
C5_0,wavlm_large,it0197,0.3212555348873138,0.4603751599788666
C5_0,wavlm_large,it0198,0.2004818022251129,0.3688465356826782
C5_0,wavlm_large,it0199,0.4882743954658508,0.4978896379470825
C5_0,ecapa,it0000,0.5358884334564209,0.5336259603500366
C5_0,ecapa,it0001,0.5504937171936035,0.5201495885848999
C5_0,ecapa,it0002,0.3319811820983886,0.4594112932682037
C5_0,ecapa,it0003,0.1953396201133728,0.4286632537841797
C5_0,ecapa,it0004,0.391919732093811,0.5154374241828918
C5_0,ecapa,it0005,0.4404081106185913,0.45236736536026
C5_0,ecapa,it0006,0.4218042194843292,0.3050140738487243
C5_0,ecapa,it0007,0.2821570634841919,0.2391849160194397
C5_0,ecapa,it0008,0.3016034066677093,0.2562184929847717
C5_0,ecapa,it0009,0.544502317905426,0.5202262997627258
C5_0,ecapa,it0010,0.6197583079338074,0.5480722784996033
C5_0,ecapa,it0011,0.4499430060386657,0.4843208789825439
C5_0,ecapa,it0012,0.4656250178813934,0.5642589330673218
C5_0,ecapa,it0013,0.5183636546134949,0.6012172102928162
C5_0,ecapa,it0014,0.5631279349327087,0.3872424960136413
C5_0,ecapa,it0015,0.4421629607677459,0.5971401929855347
C5_0,ecapa,it0016,0.5720633864402771,0.7363615036010742
C5_0,ecapa,it0017,0.4742413759231567,0.4845621287822723
C5_0,ecapa,it0018,0.3005566298961639,0.3495751917362213
C5_0,ecapa,it0019,0.5248687267303467,0.6453445553779602
C5_0,ecapa,it0020,0.3722579479217529,0.4452412724494934
C5_0,ecapa,it0021,0.4431232810020447,0.4734797179698944
C5_0,ecapa,it0022,0.4356910586357116,0.3494040966033935
C5_0,ecapa,it0023,0.4714642167091369,0.5877249240875244
C5_0,ecapa,it0024,0.6621317863464355,0.6869450211524963
C5_0,ecapa,it0025,0.5886637568473816,0.6260729432106018
C5_0,ecapa,it0026,0.190138965845108,0.3273121118545532
C5_0,ecapa,it0027,0.6848496198654175,0.6933695673942566
C5_0,ecapa,it0028,0.4842147529125213,0.5588541626930237
C5_0,ecapa,it0029,0.2183566689491272,0.4051269888877868
C5_0,ecapa,it0030,0.5024784207344055,0.5681796073913574
C5_0,ecapa,it0031,0.2501644790172577,0.4311634004116058
C5_0,ecapa,it0032,0.6376432776451111,0.665598452091217
C5_0,ecapa,it0033,0.4107191860675812,0.4197115898132324
C5_0,ecapa,it0034,0.3998486995697021,0.5171805024147034
C5_0,ecapa,it0035,0.3115073144435882,0.3287303745746612
C5_0,ecapa,it0036,0.5221549272537231,0.5269636511802673
C5_0,ecapa,it0037,0.5789192914962769,0.5741046667098999
C5_0,ecapa,it0038,0.3877599239349365,0.4273294806480407
C5_0,ecapa,it0039,0.4869398772716522,0.5493853092193604
C5_0,ecapa,it0040,0.2932623326778412,0.3455711007118225
C5_0,ecapa,it0041,0.6434431672096252,0.6021056771278381
C5_0,ecapa,it0042,0.3969237804412842,0.4288933873176574
C5_0,ecapa,it0043,0.300109714269638,0.308113545179367
C5_0,ecapa,it0044,0.5466257929801941,0.5630053877830505
C5_0,ecapa,it0045,0.286266565322876,0.262733906507492
C5_0,ecapa,it0046,0.3012018501758575,0.3129420876502991
C5_0,ecapa,it0047,0.2283875942230224,0.382125586271286
C5_0,ecapa,it0048,0.5423755645751953,0.583092451095581
C5_0,ecapa,it0049,0.4075085818767547,0.3550991415977478
C5_0,ecapa,it0050,0.0801735371351242,0.2161014825105667
C5_0,ecapa,it0051,0.1597772538661956,0.2231327593326568
C5_0,ecapa,it0052,0.2914161086082458,0.3419748544692993
C5_0,ecapa,it0053,0.1436763107776641,0.2500713467597961
C5_0,ecapa,it0054,0.2080265283584594,0.2753065824508667
C5_0,ecapa,it0055,0.5625532269477844,0.5530339479446411
C5_0,ecapa,it0056,0.2470932602882385,0.4328795671463012
C5_0,ecapa,it0057,0.5256553888320923,0.5522332787513733
C5_0,ecapa,it0058,0.2141764760017395,0.4093712866306305
C5_0,ecapa,it0059,0.4468149840831756,0.545616865158081
C5_0,ecapa,it0060,0.5202670097351074,0.5633479356765747
C5_0,ecapa,it0061,0.5671339631080627,0.5561581254005432
C5_0,ecapa,it0062,0.5649117827415466,0.6161574125289917
C5_0,ecapa,it0063,0.3250599205493927,0.3824516534805298
C5_0,ecapa,it0064,0.2329060584306717,0.3681171536445617
C5_0,ecapa,it0065,0.518245279788971,0.6489027738571167
C5_0,ecapa,it0066,0.3426733911037445,0.3930803835391998
C5_0,ecapa,it0067,0.2418844699859619,0.3537701964378357
C5_0,ecapa,it0068,0.6765364408493042,0.6962055563926697
C5_0,ecapa,it0069,0.3875097632408142,0.2984679043292999
C5_0,ecapa,it0070,0.3140508830547333,0.4069340825080871
C5_0,ecapa,it0071,0.5404587984085083,0.6029879450798035
C5_0,ecapa,it0072,0.4679144918918609,0.4589037895202636
C5_0,ecapa,it0073,0.1201144009828567,0.1882046163082122
C5_0,ecapa,it0074,0.4502045214176178,0.3372243642807007
C5_0,ecapa,it0075,0.2892745733261108,0.3719225823879242
C5_0,ecapa,it0076,0.5060662031173706,0.5142708420753479
C5_0,ecapa,it0077,0.3020194470882416,0.4384099841117859
C5_0,ecapa,it0078,0.3204968869686126,0.3967170417308807
C5_0,ecapa,it0079,0.6404397487640381,0.5602664947509766
C5_0,ecapa,it0080,0.3951094448566437,0.3973850607872009
C5_0,ecapa,it0081,0.3582782447338104,0.2622317969799042
C5_0,ecapa,it0082,0.4278475642204284,0.5172485113143921
C5_0,ecapa,it0083,0.4230184853076935,0.4130747616291046
C5_0,ecapa,it0084,0.5714083909988403,0.6318128108978271
C5_0,ecapa,it0085,0.4958162307739258,0.548603892326355
C5_0,ecapa,it0086,0.6535732746124268,0.6616125702857971
C5_0,ecapa,it0087,0.531781792640686,0.5734412670135498
C5_0,ecapa,it0088,0.3811736106872558,0.402997076511383
C5_0,ecapa,it0089,0.4500714540481567,0.5037090182304382
C5_0,ecapa,it0090,0.4946877360343933,0.5116134285926819
C5_0,ecapa,it0091,0.3848564922809601,0.4527575671672821
C5_0,ecapa,it0092,0.4884474873542785,0.6408791542053223
C5_0,ecapa,it0093,0.5688284635543823,0.5817268490791321
C5_0,ecapa,it0094,0.454874187707901,0.5145366191864014
C5_0,ecapa,it0095,0.5067155957221985,0.5262945890426636
C5_0,ecapa,it0096,0.5132641792297363,0.5008981227874756
C5_0,ecapa,it0097,0.6508070826530457,0.6342518925666809
C5_0,ecapa,it0098,0.5351965427398682,0.5805867910385132
C5_0,ecapa,it0099,0.2153423577547073,0.2411446869373321
C5_0,ecapa,it0100,0.5959323644638062,0.6769847869873047
C5_0,ecapa,it0101,0.3349481523036957,0.4249761700630188
C5_0,ecapa,it0102,0.2884470820426941,0.3081775307655334
C5_0,ecapa,it0103,0.4566787183284759,0.4343598783016205
C5_0,ecapa,it0104,0.440549373626709,0.4591543078422546
C5_0,ecapa,it0105,0.453216552734375,0.3674276471138
C5_0,ecapa,it0106,0.404924988746643,0.3913571834564209
C5_0,ecapa,it0107,0.5968204736709595,0.6021736264228821
C5_0,ecapa,it0108,0.349483847618103,0.3944266438484192
C5_0,ecapa,it0109,0.4161047041416168,0.5519680976867676
C5_0,ecapa,it0110,0.1210957318544387,0.2286722064018249
C5_0,ecapa,it0111,0.145250603556633,0.2023181766271591
C5_0,ecapa,it0112,0.6227021217346191,0.6575209498405457
C5_0,ecapa,it0113,0.5595991611480713,0.6098970770835876
C5_0,ecapa,it0114,0.4527027010917663,0.486713707447052
C5_0,ecapa,it0115,0.3379469215869903,0.3606014251708984
C5_0,ecapa,it0116,0.4694149494171142,0.6010649800300598
C5_0,ecapa,it0117,0.4838959574699402,0.4586438536643982
C5_0,ecapa,it0118,0.4478543996810913,0.5693051218986511
C5_0,ecapa,it0119,0.5626125931739807,0.5490203499794006
C5_0,ecapa,it0120,0.6458616852760315,0.594841480255127
C5_0,ecapa,it0121,0.5147073268890381,0.4304350018501282
C5_0,ecapa,it0122,0.3691985607147217,0.3039118647575378
C5_0,ecapa,it0123,0.2331032752990722,0.3031618297100067
C5_0,ecapa,it0124,0.6480984091758728,0.6156777143478394
C5_0,ecapa,it0125,0.5330820083618164,0.5827047824859619
C5_0,ecapa,it0126,0.463846206665039,0.4442741870880127
C5_0,ecapa,it0127,0.3348470032215118,0.4048625528812408
C5_0,ecapa,it0128,0.2599717378616333,0.2804503440856933
C5_0,ecapa,it0129,0.2310338169336319,0.3349591791629791
C5_0,ecapa,it0130,0.2697746455669403,0.3533356487751007
C5_0,ecapa,it0131,0.2842574715614319,0.4214672148227691
C5_0,ecapa,it0132,0.376365065574646,0.4511234760284424
C5_0,ecapa,it0133,0.504336416721344,0.6203244924545288
C5_0,ecapa,it0134,0.4499734938144684,0.3850111067295074
C5_0,ecapa,it0135,0.3073873519897461,0.3891223073005676
C5_0,ecapa,it0136,0.4138973951339721,0.4299228191375732
C5_0,ecapa,it0137,0.4933406710624695,0.5568952560424805
C5_0,ecapa,it0138,0.5073957443237305,0.4485912919044494
C5_0,ecapa,it0139,0.5180791020393372,0.5787100195884705
C5_0,ecapa,it0140,0.3099410533905029,0.4077721834182739
C5_0,ecapa,it0141,0.5026015639305115,0.6290003061294556
C5_0,ecapa,it0142,0.4653749465942383,0.3204308152198791
C5_0,ecapa,it0143,0.3179701566696167,0.4055471122264862
C5_0,ecapa,it0144,0.5472543835639954,0.4732031524181366
C5_0,ecapa,it0145,0.4846275746822357,0.5652775168418884
C5_0,ecapa,it0146,0.4618931412696838,0.5599152445793152
C5_0,ecapa,it0147,0.4321921467781067,0.4115878939628601
C5_0,ecapa,it0148,0.0640962868928909,0.0783097222447395
C5_0,ecapa,it0149,0.5885382890701294,0.5210176706314087
C5_0,ecapa,it0150,0.1621434688568115,0.521454393863678
C5_0,ecapa,it0151,0.5903075933456421,0.576473593711853
C5_0,ecapa,it0152,0.4125134646892547,0.5610402822494507
C5_0,ecapa,it0153,0.3141432702541351,0.2717872858047485
C5_0,ecapa,it0154,0.3968546092510223,0.4060427546501159
C5_0,ecapa,it0155,0.3064094483852386,0.2552056312561035
C5_0,ecapa,it0156,0.2989509701728821,0.3019012212753296
C5_0,ecapa,it0157,0.493495374917984,0.4846163690090179
C5_0,ecapa,it0158,0.4181767404079437,0.4355587959289551
C5_0,ecapa,it0159,0.3982312679290771,0.410378485918045
C5_0,ecapa,it0160,0.593103289604187,0.5280463695526123
C5_0,ecapa,it0161,0.3996706306934356,0.5017173290252686
C5_0,ecapa,it0162,0.075118102133274,0.1767752170562744
C5_0,ecapa,it0163,0.4362853765487671,0.5346302390098572
C5_0,ecapa,it0164,0.4355130791664123,0.5532717704772949
C5_0,ecapa,it0165,0.3955214619636535,0.4018154144287109
C5_0,ecapa,it0166,0.5352351069450378,0.5694541931152344
C5_0,ecapa,it0167,0.3124196529388428,0.4756268858909607
C5_0,ecapa,it0168,0.3333390951156616,0.4259877204895019
C5_0,ecapa,it0169,0.3669490814208984,0.3978369235992431
C5_0,ecapa,it0170,0.4622015058994293,0.4081418514251709
C5_0,ecapa,it0171,0.6922047734260559,0.6771098971366882
C5_0,ecapa,it0172,0.2027042806148529,0.2064686715602874
C5_0,ecapa,it0173,0.6452317237854004,0.662284791469574
C5_0,ecapa,it0174,0.4784754812717438,0.5637392401695251
C5_0,ecapa,it0175,0.1612447053194046,0.2540084421634674
C5_0,ecapa,it0176,0.328609824180603,0.4231187105178833
C5_0,ecapa,it0177,0.4487720727920532,0.4012041091918945
C5_0,ecapa,it0178,0.3089225888252258,0.3560603559017181
C5_0,ecapa,it0179,0.6433641314506531,0.6400080323219299
C5_0,ecapa,it0180,0.3758968412876129,0.4370664358139038
C5_0,ecapa,it0181,0.5756967663764954,0.5060628056526184
C5_0,ecapa,it0182,0.5284425020217896,0.5248521566390991
C5_0,ecapa,it0183,0.5829949378967285,0.5991947054862976
C5_0,ecapa,it0184,0.2489269971847534,0.3047092258930206
C5_0,ecapa,it0185,0.3744837045669555,0.4389643967151642
C5_0,ecapa,it0186,0.5369693040847778,0.5141915678977966
C5_0,ecapa,it0187,0.3786340951919555,0.4302176833152771
C5_0,ecapa,it0188,0.5230349898338318,0.5074160695075989
C5_0,ecapa,it0189,0.3546724319458008,0.4475191533565521
C5_0,ecapa,it0190,0.6438918709754944,0.6401631832122803
C5_0,ecapa,it0191,0.4154924750328064,0.4058197438716888
C5_0,ecapa,it0192,0.4921028316020965,0.5493819713592529
C5_0,ecapa,it0193,0.494363784790039,0.5045205354690552
C5_0,ecapa,it0194,0.5792843699455261,0.6059229969978333
C5_0,ecapa,it0195,0.5739719867706299,0.6510348320007324
C5_0,ecapa,it0196,0.4694316387176513,0.4575433731079101
C5_0,ecapa,it0197,0.3827725052833557,0.3836830556392669
C5_0,ecapa,it0198,0.201323851943016,0.2934948205947876
C5_0,ecapa,it0199,0.5043348670005798,0.4262611269950866
C5_0,ge2e,it0000,0.816064715385437,0.8195428848266602
C5_0,ge2e,it0001,0.8753969669342041,0.8849676251411438
C5_0,ge2e,it0002,0.7445686459541321,0.7714669108390808
C5_0,ge2e,it0003,0.7071233987808228,0.7836570739746094
C5_0,ge2e,it0004,0.7688097357749939,0.8008058071136475
C5_0,ge2e,it0005,0.8811090588569641,0.8370989561080933
C5_0,ge2e,it0006,0.7984312772750854,0.7932261228561401
C5_0,ge2e,it0007,0.7292593717575073,0.7665417790412903
C5_0,ge2e,it0008,0.8398601412773132,0.8082280158996582
C5_0,ge2e,it0009,0.9036607146263124,0.8944174647331238
C5_0,ge2e,it0010,0.8344395756721497,0.8260476589202881
C5_0,ge2e,it0011,0.8539186716079712,0.8353844285011292
C5_0,ge2e,it0012,0.770334780216217,0.7742496728897095
C5_0,ge2e,it0013,0.8140721321105957,0.8253117799758911
C5_0,ge2e,it0014,0.8447678089141846,0.8058587312698364
C5_0,ge2e,it0015,0.7890137434005737,0.8860885500907898
C5_0,ge2e,it0016,0.8401967287063599,0.8458901047706604
C5_0,ge2e,it0017,0.8514831066131592,0.7889771461486816
C5_0,ge2e,it0018,0.794151782989502,0.8153848648071289
C5_0,ge2e,it0019,0.7381412386894226,0.8542286157608032
C5_0,ge2e,it0020,0.7839001417160034,0.7090457677841187
C5_0,ge2e,it0021,0.8274037837982178,0.8366502523422241
C5_0,ge2e,it0022,0.768072783946991,0.7840077877044678
C5_0,ge2e,it0023,0.8098464012145996,0.7987989187240601
C5_0,ge2e,it0024,0.8766038417816162,0.8273933529853821
C5_0,ge2e,it0025,0.8813655376434326,0.8724433183670044
C5_0,ge2e,it0026,0.6707780361175537,0.7608747482299805
C5_0,ge2e,it0027,0.805352509021759,0.8329615592956543
C5_0,ge2e,it0028,0.8429623246192932,0.8806519508361816
C5_0,ge2e,it0029,0.7590036392211914,0.7740572690963745
C5_0,ge2e,it0030,0.8844325542449951,0.8928518891334534
C5_0,ge2e,it0031,0.7374099493026733,0.8024886846542358
C5_0,ge2e,it0032,0.8397577404975891,0.8346655368804932
C5_0,ge2e,it0033,0.727387547492981,0.7452191114425659
C5_0,ge2e,it0034,0.8489121198654175,0.877255916595459
C5_0,ge2e,it0035,0.7751652002334595,0.7745504379272461
C5_0,ge2e,it0036,0.8016883134841919,0.7864184975624084
C5_0,ge2e,it0037,0.8917561173439026,0.8728796243667603
C5_0,ge2e,it0038,0.8308503031730652,0.8581133484840393
C5_0,ge2e,it0039,0.8093228936195374,0.8459222316741943
C5_0,ge2e,it0040,0.8074907660484314,0.7459364533424377
C5_0,ge2e,it0041,0.7959095239639282,0.840006411075592
C5_0,ge2e,it0042,0.8110699653625488,0.8325186967849731
C5_0,ge2e,it0043,0.7837563753128052,0.8132369518280029
C5_0,ge2e,it0044,0.7114157676696777,0.8100323677062988
C5_0,ge2e,it0045,0.8144713044166565,0.8251087069511414
C5_0,ge2e,it0046,0.7495209574699402,0.7715570330619812
C5_0,ge2e,it0047,0.7374274134635925,0.8315467238426208
C5_0,ge2e,it0048,0.8331506252288818,0.8496896624565125
C5_0,ge2e,it0049,0.8336606025695801,0.8666418194770813
C5_0,ge2e,it0050,0.7652772068977356,0.7078222632408142
C5_0,ge2e,it0051,0.8293808698654175,0.8145627975463867
C5_0,ge2e,it0052,0.8228054046630859,0.8324068784713745
C5_0,ge2e,it0053,0.7098874449729919,0.7337731719017029
C5_0,ge2e,it0054,0.7953261137008667,0.8346262574195862
C5_0,ge2e,it0055,0.8204615116119385,0.8770166039466858
C5_0,ge2e,it0056,0.8748349547386169,0.890868067741394
C5_0,ge2e,it0057,0.8369314670562744,0.8515802025794983
C5_0,ge2e,it0058,0.776911735534668,0.7990807294845581
C5_0,ge2e,it0059,0.8274785280227661,0.8378918170928955
C5_0,ge2e,it0060,0.8750505447387695,0.8758174180984497
C5_0,ge2e,it0061,0.8950099945068359,0.8702927231788635
C5_0,ge2e,it0062,0.8500964641571045,0.8908648490905762
C5_0,ge2e,it0063,0.7854299545288086,0.6876227855682373
C5_0,ge2e,it0064,0.8718241453170776,0.8328769207000732
C5_0,ge2e,it0065,0.8314439058303833,0.8476309180259705
C5_0,ge2e,it0066,0.8307456970214844,0.7559771537780762
C5_0,ge2e,it0067,0.8177887797355652,0.8512638211250305
C5_0,ge2e,it0068,0.8695207834243774,0.8804094195365906
C5_0,ge2e,it0069,0.7944282293319702,0.7881656289100647
C5_0,ge2e,it0070,0.7279910445213318,0.7722266316413879
C5_0,ge2e,it0071,0.8008320331573486,0.8133470416069031
C5_0,ge2e,it0072,0.884989857673645,0.8884958624839783
C5_0,ge2e,it0073,0.746295690536499,0.790967583656311
C5_0,ge2e,it0074,0.7963299751281738,0.7620142698287964
C5_0,ge2e,it0075,0.8649081587791443,0.8290495276451111
C5_0,ge2e,it0076,0.8270831108093262,0.8536606431007385
C5_0,ge2e,it0077,0.7871211171150208,0.7579145431518555
C5_0,ge2e,it0078,0.7824538946151733,0.7525699138641357
C5_0,ge2e,it0079,0.8173688650131226,0.8306565880775452
C5_0,ge2e,it0080,0.7484315037727356,0.7406306862831116
C5_0,ge2e,it0081,0.8630788922309875,0.809127926826477
C5_0,ge2e,it0082,0.8556653261184692,0.8479846119880676
C5_0,ge2e,it0083,0.8610564470291138,0.8538093566894531
C5_0,ge2e,it0084,0.8856714963912964,0.9047244787216188
C5_0,ge2e,it0085,0.8010104894638062,0.8181177973747253
C5_0,ge2e,it0086,0.8690496683120728,0.8688560128211975
C5_0,ge2e,it0087,0.8842002153396606,0.7915178537368774
C5_0,ge2e,it0088,0.786595344543457,0.8276463747024536
C5_0,ge2e,it0089,0.8255261182785034,0.8399209976196289
C5_0,ge2e,it0090,0.8135298490524292,0.8639706373214722
C5_0,ge2e,it0091,0.8143804669380188,0.8555638194084167
C5_0,ge2e,it0092,0.7634159326553345,0.8170583844184875
C5_0,ge2e,it0093,0.8544496893882751,0.8763180375099182
C5_0,ge2e,it0094,0.8361315727233887,0.8592017292976379
C5_0,ge2e,it0095,0.8592818379402161,0.8828389644622803
C5_0,ge2e,it0096,0.8127317428588867,0.8230555653572083
C5_0,ge2e,it0097,0.8375013470649719,0.8246528506278992
C5_0,ge2e,it0098,0.8487616777420044,0.876997709274292
C5_0,ge2e,it0099,0.753224790096283,0.7901715636253357
C5_0,ge2e,it0100,0.8663187026977539,0.8672728538513184
C5_0,ge2e,it0101,0.6781230568885803,0.7504585981369019
C5_0,ge2e,it0102,0.8601997494697571,0.8589733839035034
C5_0,ge2e,it0103,0.7202941179275513,0.7840707302093506
C5_0,ge2e,it0104,0.8270168304443359,0.8389765024185181
C5_0,ge2e,it0105,0.8505300283432007,0.8395094871520996
C5_0,ge2e,it0106,0.8366177082061768,0.8216562867164612
C5_0,ge2e,it0107,0.8097953796386719,0.837215781211853
C5_0,ge2e,it0108,0.82232666015625,0.8225472569465637
C5_0,ge2e,it0109,0.7833718061447144,0.8002655506134033
C5_0,ge2e,it0110,0.7287884950637817,0.8041867017745972
C5_0,ge2e,it0111,0.7181258797645569,0.7649884223937988
C5_0,ge2e,it0112,0.892694890499115,0.9262715578079224
C5_0,ge2e,it0113,0.8908900022506714,0.8852707147598267
C5_0,ge2e,it0114,0.785956084728241,0.8120701313018799
C5_0,ge2e,it0115,0.8514761924743652,0.8456549048423767
C5_0,ge2e,it0116,0.8396276235580444,0.7957273721694946
C5_0,ge2e,it0117,0.8367325663566589,0.8415285348892212
C5_0,ge2e,it0118,0.7719530463218689,0.7901656627655029
C5_0,ge2e,it0119,0.7949785590171814,0.7993519902229309
C5_0,ge2e,it0120,0.8052191734313965,0.8178035020828247
C5_0,ge2e,it0121,0.7651350498199463,0.786213755607605
C5_0,ge2e,it0122,0.8180720806121826,0.7837514281272888
C5_0,ge2e,it0123,0.7461904287338257,0.7444676160812378
C5_0,ge2e,it0124,0.8700339794158936,0.8554965853691101
C5_0,ge2e,it0125,0.8810409307479858,0.915524423122406
C5_0,ge2e,it0126,0.8131425380706787,0.8874880075454712
C5_0,ge2e,it0127,0.8511973023414612,0.8189325332641602
C5_0,ge2e,it0128,0.8323992490768433,0.812875509262085
C5_0,ge2e,it0129,0.7173748016357422,0.8063833713531494
C5_0,ge2e,it0130,0.8323749303817749,0.8561482429504395
C5_0,ge2e,it0131,0.8125638961791992,0.8599734306335449
C5_0,ge2e,it0132,0.8649917840957642,0.86717289686203
C5_0,ge2e,it0133,0.8494772911071777,0.8660557270050049
C5_0,ge2e,it0134,0.7933862209320068,0.8018217086791992
C5_0,ge2e,it0135,0.7637925148010254,0.8129287958145142
C5_0,ge2e,it0136,0.8835521340370178,0.8814986348152161
C5_0,ge2e,it0137,0.8234719634056091,0.8130217790603638
C5_0,ge2e,it0138,0.7883872389793396,0.8301855325698853
C5_0,ge2e,it0139,0.854739785194397,0.8354131579399109
C5_0,ge2e,it0140,0.8056362271308899,0.8375940918922424
C5_0,ge2e,it0141,0.7997801303863525,0.8581632375717163
C5_0,ge2e,it0142,0.8435933589935303,0.8153579235076904
C5_0,ge2e,it0143,0.8526152968406677,0.8627068400382996
C5_0,ge2e,it0144,0.827277421951294,0.8625497221946716
C5_0,ge2e,it0145,0.8089513182640076,0.8697090148925781
C5_0,ge2e,it0146,0.8007262349128723,0.8234927654266357
C5_0,ge2e,it0147,0.8762303590774536,0.8901723623275757
C5_0,ge2e,it0148,0.8027624487876892,0.7979999780654907
C5_0,ge2e,it0149,0.8404817581176758,0.8735488653182983
C5_0,ge2e,it0150,0.7778748273849487,0.804196298122406
C5_0,ge2e,it0151,0.8269187211990356,0.8141981959342957
C5_0,ge2e,it0152,0.8552591800689697,0.9042784571647644
C5_0,ge2e,it0153,0.7988876104354858,0.8336381316184998
C5_0,ge2e,it0154,0.8068339824676514,0.8159129619598389
C5_0,ge2e,it0155,0.8392219543457031,0.7986652851104736
C5_0,ge2e,it0156,0.7565490007400513,0.7336716651916504
C5_0,ge2e,it0157,0.8866135478019714,0.8817945718765259
C5_0,ge2e,it0158,0.8126527070999146,0.8092242479324341
C5_0,ge2e,it0159,0.8305171728134155,0.8579524755477905
C5_0,ge2e,it0160,0.8681900501251221,0.8417298197746277
C5_0,ge2e,it0161,0.8628150820732117,0.8609529733657837
C5_0,ge2e,it0162,0.8470989465713501,0.7596983313560486
C5_0,ge2e,it0163,0.6806483268737793,0.799050509929657
C5_0,ge2e,it0164,0.8218745589256287,0.7939264178276062
C5_0,ge2e,it0165,0.7341517806053162,0.7881580591201782
C5_0,ge2e,it0166,0.846833348274231,0.8385539650917053
C5_0,ge2e,it0167,0.8451859354972839,0.8375364542007446
C5_0,ge2e,it0168,0.7910568714141846,0.7284005880355835
C5_0,ge2e,it0169,0.8104516267776489,0.7748997211456299
C5_0,ge2e,it0170,0.904846966266632,0.888749361038208
C5_0,ge2e,it0171,0.8015443086624146,0.836281418800354
C5_0,ge2e,it0172,0.7740439772605896,0.7920317053794861
C5_0,ge2e,it0173,0.8605754375457764,0.8995702862739563
C5_0,ge2e,it0174,0.8104797601699829,0.7934642434120178
C5_0,ge2e,it0175,0.7078383564949036,0.6862244606018066
C5_0,ge2e,it0176,0.7967348098754883,0.8054656982421875
C5_0,ge2e,it0177,0.815723717212677,0.8138638138771057
C5_0,ge2e,it0178,0.824312686920166,0.8353826403617859
C5_0,ge2e,it0179,0.907408595085144,0.8740602731704712
C5_0,ge2e,it0180,0.8670459389686584,0.8050212264060974
C5_0,ge2e,it0181,0.8030492067337036,0.8520196676254272
C5_0,ge2e,it0182,0.8371096849441528,0.8899551033973694
C5_0,ge2e,it0183,0.8311550617218018,0.8591187000274658
C5_0,ge2e,it0184,0.742428183555603,0.7995525598526001
C5_0,ge2e,it0185,0.753290593624115,0.8154605627059937
C5_0,ge2e,it0186,0.7899271249771118,0.821790337562561
C5_0,ge2e,it0187,0.8042911291122437,0.8260936737060547
C5_0,ge2e,it0188,0.8559184074401855,0.8699160218238831
C5_0,ge2e,it0189,0.7862203121185303,0.7660708427429199
C5_0,ge2e,it0190,0.8520654439926147,0.8762192130088806
C5_0,ge2e,it0191,0.8032238483428955,0.836310625076294
C5_0,ge2e,it0192,0.824272632598877,0.8300653696060181
C5_0,ge2e,it0193,0.8238093852996826,0.8350896239280701
C5_0,ge2e,it0194,0.850652277469635,0.8571305274963379
C5_0,ge2e,it0195,0.8650835752487183,0.8786628246307373
C5_0,ge2e,it0196,0.7877044677734375,0.805270791053772
C5_0,ge2e,it0197,0.8032441139221191,0.8212277889251709
C5_0,ge2e,it0198,0.8309755325317383,0.8402508497238159
C5_0,ge2e,it0199,0.845233678817749,0.8242595195770264
C5_0,xvect,it0000,0.9679152369499208,0.9716368913650512
C5_0,xvect,it0001,0.9564576148986816,0.9709020256996156
C5_0,xvect,it0002,0.9443917870521544,0.946422040462494
C5_0,xvect,it0003,0.9074612855911256,0.9398320317268372
C5_0,xvect,it0004,0.9452200531959534,0.9536260962486268
C5_0,xvect,it0005,0.9474708437919616,0.9452950358390808
C5_0,xvect,it0006,0.9562067985534668,0.948493719100952
C5_0,xvect,it0007,0.9461384415626526,0.9497302174568176
C5_0,xvect,it0008,0.917965829372406,0.9245933890342712
C5_0,xvect,it0009,0.9615518450737,0.963211715221405
C5_0,xvect,it0010,0.9664785861968994,0.9706566333770752
C5_0,xvect,it0011,0.9622325301170348,0.9636139273643494
C5_0,xvect,it0012,0.9330010414123536,0.9522038698196412
C5_0,xvect,it0013,0.964513659477234,0.9692503213882446
C5_0,xvect,it0014,0.951084554195404,0.9257192015647888
C5_0,xvect,it0015,0.9269568920135498,0.946187138557434
C5_0,xvect,it0016,0.923451602458954,0.9078813791275024
C5_0,xvect,it0017,0.931363880634308,0.9335482120513916
C5_0,xvect,it0018,0.9243283271789552,0.9377163648605348
C5_0,xvect,it0019,0.8430071473121643,0.9329959750175476
C5_0,xvect,it0020,0.953116536140442,0.9579407572746276
C5_0,xvect,it0021,0.9509324431419371,0.9515594840049744
C5_0,xvect,it0022,0.9134504795074464,0.9227855801582336
C5_0,xvect,it0023,0.9271490573883056,0.9621476531028748
C5_0,xvect,it0024,0.962580680847168,0.9651698470115662
C5_0,xvect,it0025,0.9571457505226136,0.9656718969345092
C5_0,xvect,it0026,0.9307764172554016,0.9385486245155334
C5_0,xvect,it0027,0.9647241234779358,0.9645538926124572
C5_0,xvect,it0028,0.9508646726608276,0.9658432006835938
C5_0,xvect,it0029,0.939937949180603,0.9494220614433287
C5_0,xvect,it0030,0.9586858749389648,0.9686017632484436
C5_0,xvect,it0031,0.9421467781066896,0.9570406079292296
C5_0,xvect,it0032,0.9449948072433472,0.9655174016952516
C5_0,xvect,it0033,0.9230942130088806,0.9248648881912231
C5_0,xvect,it0034,0.9515936970710754,0.9552016854286194
C5_0,xvect,it0035,0.9516854286193848,0.947935163974762
C5_0,xvect,it0036,0.9584884643554688,0.9585354924201964
C5_0,xvect,it0037,0.9528173208236694,0.9634832143783568
C5_0,xvect,it0038,0.9393001198768616,0.953285038471222
C5_0,xvect,it0039,0.9404283761978148,0.9527349472045898
C5_0,xvect,it0040,0.9415072202682496,0.956484079360962
C5_0,xvect,it0041,0.9424139261245728,0.9478511810302734
C5_0,xvect,it0042,0.9389467239379884,0.9504492282867432
C5_0,xvect,it0043,0.961523711681366,0.9680688977241516
C5_0,xvect,it0044,0.9478578567504884,0.9644119739532472
C5_0,xvect,it0045,0.9407742619514464,0.9431601762771606
C5_0,xvect,it0046,0.94631165266037,0.9447268843650818
C5_0,xvect,it0047,0.9667540788650512,0.9644699692726136
C5_0,xvect,it0048,0.9581531882286072,0.9641194939613342
C5_0,xvect,it0049,0.9493994116783142,0.9491862654685974
C5_0,xvect,it0050,0.902312397956848,0.936071515083313
C5_0,xvect,it0051,0.9520450234413148,0.9620612859725952
C5_0,xvect,it0052,0.9450485110282898,0.9541195034980774
C5_0,xvect,it0053,0.9429211020469666,0.9516843557357788
C5_0,xvect,it0054,0.9386813044548036,0.9596470594406128
C5_0,xvect,it0055,0.9363576769828796,0.9592770338058472
C5_0,xvect,it0056,0.9500917792320251,0.9618309736251832
C5_0,xvect,it0057,0.9527878761291504,0.9596108198165894
C5_0,xvect,it0058,0.9287285208702089,0.9504711627960204
C5_0,xvect,it0059,0.9638840556144714,0.973440408706665
C5_0,xvect,it0060,0.9417803287506104,0.9417904019355774
C5_0,xvect,it0061,0.958588719367981,0.9619445204734802
C5_0,xvect,it0062,0.9242337942123412,0.9599297642707824
C5_0,xvect,it0063,0.9391827583312988,0.9377297163009644
C5_0,xvect,it0064,0.9524044990539552,0.9575480222702026
C5_0,xvect,it0065,0.9425749182701112,0.954660952091217
C5_0,xvect,it0066,0.9608237743377686,0.9559026956558228
C5_0,xvect,it0067,0.9493032097816468,0.9558132886886596
C5_0,xvect,it0068,0.9696803092956544,0.9738003015518188
C5_0,xvect,it0069,0.9555436372756958,0.949979603290558
C5_0,xvect,it0070,0.9233285188674928,0.9378840327262878
C5_0,xvect,it0071,0.9490960240364076,0.9568470120429992
C5_0,xvect,it0072,0.9670974612236024,0.9672846794128418
C5_0,xvect,it0073,0.925454080104828,0.9424773454666138
C5_0,xvect,it0074,0.9412171244621276,0.9483769536018372
C5_0,xvect,it0075,0.946283757686615,0.9588459134101868
C5_0,xvect,it0076,0.953150987625122,0.9630915522575378
C5_0,xvect,it0077,0.9202166199684144,0.9599695205688475
C5_0,xvect,it0078,0.9386518001556396,0.9568806886672974
C5_0,xvect,it0079,0.9555354118347168,0.9713609218597412
C5_0,xvect,it0080,0.9320525527000428,0.9522870182991028
C5_0,xvect,it0081,0.9517192244529724,0.9576153755187988
C5_0,xvect,it0082,0.931987762451172,0.9411981701850892
C5_0,xvect,it0083,0.9612077474594116,0.9625754356384276
C5_0,xvect,it0084,0.9669222831726074,0.972502589225769
C5_0,xvect,it0085,0.9406132102012634,0.9574871063232422
C5_0,xvect,it0086,0.9674617052078248,0.9662505984306335
C5_0,xvect,it0087,0.9685055017471312,0.9651892185211182
C5_0,xvect,it0088,0.9543336629867554,0.956649363040924
C5_0,xvect,it0089,0.9493304491043092,0.9547292590141296
C5_0,xvect,it0090,0.952146291732788,0.951923668384552
C5_0,xvect,it0091,0.9094671607017516,0.935515522956848
C5_0,xvect,it0092,0.9508988857269288,0.95700865983963
C5_0,xvect,it0093,0.9496118426322936,0.956752061843872
C5_0,xvect,it0094,0.9110666513442992,0.9544826745986938
C5_0,xvect,it0095,0.9460641145706176,0.953212022781372
C5_0,xvect,it0096,0.9423381686210632,0.9546237587928772
C5_0,xvect,it0097,0.9612661600112916,0.9612730145454408
C5_0,xvect,it0098,0.9692705273628236,0.9770901799201964
C5_0,xvect,it0099,0.954315423965454,0.9005976915359497
C5_0,xvect,it0100,0.9566367268562316,0.9730335474014282
C5_0,xvect,it0101,0.9466661214828492,0.9593936204910278
C5_0,xvect,it0102,0.9460402727127076,0.9522280097007751
C5_0,xvect,it0103,0.9410356283187866,0.9563392400741576
C5_0,xvect,it0104,0.9323538541793824,0.9260470271110536
C5_0,xvect,it0105,0.9414296746253968,0.9394131898880004
C5_0,xvect,it0106,0.9442248344421388,0.949693500995636
C5_0,xvect,it0107,0.9465337991714478,0.9604647755622864
C5_0,xvect,it0108,0.9530898332595824,0.959060549736023
C5_0,xvect,it0109,0.9495935440063475,0.962257206439972
C5_0,xvect,it0110,0.9362675547599792,0.9482771158218384
C5_0,xvect,it0111,0.9255645871162416,0.947340965270996
C5_0,xvect,it0112,0.9585967063903807,0.968369483947754
C5_0,xvect,it0113,0.9425805807113647,0.9579395055770874
C5_0,xvect,it0114,0.9530506134033204,0.9611257314682008
C5_0,xvect,it0115,0.9520993232727052,0.959034025669098
C5_0,xvect,it0116,0.9442254304885864,0.9466343522071838
C5_0,xvect,it0117,0.9453184604644777,0.9592852592468262
C5_0,xvect,it0118,0.9615790843963624,0.9639856219291688
C5_0,xvect,it0119,0.9594900012016296,0.964378833770752
C5_0,xvect,it0120,0.9562433958053588,0.9643486142158508
C5_0,xvect,it0121,0.9513508081436156,0.9552155137062072
C5_0,xvect,it0122,0.956208109855652,0.9573957920074464
C5_0,xvect,it0123,0.9367088675498962,0.9318163990974426
C5_0,xvect,it0124,0.9215372800827026,0.9442754983901978
C5_0,xvect,it0125,0.9458903074264526,0.9614240527153016
C5_0,xvect,it0126,0.954552173614502,0.9681000113487244
C5_0,xvect,it0127,0.9566276669502258,0.962446928024292
C5_0,xvect,it0128,0.9527700543403624,0.943523406982422
C5_0,xvect,it0129,0.9293673038482666,0.9532164931297302
C5_0,xvect,it0130,0.947247326374054,0.9569870233535768
C5_0,xvect,it0131,0.9536576271057128,0.9580847024917604
C5_0,xvect,it0132,0.950983464717865,0.9567837715148926
C5_0,xvect,it0133,0.9652655124664308,0.967851996421814
C5_0,xvect,it0134,0.965535581111908,0.9688246250152588
C5_0,xvect,it0135,0.940698742866516,0.9411238431930542
C5_0,xvect,it0136,0.9640840291976928,0.9633235335350036
C5_0,xvect,it0137,0.9455609321594238,0.960318684577942
C5_0,xvect,it0138,0.9501066207885742,0.9590638875961304
C5_0,xvect,it0139,0.9456817507743835,0.9589206576347352
C5_0,xvect,it0140,0.9319847822189332,0.9455634355545044
C5_0,xvect,it0141,0.9509974122047424,0.965099036693573
C5_0,xvect,it0142,0.9591217637062072,0.9487871527671814
C5_0,xvect,it0143,0.9568082690238952,0.9626258015632628
C5_0,xvect,it0144,0.9525704383850098,0.9597625732421876
C5_0,xvect,it0145,0.9285076260566713,0.952272355556488
C5_0,xvect,it0146,0.9248981475830078,0.9568215608596802
C5_0,xvect,it0147,0.9534212350845336,0.9505528211593628
C5_0,xvect,it0148,0.9497132301330566,0.961174488067627
C5_0,xvect,it0149,0.9523382186889648,0.9658699035644532
C5_0,xvect,it0150,0.9160313606262208,0.9569310545921326
C5_0,xvect,it0151,0.9588407278060912,0.9628350734710692
C5_0,xvect,it0152,0.918478786945343,0.9289370179176332
C5_0,xvect,it0153,0.9120720624923706,0.9150286912918092
C5_0,xvect,it0154,0.9202415943145752,0.9221916198730468
C5_0,xvect,it0155,0.9526765942573548,0.9574955105781556
C5_0,xvect,it0156,0.9522067308425904,0.9571296572685242
C5_0,xvect,it0157,0.9611051678657532,0.9605667591094972
C5_0,xvect,it0158,0.9434604048728944,0.9624124765396118
C5_0,xvect,it0159,0.9286994934082032,0.959082841873169
C5_0,xvect,it0160,0.9626582860946656,0.9566819667816162
C5_0,xvect,it0161,0.9649872779846193,0.9590073823928832
C5_0,xvect,it0162,0.9511549472808838,0.9611198902130128
C5_0,xvect,it0163,0.9617972373962402,0.9688333868980408
C5_0,xvect,it0164,0.9445693492889404,0.9559167623519896
C5_0,xvect,it0165,0.9412736296653748,0.9499786496162416
C5_0,xvect,it0166,0.9262136220932008,0.9541359543800354
C5_0,xvect,it0167,0.9332331418991088,0.9536840915679932
C5_0,xvect,it0168,0.94463849067688,0.910559058189392
C5_0,xvect,it0169,0.9646167755126952,0.967989146709442
C5_0,xvect,it0170,0.9469214677810668,0.9513298273086548
C5_0,xvect,it0171,0.9396422505378724,0.9630778431892396
C5_0,xvect,it0172,0.92622309923172,0.9507066011428832
C5_0,xvect,it0173,0.963994026184082,0.9608371257781982
C5_0,xvect,it0174,0.9536501169204712,0.962039589881897
C5_0,xvect,it0175,0.9436016082763672,0.9463192224502563
C5_0,xvect,it0176,0.9439738988876344,0.9573560357093812
C5_0,xvect,it0177,0.9559706449508668,0.9524279832839966
C5_0,xvect,it0178,0.943657636642456,0.9575769305229188
C5_0,xvect,it0179,0.965036928653717,0.9613187909126282
C5_0,xvect,it0180,0.9509115219116212,0.9513381719589232
C5_0,xvect,it0181,0.9482244849205016,0.9645189642906188
C5_0,xvect,it0182,0.949935793876648,0.9577394723892212
C5_0,xvect,it0183,0.9596896171569824,0.9583591222763062
C5_0,xvect,it0184,0.9204226732254028,0.9336916208267212
C5_0,xvect,it0185,0.9417593479156494,0.9499555826187134
C5_0,xvect,it0186,0.9285755157470704,0.952932596206665
C5_0,xvect,it0187,0.9495468735694884,0.9549436569213868
C5_0,xvect,it0188,0.9379979372024536,0.9461827278137208
C5_0,xvect,it0189,0.9469541311264038,0.9606090784072876
C5_0,xvect,it0190,0.9538530707359314,0.960249960422516
C5_0,xvect,it0191,0.9585905075073242,0.9605032205581664
C5_0,xvect,it0192,0.953304886817932,0.9504199624061584
C5_0,xvect,it0193,0.969676434993744,0.9706265330314636
C5_0,xvect,it0194,0.9591243863105774,0.96685129404068
C5_0,xvect,it0195,0.9587117433547974,0.9634332060813904
C5_0,xvect,it0196,0.9460815787315368,0.9541078805923462
C5_0,xvect,it0197,0.9304853081703186,0.9478082656860352
C5_0,xvect,it0198,0.934934139251709,0.9583063125610352
C5_0,xvect,it0199,0.963479220867157,0.9557884335517884
C5_0,wavlm_base_plus,it0000,0.9103761911392212,0.8823174834251404
C5_0,wavlm_base_plus,it0001,0.9072237014770508,0.8487687110900879
C5_0,wavlm_base_plus,it0002,0.9268643856048584,0.9367910027503968
C5_0,wavlm_base_plus,it0003,0.8787330389022827,0.8691853880882263
C5_0,wavlm_base_plus,it0004,0.9548925161361694,0.932666540145874
C5_0,wavlm_base_plus,it0005,0.9228769540786744,0.9258830547332764
C5_0,wavlm_base_plus,it0006,0.8790790438652039,0.8561446666717529
C5_0,wavlm_base_plus,it0007,0.9231835603713988,0.9509520530700684
C5_0,wavlm_base_plus,it0008,0.9249491691589355,0.9158506393432616
C5_0,wavlm_base_plus,it0009,0.9433147311210632,0.9649410843849182
C5_0,wavlm_base_plus,it0010,0.8672977089881897,0.8690090775489807
C5_0,wavlm_base_plus,it0011,0.9469077587127686,0.9469293355941772
C5_0,wavlm_base_plus,it0012,0.9355320334434508,0.9340189695358276
C5_0,wavlm_base_plus,it0013,0.9630341529846193,0.9654428958892822
C5_0,wavlm_base_plus,it0014,0.8654785752296448,0.826806366443634
C5_0,wavlm_base_plus,it0015,0.9089441895484924,0.9177882075309752
C5_0,wavlm_base_plus,it0016,0.9632189869880676,0.9673924446105956
C5_0,wavlm_base_plus,it0017,0.9366891384124756,0.9195660948753356
C5_0,wavlm_base_plus,it0018,0.8813857436180115,0.8170035481452942
C5_0,wavlm_base_plus,it0019,0.958467662334442,0.9754310250282288
C5_0,wavlm_base_plus,it0020,0.961803376674652,0.9371107816696168
C5_0,wavlm_base_plus,it0021,0.907997190952301,0.8711025714874268
C5_0,wavlm_base_plus,it0022,0.9130709171295166,0.93299001455307
C5_0,wavlm_base_plus,it0023,0.8933535218238831,0.9548574686050416
C5_0,wavlm_base_plus,it0024,0.9453919529914856,0.971284568309784
C5_0,wavlm_base_plus,it0025,0.9628947973251344,0.9647746086120604
C5_0,wavlm_base_plus,it0026,0.8862857222557068,0.8711609840393066
C5_0,wavlm_base_plus,it0027,0.9354658722877502,0.9396629929542542
C5_0,wavlm_base_plus,it0028,0.9183417558670044,0.91956228017807
C5_0,wavlm_base_plus,it0029,0.8758677244186401,0.9211946725845336
C5_0,wavlm_base_plus,it0030,0.929112672805786,0.9312527775764464
C5_0,wavlm_base_plus,it0031,0.9132581949234008,0.9700143337249756
C5_0,wavlm_base_plus,it0032,0.942990243434906,0.955778956413269
C5_0,wavlm_base_plus,it0033,0.9430416822433472,0.961262345314026
C5_0,wavlm_base_plus,it0034,0.7513806223869324,0.9243072867393494
C5_0,wavlm_base_plus,it0035,0.8455320596694946,0.7814432382583618
C5_0,wavlm_base_plus,it0036,0.9310201406478882,0.9244480729103088
C5_0,wavlm_base_plus,it0037,0.918384611606598,0.943395972251892
C5_0,wavlm_base_plus,it0038,0.9249570965766908,0.9074380397796632
C5_0,wavlm_base_plus,it0039,0.9479554891586304,0.9434195756912231
C5_0,wavlm_base_plus,it0040,0.7702811360359192,0.935360074043274
C5_0,wavlm_base_plus,it0041,0.9228304624557496,0.927122950553894
C5_0,wavlm_base_plus,it0042,0.886856734752655,0.8644234538078308
C5_0,wavlm_base_plus,it0043,0.9619928598403932,0.9223982095718384
C5_0,wavlm_base_plus,it0044,0.980442762374878,0.9417901039123536
C5_0,wavlm_base_plus,it0045,0.8916761875152588,0.9091691374778748
C5_0,wavlm_base_plus,it0046,0.8089261054992676,0.8156212568283081
C5_0,wavlm_base_plus,it0047,0.7783030271530151,0.9476159811019896
C5_0,wavlm_base_plus,it0048,0.9562310576438904,0.9442232251167296
C5_0,wavlm_base_plus,it0049,0.9336440563201904,0.9368393421173096
C5_0,wavlm_base_plus,it0050,0.6558171510696411,0.7737842202186584
C5_0,wavlm_base_plus,it0051,0.9499393105506896,0.9465480446815492
C5_0,wavlm_base_plus,it0052,0.9514379501342772,0.8974555134773254
C5_0,wavlm_base_plus,it0053,0.8283737301826477,0.907227337360382
C5_0,wavlm_base_plus,it0054,0.7610976696014404,0.8646703958511353
C5_0,wavlm_base_plus,it0055,0.9384124279022216,0.954018235206604
C5_0,wavlm_base_plus,it0056,0.9413691163063048,0.9630881547927856
C5_0,wavlm_base_plus,it0057,0.9158211946487428,0.9275280833244324
C5_0,wavlm_base_plus,it0058,0.8720398545265198,0.9345935583114624
C5_0,wavlm_base_plus,it0059,0.8839578032493591,0.9594857692718506
C5_0,wavlm_base_plus,it0060,0.813246488571167,0.8846845030784607
C5_0,wavlm_base_plus,it0061,0.9323920607566832,0.9446927905082704
C5_0,wavlm_base_plus,it0062,0.9064138531684875,0.9248630404472352
C5_0,wavlm_base_plus,it0063,0.613788366317749,0.740841269493103
C5_0,wavlm_base_plus,it0064,0.8981150984764099,0.928580105304718
C5_0,wavlm_base_plus,it0065,0.94769287109375,0.973333477973938
C5_0,wavlm_base_plus,it0066,0.9180667400360109,0.8845065832138062
C5_0,wavlm_base_plus,it0067,0.8563043475151062,0.9203668236732484
C5_0,wavlm_base_plus,it0068,0.957527756690979,0.9499253630638124
C5_0,wavlm_base_plus,it0069,0.918246567249298,0.9311115145683287
C5_0,wavlm_base_plus,it0070,0.8997806906700134,0.897777795791626
C5_0,wavlm_base_plus,it0071,0.9039607644081116,0.9309965372085572
C5_0,wavlm_base_plus,it0072,0.9535127878189088,0.9284209609031676
C5_0,wavlm_base_plus,it0073,0.8357504606246948,0.9274575710296632
C5_0,wavlm_base_plus,it0074,0.8544726967811584,0.8371119499206543
C5_0,wavlm_base_plus,it0075,0.90189528465271,0.9100852608680724
C5_0,wavlm_base_plus,it0076,0.8719937205314636,0.9159883260726928
C5_0,wavlm_base_plus,it0077,0.8846042156219482,0.9081584811210632
C5_0,wavlm_base_plus,it0078,0.9184328317642212,0.8431932926177979
C5_0,wavlm_base_plus,it0079,0.960736870765686,0.9701209664344788
C5_0,wavlm_base_plus,it0080,0.8759958744049072,0.8601256012916565
C5_0,wavlm_base_plus,it0081,0.9165430068969728,0.8636845350265503
C5_0,wavlm_base_plus,it0082,0.9048091173171996,0.9239883422851562
C5_0,wavlm_base_plus,it0083,0.9730547070503236,0.9686879515647888
C5_0,wavlm_base_plus,it0084,0.8856619000434875,0.918738067150116
C5_0,wavlm_base_plus,it0085,0.8787273168563843,0.9148375988006592
C5_0,wavlm_base_plus,it0086,0.9707998633384703,0.9352885484695436
C5_0,wavlm_base_plus,it0087,0.908249020576477,0.9452782273292542
C5_0,wavlm_base_plus,it0088,0.9151562452316284,0.9162969589233398
C5_0,wavlm_base_plus,it0089,0.9137772917747498,0.919241726398468
C5_0,wavlm_base_plus,it0090,0.9470456838607788,0.93667733669281
C5_0,wavlm_base_plus,it0091,0.8929899334907532,0.9144668579101562
C5_0,wavlm_base_plus,it0092,0.8960426449775696,0.9609649777412416
C5_0,wavlm_base_plus,it0093,0.8591271638870239,0.922307312488556
C5_0,wavlm_base_plus,it0094,0.8675382137298584,0.946699559688568
C5_0,wavlm_base_plus,it0095,0.9303631782531738,0.912639856338501
C5_0,wavlm_base_plus,it0096,0.9398611187934875,0.92194402217865
C5_0,wavlm_base_plus,it0097,0.9708312749862672,0.9621948599815368
C5_0,wavlm_base_plus,it0098,0.9389318823814392,0.9327974915504456
C5_0,wavlm_base_plus,it0099,0.6846028566360474,0.8865358829498291
C5_0,wavlm_base_plus,it0100,0.9683408141136168,0.9738950729370116
C5_0,wavlm_base_plus,it0101,0.9336382746696472,0.9345477819442748
C5_0,wavlm_base_plus,it0102,0.92950177192688,0.9390429258346558
C5_0,wavlm_base_plus,it0103,0.8873504400253296,0.9221827387809752
C5_0,wavlm_base_plus,it0104,0.8875887989997864,0.8940236568450928
C5_0,wavlm_base_plus,it0105,0.9271199107170104,0.943129539489746
C5_0,wavlm_base_plus,it0106,0.7894123792648315,0.887134850025177
C5_0,wavlm_base_plus,it0107,0.95357346534729,0.954390287399292
C5_0,wavlm_base_plus,it0108,0.902286946773529,0.9306422472000122
C5_0,wavlm_base_plus,it0109,0.9505349397659302,0.9575028419494628
C5_0,wavlm_base_plus,it0110,0.7140002250671387,0.7607709765434265
C5_0,wavlm_base_plus,it0111,0.7037988901138306,0.7988621592521667
C5_0,wavlm_base_plus,it0112,0.9317466020584106,0.9413788318634032
C5_0,wavlm_base_plus,it0113,0.9412506818771362,0.9608834385871888
C5_0,wavlm_base_plus,it0114,0.9136162996292114,0.9056016206741332
C5_0,wavlm_base_plus,it0115,0.8551551699638367,0.7925689220428467
C5_0,wavlm_base_plus,it0116,0.910181760787964,0.8995360136032104
C5_0,wavlm_base_plus,it0117,0.9141550064086914,0.9428579211235046
C5_0,wavlm_base_plus,it0118,0.8548414707183838,0.8815779685974121
C5_0,wavlm_base_plus,it0119,0.908743381500244,0.9255691766738892
C5_0,wavlm_base_plus,it0120,0.960413098335266,0.97206050157547
C5_0,wavlm_base_plus,it0121,0.9299940466880798,0.9443239569664
C5_0,wavlm_base_plus,it0122,0.960489809513092,0.947701334953308
C5_0,wavlm_base_plus,it0123,0.8993184566497803,0.910286009311676
C5_0,wavlm_base_plus,it0124,0.9248152375221252,0.8828163743019104
C5_0,wavlm_base_plus,it0125,0.9000981450080872,0.9429721832275392
C5_0,wavlm_base_plus,it0126,0.8815712928771973,0.913206934928894
C5_0,wavlm_base_plus,it0127,0.8635801076889038,0.9448283910751344
C5_0,wavlm_base_plus,it0128,0.8401668071746826,0.895134687423706
C5_0,wavlm_base_plus,it0129,0.9250472187995912,0.9241999387741088
C5_0,wavlm_base_plus,it0130,0.8531490564346313,0.9096837639808656
C5_0,wavlm_base_plus,it0131,0.9594178199768066,0.977868914604187
C5_0,wavlm_base_plus,it0132,0.8989816308021545,0.918485701084137
C5_0,wavlm_base_plus,it0133,0.9750809669494628,0.9807889461517334
C5_0,wavlm_base_plus,it0134,0.8918132781982422,0.8978350162506104
C5_0,wavlm_base_plus,it0135,0.7311363816261292,0.7760299444198608
C5_0,wavlm_base_plus,it0136,0.8965563774108887,0.8855189681053162
C5_0,wavlm_base_plus,it0137,0.8909493684768677,0.8781542778015137
C5_0,wavlm_base_plus,it0138,0.8701817989349365,0.9510295391082764
C5_0,wavlm_base_plus,it0139,0.8755433559417725,0.877860426902771
C5_0,wavlm_base_plus,it0140,0.903005838394165,0.9244282245635986
C5_0,wavlm_base_plus,it0141,0.9471652507781982,0.959106743335724
C5_0,wavlm_base_plus,it0142,0.8703093528747559,0.8273537755012512
C5_0,wavlm_base_plus,it0143,0.9073399305343628,0.9486747980117798
C5_0,wavlm_base_plus,it0144,0.938857913017273,0.9366061091423036
C5_0,wavlm_base_plus,it0145,0.8639857769012451,0.8995629549026489
C5_0,wavlm_base_plus,it0146,0.8754055500030518,0.9562606811523438
C5_0,wavlm_base_plus,it0147,0.8920587301254272,0.924467146396637
C5_0,wavlm_base_plus,it0148,0.7298907041549683,0.7197352647781372
C5_0,wavlm_base_plus,it0149,0.9120327234268188,0.8875494003295898
C5_0,wavlm_base_plus,it0150,0.7153607606887817,0.8832780122756958
C5_0,wavlm_base_plus,it0151,0.918911337852478,0.8982451558113098
C5_0,wavlm_base_plus,it0152,0.9038129448890686,0.9313246011734008
C5_0,wavlm_base_plus,it0153,0.9308148622512816,0.8947678804397583
C5_0,wavlm_base_plus,it0154,0.8883521556854248,0.9183666706085204
C5_0,wavlm_base_plus,it0155,0.8819255828857422,0.8268685936927795
C5_0,wavlm_base_plus,it0156,0.7785109877586365,0.9535667300224304
C5_0,wavlm_base_plus,it0157,0.9036728143692015,0.9177762866020204
C5_0,wavlm_base_plus,it0158,0.948103666305542,0.9620683789253236
C5_0,wavlm_base_plus,it0159,0.898012638092041,0.9233591556549072
C5_0,wavlm_base_plus,it0160,0.950530171394348,0.9235137104988098
C5_0,wavlm_base_plus,it0161,0.9731655120849608,0.9551745653152466
C5_0,wavlm_base_plus,it0162,0.921638548374176,0.9245758056640624
C5_0,wavlm_base_plus,it0163,0.8492484092712402,0.8822411298751831
C5_0,wavlm_base_plus,it0164,0.9208680391311646,0.9318265318870544
C5_0,wavlm_base_plus,it0165,0.8245751857757568,0.834130048751831
C5_0,wavlm_base_plus,it0166,0.7973167896270752,0.8919193744659424
C5_0,wavlm_base_plus,it0167,0.9248344898223876,0.94703471660614
C5_0,wavlm_base_plus,it0168,0.9334276914596558,0.9420219659805298
C5_0,wavlm_base_plus,it0169,0.9536067247390748,0.9482744932174684
C5_0,wavlm_base_plus,it0170,0.930023193359375,0.9363083839416504
C5_0,wavlm_base_plus,it0171,0.963452696800232,0.9700883626937866
C5_0,wavlm_base_plus,it0172,0.8945305347442627,0.8830701112747192
C5_0,wavlm_base_plus,it0173,0.9444302916526794,0.969057321548462
C5_0,wavlm_base_plus,it0174,0.8931421041488647,0.909216284751892
C5_0,wavlm_base_plus,it0175,0.9235508441925048,0.9032251238822936
C5_0,wavlm_base_plus,it0176,0.9198312759399414,0.9628008008003236
C5_0,wavlm_base_plus,it0177,0.9440921545028688,0.903393030166626
C5_0,wavlm_base_plus,it0178,0.9273494482040404,0.90890371799469
C5_0,wavlm_base_plus,it0179,0.9605082273483276,0.9588289260864258
C5_0,wavlm_base_plus,it0180,0.9479057192802428,0.9012247920036316
C5_0,wavlm_base_plus,it0181,0.8946858644485474,0.8814011812210083
C5_0,wavlm_base_plus,it0182,0.965389609336853,0.9457048177719116
C5_0,wavlm_base_plus,it0183,0.9719873666763306,0.9547727704048156
C5_0,wavlm_base_plus,it0184,0.7893567085266113,0.8251099586486816
C5_0,wavlm_base_plus,it0185,0.9212597608566284,0.9445520639419556
C5_0,wavlm_base_plus,it0186,0.9528167247772216,0.931054949760437
C5_0,wavlm_base_plus,it0187,0.8765702247619629,0.9114350080490112
C5_0,wavlm_base_plus,it0188,0.9211320281028748,0.9446250200271606
C5_0,wavlm_base_plus,it0189,0.9203326106071472,0.8931673169136047
C5_0,wavlm_base_plus,it0190,0.969148576259613,0.9768166542053224
C5_0,wavlm_base_plus,it0191,0.9566359519958496,0.974394917488098
C5_0,wavlm_base_plus,it0192,0.9369909763336182,0.9530981779098512
C5_0,wavlm_base_plus,it0193,0.8879409432411194,0.9212830662727356
C5_0,wavlm_base_plus,it0194,0.8884890675544739,0.9197966456413268
C5_0,wavlm_base_plus,it0195,0.937598705291748,0.9430973529815674
C5_0,wavlm_base_plus,it0196,0.90721333026886,0.9275047779083252
C5_0,wavlm_base_plus,it0197,0.952680766582489,0.8416654467582703
C5_0,wavlm_base_plus,it0198,0.970015287399292,0.9814103841781616
C5_0,wavlm_base_plus,it0199,0.8979300260543823,0.950867772102356
C5_1,wavlm_large,it0000,0.2497935593128204,0.3213711678981781
C5_1,wavlm_large,it0001,0.2331034392118454,0.2419951260089874
C5_1,wavlm_large,it0002,0.1575764715671539,0.3221386969089508
C5_1,wavlm_large,it0003,0.1639836877584457,0.4115764796733856
C5_1,wavlm_large,it0004,0.3118210136890411,0.3642702102661133
C5_1,wavlm_large,it0005,0.464937299489975,0.5317195653915405
C5_1,wavlm_large,it0006,0.3366722166538238,0.3756205141544342
C5_1,wavlm_large,it0007,0.264926016330719,0.3413856625556946
C5_1,wavlm_large,it0008,0.187861829996109,0.3305010497570038
C5_1,wavlm_large,it0009,0.4430819451808929,0.5058045387268066
C5_1,wavlm_large,it0010,0.6180548071861267,0.5997262597084045
C5_1,wavlm_large,it0011,0.4452657401561737,0.4901524484157562
C5_1,wavlm_large,it0012,0.4162978827953338,0.411902904510498
C5_1,wavlm_large,it0013,0.5115799307823181,0.6007075905799866
C5_1,wavlm_large,it0014,0.3891291320323944,0.4897876381874084
C5_1,wavlm_large,it0015,0.3943431973457336,0.4248678684234619
C5_1,wavlm_large,it0016,0.5253247022628784,0.4608409404754638
C5_1,wavlm_large,it0017,0.351338654756546,0.4448721706867218
C5_1,wavlm_large,it0018,0.2925130128860473,0.3080398738384247
C5_1,wavlm_large,it0019,0.4090084135532379,0.5551623702049255
C5_1,wavlm_large,it0020,0.2187884747982025,0.2912651896476745
C5_1,wavlm_large,it0021,0.3149132430553436,0.420989066362381
C5_1,wavlm_large,it0022,0.2810697853565216,0.4759944677352905
C5_1,wavlm_large,it0023,0.5922821760177612,0.6452681422233582
C5_1,wavlm_large,it0024,0.5021650195121765,0.5762985944747925
C5_1,wavlm_large,it0025,0.5083975195884705,0.5866897702217102
C5_1,wavlm_large,it0026,0.1688391268253326,0.3395334184169769
C5_1,wavlm_large,it0027,0.5896270275115967,0.6517325639724731
C5_1,wavlm_large,it0028,0.4753201305866241,0.5250388383865356
C5_1,wavlm_large,it0029,0.462449848651886,0.4594380557537079
C5_1,wavlm_large,it0030,0.4840194582939148,0.5126874446868896
C5_1,wavlm_large,it0031,0.3347148597240448,0.4287839233875274
C5_1,wavlm_large,it0032,0.5749800801277161,0.575023353099823
C5_1,wavlm_large,it0033,0.2612454295158386,0.3602745532989502
C5_1,wavlm_large,it0034,0.3325746059417724,0.4246743023395538
C5_1,wavlm_large,it0035,0.189250111579895,0.2447908520698547
C5_1,wavlm_large,it0036,0.5933261513710022,0.5651320219039917
C5_1,wavlm_large,it0037,0.4488221406936645,0.5720035433769226
C5_1,wavlm_large,it0038,0.2262792736291885,0.2885764837265014
C5_1,wavlm_large,it0039,0.3990757763385772,0.5367041230201721
C5_1,wavlm_large,it0040,0.2851492762565613,0.4042705297470093
C5_1,wavlm_large,it0041,0.3328351974487304,0.4235914945602417
C5_1,wavlm_large,it0042,0.4950549304485321,0.4504920244216919
C5_1,wavlm_large,it0043,0.2344266325235366,0.2423980236053466
C5_1,wavlm_large,it0044,0.4858348071575165,0.6750906109809875
C5_1,wavlm_large,it0045,0.3753677606582641,0.4051609635353088
C5_1,wavlm_large,it0046,0.3056522905826568,0.3313394784927368
C5_1,wavlm_large,it0047,0.3541111350059509,0.419308453798294
C5_1,wavlm_large,it0048,0.4351638555526733,0.5146154761314392
C5_1,wavlm_large,it0049,0.40402352809906,0.5202851891517639
C5_1,wavlm_large,it0050,-0.0485322922468185,0.0822622999548912
C5_1,wavlm_large,it0051,0.3348296284675598,0.4679203033447265
C5_1,wavlm_large,it0052,0.1402714848518371,0.2762976884841919
C5_1,wavlm_large,it0053,0.2922227382659912,0.3034219741821289
C5_1,wavlm_large,it0054,-0.0050145257264375,0.243602305650711
C5_1,wavlm_large,it0055,0.5626402497291565,0.5551338195800781
C5_1,wavlm_large,it0056,0.2081687003374099,0.2311865240335464
C5_1,wavlm_large,it0057,0.3390075862407684,0.3810983300209045
C5_1,wavlm_large,it0058,0.2651466131210327,0.4476345181465149
C5_1,wavlm_large,it0059,0.4932491183280945,0.5477595329284668
C5_1,wavlm_large,it0060,0.370260626077652,0.4183106124401092
C5_1,wavlm_large,it0061,0.6172459125518799,0.6324985027313232
C5_1,wavlm_large,it0062,0.4421886205673218,0.6038761734962463
C5_1,wavlm_large,it0063,0.2983743846416473,0.3866287767887115
C5_1,wavlm_large,it0064,0.4678877294063568,0.5269172787666321
C5_1,wavlm_large,it0065,0.5341429114341736,0.6179959774017334
C5_1,wavlm_large,it0066,0.3018017411231994,0.460388720035553
C5_1,wavlm_large,it0067,0.1171986907720565,0.2425731718540191
C5_1,wavlm_large,it0068,0.5991876125335693,0.642036497592926
C5_1,wavlm_large,it0069,0.41010183095932,0.3698150515556335
C5_1,wavlm_large,it0070,0.4159834384918213,0.4899547100067138
C5_1,wavlm_large,it0071,0.4048880338668823,0.5207890272140503
C5_1,wavlm_large,it0072,0.4549175500869751,0.5483423471450806
C5_1,wavlm_large,it0073,0.1111252233386039,0.3529773354530334
C5_1,wavlm_large,it0074,0.2654334902763366,0.2881225943565368
C5_1,wavlm_large,it0075,0.4379076957702636,0.4298428893089294
C5_1,wavlm_large,it0076,0.2675115168094635,0.3524373471736908
C5_1,wavlm_large,it0077,0.5675073862075806,0.6648982763290405
C5_1,wavlm_large,it0078,0.3029259741306305,0.4151457548141479
C5_1,wavlm_large,it0079,0.5740267634391785,0.6129027009010315
C5_1,wavlm_large,it0080,0.2007152438163757,0.2764255702495575
C5_1,wavlm_large,it0081,0.2705393433570862,0.2943738400936126
C5_1,wavlm_large,it0082,0.3818247020244598,0.4511163234710693
C5_1,wavlm_large,it0083,0.3966412246227264,0.3975914716720581
C5_1,wavlm_large,it0084,0.3883168697357178,0.504223108291626
C5_1,wavlm_large,it0085,0.3237578570842743,0.5893385410308838
C5_1,wavlm_large,it0086,0.5244823694229126,0.651332676410675
C5_1,wavlm_large,it0087,0.5582009553909302,0.6822746992111206
C5_1,wavlm_large,it0088,0.2620329558849334,0.3903812170028686
C5_1,wavlm_large,it0089,0.3532646894454956,0.413299411535263
C5_1,wavlm_large,it0090,0.548446774482727,0.6055118441581726
C5_1,wavlm_large,it0091,0.5307185649871826,0.5635814070701599
C5_1,wavlm_large,it0092,0.4441218972206116,0.4667162597179413
C5_1,wavlm_large,it0093,0.2943449318408966,0.5064581632614136
C5_1,wavlm_large,it0094,0.5177934169769287,0.5602058172225952
C5_1,wavlm_large,it0095,0.5931885242462158,0.5908781290054321
C5_1,wavlm_large,it0096,0.3070143759250641,0.4060302376747131
C5_1,wavlm_large,it0097,0.6497600674629211,0.5755945444107056
C5_1,wavlm_large,it0098,0.4702633619308471,0.4956778287887573
C5_1,wavlm_large,it0099,0.0990742146968841,0.2242453694343567
C5_1,wavlm_large,it0100,0.5818735957145691,0.6466980576515198
C5_1,wavlm_large,it0101,0.328405350446701,0.3721208274364471
C5_1,wavlm_large,it0102,0.4172103703022003,0.491136223077774
C5_1,wavlm_large,it0103,0.4232457876205444,0.5302974581718445
C5_1,wavlm_large,it0104,0.491066038608551,0.5881273746490479
C5_1,wavlm_large,it0105,0.5376570224761963,0.5285336375236511
C5_1,wavlm_large,it0106,0.3894679546356201,0.4608756303787231
C5_1,wavlm_large,it0107,0.5404134392738342,0.5908656120300293
C5_1,wavlm_large,it0108,0.2993183732032776,0.3822658658027649
C5_1,wavlm_large,it0109,0.4322544634342193,0.4564177691936493
C5_1,wavlm_large,it0110,0.2640206217765808,0.4079302251338959
C5_1,wavlm_large,it0111,0.2159935235977172,0.2499465048313141
C5_1,wavlm_large,it0112,0.5729602575302124,0.5940843224525452
C5_1,wavlm_large,it0113,0.4478220343589782,0.4982804656028747
C5_1,wavlm_large,it0114,0.3353543579578399,0.398065984249115
C5_1,wavlm_large,it0115,0.1022887676954269,0.2474371045827865
C5_1,wavlm_large,it0116,0.3326672315597534,0.3834440112113952
C5_1,wavlm_large,it0117,0.5361599922180176,0.534892201423645
C5_1,wavlm_large,it0118,0.4758710563182831,0.5986986756324768
C5_1,wavlm_large,it0119,0.5612825751304626,0.7063316106796265
C5_1,wavlm_large,it0120,0.5768786668777466,0.5739032030105591
C5_1,wavlm_large,it0121,0.3995562791824341,0.4236270785331726
C5_1,wavlm_large,it0122,0.326579749584198,0.3327558040618896
C5_1,wavlm_large,it0123,0.4030914902687073,0.5766841769218445
C5_1,wavlm_large,it0124,0.5473349094390869,0.4946839511394501
C5_1,wavlm_large,it0125,0.5179581642150879,0.4931080341339111
C5_1,wavlm_large,it0126,0.475172221660614,0.4156569540500641
C5_1,wavlm_large,it0127,0.2448367476463318,0.3909542560577392
C5_1,wavlm_large,it0128,0.3010821044445038,0.3898341059684753
C5_1,wavlm_large,it0129,0.3686194717884063,0.4012768268585205
C5_1,wavlm_large,it0130,0.3000959157943725,0.3971250653266907
C5_1,wavlm_large,it0131,0.4378849864006042,0.4807879626750946
C5_1,wavlm_large,it0132,0.2772110104560852,0.3617890477180481
C5_1,wavlm_large,it0133,0.5763798356056213,0.6086337566375732
C5_1,wavlm_large,it0134,0.3070195615291595,0.4060506522655487
C5_1,wavlm_large,it0135,0.2655653357505798,0.3614258170127868
C5_1,wavlm_large,it0136,0.4757941365242004,0.5017810463905334
C5_1,wavlm_large,it0137,0.5140380859375,0.4042447805404663
C5_1,wavlm_large,it0138,0.5675740242004395,0.6438621878623962
C5_1,wavlm_large,it0139,0.409358948469162,0.4927991032600403
C5_1,wavlm_large,it0140,0.3640670478343963,0.4786586761474609
C5_1,wavlm_large,it0141,0.5593657493591309,0.6712211966514587
C5_1,wavlm_large,it0142,0.1710080653429031,0.2818866968154907
C5_1,wavlm_large,it0143,0.4759630560874939,0.5211007595062256
C5_1,wavlm_large,it0144,0.1379784941673278,0.4334610104560852
C5_1,wavlm_large,it0145,0.6313955783843994,0.6513059735298157
C5_1,wavlm_large,it0146,0.3763009011745453,0.4030905365943908
C5_1,wavlm_large,it0147,0.5967109799385071,0.4704554080963135
C5_1,wavlm_large,it0148,0.2641736567020416,0.312787115573883
C5_1,wavlm_large,it0149,0.5025562047958374,0.521386981010437
C5_1,wavlm_large,it0150,0.3737720549106598,0.407913327217102
C5_1,wavlm_large,it0151,0.5158736109733582,0.5258935689926147
C5_1,wavlm_large,it0152,0.3546355366706848,0.5230433344841003
C5_1,wavlm_large,it0153,0.3264878690242767,0.4254310727119446
C5_1,wavlm_large,it0154,0.150655910372734,0.2087223529815673
C5_1,wavlm_large,it0155,0.242077961564064,0.3886938989162445
C5_1,wavlm_large,it0156,0.1805452853441238,0.3801039457321167
C5_1,wavlm_large,it0157,0.5188112854957581,0.467307984828949
C5_1,wavlm_large,it0158,0.2929655313491821,0.285177618265152
C5_1,wavlm_large,it0159,0.3034100830554962,0.279237300157547
C5_1,wavlm_large,it0160,0.4936134219169616,0.4801233410835266
C5_1,wavlm_large,it0161,0.3367908895015716,0.3408762514591217
C5_1,wavlm_large,it0162,0.3364811539649963,0.3926850259304046
C5_1,wavlm_large,it0163,0.4707935452461242,0.4806192219257355
C5_1,wavlm_large,it0164,0.2962073981761932,0.4557603001594543
C5_1,wavlm_large,it0165,0.3069721758365631,0.3902373015880584
C5_1,wavlm_large,it0166,0.3233997523784637,0.3460074067115783
C5_1,wavlm_large,it0167,0.4321311116218567,0.5093013048171997
C5_1,wavlm_large,it0168,0.2349931299686432,0.3461617231369018
C5_1,wavlm_large,it0169,0.3723874986171722,0.480385422706604
C5_1,wavlm_large,it0170,0.3402774035930633,0.4597014188766479
C5_1,wavlm_large,it0171,0.5771667957305908,0.565009355545044
C5_1,wavlm_large,it0172,0.2493684887886047,0.4220283329486847
C5_1,wavlm_large,it0173,0.5250770449638367,0.6383591294288635
C5_1,wavlm_large,it0174,0.3260926008224487,0.4136424660682678
C5_1,wavlm_large,it0175,0.1204844266176223,0.3157065808773041
C5_1,wavlm_large,it0176,0.4152348637580871,0.3836074471473694
C5_1,wavlm_large,it0177,0.4881021380424499,0.4751639366149902
C5_1,wavlm_large,it0178,0.0851262360811233,0.2820637822151184
C5_1,wavlm_large,it0179,0.6124398708343506,0.6542847156524658
C5_1,wavlm_large,it0180,0.4591531753540039,0.4668727815151214
C5_1,wavlm_large,it0181,0.4609625339508056,0.5422353148460388
C5_1,wavlm_large,it0182,0.3762994408607483,0.4827387928962707
C5_1,wavlm_large,it0183,0.5051100850105286,0.5490418076515198
C5_1,wavlm_large,it0184,0.2507337033748626,0.2172072678804397
C5_1,wavlm_large,it0185,0.3993572890758514,0.4402980208396911
C5_1,wavlm_large,it0186,0.4501054286956787,0.4885222613811493
C5_1,wavlm_large,it0187,0.4868185818195343,0.4273221790790558
C5_1,wavlm_large,it0188,0.2973228991031647,0.5009220838546753
C5_1,wavlm_large,it0189,0.3016425371170044,0.3799897730350494
C5_1,wavlm_large,it0190,0.5168755054473877,0.5885515809059143
C5_1,wavlm_large,it0191,0.2756191194057464,0.3546578288078308
C5_1,wavlm_large,it0192,0.61700439453125,0.5904827117919922
C5_1,wavlm_large,it0193,0.2170619815587997,0.372567355632782
C5_1,wavlm_large,it0194,0.566687285900116,0.6597812175750732
C5_1,wavlm_large,it0195,0.5020202994346619,0.5139263272285461
C5_1,wavlm_large,it0196,0.2773325145244598,0.4934605658054352
C5_1,wavlm_large,it0197,0.2615281343460083,0.4261426329612732
C5_1,wavlm_large,it0198,0.1654113233089447,0.2324894219636917
C5_1,wavlm_large,it0199,0.4904671311378479,0.481132447719574
C5_1,ecapa,it0000,0.3213556408882141,0.356750339269638
C5_1,ecapa,it0001,0.3583073019981384,0.4249988198280334
C5_1,ecapa,it0002,0.2971118092536926,0.3437675237655639
C5_1,ecapa,it0003,0.3549057245254516,0.4369299113750458
C5_1,ecapa,it0004,0.3688279092311859,0.4414131045341491
C5_1,ecapa,it0005,0.5859047770500183,0.5507524013519287
C5_1,ecapa,it0006,0.3375158011913299,0.313901424407959
C5_1,ecapa,it0007,0.195005252957344,0.2791180908679962
C5_1,ecapa,it0008,0.2553443312644958,0.3810111284255981
C5_1,ecapa,it0009,0.4849792122840881,0.5441057682037354
C5_1,ecapa,it0010,0.5841130018234253,0.5796568989753723
C5_1,ecapa,it0011,0.4782228469848633,0.473241776227951
C5_1,ecapa,it0012,0.4077789783477783,0.455288827419281
C5_1,ecapa,it0013,0.5537327527999878,0.5675718188285828
C5_1,ecapa,it0014,0.4415439367294311,0.4859045147895813
C5_1,ecapa,it0015,0.3099589943885803,0.4374943375587463
C5_1,ecapa,it0016,0.6492787599563599,0.6071036458015442
C5_1,ecapa,it0017,0.4905931055545807,0.5174689888954163
C5_1,ecapa,it0018,0.2694919407367706,0.331225723028183
C5_1,ecapa,it0019,0.3636554181575775,0.5851621031761169
C5_1,ecapa,it0020,0.2815561294555664,0.2469972968101501
C5_1,ecapa,it0021,0.3650610744953155,0.4876643121242523
C5_1,ecapa,it0022,0.2632345259189605,0.499310702085495
C5_1,ecapa,it0023,0.6188581585884094,0.650178849697113
C5_1,ecapa,it0024,0.5128922462463379,0.6551186442375183
C5_1,ecapa,it0025,0.5413028001785278,0.6226170659065247
C5_1,ecapa,it0026,0.2417902499437332,0.3203424513339996
C5_1,ecapa,it0027,0.6695666909217834,0.6933023929595947
C5_1,ecapa,it0028,0.4960955679416656,0.4996083080768585
C5_1,ecapa,it0029,0.2316513359546661,0.2997428178787231
C5_1,ecapa,it0030,0.6017097234725952,0.6029499173164368
C5_1,ecapa,it0031,0.2662065625190735,0.3809582889080047
C5_1,ecapa,it0032,0.6086173057556152,0.6750286221504211
C5_1,ecapa,it0033,0.3477789759635925,0.3723496794700622
C5_1,ecapa,it0034,0.2865943312644958,0.4580723345279693
C5_1,ecapa,it0035,0.3232428729534149,0.3666887581348419
C5_1,ecapa,it0036,0.6446360349655151,0.6496710777282715
C5_1,ecapa,it0037,0.4911192059516907,0.5238652229309082
C5_1,ecapa,it0038,0.3360284566879272,0.4216323494911194
C5_1,ecapa,it0039,0.4045937657356262,0.422581136226654
C5_1,ecapa,it0040,0.3468006253242492,0.4185512959957123
C5_1,ecapa,it0041,0.5158014297485352,0.6037395000457764
C5_1,ecapa,it0042,0.41570645570755,0.4724833965301513
C5_1,ecapa,it0043,0.3168120980262756,0.3422228097915649
C5_1,ecapa,it0044,0.4285376071929931,0.5352964997291565
C5_1,ecapa,it0045,0.2147824615240097,0.2487286627292633
C5_1,ecapa,it0046,0.2387236207723617,0.3796252012252807
C5_1,ecapa,it0047,0.2878752946853637,0.3516936004161834
C5_1,ecapa,it0048,0.5648107528686523,0.549746036529541
C5_1,ecapa,it0049,0.2707604169845581,0.3622441589832306
C5_1,ecapa,it0050,0.1532842367887497,0.2831261754035949
C5_1,ecapa,it0051,0.1522266566753387,0.1853746473789215
C5_1,ecapa,it0052,0.1430365443229675,0.2595462501049042
C5_1,ecapa,it0053,0.2787961959838867,0.2197655439376831
C5_1,ecapa,it0054,0.2158721536397934,0.3596201837062835
C5_1,ecapa,it0055,0.5708538293838501,0.486415147781372
C5_1,ecapa,it0056,0.3580303788185119,0.4017768204212188
C5_1,ecapa,it0057,0.4896277487277984,0.5238088369369507
C5_1,ecapa,it0058,0.3167651891708374,0.4182024598121643
C5_1,ecapa,it0059,0.5187671780586243,0.5326264500617981
C5_1,ecapa,it0060,0.4753773212432861,0.4578040242195129
C5_1,ecapa,it0061,0.5176602602005005,0.5941697955131531
C5_1,ecapa,it0062,0.5137807726860046,0.6546300649642944
C5_1,ecapa,it0063,0.4009270071983337,0.464964359998703
C5_1,ecapa,it0064,0.3101286292076111,0.4279049634933471
C5_1,ecapa,it0065,0.5346878170967102,0.60963374376297
C5_1,ecapa,it0066,0.2760246992111206,0.3349825739860534
C5_1,ecapa,it0067,0.1911644339561462,0.2945649325847626
C5_1,ecapa,it0068,0.6622301936149597,0.6775364279747009
C5_1,ecapa,it0069,0.3667910099029541,0.3118239343166351
C5_1,ecapa,it0070,0.3926905691623688,0.4413396120071411
C5_1,ecapa,it0071,0.4555842280387878,0.5879867076873779
C5_1,ecapa,it0072,0.5005205869674683,0.5628512501716614
C5_1,ecapa,it0073,0.0143488496541976,0.1844043135643005
C5_1,ecapa,it0074,0.2796357870101928,0.3526366949081421
C5_1,ecapa,it0075,0.3775745034217834,0.3500421941280365
C5_1,ecapa,it0076,0.5854994058609009,0.5578346252441406
C5_1,ecapa,it0077,0.525175929069519,0.5235534906387329
C5_1,ecapa,it0078,0.2786749899387359,0.377115935087204
C5_1,ecapa,it0079,0.5810514092445374,0.6290164589881897
C5_1,ecapa,it0080,0.37649005651474,0.4437273740768432
C5_1,ecapa,it0081,0.3216112852096557,0.3552736639976501
C5_1,ecapa,it0082,0.3636968731880188,0.4692875146865845
C5_1,ecapa,it0083,0.5447124242782593,0.5030567646026611
C5_1,ecapa,it0084,0.5170227289199829,0.5893844366073608
C5_1,ecapa,it0085,0.550322413444519,0.6520137786865234
C5_1,ecapa,it0086,0.6222711801528931,0.5843070149421692
C5_1,ecapa,it0087,0.4918931424617767,0.5338158011436462
C5_1,ecapa,it0088,0.1684186607599258,0.3508160710334778
C5_1,ecapa,it0089,0.508008599281311,0.3236623108386993
C5_1,ecapa,it0090,0.5435094833374023,0.6278175711631775
C5_1,ecapa,it0091,0.5266909599304199,0.5407697558403015
C5_1,ecapa,it0092,0.5470300912857056,0.5504730939865112
C5_1,ecapa,it0093,0.3591864705085754,0.5133769512176514
C5_1,ecapa,it0094,0.5271365642547607,0.5541136264801025
C5_1,ecapa,it0095,0.4919939637184143,0.5273885130882263
C5_1,ecapa,it0096,0.375061422586441,0.4683848619461059
C5_1,ecapa,it0097,0.5740470290184021,0.537483811378479
C5_1,ecapa,it0098,0.5617920160293579,0.5188605189323425
C5_1,ecapa,it0099,0.2383660674095153,0.2825342416763305
C5_1,ecapa,it0100,0.595544695854187,0.6676291227340698
C5_1,ecapa,it0101,0.3408438563346863,0.3143373727798462
C5_1,ecapa,it0102,0.4146277904510498,0.278477281332016
C5_1,ecapa,it0103,0.4187501668930053,0.4763928353786468
C5_1,ecapa,it0104,0.424876868724823,0.547106921672821
C5_1,ecapa,it0105,0.4319420158863067,0.4436569213867187
C5_1,ecapa,it0106,0.2590399086475372,0.3306189477443695
C5_1,ecapa,it0107,0.542661190032959,0.5633671879768372
C5_1,ecapa,it0108,0.3930288851261139,0.463323026895523
C5_1,ecapa,it0109,0.3869687914848327,0.4677571952342987
C5_1,ecapa,it0110,0.1648085117340088,0.2200746536254882
C5_1,ecapa,it0111,0.3249895572662353,0.4593271017074585
C5_1,ecapa,it0112,0.5607476830482483,0.6119887232780457
C5_1,ecapa,it0113,0.4445967674255371,0.5651931166648865
C5_1,ecapa,it0114,0.3777063488960266,0.384156584739685
C5_1,ecapa,it0115,0.276159405708313,0.2963107824325561
C5_1,ecapa,it0116,0.5310249328613281,0.5345634818077087
C5_1,ecapa,it0117,0.4033342599868774,0.4930625557899475
C5_1,ecapa,it0118,0.4403108656406402,0.6009743809700012
C5_1,ecapa,it0119,0.5599647760391235,0.6599790453910828
C5_1,ecapa,it0120,0.603951096534729,0.681154727935791
C5_1,ecapa,it0121,0.5259496569633484,0.4304859042167663
C5_1,ecapa,it0122,0.2592668235301971,0.3242405354976654
C5_1,ecapa,it0123,0.3708500862121582,0.3576220273971557
C5_1,ecapa,it0124,0.5895790457725525,0.5584153532981873
C5_1,ecapa,it0125,0.5027263760566711,0.5374358892440796
C5_1,ecapa,it0126,0.4278837144374847,0.4598671495914459
C5_1,ecapa,it0127,0.308544784784317,0.4105385541915893
C5_1,ecapa,it0128,0.3519575893878937,0.455808162689209
C5_1,ecapa,it0129,0.398211270570755,0.4207203984260559
C5_1,ecapa,it0130,0.2596080303192138,0.2591921389102936
C5_1,ecapa,it0131,0.2807621359825134,0.4092516601085663
C5_1,ecapa,it0132,0.4459573626518249,0.3528722524642944
C5_1,ecapa,it0133,0.5090214014053345,0.5402773022651672
C5_1,ecapa,it0134,0.4554309844970703,0.404168426990509
C5_1,ecapa,it0135,0.3005324006080627,0.3419108092784881
C5_1,ecapa,it0136,0.4246922135353088,0.4311235845088959
C5_1,ecapa,it0137,0.4832894802093506,0.487391710281372
C5_1,ecapa,it0138,0.4940552413463592,0.5648102760314941
C5_1,ecapa,it0139,0.6090996265411377,0.603234052658081
C5_1,ecapa,it0140,0.449408084154129,0.4813446402549743
C5_1,ecapa,it0141,0.5764248371124268,0.6413220167160034
C5_1,ecapa,it0142,0.1533538699150085,0.1922108232975006
C5_1,ecapa,it0143,0.3548829257488251,0.3163388669490814
C5_1,ecapa,it0144,0.4568517804145813,0.5209247469902039
C5_1,ecapa,it0145,0.5028358101844788,0.6342220902442932
C5_1,ecapa,it0146,0.51209557056427,0.5180047750473022
C5_1,ecapa,it0147,0.5560767650604248,0.5213930606842041
C5_1,ecapa,it0148,0.2154204845428466,0.2975665330886841
C5_1,ecapa,it0149,0.4795044660568237,0.4752841591835022
C5_1,ecapa,it0150,0.3086237609386444,0.4239489436149597
C5_1,ecapa,it0151,0.5152556300163269,0.5753224492073059
C5_1,ecapa,it0152,0.3893318772315979,0.4867866933345794
C5_1,ecapa,it0153,0.281170904636383,0.2963600754737854
C5_1,ecapa,it0154,0.3290261626243591,0.2318425327539444
C5_1,ecapa,it0155,0.2231590747833252,0.2758671939373016
C5_1,ecapa,it0156,0.1935216784477234,0.287752628326416
C5_1,ecapa,it0157,0.5298148393630981,0.5401661396026611
C5_1,ecapa,it0158,0.2607374191284179,0.4299929141998291
C5_1,ecapa,it0159,0.4003883600234985,0.3978859186172485
C5_1,ecapa,it0160,0.5539581775665283,0.5818024277687073
C5_1,ecapa,it0161,0.3567685782909393,0.380046546459198
C5_1,ecapa,it0162,0.0871153324842453,0.2012020647525787
C5_1,ecapa,it0163,0.487708568572998,0.4712830781936645
C5_1,ecapa,it0164,0.5237929224967957,0.5959726572036743
C5_1,ecapa,it0165,0.2957393527030945,0.3874039649963379
C5_1,ecapa,it0166,0.4046241641044616,0.5929102897644043
C5_1,ecapa,it0167,0.4262318015098572,0.4876308441162109
C5_1,ecapa,it0168,0.2665314972400665,0.3063331544399261
C5_1,ecapa,it0169,0.3870788216590881,0.4490683972835541
C5_1,ecapa,it0170,0.3700686693191528,0.3987663388252258
C5_1,ecapa,it0171,0.6747411489486694,0.6873029470443726
C5_1,ecapa,it0172,0.2297283262014389,0.236095055937767
C5_1,ecapa,it0173,0.6181239485740662,0.6859407424926758
C5_1,ecapa,it0174,0.4995986223220825,0.4873952567577362
C5_1,ecapa,it0175,0.1104276627302169,0.2848120033740997
C5_1,ecapa,it0176,0.388082355260849,0.3543095886707306
C5_1,ecapa,it0177,0.4202892780303955,0.4198675751686096
C5_1,ecapa,it0178,0.1811333298683166,0.4219201803207397
C5_1,ecapa,it0179,0.6133130788803101,0.6174347400665283
C5_1,ecapa,it0180,0.5113725066184998,0.4735956192016601
C5_1,ecapa,it0181,0.4296301603317261,0.4555485844612121
C5_1,ecapa,it0182,0.5603386163711548,0.4554515779018402
C5_1,ecapa,it0183,0.5664255619049072,0.6271424889564514
C5_1,ecapa,it0184,0.2453634440898895,0.2482470273971557
C5_1,ecapa,it0185,0.388548195362091,0.4112580120563507
C5_1,ecapa,it0186,0.5637056231498718,0.6061822772026062
C5_1,ecapa,it0187,0.5037752389907837,0.5316242575645447
C5_1,ecapa,it0188,0.4616212844848633,0.5828210711479187
C5_1,ecapa,it0189,0.3354770541191101,0.4723166525363922
C5_1,ecapa,it0190,0.5610563158988953,0.5663477778434753
C5_1,ecapa,it0191,0.369181752204895,0.3927394449710846
C5_1,ecapa,it0192,0.5592029094696045,0.5960599184036255
C5_1,ecapa,it0193,0.38420370221138,0.5723838806152344
C5_1,ecapa,it0194,0.5764220356941223,0.566240668296814
C5_1,ecapa,it0195,0.5621492266654968,0.6159879565238953
C5_1,ecapa,it0196,0.4054417610168457,0.4928121268749237
C5_1,ecapa,it0197,0.3293893933296203,0.4874306321144104
C5_1,ecapa,it0198,0.2169731259346008,0.3210108280181885
C5_1,ecapa,it0199,0.38654625415802,0.4347141087055206
C5_1,ge2e,it0000,0.8026660680770874,0.7860798239707947
C5_1,ge2e,it0001,0.8121582269668579,0.8555448055267334
C5_1,ge2e,it0002,0.6862457990646362,0.7613486051559448
C5_1,ge2e,it0003,0.7661903500556946,0.7043507695198059
C5_1,ge2e,it0004,0.7705845832824707,0.8227900266647339
C5_1,ge2e,it0005,0.8829712271690369,0.8607897758483887
C5_1,ge2e,it0006,0.753709077835083,0.7397127747535706
C5_1,ge2e,it0007,0.7341035008430481,0.7747074961662292
C5_1,ge2e,it0008,0.8163793683052063,0.8445359468460083
C5_1,ge2e,it0009,0.8469653129577637,0.8638015985488892
C5_1,ge2e,it0010,0.8369304537773132,0.819725751876831
C5_1,ge2e,it0011,0.8844314217567444,0.8501260280609131
C5_1,ge2e,it0012,0.773987889289856,0.7857085466384888
C5_1,ge2e,it0013,0.789717435836792,0.8125184774398804
C5_1,ge2e,it0014,0.7878608703613281,0.8260343074798584
C5_1,ge2e,it0015,0.8301169276237488,0.8512337803840637
C5_1,ge2e,it0016,0.8627973794937134,0.8653746843338013
C5_1,ge2e,it0017,0.833084762096405,0.7987335920333862
C5_1,ge2e,it0018,0.7762829065322876,0.8148339986801147
C5_1,ge2e,it0019,0.7933081984519958,0.8475983738899231
C5_1,ge2e,it0020,0.5888084173202515,0.7254094481468201
C5_1,ge2e,it0021,0.7615992426872253,0.8437014818191528
C5_1,ge2e,it0022,0.7184330224990845,0.8238427042961121
C5_1,ge2e,it0023,0.8214436173439026,0.8361976146697998
C5_1,ge2e,it0024,0.8616852164268494,0.8663693070411682
C5_1,ge2e,it0025,0.8666000962257385,0.888727068901062
C5_1,ge2e,it0026,0.7559940218925476,0.7691917419433594
C5_1,ge2e,it0027,0.7879555821418762,0.8410552740097046
C5_1,ge2e,it0028,0.8290488719940186,0.8414432406425476
C5_1,ge2e,it0029,0.7929669618606567,0.8080126643180847
C5_1,ge2e,it0030,0.8723230361938477,0.8614726066589355
C5_1,ge2e,it0031,0.7539701461791992,0.8202340602874756
C5_1,ge2e,it0032,0.7837080955505371,0.8388595581054688
C5_1,ge2e,it0033,0.7523627281188965,0.7497666478157043
C5_1,ge2e,it0034,0.8571411371231079,0.8742170929908752
C5_1,ge2e,it0035,0.7543553113937378,0.730765700340271
C5_1,ge2e,it0036,0.8779312372207642,0.8625351190567017
C5_1,ge2e,it0037,0.8617348670959473,0.8917787075042725
C5_1,ge2e,it0038,0.8165643215179443,0.8651968240737915
C5_1,ge2e,it0039,0.7697657346725464,0.8471047282218933
C5_1,ge2e,it0040,0.8048072457313538,0.8069656491279602
C5_1,ge2e,it0041,0.8331813812255859,0.8357295393943787
C5_1,ge2e,it0042,0.8549087643623352,0.8495864868164062
C5_1,ge2e,it0043,0.7669194340705872,0.7984834313392639
C5_1,ge2e,it0044,0.8237512707710266,0.8294475078582764
C5_1,ge2e,it0045,0.8158664703369141,0.8180257081985474
C5_1,ge2e,it0046,0.7633981704711914,0.7639493346214294
C5_1,ge2e,it0047,0.778236985206604,0.7304195761680603
C5_1,ge2e,it0048,0.8531774282455444,0.8054965734481812
C5_1,ge2e,it0049,0.8421217799186707,0.8712669014930725
C5_1,ge2e,it0050,0.7848275899887085,0.8132262825965881
C5_1,ge2e,it0051,0.8180314302444458,0.8464411497116089
C5_1,ge2e,it0052,0.8308554291725159,0.7916163206100464
C5_1,ge2e,it0053,0.7519203424453735,0.7983393669128418
C5_1,ge2e,it0054,0.7239435315132141,0.8268669843673706
C5_1,ge2e,it0055,0.6816703677177429,0.8154135346412659
C5_1,ge2e,it0056,0.887563169002533,0.8862124681472778
C5_1,ge2e,it0057,0.8356974720954895,0.8464930057525635
C5_1,ge2e,it0058,0.7521437406539917,0.7322244644165039
C5_1,ge2e,it0059,0.8663085699081421,0.860022783279419
C5_1,ge2e,it0060,0.8508908152580261,0.8768309354782104
C5_1,ge2e,it0061,0.8755534887313843,0.8847699165344238
C5_1,ge2e,it0062,0.8290612697601318,0.8755935430526733
C5_1,ge2e,it0063,0.7723056077957153,0.7403757572174072
C5_1,ge2e,it0064,0.8284621834754944,0.8124401569366455
C5_1,ge2e,it0065,0.8325867056846619,0.8433889746665955
C5_1,ge2e,it0066,0.6548581123352051,0.7913649082183838
C5_1,ge2e,it0067,0.7970001697540283,0.8586001992225647
C5_1,ge2e,it0068,0.8642508387565613,0.8899936676025391
C5_1,ge2e,it0069,0.8164089322090149,0.7966079711914062
C5_1,ge2e,it0070,0.7328288555145264,0.7272663116455078
C5_1,ge2e,it0071,0.7702714800834656,0.8412741422653198
C5_1,ge2e,it0072,0.8660153150558472,0.8786247372627258
C5_1,ge2e,it0073,0.7663302421569824,0.8095736503601074
C5_1,ge2e,it0074,0.7659560441970825,0.7925786375999451
C5_1,ge2e,it0075,0.8558830618858337,0.859789252281189
C5_1,ge2e,it0076,0.8107814192771912,0.822769820690155
C5_1,ge2e,it0077,0.7764546275138855,0.808395266532898
C5_1,ge2e,it0078,0.7691309452056885,0.7736159563064575
C5_1,ge2e,it0079,0.8018563389778137,0.8097525238990784
C5_1,ge2e,it0080,0.7288865447044373,0.8218156099319458
C5_1,ge2e,it0081,0.8394626975059509,0.8442475199699402
C5_1,ge2e,it0082,0.8588466048240662,0.8732160329818726
C5_1,ge2e,it0083,0.8785271644592285,0.8821792602539062
C5_1,ge2e,it0084,0.8442587852478027,0.8934715986251831
C5_1,ge2e,it0085,0.8221631646156311,0.8274698257446289
C5_1,ge2e,it0086,0.8352228403091431,0.8498687744140625
C5_1,ge2e,it0087,0.8473339676856995,0.8474417328834534
C5_1,ge2e,it0088,0.8093918561935425,0.8142200708389282
C5_1,ge2e,it0089,0.8128410577774048,0.8231716752052307
C5_1,ge2e,it0090,0.8792405128479004,0.8749105930328369
C5_1,ge2e,it0091,0.7988186478614807,0.8367119431495667
C5_1,ge2e,it0092,0.7531501054763794,0.8326168060302734
C5_1,ge2e,it0093,0.8085469007492065,0.8464400768280029
C5_1,ge2e,it0094,0.7917627096176147,0.8141167163848877
C5_1,ge2e,it0095,0.8810309171676636,0.8905607461929321
C5_1,ge2e,it0096,0.7981200218200684,0.8166123628616333
C5_1,ge2e,it0097,0.8080500364303589,0.8481947183609009
C5_1,ge2e,it0098,0.8525316715240479,0.8610706329345703
C5_1,ge2e,it0099,0.7490423917770386,0.7170265913009644
C5_1,ge2e,it0100,0.8583478331565857,0.8847019076347351
C5_1,ge2e,it0101,0.7339460849761963,0.7229387760162354
C5_1,ge2e,it0102,0.8572690486907959,0.8588328957557678
C5_1,ge2e,it0103,0.7796968817710876,0.7829160094261169
C5_1,ge2e,it0104,0.8665858507156372,0.8555712699890137
C5_1,ge2e,it0105,0.8276591897010803,0.8606525659561157
C5_1,ge2e,it0106,0.8368461728096008,0.8599082231521606
C5_1,ge2e,it0107,0.7856037020683289,0.8053796291351318
C5_1,ge2e,it0108,0.8095986843109131,0.8238412737846375
C5_1,ge2e,it0109,0.765717625617981,0.7472730278968811
C5_1,ge2e,it0110,0.7766602039337158,0.7937812209129333
C5_1,ge2e,it0111,0.7836823463439941,0.8524506688117981
C5_1,ge2e,it0112,0.9008802175521852,0.8999638557434082
C5_1,ge2e,it0113,0.8645775318145752,0.872081995010376
C5_1,ge2e,it0114,0.8037766218185425,0.8547292947769165
C5_1,ge2e,it0115,0.8148916363716125,0.8120701909065247
C5_1,ge2e,it0116,0.8322017192840576,0.8221507668495178
C5_1,ge2e,it0117,0.8347213268280029,0.8256785869598389
C5_1,ge2e,it0118,0.7686407566070557,0.8283408284187317
C5_1,ge2e,it0119,0.8313847184181213,0.7953187823295593
C5_1,ge2e,it0120,0.7939277291297913,0.8045915961265564
C5_1,ge2e,it0121,0.843593180179596,0.8237295150756836
C5_1,ge2e,it0122,0.7920836210250854,0.8236802816390991
C5_1,ge2e,it0123,0.7640634179115295,0.7778266072273254
C5_1,ge2e,it0124,0.8702396154403687,0.8671788573265076
C5_1,ge2e,it0125,0.8861886858940125,0.9057716131210328
C5_1,ge2e,it0126,0.8546729683876038,0.849288284778595
C5_1,ge2e,it0127,0.8042529821395874,0.8069298267364502
C5_1,ge2e,it0128,0.8057335019111633,0.7876409292221069
C5_1,ge2e,it0129,0.8054525256156921,0.7710387706756592
C5_1,ge2e,it0130,0.8379741907119751,0.8318984508514404
C5_1,ge2e,it0131,0.8347723484039307,0.8491964340209961
C5_1,ge2e,it0132,0.8109701871871948,0.824316680431366
C5_1,ge2e,it0133,0.8537120819091797,0.8588692545890808
C5_1,ge2e,it0134,0.7775963544845581,0.7382546067237854
C5_1,ge2e,it0135,0.7460910677909851,0.7738957405090332
C5_1,ge2e,it0136,0.8669136762619019,0.8093207478523254
C5_1,ge2e,it0137,0.7885275483131409,0.8244960904121399
C5_1,ge2e,it0138,0.8210551142692566,0.8118035197257996
C5_1,ge2e,it0139,0.842785656452179,0.844387948513031
C5_1,ge2e,it0140,0.8210638165473938,0.8150464296340942
C5_1,ge2e,it0141,0.8408443927764893,0.8370460271835327
C5_1,ge2e,it0142,0.7972527742385864,0.8286232352256775
C5_1,ge2e,it0143,0.8704497218132019,0.857114851474762
C5_1,ge2e,it0144,0.789371132850647,0.8266791105270386
C5_1,ge2e,it0145,0.8008506298065186,0.871412456035614
C5_1,ge2e,it0146,0.7594570517539978,0.771455705165863
C5_1,ge2e,it0147,0.9052927494049072,0.894046425819397
C5_1,ge2e,it0148,0.8015359044075012,0.7987677454948425
C5_1,ge2e,it0149,0.8440577983856201,0.849389374256134
C5_1,ge2e,it0150,0.691234827041626,0.7415911555290222
C5_1,ge2e,it0151,0.7982638478279114,0.8106268644332886
C5_1,ge2e,it0152,0.8618358373641968,0.8638542890548706
C5_1,ge2e,it0153,0.8157187700271606,0.8185563683509827
C5_1,ge2e,it0154,0.776641845703125,0.7873611450195312
C5_1,ge2e,it0155,0.797372579574585,0.8206384181976318
C5_1,ge2e,it0156,0.7202648520469666,0.7752096652984619
C5_1,ge2e,it0157,0.8382900953292847,0.8481537103652954
C5_1,ge2e,it0158,0.7637799382209778,0.8052805662155151
C5_1,ge2e,it0159,0.8219014406204224,0.8265880942344666
C5_1,ge2e,it0160,0.8821080923080444,0.8770673274993896
C5_1,ge2e,it0161,0.809117317199707,0.8340780735015869
C5_1,ge2e,it0162,0.7756022214889526,0.8109457492828369
C5_1,ge2e,it0163,0.7728372812271118,0.774695873260498
C5_1,ge2e,it0164,0.8175075054168701,0.7450828552246094
C5_1,ge2e,it0165,0.7742294669151306,0.7728853225708008
C5_1,ge2e,it0166,0.7880272269248962,0.8382154107093811
C5_1,ge2e,it0167,0.8532242774963379,0.8512304425239563
C5_1,ge2e,it0168,0.7242422103881836,0.7177370190620422
C5_1,ge2e,it0169,0.8117886781692505,0.8450154066085815
C5_1,ge2e,it0170,0.8669665455818176,0.8666656613349915
C5_1,ge2e,it0171,0.8024483919143677,0.8368754386901855
C5_1,ge2e,it0172,0.7845455408096313,0.8460896611213684
C5_1,ge2e,it0173,0.8450309634208679,0.870520830154419
C5_1,ge2e,it0174,0.8125385046005249,0.8096335530281067
C5_1,ge2e,it0175,0.6543635129928589,0.6750824451446533
C5_1,ge2e,it0176,0.794613242149353,0.8239898681640625
C5_1,ge2e,it0177,0.8497622013092041,0.8376888632774353
C5_1,ge2e,it0178,0.7898691892623901,0.8280723094940186
C5_1,ge2e,it0179,0.8764462471008301,0.9129164814949036
C5_1,ge2e,it0180,0.854832112789154,0.8681556582450867
C5_1,ge2e,it0181,0.8373812437057495,0.8455315828323364
C5_1,ge2e,it0182,0.85719895362854,0.8238368034362793
C5_1,ge2e,it0183,0.8214913606643677,0.8843874335289001
C5_1,ge2e,it0184,0.8170682787895203,0.7956750988960266
C5_1,ge2e,it0185,0.7825192809104919,0.8513727784156799
C5_1,ge2e,it0186,0.7997804880142212,0.8401128053665161
C5_1,ge2e,it0187,0.8458589911460876,0.8172648549079895
C5_1,ge2e,it0188,0.8458876609802246,0.8463341593742371
C5_1,ge2e,it0189,0.8179646134376526,0.8290650844573975
C5_1,ge2e,it0190,0.8636548519134521,0.8541868329048157
C5_1,ge2e,it0191,0.8011935949325562,0.8020981550216675
C5_1,ge2e,it0192,0.84215247631073,0.8518016338348389
C5_1,ge2e,it0193,0.7655718922615051,0.775370717048645
C5_1,ge2e,it0194,0.8457468152046204,0.8695580959320068
C5_1,ge2e,it0195,0.7825698256492615,0.8446111679077148
C5_1,ge2e,it0196,0.7740622162818909,0.8006247878074646
C5_1,ge2e,it0197,0.8031736612319946,0.8730101585388184
C5_1,ge2e,it0198,0.8041664958000183,0.8332728743553162
C5_1,ge2e,it0199,0.8173738121986389,0.8180822134017944
C5_1,xvect,it0000,0.945583999156952,0.9545571208000184
C5_1,xvect,it0001,0.95513117313385,0.9480465054512024
C5_1,xvect,it0002,0.9417437314987184,0.954764723777771
C5_1,xvect,it0003,0.938358724117279,0.9458928108215332
C5_1,xvect,it0004,0.9463707208633424,0.9551035761833192
C5_1,xvect,it0005,0.9535452127456664,0.958669900894165
C5_1,xvect,it0006,0.940964698791504,0.9360846281051636
C5_1,xvect,it0007,0.9471759796142578,0.9523236751556396
C5_1,xvect,it0008,0.9333581924438475,0.9399771094322203
C5_1,xvect,it0009,0.95235276222229,0.9626721739768982
C5_1,xvect,it0010,0.9672738313674928,0.963181734085083
C5_1,xvect,it0011,0.9637699127197266,0.9572359323501588
C5_1,xvect,it0012,0.9497193694114684,0.9542553424835204
C5_1,xvect,it0013,0.9614511132240297,0.9606248140335084
C5_1,xvect,it0014,0.9291123151779176,0.9313905239105223
C5_1,xvect,it0015,0.8994165658950806,0.9415976405143738
C5_1,xvect,it0016,0.9335389733314514,0.9548761248588562
C5_1,xvect,it0017,0.9315547943115234,0.9426605105400084
C5_1,xvect,it0018,0.9054637551307678,0.9421064853668212
C5_1,xvect,it0019,0.9394041895866394,0.9560046195983888
C5_1,xvect,it0020,0.9314408898353576,0.9500246047973632
C5_1,xvect,it0021,0.9379855394363404,0.9484775066375732
C5_1,xvect,it0022,0.889999508857727,0.9412055015563964
C5_1,xvect,it0023,0.9531175494194032,0.9489626288414
C5_1,xvect,it0024,0.9507864117622375,0.9668028354644777
C5_1,xvect,it0025,0.954541563987732,0.9486074447631836
C5_1,xvect,it0026,0.9252673983573914,0.9430607557296752
C5_1,xvect,it0027,0.9594736099243164,0.9640843868255616
C5_1,xvect,it0028,0.9315544366836548,0.9564749002456664
C5_1,xvect,it0029,0.9407978653907776,0.9510501623153688
C5_1,xvect,it0030,0.9731715321540833,0.9696382284164428
C5_1,xvect,it0031,0.9484909176826476,0.9503040313720704
C5_1,xvect,it0032,0.9532374143600464,0.9395952820777892
C5_1,xvect,it0033,0.9358029961586,0.9323124289512634
C5_1,xvect,it0034,0.9450384378433228,0.961122453212738
C5_1,xvect,it0035,0.9407770037651062,0.9437046051025392
C5_1,xvect,it0036,0.9495518207550048,0.966458022594452
C5_1,xvect,it0037,0.9585398435592652,0.9591546058654784
C5_1,xvect,it0038,0.938305139541626,0.949425458908081
C5_1,xvect,it0039,0.9469220638275146,0.9509884119033812
C5_1,xvect,it0040,0.9453437924385072,0.9438514113426208
C5_1,xvect,it0041,0.9442969560623168,0.9415287375450134
C5_1,xvect,it0042,0.947032868862152,0.943040132522583
C5_1,xvect,it0043,0.9531375169754028,0.9522653222084044
C5_1,xvect,it0044,0.9673810601234436,0.9721313118934632
C5_1,xvect,it0045,0.9451799392700196,0.9428372383117676
C5_1,xvect,it0046,0.9476216435432434,0.9516563415527344
C5_1,xvect,it0047,0.9522700309753418,0.9624202251434326
C5_1,xvect,it0048,0.957857310771942,0.9437694549560548
C5_1,xvect,it0049,0.9192963242530824,0.9474552273750304
C5_1,xvect,it0050,0.9316036701202391,0.9574944972991944
C5_1,xvect,it0051,0.9485620856285096,0.9537838101387024
C5_1,xvect,it0052,0.9492093324661256,0.9447426795959472
C5_1,xvect,it0053,0.9504022002220154,0.9530513882637024
C5_1,xvect,it0054,0.93953138589859,0.9569628834724426
C5_1,xvect,it0055,0.9279338717460632,0.929669976234436
C5_1,xvect,it0056,0.9647271037101746,0.964220643043518
C5_1,xvect,it0057,0.9465234279632568,0.9535604119300842
C5_1,xvect,it0058,0.940335750579834,0.9512602090835572
C5_1,xvect,it0059,0.9675836563110352,0.9690529704093932
C5_1,xvect,it0060,0.9444721937179564,0.9449661374092102
C5_1,xvect,it0061,0.9484128952026368,0.9630377292633056
C5_1,xvect,it0062,0.9536473751068116,0.9521251320838928
C5_1,xvect,it0063,0.9470216035842896,0.9499199390411376
C5_1,xvect,it0064,0.9503095149993896,0.9487922191619872
C5_1,xvect,it0065,0.931502640247345,0.9432924389839172
C5_1,xvect,it0066,0.9281542897224426,0.9467092752456664
C5_1,xvect,it0067,0.9491095542907716,0.9600982666015624
C5_1,xvect,it0068,0.9712232947349548,0.975497543811798
C5_1,xvect,it0069,0.958716869354248,0.9561430215835572
C5_1,xvect,it0070,0.931852638721466,0.9372088313102722
C5_1,xvect,it0071,0.9442371129989624,0.9606424570083618
C5_1,xvect,it0072,0.9708252549171448,0.9772490859031676
C5_1,xvect,it0073,0.9211349487304688,0.9517908096313475
C5_1,xvect,it0074,0.9398271441459656,0.9512091279029846
C5_1,xvect,it0075,0.9550411105155944,0.9581989645957948
C5_1,xvect,it0076,0.9593101143836976,0.9576647281646729
C5_1,xvect,it0077,0.9160731434822084,0.967390775680542
C5_1,xvect,it0078,0.9422659873962402,0.9496191740036012
C5_1,xvect,it0079,0.969709813594818,0.970505952835083
C5_1,xvect,it0080,0.925118625164032,0.9483458995819092
C5_1,xvect,it0081,0.9589493870735168,0.9533482193946838
C5_1,xvect,it0082,0.9434762001037598,0.9428836107254028
C5_1,xvect,it0083,0.964474320411682,0.9674697518348694
C5_1,xvect,it0084,0.9664049744606018,0.9706448316574096
C5_1,xvect,it0085,0.9601056575775146,0.963676929473877
C5_1,xvect,it0086,0.9669595956802368,0.9653045535087584
C5_1,xvect,it0087,0.9653937220573424,0.9595397710800172
C5_1,xvect,it0088,0.9371771812438964,0.9629637598991394
C5_1,xvect,it0089,0.947709023952484,0.9515460729599
C5_1,xvect,it0090,0.9626542925834656,0.9701566100120544
C5_1,xvect,it0091,0.937544584274292,0.9488913416862488
C5_1,xvect,it0092,0.9516115188598632,0.9605545997619628
C5_1,xvect,it0093,0.9443441033363342,0.9592298269271852
C5_1,xvect,it0094,0.938655972480774,0.9421178102493286
C5_1,xvect,it0095,0.9585512280464172,0.9581198692321776
C5_1,xvect,it0096,0.9451733827590942,0.956356406211853
C5_1,xvect,it0097,0.9589208960533142,0.95864337682724
C5_1,xvect,it0098,0.9569215178489684,0.9615391492843628
C5_1,xvect,it0099,0.9484624266624452,0.9524471759796144
C5_1,xvect,it0100,0.9671627283096312,0.9667608141899108
C5_1,xvect,it0101,0.961349070072174,0.9515509009361268
C5_1,xvect,it0102,0.945832133293152,0.9502967596054076
C5_1,xvect,it0103,0.9510383009910583,0.9581371545791626
C5_1,xvect,it0104,0.9219138622283936,0.9415042996406556
C5_1,xvect,it0105,0.9150267839431764,0.9574928879737854
C5_1,xvect,it0106,0.9523155689239502,0.9578099846839904
C5_1,xvect,it0107,0.942642092704773,0.9473530650138856
C5_1,xvect,it0108,0.9533247351646424,0.9646454453468324
C5_1,xvect,it0109,0.9477616548538208,0.9598636627197266
C5_1,xvect,it0110,0.9361483454704284,0.955411970615387
C5_1,xvect,it0111,0.954649806022644,0.9684317708015442
C5_1,xvect,it0112,0.9579588174819946,0.9664974212646484
C5_1,xvect,it0113,0.9499266743659972,0.9572027921676636
C5_1,xvect,it0114,0.9584794640541076,0.9624966382980348
C5_1,xvect,it0115,0.9552823901176452,0.9618335962295532
C5_1,xvect,it0116,0.952548325061798,0.9515978097915648
C5_1,xvect,it0117,0.9394544959068298,0.9629862904548644
C5_1,xvect,it0118,0.9582819938659668,0.960555374622345
C5_1,xvect,it0119,0.9641475677490234,0.9689998626708984
C5_1,xvect,it0120,0.9558575749397278,0.953826904296875
C5_1,xvect,it0121,0.9557450413703918,0.9544724225997924
C5_1,xvect,it0122,0.957029104232788,0.9630601406097412
C5_1,xvect,it0123,0.949005961418152,0.950845181941986
C5_1,xvect,it0124,0.9364147186279296,0.9430449604988098
C5_1,xvect,it0125,0.953460931777954,0.95852792263031
C5_1,xvect,it0126,0.953256905078888,0.95497065782547
C5_1,xvect,it0127,0.9547934532165528,0.9631807804107666
C5_1,xvect,it0128,0.9389533400535583,0.961840808391571
C5_1,xvect,it0129,0.9548156261444092,0.947566568851471
C5_1,xvect,it0130,0.9448399543762208,0.9567189812660216
C5_1,xvect,it0131,0.9394969940185548,0.9486204981803894
C5_1,xvect,it0132,0.9523540139198304,0.952921450138092
C5_1,xvect,it0133,0.9610356688499452,0.9570333361625672
C5_1,xvect,it0134,0.9618487358093262,0.9639952182769777
C5_1,xvect,it0135,0.9324994087219238,0.948805332183838
C5_1,xvect,it0136,0.9544054865837096,0.9493353366851808
C5_1,xvect,it0137,0.9378638863563538,0.9573951959609984
C5_1,xvect,it0138,0.952213704586029,0.9659013152122498
C5_1,xvect,it0139,0.965388000011444,0.9650890827178956
C5_1,xvect,it0140,0.9337425231933594,0.9538021087646484
C5_1,xvect,it0141,0.9496506452560424,0.9592451453208924
C5_1,xvect,it0142,0.9428410530090332,0.9396038055419922
C5_1,xvect,it0143,0.9589872360229492,0.9562330842018129
C5_1,xvect,it0144,0.9526410102844238,0.9560892581939696
C5_1,xvect,it0145,0.9410090446472168,0.9614118933677672
C5_1,xvect,it0146,0.9309982061386108,0.9345152378082277
C5_1,xvect,it0147,0.9625829458236694,0.9642887711524964
C5_1,xvect,it0148,0.946179211139679,0.9540838599205016
C5_1,xvect,it0149,0.95194274187088,0.9532699584960938
C5_1,xvect,it0150,0.9279164671897888,0.9466375708580016
C5_1,xvect,it0151,0.9505828022956848,0.961766242980957
C5_1,xvect,it0152,0.9584521055221558,0.9587389230728148
C5_1,xvect,it0153,0.9213089942932128,0.9312888979911804
C5_1,xvect,it0154,0.9495083689689636,0.9290629625320436
C5_1,xvect,it0155,0.9537422060966492,0.9608430862426758
C5_1,xvect,it0156,0.953424036502838,0.958534836769104
C5_1,xvect,it0157,0.9580854773521424,0.9646996259689332
C5_1,xvect,it0158,0.9547090530395508,0.964340090751648
C5_1,xvect,it0159,0.945913016796112,0.9533112645149232
C5_1,xvect,it0160,0.960092544555664,0.9629143476486206
C5_1,xvect,it0161,0.9568898677825928,0.962543249130249
C5_1,xvect,it0162,0.9602187871932985,0.9630484580993652
C5_1,xvect,it0163,0.9707671403884888,0.9677869081497192
C5_1,xvect,it0164,0.9545394778251648,0.9621649384498596
C5_1,xvect,it0165,0.9402344822883606,0.9562775492668152
C5_1,xvect,it0166,0.9551727175712584,0.9597600698471068
C5_1,xvect,it0167,0.945113718509674,0.9527385830879213
C5_1,xvect,it0168,0.9165435433387756,0.944469690322876
C5_1,xvect,it0169,0.9650187492370604,0.9680236577987672
C5_1,xvect,it0170,0.945335865020752,0.9536694288253784
C5_1,xvect,it0171,0.9387891888618468,0.9632295966148376
C5_1,xvect,it0172,0.9356348514556884,0.9213672280311584
C5_1,xvect,it0173,0.9597388505935668,0.9624688625335692
C5_1,xvect,it0174,0.9605854749679564,0.961325705051422
C5_1,xvect,it0175,0.9415100812911988,0.9540866017341614
C5_1,xvect,it0176,0.9404154419898988,0.9579933285713196
C5_1,xvect,it0177,0.9514414072036744,0.93943589925766
C5_1,xvect,it0178,0.9407534003257751,0.9573694467544556
C5_1,xvect,it0179,0.9577613472938538,0.9595354795455932
C5_1,xvect,it0180,0.9515810608863832,0.9458386898040771
C5_1,xvect,it0181,0.9678297638893129,0.9685438871383668
C5_1,xvect,it0182,0.9494566321372986,0.9442304968833924
C5_1,xvect,it0183,0.9559366703033448,0.9641935229301452
C5_1,xvect,it0184,0.9400872588157654,0.93771892786026
C5_1,xvect,it0185,0.9130549430847168,0.9522756338119508
C5_1,xvect,it0186,0.9134610295295716,0.901339054107666
C5_1,xvect,it0187,0.9620736241340636,0.963721752166748
C5_1,xvect,it0188,0.9331203103065492,0.9494714736938475
C5_1,xvect,it0189,0.9403164386749268,0.9533847570419312
C5_1,xvect,it0190,0.9618637561798096,0.9574970006942748
C5_1,xvect,it0191,0.9536093473434448,0.958404302597046
C5_1,xvect,it0192,0.9507488012313844,0.9683660268783568
C5_1,xvect,it0193,0.9527414441108704,0.9621139764785768
C5_1,xvect,it0194,0.961861252784729,0.973051130771637
C5_1,xvect,it0195,0.944216012954712,0.9613562226295472
C5_1,xvect,it0196,0.9328365325927734,0.9479522705078124
C5_1,xvect,it0197,0.9246148467063904,0.9495744109153748
C5_1,xvect,it0198,0.9045701026916504,0.9465489983558656
C5_1,xvect,it0199,0.955332338809967,0.9564167261123656
C5_1,wavlm_base_plus,it0000,0.7430526614189148,0.8265396952629089
C5_1,wavlm_base_plus,it0001,0.865739107131958,0.9107500314712524
C5_1,wavlm_base_plus,it0002,0.9483290910720824,0.9486843943595886
C5_1,wavlm_base_plus,it0003,0.9032705426216124,0.9351847171783448
C5_1,wavlm_base_plus,it0004,0.9446967244148254,0.9193811416625975
C5_1,wavlm_base_plus,it0005,0.9376457929611206,0.9393240809440612
C5_1,wavlm_base_plus,it0006,0.8643534779548645,0.8877503871917725
C5_1,wavlm_base_plus,it0007,0.946799635887146,0.9382665753364564
C5_1,wavlm_base_plus,it0008,0.9127097725868224,0.8583711385726929
C5_1,wavlm_base_plus,it0009,0.953284740447998,0.9741504192352296
C5_1,wavlm_base_plus,it0010,0.8603289127349854,0.9002605676651001
C5_1,wavlm_base_plus,it0011,0.9402239322662354,0.9431287050247192
C5_1,wavlm_base_plus,it0012,0.8751367330551147,0.8205991983413696
C5_1,wavlm_base_plus,it0013,0.9751445651054382,0.9800021648406982
C5_1,wavlm_base_plus,it0014,0.8297927379608154,0.8506407141685486
C5_1,wavlm_base_plus,it0015,0.8952233791351318,0.9281457662582396
C5_1,wavlm_base_plus,it0016,0.9655394554138184,0.9394209384918212
C5_1,wavlm_base_plus,it0017,0.9047617316246032,0.930670976638794
C5_1,wavlm_base_plus,it0018,0.869809091091156,0.9337461590766908
C5_1,wavlm_base_plus,it0019,0.9614254236221312,0.9724817276000975
C5_1,wavlm_base_plus,it0020,0.8309597969055176,0.7057037949562073
C5_1,wavlm_base_plus,it0021,0.8505874276161194,0.9325296878814696
C5_1,wavlm_base_plus,it0022,0.8341200351715088,0.894770622253418
C5_1,wavlm_base_plus,it0023,0.9076409339904784,0.936103105545044
C5_1,wavlm_base_plus,it0024,0.9568188190460204,0.971394419670105
C5_1,wavlm_base_plus,it0025,0.93427312374115,0.9422950744628906
C5_1,wavlm_base_plus,it0026,0.8348472118377686,0.8493348360061646
C5_1,wavlm_base_plus,it0027,0.9485403895378112,0.9352266788482666
C5_1,wavlm_base_plus,it0028,0.9586519002914428,0.9574723839759828
C5_1,wavlm_base_plus,it0029,0.8283110857009888,0.8664265275001526
C5_1,wavlm_base_plus,it0030,0.924708902835846,0.9554359912872314
C5_1,wavlm_base_plus,it0031,0.9373480081558228,0.9598463177680968
C5_1,wavlm_base_plus,it0032,0.9178175926208496,0.9080630540847778
C5_1,wavlm_base_plus,it0033,0.9374684691429138,0.942030668258667
C5_1,wavlm_base_plus,it0034,0.924856424331665,0.9703083634376526
C5_1,wavlm_base_plus,it0035,0.7829458713531494,0.7056770920753479
C5_1,wavlm_base_plus,it0036,0.9675676822662354,0.9286168813705444
C5_1,wavlm_base_plus,it0037,0.931898593902588,0.898810088634491
C5_1,wavlm_base_plus,it0038,0.9414684176445008,0.9347916841506958
C5_1,wavlm_base_plus,it0039,0.9382878541946412,0.9290526509284972
C5_1,wavlm_base_plus,it0040,0.962570309638977,0.910876989364624
C5_1,wavlm_base_plus,it0041,0.9425767660140992,0.9461438655853271
C5_1,wavlm_base_plus,it0042,0.8944838643074036,0.8699334859848022
C5_1,wavlm_base_plus,it0043,0.9107642769813538,0.926088809967041
C5_1,wavlm_base_plus,it0044,0.909229576587677,0.8958079814910889
C5_1,wavlm_base_plus,it0045,0.8806886672973633,0.8518818616867065
C5_1,wavlm_base_plus,it0046,0.8428972363471985,0.8612836599349976
C5_1,wavlm_base_plus,it0047,0.7588557600975037,0.9625866413116456
C5_1,wavlm_base_plus,it0048,0.9698364734649658,0.9700732231140136
C5_1,wavlm_base_plus,it0049,0.8997235894203186,0.9060294032096864
C5_1,wavlm_base_plus,it0050,0.6144504547119141,0.6065520644187927
C5_1,wavlm_base_plus,it0051,0.9371182918548584,0.9317939281463624
C5_1,wavlm_base_plus,it0052,0.8961995244026184,0.8880361914634705
C5_1,wavlm_base_plus,it0053,0.8625438213348389,0.8306064605712891
C5_1,wavlm_base_plus,it0054,0.7467499375343323,0.8579469323158264
C5_1,wavlm_base_plus,it0055,0.93261456489563,0.9183429479599
C5_1,wavlm_base_plus,it0056,0.944618821144104,0.9495373368263244
C5_1,wavlm_base_plus,it0057,0.8692453503608704,0.935704231262207
C5_1,wavlm_base_plus,it0058,0.834981381893158,0.8424943089485168
C5_1,wavlm_base_plus,it0059,0.9385042786598206,0.9500382542610168
C5_1,wavlm_base_plus,it0060,0.681118369102478,0.8303819894790649
C5_1,wavlm_base_plus,it0061,0.9205471277236938,0.9548580646514891
C5_1,wavlm_base_plus,it0062,0.9057103991508484,0.9747518301010132
C5_1,wavlm_base_plus,it0063,0.6523507833480835,0.6911117434501648
C5_1,wavlm_base_plus,it0064,0.8828747272491455,0.93604576587677
C5_1,wavlm_base_plus,it0065,0.9449353218078612,0.97197026014328
C5_1,wavlm_base_plus,it0066,0.7840918302536011,0.8398324251174927
C5_1,wavlm_base_plus,it0067,0.8388093709945679,0.8759938478469849
C5_1,wavlm_base_plus,it0068,0.9305578470230104,0.96591055393219
C5_1,wavlm_base_plus,it0069,0.9384809136390686,0.9276583194732666
C5_1,wavlm_base_plus,it0070,0.92532479763031,0.9074423909187316
C5_1,wavlm_base_plus,it0071,0.8849660754203796,0.9089548587799072
C5_1,wavlm_base_plus,it0072,0.9544912576675416,0.974128782749176
C5_1,wavlm_base_plus,it0073,0.8797457218170166,0.8829642534255981
C5_1,wavlm_base_plus,it0074,0.7457139492034912,0.7776477932929993
C5_1,wavlm_base_plus,it0075,0.90281343460083,0.9486300349235536
C5_1,wavlm_base_plus,it0076,0.9062492847442628,0.9213844537734984
C5_1,wavlm_base_plus,it0077,0.8521618843078613,0.90158212184906
C5_1,wavlm_base_plus,it0078,0.8449990153312683,0.9178749322891236
C5_1,wavlm_base_plus,it0079,0.9710936546325684,0.9569088220596312
C5_1,wavlm_base_plus,it0080,0.9197952151298524,0.9296671152114868
C5_1,wavlm_base_plus,it0081,0.866030216217041,0.9101772308349608
C5_1,wavlm_base_plus,it0082,0.924410045146942,0.9035669565200806
C5_1,wavlm_base_plus,it0083,0.9626246094703674,0.9753156900405884
C5_1,wavlm_base_plus,it0084,0.8582298755645752,0.925649642944336
C5_1,wavlm_base_plus,it0085,0.9586629867553712,0.9410208463668824
C5_1,wavlm_base_plus,it0086,0.9376330375671388,0.935147762298584
C5_1,wavlm_base_plus,it0087,0.905683159828186,0.963133990764618
C5_1,wavlm_base_plus,it0088,0.8653447031974792,0.9130419492721558
C5_1,wavlm_base_plus,it0089,0.9447907209396362,0.923483431339264
C5_1,wavlm_base_plus,it0090,0.959563374519348,0.9629544615745544
C5_1,wavlm_base_plus,it0091,0.9012579917907716,0.9209522008895874
C5_1,wavlm_base_plus,it0092,0.8740477561950684,0.908126711845398
C5_1,wavlm_base_plus,it0093,0.8680193424224854,0.9438090324401855
C5_1,wavlm_base_plus,it0094,0.9595898389816284,0.9690947532653807
C5_1,wavlm_base_plus,it0095,0.9077774286270142,0.9416714310646056
C5_1,wavlm_base_plus,it0096,0.9395756721496582,0.9550248980522156
C5_1,wavlm_base_plus,it0097,0.9607197046279908,0.9114922285079956
C5_1,wavlm_base_plus,it0098,0.9538668394088744,0.9135042428970336
C5_1,wavlm_base_plus,it0099,0.5875866413116455,0.7346000075340271
C5_1,wavlm_base_plus,it0100,0.9671304225921632,0.9818885922431946
C5_1,wavlm_base_plus,it0101,0.9391469955444336,0.8876861929893494
C5_1,wavlm_base_plus,it0102,0.9193904399871826,0.8843163847923279
C5_1,wavlm_base_plus,it0103,0.9314116835594176,0.899655818939209
C5_1,wavlm_base_plus,it0104,0.9474654197692872,0.9524659514427184
C5_1,wavlm_base_plus,it0105,0.8709568977355957,0.9222413301467896
C5_1,wavlm_base_plus,it0106,0.8768517374992371,0.9010199308395386
C5_1,wavlm_base_plus,it0107,0.901684045791626,0.9420835971832277
C5_1,wavlm_base_plus,it0108,0.8887430429458618,0.9105966687202454
C5_1,wavlm_base_plus,it0109,0.936669647693634,0.958035171031952
C5_1,wavlm_base_plus,it0110,0.6352450847625732,0.7511795163154602
C5_1,wavlm_base_plus,it0111,0.9458362460136414,0.9539196491241456
C5_1,wavlm_base_plus,it0112,0.9563086032867432,0.95330810546875
C5_1,wavlm_base_plus,it0113,0.9094617366790771,0.9515575170516968
C5_1,wavlm_base_plus,it0114,0.9322444200515748,0.89900141954422
C5_1,wavlm_base_plus,it0115,0.7196127772331238,0.8114964365959167
C5_1,wavlm_base_plus,it0116,0.924220621585846,0.902396023273468
C5_1,wavlm_base_plus,it0117,0.9535512924194336,0.9430888891220092
C5_1,wavlm_base_plus,it0118,0.8038865923881531,0.9470775723457336
C5_1,wavlm_base_plus,it0119,0.9422500729560852,0.9039689302444458
C5_1,wavlm_base_plus,it0120,0.9575340151786804,0.9578531980514526
C5_1,wavlm_base_plus,it0121,0.9559027552604676,0.9688634872436525
C5_1,wavlm_base_plus,it0122,0.9525442719459534,0.9478275775909424
C5_1,wavlm_base_plus,it0123,0.9555139541625975,0.9386520981788636
C5_1,wavlm_base_plus,it0124,0.8747928142547607,0.8740750551223755
C5_1,wavlm_base_plus,it0125,0.9311573505401612,0.957218050956726
C5_1,wavlm_base_plus,it0126,0.8687318563461304,0.9149354696273804
C5_1,wavlm_base_plus,it0127,0.8569951057434082,0.9104213714599608
C5_1,wavlm_base_plus,it0128,0.882315993309021,0.8502006530761719
C5_1,wavlm_base_plus,it0129,0.9076348543167114,0.8743584156036377
C5_1,wavlm_base_plus,it0130,0.8097681999206543,0.8501156568527222
C5_1,wavlm_base_plus,it0131,0.96194589138031,0.9819582104682922
C5_1,wavlm_base_plus,it0132,0.8290005922317505,0.8336975574493408
C5_1,wavlm_base_plus,it0133,0.9295104742050172,0.9673944115638732
C5_1,wavlm_base_plus,it0134,0.9559148550033568,0.9546228647232056
C5_1,wavlm_base_plus,it0135,0.709119439125061,0.7525532245635986
C5_1,wavlm_base_plus,it0136,0.9125487208366394,0.8979821801185608
C5_1,wavlm_base_plus,it0137,0.8932913541793823,0.8870447874069214
C5_1,wavlm_base_plus,it0138,0.9105561971664428,0.8949307799339294
C5_1,wavlm_base_plus,it0139,0.9136332273483276,0.8565624952316284
C5_1,wavlm_base_plus,it0140,0.9569489359855652,0.9566494822502136
C5_1,wavlm_base_plus,it0141,0.9083430171012878,0.95258629322052
C5_1,wavlm_base_plus,it0142,0.8154402375221252,0.8282619714736938
C5_1,wavlm_base_plus,it0143,0.952138125896454,0.9480525255203248
C5_1,wavlm_base_plus,it0144,0.7927281260490417,0.9338785409927368
C5_1,wavlm_base_plus,it0145,0.8834291100502014,0.939496636390686
C5_1,wavlm_base_plus,it0146,0.927174746990204,0.9214015603065492
C5_1,wavlm_base_plus,it0147,0.9472466707229614,0.9249099493026732
C5_1,wavlm_base_plus,it0148,0.8696417808532715,0.8271545171737671
C5_1,wavlm_base_plus,it0149,0.9203673601150512,0.9340566992759703
C5_1,wavlm_base_plus,it0150,0.898326575756073,0.8949981331825256
C5_1,wavlm_base_plus,it0151,0.927779734134674,0.913133442401886
C5_1,wavlm_base_plus,it0152,0.9324225783348083,0.9556636810302734
C5_1,wavlm_base_plus,it0153,0.9239825010299684,0.9353618621826172
C5_1,wavlm_base_plus,it0154,0.6304945349693298,0.7527903318405151
C5_1,wavlm_base_plus,it0155,0.8687877058982849,0.8997558355331421
C5_1,wavlm_base_plus,it0156,0.8480597734451294,0.9091711640357972
C5_1,wavlm_base_plus,it0157,0.9024003148078918,0.9119192361831664
C5_1,wavlm_base_plus,it0158,0.839209794998169,0.853299081325531
C5_1,wavlm_base_plus,it0159,0.8850215673446655,0.865770697593689
C5_1,wavlm_base_plus,it0160,0.9707747101783752,0.9414240121841432
C5_1,wavlm_base_plus,it0161,0.9643493890762328,0.9585353136062622
C5_1,wavlm_base_plus,it0162,0.8904142379760742,0.9504544734954834
C5_1,wavlm_base_plus,it0163,0.8528899550437927,0.8524907231330872
C5_1,wavlm_base_plus,it0164,0.9494874477386476,0.967635691165924
C5_1,wavlm_base_plus,it0165,0.7356931567192078,0.8201968669891357
C5_1,wavlm_base_plus,it0166,0.908533215522766,0.8855896592140198
C5_1,wavlm_base_plus,it0167,0.9656033515930176,0.9511081576347352
C5_1,wavlm_base_plus,it0168,0.935116708278656,0.935993194580078
C5_1,wavlm_base_plus,it0169,0.9338152408599854,0.9568911194801332
C5_1,wavlm_base_plus,it0170,0.9052748084068298,0.9188881516456604
C5_1,wavlm_base_plus,it0171,0.93910551071167,0.947734534740448
C5_1,wavlm_base_plus,it0172,0.729878306388855,0.8454491496086121
C5_1,wavlm_base_plus,it0173,0.9506345987319946,0.9678712487220764
C5_1,wavlm_base_plus,it0174,0.8449028730392456,0.9152856469154358
C5_1,wavlm_base_plus,it0175,0.8915878534317017,0.922575294971466
C5_1,wavlm_base_plus,it0176,0.9487355947494508,0.9657601118087769
C5_1,wavlm_base_plus,it0177,0.930657148361206,0.9319344758987428
C5_1,wavlm_base_plus,it0178,0.857843816280365,0.9397913813591005
C5_1,wavlm_base_plus,it0179,0.966405153274536,0.944017231464386
C5_1,wavlm_base_plus,it0180,0.9279663562774658,0.9146385192871094
C5_1,wavlm_base_plus,it0181,0.9135286808013916,0.8536407351493835
C5_1,wavlm_base_plus,it0182,0.9592407941818236,0.9590694904327391
C5_1,wavlm_base_plus,it0183,0.9565398693084716,0.9574470520019532
C5_1,wavlm_base_plus,it0184,0.8397966623306274,0.7471747398376465
C5_1,wavlm_base_plus,it0185,0.9530335664749146,0.9235823154449464
C5_1,wavlm_base_plus,it0186,0.9763323068618774,0.9464736580848694
C5_1,wavlm_base_plus,it0187,0.8125997185707092,0.889621376991272
C5_1,wavlm_base_plus,it0188,0.9339628219604492,0.9647477865219116
C5_1,wavlm_base_plus,it0189,0.9098182916641236,0.9375343918800354
C5_1,wavlm_base_plus,it0190,0.9681463837623596,0.9713646173477172
C5_1,wavlm_base_plus,it0191,0.9731482863426208,0.9735880494117736
C5_1,wavlm_base_plus,it0192,0.9339166879653932,0.9240497350692748
C5_1,wavlm_base_plus,it0193,0.932025671005249,0.9220157861709596
C5_1,wavlm_base_plus,it0194,0.9267666935920716,0.9233235716819764
C5_1,wavlm_base_plus,it0195,0.959506094455719,0.9638748168945312
C5_1,wavlm_base_plus,it0196,0.8857793807983398,0.9364180564880372
C5_1,wavlm_base_plus,it0197,0.8998008966445923,0.914241373538971
C5_1,wavlm_base_plus,it0198,0.9548522233963012,0.9633251428604126
C5_1,wavlm_base_plus,it0199,0.957128882408142,0.963452696800232
C5_2,wavlm_large,it0000,0.1698980331420898,0.4300114810466766
C5_2,wavlm_large,it0001,0.3534710109233856,0.50886070728302
C5_2,wavlm_large,it0002,0.0700711607933044,0.2666384279727936
C5_2,wavlm_large,it0003,0.3989439606666565,0.3930442035198211
C5_2,wavlm_large,it0004,0.3630114793777466,0.4367074966430664
C5_2,wavlm_large,it0005,0.3475655615329742,0.4968306720256805
C5_2,wavlm_large,it0006,0.3215994238853454,0.4651888310909271
C5_2,wavlm_large,it0007,0.2745798826217651,0.418610543012619
C5_2,wavlm_large,it0008,0.2923753559589386,0.3338083922863006
C5_2,wavlm_large,it0009,0.4842823147773742,0.6004356741905212
C5_2,wavlm_large,it0010,0.5575074553489685,0.5782046914100647
C5_2,wavlm_large,it0011,0.3781202435493469,0.5483014583587646
C5_2,wavlm_large,it0012,0.3104578554630279,0.502167284488678
C5_2,wavlm_large,it0013,0.5653231143951416,0.6834472417831421
C5_2,wavlm_large,it0014,0.3727726936340332,0.4662159979343414
C5_2,wavlm_large,it0015,0.4632197618484497,0.4744021892547607
C5_2,wavlm_large,it0016,0.2002152204513549,0.4636858999729156
C5_2,wavlm_large,it0017,0.3902606964111328,0.4547244906425476
C5_2,wavlm_large,it0018,0.2403250187635421,0.2908118367195129
C5_2,wavlm_large,it0019,0.5474862456321716,0.5409613251686096
C5_2,wavlm_large,it0020,0.1652084439992904,0.3316895067691803
C5_2,wavlm_large,it0021,0.4462863504886627,0.5375058650970459
C5_2,wavlm_large,it0022,0.2988984882831573,0.4809953570365906
C5_2,wavlm_large,it0023,0.5163767337799072,0.5725988149642944
C5_2,wavlm_large,it0024,0.5205778479576111,0.5508963465690613
C5_2,wavlm_large,it0025,0.5651583671569824,0.5841590166091919
C5_2,wavlm_large,it0026,0.1971270889043808,0.3017457723617553
C5_2,wavlm_large,it0027,0.531254768371582,0.6705071330070496
C5_2,wavlm_large,it0028,0.5238850116729736,0.5780043005943298
C5_2,wavlm_large,it0029,0.3948506414890289,0.4454175233840942
C5_2,wavlm_large,it0030,0.4614066779613495,0.5246614813804626
C5_2,wavlm_large,it0031,0.364723801612854,0.350273847579956
C5_2,wavlm_large,it0032,0.6580267548561096,0.6242820024490356
C5_2,wavlm_large,it0033,0.3849326372146606,0.318351000547409
C5_2,wavlm_large,it0034,0.2633408606052398,0.4740525484085083
C5_2,wavlm_large,it0035,0.2237326800823211,0.3051848113536834
C5_2,wavlm_large,it0036,0.4336149096488952,0.537397563457489
C5_2,wavlm_large,it0037,0.4884857535362243,0.5860763788223267
C5_2,wavlm_large,it0038,0.1740497499704361,0.2714983522891998
C5_2,wavlm_large,it0039,0.4604763984680176,0.5418151617050171
C5_2,wavlm_large,it0040,0.0841427445411682,0.3582837283611297
C5_2,wavlm_large,it0041,0.3905766308307647,0.5164151787757874
C5_2,wavlm_large,it0042,0.431509405374527,0.4595095515251159
C5_2,wavlm_large,it0043,0.2243178188800811,0.3483253717422485
C5_2,wavlm_large,it0044,0.5304287075996399,0.652312159538269
C5_2,wavlm_large,it0045,0.3395015001296997,0.5080169439315796
C5_2,wavlm_large,it0046,0.2108461558818817,0.4018336236476898
C5_2,wavlm_large,it0047,0.3781858384609222,0.4229583740234375
C5_2,wavlm_large,it0048,0.3081622719764709,0.5223002433776855
C5_2,wavlm_large,it0049,0.4769363403320312,0.5921439528465271
C5_2,wavlm_large,it0050,-0.0794843584299087,0.07387126237154
C5_2,wavlm_large,it0051,0.4127693474292755,0.4547988474369049
C5_2,wavlm_large,it0052,0.2515894472599029,0.4147688746452331
C5_2,wavlm_large,it0053,0.2941682636737823,0.4129875302314758
C5_2,wavlm_large,it0054,0.0191555190831422,0.2261546999216079
C5_2,wavlm_large,it0055,0.5162582993507385,0.5789852738380432
C5_2,wavlm_large,it0056,0.1428361535072326,0.2677421569824219
C5_2,wavlm_large,it0057,0.2987690269947052,0.4151601493358612
C5_2,wavlm_large,it0058,0.4312161803245544,0.4843775331974029
C5_2,wavlm_large,it0059,0.5758010149002075,0.6205579042434692
C5_2,wavlm_large,it0060,0.4180312156677246,0.4747591018676758
C5_2,wavlm_large,it0061,0.5812997221946716,0.6207531094551086
C5_2,wavlm_large,it0062,0.504052996635437,0.6451937556266785
C5_2,wavlm_large,it0063,0.2514600455760956,0.3253369629383087
C5_2,wavlm_large,it0064,0.3848873674869537,0.4723126888275146
C5_2,wavlm_large,it0065,0.5511659979820251,0.6165202856063843
C5_2,wavlm_large,it0066,0.2618279159069061,0.4192714691162109
C5_2,wavlm_large,it0067,0.3217546045780182,0.3946624100208282
C5_2,wavlm_large,it0068,0.6384871006011963,0.590822160243988
C5_2,wavlm_large,it0069,0.475226491689682,0.4108616411685943
C5_2,wavlm_large,it0070,0.4315410852432251,0.5671324133872986
C5_2,wavlm_large,it0071,0.5004743337631226,0.585442066192627
C5_2,wavlm_large,it0072,0.4604306519031524,0.4954888820648193
C5_2,wavlm_large,it0073,0.041071843355894,0.2839598953723907
C5_2,wavlm_large,it0074,0.2168675661087036,0.3021905422210693
C5_2,wavlm_large,it0075,0.3461848795413971,0.3852507174015045
C5_2,wavlm_large,it0076,0.0990430638194084,0.3035869300365448
C5_2,wavlm_large,it0077,0.2764390707015991,0.6627345681190491
C5_2,wavlm_large,it0078,0.2802252471446991,0.4225750565528869
C5_2,wavlm_large,it0079,0.6063946485519409,0.6370790004730225
C5_2,wavlm_large,it0080,0.0692700892686843,0.3157854676246643
C5_2,wavlm_large,it0081,0.3324730694293976,0.5176235437393188
C5_2,wavlm_large,it0082,0.3559433817863464,0.5366735458374023
C5_2,wavlm_large,it0083,0.4194322526454925,0.419839084148407
C5_2,wavlm_large,it0084,0.4266251623630523,0.4219356775283813
C5_2,wavlm_large,it0085,0.3692113161087036,0.4564363956451416
C5_2,wavlm_large,it0086,0.4315733313560486,0.5784577131271362
C5_2,wavlm_large,it0087,0.6352165341377258,0.7392325401306152
C5_2,wavlm_large,it0088,0.3424361050128937,0.3857571184635162
C5_2,wavlm_large,it0089,0.2354206144809723,0.3233144283294678
C5_2,wavlm_large,it0090,0.4559624195098877,0.5923375487327576
C5_2,wavlm_large,it0091,0.4690692722797394,0.5352982878684998
C5_2,wavlm_large,it0092,0.3695310354232788,0.5040907859802246
C5_2,wavlm_large,it0093,0.3013221323490143,0.404160737991333
C5_2,wavlm_large,it0094,0.4165185093879699,0.4968205690383911
C5_2,wavlm_large,it0095,0.5540208220481873,0.577701985836029
C5_2,wavlm_large,it0096,0.5003067255020142,0.4245836734771728
C5_2,wavlm_large,it0097,0.5435898303985596,0.5913248062133789
C5_2,wavlm_large,it0098,0.4227771759033203,0.4464441537857055
C5_2,wavlm_large,it0099,0.1671715378761291,0.29695525765419
C5_2,wavlm_large,it0100,0.5206730365753174,0.604989767074585
C5_2,wavlm_large,it0101,0.2669465243816376,0.3598355054855346
C5_2,wavlm_large,it0102,0.464108407497406,0.4360651671886444
C5_2,wavlm_large,it0103,0.2976058721542358,0.5119976997375488
C5_2,wavlm_large,it0104,0.5836749076843262,0.5327092409133911
C5_2,wavlm_large,it0105,0.5430418848991394,0.5394297242164612
C5_2,wavlm_large,it0106,0.3448397517204284,0.4737745821475982
C5_2,wavlm_large,it0107,0.442119300365448,0.4783626198768616
C5_2,wavlm_large,it0108,0.2437201887369156,0.503018856048584
C5_2,wavlm_large,it0109,0.3650611340999603,0.4101346433162689
C5_2,wavlm_large,it0110,0.2433542311191558,0.3764285445213318
C5_2,wavlm_large,it0111,0.1972566545009613,0.2355194240808487
C5_2,wavlm_large,it0112,0.5645896196365356,0.607427716255188
C5_2,wavlm_large,it0113,0.5032530426979065,0.5447689890861511
C5_2,wavlm_large,it0114,0.503584623336792,0.4210604727268219
C5_2,wavlm_large,it0115,0.234163299202919,0.3325811624526977
C5_2,wavlm_large,it0116,0.3720189332962036,0.4107744991779327
C5_2,wavlm_large,it0117,0.4928964376449585,0.6171956658363342
C5_2,wavlm_large,it0118,0.6104837656021118,0.602436900138855
C5_2,wavlm_large,it0119,0.3862490653991699,0.5480817556381226
C5_2,wavlm_large,it0120,0.571739673614502,0.5358670949935913
C5_2,wavlm_large,it0121,0.4234374463558197,0.5421725511550903
C5_2,wavlm_large,it0122,0.197633683681488,0.277787983417511
C5_2,wavlm_large,it0123,0.5813508629798889,0.5192230343818665
C5_2,wavlm_large,it0124,0.4290772676467895,0.4706612825393677
C5_2,wavlm_large,it0125,0.3651125431060791,0.5226515531539917
C5_2,wavlm_large,it0126,0.427021324634552,0.4294514060020447
C5_2,wavlm_large,it0127,0.2156786620616912,0.4172226786613464
C5_2,wavlm_large,it0128,0.4575556814670563,0.4868867397308349
C5_2,wavlm_large,it0129,0.1696742624044418,0.3265796899795532
C5_2,wavlm_large,it0130,0.3012564182281494,0.4463027119636535
C5_2,wavlm_large,it0131,0.3245621919631958,0.3813939988613128
C5_2,wavlm_large,it0132,0.321661502122879,0.2951633930206299
C5_2,wavlm_large,it0133,0.5626844167709351,0.5903868675231934
C5_2,wavlm_large,it0134,0.3638537228107452,0.4019947052001953
C5_2,wavlm_large,it0135,0.3384173214435577,0.4416584968566894
C5_2,wavlm_large,it0136,0.3558287024497986,0.5114555358886719
C5_2,wavlm_large,it0137,0.3677228093147278,0.4507949352264404
C5_2,wavlm_large,it0138,0.4561543762683868,0.5749928951263428
C5_2,wavlm_large,it0139,0.2642995715141296,0.3516980111598968
C5_2,wavlm_large,it0140,0.2697947323322296,0.3723337650299072
C5_2,wavlm_large,it0141,0.685117781162262,0.7105892300605774
C5_2,wavlm_large,it0142,0.254813939332962,0.3181256055831909
C5_2,wavlm_large,it0143,0.4741801023483276,0.5472623109817505
C5_2,wavlm_large,it0144,0.4368565082550049,0.4153058528900146
C5_2,wavlm_large,it0145,0.6387118101119995,0.6503886580467224
C5_2,wavlm_large,it0146,0.4116876125335693,0.4821672439575195
C5_2,wavlm_large,it0147,0.2861345410346985,0.3381066918373108
C5_2,wavlm_large,it0148,0.1151265203952789,0.2136994302272796
C5_2,wavlm_large,it0149,0.3967815637588501,0.505501389503479
C5_2,wavlm_large,it0150,0.4654072225093841,0.4761739373207092
C5_2,wavlm_large,it0151,0.520353376865387,0.540461003780365
C5_2,wavlm_large,it0152,0.3722347617149353,0.4780793786048889
C5_2,wavlm_large,it0153,0.3781006038188934,0.4511692523956299
C5_2,wavlm_large,it0154,0.0668024346232414,0.1842158585786819
C5_2,wavlm_large,it0155,0.3121169209480285,0.2512419819831848
C5_2,wavlm_large,it0156,0.2401685416698455,0.2920356094837188
C5_2,wavlm_large,it0157,0.5503413081169128,0.5185091495513916
C5_2,wavlm_large,it0158,0.2745385766029358,0.4349867403507232
C5_2,wavlm_large,it0159,0.2517620623111725,0.4922984838485718
C5_2,wavlm_large,it0160,0.48964524269104,0.5110588669776917
C5_2,wavlm_large,it0161,0.2984652519226074,0.41390061378479
C5_2,wavlm_large,it0162,0.1618952304124832,0.3574698865413666
C5_2,wavlm_large,it0163,0.3761190176010132,0.4429831206798553
C5_2,wavlm_large,it0164,0.3444275856018066,0.3582646250724792
C5_2,wavlm_large,it0165,0.3100041151046753,0.3888318240642547
C5_2,wavlm_large,it0166,0.2614160776138305,0.417479544878006
C5_2,wavlm_large,it0167,0.5294547080993652,0.5504364371299744
C5_2,wavlm_large,it0168,0.2647424936294555,0.4015307426452636
C5_2,wavlm_large,it0169,0.4703996777534485,0.3962637484073639
C5_2,wavlm_large,it0170,0.4367153644561767,0.4052371978759765
C5_2,wavlm_large,it0171,0.6185876131057739,0.6239399313926697
C5_2,wavlm_large,it0172,0.3445264101028442,0.3411164283752441
C5_2,wavlm_large,it0173,0.583957850933075,0.6177595257759094
C5_2,wavlm_large,it0174,0.3960253894329071,0.4710174202919006
C5_2,wavlm_large,it0175,0.1715558618307113,0.3122824728488922
C5_2,wavlm_large,it0176,0.3313214182853699,0.4242176413536072
C5_2,wavlm_large,it0177,0.5053129196166992,0.4829622507095337
C5_2,wavlm_large,it0178,0.2065769433975219,0.3349877297878265
C5_2,wavlm_large,it0179,0.6345853805541992,0.6233137845993042
C5_2,wavlm_large,it0180,0.4473426938056946,0.4952214360237121
C5_2,wavlm_large,it0181,0.4765109419822693,0.567573606967926
C5_2,wavlm_large,it0182,0.5115034580230713,0.4122379720211029
C5_2,wavlm_large,it0183,0.5728674530982971,0.5871099233627319
C5_2,wavlm_large,it0184,0.2165812253952026,0.2673936188220978
C5_2,wavlm_large,it0185,0.4862458109855652,0.6060472726821899
C5_2,wavlm_large,it0186,0.5244250893592834,0.5135924816131592
C5_2,wavlm_large,it0187,0.4432104229927063,0.4978182315826416
C5_2,wavlm_large,it0188,0.4939566850662231,0.5442436933517456
C5_2,wavlm_large,it0189,0.3700175285339355,0.4131000936031341
C5_2,wavlm_large,it0190,0.5638691782951355,0.6218392252922058
C5_2,wavlm_large,it0191,0.3769280016422272,0.3639027774333954
C5_2,wavlm_large,it0192,0.583565890789032,0.624056339263916
C5_2,wavlm_large,it0193,0.2023674994707107,0.3841109871864319
C5_2,wavlm_large,it0194,0.5083710551261902,0.6352598071098328
C5_2,wavlm_large,it0195,0.5206314325332642,0.5514675378799438
C5_2,wavlm_large,it0196,0.4267372190952301,0.5014960169792175
C5_2,wavlm_large,it0197,0.3669487237930298,0.3689970076084137
C5_2,wavlm_large,it0198,0.2119622379541397,0.2595014572143554
C5_2,wavlm_large,it0199,0.3583859503269195,0.5149007439613342
C5_2,ecapa,it0000,0.3353084921836853,0.4759739935398102
C5_2,ecapa,it0001,0.4938434958457947,0.5640350580215454
C5_2,ecapa,it0002,0.3149734735488891,0.3341364860534668
C5_2,ecapa,it0003,0.5218139886856079,0.4500705599784851
C5_2,ecapa,it0004,0.4641617834568023,0.5581669211387634
C5_2,ecapa,it0005,0.4382304847240448,0.5111385583877563
C5_2,ecapa,it0006,0.3557817041873932,0.3469909727573395
C5_2,ecapa,it0007,0.227163478732109,0.3964004218578338
C5_2,ecapa,it0008,0.3319448232650757,0.3078662455081939
C5_2,ecapa,it0009,0.5198578834533691,0.5376735329627991
C5_2,ecapa,it0010,0.6630442142486572,0.593598484992981
C5_2,ecapa,it0011,0.5278429985046387,0.6155832409858704
C5_2,ecapa,it0012,0.4315418004989624,0.5247886180877686
C5_2,ecapa,it0013,0.546089231967926,0.5883187055587769
C5_2,ecapa,it0014,0.4079793095588684,0.3949789404869079
C5_2,ecapa,it0015,0.5166243314743042,0.4994702041149139
C5_2,ecapa,it0016,0.4439333379268646,0.622203528881073
C5_2,ecapa,it0017,0.4583855867385864,0.4572885632514953
C5_2,ecapa,it0018,0.3311904668807983,0.435258150100708
C5_2,ecapa,it0019,0.5366055369377136,0.5634880065917969
C5_2,ecapa,it0020,0.3890655040740967,0.3820965588092804
C5_2,ecapa,it0021,0.4991205930709839,0.5587709546089172
C5_2,ecapa,it0022,0.276777446269989,0.466447651386261
C5_2,ecapa,it0023,0.6019530296325684,0.6410332322120667
C5_2,ecapa,it0024,0.649549126625061,0.6327783465385437
C5_2,ecapa,it0025,0.6032149791717529,0.5834590196609497
C5_2,ecapa,it0026,0.2504200935363769,0.3024083375930786
C5_2,ecapa,it0027,0.6792543530464172,0.7156108617782593
C5_2,ecapa,it0028,0.4493834674358368,0.4929001033306122
C5_2,ecapa,it0029,0.2387214452028274,0.3691506385803222
C5_2,ecapa,it0030,0.4430657923221588,0.6158285140991211
C5_2,ecapa,it0031,0.2883262932300567,0.3403455018997192
C5_2,ecapa,it0032,0.6976318955421448,0.7100762724876404
C5_2,ecapa,it0033,0.3482063412666321,0.3558080792427063
C5_2,ecapa,it0034,0.417445957660675,0.541285514831543
C5_2,ecapa,it0035,0.252294659614563,0.2988293170928955
C5_2,ecapa,it0036,0.5269436240196228,0.6405416131019592
C5_2,ecapa,it0037,0.5497070550918579,0.5815845727920532
C5_2,ecapa,it0038,0.3064498007297516,0.3834317326545715
C5_2,ecapa,it0039,0.5145360231399536,0.5466052293777466
C5_2,ecapa,it0040,0.1975505053997039,0.4191491603851318
C5_2,ecapa,it0041,0.597216010093689,0.6236603260040283
C5_2,ecapa,it0042,0.3288122117519378,0.4958919882774353
C5_2,ecapa,it0043,0.3181232810020447,0.3724656105041504
C5_2,ecapa,it0044,0.5159550309181213,0.496572345495224
C5_2,ecapa,it0045,0.2236639708280563,0.3122982084751129
C5_2,ecapa,it0046,0.3121156990528106,0.3307920396327972
C5_2,ecapa,it0047,0.364771157503128,0.3466761410236358
C5_2,ecapa,it0048,0.459789514541626,0.5919516086578369
C5_2,ecapa,it0049,0.3135081529617309,0.4717774987220764
C5_2,ecapa,it0050,0.1391596049070358,0.2695762813091278
C5_2,ecapa,it0051,0.2007528394460678,0.2278540432453155
C5_2,ecapa,it0052,0.3420548737049103,0.2168921083211898
C5_2,ecapa,it0053,0.2153987884521484,0.2737834751605987
C5_2,ecapa,it0054,0.2905691564083099,0.436912328004837
C5_2,ecapa,it0055,0.4395093619823456,0.5487016439437866
C5_2,ecapa,it0056,0.3674008250236511,0.3643881678581238
C5_2,ecapa,it0057,0.4613471031188965,0.5289434194564819
C5_2,ecapa,it0058,0.3952298760414123,0.3747974634170532
C5_2,ecapa,it0059,0.5465341806411743,0.5378129482269287
C5_2,ecapa,it0060,0.601100504398346,0.5176659822463989
C5_2,ecapa,it0061,0.539718508720398,0.5379863977432251
C5_2,ecapa,it0062,0.5434620380401611,0.6319652795791626
C5_2,ecapa,it0063,0.4037049412727356,0.4201239645481109
C5_2,ecapa,it0064,0.2899746298789978,0.288789302110672
C5_2,ecapa,it0065,0.6019263863563538,0.6153735518455505
C5_2,ecapa,it0066,0.2830389440059662,0.3872368633747101
C5_2,ecapa,it0067,0.2105821818113327,0.3262035250663757
C5_2,ecapa,it0068,0.6704592704772949,0.5985931754112244
C5_2,ecapa,it0069,0.354545533657074,0.4376218020915985
C5_2,ecapa,it0070,0.4555976092815399,0.5556178092956543
C5_2,ecapa,it0071,0.5912150144577026,0.5834943056106567
C5_2,ecapa,it0072,0.484111487865448,0.525219202041626
C5_2,ecapa,it0073,0.1345712542533874,0.2703061103820801
C5_2,ecapa,it0074,0.2670389711856842,0.2311374247074127
C5_2,ecapa,it0075,0.3395238518714905,0.2352308332920074
C5_2,ecapa,it0076,0.3201500475406647,0.4849807024002075
C5_2,ecapa,it0077,0.427409678697586,0.4785157740116119
C5_2,ecapa,it0078,0.3418362736701965,0.4001456499099731
C5_2,ecapa,it0079,0.6080793142318726,0.6260432004928589
C5_2,ecapa,it0080,0.1882804930210113,0.4746108651161194
C5_2,ecapa,it0081,0.301536500453949,0.5224336981773376
C5_2,ecapa,it0082,0.3406156897544861,0.432316780090332
C5_2,ecapa,it0083,0.5161452293395996,0.5432257652282715
C5_2,ecapa,it0084,0.5975329875946045,0.4880538582801819
C5_2,ecapa,it0085,0.4547251760959625,0.5268397927284241
C5_2,ecapa,it0086,0.5978045463562012,0.6153805255889893
C5_2,ecapa,it0087,0.4264587461948395,0.4707431495189667
C5_2,ecapa,it0088,0.3719472885131836,0.3884492218494415
C5_2,ecapa,it0089,0.4755547642707824,0.4045760631561279
C5_2,ecapa,it0090,0.5451405048370361,0.5869307518005371
C5_2,ecapa,it0091,0.5690960884094238,0.5033743977546692
C5_2,ecapa,it0092,0.4981238842010498,0.544609546661377
C5_2,ecapa,it0093,0.3954413831233978,0.4590349793434143
C5_2,ecapa,it0094,0.4393166005611419,0.4691469371318817
C5_2,ecapa,it0095,0.4969200193881988,0.5537217855453491
C5_2,ecapa,it0096,0.573032557964325,0.5082682967185974
C5_2,ecapa,it0097,0.6305298805236816,0.5933420658111572
C5_2,ecapa,it0098,0.5009047985076904,0.5580571293830872
C5_2,ecapa,it0099,0.26557058095932,0.3093064129352569
C5_2,ecapa,it0100,0.5418030023574829,0.631949245929718
C5_2,ecapa,it0101,0.1385128051042556,0.3453648090362549
C5_2,ecapa,it0102,0.274945855140686,0.3260243237018585
C5_2,ecapa,it0103,0.3154161870479584,0.4010418951511383
C5_2,ecapa,it0104,0.549221396446228,0.47183957695961
C5_2,ecapa,it0105,0.4294877350330353,0.4738453328609466
C5_2,ecapa,it0106,0.3788092136383056,0.4915025234222412
C5_2,ecapa,it0107,0.5157963037490845,0.6153087615966797
C5_2,ecapa,it0108,0.4171286225318908,0.5009074807167053
C5_2,ecapa,it0109,0.3985185325145721,0.479780912399292
C5_2,ecapa,it0110,0.1863115429878235,0.1661459505558014
C5_2,ecapa,it0111,0.4258477091789245,0.4254439175128937
C5_2,ecapa,it0112,0.6492562890052795,0.6482228636741638
C5_2,ecapa,it0113,0.5594885349273682,0.5641627311706543
C5_2,ecapa,it0114,0.5010517835617065,0.4019598960876465
C5_2,ecapa,it0115,0.4329959750175476,0.4196355640888214
C5_2,ecapa,it0116,0.5339834094047546,0.5234024524688721
C5_2,ecapa,it0117,0.3396103978157043,0.5424819588661194
C5_2,ecapa,it0118,0.654999852180481,0.6406431198120117
C5_2,ecapa,it0119,0.43781179189682,0.495149552822113
C5_2,ecapa,it0120,0.6419664025306702,0.5792893171310425
C5_2,ecapa,it0121,0.4399827718734741,0.608582079410553
C5_2,ecapa,it0122,0.2070906162261963,0.2206242680549621
C5_2,ecapa,it0123,0.5171539187431335,0.4744950234889984
C5_2,ecapa,it0124,0.5341541767120361,0.5794211030006409
C5_2,ecapa,it0125,0.5013841390609741,0.6087273955345154
C5_2,ecapa,it0126,0.4103156328201294,0.4406678676605224
C5_2,ecapa,it0127,0.2275081276893615,0.3672757148742676
C5_2,ecapa,it0128,0.5760933756828308,0.46548992395401
C5_2,ecapa,it0129,0.2666811645030975,0.4010814130306244
C5_2,ecapa,it0130,0.2761356830596924,0.4401963949203491
C5_2,ecapa,it0131,0.2029148191213607,0.3061138093471527
C5_2,ecapa,it0132,0.3584451973438263,0.3982467949390411
C5_2,ecapa,it0133,0.5208372473716736,0.5452389717102051
C5_2,ecapa,it0134,0.4126858115196228,0.4647881090641022
C5_2,ecapa,it0135,0.3270854949951172,0.430277019739151
C5_2,ecapa,it0136,0.4053200483322143,0.5664066672325134
C5_2,ecapa,it0137,0.3887297213077545,0.5388321876525879
C5_2,ecapa,it0138,0.5877731442451477,0.582327127456665
C5_2,ecapa,it0139,0.5164349675178528,0.5164376497268677
C5_2,ecapa,it0140,0.4208284616470337,0.386083573102951
C5_2,ecapa,it0141,0.6602514982223511,0.6686723828315735
C5_2,ecapa,it0142,0.369340032339096,0.2922792434692383
C5_2,ecapa,it0143,0.3311699032783508,0.383802980184555
C5_2,ecapa,it0144,0.5258439183235168,0.5660607814788818
C5_2,ecapa,it0145,0.5368018746376038,0.656635046005249
C5_2,ecapa,it0146,0.4642006754875183,0.4747166633605957
C5_2,ecapa,it0147,0.4080240726470947,0.3583817780017853
C5_2,ecapa,it0148,0.1638853400945663,0.1960674524307251
C5_2,ecapa,it0149,0.4576842188835144,0.5044131278991699
C5_2,ecapa,it0150,0.3876845836639404,0.3957020342350006
C5_2,ecapa,it0151,0.5804676413536072,0.5836814641952515
C5_2,ecapa,it0152,0.5442253351211548,0.6268401145935059
C5_2,ecapa,it0153,0.2831300795078277,0.3326219916343689
C5_2,ecapa,it0154,0.2619636058807373,0.2499395459890365
C5_2,ecapa,it0155,0.3831607103347778,0.3002019822597503
C5_2,ecapa,it0156,0.3540431261062622,0.3083769679069519
C5_2,ecapa,it0157,0.5899848341941833,0.5598174333572388
C5_2,ecapa,it0158,0.289965808391571,0.3205876648426056
C5_2,ecapa,it0159,0.4943350851535797,0.4512698054313659
C5_2,ecapa,it0160,0.5446555614471436,0.6236273646354675
C5_2,ecapa,it0161,0.2868521809577942,0.4193068146705627
C5_2,ecapa,it0162,0.1475301682949066,0.1325786262750625
C5_2,ecapa,it0163,0.4582286179065704,0.3970057964324951
C5_2,ecapa,it0164,0.4723334014415741,0.4569127857685089
C5_2,ecapa,it0165,0.268716961145401,0.3082270622253418
C5_2,ecapa,it0166,0.3583391308784485,0.4723743796348572
C5_2,ecapa,it0167,0.4814944863319397,0.5822033882141113
C5_2,ecapa,it0168,0.2557931542396545,0.3549892902374267
C5_2,ecapa,it0169,0.404797613620758,0.4415625631809234
C5_2,ecapa,it0170,0.3796376287937164,0.4092603027820587
C5_2,ecapa,it0171,0.6370320320129395,0.7338233590126038
C5_2,ecapa,it0172,0.2033394277095794,0.354352205991745
C5_2,ecapa,it0173,0.6206637620925903,0.6828327178955078
C5_2,ecapa,it0174,0.4352153241634369,0.5636881589889526
C5_2,ecapa,it0175,0.3329203426837921,0.3901670277118683
C5_2,ecapa,it0176,0.4486007690429687,0.4273251891136169
C5_2,ecapa,it0177,0.4083510637283325,0.4970077872276306
C5_2,ecapa,it0178,0.3484401106834411,0.342687577009201
C5_2,ecapa,it0179,0.6346777081489563,0.5841686129570007
C5_2,ecapa,it0180,0.3813197314739227,0.4709210097789764
C5_2,ecapa,it0181,0.451520174741745,0.5816987156867981
C5_2,ecapa,it0182,0.6083678007125854,0.6141312122344971
C5_2,ecapa,it0183,0.522486686706543,0.6028792262077332
C5_2,ecapa,it0184,0.2036242038011551,0.3309204876422882
C5_2,ecapa,it0185,0.51234370470047,0.5707422494888306
C5_2,ecapa,it0186,0.5718039274215698,0.6219782829284668
C5_2,ecapa,it0187,0.4130396544933319,0.4819767773151397
C5_2,ecapa,it0188,0.5437849164009094,0.5582050681114197
C5_2,ecapa,it0189,0.4724053144454956,0.4464401006698608
C5_2,ecapa,it0190,0.6291795969009399,0.5465288162231445
C5_2,ecapa,it0191,0.4405647814273834,0.4602054953575134
C5_2,ecapa,it0192,0.5832093358039856,0.5446387529373169
C5_2,ecapa,it0193,0.4863557815551758,0.4897328019142151
C5_2,ecapa,it0194,0.5579827427864075,0.5636981725692749
C5_2,ecapa,it0195,0.6181761622428894,0.6022917628288269
C5_2,ecapa,it0196,0.4987952709197998,0.4192823469638824
C5_2,ecapa,it0197,0.4577746391296386,0.3903302550315857
C5_2,ecapa,it0198,0.2601007223129272,0.3221602439880371
C5_2,ecapa,it0199,0.3869791626930237,0.5345213413238525
C5_2,ge2e,it0000,0.7359105348587036,0.8171042203903198
C5_2,ge2e,it0001,0.8434287905693054,0.8182685971260071
C5_2,ge2e,it0002,0.7451207637786865,0.734748125076294
C5_2,ge2e,it0003,0.7253148555755615,0.7170331478118896
C5_2,ge2e,it0004,0.8624600172042847,0.8781283497810364
C5_2,ge2e,it0005,0.8924749493598938,0.8654066324234009
C5_2,ge2e,it0006,0.748047411441803,0.7620608806610107
C5_2,ge2e,it0007,0.7801287770271301,0.8259906768798828
C5_2,ge2e,it0008,0.8308392763137817,0.8255833983421326
C5_2,ge2e,it0009,0.8788047432899475,0.8616037964820862
C5_2,ge2e,it0010,0.8282503485679626,0.8201186656951904
C5_2,ge2e,it0011,0.8567600250244141,0.8412855863571167
C5_2,ge2e,it0012,0.8003532886505127,0.8351331949234009
C5_2,ge2e,it0013,0.8203258514404297,0.8119314908981323
C5_2,ge2e,it0014,0.7726448178291321,0.8064713478088379
C5_2,ge2e,it0015,0.8745797872543335,0.8197920322418213
C5_2,ge2e,it0016,0.8149304389953613,0.8527920246124268
C5_2,ge2e,it0017,0.8559471368789673,0.7920581698417664
C5_2,ge2e,it0018,0.8072744011878967,0.8579455614089966
C5_2,ge2e,it0019,0.8293811678886414,0.8144750595092773
C5_2,ge2e,it0020,0.722231924533844,0.7699572443962097
C5_2,ge2e,it0021,0.837101936340332,0.8455978035926819
C5_2,ge2e,it0022,0.775266170501709,0.797691285610199
C5_2,ge2e,it0023,0.7776920795440674,0.8157486915588379
C5_2,ge2e,it0024,0.8662605881690979,0.8737320899963379
C5_2,ge2e,it0025,0.8590031862258911,0.8887390494346619
C5_2,ge2e,it0026,0.7103378176689148,0.7983797192573547
C5_2,ge2e,it0027,0.8189738988876343,0.8644605875015259
C5_2,ge2e,it0028,0.8715457320213318,0.8558788299560547
C5_2,ge2e,it0029,0.8463549613952637,0.8549781441688538
C5_2,ge2e,it0030,0.8411689400672913,0.8850945234298706
C5_2,ge2e,it0031,0.7482900619506836,0.787856936454773
C5_2,ge2e,it0032,0.8231095671653748,0.8097559213638306
C5_2,ge2e,it0033,0.7886223793029785,0.814764142036438
C5_2,ge2e,it0034,0.8500232696533203,0.8438019156455994
C5_2,ge2e,it0035,0.7773038744926453,0.7737500667572021
C5_2,ge2e,it0036,0.8357102870941162,0.8428523540496826
C5_2,ge2e,it0037,0.8840397596359253,0.8604730367660522
C5_2,ge2e,it0038,0.7726991176605225,0.7742671966552734
C5_2,ge2e,it0039,0.7967956066131592,0.8226128220558167
C5_2,ge2e,it0040,0.7793418169021606,0.7989404201507568
C5_2,ge2e,it0041,0.8152280449867249,0.8661954998970032
C5_2,ge2e,it0042,0.814622700214386,0.8444747924804688
C5_2,ge2e,it0043,0.8233813047409058,0.8061056137084961
C5_2,ge2e,it0044,0.8106203079223633,0.798697829246521
C5_2,ge2e,it0045,0.809967577457428,0.8061938881874084
C5_2,ge2e,it0046,0.766488254070282,0.7428886890411377
C5_2,ge2e,it0047,0.7697304487228394,0.8598769903182983
C5_2,ge2e,it0048,0.8572462797164917,0.8732339143753052
C5_2,ge2e,it0049,0.8917076587677002,0.8866840600967407
C5_2,ge2e,it0050,0.7184191942214966,0.8306682705879211
C5_2,ge2e,it0051,0.8180073499679565,0.8216418623924255
C5_2,ge2e,it0052,0.8328654170036316,0.7996333837509155
C5_2,ge2e,it0053,0.7276419997215271,0.7618162631988525
C5_2,ge2e,it0054,0.7860109806060791,0.8031257390975952
C5_2,ge2e,it0055,0.7546041011810303,0.7845222353935242
C5_2,ge2e,it0056,0.890186607837677,0.868948221206665
C5_2,ge2e,it0057,0.8198026418685913,0.878350555896759
C5_2,ge2e,it0058,0.8207609057426453,0.8091201782226562
C5_2,ge2e,it0059,0.8785684704780579,0.8714624643325806
C5_2,ge2e,it0060,0.8677940368652344,0.860913872718811
C5_2,ge2e,it0061,0.8885364532470703,0.8287053108215332
C5_2,ge2e,it0062,0.8333719968795776,0.8773874044418335
C5_2,ge2e,it0063,0.6582503318786621,0.774965763092041
C5_2,ge2e,it0064,0.8615729808807373,0.8161255717277527
C5_2,ge2e,it0065,0.8623545169830322,0.8724305033683777
C5_2,ge2e,it0066,0.8014221787452698,0.8209860920906067
C5_2,ge2e,it0067,0.8026090860366821,0.8671778440475464
C5_2,ge2e,it0068,0.8669534921646118,0.8635059595108032
C5_2,ge2e,it0069,0.7958390712738037,0.8123652935028076
C5_2,ge2e,it0070,0.7175792455673218,0.8215920329093933
C5_2,ge2e,it0071,0.8043315410614014,0.8301303386688232
C5_2,ge2e,it0072,0.8519436120986938,0.8748209476470947
C5_2,ge2e,it0073,0.6772772073745728,0.8093316555023193
C5_2,ge2e,it0074,0.7814281582832336,0.852199137210846
C5_2,ge2e,it0075,0.8507280349731445,0.8499616980552673
C5_2,ge2e,it0076,0.7678049802780151,0.8086158037185669
C5_2,ge2e,it0077,0.8251479268074036,0.7955175042152405
C5_2,ge2e,it0078,0.7758491635322571,0.7627061605453491
C5_2,ge2e,it0079,0.8227867484092712,0.8577805161476135
C5_2,ge2e,it0080,0.7219812273979187,0.8221724033355713
C5_2,ge2e,it0081,0.854813814163208,0.8860140442848206
C5_2,ge2e,it0082,0.808635413646698,0.8485228419303894
C5_2,ge2e,it0083,0.8546717762947083,0.8424977660179138
C5_2,ge2e,it0084,0.8544913530349731,0.8593554496765137
C5_2,ge2e,it0085,0.828374445438385,0.796990692615509
C5_2,ge2e,it0086,0.7733680009841919,0.7848413586616516
C5_2,ge2e,it0087,0.857195258140564,0.8279250264167786
C5_2,ge2e,it0088,0.7709777355194092,0.8322950601577759
C5_2,ge2e,it0089,0.7951180338859558,0.8196879029273987
C5_2,ge2e,it0090,0.8788723349571228,0.7994763255119324
C5_2,ge2e,it0091,0.8524718284606934,0.830216646194458
C5_2,ge2e,it0092,0.7935864925384521,0.8128087520599365
C5_2,ge2e,it0093,0.8000773787498474,0.824996292591095
C5_2,ge2e,it0094,0.7632777094841003,0.7850953340530396
C5_2,ge2e,it0095,0.8869924545288086,0.9046961069107056
C5_2,ge2e,it0096,0.816864550113678,0.8064309358596802
C5_2,ge2e,it0097,0.804495632648468,0.8009384274482727
C5_2,ge2e,it0098,0.8449200391769409,0.8579620122909546
C5_2,ge2e,it0099,0.7323071956634521,0.7947070002555847
C5_2,ge2e,it0100,0.835590124130249,0.8521648645401001
C5_2,ge2e,it0101,0.6869589686393738,0.7323113679885864
C5_2,ge2e,it0102,0.8512135744094849,0.8223255276679993
C5_2,ge2e,it0103,0.7571723461151123,0.7939068675041199
C5_2,ge2e,it0104,0.8383121490478516,0.8439105153083801
C5_2,ge2e,it0105,0.8372582793235779,0.8857103586196899
C5_2,ge2e,it0106,0.8553421497344971,0.8729433417320251
C5_2,ge2e,it0107,0.8043830990791321,0.8513690233230591
C5_2,ge2e,it0108,0.8207189440727234,0.8432081341743469
C5_2,ge2e,it0109,0.7964859008789062,0.7869881391525269
C5_2,ge2e,it0110,0.7836800217628479,0.7719741463661194
C5_2,ge2e,it0111,0.8748807907104492,0.8310270309448242
C5_2,ge2e,it0112,0.9155201315879822,0.9255291223526
C5_2,ge2e,it0113,0.87003493309021,0.8876422047615051
C5_2,ge2e,it0114,0.8230540752410889,0.848408043384552
C5_2,ge2e,it0115,0.8757965564727783,0.8788464665412903
C5_2,ge2e,it0116,0.7853013873100281,0.8288530111312866
C5_2,ge2e,it0117,0.8423604369163513,0.844736635684967
C5_2,ge2e,it0118,0.7915935516357422,0.848916232585907
C5_2,ge2e,it0119,0.8239705562591553,0.8053224086761475
C5_2,ge2e,it0120,0.8166427612304688,0.7889474034309387
C5_2,ge2e,it0121,0.7635331749916077,0.8264390230178833
C5_2,ge2e,it0122,0.8055983781814575,0.80124831199646
C5_2,ge2e,it0123,0.7793323397636414,0.8001585006713867
C5_2,ge2e,it0124,0.837367057800293,0.8549543619155884
C5_2,ge2e,it0125,0.8640846014022827,0.8994073867797852
C5_2,ge2e,it0126,0.8569091558456421,0.8618503212928772
C5_2,ge2e,it0127,0.7543192505836487,0.7699791193008423
C5_2,ge2e,it0128,0.8543168306350708,0.8212099075317383
C5_2,ge2e,it0129,0.725368082523346,0.8058509230613708
C5_2,ge2e,it0130,0.8275433778762817,0.829312801361084
C5_2,ge2e,it0131,0.8272415995597839,0.8583379983901978
C5_2,ge2e,it0132,0.8416537046432495,0.8017046451568604
C5_2,ge2e,it0133,0.8576140403747559,0.8546273708343506
C5_2,ge2e,it0134,0.7602025270462036,0.790152907371521
C5_2,ge2e,it0135,0.7890814542770386,0.8196520805358887
C5_2,ge2e,it0136,0.8585782647132874,0.8682460188865662
C5_2,ge2e,it0137,0.8507896661758423,0.8245802521705627
C5_2,ge2e,it0138,0.8257870674133301,0.8432708382606506
C5_2,ge2e,it0139,0.8502237200737,0.835614800453186
C5_2,ge2e,it0140,0.8270770907402039,0.8125146627426147
C5_2,ge2e,it0141,0.8622913956642151,0.847998857498169
C5_2,ge2e,it0142,0.8482259511947632,0.8227084279060364
C5_2,ge2e,it0143,0.8484480381011963,0.8747934699058533
C5_2,ge2e,it0144,0.850132942199707,0.8391842246055603
C5_2,ge2e,it0145,0.8022527098655701,0.8607766628265381
C5_2,ge2e,it0146,0.8045979142189026,0.8490113615989685
C5_2,ge2e,it0147,0.9048603773117064,0.8904857039451599
C5_2,ge2e,it0148,0.7800673246383667,0.8211490511894226
C5_2,ge2e,it0149,0.8044824600219727,0.8344208002090454
C5_2,ge2e,it0150,0.7714402079582214,0.7957241535186768
C5_2,ge2e,it0151,0.8031730055809021,0.8564461469650269
C5_2,ge2e,it0152,0.8649617433547974,0.8694125413894653
C5_2,ge2e,it0153,0.7913379073143005,0.859725296497345
C5_2,ge2e,it0154,0.7096290588378906,0.7412972450256348
C5_2,ge2e,it0155,0.8593310117721558,0.842637836933136
C5_2,ge2e,it0156,0.7468692064285278,0.8061913251876831
C5_2,ge2e,it0157,0.8634383082389832,0.8681820631027222
C5_2,ge2e,it0158,0.795100748538971,0.8112618327140808
C5_2,ge2e,it0159,0.868847131729126,0.8666844367980957
C5_2,ge2e,it0160,0.8653098940849304,0.8749435544013977
C5_2,ge2e,it0161,0.8296826481819153,0.8921501636505127
C5_2,ge2e,it0162,0.7901433110237122,0.8027880191802979
C5_2,ge2e,it0163,0.6761046051979065,0.7043054699897766
C5_2,ge2e,it0164,0.8099024295806885,0.9144249558448792
C5_2,ge2e,it0165,0.7205084562301636,0.7840697765350342
C5_2,ge2e,it0166,0.838092565536499,0.8268833756446838
C5_2,ge2e,it0167,0.8416519165039062,0.8245409727096558
C5_2,ge2e,it0168,0.7531680464744568,0.7257686853408813
C5_2,ge2e,it0169,0.8216927647590637,0.857353150844574
C5_2,ge2e,it0170,0.864215075969696,0.8534464836120605
C5_2,ge2e,it0171,0.8391339182853699,0.8245596289634705
C5_2,ge2e,it0172,0.7832818031311035,0.8021948933601379
C5_2,ge2e,it0173,0.9052852988243104,0.8675651550292969
C5_2,ge2e,it0174,0.8179946541786194,0.8400010466575623
C5_2,ge2e,it0175,0.6934196352958679,0.7233346700668335
C5_2,ge2e,it0176,0.8145061135292053,0.8161009550094604
C5_2,ge2e,it0177,0.8255149126052856,0.849606990814209
C5_2,ge2e,it0178,0.8429981470108032,0.8507481813430786
C5_2,ge2e,it0179,0.8378304243087769,0.848868727684021
C5_2,ge2e,it0180,0.8367447853088379,0.8706909418106079
C5_2,ge2e,it0181,0.791078507900238,0.8686904907226562
C5_2,ge2e,it0182,0.8850629925727844,0.8697094917297363
C5_2,ge2e,it0183,0.7968528270721436,0.8557232618331909
C5_2,ge2e,it0184,0.7183847427368164,0.8462558388710022
C5_2,ge2e,it0185,0.8243318796157837,0.8235058784484863
C5_2,ge2e,it0186,0.7932878136634827,0.809577465057373
C5_2,ge2e,it0187,0.8366649150848389,0.8315809369087219
C5_2,ge2e,it0188,0.8475505709648132,0.8501935005187988
C5_2,ge2e,it0189,0.807386577129364,0.7913097143173218
C5_2,ge2e,it0190,0.8909293413162231,0.8479124307632446
C5_2,ge2e,it0191,0.7669464349746704,0.8411706686019897
C5_2,ge2e,it0192,0.8216172456741333,0.849206268787384
C5_2,ge2e,it0193,0.781481146812439,0.8298795223236084
C5_2,ge2e,it0194,0.7726802229881287,0.8381975889205933
C5_2,ge2e,it0195,0.8348859548568726,0.8412327170372009
C5_2,ge2e,it0196,0.7820799350738525,0.7979854941368103
C5_2,ge2e,it0197,0.8147739171981812,0.8477159738540649
C5_2,ge2e,it0198,0.8441095352172852,0.8516853451728821
C5_2,ge2e,it0199,0.8216195106506348,0.8460780382156372
C5_2,xvect,it0000,0.9507863521575928,0.9664930105209352
C5_2,xvect,it0001,0.938643991947174,0.9633138179779052
C5_2,xvect,it0002,0.9444425702095032,0.9509515762329102
C5_2,xvect,it0003,0.9443988800048828,0.9469358325004578
C5_2,xvect,it0004,0.9529800415039062,0.9637521505355836
C5_2,xvect,it0005,0.942529320716858,0.9641242623329164
C5_2,xvect,it0006,0.9459435343742372,0.9500510692596436
C5_2,xvect,it0007,0.9496117830276488,0.9591679573059082
C5_2,xvect,it0008,0.9357931017875672,0.9312365055084229
C5_2,xvect,it0009,0.9595161080360411,0.956803560256958
C5_2,xvect,it0010,0.9706302881240844,0.9711869955062866
C5_2,xvect,it0011,0.9647563099861144,0.969074845314026
C5_2,xvect,it0012,0.935984194278717,0.9513625502586364
C5_2,xvect,it0013,0.961154282093048,0.9658586382865906
C5_2,xvect,it0014,0.9363452792167664,0.9245398044586182
C5_2,xvect,it0015,0.9462069272994996,0.9360431432724
C5_2,xvect,it0016,0.9151713252067566,0.9066756963729858
C5_2,xvect,it0017,0.9458197951316832,0.9431878328323364
C5_2,xvect,it0018,0.9359261393547058,0.9472030997276306
C5_2,xvect,it0019,0.952394962310791,0.9336352348327636
C5_2,xvect,it0020,0.9499542117118835,0.9596276879310608
C5_2,xvect,it0021,0.9488295912742616,0.9489821791648864
C5_2,xvect,it0022,0.9277247786521912,0.9375128746032716
C5_2,xvect,it0023,0.9374788403511048,0.9554309844970704
C5_2,xvect,it0024,0.961677610874176,0.9674566984176636
C5_2,xvect,it0025,0.9483168125152588,0.9485878944396972
C5_2,xvect,it0026,0.943783402442932,0.9437235593795776
C5_2,xvect,it0027,0.9603146314620972,0.9666664004325868
C5_2,xvect,it0028,0.9479469060897828,0.9634461998939514
C5_2,xvect,it0029,0.9358490705490112,0.9591885805130004
C5_2,xvect,it0030,0.9568976163864136,0.9692635536193848
C5_2,xvect,it0031,0.9424071907997132,0.9510961771011353
C5_2,xvect,it0032,0.944643497467041,0.9424368143081664
C5_2,xvect,it0033,0.9356769323349,0.9457221031188964
C5_2,xvect,it0034,0.9561359882354736,0.9668446183204652
C5_2,xvect,it0035,0.94744211435318,0.961635947227478
C5_2,xvect,it0036,0.9417829513549804,0.9523659944534302
C5_2,xvect,it0037,0.9640908241271972,0.9579051733016968
C5_2,xvect,it0038,0.9393466114997864,0.9465445280075072
C5_2,xvect,it0039,0.9508243799209596,0.94377338886261
C5_2,xvect,it0040,0.9431989192962646,0.9517644643783568
C5_2,xvect,it0041,0.9360804557800292,0.9445667266845704
C5_2,xvect,it0042,0.9321903586387634,0.9490634202957152
C5_2,xvect,it0043,0.9478372931480408,0.9655986428260804
C5_2,xvect,it0044,0.9621180295944214,0.9620948433876038
C5_2,xvect,it0045,0.9353296160697936,0.9539495706558228
C5_2,xvect,it0046,0.946092963218689,0.955551028251648
C5_2,xvect,it0047,0.9616419076919556,0.967907965183258
C5_2,xvect,it0048,0.9451779127120972,0.9617226123809814
C5_2,xvect,it0049,0.9268659353256226,0.9511620998382568
C5_2,xvect,it0050,0.9141258001327516,0.9434729218482972
C5_2,xvect,it0051,0.9564661383628844,0.9611840844154358
C5_2,xvect,it0052,0.9466696381568908,0.9412162899971008
C5_2,xvect,it0053,0.9417908787727356,0.960680365562439
C5_2,xvect,it0054,0.9402400255203248,0.9553205966949464
C5_2,xvect,it0055,0.92154860496521,0.9543452858924866
C5_2,xvect,it0056,0.9519694447517396,0.9595254063606262
C5_2,xvect,it0057,0.9343318343162536,0.9489935040473938
C5_2,xvect,it0058,0.9566851258277892,0.9555009603500366
C5_2,xvect,it0059,0.9718804359436036,0.972428560256958
C5_2,xvect,it0060,0.948789119720459,0.9442765116691588
C5_2,xvect,it0061,0.925551414489746,0.9400464296340942
C5_2,xvect,it0062,0.9466971158981324,0.9527196884155272
C5_2,xvect,it0063,0.9171180725097656,0.9474831223487854
C5_2,xvect,it0064,0.9475366473197936,0.9552953243255616
C5_2,xvect,it0065,0.9295653700828552,0.9687085151672364
C5_2,xvect,it0066,0.9343627095222472,0.9476702213287354
C5_2,xvect,it0067,0.9396026730537416,0.945622742176056
C5_2,xvect,it0068,0.96957129240036,0.969919502735138
C5_2,xvect,it0069,0.9587663412094116,0.9678855538368224
C5_2,xvect,it0070,0.9410063028335572,0.954672396183014
C5_2,xvect,it0071,0.96492600440979,0.9634146690368652
C5_2,xvect,it0072,0.967312216758728,0.96933776140213
C5_2,xvect,it0073,0.9210664629936218,0.9335033893585204
C5_2,xvect,it0074,0.9341577887535096,0.9510826468467712
C5_2,xvect,it0075,0.9568899869918824,0.9625994563102722
C5_2,xvect,it0076,0.9282732605934144,0.9599254727363586
C5_2,xvect,it0077,0.9501556754112244,0.9646190404891968
C5_2,xvect,it0078,0.9565478563308716,0.959825336933136
C5_2,xvect,it0079,0.9681668281555176,0.9690563082695008
C5_2,xvect,it0080,0.9376047253608704,0.9543821811676024
C5_2,xvect,it0081,0.9548919796943665,0.9614986181259156
C5_2,xvect,it0082,0.9499061703681946,0.9445034265518188
C5_2,xvect,it0083,0.9636934399604796,0.971204400062561
C5_2,xvect,it0084,0.9625388383865356,0.9584973454475404
C5_2,xvect,it0085,0.9437837600708008,0.9554080367088318
C5_2,xvect,it0086,0.9613276720046996,0.9583823680877686
C5_2,xvect,it0087,0.962982714176178,0.9657316207885742
C5_2,xvect,it0088,0.956111490726471,0.9592044353485109
C5_2,xvect,it0089,0.9495388269424438,0.9507594108581544
C5_2,xvect,it0090,0.9545031189918518,0.9602971076965332
C5_2,xvect,it0091,0.9468485116958618,0.944397509098053
C5_2,xvect,it0092,0.9511080980300904,0.9561991095542908
C5_2,xvect,it0093,0.9442690014839172,0.9525849223136902
C5_2,xvect,it0094,0.9410800933837892,0.9587835669517516
C5_2,xvect,it0095,0.9523372650146484,0.969223976135254
C5_2,xvect,it0096,0.9597882032394408,0.9472556114196776
C5_2,xvect,it0097,0.9571322202682496,0.9625484943389891
C5_2,xvect,it0098,0.975357472896576,0.9705799221992492
C5_2,xvect,it0099,0.956687033176422,0.9596980214118958
C5_2,xvect,it0100,0.959463357925415,0.9685845375061036
C5_2,xvect,it0101,0.9476768374443054,0.9553170204162598
C5_2,xvect,it0102,0.94947612285614,0.9522965550422668
C5_2,xvect,it0103,0.9473633766174316,0.9512493014335632
C5_2,xvect,it0104,0.9494839906692504,0.939846396446228
C5_2,xvect,it0105,0.9434220790863036,0.9570211172103882
C5_2,xvect,it0106,0.959568738937378,0.952731728553772
C5_2,xvect,it0107,0.9478050470352172,0.9619901180267334
C5_2,xvect,it0108,0.9464945793151855,0.9644453525543212
C5_2,xvect,it0109,0.9607291221618652,0.965404212474823
C5_2,xvect,it0110,0.9424756169319152,0.9441176056861876
C5_2,xvect,it0111,0.9678579568862916,0.9704099893569946
C5_2,xvect,it0112,0.9671818017959596,0.9671863913536072
C5_2,xvect,it0113,0.9411661624908448,0.9614303708076476
C5_2,xvect,it0114,0.9587818384170532,0.9550886750221252
C5_2,xvect,it0115,0.9625972509384156,0.9650193452835084
C5_2,xvect,it0116,0.9474015831947328,0.9583212733268738
C5_2,xvect,it0117,0.9665310382843018,0.960876166820526
C5_2,xvect,it0118,0.9609684944152832,0.9643563032150269
C5_2,xvect,it0119,0.9589995741844176,0.9568614363670348
C5_2,xvect,it0120,0.958360493183136,0.9628284573554992
C5_2,xvect,it0121,0.9461094737052916,0.9651722311973572
C5_2,xvect,it0122,0.9483788013458252,0.9460899233818054
C5_2,xvect,it0123,0.9562177658081056,0.9662508964538574
C5_2,xvect,it0124,0.9300016164779664,0.941664695739746
C5_2,xvect,it0125,0.9582422971725464,0.9608129858970642
C5_2,xvect,it0126,0.9605924487113952,0.9550723433494568
C5_2,xvect,it0127,0.9494287967681884,0.9523040056228638
C5_2,xvect,it0128,0.9647377133369446,0.9660763144493104
C5_2,xvect,it0129,0.9350772500038148,0.9528648257255554
C5_2,xvect,it0130,0.9441142678260804,0.9609394073486328
C5_2,xvect,it0131,0.9567391872406006,0.9577122330665588
C5_2,xvect,it0132,0.9400874972343444,0.9563698768615724
C5_2,xvect,it0133,0.960933268070221,0.9696515798568726
C5_2,xvect,it0134,0.9581897854804992,0.9609100222587584
C5_2,xvect,it0135,0.9418869614601136,0.953330934047699
C5_2,xvect,it0136,0.9562242031097412,0.9691663980484008
C5_2,xvect,it0137,0.9496173858642578,0.946855902671814
C5_2,xvect,it0138,0.949666142463684,0.957733392715454
C5_2,xvect,it0139,0.9591953754425048,0.9609813690185548
C5_2,xvect,it0140,0.9166170358657836,0.9375334978103638
C5_2,xvect,it0141,0.960597574710846,0.9654649496078492
C5_2,xvect,it0142,0.9415720105171204,0.9437854290008544
C5_2,xvect,it0143,0.959200918674469,0.9615421891212464
C5_2,xvect,it0144,0.9568412899971008,0.9630404114723206
C5_2,xvect,it0145,0.9411115050315856,0.9448078870773317
C5_2,xvect,it0146,0.9460589289665222,0.9431160688400269
C5_2,xvect,it0147,0.9493568539619446,0.9584421515464784
C5_2,xvect,it0148,0.942472755908966,0.9550557732582092
C5_2,xvect,it0149,0.9540024995803832,0.9527965188026428
C5_2,xvect,it0150,0.9260059595108032,0.9435951113700868
C5_2,xvect,it0151,0.9630410671234132,0.966343343257904
C5_2,xvect,it0152,0.9643596410751344,0.9677935242652892
C5_2,xvect,it0153,0.898320734500885,0.9257462620735168
C5_2,xvect,it0154,0.9342538118362428,0.949356198310852
C5_2,xvect,it0155,0.962427020072937,0.9633817672729492
C5_2,xvect,it0156,0.946079969406128,0.9600377082824708
C5_2,xvect,it0157,0.9699741005897522,0.9693623781204224
C5_2,xvect,it0158,0.9519475698471068,0.9634809494018556
C5_2,xvect,it0159,0.9450934529304504,0.9520097374916076
C5_2,xvect,it0160,0.9641467928886414,0.9492213129997252
C5_2,xvect,it0161,0.94931823015213,0.9628342390060424
C5_2,xvect,it0162,0.9494293332099916,0.9512594938278198
C5_2,xvect,it0163,0.9657596349716188,0.9592705965042114
C5_2,xvect,it0164,0.9629855155944824,0.949718713760376
C5_2,xvect,it0165,0.9422504901885986,0.9501494765281676
C5_2,xvect,it0166,0.949277400970459,0.950954794883728
C5_2,xvect,it0167,0.9543171525001526,0.9578452706336976
C5_2,xvect,it0168,0.9338316321372986,0.946442484855652
C5_2,xvect,it0169,0.9624044299125672,0.9724692702293396
C5_2,xvect,it0170,0.9476341009140016,0.9570138454437256
C5_2,xvect,it0171,0.9610978960990906,0.957634210586548
C5_2,xvect,it0172,0.9266958832740784,0.9488556385040284
C5_2,xvect,it0173,0.9660517573356628,0.969066083431244
C5_2,xvect,it0174,0.9392839670181274,0.9521471858024596
C5_2,xvect,it0175,0.950432538986206,0.957461953163147
C5_2,xvect,it0176,0.9574488997459412,0.9426962733268738
C5_2,xvect,it0177,0.948435604572296,0.9619485139846802
C5_2,xvect,it0178,0.9488266706466676,0.9470444917678832
C5_2,xvect,it0179,0.9582918286323548,0.9555426836013794
C5_2,xvect,it0180,0.9489526748657228,0.952522873878479
C5_2,xvect,it0181,0.9639140367507936,0.9733691215515136
C5_2,xvect,it0182,0.9520143866539,0.9530945420265198
C5_2,xvect,it0183,0.9571170806884766,0.9584732055664062
C5_2,xvect,it0184,0.921598494052887,0.950058937072754
C5_2,xvect,it0185,0.961768925189972,0.9306070804595948
C5_2,xvect,it0186,0.9384665489196776,0.9360767006874084
C5_2,xvect,it0187,0.943523406982422,0.9531508684158324
C5_2,xvect,it0188,0.953727126121521,0.949478030204773
C5_2,xvect,it0189,0.9476068615913392,0.959884524345398
C5_2,xvect,it0190,0.954712450504303,0.9540005922317504
C5_2,xvect,it0191,0.9562013149261476,0.961578130722046
C5_2,xvect,it0192,0.9316624999046326,0.939464271068573
C5_2,xvect,it0193,0.9667134881019592,0.968771994113922
C5_2,xvect,it0194,0.953831911087036,0.9711008071899414
C5_2,xvect,it0195,0.959413468837738,0.9604717493057252
C5_2,xvect,it0196,0.9469395279884338,0.9449732303619384
C5_2,xvect,it0197,0.935380220413208,0.9434404373168944
C5_2,xvect,it0198,0.9358311891555786,0.9314141869544984
C5_2,xvect,it0199,0.9548029899597168,0.9656763076782228
C5_2,wavlm_base_plus,it0000,0.7450301647186279,0.9031526446342468
C5_2,wavlm_base_plus,it0001,0.9153029918670654,0.9557480216026306
C5_2,wavlm_base_plus,it0002,0.8869296908378601,0.9008179903030396
C5_2,wavlm_base_plus,it0003,0.9272536039352416,0.9047493934631348
C5_2,wavlm_base_plus,it0004,0.9687408804893494,0.96967351436615
C5_2,wavlm_base_plus,it0005,0.9227575659751892,0.957846462726593
C5_2,wavlm_base_plus,it0006,0.8105639219284058,0.90347158908844
C5_2,wavlm_base_plus,it0007,0.9428032636642456,0.9549603462219238
C5_2,wavlm_base_plus,it0008,0.8981056213378906,0.9254127740859984
C5_2,wavlm_base_plus,it0009,0.960643470287323,0.9777406454086304
C5_2,wavlm_base_plus,it0010,0.8783864974975586,0.8315559029579163
C5_2,wavlm_base_plus,it0011,0.946911633014679,0.9643393754959106
C5_2,wavlm_base_plus,it0012,0.8940436840057373,0.9244146347045898
C5_2,wavlm_base_plus,it0013,0.958390772342682,0.9716994762420654
C5_2,wavlm_base_plus,it0014,0.8022153973579407,0.7977901697158813
C5_2,wavlm_base_plus,it0015,0.9370996952056884,0.9064844846725464
C5_2,wavlm_base_plus,it0016,0.9353607892990112,0.9567105770111084
C5_2,wavlm_base_plus,it0017,0.9161252975463868,0.964120626449585
C5_2,wavlm_base_plus,it0018,0.8827254176139832,0.8834672570228577
C5_2,wavlm_base_plus,it0019,0.9746327996253968,0.969356894493103
C5_2,wavlm_base_plus,it0020,0.8704180717468262,0.9638431668281556
C5_2,wavlm_base_plus,it0021,0.9155347943305968,0.9386911988258362
C5_2,wavlm_base_plus,it0022,0.9354517459869384,0.9298763871192932
C5_2,wavlm_base_plus,it0023,0.9318628311157228,0.9577778577804564
C5_2,wavlm_base_plus,it0024,0.9639077186584472,0.9626685976982116
C5_2,wavlm_base_plus,it0025,0.92319917678833,0.9435622096061708
C5_2,wavlm_base_plus,it0026,0.8487367630004883,0.9038774967193604
C5_2,wavlm_base_plus,it0027,0.9353976845741272,0.921154260635376
C5_2,wavlm_base_plus,it0028,0.9271551966667176,0.930282175540924
C5_2,wavlm_base_plus,it0029,0.9157852530479432,0.9325857162475586
C5_2,wavlm_base_plus,it0030,0.9361154437065125,0.9687815308570862
C5_2,wavlm_base_plus,it0031,0.9543974995613098,0.9693400859832764
C5_2,wavlm_base_plus,it0032,0.9542587995529176,0.944514274597168
C5_2,wavlm_base_plus,it0033,0.9597865343093872,0.9672314524650574
C5_2,wavlm_base_plus,it0034,0.8173802495002747,0.9564359188079834
C5_2,wavlm_base_plus,it0035,0.7631828784942627,0.7951735854148865
C5_2,wavlm_base_plus,it0036,0.9245396852493286,0.9507081508636476
C5_2,wavlm_base_plus,it0037,0.9136644005775452,0.9523598551750184
C5_2,wavlm_base_plus,it0038,0.8190985918045044,0.8814465403556824
C5_2,wavlm_base_plus,it0039,0.9601538181304932,0.9628403186798096
C5_2,wavlm_base_plus,it0040,0.7794468402862549,0.9086744785308838
C5_2,wavlm_base_plus,it0041,0.9260070323944092,0.9538233280181884
C5_2,wavlm_base_plus,it0042,0.8799917697906494,0.8548818230628967
C5_2,wavlm_base_plus,it0043,0.9250035881996156,0.9348856210708618
C5_2,wavlm_base_plus,it0044,0.90189927816391,0.9523366689682008
C5_2,wavlm_base_plus,it0045,0.8894057273864746,0.9268473386764526
C5_2,wavlm_base_plus,it0046,0.831587553024292,0.8619582653045654
C5_2,wavlm_base_plus,it0047,0.8608037233352661,0.9171563386917114
C5_2,wavlm_base_plus,it0048,0.9523020386695862,0.9234710931777954
C5_2,wavlm_base_plus,it0049,0.8041971325874329,0.8868197798728943
C5_2,wavlm_base_plus,it0050,0.4654580950736999,0.7289840579032898
C5_2,wavlm_base_plus,it0051,0.964316189289093,0.9515961408615112
C5_2,wavlm_base_plus,it0052,0.9335395693778992,0.8895353674888611
C5_2,wavlm_base_plus,it0053,0.9220435619354248,0.9255433678627014
C5_2,wavlm_base_plus,it0054,0.8126676678657532,0.902836799621582
C5_2,wavlm_base_plus,it0055,0.9345126152038574,0.9037407636642456
C5_2,wavlm_base_plus,it0056,0.94185209274292,0.9420651197433472
C5_2,wavlm_base_plus,it0057,0.8403306603431702,0.9175500273704528
C5_2,wavlm_base_plus,it0058,0.9334768056869508,0.9432430863380432
C5_2,wavlm_base_plus,it0059,0.9466657042503356,0.9654488563537598
C5_2,wavlm_base_plus,it0060,0.8226463794708252,0.9108017683029176
C5_2,wavlm_base_plus,it0061,0.9177395105361938,0.8975524306297302
C5_2,wavlm_base_plus,it0062,0.9276906251907348,0.939312219619751
C5_2,wavlm_base_plus,it0063,0.6033250093460083,0.6564857959747314
C5_2,wavlm_base_plus,it0064,0.8679472804069519,0.9248652458190918
C5_2,wavlm_base_plus,it0065,0.96579509973526,0.958436131477356
C5_2,wavlm_base_plus,it0066,0.8391604423522949,0.8193674087524414
C5_2,wavlm_base_plus,it0067,0.9032297134399414,0.9113978147506714
C5_2,wavlm_base_plus,it0068,0.964606761932373,0.9398520588874816
C5_2,wavlm_base_plus,it0069,0.9227409362792968,0.9263365864753724
C5_2,wavlm_base_plus,it0070,0.9135120511054992,0.9301506280899048
C5_2,wavlm_base_plus,it0071,0.8599258661270142,0.8591426014900208
C5_2,wavlm_base_plus,it0072,0.9409056305885316,0.9656112790107728
C5_2,wavlm_base_plus,it0073,0.810223400592804,0.9197791218757628
C5_2,wavlm_base_plus,it0074,0.5459274053573608,0.5687186121940613
C5_2,wavlm_base_plus,it0075,0.9313382506370544,0.8652675747871399
C5_2,wavlm_base_plus,it0076,0.9062394499778748,0.8962247967720032
C5_2,wavlm_base_plus,it0077,0.8953825831413269,0.9209998250007628
C5_2,wavlm_base_plus,it0078,0.8892284035682678,0.8664557337760925
C5_2,wavlm_base_plus,it0079,0.9666563272476196,0.9711407423019408
C5_2,wavlm_base_plus,it0080,0.8754333257675171,0.8533715009689331
C5_2,wavlm_base_plus,it0081,0.8981822729110718,0.8574485182762146
C5_2,wavlm_base_plus,it0082,0.9267886877059937,0.9311941266059875
C5_2,wavlm_base_plus,it0083,0.9522703886032104,0.981415629386902
C5_2,wavlm_base_plus,it0084,0.9336624145507812,0.8872119188308716
C5_2,wavlm_base_plus,it0085,0.90110445022583,0.9329690337181092
C5_2,wavlm_base_plus,it0086,0.9110316634178162,0.9259130954742432
C5_2,wavlm_base_plus,it0087,0.9089227318763732,0.9357112050056458
C5_2,wavlm_base_plus,it0088,0.890018105506897,0.9210286736488342
C5_2,wavlm_base_plus,it0089,0.8964322805404663,0.9187024831771852
C5_2,wavlm_base_plus,it0090,0.9394012689590454,0.9511157870292664
C5_2,wavlm_base_plus,it0091,0.935608983039856,0.8746352791786194
C5_2,wavlm_base_plus,it0092,0.9044454097747804,0.9109463095664978
C5_2,wavlm_base_plus,it0093,0.8715423941612244,0.8743315935134888
C5_2,wavlm_base_plus,it0094,0.9049307107925416,0.900725483894348
C5_2,wavlm_base_plus,it0095,0.9247578382492064,0.9405460357666016
C5_2,wavlm_base_plus,it0096,0.9432494044303894,0.9600807428359984
C5_2,wavlm_base_plus,it0097,0.948145627975464,0.9473279118537904
C5_2,wavlm_base_plus,it0098,0.951484739780426,0.960826814174652
C5_2,wavlm_base_plus,it0099,0.6778618097305298,0.8803052306175232
C5_2,wavlm_base_plus,it0100,0.9518014788627625,0.9465410709381104
C5_2,wavlm_base_plus,it0101,0.8765726685523987,0.9433138966560364
C5_2,wavlm_base_plus,it0102,0.8793967366218567,0.9138368964195251
C5_2,wavlm_base_plus,it0103,0.8892658352851868,0.9256626963615416
C5_2,wavlm_base_plus,it0104,0.8870484828948975,0.9151890277862548
C5_2,wavlm_base_plus,it0105,0.9046390056610109,0.8886646628379822
C5_2,wavlm_base_plus,it0106,0.9182724952697754,0.8544495105743408
C5_2,wavlm_base_plus,it0107,0.9137670993804932,0.9375176429748536
C5_2,wavlm_base_plus,it0108,0.9171326160430908,0.9392200112342834
C5_2,wavlm_base_plus,it0109,0.940903902053833,0.9458849430084229
C5_2,wavlm_base_plus,it0110,0.6888512969017029,0.7406513690948486
C5_2,wavlm_base_plus,it0111,0.9602271318435668,0.9590246081352234
C5_2,wavlm_base_plus,it0112,0.9521796703338624,0.9569984674453736
C5_2,wavlm_base_plus,it0113,0.9423142671585084,0.9451446533203124
C5_2,wavlm_base_plus,it0114,0.8857022523880005,0.9126136302947998
C5_2,wavlm_base_plus,it0115,0.8176731467247009,0.7845684289932251
C5_2,wavlm_base_plus,it0116,0.9101812839508056,0.9404993653297424
C5_2,wavlm_base_plus,it0117,0.9310638308525084,0.9522181153297424
C5_2,wavlm_base_plus,it0118,0.89356529712677,0.9344024062156676
C5_2,wavlm_base_plus,it0119,0.9122980833053588,0.9226667284965516
C5_2,wavlm_base_plus,it0120,0.9338498711586,0.9613067507743835
C5_2,wavlm_base_plus,it0121,0.9477707743644714,0.9568002223968506
C5_2,wavlm_base_plus,it0122,0.95014488697052,0.939279317855835
C5_2,wavlm_base_plus,it0123,0.9803525805473328,0.941137969493866
C5_2,wavlm_base_plus,it0124,0.8632206916809082,0.8622967004776001
C5_2,wavlm_base_plus,it0125,0.944248914718628,0.9377107620239258
C5_2,wavlm_base_plus,it0126,0.9053812623023988,0.9251700639724731
C5_2,wavlm_base_plus,it0127,0.9015158414840698,0.8779892325401306
C5_2,wavlm_base_plus,it0128,0.9325236082077026,0.8959182500839233
C5_2,wavlm_base_plus,it0129,0.884227991104126,0.9375656247138976
C5_2,wavlm_base_plus,it0130,0.7796111106872559,0.8849313259124756
C5_2,wavlm_base_plus,it0131,0.94534432888031,0.9820065498352052
C5_2,wavlm_base_plus,it0132,0.735109806060791,0.8322314023971558
C5_2,wavlm_base_plus,it0133,0.9590747952461244,0.9600164890289308
C5_2,wavlm_base_plus,it0134,0.9418423175811768,0.9111781120300292
C5_2,wavlm_base_plus,it0135,0.7096089124679565,0.741602897644043
C5_2,wavlm_base_plus,it0136,0.8289565443992615,0.8659969568252563
C5_2,wavlm_base_plus,it0137,0.9136975407600404,0.9413658976554872
C5_2,wavlm_base_plus,it0138,0.9006580114364624,0.892169713973999
C5_2,wavlm_base_plus,it0139,0.8731637597084045,0.8891320824623108
C5_2,wavlm_base_plus,it0140,0.9472810626029968,0.8843622207641602
C5_2,wavlm_base_plus,it0141,0.9457507133483888,0.9641678929328918
C5_2,wavlm_base_plus,it0142,0.8189168572425842,0.8990113735198975
C5_2,wavlm_base_plus,it0143,0.9609477519989014,0.9402549266815186
C5_2,wavlm_base_plus,it0144,0.9443798065185548,0.938725769519806
C5_2,wavlm_base_plus,it0145,0.907306671142578,0.9358065128326416
C5_2,wavlm_base_plus,it0146,0.9496196508407592,0.9459806084632874
C5_2,wavlm_base_plus,it0147,0.8282057642936707,0.8979265093803406
C5_2,wavlm_base_plus,it0148,0.8389124870300293,0.8621814846992493
C5_2,wavlm_base_plus,it0149,0.9152811765670776,0.9301710724830629
C5_2,wavlm_base_plus,it0150,0.9221012592315674,0.917000949382782
C5_2,wavlm_base_plus,it0151,0.9126867651939392,0.8851107358932495
C5_2,wavlm_base_plus,it0152,0.8914757370948792,0.936794936656952
C5_2,wavlm_base_plus,it0153,0.926315188407898,0.93007493019104
C5_2,wavlm_base_plus,it0154,0.4911246001720428,0.5848859548568726
C5_2,wavlm_base_plus,it0155,0.8813445568084717,0.898339569568634
C5_2,wavlm_base_plus,it0156,0.8777966499328613,0.8954100608825684
C5_2,wavlm_base_plus,it0157,0.9326202869415284,0.9135854840278624
C5_2,wavlm_base_plus,it0158,0.8863587379455566,0.8997527360916138
C5_2,wavlm_base_plus,it0159,0.9496294260025024,0.9086707830429076
C5_2,wavlm_base_plus,it0160,0.9290797114372252,0.9653494358062744
C5_2,wavlm_base_plus,it0161,0.9497531652450562,0.9432470798492432
C5_2,wavlm_base_plus,it0162,0.9094672203063964,0.9029611945152284
C5_2,wavlm_base_plus,it0163,0.8448289632797241,0.8490937948226929
C5_2,wavlm_base_plus,it0164,0.9487231969833374,0.939812958240509
C5_2,wavlm_base_plus,it0165,0.7961995005607605,0.7692925333976746
C5_2,wavlm_base_plus,it0166,0.8247570991516113,0.8811883330345154
C5_2,wavlm_base_plus,it0167,0.9533539414405824,0.9539331793785096
C5_2,wavlm_base_plus,it0168,0.902018904685974,0.9064974784851074
C5_2,wavlm_base_plus,it0169,0.943514049053192,0.9645684957504272
C5_2,wavlm_base_plus,it0170,0.9352615475654602,0.911513328552246
C5_2,wavlm_base_plus,it0171,0.9731481075286864,0.9631577730178832
C5_2,wavlm_base_plus,it0172,0.845679759979248,0.7997947931289673
C5_2,wavlm_base_plus,it0173,0.9521830081939696,0.9461237788200378
C5_2,wavlm_base_plus,it0174,0.8806134462356567,0.8686113357543945
C5_2,wavlm_base_plus,it0175,0.947132170200348,0.8958460092544556
C5_2,wavlm_base_plus,it0176,0.9433133602142334,0.9818385243415833
C5_2,wavlm_base_plus,it0177,0.9275408983230592,0.8926417827606201
C5_2,wavlm_base_plus,it0178,0.8747880458831787,0.8612651228904724
C5_2,wavlm_base_plus,it0179,0.9414780735969543,0.9212570190429688
C5_2,wavlm_base_plus,it0180,0.9403460025787354,0.939483404159546
C5_2,wavlm_base_plus,it0181,0.8960078954696655,0.9056325554847716
C5_2,wavlm_base_plus,it0182,0.9688741564750672,0.9599997997283936
C5_2,wavlm_base_plus,it0183,0.9173956513404846,0.9721214771270752
C5_2,wavlm_base_plus,it0184,0.7687195539474487,0.8226152658462524
C5_2,wavlm_base_plus,it0185,0.9532673954963684,0.9515291452407836
C5_2,wavlm_base_plus,it0186,0.953622341156006,0.9492294788360596
C5_2,wavlm_base_plus,it0187,0.8460723757743835,0.8788611888885498
C5_2,wavlm_base_plus,it0188,0.9450350403785706,0.9200173020362854
C5_2,wavlm_base_plus,it0189,0.9274407625198364,0.8797221183776855
C5_2,wavlm_base_plus,it0190,0.97199147939682,0.9604436159133912
C5_2,wavlm_base_plus,it0191,0.9432852864265442,0.9795379042625428
C5_2,wavlm_base_plus,it0192,0.927499771118164,0.909180223941803
C5_2,wavlm_base_plus,it0193,0.9301530718803406,0.939883828163147
C5_2,wavlm_base_plus,it0194,0.9325494766235352,0.9249411821365356
C5_2,wavlm_base_plus,it0195,0.9485755562782288,0.9486427903175354
C5_2,wavlm_base_plus,it0196,0.9335196018218994,0.928784430027008
C5_2,wavlm_base_plus,it0197,0.918933629989624,0.887787401676178
C5_2,wavlm_base_plus,it0198,0.9578251242637634,0.9598951935768129
C5_2,wavlm_base_plus,it0199,0.9313166737556458,0.9328320026397704
