run,arm,nfe,K,T,item,ecapa,wavlm,wer,degenerate,pick
D4_1,search,128,2,8,it0000,0.6147614121437073,0.5175530314445496,0.08695652173913043,False,1
D4_1,search,128,2,8,it0001,0.3571301996707916,0.27098920941352844,0.2222222222222222,False,0
D4_1,search,128,2,8,it0002,0.363908588886261,0.2351328581571579,0.2,False,1
D4_1,search,128,2,8,it0003,0.4342948794364929,0.3189662992954254,0.26666666666666666,False,0
D4_1,search,128,2,8,it0004,0.4939208924770355,0.41768836975097656,0.4375,False,0
D4_1,search,128,2,8,it0005,0.5612042546272278,0.502204179763794,0.07407407407407407,False,1
D4_1,search,128,2,8,it0006,0.37816405296325684,0.352332204580307,0.3888888888888889,False,1
D4_1,search,128,2,8,it0007,0.4191526174545288,0.4671030640602112,0.1590909090909091,False,0
D4_1,search,128,2,8,it0008,0.463689386844635,0.2281646579504013,0.5238095238095238,False,0
D4_1,search,128,2,8,it0009,0.5939434170722961,0.5783836245536804,0.07407407407407407,False,1
D4_1,search,128,2,8,it0010,0.5303516983985901,0.5358276963233948,0.6666666666666666,True,0
D4_1,search,128,2,8,it0011,0.5634645819664001,0.4489699602127075,0.17391304347826086,False,1
D4_1,search,128,2,8,it0012,0.4859699606895447,0.38546863198280334,0.4482758620689655,False,1
D4_1,search,128,2,8,it0013,0.5373075604438782,0.5215728878974915,0.1111111111111111,False,0
D4_1,search,128,2,8,it0014,0.5394548177719116,0.41356730461120605,0.06666666666666667,False,1
D4_1,search,128,2,8,it0015,0.5088444948196411,0.5673032402992249,0.17647058823529413,False,1
D4_1,search,128,2,8,it0016,0.5567470788955688,0.40427953004837036,0.38235294117647056,False,1
D4_1,search,128,2,8,it0017,0.41087621450424194,0.2905229926109314,0.0,False,1
D4_1,search,128,2,8,it0018,0.39959225058555603,0.3349528908729553,0.029411764705882353,False,0
D4_1,search,128,2,8,it0019,0.6073245406150818,0.5627539157867432,0.10869565217391304,False,1
D4_1,search,128,2,8,it0020,0.418401837348938,0.2175237238407135,0.3076923076923077,False,1
D4_1,search,128,2,8,it0021,0.452006459236145,0.4006798565387726,0.030303030303030304,False,0
D4_1,search,128,2,8,it0022,0.4485928416252136,0.4955251216888428,0.3,False,1
D4_1,search,128,2,8,it0023,0.573245644569397,0.5819629430770874,0.1111111111111111,False,1
D4_1,search,128,2,8,it0024,0.6638327836990356,0.5331889390945435,0.14285714285714285,False,0
D4_1,search,128,2,8,it0025,0.6019341945648193,0.6528921723365784,0.05,False,0
D4_1,search,128,2,8,it0026,0.19552630186080933,0.316980242729187,0.3125,False,0
D4_1,search,128,2,8,it0027,0.7033098936080933,0.6142449975013733,0.0625,False,1
D4_1,search,128,2,8,it0028,0.4507598280906677,0.4514254331588745,0.21428571428571427,False,0
D4_1,search,128,2,8,it0029,0.33359667658805847,0.3864558935165405,0.125,False,1
D4_1,search,128,2,8,it0030,0.6134185791015625,0.45043888688087463,0.12,False,1
D4_1,search,128,2,8,it0031,0.2899686098098755,0.17444632947444916,0.16666666666666666,False,0
D4_1,search,128,2,8,it0032,0.6389486193656921,0.5221105217933655,0.2222222222222222,False,0
D4_1,search,128,2,8,it0033,0.31285595893859863,0.32335424423217773,0.3076923076923077,False,1
D4_1,search,128,2,8,it0034,0.5005353093147278,0.4599681794643402,0.1,False,0
D4_1,search,128,2,8,it0035,0.21197202801704407,0.1951625943183899,0.46153846153846156,False,1
D4_1,search,128,2,8,it0036,0.566202700138092,0.5072307586669922,0.16666666666666666,False,1
D4_1,search,128,2,8,it0037,0.4834291338920593,0.44639989733695984,0.0,False,0
D4_1,search,128,2,8,it0038,0.41528475284576416,0.2952260375022888,0.24324324324324326,False,1
D4_1,search,128,2,8,it0039,0.4213019013404846,0.4617288410663605,0.24390243902439024,False,0
D4_1,search,128,2,8,it0040,0.3468076288700104,0.283570796251297,0.26666666666666666,False,1
D4_1,search,128,2,8,it0041,0.6806251406669617,0.44255566596984863,0.09090909090909091,False,1
D4_1,search,128,2,8,it0042,0.503899097442627,0.4824114143848419,0.4074074074074074,False,1
D4_1,search,128,2,8,it0043,0.2209949642419815,0.20236502587795258,0.2692307692307692,False,1
D4_1,search,128,2,8,it0044,0.523705244064331,0.527384340763092,0.36,False,1
D4_1,search,128,2,8,it0045,0.28214287757873535,0.40092647075653076,0.3,False,0
D4_1,search,128,2,8,it0046,0.3306558430194855,0.2407149076461792,0.0,False,1
D4_1,search,128,2,8,it0047,0.3665434420108795,0.43193793296813965,0.6,False,0
D4_1,search,128,2,8,it0048,0.4388076066970825,0.4849025011062622,0.125,False,1
D4_1,search,128,2,8,it0049,0.3522179126739502,0.4813886284828186,0.36363636363636365,False,0
D4_1,search,128,2,8,it0050,0.2274123877286911,0.17249712347984314,0.4090909090909091,False,1
D4_1,search,128,2,8,it0051,0.15534496307373047,0.3428153395652771,0.10344827586206896,False,1
D4_1,search,128,2,8,it0052,0.3825325667858124,0.42422378063201904,0.0,False,0
D4_1,search,128,2,8,it0053,0.28196069598197937,0.3670598864555359,0.4594594594594595,False,0
D4_1,search,128,2,8,it0054,0.39533859491348267,0.21891285479068756,0.08333333333333333,False,1
D4_1,search,128,2,8,it0055,0.4548631012439728,0.3930268883705139,0.5,False,1
D4_1,search,128,2,8,it0056,0.41076329350471497,0.2884606420993805,0.1,False,1
D4_1,search,128,2,8,it0057,0.5709656476974487,0.5903975367546082,0.3235294117647059,False,0
D4_1,search,128,2,8,it0058,0.31405964493751526,0.34346526861190796,0.4166666666666667,False,1
D4_1,search,128,2,8,it0059,0.5934042930603027,0.5176200866699219,0.25,False,1
D4_1,search,128,2,8,it0060,0.5075565576553345,0.37816110253334045,0.5294117647058824,False,0
D4_1,search,128,2,8,it0061,0.5737909078598022,0.6381644010543823,0.11428571428571428,False,0
D4_1,search,128,2,8,it0062,0.5720029473304749,0.6128602623939514,0.047619047619047616,False,0
D4_1,search,128,2,8,it0063,0.39458003640174866,0.36714786291122437,0.3793103448275862,False,1
D4_1,search,128,2,8,it0064,0.41415512561798096,0.4006783962249756,0.1111111111111111,False,1
D4_1,search,128,2,8,it0065,0.6316989660263062,0.6357490420341492,0.358974358974359,False,0
D4_1,search,128,2,8,it0066,0.37843063473701477,0.42575913667678833,0.2857142857142857,False,1
D4_1,search,128,2,8,it0067,0.3322749733924866,0.21693168580532074,0.2777777777777778,False,0
D4_1,search,128,2,8,it0068,0.6947508454322815,0.5926839709281921,0.02564102564102564,False,1
D4_1,search,128,2,8,it0069,0.2713865637779236,0.2938779294490814,0.22727272727272727,False,0
D4_1,search,128,2,8,it0070,0.39006689190864563,0.3822508454322815,0.2,False,1
D4_1,search,128,2,8,it0071,0.5371065735816956,0.5150637030601501,0.32142857142857145,False,0
D4_1,search,128,2,8,it0072,0.4977529048919678,0.49566709995269775,0.13636363636363635,False,0
D4_1,search,128,2,8,it0073,0.22024458646774292,0.3049704432487488,0.3448275862068966,False,1
D4_1,search,128,2,8,it0074,0.25468122959136963,0.24516044557094574,0.4666666666666667,False,1
D4_1,search,128,2,8,it0075,0.2900979518890381,0.43090805411338806,0.08695652173913043,False,0
D4_1,search,128,2,8,it0076,0.6001611351966858,0.285693883895874,0.17391304347826086,False,0
D4_1,search,128,2,8,it0077,0.43332403898239136,0.6261306405067444,0.25,False,0
D4_1,search,128,2,8,it0078,0.4108105003833771,0.39855557680130005,0.047619047619047616,False,1
D4_1,search,128,2,8,it0079,0.6432234048843384,0.6214581727981567,0.125,False,0
D4_1,search,128,2,8,it0080,0.42956268787384033,0.2799198031425476,0.2926829268292683,False,1
D4_1,search,128,2,8,it0081,0.5430072546005249,0.5258216857910156,0.07142857142857142,False,0
D4_1,search,128,2,8,it0082,0.4381035268306732,0.44466421008110046,0.11764705882352941,False,0
D4_1,search,128,2,8,it0083,0.5015025734901428,0.3906877338886261,0.0,False,1
D4_1,search,128,2,8,it0084,0.5745238065719604,0.4575558006763458,0.28888888888888886,False,1
D4_1,search,128,2,8,it0085,0.49613144993782043,0.5010200142860413,0.14285714285714285,False,1
D4_1,search,128,2,8,it0086,0.6041443943977356,0.5171566009521484,0.5882352941176471,False,0
D4_1,search,128,2,8,it0087,0.6010227799415588,0.6940180063247681,0.25,False,0
D4_1,search,128,2,8,it0088,0.4711855351924896,0.41710224747657776,0.09523809523809523,False,1
D4_1,search,128,2,8,it0089,0.45354485511779785,0.3710695803165436,0.0,False,0
D4_1,search,128,2,8,it0090,0.574444591999054,0.6205159425735474,0.11764705882352941,False,1
D4_1,search,128,2,8,it0091,0.5119468569755554,0.5291395783424377,0.16129032258064516,False,0
D4_1,search,128,2,8,it0092,0.3916853666305542,0.3537580072879791,0.05714285714285714,False,0
D4_1,search,128,2,8,it0093,0.5278358459472656,0.4718160629272461,0.10526315789473684,False,0
D4_1,search,128,2,8,it0094,0.40028637647628784,0.5169199109077454,0.0,False,0
D4_1,search,128,2,8,it0095,0.49469566345214844,0.5593855381011963,0.23809523809523808,False,1
D4_1,search,128,2,8,it0096,0.5907745957374573,0.39879855513572693,0.18181818181818182,False,1
D4_1,search,128,2,8,it0097,0.6000607013702393,0.646801769733429,0.0,False,0
D4_1,search,128,2,8,it0098,0.43540695309638977,0.4344310462474823,0.37037037037037035,False,0
D4_1,search,128,2,8,it0099,0.2670971155166626,0.23598496615886688,0.0,False,1
D4_1,search,128,2,8,it0100,0.660643458366394,0.6237232685089111,0.15384615384615385,False,0
D4_1,search,128,2,8,it0101,0.414847195148468,0.38044872879981995,0.13157894736842105,False,1
D4_1,search,128,2,8,it0102,0.40673917531967163,0.45918476581573486,0.38461538461538464,False,0
D4_1,search,128,2,8,it0103,0.49233612418174744,0.4609522819519043,0.2727272727272727,False,0
D4_1,search,128,2,8,it0104,0.3488006591796875,0.46934911608695984,0.2916666666666667,False,1
D4_1,search,128,2,8,it0105,0.47383397817611694,0.6286675333976746,0.3142857142857143,False,0
D4_1,search,128,2,8,it0106,0.3391497731208801,0.5031078457832336,0.0,False,1
D4_1,search,128,2,8,it0107,0.6644216775894165,0.4974144697189331,0.17391304347826086,False,1
D4_1,search,128,2,8,it0108,0.40764522552490234,0.32349440455436707,0.0,False,1
D4_1,search,128,2,8,it0109,0.38941094279289246,0.36888623237609863,0.3684210526315789,False,1
D4_1,search,128,2,8,it0110,0.23189160227775574,0.3012947738170624,0.5333333333333333,False,0
D4_1,search,128,2,8,it0111,0.3743917644023895,0.320747435092926,0.3939393939393939,False,0
D4_1,search,128,2,8,it0112,0.708317756652832,0.5774346590042114,0.18181818181818182,False,0
D4_1,search,128,2,8,it0113,0.5285463333129883,0.45005330443382263,0.13636363636363635,False,0
D4_1,search,128,2,8,it0114,0.4170188307762146,0.33056217432022095,0.7222222222222222,False,0
D4_1,search,128,2,8,it0115,0.3147922158241272,0.2102893739938736,0.0,False,0
D4_1,search,128,2,8,it0116,0.5204169750213623,0.4462089240550995,0.7058823529411765,False,1
D4_1,search,128,2,8,it0117,0.44118669629096985,0.5752949714660645,0.08823529411764706,False,1
D4_1,search,128,2,8,it0118,0.6175066232681274,0.6194859147071838,0.34615384615384615,False,1
D4_1,search,128,2,8,it0119,0.5661785006523132,0.5891801118850708,0.21428571428571427,False,0
D4_1,search,128,2,8,it0120,0.65141761302948,0.6142778992652893,0.0,False,1
D4_1,search,128,2,8,it0121,0.6233717203140259,0.49618470668792725,0.2,False,0
D4_1,search,128,2,8,it0122,0.22121994197368622,0.2938305735588074,0.4090909090909091,False,1
D4_1,search,128,2,8,it0123,0.16135218739509583,0.22720660269260406,0.23529411764705882,False,1
D4_1,search,128,2,8,it0124,0.5719942450523376,0.39246565103530884,0.6363636363636364,False,1
D4_1,search,128,2,8,it0125,0.5082039833068848,0.38294845819473267,0.15384615384615385,False,1
D4_1,search,128,2,8,it0126,0.4699176251888275,0.3359185457229614,0.0,False,1
D4_1,search,128,2,8,it0127,0.29602596163749695,0.364414244890213,0.11764705882352941,False,0
D4_1,search,128,2,8,it0128,0.3539721965789795,0.3224141299724579,0.15,False,1
D4_1,search,128,2,8,it0129,0.3896314799785614,0.4273119568824768,0.11764705882352941,False,1
D4_1,search,128,2,8,it0130,0.26475515961647034,0.3023121953010559,0.2,False,1
D4_1,search,128,2,8,it0131,0.4238589406013489,0.5181830525398254,0.3870967741935484,False,1
D4_1,search,128,2,8,it0132,0.3768136501312256,0.2631114423274994,0.0,False,0
D4_1,search,128,2,8,it0133,0.549312949180603,0.577261745929718,0.03571428571428571,False,1
D4_1,search,128,2,8,it0134,0.4484797418117523,0.30266687273979187,0.05263157894736842,False,1
D4_1,search,128,2,8,it0135,0.45596766471862793,0.40247640013694763,0.23076923076923078,False,0
D4_1,search,128,2,8,it0136,0.4366818964481354,0.5332655310630798,0.05,False,0
D4_1,search,128,2,8,it0137,0.49672842025756836,0.27842044830322266,0.5,False,1
D4_1,search,128,2,8,it0138,0.5026502013206482,0.6185569167137146,0.3333333333333333,False,0
D4_1,search,128,2,8,it0139,0.48297250270843506,0.417990505695343,0.1111111111111111,False,0
D4_1,search,128,2,8,it0140,0.5372233986854553,0.3177121877670288,0.2916666666666667,False,1
D4_1,search,128,2,8,it0141,0.6440931558609009,0.6577728390693665,0.43333333333333335,False,0
D4_1,search,128,2,8,it0142,0.22547991573810577,0.27054816484451294,0.4,False,1
D4_1,search,128,2,8,it0143,0.34643930196762085,0.45994165539741516,0.0,False,0
D4_1,search,128,2,8,it0144,0.5742112398147583,0.34289470314979553,0.03571428571428571,False,0
D4_1,search,128,2,8,it0145,0.5850148797035217,0.6357739567756653,0.175,False,0
D4_1,search,128,2,8,it0146,0.5316488146781921,0.5331215858459473,0.0,False,1
D4_1,search,128,2,8,it0147,0.35658079385757446,0.42851072549819946,0.13043478260869565,False,0
D4_1,search,128,2,8,it0148,0.17563961446285248,0.17999213933944702,0.14285714285714285,False,0
D4_1,search,128,2,8,it0149,0.5398621559143066,0.4507084786891937,0.14285714285714285,False,0
D4_1,search,128,2,8,it0150,0.4616725742816925,0.3902384042739868,0.07692307692307693,False,1
D4_1,search,128,2,8,it0151,0.558234453201294,0.4836791157722473,0.058823529411764705,False,1
D4_1,search,128,2,8,it0152,0.5477766990661621,0.44432395696640015,0.0,False,1
D4_1,search,128,2,8,it0153,0.3713858127593994,0.4179043173789978,0.30952380952380953,False,1
D4_1,search,128,2,8,it0154,0.36137688159942627,0.18779976665973663,0.0,False,1
D4_1,search,128,2,8,it0155,0.24905242025852203,0.4048510193824768,0.0,False,1
D4_1,search,128,2,8,it0156,0.1813163161277771,0.14948146045207977,0.19047619047619047,False,1
D4_1,search,128,2,8,it0157,0.5287033319473267,0.49928557872772217,0.06976744186046512,False,0
D4_1,search,128,2,8,it0158,0.2947556674480438,0.2939559519290924,0.10526315789473684,False,0
D4_1,search,128,2,8,it0159,0.432162880897522,0.34117576479911804,0.5,False,1
D4_1,search,128,2,8,it0160,0.5684483051300049,0.5572377443313599,0.03225806451612903,False,0
D4_1,search,128,2,8,it0161,0.40438613295555115,0.37804529070854187,0.10344827586206896,False,1
D4_1,search,128,2,8,it0162,0.17158067226409912,0.32448911666870117,0.1111111111111111,False,0
D4_1,search,128,2,8,it0163,0.4669133424758911,0.4155636727809906,0.0,False,0
D4_1,search,128,2,8,it0164,0.42040377855300903,0.3173536956310272,0.0967741935483871,False,0
D4_1,search,128,2,8,it0165,0.49382859468460083,0.3529229164123535,0.030303030303030304,False,0
D4_1,search,128,2,8,it0166,0.5549885630607605,0.301500529050827,0.4166666666666667,False,0
D4_1,search,128,2,8,it0167,0.46855729818344116,0.4621250629425049,0.47368421052631576,False,1
D4_1,search,128,2,8,it0168,0.41957998275756836,0.3784557580947876,0.0,False,1
D4_1,search,128,2,8,it0169,0.43995729088783264,0.49312788248062134,0.1,False,1
D4_1,search,128,2,8,it0170,0.43381357192993164,0.3841974139213562,0.35294117647058826,False,1
D4_1,search,128,2,8,it0171,0.6531122326850891,0.5619240999221802,0.14285714285714285,False,1
D4_1,search,128,2,8,it0172,0.2815038561820984,0.39617395401000977,0.0,False,1
D4_1,search,128,2,8,it0173,0.7064058184623718,0.6666040420532227,0.03333333333333333,False,1
D4_1,search,128,2,8,it0174,0.5470349788665771,0.44657832384109497,0.0,False,1
D4_1,search,128,2,8,it0175,0.0446275919675827,0.17738163471221924,0.06666666666666667,False,0
D4_1,search,128,2,8,it0176,0.2627616226673126,0.370514452457428,0.2222222222222222,False,1
D4_1,search,128,2,8,it0177,0.40075427293777466,0.423334538936615,0.15789473684210525,False,0
D4_1,search,128,2,8,it0178,0.257049560546875,0.28556615114212036,0.47058823529411764,False,0
D4_1,search,128,2,8,it0179,0.6337766051292419,0.6281222105026245,0.12903225806451613,False,0
D4_1,search,128,2,8,it0180,0.44698381423950195,0.4346737563610077,0.0,False,1
D4_1,search,128,2,8,it0181,0.5747727751731873,0.5917025208473206,0.0975609756097561,False,0
D4_1,search,128,2,8,it0182,0.5944412350654602,0.5551478862762451,0.04,False,0
D4_1,search,128,2,8,it0183,0.6147730946540833,0.5298416018486023,0.16,False,0
D4_1,search,128,2,8,it0184,0.338919997215271,0.2074667364358902,0.26666666666666666,False,0
D4_1,search,128,2,8,it0185,0.4579155147075653,0.49348899722099304,0.3225806451612903,False,1
D4_1,search,128,2,8,it0186,0.4409036636352539,0.4014500379562378,0.25,False,1
D4_1,search,128,2,8,it0187,0.4981319308280945,0.3667144775390625,0.0,False,0
D4_1,search,128,2,8,it0188,0.5268881320953369,0.4918529987335205,0.0,False,0
D4_1,search,128,2,8,it0189,0.38181424140930176,0.3553294539451599,0.15,False,1
D4_1,search,128,2,8,it0190,0.5907971262931824,0.5754435062408447,0.0625,False,0
D4_1,search,128,2,8,it0191,0.4320918619632721,0.3143036365509033,0.08,False,1
D4_1,search,128,2,8,it0192,0.5680397152900696,0.5976804494857788,0.037037037037037035,False,0
D4_1,search,128,2,8,it0193,0.32648488879203796,0.18311738967895508,0.5,False,1
D4_1,search,128,2,8,it0194,0.6700605154037476,0.5749596357345581,0.0,False,0
D4_1,search,128,2,8,it0195,0.5944422483444214,0.5437897443771362,0.11538461538461539,False,0
D4_1,search,128,2,8,it0196,0.5463938117027283,0.39241960644721985,0.35714285714285715,False,0
D4_1,search,128,2,8,it0197,0.4491870403289795,0.37055400013923645,0.2727272727272727,False,0
D4_1,search,128,2,8,it0198,0.14638939499855042,0.184745654463768,0.0625,False,0
D4_1,search,128,2,8,it0199,0.3791707754135132,0.42021676898002625,0.0,False,0
D4_1,search,256,4,8,it0000,0.6620907783508301,0.5671182870864868,0.17391304347826086,False,2
D4_1,search,256,4,8,it0001,0.5060663223266602,0.30755090713500977,0.7777777777777778,False,3
D4_1,search,256,4,8,it0002,0.30760473012924194,0.28950047492980957,0.26666666666666666,False,2
D4_1,search,256,4,8,it0003,0.4342948794364929,0.3189662992954254,0.26666666666666666,False,0
D4_1,search,256,4,8,it0004,0.4939208924770355,0.41768836975097656,0.4375,False,0
D4_1,search,256,4,8,it0005,0.5612042546272278,0.502204179763794,0.07407407407407407,False,1
D4_1,search,256,4,8,it0006,0.35090598464012146,0.39577579498291016,0.05555555555555555,False,2
D4_1,search,256,4,8,it0007,0.4191526174545288,0.4671030640602112,0.1590909090909091,False,0
D4_1,search,256,4,8,it0008,0.41932281851768494,0.2934678792953491,0.42857142857142855,False,3
D4_1,search,256,4,8,it0009,0.5953875184059143,0.5988398790359497,0.037037037037037035,False,2
D4_1,search,256,4,8,it0010,0.6006243228912354,0.6317936182022095,0.1111111111111111,False,3
D4_1,search,256,4,8,it0011,0.5634645819664001,0.4489699602127075,0.17391304347826086,False,1
D4_1,search,256,4,8,it0012,0.4859699606895447,0.38546863198280334,0.4482758620689655,False,1
D4_1,search,256,4,8,it0013,0.6527264714241028,0.6386153697967529,0.07407407407407407,False,2
D4_1,search,256,4,8,it0014,0.5394548177719116,0.41356730461120605,0.06666666666666667,False,1
D4_1,search,256,4,8,it0015,0.5088444948196411,0.5673032402992249,0.17647058823529413,False,1
D4_1,search,256,4,8,it0016,0.5804170370101929,0.5375551581382751,0.11764705882352941,False,3
D4_1,search,256,4,8,it0017,0.5159968137741089,0.3874208331108093,0.2,False,3
D4_1,search,256,4,8,it0018,0.39959225058555603,0.3349528908729553,0.029411764705882353,False,0
D4_1,search,256,4,8,it0019,0.6073245406150818,0.5627539157867432,0.10869565217391304,False,1
D4_1,search,256,4,8,it0020,0.3818856179714203,0.2522347867488861,0.3076923076923077,False,2
D4_1,search,256,4,8,it0021,0.39671745896339417,0.4361867308616638,0.3333333333333333,False,3
D4_1,search,256,4,8,it0022,0.4485928416252136,0.4955251216888428,0.3,False,1
D4_1,search,256,4,8,it0023,0.573245644569397,0.5819629430770874,0.1111111111111111,False,1
D4_1,search,256,4,8,it0024,0.6638327836990356,0.5331889390945435,0.14285714285714285,False,0
D4_1,search,256,4,8,it0025,0.6019341945648193,0.6528921723365784,0.05,False,0
D4_1,search,256,4,8,it0026,0.19552630186080933,0.316980242729187,0.3125,False,0
D4_1,search,256,4,8,it0027,0.6861778497695923,0.6164575815200806,0.0,False,2
D4_1,search,256,4,8,it0028,0.48958516120910645,0.5325527191162109,0.047619047619047616,False,3
D4_1,search,256,4,8,it0029,0.3702999949455261,0.5342596769332886,0.1875,False,3
D4_1,search,256,4,8,it0030,0.6134185791015625,0.45043888688087463,0.12,False,1
D4_1,search,256,4,8,it0031,0.32349950075149536,0.2829136550426483,0.5555555555555556,False,3
D4_1,search,256,4,8,it0032,0.6765835285186768,0.6224532127380371,0.1111111111111111,False,2
D4_1,search,256,4,8,it0033,0.31285595893859863,0.32335424423217773,0.3076923076923077,False,1
D4_1,search,256,4,8,it0034,0.5005353093147278,0.4599681794643402,0.1,False,0
D4_1,search,256,4,8,it0035,0.28213581442832947,0.2368679940700531,0.8461538461538461,False,2
D4_1,search,256,4,8,it0036,0.6093683838844299,0.523242712020874,0.2222222222222222,False,2
D4_1,search,256,4,8,it0037,0.5277564525604248,0.45866429805755615,0.0,False,3
D4_1,search,256,4,8,it0038,0.41528475284576416,0.2952260375022888,0.24324324324324326,False,1
D4_1,search,256,4,8,it0039,0.472342312335968,0.4636004567146301,0.2926829268292683,False,3
D4_1,search,256,4,8,it0040,0.3468076288700104,0.283570796251297,0.26666666666666666,False,1
D4_1,search,256,4,8,it0041,0.6806251406669617,0.44255566596984863,0.09090909090909091,False,1
D4_1,search,256,4,8,it0042,0.503899097442627,0.4824114143848419,0.4074074074074074,False,1
D4_1,search,256,4,8,it0043,0.3016160726547241,0.3131324052810669,0.11538461538461539,False,3
D4_1,search,256,4,8,it0044,0.523705244064331,0.527384340763092,0.36,False,1
D4_1,search,256,4,8,it0045,0.20140868425369263,0.40396392345428467,0.43333333333333335,False,3
D4_1,search,256,4,8,it0046,0.26184898614883423,0.29322609305381775,0.0,False,2
D4_1,search,256,4,8,it0047,0.3665434420108795,0.43193793296813965,0.6,False,0
D4_1,search,256,4,8,it0048,0.5569092631340027,0.524017333984375,0.3125,False,2
D4_1,search,256,4,8,it0049,0.5535315871238708,0.5956957340240479,0.3181818181818182,False,2
D4_1,search,256,4,8,it0050,0.2274123877286911,0.17249712347984314,0.4090909090909091,False,1
D4_1,search,256,4,8,it0051,0.25045645236968994,0.41397276520729065,0.3448275862068966,False,3
D4_1,search,256,4,8,it0052,0.3625420928001404,0.44041556119918823,0.0,False,3
D4_1,search,256,4,8,it0053,0.3733673095703125,0.38481414318084717,0.24324324324324326,False,3
D4_1,search,256,4,8,it0054,0.39533859491348267,0.21891285479068756,0.08333333333333333,False,1
D4_1,search,256,4,8,it0055,0.45569565892219543,0.42972511053085327,0.19230769230769232,False,2
D4_1,search,256,4,8,it0056,0.3684096932411194,0.32736095786094666,0.25,False,3
D4_1,search,256,4,8,it0057,0.5709656476974487,0.5903975367546082,0.3235294117647059,False,0
D4_1,search,256,4,8,it0058,0.47315824031829834,0.3908750116825104,0.3333333333333333,False,2
D4_1,search,256,4,8,it0059,0.5595993995666504,0.562946617603302,0.14285714285714285,False,3
D4_1,search,256,4,8,it0060,0.5038684010505676,0.3896098732948303,0.058823529411764705,False,2
D4_1,search,256,4,8,it0061,0.5737909078598022,0.6381644010543823,0.11428571428571428,False,0
D4_1,search,256,4,8,it0062,0.6896604299545288,0.612887978553772,0.047619047619047616,False,2
D4_1,search,256,4,8,it0063,0.4588918685913086,0.38426801562309265,0.3103448275862069,False,2
D4_1,search,256,4,8,it0064,0.41415512561798096,0.4006783962249756,0.1111111111111111,False,1
D4_1,search,256,4,8,it0065,0.6316989660263062,0.6357490420341492,0.358974358974359,False,0
D4_1,search,256,4,8,it0066,0.37843063473701477,0.42575913667678833,0.2857142857142857,False,1
D4_1,search,256,4,8,it0067,0.4659988284111023,0.34194573760032654,0.05555555555555555,False,3
D4_1,search,256,4,8,it0068,0.6947508454322815,0.5926839709281921,0.02564102564102564,False,1
D4_1,search,256,4,8,it0069,0.4443241357803345,0.3585670590400696,0.13636363636363635,False,2
D4_1,search,256,4,8,it0070,0.3832961618900299,0.49777209758758545,0.0,False,2
D4_1,search,256,4,8,it0071,0.5371065735816956,0.5150637030601501,0.32142857142857145,False,0
D4_1,search,256,4,8,it0072,0.4977529048919678,0.49566709995269775,0.13636363636363635,False,0
D4_1,search,256,4,8,it0073,0.22024458646774292,0.3049704432487488,0.3448275862068966,False,1
D4_1,search,256,4,8,it0074,0.25468122959136963,0.24516044557094574,0.4666666666666667,False,1
D4_1,search,256,4,8,it0075,0.2900979518890381,0.43090805411338806,0.08695652173913043,False,0
D4_1,search,256,4,8,it0076,0.6001611351966858,0.285693883895874,0.17391304347826086,False,0
D4_1,search,256,4,8,it0077,0.43332403898239136,0.6261306405067444,0.25,False,0
D4_1,search,256,4,8,it0078,0.4108105003833771,0.39855557680130005,0.047619047619047616,False,1
D4_1,search,256,4,8,it0079,0.6618515253067017,0.6311768293380737,0.0,False,2
D4_1,search,256,4,8,it0080,0.42956268787384033,0.2799198031425476,0.2926829268292683,False,1
D4_1,search,256,4,8,it0081,0.5430072546005249,0.5258216857910156,0.07142857142857142,False,0
D4_1,search,256,4,8,it0082,0.41430842876434326,0.472039133310318,0.11764705882352941,False,2
D4_1,search,256,4,8,it0083,0.48972564935684204,0.39733773469924927,0.029411764705882353,False,3
D4_1,search,256,4,8,it0084,0.646416425704956,0.458751380443573,0.022222222222222223,False,3
D4_1,search,256,4,8,it0085,0.49613144993782043,0.5010200142860413,0.14285714285714285,False,1
D4_1,search,256,4,8,it0086,0.6506057381629944,0.536675214767456,0.8235294117647058,False,3
D4_1,search,256,4,8,it0087,0.6010227799415588,0.6940180063247681,0.25,False,0
D4_1,search,256,4,8,it0088,0.38630759716033936,0.44986385107040405,0.3333333333333333,False,2
D4_1,search,256,4,8,it0089,0.45354485511779785,0.3710695803165436,0.0,False,0
D4_1,search,256,4,8,it0090,0.6681340932846069,0.6434179544448853,0.11764705882352941,False,3
D4_1,search,256,4,8,it0091,0.5478734970092773,0.6037396192550659,0.25806451612903225,False,3
D4_1,search,256,4,8,it0092,0.3916853666305542,0.3537580072879791,0.05714285714285714,False,0
D4_1,search,256,4,8,it0093,0.5278358459472656,0.4718160629272461,0.10526315789473684,False,0
D4_1,search,256,4,8,it0094,0.40028637647628784,0.5169199109077454,0.0,False,0
D4_1,search,256,4,8,it0095,0.49469566345214844,0.5593855381011963,0.23809523809523808,False,1
D4_1,search,256,4,8,it0096,0.5907745957374573,0.39879855513572693,0.18181818181818182,False,1
D4_1,search,256,4,8,it0097,0.6000607013702393,0.646801769733429,0.0,False,0
D4_1,search,256,4,8,it0098,0.623811662197113,0.44924914836883545,0.25925925925925924,False,3
D4_1,search,256,4,8,it0099,0.2759062349796295,0.2433663010597229,0.0,False,3
D4_1,search,256,4,8,it0100,0.6244872212409973,0.6310802698135376,0.0,False,2
D4_1,search,256,4,8,it0101,0.39484620094299316,0.46220704913139343,0.21052631578947367,False,2
D4_1,search,256,4,8,it0102,0.40673917531967163,0.45918476581573486,0.38461538461538464,False,0
D4_1,search,256,4,8,it0103,0.49233612418174744,0.4609522819519043,0.2727272727272727,False,0
D4_1,search,256,4,8,it0104,0.5522360801696777,0.5503562092781067,0.0,False,3
D4_1,search,256,4,8,it0105,0.47383397817611694,0.6286675333976746,0.3142857142857143,False,0
D4_1,search,256,4,8,it0106,0.3391497731208801,0.5031078457832336,0.0,False,1
D4_1,search,256,4,8,it0107,0.6644216775894165,0.4974144697189331,0.17391304347826086,False,1
D4_1,search,256,4,8,it0108,0.4673008918762207,0.328263521194458,0.25,False,2
D4_1,search,256,4,8,it0109,0.45671993494033813,0.43829602003097534,0.15789473684210525,False,2
D4_1,search,256,4,8,it0110,0.2323857694864273,0.38006484508514404,0.26666666666666666,False,2
D4_1,search,256,4,8,it0111,0.3743917644023895,0.320747435092926,0.3939393939393939,False,0
D4_1,search,256,4,8,it0112,0.708317756652832,0.5774346590042114,0.18181818181818182,False,0
D4_1,search,256,4,8,it0113,0.5618482232093811,0.49004411697387695,0.3181818181818182,False,3
D4_1,search,256,4,8,it0114,0.27117496728897095,0.3602844476699829,0.7222222222222222,False,2
D4_1,search,256,4,8,it0115,0.4158999025821686,0.25437384843826294,0.0,False,3
D4_1,search,256,4,8,it0116,0.5204169750213623,0.4462089240550995,0.7058823529411765,False,1
D4_1,search,256,4,8,it0117,0.44118669629096985,0.5752949714660645,0.08823529411764706,False,1
D4_1,search,256,4,8,it0118,0.6175066232681274,0.6194859147071838,0.34615384615384615,False,1
D4_1,search,256,4,8,it0119,0.5661785006523132,0.5891801118850708,0.21428571428571427,False,0
D4_1,search,256,4,8,it0120,0.65141761302948,0.6142778992652893,0.0,False,1
D4_1,search,256,4,8,it0121,0.6233717203140259,0.49618470668792725,0.2,False,0
D4_1,search,256,4,8,it0122,0.316947877407074,0.32742777466773987,0.5454545454545454,False,2
D4_1,search,256,4,8,it0123,0.3539506793022156,0.5015561580657959,0.058823529411764705,False,3
D4_1,search,256,4,8,it0124,0.5431573390960693,0.40004730224609375,0.24242424242424243,False,3
D4_1,search,256,4,8,it0125,0.45622479915618896,0.40266159176826477,0.10256410256410256,False,2
D4_1,search,256,4,8,it0126,0.5080508589744568,0.4456435739994049,0.125,False,3
D4_1,search,256,4,8,it0127,0.4291332960128784,0.42343056201934814,0.058823529411764705,False,3
D4_1,search,256,4,8,it0128,0.3332180082798004,0.38983508944511414,0.25,False,2
D4_1,search,256,4,8,it0129,0.3896314799785614,0.4273119568824768,0.11764705882352941,False,1
D4_1,search,256,4,8,it0130,0.3602100908756256,0.4115561544895172,0.0,False,2
D4_1,search,256,4,8,it0131,0.4238589406013489,0.5181830525398254,0.3870967741935484,False,1
D4_1,search,256,4,8,it0132,0.2553562819957733,0.2746332585811615,0.21428571428571427,False,2
D4_1,search,256,4,8,it0133,0.549312949180603,0.577261745929718,0.03571428571428571,False,1
D4_1,search,256,4,8,it0134,0.4484797418117523,0.30266687273979187,0.05263157894736842,False,1
D4_1,search,256,4,8,it0135,0.47222790122032166,0.4285036325454712,0.07692307692307693,False,3
D4_1,search,256,4,8,it0136,0.4366818964481354,0.5332655310630798,0.05,False,0
D4_1,search,256,4,8,it0137,0.49672842025756836,0.27842044830322266,0.5,False,1
D4_1,search,256,4,8,it0138,0.5681191086769104,0.6872131824493408,0.4444444444444444,False,2
D4_1,search,256,4,8,it0139,0.5060646533966064,0.4776180684566498,0.05555555555555555,False,2
D4_1,search,256,4,8,it0140,0.47425562143325806,0.46775346994400024,0.08333333333333333,False,2
D4_1,search,256,4,8,it0141,0.6345508694648743,0.668838381767273,0.16666666666666666,False,3
D4_1,search,256,4,8,it0142,0.31661728024482727,0.3107507526874542,0.28,False,2
D4_1,search,256,4,8,it0143,0.34643930196762085,0.45994165539741516,0.0,False,0
D4_1,search,256,4,8,it0144,0.6292375326156616,0.47259199619293213,0.10714285714285714,False,2
D4_1,search,256,4,8,it0145,0.5850148797035217,0.6357739567756653,0.175,False,0
D4_1,search,256,4,8,it0146,0.5316488146781921,0.5331215858459473,0.0,False,1
D4_1,search,256,4,8,it0147,0.35658079385757446,0.42851072549819946,0.13043478260869565,False,0
D4_1,search,256,4,8,it0148,0.17563961446285248,0.17999213933944702,0.14285714285714285,False,0
D4_1,search,256,4,8,it0149,0.5398621559143066,0.4507084786891937,0.14285714285714285,False,0
D4_1,search,256,4,8,it0150,0.4616725742816925,0.3902384042739868,0.07692307692307693,False,1
D4_1,search,256,4,8,it0151,0.558234453201294,0.4836791157722473,0.058823529411764705,False,1
D4_1,search,256,4,8,it0152,0.5477766990661621,0.44432395696640015,0.0,False,1
D4_1,search,256,4,8,it0153,0.3713858127593994,0.4179043173789978,0.30952380952380953,False,1
D4_1,search,256,4,8,it0154,0.39579856395721436,0.20842917263507843,0.21052631578947367,False,2
D4_1,search,256,4,8,it0155,0.24905242025852203,0.4048510193824768,0.0,False,1
D4_1,search,256,4,8,it0156,0.4340493083000183,0.28553205728530884,0.19047619047619047,False,3
D4_1,search,256,4,8,it0157,0.5700393915176392,0.5285922884941101,0.0,False,3
D4_1,search,256,4,8,it0158,0.2265026718378067,0.3321582078933716,0.15789473684210525,False,3
D4_1,search,256,4,8,it0159,0.432162880897522,0.34117576479911804,0.5,False,1
D4_1,search,256,4,8,it0160,0.5684483051300049,0.5572377443313599,0.03225806451612903,False,0
D4_1,search,256,4,8,it0161,0.40438613295555115,0.37804529070854187,0.10344827586206896,False,1
D4_1,search,256,4,8,it0162,0.17158067226409912,0.32448911666870117,0.1111111111111111,False,0
D4_1,search,256,4,8,it0163,0.5985143184661865,0.6045407056808472,0.29411764705882354,False,3
D4_1,search,256,4,8,it0164,0.42040377855300903,0.3173536956310272,0.0967741935483871,False,0
D4_1,search,256,4,8,it0165,0.49382859468460083,0.3529229164123535,0.030303030303030304,False,0
D4_1,search,256,4,8,it0166,0.608843982219696,0.3800995945930481,0.08333333333333333,False,3
D4_1,search,256,4,8,it0167,0.46855729818344116,0.4621250629425049,0.47368421052631576,False,1
D4_1,search,256,4,8,it0168,0.3724159300327301,0.37862110137939453,0.2,False,3
D4_1,search,256,4,8,it0169,0.43995729088783264,0.49312788248062134,0.1,False,1
D4_1,search,256,4,8,it0170,0.4216829836368561,0.44156402349472046,0.058823529411764705,False,3
D4_1,search,256,4,8,it0171,0.6531122326850891,0.5619240999221802,0.14285714285714285,False,1
D4_1,search,256,4,8,it0172,0.33709636330604553,0.4239419102668762,0.12,False,2
D4_1,search,256,4,8,it0173,0.7064058184623718,0.6666040420532227,0.03333333333333333,False,1
D4_1,search,256,4,8,it0174,0.5470349788665771,0.44657832384109497,0.0,False,1
D4_1,search,256,4,8,it0175,0.09233517199754715,0.1788058578968048,0.0,False,2
D4_1,search,256,4,8,it0176,0.2627616226673126,0.370514452457428,0.2222222222222222,False,1
D4_1,search,256,4,8,it0177,0.40075427293777466,0.423334538936615,0.15789473684210525,False,0
D4_1,search,256,4,8,it0178,0.257049560546875,0.28556615114212036,0.47058823529411764,False,0
D4_1,search,256,4,8,it0179,0.6221837401390076,0.6356709003448486,0.25806451612903225,False,3
D4_1,search,256,4,8,it0180,0.4190162122249603,0.48174649477005005,0.07142857142857142,False,2
D4_1,search,256,4,8,it0181,0.5747727751731873,0.5917025208473206,0.0975609756097561,False,0
D4_1,search,256,4,8,it0182,0.5944412350654602,0.5551478862762451,0.04,False,0
D4_1,search,256,4,8,it0183,0.6147730946540833,0.5298416018486023,0.16,False,0
D4_1,search,256,4,8,it0184,0.32514286041259766,0.3134540915489197,0.5333333333333333,False,2
D4_1,search,256,4,8,it0185,0.5067411661148071,0.5042523741722107,0.22580645161290322,False,2
D4_1,search,256,4,8,it0186,0.4668155908584595,0.4789733588695526,0.20833333333333334,False,2
D4_1,search,256,4,8,it0187,0.4981319308280945,0.3667144775390625,0.0,False,0
D4_1,search,256,4,8,it0188,0.6303688883781433,0.5628021955490112,0.4444444444444444,False,2
D4_1,search,256,4,8,it0189,0.38181424140930176,0.3553294539451599,0.15,False,1
D4_1,search,256,4,8,it0190,0.5907971262931824,0.5754435062408447,0.0625,False,0
D4_1,search,256,4,8,it0191,0.5093967318534851,0.42770951986312866,0.04,False,3
D4_1,search,256,4,8,it0192,0.5691478252410889,0.6179997324943542,0.2962962962962963,False,3
D4_1,search,256,4,8,it0193,0.3906320333480835,0.2623536288738251,0.3125,False,2
D4_1,search,256,4,8,it0194,0.6238097548484802,0.6786308884620667,0.047619047619047616,False,2
D4_1,search,256,4,8,it0195,0.5944422483444214,0.5437897443771362,0.11538461538461539,False,0
D4_1,search,256,4,8,it0196,0.5463938117027283,0.39241960644721985,0.35714285714285715,False,0
D4_1,search,256,4,8,it0197,0.41379356384277344,0.3859885632991791,0.2727272727272727,False,3
D4_1,search,256,4,8,it0198,0.14638939499855042,0.184745654463768,0.0625,False,0
D4_1,search,256,4,8,it0199,0.3791707754135132,0.42021676898002625,0.0,False,0
D4_1,search,512,8,8,it0000,0.6620907783508301,0.5671182870864868,0.17391304347826086,False,2
D4_1,search,512,8,8,it0001,0.5060663223266602,0.30755090713500977,0.7777777777777778,False,3
D4_1,search,512,8,8,it0002,0.3210916221141815,0.3215240240097046,0.2,False,4
D4_1,search,512,8,8,it0003,0.4342948794364929,0.3189662992954254,0.26666666666666666,False,0
D4_1,search,512,8,8,it0004,0.4939208924770355,0.41768836975097656,0.4375,False,0
D4_1,search,512,8,8,it0005,0.5309497117996216,0.526240348815918,0.18518518518518517,False,4
D4_1,search,512,8,8,it0006,0.41754284501075745,0.408382385969162,0.2222222222222222,False,6
D4_1,search,512,8,8,it0007,0.4191526174545288,0.4671030640602112,0.1590909090909091,False,0
D4_1,search,512,8,8,it0008,0.3940487205982208,0.31328004598617554,0.3333333333333333,False,6
D4_1,search,512,8,8,it0009,0.5953875184059143,0.5988398790359497,0.037037037037037035,False,2
D4_1,search,512,8,8,it0010,0.6006243228912354,0.6317936182022095,0.1111111111111111,False,3
D4_1,search,512,8,8,it0011,0.5425868630409241,0.4843509793281555,0.043478260869565216,False,6
D4_1,search,512,8,8,it0012,0.4859699606895447,0.38546863198280334,0.4482758620689655,False,1
D4_1,search,512,8,8,it0013,0.6527264714241028,0.6386153697967529,0.07407407407407407,False,2
D4_1,search,512,8,8,it0014,0.4755411148071289,0.43863606452941895,0.0,False,6
D4_1,search,512,8,8,it0015,0.5088444948196411,0.5673032402992249,0.17647058823529413,False,1
D4_1,search,512,8,8,it0016,0.5804170370101929,0.5375551581382751,0.11764705882352941,False,3
D4_1,search,512,8,8,it0017,0.5159968137741089,0.3874208331108093,0.2,False,3
D4_1,search,512,8,8,it0018,0.4399435818195343,0.3742547631263733,0.17647058823529413,False,7
D4_1,search,512,8,8,it0019,0.606940746307373,0.6011171340942383,0.21739130434782608,False,7
D4_1,search,512,8,8,it0020,0.317491739988327,0.348477303981781,0.6153846153846154,False,6
D4_1,search,512,8,8,it0021,0.39671745896339417,0.4361867308616638,0.3333333333333333,False,3
D4_1,search,512,8,8,it0022,0.4485928416252136,0.4955251216888428,0.3,False,1
D4_1,search,512,8,8,it0023,0.5566956400871277,0.5984621047973633,0.5,False,5
D4_1,search,512,8,8,it0024,0.6333757638931274,0.5613932609558105,0.21428571428571427,False,7
D4_1,search,512,8,8,it0025,0.6019341945648193,0.6528921723365784,0.05,False,0
D4_1,search,512,8,8,it0026,0.19552630186080933,0.316980242729187,0.3125,False,0
D4_1,search,512,8,8,it0027,0.6921740770339966,0.6644693613052368,0.125,False,4
D4_1,search,512,8,8,it0028,0.5183135271072388,0.5538987517356873,0.21428571428571427,False,5
D4_1,search,512,8,8,it0029,0.3702999949455261,0.5342596769332886,0.1875,False,3
D4_1,search,512,8,8,it0030,0.6504017114639282,0.5424380898475647,0.12,False,7
D4_1,search,512,8,8,it0031,0.32349950075149536,0.2829136550426483,0.5555555555555556,False,3
D4_1,search,512,8,8,it0032,0.6765835285186768,0.6224532127380371,0.1111111111111111,False,2
D4_1,search,512,8,8,it0033,0.4062454402446747,0.3637208342552185,0.0,False,7
D4_1,search,512,8,8,it0034,0.49679696559906006,0.4666343629360199,0.06666666666666667,False,7
D4_1,search,512,8,8,it0035,0.27870720624923706,0.275582879781723,0.3076923076923077,False,6
D4_1,search,512,8,8,it0036,0.5870018005371094,0.5792096853256226,0.4444444444444444,False,4
D4_1,search,512,8,8,it0037,0.6010697484016418,0.5022531151771545,0.0,False,6
D4_1,search,512,8,8,it0038,0.41528475284576416,0.2952260375022888,0.24324324324324326,False,1
D4_1,search,512,8,8,it0039,0.4540401101112366,0.5047868490219116,0.12195121951219512,False,5
D4_1,search,512,8,8,it0040,0.426357626914978,0.305327832698822,0.4,False,7
D4_1,search,512,8,8,it0041,0.6806251406669617,0.44255566596984863,0.09090909090909091,False,1
D4_1,search,512,8,8,it0042,0.503899097442627,0.4824114143848419,0.4074074074074074,False,1
D4_1,search,512,8,8,it0043,0.2784614562988281,0.3905191421508789,0.11538461538461539,False,5
D4_1,search,512,8,8,it0044,0.5667867660522461,0.620188295841217,0.24,False,4
D4_1,search,512,8,8,it0045,0.23537304997444153,0.42897796630859375,0.0,False,7
D4_1,search,512,8,8,it0046,0.37259429693222046,0.3705076575279236,0.0,False,5
D4_1,search,512,8,8,it0047,0.3665434420108795,0.43193793296813965,0.6,False,0
D4_1,search,512,8,8,it0048,0.5569092631340027,0.524017333984375,0.3125,False,2
D4_1,search,512,8,8,it0049,0.4008888304233551,0.6177002191543579,0.4090909090909091,False,7
D4_1,search,512,8,8,it0050,0.20916502177715302,0.17468741536140442,0.5,False,6
D4_1,search,512,8,8,it0051,0.2041269987821579,0.4158557057380676,0.20689655172413793,False,5
D4_1,search,512,8,8,it0052,0.4945933222770691,0.5226602554321289,0.06666666666666667,False,4
D4_1,search,512,8,8,it0053,0.3733673095703125,0.38481414318084717,0.24324324324324326,False,3
D4_1,search,512,8,8,it0054,0.39533859491348267,0.21891285479068756,0.08333333333333333,False,1
D4_1,search,512,8,8,it0055,0.46817365288734436,0.5023250579833984,0.23076923076923078,False,5
D4_1,search,512,8,8,it0056,0.3684096932411194,0.32736095786094666,0.25,False,3
D4_1,search,512,8,8,it0057,0.5709656476974487,0.5903975367546082,0.3235294117647059,False,0
D4_1,search,512,8,8,it0058,0.3618149757385254,0.39592689275741577,0.25,False,4
D4_1,search,512,8,8,it0059,0.5800511837005615,0.6231538653373718,0.10714285714285714,False,4
D4_1,search,512,8,8,it0060,0.3867151141166687,0.4163018763065338,0.0,False,6
D4_1,search,512,8,8,it0061,0.5737909078598022,0.6381644010543823,0.11428571428571428,False,0
D4_1,search,512,8,8,it0062,0.5823425650596619,0.6214309930801392,0.09523809523809523,False,5
D4_1,search,512,8,8,it0063,0.4588918685913086,0.38426801562309265,0.3103448275862069,False,2
D4_1,search,512,8,8,it0064,0.44267770648002625,0.46764206886291504,0.3888888888888889,False,7
D4_1,search,512,8,8,it0065,0.6838738918304443,0.6506332755088806,0.2564102564102564,False,6
D4_1,search,512,8,8,it0066,0.37843063473701477,0.42575913667678833,0.2857142857142857,False,1
D4_1,search,512,8,8,it0067,0.4659988284111023,0.34194573760032654,0.05555555555555555,False,3
D4_1,search,512,8,8,it0068,0.6922992467880249,0.61542809009552,0.0,False,5
D4_1,search,512,8,8,it0069,0.4359559118747711,0.486473023891449,0.36363636363636365,False,5
D4_1,search,512,8,8,it0070,0.3832961618900299,0.49777209758758545,0.0,False,2
D4_1,search,512,8,8,it0071,0.6092893481254578,0.5464200377464294,0.32142857142857145,False,6
D4_1,search,512,8,8,it0072,0.5177417993545532,0.5629951357841492,0.18181818181818182,False,7
D4_1,search,512,8,8,it0073,0.15953367948532104,0.39153850078582764,0.41379310344827586,False,4
D4_1,search,512,8,8,it0074,0.2868662476539612,0.27634111046791077,0.26666666666666666,False,4
D4_1,search,512,8,8,it0075,0.2900979518890381,0.43090805411338806,0.08695652173913043,False,0
D4_1,search,512,8,8,it0076,0.4963303506374359,0.3743855357170105,0.2608695652173913,False,4
D4_1,search,512,8,8,it0077,0.46410030126571655,0.6723273992538452,0.5,False,5
D4_1,search,512,8,8,it0078,0.4108105003833771,0.39855557680130005,0.047619047619047616,False,1
D4_1,search,512,8,8,it0079,0.6618515253067017,0.6311768293380737,0.0,False,2
D4_1,search,512,8,8,it0080,0.5204103589057922,0.30287301540374756,0.36585365853658536,False,5
D4_1,search,512,8,8,it0081,0.5430072546005249,0.5258216857910156,0.07142857142857142,False,0
D4_1,search,512,8,8,it0082,0.5412255525588989,0.4846140444278717,0.11764705882352941,False,7
D4_1,search,512,8,8,it0083,0.5626639127731323,0.41437846422195435,0.058823529411764705,False,4
D4_1,search,512,8,8,it0084,0.6764981746673584,0.508592963218689,0.06666666666666667,False,5
D4_1,search,512,8,8,it0085,0.49613144993782043,0.5010200142860413,0.14285714285714285,False,1
D4_1,search,512,8,8,it0086,0.5642867684364319,0.5885104537010193,0.7058823529411765,False,7
D4_1,search,512,8,8,it0087,0.44121164083480835,0.7237443327903748,0.4375,False,5
D4_1,search,512,8,8,it0088,0.38630759716033936,0.44986385107040405,0.3333333333333333,False,2
D4_1,search,512,8,8,it0089,0.45354485511779785,0.3710695803165436,0.0,False,0
D4_1,search,512,8,8,it0090,0.6681340932846069,0.6434179544448853,0.11764705882352941,False,3
D4_1,search,512,8,8,it0091,0.5478734970092773,0.6037396192550659,0.25806451612903225,False,3
D4_1,search,512,8,8,it0092,0.5123493671417236,0.4412812888622284,0.11428571428571428,False,4
D4_1,search,512,8,8,it0093,0.5820096731185913,0.47429752349853516,0.15789473684210525,False,7
D4_1,search,512,8,8,it0094,0.40028637647628784,0.5169199109077454,0.0,False,0
D4_1,search,512,8,8,it0095,0.49469566345214844,0.5593855381011963,0.23809523809523808,False,1
D4_1,search,512,8,8,it0096,0.5907745957374573,0.39879855513572693,0.18181818181818182,False,1
D4_1,search,512,8,8,it0097,0.6000607013702393,0.646801769733429,0.0,False,0
D4_1,search,512,8,8,it0098,0.5661590695381165,0.4760053753852844,0.14814814814814814,False,4
D4_1,search,512,8,8,it0099,0.2759062349796295,0.2433663010597229,0.0,False,3
D4_1,search,512,8,8,it0100,0.6255896091461182,0.633129894733429,0.0,False,6
D4_1,search,512,8,8,it0101,0.39484620094299316,0.46220704913139343,0.21052631578947367,False,2
D4_1,search,512,8,8,it0102,0.40673917531967163,0.45918476581573486,0.38461538461538464,False,0
D4_1,search,512,8,8,it0103,0.49233612418174744,0.4609522819519043,0.2727272727272727,False,0
D4_1,search,512,8,8,it0104,0.5522360801696777,0.5503562092781067,0.0,False,3
D4_1,search,512,8,8,it0105,0.47383397817611694,0.6286675333976746,0.3142857142857143,False,0
D4_1,search,512,8,8,it0106,0.3391497731208801,0.5031078457832336,0.0,False,1
D4_1,search,512,8,8,it0107,0.629279375076294,0.4999176859855652,0.30434782608695654,False,4
D4_1,search,512,8,8,it0108,0.4673008918762207,0.328263521194458,0.25,False,2
D4_1,search,512,8,8,it0109,0.45671993494033813,0.43829602003097534,0.15789473684210525,False,2
D4_1,search,512,8,8,it0110,0.30705684423446655,0.526502251625061,0.3333333333333333,False,7
D4_1,search,512,8,8,it0111,0.3743917644023895,0.320747435092926,0.3939393939393939,False,0
D4_1,search,512,8,8,it0112,0.708317756652832,0.5774346590042114,0.18181818181818182,False,0
D4_1,search,512,8,8,it0113,0.5618482232093811,0.49004411697387695,0.3181818181818182,False,3
D4_1,search,512,8,8,it0114,0.45474109053611755,0.5391719937324524,0.3333333333333333,False,4
D4_1,search,512,8,8,it0115,0.3955320715904236,0.3395390808582306,0.0,False,7
D4_1,search,512,8,8,it0116,0.5204169750213623,0.4462089240550995,0.7058823529411765,False,1
D4_1,search,512,8,8,it0117,0.4865707755088806,0.606220543384552,0.029411764705882353,False,4
D4_1,search,512,8,8,it0118,0.6175066232681274,0.6194859147071838,0.34615384615384615,False,1
D4_1,search,512,8,8,it0119,0.5809945464134216,0.672623872756958,0.7857142857142857,False,7
D4_1,search,512,8,8,it0120,0.65141761302948,0.6142778992652893,0.0,False,1
D4_1,search,512,8,8,it0121,0.6233717203140259,0.49618470668792725,0.2,False,0
D4_1,search,512,8,8,it0122,0.316947877407074,0.32742777466773987,0.5454545454545454,False,2
D4_1,search,512,8,8,it0123,0.45797449350357056,0.5887508988380432,0.17647058823529413,False,5
D4_1,search,512,8,8,it0124,0.5724494457244873,0.45140594244003296,0.42424242424242425,False,7
D4_1,search,512,8,8,it0125,0.5176715850830078,0.41474485397338867,0.1794871794871795,False,4
D4_1,search,512,8,8,it0126,0.5080508589744568,0.4456435739994049,0.125,False,3
D4_1,search,512,8,8,it0127,0.4291332960128784,0.42343056201934814,0.058823529411764705,False,3
D4_1,search,512,8,8,it0128,0.5306867957115173,0.4282926917076111,0.1,False,4
D4_1,search,512,8,8,it0129,0.3896314799785614,0.4273119568824768,0.11764705882352941,False,1
D4_1,search,512,8,8,it0130,0.4880005121231079,0.41813114285469055,0.0,False,5
D4_1,search,512,8,8,it0131,0.4238589406013489,0.5181830525398254,0.3870967741935484,False,1
D4_1,search,512,8,8,it0132,0.40715309977531433,0.27569150924682617,0.0,False,5
D4_1,search,512,8,8,it0133,0.528507649898529,0.6402878761291504,0.14285714285714285,False,6
D4_1,search,512,8,8,it0134,0.507949709892273,0.4186497926712036,0.0,False,4
D4_1,search,512,8,8,it0135,0.4145130515098572,0.4546167552471161,0.05128205128205128,False,5
D4_1,search,512,8,8,it0136,0.4366818964481354,0.5332655310630798,0.05,False,0
D4_1,search,512,8,8,it0137,0.5599893927574158,0.3779684901237488,0.0,False,4
D4_1,search,512,8,8,it0138,0.5681191086769104,0.6872131824493408,0.4444444444444444,False,2
D4_1,search,512,8,8,it0139,0.6055407524108887,0.5322155952453613,0.05555555555555555,False,6
D4_1,search,512,8,8,it0140,0.41396647691726685,0.4787437915802002,0.16666666666666666,False,7
D4_1,search,512,8,8,it0141,0.5594227313995361,0.6883139610290527,0.16666666666666666,False,4
D4_1,search,512,8,8,it0142,0.395164430141449,0.3119208514690399,0.2,False,6
D4_1,search,512,8,8,it0143,0.3193780779838562,0.5144972205162048,0.0625,False,6
D4_1,search,512,8,8,it0144,0.6292375326156616,0.47259199619293213,0.10714285714285714,False,2
D4_1,search,512,8,8,it0145,0.584818422794342,0.6362576484680176,0.075,False,5
D4_1,search,512,8,8,it0146,0.5316488146781921,0.5331215858459473,0.0,False,1
D4_1,search,512,8,8,it0147,0.35658079385757446,0.42851072549819946,0.13043478260869565,False,0
D4_1,search,512,8,8,it0148,0.18111786246299744,0.1848207414150238,0.14285714285714285,False,5
D4_1,search,512,8,8,it0149,0.401849627494812,0.49321886897087097,0.35714285714285715,False,7
D4_1,search,512,8,8,it0150,0.41684287786483765,0.4218762516975403,0.07692307692307693,False,4
D4_1,search,512,8,8,it0151,0.5373255014419556,0.5395850539207458,0.058823529411764705,False,7
D4_1,search,512,8,8,it0152,0.5477766990661621,0.44432395696640015,0.0,False,1
D4_1,search,512,8,8,it0153,0.4323345422744751,0.4366688132286072,0.30952380952380953,False,5
D4_1,search,512,8,8,it0154,0.46344488859176636,0.3356615900993347,0.2631578947368421,False,5
D4_1,search,512,8,8,it0155,0.24905242025852203,0.4048510193824768,0.0,False,1
D4_1,search,512,8,8,it0156,0.4340493083000183,0.28553205728530884,0.19047619047619047,False,3
D4_1,search,512,8,8,it0157,0.5700393915176392,0.5285922884941101,0.0,False,3
D4_1,search,512,8,8,it0158,0.2265026718378067,0.3321582078933716,0.15789473684210525,False,3
D4_1,search,512,8,8,it0159,0.432162880897522,0.34117576479911804,0.5,False,1
D4_1,search,512,8,8,it0160,0.5684483051300049,0.5572377443313599,0.03225806451612903,False,0
D4_1,search,512,8,8,it0161,0.40438613295555115,0.37804529070854187,0.10344827586206896,False,1
D4_1,search,512,8,8,it0162,0.22786098718643188,0.39485159516334534,0.48148148148148145,False,5
D4_1,search,512,8,8,it0163,0.5985143184661865,0.6045407056808472,0.29411764705882354,False,3
D4_1,search,512,8,8,it0164,0.5792580842971802,0.32011285424232483,0.0,False,6
D4_1,search,512,8,8,it0165,0.49382859468460083,0.3529229164123535,0.030303030303030304,False,0
D4_1,search,512,8,8,it0166,0.608843982219696,0.3800995945930481,0.08333333333333333,False,3
D4_1,search,512,8,8,it0167,0.4476255476474762,0.49675053358078003,0.21052631578947367,False,5
D4_1,search,512,8,8,it0168,0.3724159300327301,0.37862110137939453,0.2,False,3
D4_1,search,512,8,8,it0169,0.43995729088783264,0.49312788248062134,0.1,False,1
D4_1,search,512,8,8,it0170,0.4216829836368561,0.44156402349472046,0.058823529411764705,False,3
D4_1,search,512,8,8,it0171,0.745315432548523,0.6217549443244934,0.23809523809523808,False,7
D4_1,search,512,8,8,it0172,0.2719518840312958,0.42807596921920776,0.04,False,4
D4_1,search,512,8,8,it0173,0.7064058184623718,0.6666040420532227,0.03333333333333333,False,1
D4_1,search,512,8,8,it0174,0.5910563468933105,0.4466807544231415,0.0,False,7
D4_1,search,512,8,8,it0175,0.16659365594387054,0.2599906325340271,0.06666666666666667,False,6
D4_1,search,512,8,8,it0176,0.4851611852645874,0.4276386797428131,0.1111111111111111,False,5
D4_1,search,512,8,8,it0177,0.48343968391418457,0.4727887213230133,0.0,False,5
D4_1,search,512,8,8,it0178,0.257049560546875,0.28556615114212036,0.47058823529411764,False,0
D4_1,search,512,8,8,it0179,0.5889242887496948,0.6919376254081726,0.25806451612903225,False,5
D4_1,search,512,8,8,it0180,0.4190162122249603,0.48174649477005005,0.07142857142857142,False,2
D4_1,search,512,8,8,it0181,0.5747727751731873,0.5917025208473206,0.0975609756097561,False,0
D4_1,search,512,8,8,it0182,0.5944412350654602,0.5551478862762451,0.04,False,0
D4_1,search,512,8,8,it0183,0.6607662439346313,0.5671691298484802,0.08,False,5
D4_1,search,512,8,8,it0184,0.32514286041259766,0.3134540915489197,0.5333333333333333,False,2
D4_1,search,512,8,8,it0185,0.4895521402359009,0.5920893549919128,0.22580645161290322,False,5
D4_1,search,512,8,8,it0186,0.5346804261207581,0.5175173878669739,0.25,False,4
D4_1,search,512,8,8,it0187,0.4344601035118103,0.40417176485061646,0.0625,False,7
D4_1,search,512,8,8,it0188,0.540388286113739,0.5682770013809204,0.05555555555555555,False,7
D4_1,search,512,8,8,it0189,0.38181424140930176,0.3553294539451599,0.15,False,1
D4_1,search,512,8,8,it0190,0.5907971262931824,0.5754435062408447,0.0625,False,0
D4_1,search,512,8,8,it0191,0.5093967318534851,0.42770951986312866,0.04,False,3
D4_1,search,512,8,8,it0192,0.632300078868866,0.6348310112953186,0.14814814814814814,False,4
D4_1,search,512,8,8,it0193,0.3906320333480835,0.2623536288738251,0.3125,False,2
D4_1,search,512,8,8,it0194,0.6238097548484802,0.6786308884620667,0.047619047619047616,False,2
D4_1,search,512,8,8,it0195,0.6575590372085571,0.5713742971420288,0.4230769230769231,False,6
D4_1,search,512,8,8,it0196,0.4259892404079437,0.44754770398139954,0.0,False,6
D4_1,search,512,8,8,it0197,0.40887323021888733,0.39352837204933167,0.0,False,7
D4_1,search,512,8,8,it0198,0.16992491483688354,0.26115682721138,0.0,False,4
D4_1,search,512,8,8,it0199,0.480072021484375,0.54791659116745,0.058823529411764705,False,6
D4_1,refine,128,1,16,it0000,0.5206291079521179,0.4943547248840332,0.13043478260869565,False,0
D4_1,refine,128,1,16,it0001,0.3255726397037506,0.09155604988336563,0.16666666666666666,False,0
D4_1,refine,128,1,16,it0002,0.3622834384441376,0.3700706660747528,0.06666666666666667,False,0
D4_1,refine,128,1,16,it0003,0.5083792209625244,0.34873226284980774,0.3333333333333333,False,0
D4_1,refine,128,1,16,it0004,0.5130601525306702,0.33319345116615295,0.125,False,0
D4_1,refine,128,1,16,it0005,0.497647762298584,0.45970073342323303,0.07407407407407407,False,0
D4_1,refine,128,1,16,it0006,0.3352125287055969,0.23239654302597046,0.05555555555555555,False,0
D4_1,refine,128,1,16,it0007,0.3487088084220886,0.38301366567611694,0.18181818181818182,False,0
D4_1,refine,128,1,16,it0008,0.323100209236145,0.17819398641586304,0.3333333333333333,False,0
D4_1,refine,128,1,16,it0009,0.5956191420555115,0.6152294874191284,0.037037037037037035,False,0
D4_1,refine,128,1,16,it0010,0.583839476108551,0.5479355454444885,0.2777777777777778,False,0
D4_1,refine,128,1,16,it0011,0.4730762541294098,0.21580010652542114,0.13043478260869565,False,0
D4_1,refine,128,1,16,it0012,0.336593896150589,0.30516257882118225,0.3793103448275862,False,0
D4_1,refine,128,1,16,it0013,0.6107523441314697,0.6137999296188354,0.0,False,0
D4_1,refine,128,1,16,it0014,0.5049924254417419,0.4522906541824341,0.0,False,0
D4_1,refine,128,1,16,it0015,0.4095233082771301,0.44439464807510376,0.0,False,0
D4_1,refine,128,1,16,it0016,0.6426321268081665,0.5062587857246399,0.17647058823529413,False,0
D4_1,refine,128,1,16,it0017,0.553898274898529,0.35570037364959717,0.13333333333333333,False,0
D4_1,refine,128,1,16,it0018,0.29217424988746643,0.17503079771995544,0.058823529411764705,False,0
D4_1,refine,128,1,16,it0019,0.6579939126968384,0.5125815868377686,0.08695652173913043,False,0
D4_1,refine,128,1,16,it0020,0.349739670753479,0.12559543550014496,0.3076923076923077,False,0
D4_1,refine,128,1,16,it0021,0.4285643398761749,0.297541081905365,0.030303030303030304,False,0
D4_1,refine,128,1,16,it0022,0.4386633634567261,0.41142764687538147,0.725,False,0
D4_1,refine,128,1,16,it0023,0.5826599597930908,0.47367310523986816,0.16666666666666666,False,0
D4_1,refine,128,1,16,it0024,0.6152849197387695,0.49077147245407104,0.21428571428571427,False,0
D4_1,refine,128,1,16,it0025,0.6155997514724731,0.6051762104034424,0.05,False,0
D4_1,refine,128,1,16,it0026,0.2724818289279938,0.23643368482589722,0.0,False,0
D4_1,refine,128,1,16,it0027,0.6621288657188416,0.6091693639755249,0.0625,False,0
D4_1,refine,128,1,16,it0028,0.5094571113586426,0.5371106863021851,0.14285714285714285,False,0
D4_1,refine,128,1,16,it0029,0.2753794491291046,0.34586337208747864,0.0,False,0
D4_1,refine,128,1,16,it0030,0.5356758832931519,0.388105571269989,0.04,False,0
D4_1,refine,128,1,16,it0031,0.2862570881843567,0.2576052248477936,0.2777777777777778,False,0
D4_1,refine,128,1,16,it0032,0.658414363861084,0.5938002467155457,0.1111111111111111,False,0
D4_1,refine,128,1,16,it0033,0.29401591420173645,0.23062732815742493,0.3076923076923077,False,0
D4_1,refine,128,1,16,it0034,0.5144979357719421,0.5118156671524048,0.03333333333333333,False,0
D4_1,refine,128,1,16,it0035,0.21693171560764313,0.18066568672657013,0.46153846153846156,False,0
D4_1,refine,128,1,16,it0036,0.520653486251831,0.4354410171508789,0.16666666666666666,False,0
D4_1,refine,128,1,16,it0037,0.49523845314979553,0.430061936378479,0.13333333333333333,False,0
D4_1,refine,128,1,16,it0038,0.36751240491867065,0.08778894692659378,0.10810810810810811,False,0
D4_1,refine,128,1,16,it0039,0.5444819331169128,0.4601556062698364,0.0975609756097561,False,0
D4_1,refine,128,1,16,it0040,0.37473300099372864,0.2610536217689514,0.26666666666666666,False,0
D4_1,refine,128,1,16,it0041,0.616031289100647,0.31899040937423706,0.09090909090909091,False,0
D4_1,refine,128,1,16,it0042,0.39208075404167175,0.40442848205566406,0.18518518518518517,False,0
D4_1,refine,128,1,16,it0043,0.3058221638202667,0.23067839443683624,0.07692307692307693,False,0
D4_1,refine,128,1,16,it0044,0.4809204041957855,0.5055994987487793,0.28,False,0
D4_1,refine,128,1,16,it0045,0.24656033515930176,0.38678234815597534,0.06666666666666667,False,0
D4_1,refine,128,1,16,it0046,0.35208332538604736,0.3866690993309021,0.125,False,0
D4_1,refine,128,1,16,it0047,0.3959035873413086,0.3047976493835449,0.7,False,0
D4_1,refine,128,1,16,it0048,0.5624538064002991,0.39939337968826294,0.25,False,0
D4_1,refine,128,1,16,it0049,0.30032864212989807,0.47781696915626526,0.2727272727272727,False,0
D4_1,refine,128,1,16,it0050,0.19235080480575562,0.05072507634758949,0.6363636363636364,False,0
D4_1,refine,128,1,16,it0051,0.23225808143615723,0.3652583062648773,0.1724137931034483,False,0
D4_1,refine,128,1,16,it0052,0.24037833511829376,0.38481059670448303,0.2,False,0
D4_1,refine,128,1,16,it0053,0.24714034795761108,0.29491478204727173,0.1891891891891892,False,0
D4_1,refine,128,1,16,it0054,0.2528457045555115,0.16727538406848907,0.08333333333333333,False,0
D4_1,refine,128,1,16,it0055,0.5345754027366638,0.48175936937332153,0.38461538461538464,False,0
D4_1,refine,128,1,16,it0056,0.3119896650314331,0.2347710281610489,0.15,False,0
D4_1,refine,128,1,16,it0057,0.5336114168167114,0.39254462718963623,0.2647058823529412,False,0
D4_1,refine,128,1,16,it0058,0.4303862452507019,0.4079243540763855,0.25,False,0
D4_1,refine,128,1,16,it0059,0.5480002164840698,0.5964130163192749,0.03571428571428571,False,0
D4_1,refine,128,1,16,it0060,0.4217286705970764,0.4431270658969879,0.11764705882352941,False,0
D4_1,refine,128,1,16,it0061,0.48974689841270447,0.5889706611633301,0.0,False,0
D4_1,refine,128,1,16,it0062,0.6228297352790833,0.5482804179191589,0.0,False,0
D4_1,refine,128,1,16,it0063,0.39073339104652405,0.3450915515422821,0.20689655172413793,False,0
D4_1,refine,128,1,16,it0064,0.42266207933425903,0.47034305334091187,0.16666666666666666,False,0
D4_1,refine,128,1,16,it0065,0.6007640361785889,0.591953456401825,0.20512820512820512,False,0
D4_1,refine,128,1,16,it0066,0.33504733443260193,0.4453166723251343,0.23809523809523808,False,0
D4_1,refine,128,1,16,it0067,0.3700445592403412,0.31431886553764343,0.05555555555555555,False,0
D4_1,refine,128,1,16,it0068,0.6874569058418274,0.5950254201889038,0.0,False,0
D4_1,refine,128,1,16,it0069,0.25709477066993713,0.28298860788345337,0.18181818181818182,False,0
D4_1,refine,128,1,16,it0070,0.3634299039840698,0.48632463812828064,0.3333333333333333,False,0
D4_1,refine,128,1,16,it0071,0.5116766095161438,0.40192168951034546,0.14285714285714285,False,0
D4_1,refine,128,1,16,it0072,0.5250406265258789,0.4492550194263458,0.09090909090909091,False,0
D4_1,refine,128,1,16,it0073,0.1727200746536255,0.12955380976200104,0.2413793103448276,False,0
D4_1,refine,128,1,16,it0074,0.20795786380767822,0.2338404804468155,0.06666666666666667,False,0
D4_1,refine,128,1,16,it0075,0.37479880452156067,0.3054601550102234,0.0,False,0
D4_1,refine,128,1,16,it0076,0.5522478818893433,0.35804134607315063,0.21739130434782608,False,0
D4_1,refine,128,1,16,it0077,0.5087242722511292,0.5477692484855652,0.25,False,0
D4_1,refine,128,1,16,it0078,0.2205323725938797,0.15941321849822998,0.2857142857142857,False,0
D4_1,refine,128,1,16,it0079,0.6706998944282532,0.6147677302360535,0.0,False,0
D4_1,refine,128,1,16,it0080,0.40928053855895996,0.1991947740316391,0.21951219512195122,False,0
D4_1,refine,128,1,16,it0081,0.44976842403411865,0.4352485239505768,0.14285714285714285,False,0
D4_1,refine,128,1,16,it0082,0.4592379331588745,0.4752308130264282,0.23529411764705882,False,0
D4_1,refine,128,1,16,it0083,0.5699499249458313,0.43795037269592285,0.058823529411764705,False,0
D4_1,refine,128,1,16,it0084,0.6032875776290894,0.4952070713043213,0.022222222222222223,False,0
D4_1,refine,128,1,16,it0085,0.6537463665008545,0.4449308514595032,0.21428571428571427,False,0
D4_1,refine,128,1,16,it0086,0.5887311100959778,0.5673938989639282,0.6470588235294118,False,0
D4_1,refine,128,1,16,it0087,0.5463247895240784,0.6205433011054993,0.25,False,0
D4_1,refine,128,1,16,it0088,0.40642908215522766,0.36620745062828064,0.19047619047619047,False,0
D4_1,refine,128,1,16,it0089,0.4921920895576477,0.28308799862861633,0.0,False,0
D4_1,refine,128,1,16,it0090,0.5882821679115295,0.4874749779701233,0.11764705882352941,False,0
D4_1,refine,128,1,16,it0091,0.5733192563056946,0.5309804081916809,0.25806451612903225,False,0
D4_1,refine,128,1,16,it0092,0.53852778673172,0.42759042978286743,0.11428571428571428,False,0
D4_1,refine,128,1,16,it0093,0.5795086026191711,0.3938620686531067,0.10526315789473684,False,0
D4_1,refine,128,1,16,it0094,0.4981786608695984,0.4263207018375397,0.0,False,0
D4_1,refine,128,1,16,it0095,0.5169450044631958,0.5470938086509705,0.0,False,0
D4_1,refine,128,1,16,it0096,0.6216170787811279,0.39013946056365967,0.36363636363636365,False,0
D4_1,refine,128,1,16,it0097,0.6549539566040039,0.6393315196037292,0.0,False,0
D4_1,refine,128,1,16,it0098,0.5891392230987549,0.4512192904949188,0.18518518518518517,False,0
D4_1,refine,128,1,16,it0099,0.27302366495132446,0.09578884392976761,0.08695652173913043,False,0
D4_1,refine,128,1,16,it0100,0.6500838398933411,0.6317563056945801,0.0,False,0
D4_1,refine,128,1,16,it0101,0.4130263030529022,0.36661890149116516,0.10526315789473684,False,0
D4_1,refine,128,1,16,it0102,0.2966357469558716,0.25759363174438477,0.0,False,0
D4_1,refine,128,1,16,it0103,0.27635928988456726,0.37606877088546753,0.18181818181818182,False,0
D4_1,refine,128,1,16,it0104,0.5204020142555237,0.46830952167510986,0.041666666666666664,False,0
D4_1,refine,128,1,16,it0105,0.4212505519390106,0.6520746350288391,0.22857142857142856,False,0
D4_1,refine,128,1,16,it0106,0.28186464309692383,0.36086657643318176,0.08333333333333333,False,0
D4_1,refine,128,1,16,it0107,0.642835259437561,0.5355368256568909,0.17391304347826086,False,0
D4_1,refine,128,1,16,it0108,0.5089211463928223,0.3106856644153595,0.1875,False,0
D4_1,refine,128,1,16,it0109,0.46581336855888367,0.36694803833961487,0.21052631578947367,False,0
D4_1,refine,128,1,16,it0110,0.3023357689380646,0.43837758898735046,0.3,False,0
D4_1,refine,128,1,16,it0111,0.4017648696899414,0.21843567490577698,0.21212121212121213,False,0
D4_1,refine,128,1,16,it0112,0.6427748203277588,0.5728968381881714,0.022727272727272728,False,0
D4_1,refine,128,1,16,it0113,0.5735123157501221,0.41067013144493103,0.06818181818181818,False,0
D4_1,refine,128,1,16,it0114,0.46328017115592957,0.4367300570011139,0.2222222222222222,False,0
D4_1,refine,128,1,16,it0115,0.39366286993026733,0.3096356689929962,0.14285714285714285,False,0
D4_1,refine,128,1,16,it0116,0.5716360211372375,0.34620729088783264,0.23529411764705882,False,0
D4_1,refine,128,1,16,it0117,0.515505313873291,0.5257887244224548,0.058823529411764705,False,0
D4_1,refine,128,1,16,it0118,0.6290043592453003,0.5722201466560364,0.28846153846153844,False,0
D4_1,refine,128,1,16,it0119,0.5123171806335449,0.5589368343353271,0.5,False,0
D4_1,refine,128,1,16,it0120,0.564289391040802,0.4130389988422394,0.26666666666666666,False,0
D4_1,refine,128,1,16,it0121,0.5621822476387024,0.4061056673526764,0.0,False,0
D4_1,refine,128,1,16,it0122,0.2603568136692047,0.37210071086883545,0.4090909090909091,False,0
D4_1,refine,128,1,16,it0123,0.3087955117225647,0.39226946234703064,0.35294117647058826,False,0
D4_1,refine,128,1,16,it0124,0.5506513118743896,0.4362059235572815,0.0,False,0
D4_1,refine,128,1,16,it0125,0.40759745240211487,0.2888724207878113,0.20512820512820512,False,0
D4_1,refine,128,1,16,it0126,0.4525896906852722,0.39381706714630127,0.1875,False,0
D4_1,refine,128,1,16,it0127,0.35585087537765503,0.3298402726650238,0.11764705882352941,False,0
D4_1,refine,128,1,16,it0128,0.38495269417762756,0.37871217727661133,0.4,False,0
D4_1,refine,128,1,16,it0129,0.4406406283378601,0.26039156317710876,0.0,False,0
D4_1,refine,128,1,16,it0130,0.2484641820192337,0.2649107873439789,0.0,False,0
D4_1,refine,128,1,16,it0131,0.3886561095714569,0.5068976879119873,0.0,False,0
D4_1,refine,128,1,16,it0132,0.26598992943763733,0.18885135650634766,0.0,False,0
D4_1,refine,128,1,16,it0133,0.5179548263549805,0.5786086320877075,0.14285714285714285,False,0
D4_1,refine,128,1,16,it0134,0.3038700819015503,0.32362595200538635,0.13157894736842105,False,0
D4_1,refine,128,1,16,it0135,0.39422693848609924,0.47399279475212097,0.1794871794871795,False,0
D4_1,refine,128,1,16,it0136,0.4390656352043152,0.32691752910614014,0.1,False,0
D4_1,refine,128,1,16,it0137,0.5881037712097168,0.4169744551181793,0.3333333333333333,False,0
D4_1,refine,128,1,16,it0138,0.5420695543289185,0.507331371307373,0.3333333333333333,False,0
D4_1,refine,128,1,16,it0139,0.556624174118042,0.47289973497390747,0.0,False,0
D4_1,refine,128,1,16,it0140,0.3243885338306427,0.3764633536338806,0.08333333333333333,False,0
D4_1,refine,128,1,16,it0141,0.5796872973442078,0.6466597318649292,0.13333333333333333,False,0
D4_1,refine,128,1,16,it0142,0.15565280616283417,0.1375974416732788,0.04,False,0
D4_1,refine,128,1,16,it0143,0.36111587285995483,0.3895690441131592,0.0,False,0
D4_1,refine,128,1,16,it0144,0.6497880220413208,0.5201103091239929,0.10714285714285714,False,0
D4_1,refine,128,1,16,it0145,0.5419458150863647,0.6240028142929077,0.075,False,0
D4_1,refine,128,1,16,it0146,0.4926227927207947,0.43378114700317383,0.15,False,0
D4_1,refine,128,1,16,it0147,0.4712466597557068,0.4264853894710541,0.0,False,0
D4_1,refine,128,1,16,it0148,0.11613596975803375,0.1852182149887085,0.10714285714285714,False,0
D4_1,refine,128,1,16,it0149,0.45080894231796265,0.36499831080436707,0.21428571428571427,False,0
D4_1,refine,128,1,16,it0150,0.38978111743927,0.3380170464515686,0.23076923076923078,False,0
D4_1,refine,128,1,16,it0151,0.5984302759170532,0.6040788292884827,0.11764705882352941,False,0
D4_1,refine,128,1,16,it0152,0.44550958275794983,0.3589989244937897,0.0,False,0
D4_1,refine,128,1,16,it0153,0.3094712197780609,0.3995538353919983,0.2857142857142857,False,0
D4_1,refine,128,1,16,it0154,0.185452401638031,0.07905715703964233,0.05263157894736842,False,0
D4_1,refine,128,1,16,it0155,0.26045775413513184,0.27686750888824463,0.07142857142857142,False,0
D4_1,refine,128,1,16,it0156,0.31346559524536133,0.1867598593235016,0.0,False,0
D4_1,refine,128,1,16,it0157,0.5711215138435364,0.5274615287780762,0.20930232558139536,False,0
D4_1,refine,128,1,16,it0158,0.34394603967666626,0.2450953722000122,0.42105263157894735,False,0
D4_1,refine,128,1,16,it0159,0.3668091297149658,0.2620265483856201,0.35714285714285715,False,0
D4_1,refine,128,1,16,it0160,0.5632143020629883,0.5264382362365723,0.0,False,0
D4_1,refine,128,1,16,it0161,0.36089685559272766,0.33858969807624817,0.27586206896551724,False,0
D4_1,refine,128,1,16,it0162,0.0955967828631401,0.2357543408870697,0.14814814814814814,False,0
D4_1,refine,128,1,16,it0163,0.541418194770813,0.4619891345500946,0.47058823529411764,False,0
D4_1,refine,128,1,16,it0164,0.5510602593421936,0.40444937348365784,0.12903225806451613,False,0
D4_1,refine,128,1,16,it0165,0.3827618658542633,0.35347315669059753,0.09090909090909091,False,0
D4_1,refine,128,1,16,it0166,0.5569405555725098,0.2629542350769043,0.25,False,0
D4_1,refine,128,1,16,it0167,0.4587441086769104,0.39076536893844604,0.42105263157894735,False,0
D4_1,refine,128,1,16,it0168,0.40904074907302856,0.42561978101730347,0.0,False,0
D4_1,refine,128,1,16,it0169,0.42244213819503784,0.3724905550479889,0.05,False,0
D4_1,refine,128,1,16,it0170,0.43142014741897583,0.3946121335029602,0.29411764705882354,False,0
D4_1,refine,128,1,16,it0171,0.6584595441818237,0.5797814130783081,0.0,False,0
D4_1,refine,128,1,16,it0172,0.29497915506362915,0.3315731883049011,0.0,False,0
D4_1,refine,128,1,16,it0173,0.6839788556098938,0.5963766574859619,0.0,False,0
D4_1,refine,128,1,16,it0174,0.5846204161643982,0.27743807435035706,0.4375,False,0
D4_1,refine,128,1,16,it0175,0.11218912899494171,0.11541309207677841,0.2,False,0
D4_1,refine,128,1,16,it0176,0.3722062110900879,0.3920821249485016,0.2222222222222222,False,0
D4_1,refine,128,1,16,it0177,0.5071790814399719,0.5344706177711487,0.05263157894736842,False,0
D4_1,refine,128,1,16,it0178,0.3977220356464386,0.19967900216579437,0.4117647058823529,False,0
D4_1,refine,128,1,16,it0179,0.5536733865737915,0.6733436584472656,0.0967741935483871,False,0
D4_1,refine,128,1,16,it0180,0.4360179305076599,0.4903070628643036,0.0,False,0
D4_1,refine,128,1,16,it0181,0.579227089881897,0.5365331172943115,0.0975609756097561,False,0
D4_1,refine,128,1,16,it0182,0.6256757974624634,0.5204465389251709,0.32,False,0
D4_1,refine,128,1,16,it0183,0.6524979472160339,0.5634560585021973,0.04,False,0
D4_1,refine,128,1,16,it0184,0.25666502118110657,0.13531583547592163,0.13333333333333333,False,0
D4_1,refine,128,1,16,it0185,0.3883049488067627,0.3743605613708496,0.03225806451612903,False,0
D4_1,refine,128,1,16,it0186,0.48521897196769714,0.40257319808006287,0.3333333333333333,False,0
D4_1,refine,128,1,16,it0187,0.44411706924438477,0.4107210040092468,0.0,False,0
D4_1,refine,128,1,16,it0188,0.5905451774597168,0.5729175209999084,0.3333333333333333,False,0
D4_1,refine,128,1,16,it0189,0.421138733625412,0.36352407932281494,0.1,False,0
D4_1,refine,128,1,16,it0190,0.6487035155296326,0.6014864444732666,0.0625,False,0
D4_1,refine,128,1,16,it0191,0.4846753180027008,0.32930299639701843,0.0,False,0
D4_1,refine,128,1,16,it0192,0.5587590932846069,0.5609185099601746,0.07407407407407407,False,0
D4_1,refine,128,1,16,it0193,0.4414415955543518,0.1768803596496582,0.125,False,0
D4_1,refine,128,1,16,it0194,0.5470090508460999,0.6028661727905273,0.047619047619047616,False,0
D4_1,refine,128,1,16,it0195,0.618541419506073,0.45636242628097534,0.11538461538461539,False,0
D4_1,refine,128,1,16,it0196,0.446713924407959,0.38839617371559143,0.0,False,0
D4_1,refine,128,1,16,it0197,0.41263094544410706,0.3199204206466675,0.0,False,0
D4_1,refine,128,1,16,it0198,0.27971288561820984,0.2504991888999939,0.0,False,0
D4_1,refine,128,1,16,it0199,0.4942847490310669,0.5127133727073669,0.35294117647058826,False,0
D4_1,refine,256,1,32,it0000,0.5950989127159119,0.5414021015167236,0.13043478260869565,False,0
D4_1,refine,256,1,32,it0001,0.2161271721124649,0.1636236011981964,0.0,False,0
D4_1,refine,256,1,32,it0002,0.2778349816799164,0.19924165308475494,0.06666666666666667,False,0
D4_1,refine,256,1,32,it0003,0.46901172399520874,0.40553656220436096,0.3333333333333333,False,0
D4_1,refine,256,1,32,it0004,0.5258262753486633,0.45126980543136597,0.125,False,0
D4_1,refine,256,1,32,it0005,0.36685270071029663,0.36400318145751953,0.1111111111111111,False,0
D4_1,refine,256,1,32,it0006,0.3605394661426544,0.4096176028251648,0.1111111111111111,False,0
D4_1,refine,256,1,32,it0007,0.35971683263778687,0.3537924885749817,0.022727272727272728,False,0
D4_1,refine,256,1,32,it0008,0.431616872549057,0.19812290370464325,0.19047619047619047,False,0
D4_1,refine,256,1,32,it0009,0.5121792554855347,0.5471243262290955,0.037037037037037035,False,0
D4_1,refine,256,1,32,it0010,0.607984721660614,0.5940925478935242,0.2222222222222222,False,0
D4_1,refine,256,1,32,it0011,0.39441242814064026,0.28577491641044617,0.08695652173913043,False,0
D4_1,refine,256,1,32,it0012,0.4354436993598938,0.32102257013320923,0.20689655172413793,False,0
D4_1,refine,256,1,32,it0013,0.5345299243927002,0.5468499064445496,0.037037037037037035,False,0
D4_1,refine,256,1,32,it0014,0.33171704411506653,0.20374377071857452,0.13333333333333333,False,0
D4_1,refine,256,1,32,it0015,0.422174334526062,0.5105814933776855,0.17647058823529413,False,0
D4_1,refine,256,1,32,it0016,0.6075803637504578,0.4741111993789673,0.14705882352941177,False,0
D4_1,refine,256,1,32,it0017,0.5185016393661499,0.36121201515197754,0.06666666666666667,False,0
D4_1,refine,256,1,32,it0018,0.36616021394729614,0.35960957407951355,0.20588235294117646,False,0
D4_1,refine,256,1,32,it0019,0.5857704877853394,0.5452159643173218,0.021739130434782608,False,0
D4_1,refine,256,1,32,it0020,0.37301307916641235,0.23954303562641144,0.23076923076923078,False,0
D4_1,refine,256,1,32,it0021,0.45381399989128113,0.4602859914302826,0.06060606060606061,False,0
D4_1,refine,256,1,32,it0022,0.49805936217308044,0.35892462730407715,0.575,False,0
D4_1,refine,256,1,32,it0023,0.6206923723220825,0.4943188726902008,0.2222222222222222,False,0
D4_1,refine,256,1,32,it0024,0.6439154148101807,0.4328318238258362,0.21428571428571427,False,0
D4_1,refine,256,1,32,it0025,0.6289879679679871,0.6345851421356201,0.05,False,0
D4_1,refine,256,1,32,it0026,0.2665035128593445,0.28272444009780884,0.0,False,0
D4_1,refine,256,1,32,it0027,0.6958779692649841,0.6264763474464417,0.0625,False,0
D4_1,refine,256,1,32,it0028,0.4760006070137024,0.5170610547065735,0.09523809523809523,False,0
D4_1,refine,256,1,32,it0029,0.31652384996414185,0.3795643150806427,0.0,False,0
D4_1,refine,256,1,32,it0030,0.5731667876243591,0.37082549929618835,0.0,False,0
D4_1,refine,256,1,32,it0031,0.2867211103439331,0.30944761633872986,0.05555555555555555,False,0
D4_1,refine,256,1,32,it0032,0.6226198077201843,0.5549953579902649,0.07407407407407407,False,0
D4_1,refine,256,1,32,it0033,0.2592706084251404,0.17173366248607635,0.0,False,0
D4_1,refine,256,1,32,it0034,0.4775448143482208,0.5035895705223083,0.0,False,0
D4_1,refine,256,1,32,it0035,0.2774490416049957,0.1794758141040802,0.15384615384615385,False,0
D4_1,refine,256,1,32,it0036,0.6346566081047058,0.577553927898407,0.05555555555555555,False,0
D4_1,refine,256,1,32,it0037,0.5785799622535706,0.4985758662223816,0.0,False,0
D4_1,refine,256,1,32,it0038,0.35395899415016174,0.16030281782150269,0.10810810810810811,False,0
D4_1,refine,256,1,32,it0039,0.4176029562950134,0.4630405604839325,0.0975609756097561,False,0
D4_1,refine,256,1,32,it0040,0.3237125277519226,0.2630077600479126,0.13333333333333333,False,0
D4_1,refine,256,1,32,it0041,0.6318063735961914,0.4272547960281372,0.09090909090909091,False,0
D4_1,refine,256,1,32,it0042,0.41538774967193604,0.42526230216026306,0.18518518518518517,False,0
D4_1,refine,256,1,32,it0043,0.211295947432518,0.17103980481624603,0.0,False,0
D4_1,refine,256,1,32,it0044,0.5296025276184082,0.5368887186050415,0.12,False,0
D4_1,refine,256,1,32,it0045,0.33721503615379333,0.44777312874794006,0.3,False,0
D4_1,refine,256,1,32,it0046,0.2625545859336853,0.17813923954963684,0.0625,False,0
D4_1,refine,256,1,32,it0047,0.3274759352207184,0.29301896691322327,0.75,False,0
D4_1,refine,256,1,32,it0048,0.5060955286026001,0.4900970458984375,0.25,False,0
D4_1,refine,256,1,32,it0049,0.2218792736530304,0.4530288875102997,0.22727272727272727,False,0
D4_1,refine,256,1,32,it0050,0.23638229072093964,0.029301658272743225,0.5,False,0
D4_1,refine,256,1,32,it0051,0.1686663031578064,0.411774218082428,0.27586206896551724,False,0
D4_1,refine,256,1,32,it0052,0.3907073140144348,0.42527908086776733,0.0,False,0
D4_1,refine,256,1,32,it0053,0.2235923409461975,0.29379841685295105,0.2972972972972973,False,0
D4_1,refine,256,1,32,it0054,0.24361500144004822,0.02901770919561386,0.16666666666666666,False,0
D4_1,refine,256,1,32,it0055,0.35839053988456726,0.34152090549468994,0.46153846153846156,False,0
D4_1,refine,256,1,32,it0056,0.37092429399490356,0.23135466873645782,0.25,False,0
D4_1,refine,256,1,32,it0057,0.5403509140014648,0.4570079445838928,0.14705882352941177,False,0
D4_1,refine,256,1,32,it0058,0.34476029872894287,0.2725149393081665,0.0,False,0
D4_1,refine,256,1,32,it0059,0.5358788371086121,0.566887617111206,0.10714285714285714,False,0
D4_1,refine,256,1,32,it0060,0.41166049242019653,0.32318568229675293,0.058823529411764705,False,0
D4_1,refine,256,1,32,it0061,0.46343088150024414,0.5538337826728821,0.0,False,0
D4_1,refine,256,1,32,it0062,0.5775066018104553,0.559637188911438,0.0,False,0
D4_1,refine,256,1,32,it0063,0.4299522042274475,0.404351145029068,0.41379310344827586,False,0
D4_1,refine,256,1,32,it0064,0.37098443508148193,0.4822491407394409,0.1111111111111111,False,0
D4_1,refine,256,1,32,it0065,0.5804731845855713,0.6144555807113647,0.02564102564102564,False,0
D4_1,refine,256,1,32,it0066,0.2358473390340805,0.2467731535434723,0.14285714285714285,False,0
D4_1,refine,256,1,32,it0067,0.4038451910018921,0.25481724739074707,0.16666666666666666,False,0
D4_1,refine,256,1,32,it0068,0.6939494609832764,0.6355790495872498,0.02564102564102564,False,0
D4_1,refine,256,1,32,it0069,0.1444622129201889,0.21581824123859406,0.18181818181818182,False,0
D4_1,refine,256,1,32,it0070,0.31127986311912537,0.37841397523880005,0.06666666666666667,False,0
D4_1,refine,256,1,32,it0071,0.528262197971344,0.4996822476387024,0.14285714285714285,False,0
D4_1,refine,256,1,32,it0072,0.47291767597198486,0.4249945878982544,0.045454545454545456,False,0
D4_1,refine,256,1,32,it0073,0.08448082208633423,0.2120269536972046,0.4482758620689655,False,0
D4_1,refine,256,1,32,it0074,0.2656465470790863,0.19036146998405457,0.26666666666666666,False,0
D4_1,refine,256,1,32,it0075,0.29722529649734497,0.44351470470428467,0.0,False,0
D4_1,refine,256,1,32,it0076,0.5317429304122925,0.24786092340946198,0.13043478260869565,False,0
D4_1,refine,256,1,32,it0077,0.4218961298465729,0.43793830275535583,0.25,False,0
D4_1,refine,256,1,32,it0078,0.3631780445575714,0.3122328519821167,0.09523809523809523,False,0
D4_1,refine,256,1,32,it0079,0.6316814422607422,0.615892231464386,0.125,False,0
D4_1,refine,256,1,32,it0080,0.4243274927139282,0.319726824760437,0.12195121951219512,False,0
D4_1,refine,256,1,32,it0081,0.5436941385269165,0.46166011691093445,0.10714285714285714,False,0
D4_1,refine,256,1,32,it0082,0.39326030015945435,0.4635330140590668,0.0,False,0
D4_1,refine,256,1,32,it0083,0.47980186343193054,0.3595000207424164,0.0,False,0
D4_1,refine,256,1,32,it0084,0.5643543004989624,0.41299474239349365,0.13333333333333333,False,0
D4_1,refine,256,1,32,it0085,0.41326338052749634,0.40838390588760376,0.42857142857142855,False,0
D4_1,refine,256,1,32,it0086,0.5622854828834534,0.3932856023311615,0.9411764705882353,True,0
D4_1,refine,256,1,32,it0087,0.48277556896209717,0.6292749047279358,0.1875,False,0
D4_1,refine,256,1,32,it0088,0.3955825865268707,0.3774142265319824,0.047619047619047616,False,0
D4_1,refine,256,1,32,it0089,0.4597059190273285,0.2545343041419983,0.0,False,0
D4_1,refine,256,1,32,it0090,0.5903354287147522,0.548738420009613,0.0,False,0
D4_1,refine,256,1,32,it0091,0.5980364084243774,0.5776205658912659,0.03225806451612903,False,0
D4_1,refine,256,1,32,it0092,0.47126153111457825,0.38479384779930115,0.0,False,0
D4_1,refine,256,1,32,it0093,0.5267887711524963,0.42283961176872253,0.0,False,0
D4_1,refine,256,1,32,it0094,0.4892912805080414,0.43916380405426025,0.0,False,0
D4_1,refine,256,1,32,it0095,0.43373772501945496,0.48377329111099243,0.3333333333333333,False,0
D4_1,refine,256,1,32,it0096,0.5705044865608215,0.39472439885139465,0.09090909090909091,False,0
D4_1,refine,256,1,32,it0097,0.5990191698074341,0.6497681140899658,0.0,False,0
D4_1,refine,256,1,32,it0098,0.49082210659980774,0.5286406874656677,0.2222222222222222,False,0
D4_1,refine,256,1,32,it0099,0.3002910614013672,0.2541845142841339,0.0,False,0
D4_1,refine,256,1,32,it0100,0.6585503816604614,0.6647118330001831,0.0,False,0
D4_1,refine,256,1,32,it0101,0.4085192084312439,0.35692039132118225,0.07894736842105263,False,0
D4_1,refine,256,1,32,it0102,0.38751041889190674,0.44666922092437744,0.15384615384615385,False,0
D4_1,refine,256,1,32,it0103,0.1282908320426941,0.2781696319580078,0.045454545454545456,False,0
D4_1,refine,256,1,32,it0104,0.5636226534843445,0.5167378783226013,0.0,False,0
D4_1,refine,256,1,32,it0105,0.41342249512672424,0.6277807950973511,0.37142857142857144,False,0
D4_1,refine,256,1,32,it0106,0.40801331400871277,0.37642431259155273,0.041666666666666664,False,0
D4_1,refine,256,1,32,it0107,0.5546731352806091,0.5337094068527222,0.13043478260869565,False,0
D4_1,refine,256,1,32,it0108,0.4243464171886444,0.30839675664901733,0.125,False,0
D4_1,refine,256,1,32,it0109,0.4494065046310425,0.28138381242752075,0.15789473684210525,False,0
D4_1,refine,256,1,32,it0110,0.2172885239124298,0.34323033690452576,0.1,False,0
D4_1,refine,256,1,32,it0111,0.20455533266067505,0.05543656647205353,0.18181818181818182,False,0
D4_1,refine,256,1,32,it0112,0.6427780985832214,0.5185307264328003,0.045454545454545456,False,0
D4_1,refine,256,1,32,it0113,0.5112853646278381,0.514410138130188,0.09090909090909091,False,0
D4_1,refine,256,1,32,it0114,0.46461519598960876,0.46821847558021545,0.2777777777777778,False,0
D4_1,refine,256,1,32,it0115,0.38103342056274414,0.2605169117450714,0.0,False,0
D4_1,refine,256,1,32,it0116,0.5574579834938049,0.32278409600257874,0.4117647058823529,False,0
D4_1,refine,256,1,32,it0117,0.45682787895202637,0.5541776418685913,0.058823529411764705,False,0
D4_1,refine,256,1,32,it0118,0.5679495334625244,0.547504186630249,0.057692307692307696,False,0
D4_1,refine,256,1,32,it0119,0.5455716848373413,0.44158753752708435,0.21428571428571427,False,0
D4_1,refine,256,1,32,it0120,0.5859705209732056,0.49136975407600403,0.06666666666666667,False,0
D4_1,refine,256,1,32,it0121,0.5503778457641602,0.3051731288433075,0.0,False,0
D4_1,refine,256,1,32,it0122,0.12713724374771118,0.34261554479599,0.3181818181818182,False,0
D4_1,refine,256,1,32,it0123,0.24784429371356964,0.3457920551300049,0.11764705882352941,False,0
D4_1,refine,256,1,32,it0124,0.5069277286529541,0.367229700088501,0.030303030303030304,False,0
D4_1,refine,256,1,32,it0125,0.4417920410633087,0.35848864912986755,0.15384615384615385,False,0
D4_1,refine,256,1,32,it0126,0.4885065257549286,0.3577125370502472,0.125,False,0
D4_1,refine,256,1,32,it0127,0.3381526470184326,0.32323354482650757,0.0,False,0
D4_1,refine,256,1,32,it0128,0.29203012585639954,0.34009456634521484,0.05,False,0
D4_1,refine,256,1,32,it0129,0.32474544644355774,0.2965640425682068,0.058823529411764705,False,0
D4_1,refine,256,1,32,it0130,0.1975986510515213,0.27264589071273804,0.2,False,0
D4_1,refine,256,1,32,it0131,0.4489744007587433,0.4654545485973358,0.06451612903225806,False,0
D4_1,refine,256,1,32,it0132,0.38161101937294006,0.22704175114631653,0.0,False,0
D4_1,refine,256,1,32,it0133,0.5358484983444214,0.5482085347175598,0.10714285714285714,False,0
D4_1,refine,256,1,32,it0134,0.44219574332237244,0.39639872312545776,0.10526315789473684,False,0
D4_1,refine,256,1,32,it0135,0.3844344913959503,0.34442225098609924,0.15384615384615385,False,0
D4_1,refine,256,1,32,it0136,0.41923412680625916,0.5513395667076111,0.0,False,0
D4_1,refine,256,1,32,it0137,0.5960228443145752,0.46091413497924805,0.08333333333333333,False,0
D4_1,refine,256,1,32,it0138,0.5433438420295715,0.6150869727134705,0.2222222222222222,False,0
D4_1,refine,256,1,32,it0139,0.6185877919197083,0.585485577583313,0.05555555555555555,False,0
D4_1,refine,256,1,32,it0140,0.37524449825286865,0.30444011092185974,0.041666666666666664,False,0
D4_1,refine,256,1,32,it0141,0.5410506129264832,0.6262159943580627,0.16666666666666666,False,0
D4_1,refine,256,1,32,it0142,0.1124848872423172,0.09071008116006851,0.28,False,0
D4_1,refine,256,1,32,it0143,0.26569420099258423,0.31706181168556213,0.0,False,0
D4_1,refine,256,1,32,it0144,0.3791522979736328,0.13325636088848114,0.03571428571428571,False,0
D4_1,refine,256,1,32,it0145,0.5877591371536255,0.6835330724716187,0.0,False,0
D4_1,refine,256,1,32,it0146,0.5433082580566406,0.4513359069824219,0.05,False,0
D4_1,refine,256,1,32,it0147,0.28547558188438416,0.27056029438972473,0.0,False,0
D4_1,refine,256,1,32,it0148,0.18653002381324768,0.2263919711112976,0.07142857142857142,False,0
D4_1,refine,256,1,32,it0149,0.5880935192108154,0.4837180972099304,0.2857142857142857,False,0
D4_1,refine,256,1,32,it0150,0.2406439632177353,0.24483297765254974,0.07692307692307693,False,0
D4_1,refine,256,1,32,it0151,0.5017756819725037,0.485396146774292,0.058823529411764705,False,0
D4_1,refine,256,1,32,it0152,0.4863792359828949,0.34398746490478516,0.0,False,0
D4_1,refine,256,1,32,it0153,0.31525278091430664,0.34303662180900574,0.09523809523809523,False,0
D4_1,refine,256,1,32,it0154,0.3072749376296997,0.228389173746109,0.10526315789473684,False,0
D4_1,refine,256,1,32,it0155,0.16752880811691284,0.21161526441574097,0.21428571428571427,False,0
D4_1,refine,256,1,32,it0156,0.27469632029533386,0.08984941989183426,0.0,False,0
D4_1,refine,256,1,32,it0157,0.5272486805915833,0.5467303991317749,0.09302325581395349,False,0
D4_1,refine,256,1,32,it0158,0.3460637927055359,0.22590604424476624,0.10526315789473684,False,0
D4_1,refine,256,1,32,it0159,0.46542808413505554,0.3553234040737152,0.14285714285714285,False,0
D4_1,refine,256,1,32,it0160,0.5563733577728271,0.4135558605194092,0.12903225806451613,False,0
D4_1,refine,256,1,32,it0161,0.25321951508522034,0.2703232765197754,0.20689655172413793,False,0
D4_1,refine,256,1,32,it0162,0.19783218204975128,0.2883577346801758,0.18518518518518517,False,0
D4_1,refine,256,1,32,it0163,0.4604554772377014,0.41544854640960693,0.11764705882352941,False,0
D4_1,refine,256,1,32,it0164,0.5406453609466553,0.29172542691230774,0.0967741935483871,False,0
D4_1,refine,256,1,32,it0165,0.19988052546977997,0.2782936096191406,0.06060606060606061,False,0
D4_1,refine,256,1,32,it0166,0.5045868158340454,0.18018558621406555,0.25,False,0
D4_1,refine,256,1,32,it0167,0.3781880736351013,0.46854883432388306,0.3684210526315789,False,0
D4_1,refine,256,1,32,it0168,0.2544906735420227,0.2336532175540924,0.1,False,0
D4_1,refine,256,1,32,it0169,0.4459172487258911,0.44001123309135437,0.05,False,0
D4_1,refine,256,1,32,it0170,0.46399569511413574,0.3815893232822418,0.23529411764705882,False,0
D4_1,refine,256,1,32,it0171,0.6662177443504333,0.5605273842811584,0.09523809523809523,False,0
D4_1,refine,256,1,32,it0172,0.21003952622413635,0.2313934713602066,0.0,False,0
D4_1,refine,256,1,32,it0173,0.7143117189407349,0.6051008105278015,0.03333333333333333,False,0
D4_1,refine,256,1,32,it0174,0.4987914562225342,0.35301336646080017,0.1875,False,0
D4_1,refine,256,1,32,it0175,0.17764753103256226,0.2015516459941864,0.06666666666666667,False,0
D4_1,refine,256,1,32,it0176,0.375121146440506,0.24117009341716766,0.1111111111111111,False,0
D4_1,refine,256,1,32,it0177,0.4302569031715393,0.3889002203941345,0.10526315789473684,False,0
D4_1,refine,256,1,32,it0178,0.2975490093231201,0.1450229287147522,0.5294117647058824,False,0
D4_1,refine,256,1,32,it0179,0.6597622036933899,0.691454291343689,0.16129032258064516,False,0
D4_1,refine,256,1,32,it0180,0.5077119469642639,0.5336663126945496,0.14285714285714285,False,0
D4_1,refine,256,1,32,it0181,0.493166983127594,0.44123128056526184,0.07317073170731707,False,0
D4_1,refine,256,1,32,it0182,0.47989755868911743,0.38363176584243774,0.24,False,0
D4_1,refine,256,1,32,it0183,0.47625845670700073,0.5329503417015076,0.16,False,0
D4_1,refine,256,1,32,it0184,0.10296640545129776,0.11471599340438843,0.13333333333333333,False,0
D4_1,refine,256,1,32,it0185,0.5158095955848694,0.48391586542129517,0.16129032258064516,False,0
D4_1,refine,256,1,32,it0186,0.4472629427909851,0.4944521188735962,0.20833333333333334,False,0
D4_1,refine,256,1,32,it0187,0.4253612160682678,0.4981595575809479,0.0625,False,0
D4_1,refine,256,1,32,it0188,0.5256796479225159,0.4825735092163086,0.0,False,0
D4_1,refine,256,1,32,it0189,0.4416532516479492,0.3707426190376282,0.15,False,0
D4_1,refine,256,1,32,it0190,0.5685446858406067,0.5865095853805542,0.125,False,0
D4_1,refine,256,1,32,it0191,0.3937341570854187,0.38968396186828613,0.0,False,0
D4_1,refine,256,1,32,it0192,0.6382676362991333,0.6196169853210449,0.2962962962962963,False,0
D4_1,refine,256,1,32,it0193,0.4500880837440491,0.19853933155536652,0.375,False,0
D4_1,refine,256,1,32,it0194,0.691805362701416,0.6222561597824097,0.0,False,0
D4_1,refine,256,1,32,it0195,0.6643241047859192,0.4796997606754303,0.07692307692307693,False,0
D4_1,refine,256,1,32,it0196,0.40931472182273865,0.3961414694786072,0.07142857142857142,False,0
D4_1,refine,256,1,32,it0197,0.3125860095024109,0.36731648445129395,0.0,False,0
D4_1,refine,256,1,32,it0198,0.23656566441059113,0.1390048861503601,0.25,False,0
D4_1,refine,256,1,32,it0199,0.4721165597438812,0.40794140100479126,0.0,False,0
D4_1,refine,512,1,64,it0000,0.45183905959129333,0.49892330169677734,0.08695652173913043,False,0
D4_1,refine,512,1,64,it0001,0.4126262664794922,0.3112948536872864,0.2222222222222222,False,0
D4_1,refine,512,1,64,it0002,0.23529338836669922,0.14921972155570984,0.06666666666666667,False,0
D4_1,refine,512,1,64,it0003,0.28544706106185913,0.32243111729621887,0.2,False,0
D4_1,refine,512,1,64,it0004,0.39680954813957214,0.09689373522996902,0.1875,False,0
D4_1,refine,512,1,64,it0005,0.5029003620147705,0.32830968499183655,0.07407407407407407,False,0
D4_1,refine,512,1,64,it0006,0.2577313482761383,0.2449105679988861,0.2222222222222222,False,0
D4_1,refine,512,1,64,it0007,0.2248924970626831,0.2838740646839142,0.18181818181818182,False,0
D4_1,refine,512,1,64,it0008,0.45198386907577515,0.23699995875358582,0.2857142857142857,False,0
D4_1,refine,512,1,64,it0009,0.4530484080314636,0.4390837550163269,0.07407407407407407,False,0
D4_1,refine,512,1,64,it0010,0.5402473211288452,0.5465624928474426,0.05555555555555555,False,0
D4_1,refine,512,1,64,it0011,0.43497344851493835,0.3946375250816345,0.0,False,0
D4_1,refine,512,1,64,it0012,0.37002280354499817,0.4798148572444916,0.27586206896551724,False,0
D4_1,refine,512,1,64,it0013,0.5511204600334167,0.6351987719535828,0.0,False,0
D4_1,refine,512,1,64,it0014,0.3972806930541992,0.34617218375205994,0.3333333333333333,False,0
D4_1,refine,512,1,64,it0015,0.49732884764671326,0.5195397734642029,0.11764705882352941,False,0
D4_1,refine,512,1,64,it0016,0.6314831972122192,0.4914971590042114,0.11764705882352941,False,0
D4_1,refine,512,1,64,it0017,0.5221273899078369,0.3608478605747223,0.06666666666666667,False,0
D4_1,refine,512,1,64,it0018,0.31937578320503235,0.19799132645130157,0.2647058823529412,False,0
D4_1,refine,512,1,64,it0019,0.6470593214035034,0.5399320125579834,0.43478260869565216,False,0
D4_1,refine,512,1,64,it0020,0.3501018285751343,0.23380285501480103,0.23076923076923078,False,0
D4_1,refine,512,1,64,it0021,0.40921759605407715,0.3639846444129944,0.15151515151515152,False,0
D4_1,refine,512,1,64,it0022,0.3588345944881439,0.3873817026615143,0.4,False,0
D4_1,refine,512,1,64,it0023,0.6670962572097778,0.6078152656555176,0.1111111111111111,False,0
D4_1,refine,512,1,64,it0024,0.595818281173706,0.49397701025009155,0.14285714285714285,False,0
D4_1,refine,512,1,64,it0025,0.6265609264373779,0.5225917100906372,0.0,False,0
D4_1,refine,512,1,64,it0026,0.3272906541824341,0.2401699274778366,0.0,False,0
D4_1,refine,512,1,64,it0027,0.6785844564437866,0.547882616519928,0.1875,False,0
D4_1,refine,512,1,64,it0028,0.48760169744491577,0.5725656747817993,0.38095238095238093,False,0
D4_1,refine,512,1,64,it0029,0.3803127408027649,0.3595902919769287,0.0,False,0
D4_1,refine,512,1,64,it0030,0.5790866017341614,0.45168885588645935,0.08,False,0
D4_1,refine,512,1,64,it0031,0.2836776375770569,0.23933935165405273,0.0,False,0
D4_1,refine,512,1,64,it0032,0.5620296001434326,0.5478125810623169,0.07407407407407407,False,0
D4_1,refine,512,1,64,it0033,0.35129088163375854,0.26551544666290283,0.15384615384615385,False,0
D4_1,refine,512,1,64,it0034,0.5000772476196289,0.5689484477043152,0.0,False,0
D4_1,refine,512,1,64,it0035,0.28998279571533203,0.2852622866630554,0.15384615384615385,False,0
D4_1,refine,512,1,64,it0036,0.5802459120750427,0.5029790997505188,0.05555555555555555,False,0
D4_1,refine,512,1,64,it0037,0.5726528763771057,0.48485666513442993,0.06666666666666667,False,0
D4_1,refine,512,1,64,it0038,0.427647203207016,0.22925415635108948,0.10810810810810811,False,0
D4_1,refine,512,1,64,it0039,0.43620556592941284,0.42390334606170654,0.24390243902439024,False,0
D4_1,refine,512,1,64,it0040,0.3957849442958832,0.2736028730869293,0.06666666666666667,False,0
D4_1,refine,512,1,64,it0041,0.6324752569198608,0.39835891127586365,0.09090909090909091,False,0
D4_1,refine,512,1,64,it0042,0.4066823422908783,0.38537168502807617,0.1111111111111111,False,0
D4_1,refine,512,1,64,it0043,0.22621048986911774,0.07556623965501785,0.0,False,0
D4_1,refine,512,1,64,it0044,0.5385555624961853,0.5343008041381836,0.28,False,0
D4_1,refine,512,1,64,it0045,0.14666223526000977,0.31948113441467285,0.13333333333333333,False,0
D4_1,refine,512,1,64,it0046,0.3335314989089966,0.2156829833984375,0.0,False,0
D4_1,refine,512,1,64,it0047,0.3056364059448242,0.3549501299858093,0.5,False,0
D4_1,refine,512,1,64,it0048,0.5252954959869385,0.4706645607948303,0.1875,False,0
D4_1,refine,512,1,64,it0049,0.2908688187599182,0.4203285574913025,0.4090909090909091,False,0
D4_1,refine,512,1,64,it0050,0.22917860746383667,0.02084076777100563,0.5,False,0
D4_1,refine,512,1,64,it0051,0.19172033667564392,0.4335302710533142,0.10344827586206896,False,0
D4_1,refine,512,1,64,it0052,0.44757163524627686,0.4864060878753662,0.0,False,0
D4_1,refine,512,1,64,it0053,0.30245164036750793,0.3930518925189972,0.4864864864864865,False,0
D4_1,refine,512,1,64,it0054,0.22327262163162231,0.16017040610313416,0.0,False,0
D4_1,refine,512,1,64,it0055,0.429914265871048,0.502201497554779,0.3076923076923077,False,0
D4_1,refine,512,1,64,it0056,0.4150961935520172,0.3518012464046478,0.15,False,0
D4_1,refine,512,1,64,it0057,0.5450557470321655,0.40408721566200256,0.4117647058823529,False,0
D4_1,refine,512,1,64,it0058,0.40876781940460205,0.3129332363605499,0.4166666666666667,False,0
D4_1,refine,512,1,64,it0059,0.5664621591567993,0.5785573124885559,0.10714285714285714,False,0
D4_1,refine,512,1,64,it0060,0.3729570209980011,0.3089437782764435,0.058823529411764705,False,0
D4_1,refine,512,1,64,it0061,0.5231311917304993,0.5631679892539978,0.0,False,0
D4_1,refine,512,1,64,it0062,0.5874826908111572,0.5687341094017029,0.14285714285714285,False,0
D4_1,refine,512,1,64,it0063,0.37640371918678284,0.2848909795284271,0.20689655172413793,False,0
D4_1,refine,512,1,64,it0064,0.34780454635620117,0.5586543083190918,0.1111111111111111,False,0
D4_1,refine,512,1,64,it0065,0.6271795034408569,0.5883805751800537,0.15384615384615385,False,0
D4_1,refine,512,1,64,it0066,0.3131716251373291,0.36474335193634033,0.14285714285714285,False,0
D4_1,refine,512,1,64,it0067,0.39158886671066284,0.3820226192474365,0.2777777777777778,False,0
D4_1,refine,512,1,64,it0068,0.6567125916481018,0.5618666410446167,0.0,False,0
D4_1,refine,512,1,64,it0069,0.328568696975708,0.27282655239105225,0.13636363636363635,False,0
D4_1,refine,512,1,64,it0070,0.33753687143325806,0.3725495934486389,0.13333333333333333,False,0
D4_1,refine,512,1,64,it0071,0.5210923552513123,0.4080458879470825,0.07142857142857142,False,0
D4_1,refine,512,1,64,it0072,0.5227136015892029,0.5460280776023865,0.0,False,0
D4_1,refine,512,1,64,it0073,0.1222202479839325,0.15119609236717224,0.3103448275862069,False,0
D4_1,refine,512,1,64,it0074,0.3235434889793396,0.2524760961532593,0.26666666666666666,False,0
D4_1,refine,512,1,64,it0075,0.28219905495643616,0.3309868574142456,0.0,False,0
D4_1,refine,512,1,64,it0076,0.5002039670944214,0.27826300263404846,0.2608695652173913,False,0
D4_1,refine,512,1,64,it0077,0.4930059015750885,0.7021705508232117,0.25,False,0
D4_1,refine,512,1,64,it0078,0.28427988290786743,0.2924741506576538,0.19047619047619047,False,0
D4_1,refine,512,1,64,it0079,0.6560254096984863,0.6353976726531982,0.0,False,0
D4_1,refine,512,1,64,it0080,0.4169917702674866,0.3084389865398407,0.12195121951219512,False,0
D4_1,refine,512,1,64,it0081,0.4799913763999939,0.46967142820358276,0.10714285714285714,False,0
D4_1,refine,512,1,64,it0082,0.420274555683136,0.4692855179309845,0.058823529411764705,False,0
D4_1,refine,512,1,64,it0083,0.5281271934509277,0.41507256031036377,0.0,False,0
D4_1,refine,512,1,64,it0084,0.627395749092102,0.46945077180862427,0.044444444444444446,False,0
D4_1,refine,512,1,64,it0085,0.5517703890800476,0.4360927939414978,0.0,False,0
D4_1,refine,512,1,64,it0086,0.6745117902755737,0.5468071103096008,0.8823529411764706,False,0
D4_1,refine,512,1,64,it0087,0.5133602023124695,0.6436729431152344,0.1875,False,0
D4_1,refine,512,1,64,it0088,0.4431023895740509,0.36510634422302246,0.09523809523809523,False,0
D4_1,refine,512,1,64,it0089,0.43598514795303345,0.20809943974018097,0.041666666666666664,False,0
D4_1,refine,512,1,64,it0090,0.5977826118469238,0.555851936340332,0.0,False,0
D4_1,refine,512,1,64,it0091,0.5656693577766418,0.6147392988204956,0.12903225806451613,False,0
D4_1,refine,512,1,64,it0092,0.5917651653289795,0.4167444407939911,0.08571428571428572,False,0
D4_1,refine,512,1,64,it0093,0.44389647245407104,0.3928142786026001,0.10526315789473684,False,0
D4_1,refine,512,1,64,it0094,0.5135085582733154,0.49905890226364136,0.0,False,0
D4_1,refine,512,1,64,it0095,0.4904157817363739,0.525239109992981,0.14285714285714285,False,0
D4_1,refine,512,1,64,it0096,0.477482408285141,0.35868191719055176,0.2727272727272727,False,0
D4_1,refine,512,1,64,it0097,0.6713572144508362,0.6037976741790771,0.1,False,0
D4_1,refine,512,1,64,it0098,0.5213050842285156,0.3224250078201294,0.3333333333333333,False,0
D4_1,refine,512,1,64,it0099,0.22395993769168854,0.2038569152355194,0.043478260869565216,False,0
D4_1,refine,512,1,64,it0100,0.7039362192153931,0.6571044325828552,0.0,False,0
D4_1,refine,512,1,64,it0101,0.4472784698009491,0.33122533559799194,0.05263157894736842,False,0
D4_1,refine,512,1,64,it0102,0.2819378077983856,0.4153348505496979,0.15384615384615385,False,0
D4_1,refine,512,1,64,it0103,0.36987289786338806,0.39940914511680603,0.045454545454545456,False,0
D4_1,refine,512,1,64,it0104,0.5323272347450256,0.514488935470581,0.125,False,0
D4_1,refine,512,1,64,it0105,0.5048324465751648,0.5822758674621582,0.34285714285714286,False,0
D4_1,refine,512,1,64,it0106,0.2872462272644043,0.316631942987442,0.125,False,0
D4_1,refine,512,1,64,it0107,0.51590496301651,0.5584332942962646,0.13043478260869565,False,0
D4_1,refine,512,1,64,it0108,0.4711475074291229,0.31752145290374756,0.375,False,0
D4_1,refine,512,1,64,it0109,0.44435369968414307,0.275613009929657,0.05263157894736842,False,0
D4_1,refine,512,1,64,it0110,0.22032544016838074,0.292208731174469,0.1,False,0
D4_1,refine,512,1,64,it0111,0.25733479857444763,0.1819871962070465,0.06060606060606061,False,0
D4_1,refine,512,1,64,it0112,0.643861711025238,0.6091926097869873,0.0,False,0
D4_1,refine,512,1,64,it0113,0.5351904630661011,0.45970338582992554,0.045454545454545456,False,0
D4_1,refine,512,1,64,it0114,0.4615817070007324,0.4355792999267578,0.2777777777777778,False,0
D4_1,refine,512,1,64,it0115,0.32081106305122375,0.21368689835071564,0.0,False,0
D4_1,refine,512,1,64,it0116,0.5895730257034302,0.17179352045059204,0.17647058823529413,False,0
D4_1,refine,512,1,64,it0117,0.4107682406902313,0.5051779747009277,0.058823529411764705,False,0
D4_1,refine,512,1,64,it0118,0.4990524351596832,0.5335307121276855,0.057692307692307696,False,0
D4_1,refine,512,1,64,it0119,0.47811517119407654,0.5291857719421387,0.21428571428571427,False,0
D4_1,refine,512,1,64,it0120,0.4711899161338806,0.504958987236023,0.0,False,0
D4_1,refine,512,1,64,it0121,0.49323344230651855,0.32018762826919556,0.2,False,0
D4_1,refine,512,1,64,it0122,0.18486356735229492,0.22368133068084717,0.22727272727272727,False,0
D4_1,refine,512,1,64,it0123,0.19297924637794495,0.4188935160636902,0.058823529411764705,False,0
D4_1,refine,512,1,64,it0124,0.5950803160667419,0.4481056332588196,0.15151515151515152,False,0
D4_1,refine,512,1,64,it0125,0.47572338581085205,0.29197806119918823,0.1282051282051282,False,0
D4_1,refine,512,1,64,it0126,0.500482439994812,0.3161787986755371,0.0,False,0
D4_1,refine,512,1,64,it0127,0.5014890432357788,0.3527323305606842,0.0,False,0
D4_1,refine,512,1,64,it0128,0.4002893269062042,0.46026986837387085,0.35,False,0
D4_1,refine,512,1,64,it0129,0.39613720774650574,0.31300973892211914,0.0,False,0
D4_1,refine,512,1,64,it0130,0.3492371439933777,0.4471445083618164,0.1,False,0
D4_1,refine,512,1,64,it0131,0.1840400993824005,0.3721000552177429,0.0,False,0
D4_1,refine,512,1,64,it0132,0.30652928352355957,0.224915012717247,0.14285714285714285,False,0
D4_1,refine,512,1,64,it0133,0.6260898113250732,0.7006691694259644,0.03571428571428571,False,0
D4_1,refine,512,1,64,it0134,0.3599022626876831,0.28127455711364746,0.02631578947368421,False,0
D4_1,refine,512,1,64,it0135,0.42015916109085083,0.39306479692459106,0.07692307692307693,False,0
D4_1,refine,512,1,64,it0136,0.4184395372867584,0.45265835523605347,0.0,False,0
D4_1,refine,512,1,64,it0137,0.6115238070487976,0.42719268798828125,0.25,False,0
D4_1,refine,512,1,64,it0138,0.605725884437561,0.4802831709384918,0.2222222222222222,False,0
D4_1,refine,512,1,64,it0139,0.588667094707489,0.43756335973739624,0.0,False,0
D4_1,refine,512,1,64,it0140,0.4765370786190033,0.39880454540252686,0.20833333333333334,False,0
D4_1,refine,512,1,64,it0141,0.6350153684616089,0.6716397404670715,0.2,False,0
D4_1,refine,512,1,64,it0142,0.214567169547081,0.17905718088150024,0.04,False,0
D4_1,refine,512,1,64,it0143,0.2734968662261963,0.38699036836624146,0.0,False,0
D4_1,refine,512,1,64,it0144,0.5102236270904541,0.4475520849227905,0.10714285714285714,False,0
D4_1,refine,512,1,64,it0145,0.5608543753623962,0.5904217958450317,0.025,False,0
D4_1,refine,512,1,64,it0146,0.5343090295791626,0.4849347472190857,0.0,False,0
D4_1,refine,512,1,64,it0147,0.41556456685066223,0.41799846291542053,0.0,False,0
D4_1,refine,512,1,64,it0148,0.050060078501701355,0.183863565325737,0.07142857142857142,False,0
D4_1,refine,512,1,64,it0149,0.501843273639679,0.360963374376297,0.14285714285714285,False,0
D4_1,refine,512,1,64,it0150,0.297029584646225,0.3121393620967865,0.038461538461538464,False,0
D4_1,refine,512,1,64,it0151,0.5738306045532227,0.47316545248031616,0.0,False,0
D4_1,refine,512,1,64,it0152,0.43481558561325073,0.3507559597492218,0.0,False,0
D4_1,refine,512,1,64,it0153,0.2736315131187439,0.402634859085083,0.16666666666666666,False,0
D4_1,refine,512,1,64,it0154,0.20562595129013062,0.10099588334560394,0.10526315789473684,False,0
D4_1,refine,512,1,64,it0155,0.3108145296573639,0.37893587350845337,0.10714285714285714,False,0
D4_1,refine,512,1,64,it0156,0.3308340609073639,0.22476375102996826,0.19047619047619047,False,0
D4_1,refine,512,1,64,it0157,0.5517669916152954,0.5807469487190247,0.09302325581395349,False,0
D4_1,refine,512,1,64,it0158,0.27137354016304016,0.14636266231536865,0.10526315789473684,False,0
D4_1,refine,512,1,64,it0159,0.29955652356147766,0.2719852030277252,0.14285714285714285,False,0
D4_1,refine,512,1,64,it0160,0.5842977166175842,0.5316365957260132,0.0967741935483871,False,0
D4_1,refine,512,1,64,it0161,0.27227842807769775,0.2809886932373047,0.3103448275862069,False,0
D4_1,refine,512,1,64,it0162,0.07015985995531082,0.28409045934677124,0.14814814814814814,False,0
D4_1,refine,512,1,64,it0163,0.5122137069702148,0.38985753059387207,0.0,False,0
D4_1,refine,512,1,64,it0164,0.5558152794837952,0.37859949469566345,0.03225806451612903,False,0
D4_1,refine,512,1,64,it0165,0.33690959215164185,0.18171069025993347,0.06060606060606061,False,0
D4_1,refine,512,1,64,it0166,0.5662027597427368,0.3199525475502014,0.08333333333333333,False,0
D4_1,refine,512,1,64,it0167,0.3847842514514923,0.5017860531806946,0.21052631578947367,False,0
D4_1,refine,512,1,64,it0168,0.3643805682659149,0.31484928727149963,0.1,False,0
D4_1,refine,512,1,64,it0169,0.4549177885055542,0.5412408113479614,0.25,False,0
D4_1,refine,512,1,64,it0170,0.4086616039276123,0.4330316185951233,0.29411764705882354,False,0
D4_1,refine,512,1,64,it0171,0.6922467350959778,0.5556732416152954,0.14285714285714285,False,0
D4_1,refine,512,1,64,it0172,0.2881774306297302,0.26523149013519287,0.0,False,0
D4_1,refine,512,1,64,it0173,0.6987423300743103,0.6059761643409729,0.0,False,0
D4_1,refine,512,1,64,it0174,0.5059728622436523,0.3224729597568512,0.1875,False,0
D4_1,refine,512,1,64,it0175,0.17292244732379913,0.16179734468460083,0.0,False,0
D4_1,refine,512,1,64,it0176,0.2639164328575134,0.3220055103302002,0.1111111111111111,False,0
D4_1,refine,512,1,64,it0177,0.3727850615978241,0.3730224370956421,0.10526315789473684,False,0
D4_1,refine,512,1,64,it0178,0.44764333963394165,0.3391266465187073,0.17647058823529413,False,0
D4_1,refine,512,1,64,it0179,0.6395312547683716,0.622943639755249,0.06451612903225806,False,0
D4_1,refine,512,1,64,it0180,0.425138384103775,0.5019582509994507,0.14285714285714285,False,0
D4_1,refine,512,1,64,it0181,0.543074905872345,0.4924176335334778,0.024390243902439025,False,0
D4_1,refine,512,1,64,it0182,0.5923750400543213,0.4758110046386719,0.16,False,0
D4_1,refine,512,1,64,it0183,0.519869327545166,0.5803430080413818,0.0,False,0
D4_1,refine,512,1,64,it0184,0.2979961335659027,0.246633380651474,0.2,False,0
D4_1,refine,512,1,64,it0185,0.44050484895706177,0.5425301790237427,0.1935483870967742,False,0
D4_1,refine,512,1,64,it0186,0.6167593002319336,0.5232388377189636,0.3333333333333333,False,0
D4_1,refine,512,1,64,it0187,0.498190701007843,0.3791521191596985,0.0625,False,0
D4_1,refine,512,1,64,it0188,0.4597860872745514,0.5619687438011169,0.3333333333333333,False,0
D4_1,refine,512,1,64,it0189,0.45307475328445435,0.34218013286590576,0.05,False,0
D4_1,refine,512,1,64,it0190,0.5937883257865906,0.6063747406005859,0.125,False,0
D4_1,refine,512,1,64,it0191,0.48573362827301025,0.419552206993103,0.08,False,0
D4_1,refine,512,1,64,it0192,0.654050350189209,0.6800727844238281,0.14814814814814814,False,0
D4_1,refine,512,1,64,it0193,0.3502471446990967,0.16251923143863678,0.375,False,0
D4_1,refine,512,1,64,it0194,0.6865298748016357,0.6266911029815674,0.0,False,0
D4_1,refine,512,1,64,it0195,0.5530146360397339,0.4913769066333771,0.15384615384615385,False,0
D4_1,refine,512,1,64,it0196,0.4046681821346283,0.3151884078979492,0.14285714285714285,False,0
D4_1,refine,512,1,64,it0197,0.47578081488609314,0.41087719798088074,0.0,False,0
D4_1,refine,512,1,64,it0198,0.20810794830322266,0.14273343980312347,0.125,False,0
D4_1,refine,512,1,64,it0199,0.4226648807525635,0.32452964782714844,0.17647058823529413,False,0
