run,arm,nfe,K,T,item,ecapa,wavlm,wer,degenerate,pick
D3_1,search,128,2,8,it0000,0.42665156722068787,0.4089866578578949,0.1956521739130435,False,1
D3_1,search,128,2,8,it0001,0.4567406177520752,0.2821195721626282,0.0,False,1
D3_1,search,128,2,8,it0002,0.35907289385795593,0.24700559675693512,0.2,False,1
D3_1,search,128,2,8,it0003,0.38839325308799744,0.3242686986923218,0.26666666666666666,False,0
D3_1,search,128,2,8,it0004,0.47681641578674316,0.33728012442588806,0.1875,False,0
D3_1,search,128,2,8,it0005,0.5436809062957764,0.4999837279319763,0.07407407407407407,False,0
D3_1,search,128,2,8,it0006,0.2615407109260559,0.4018642008304596,0.2777777777777778,False,1
D3_1,search,128,2,8,it0007,0.3251810669898987,0.34723979234695435,0.18181818181818182,False,1
D3_1,search,128,2,8,it0008,0.4409593343734741,0.2203800082206726,0.47619047619047616,False,1
D3_1,search,128,2,8,it0009,0.5320619344711304,0.5721744894981384,0.0,False,1
D3_1,search,128,2,8,it0010,0.5947705507278442,0.6590886116027832,0.1111111111111111,False,1
D3_1,search,128,2,8,it0011,0.5741113424301147,0.5937451720237732,0.17391304347826086,False,0
D3_1,search,128,2,8,it0012,0.46335482597351074,0.36289018392562866,0.6551724137931034,False,0
D3_1,search,128,2,8,it0013,0.5527135133743286,0.5822885036468506,0.07407407407407407,False,0
D3_1,search,128,2,8,it0014,0.4411202371120453,0.4402826428413391,0.06666666666666667,False,0
D3_1,search,128,2,8,it0015,0.5384711623191833,0.5223153829574585,0.23529411764705882,False,1
D3_1,search,128,2,8,it0016,0.6374067068099976,0.5317283272743225,0.14705882352941177,False,0
D3_1,search,128,2,8,it0017,0.5185545086860657,0.49869173765182495,0.06666666666666667,False,1
D3_1,search,128,2,8,it0018,0.31488436460494995,0.24076780676841736,0.029411764705882353,False,1
D3_1,search,128,2,8,it0019,0.5894402861595154,0.5356873273849487,0.17391304347826086,False,0
D3_1,search,128,2,8,it0020,0.34248530864715576,0.4724220931529999,0.23076923076923078,False,0
D3_1,search,128,2,8,it0021,0.42404142022132874,0.38076716661453247,0.24242424242424243,False,1
D3_1,search,128,2,8,it0022,0.44866397976875305,0.4762886166572571,0.65,False,1
D3_1,search,128,2,8,it0023,0.611199140548706,0.49823400378227234,0.1111111111111111,False,0
D3_1,search,128,2,8,it0024,0.5845019221305847,0.4663386344909668,0.14285714285714285,False,0
D3_1,search,128,2,8,it0025,0.6285325884819031,0.5219505429267883,0.05,False,1
D3_1,search,128,2,8,it0026,0.3827493488788605,0.23979464173316956,0.1875,False,1
D3_1,search,128,2,8,it0027,0.698113203048706,0.66615229845047,0.1875,False,1
D3_1,search,128,2,8,it0028,0.5061628818511963,0.5723257660865784,0.23809523809523808,False,0
D3_1,search,128,2,8,it0029,0.3065246641635895,0.43369466066360474,0.0,False,0
D3_1,search,128,2,8,it0030,0.5967209935188293,0.4936363995075226,0.12,False,1
D3_1,search,128,2,8,it0031,0.44994229078292847,0.2527525722980499,0.4444444444444444,False,0
D3_1,search,128,2,8,it0032,0.6569053530693054,0.560185432434082,0.037037037037037035,False,1
D3_1,search,128,2,8,it0033,0.38410672545433044,0.24198362231254578,0.3076923076923077,False,0
D3_1,search,128,2,8,it0034,0.5165614485740662,0.4589673578739166,0.13333333333333333,False,1
D3_1,search,128,2,8,it0035,0.2140723168849945,0.23937271535396576,0.0,False,1
D3_1,search,128,2,8,it0036,0.5742250680923462,0.5032893419265747,0.05555555555555555,False,1
D3_1,search,128,2,8,it0037,0.47146299481391907,0.4952969253063202,0.06666666666666667,False,0
D3_1,search,128,2,8,it0038,0.41884827613830566,0.2807859778404236,0.21621621621621623,False,0
D3_1,search,128,2,8,it0039,0.42019355297088623,0.37717872858047485,0.17073170731707318,False,1
D3_1,search,128,2,8,it0040,0.466194748878479,0.25883346796035767,0.06666666666666667,False,1
D3_1,search,128,2,8,it0041,0.6372455358505249,0.4975326657295227,0.045454545454545456,False,1
D3_1,search,128,2,8,it0042,0.46338289976119995,0.3740723133087158,0.25925925925925924,False,0
D3_1,search,128,2,8,it0043,0.30966800451278687,0.3642236292362213,0.07692307692307693,False,1
D3_1,search,128,2,8,it0044,0.5599832534790039,0.5455085039138794,0.28,False,1
D3_1,search,128,2,8,it0045,0.23810619115829468,0.44561392068862915,0.1,False,1
D3_1,search,128,2,8,it0046,0.22023546695709229,0.2578107416629791,0.125,False,0
D3_1,search,128,2,8,it0047,0.3447066843509674,0.345147967338562,0.55,False,1
D3_1,search,128,2,8,it0048,0.4884030818939209,0.48596513271331787,0.0,False,0
D3_1,search,128,2,8,it0049,0.2866155505180359,0.5168154239654541,0.09090909090909091,False,1
D3_1,search,128,2,8,it0050,0.24494969844818115,-0.05813605338335037,0.13636363636363635,False,0
D3_1,search,128,2,8,it0051,0.20305347442626953,0.40145114064216614,0.1724137931034483,False,1
D3_1,search,128,2,8,it0052,0.2233421504497528,0.29369843006134033,0.0,False,0
D3_1,search,128,2,8,it0053,0.3298930525779724,0.3520445227622986,0.2702702702702703,False,1
D3_1,search,128,2,8,it0054,0.37084877490997314,0.35390332341194153,0.5416666666666666,False,0
D3_1,search,128,2,8,it0055,0.48176491260528564,0.4613978862762451,0.38461538461538464,False,0
D3_1,search,128,2,8,it0056,0.29585152864456177,0.18466565012931824,0.3,False,1
D3_1,search,128,2,8,it0057,0.539182186126709,0.32686829566955566,0.38235294117647056,False,1
D3_1,search,128,2,8,it0058,0.3559607267379761,0.398321270942688,0.25,False,0
D3_1,search,128,2,8,it0059,0.5077856779098511,0.5364212989807129,0.35714285714285715,False,0
D3_1,search,128,2,8,it0060,0.44927123188972473,0.3779226839542389,0.0,False,1
D3_1,search,128,2,8,it0061,0.5823224186897278,0.594223141670227,0.02857142857142857,False,0
D3_1,search,128,2,8,it0062,0.5961085557937622,0.4935581088066101,0.19047619047619047,False,1
D3_1,search,128,2,8,it0063,0.3842821717262268,0.3737715780735016,0.2413793103448276,False,0
D3_1,search,128,2,8,it0064,0.3791377544403076,0.45366132259368896,0.16666666666666666,False,1
D3_1,search,128,2,8,it0065,0.6621203422546387,0.6108680367469788,0.15384615384615385,False,0
D3_1,search,128,2,8,it0066,0.27895525097846985,0.3759211599826813,0.38095238095238093,False,1
D3_1,search,128,2,8,it0067,0.16575589776039124,0.13384701311588287,0.05555555555555555,False,0
D3_1,search,128,2,8,it0068,0.6792043447494507,0.6174615621566772,0.0,False,0
D3_1,search,128,2,8,it0069,0.3162968158721924,0.4246170222759247,0.36363636363636365,False,1
D3_1,search,128,2,8,it0070,0.47333911061286926,0.4872397780418396,0.13333333333333333,False,0
D3_1,search,128,2,8,it0071,0.5644994974136353,0.572189450263977,0.21428571428571427,False,0
D3_1,search,128,2,8,it0072,0.5306940078735352,0.49013036489486694,0.18181818181818182,False,0
D3_1,search,128,2,8,it0073,0.20439045131206512,0.2985781729221344,0.5517241379310345,False,0
D3_1,search,128,2,8,it0074,0.18868377804756165,0.2548927962779999,0.26666666666666666,False,0
D3_1,search,128,2,8,it0075,0.3011032044887543,0.4498607814311981,0.043478260869565216,False,0
D3_1,search,128,2,8,it0076,0.5432593822479248,0.30040574073791504,0.21739130434782608,False,0
D3_1,search,128,2,8,it0077,0.47092002630233765,0.6653567552566528,0.0,False,1
D3_1,search,128,2,8,it0078,0.36994436383247375,0.2914385199546814,0.09523809523809523,False,0
D3_1,search,128,2,8,it0079,0.7295597195625305,0.6351110935211182,0.125,False,0
D3_1,search,128,2,8,it0080,0.3522542417049408,0.22317297756671906,0.34146341463414637,False,0
D3_1,search,128,2,8,it0081,0.3520283102989197,0.33916741609573364,0.0,False,1
D3_1,search,128,2,8,it0082,0.5803852081298828,0.4815884828567505,0.47058823529411764,False,1
D3_1,search,128,2,8,it0083,0.5679207444190979,0.43947818875312805,0.08823529411764706,False,1
D3_1,search,128,2,8,it0084,0.698993444442749,0.5680321455001831,0.06666666666666667,False,0
D3_1,search,128,2,8,it0085,0.4732954502105713,0.4490036964416504,0.07142857142857142,False,1
D3_1,search,128,2,8,it0086,0.5627805590629578,0.5382636189460754,0.058823529411764705,False,0
D3_1,search,128,2,8,it0087,0.47176408767700195,0.6545876860618591,0.3125,False,0
D3_1,search,128,2,8,it0088,0.43564555048942566,0.35942816734313965,0.0,False,0
D3_1,search,128,2,8,it0089,0.4052511155605316,0.37946006655693054,0.041666666666666664,False,0
D3_1,search,128,2,8,it0090,0.613076388835907,0.6028592586517334,0.0,False,0
D3_1,search,128,2,8,it0091,0.6241981983184814,0.5529847145080566,0.03225806451612903,False,0
D3_1,search,128,2,8,it0092,0.47530075907707214,0.3358214199542999,0.14285714285714285,False,1
D3_1,search,128,2,8,it0093,0.498126745223999,0.393300861120224,0.05263157894736842,False,1
D3_1,search,128,2,8,it0094,0.4523586630821228,0.5428544282913208,0.07692307692307693,False,1
D3_1,search,128,2,8,it0095,0.45749399065971375,0.5129700899124146,0.19047619047619047,False,0
D3_1,search,128,2,8,it0096,0.5608812570571899,0.36245638132095337,0.3181818181818182,False,1
D3_1,search,128,2,8,it0097,0.6581229567527771,0.6275476217269897,0.1,False,1
D3_1,search,128,2,8,it0098,0.5312932133674622,0.3912776708602905,0.14814814814814814,False,0
D3_1,search,128,2,8,it0099,0.26040545105934143,0.22693398594856262,0.0,False,0
D3_1,search,128,2,8,it0100,0.6567734479904175,0.5994309186935425,0.07692307692307693,False,1
D3_1,search,128,2,8,it0101,0.38560086488723755,0.3656490445137024,0.13157894736842105,False,0
D3_1,search,128,2,8,it0102,0.35930198431015015,0.38949504494667053,0.07692307692307693,False,0
D3_1,search,128,2,8,it0103,0.3498826324939728,0.37546202540397644,0.2727272727272727,False,1
D3_1,search,128,2,8,it0104,0.5080138444900513,0.505972146987915,0.041666666666666664,False,1
D3_1,search,128,2,8,it0105,0.4272555708885193,0.6123003959655762,0.37142857142857144,False,0
D3_1,search,128,2,8,it0106,0.3259371519088745,0.4127175509929657,0.08333333333333333,False,0
D3_1,search,128,2,8,it0107,0.5984693765640259,0.5102120637893677,0.0,False,0
D3_1,search,128,2,8,it0108,0.4943559765815735,0.4202525317668915,0.4375,False,1
D3_1,search,128,2,8,it0109,0.49475839734077454,0.3635079264640808,0.3684210526315789,False,0
D3_1,search,128,2,8,it0110,0.13550390303134918,0.3094463646411896,0.23333333333333334,False,1
D3_1,search,128,2,8,it0111,0.20374228060245514,0.10232595354318619,0.21212121212121213,False,0
D3_1,search,128,2,8,it0112,0.6155149936676025,0.5128383040428162,0.09090909090909091,False,1
D3_1,search,128,2,8,it0113,0.5605852007865906,0.5575729608535767,0.0,False,0
D3_1,search,128,2,8,it0114,0.4861053228378296,0.39053142070770264,0.4444444444444444,False,0
D3_1,search,128,2,8,it0115,0.43954217433929443,0.29531675577163696,0.0,False,0
D3_1,search,128,2,8,it0116,0.5401079654693604,0.4388611316680908,0.35294117647058826,False,1
D3_1,search,128,2,8,it0117,0.4747752547264099,0.5833877325057983,0.17647058823529413,False,0
D3_1,search,128,2,8,it0118,0.6461843848228455,0.608196496963501,0.23076923076923078,False,0
D3_1,search,128,2,8,it0119,0.5363867878913879,0.5655329823493958,0.35714285714285715,False,0
D3_1,search,128,2,8,it0120,0.6723708510398865,0.5806823372840881,0.06666666666666667,False,0
D3_1,search,128,2,8,it0121,0.5249599814414978,0.3605830669403076,0.3,False,1
D3_1,search,128,2,8,it0122,0.11281329393386841,0.361485093832016,0.3181818181818182,False,1
D3_1,search,128,2,8,it0123,0.37379926443099976,0.43512028455734253,0.17647058823529413,False,0
D3_1,search,128,2,8,it0124,0.6279600262641907,0.44624191522598267,0.2727272727272727,False,0
D3_1,search,128,2,8,it0125,0.5406505465507507,0.4601256549358368,0.15384615384615385,False,0
D3_1,search,128,2,8,it0126,0.43634140491485596,0.43119680881500244,0.0625,False,0
D3_1,search,128,2,8,it0127,0.36847350001335144,0.37452173233032227,0.058823529411764705,False,0
D3_1,search,128,2,8,it0128,0.5052239894866943,0.5250048637390137,0.1,False,0
D3_1,search,128,2,8,it0129,0.3092418313026428,0.2609899938106537,0.17647058823529413,False,1
D3_1,search,128,2,8,it0130,0.31398457288742065,0.2992457449436188,0.1,False,1
D3_1,search,128,2,8,it0131,0.474609375,0.5338081121444702,0.16129032258064516,False,1
D3_1,search,128,2,8,it0132,0.3384163975715637,0.2677481472492218,0.0,False,1
D3_1,search,128,2,8,it0133,0.5360801219940186,0.5404629707336426,0.03571428571428571,False,1
D3_1,search,128,2,8,it0134,0.3288235068321228,0.3162647485733032,0.10526315789473684,False,0
D3_1,search,128,2,8,it0135,0.3646652400493622,0.30260738730430603,0.20512820512820512,False,0
D3_1,search,128,2,8,it0136,0.44264501333236694,0.48944297432899475,0.05,False,0
D3_1,search,128,2,8,it0137,0.5810762643814087,0.4312852621078491,0.08333333333333333,False,0
D3_1,search,128,2,8,it0138,0.4802662134170532,0.5708439946174622,0.3333333333333333,False,0
D3_1,search,128,2,8,it0139,0.5310189127922058,0.29187190532684326,0.0,False,0
D3_1,search,128,2,8,it0140,0.28653615713119507,0.319465696811676,0.16666666666666666,False,1
D3_1,search,128,2,8,it0141,0.6662320494651794,0.6866205930709839,0.3,False,1
D3_1,search,128,2,8,it0142,0.309491902589798,0.2503117024898529,0.04,False,1
D3_1,search,128,2,8,it0143,0.3271716833114624,0.44893544912338257,0.0,False,0
D3_1,search,128,2,8,it0144,0.4879949986934662,0.24982130527496338,0.0,False,0
D3_1,search,128,2,8,it0145,0.6473931074142456,0.6487876176834106,0.325,False,1
D3_1,search,128,2,8,it0146,0.553964376449585,0.528261661529541,0.05,False,0
D3_1,search,128,2,8,it0147,0.33910417556762695,0.45794880390167236,0.08695652173913043,False,0
D3_1,search,128,2,8,it0148,0.11488007754087448,0.13022461533546448,0.21428571428571427,False,1
D3_1,search,128,2,8,it0149,0.4619453549385071,0.3845590054988861,0.35714285714285715,False,1
D3_1,search,128,2,8,it0150,0.503098726272583,0.5109761357307434,0.07692307692307693,False,0
D3_1,search,128,2,8,it0151,0.5862557291984558,0.5359365344047546,0.058823529411764705,False,0
D3_1,search,128,2,8,it0152,0.6418984532356262,0.4026182293891907,0.058823529411764705,False,1
D3_1,search,128,2,8,it0153,0.3763185143470764,0.4493672847747803,0.09523809523809523,False,0
D3_1,search,128,2,8,it0154,0.20887915790081024,0.10117515176534653,0.10526315789473684,False,0
D3_1,search,128,2,8,it0155,0.3293672204017639,0.28023383021354675,0.07142857142857142,False,0
D3_1,search,128,2,8,it0156,0.33160558342933655,0.30181780457496643,0.047619047619047616,False,0
D3_1,search,128,2,8,it0157,0.5861737132072449,0.4963827133178711,0.13953488372093023,False,1
D3_1,search,128,2,8,it0158,0.3665596842765808,0.31998011469841003,0.2631578947368421,False,1
D3_1,search,128,2,8,it0159,0.6356498003005981,0.5571681261062622,0.2857142857142857,False,0
D3_1,search,128,2,8,it0160,0.5547791719436646,0.34992626309394836,0.06451612903225806,False,1
D3_1,search,128,2,8,it0161,0.47353342175483704,0.39872992038726807,0.1724137931034483,False,1
D3_1,search,128,2,8,it0162,0.11604347825050354,0.3128381073474884,0.18518518518518517,False,1
D3_1,search,128,2,8,it0163,0.4821256995201111,0.40544697642326355,0.0,False,1
D3_1,search,128,2,8,it0164,0.468252956867218,0.29897141456604004,0.12903225806451613,False,1
D3_1,search,128,2,8,it0165,0.23477351665496826,0.33366888761520386,0.15151515151515152,False,0
D3_1,search,128,2,8,it0166,0.5099104642868042,0.2825695872306824,0.3333333333333333,False,1
D3_1,search,128,2,8,it0167,0.4913868308067322,0.41429653763771057,0.3157894736842105,False,0
D3_1,search,128,2,8,it0168,0.3439291715621948,0.3533591628074646,0.0,False,0
D3_1,search,128,2,8,it0169,0.46825847029685974,0.3854213356971741,0.1,False,0
D3_1,search,128,2,8,it0170,0.5002278685569763,0.40018200874328613,0.11764705882352941,False,0
D3_1,search,128,2,8,it0171,0.6432265043258667,0.5289841890335083,0.09523809523809523,False,0
D3_1,search,128,2,8,it0172,0.22347784042358398,0.28407421708106995,0.04,False,0
D3_1,search,128,2,8,it0173,0.6632921099662781,0.6720901727676392,0.1,False,0
D3_1,search,128,2,8,it0174,0.5342415571212769,0.46370750665664673,0.3125,False,1
D3_1,search,128,2,8,it0175,0.30302461981773376,0.18854251503944397,0.26666666666666666,False,1
D3_1,search,128,2,8,it0176,0.3932744860649109,0.4208868741989136,0.1111111111111111,False,1
D3_1,search,128,2,8,it0177,0.3672609031200409,0.4034259617328644,0.10526315789473684,False,1
D3_1,search,128,2,8,it0178,0.2759697139263153,0.23178626596927643,0.6470588235294118,False,1
D3_1,search,128,2,8,it0179,0.5588122606277466,0.6605438590049744,0.12903225806451613,False,0
D3_1,search,128,2,8,it0180,0.5106912851333618,0.5209822058677673,0.0,False,0
D3_1,search,128,2,8,it0181,0.6190049648284912,0.5470938682556152,0.04878048780487805,False,0
D3_1,search,128,2,8,it0182,0.5473102927207947,0.5388001203536987,0.36,False,0
D3_1,search,128,2,8,it0183,0.6283395290374756,0.6045348644256592,0.0,False,1
D3_1,search,128,2,8,it0184,0.2827829122543335,0.3573000729084015,0.13333333333333333,False,1
D3_1,search,128,2,8,it0185,0.46681809425354004,0.4508897066116333,0.12903225806451613,False,0
D3_1,search,128,2,8,it0186,0.6218486428260803,0.45417603850364685,0.20833333333333334,False,0
D3_1,search,128,2,8,it0187,0.38085392117500305,0.4170677363872528,0.3125,False,1
D3_1,search,128,2,8,it0188,0.438385933637619,0.48540180921554565,0.2777777777777778,False,1
D3_1,search,128,2,8,it0189,0.38951075077056885,0.3167387843132019,0.3,False,1
D3_1,search,128,2,8,it0190,0.5949327349662781,0.5284796357154846,0.0,False,1
D3_1,search,128,2,8,it0191,0.5071460008621216,0.4046948552131653,0.0,False,1
D3_1,search,128,2,8,it0192,0.6621624827384949,0.6065039038658142,0.25925925925925924,False,1
D3_1,search,128,2,8,it0193,0.4787035882472992,0.2240740954875946,0.3125,False,1
D3_1,search,128,2,8,it0194,0.5749834179878235,0.5696002244949341,0.0,False,0
D3_1,search,128,2,8,it0195,0.524863600730896,0.4888606369495392,0.038461538461538464,False,1
D3_1,search,128,2,8,it0196,0.4657323360443115,0.3561165928840637,0.21428571428571427,False,0
D3_1,search,128,2,8,it0197,0.47980213165283203,0.4187730550765991,0.18181818181818182,False,0
D3_1,search,128,2,8,it0198,0.30130651593208313,0.19727644324302673,0.0,False,1
D3_1,search,128,2,8,it0199,0.43102285265922546,0.3886866271495819,0.058823529411764705,False,1
D3_1,search,256,4,8,it0000,0.4280761480331421,0.4797632098197937,0.21739130434782608,False,2
D3_1,search,256,4,8,it0001,0.36747604608535767,0.28657451272010803,0.16666666666666666,False,2
D3_1,search,256,4,8,it0002,0.35907289385795593,0.24700559675693512,0.2,False,1
D3_1,search,256,4,8,it0003,0.38839325308799744,0.3242686986923218,0.26666666666666666,False,0
D3_1,search,256,4,8,it0004,0.5422868728637695,0.4318851828575134,0.3125,False,3
D3_1,search,256,4,8,it0005,0.5436809062957764,0.4999837279319763,0.07407407407407407,False,0
D3_1,search,256,4,8,it0006,0.2615407109260559,0.4018642008304596,0.2777777777777778,False,1
D3_1,search,256,4,8,it0007,0.4290755093097687,0.4263348877429962,0.11363636363636363,False,3
D3_1,search,256,4,8,it0008,0.4409593343734741,0.2203800082206726,0.47619047619047616,False,1
D3_1,search,256,4,8,it0009,0.5320619344711304,0.5721744894981384,0.0,False,1
D3_1,search,256,4,8,it0010,0.5947705507278442,0.6590886116027832,0.1111111111111111,False,1
D3_1,search,256,4,8,it0011,0.5741113424301147,0.5937451720237732,0.17391304347826086,False,0
D3_1,search,256,4,8,it0012,0.46335482597351074,0.36289018392562866,0.6551724137931034,False,0
D3_1,search,256,4,8,it0013,0.5527135133743286,0.5822885036468506,0.07407407407407407,False,0
D3_1,search,256,4,8,it0014,0.4411202371120453,0.4402826428413391,0.06666666666666667,False,0
D3_1,search,256,4,8,it0015,0.5384711623191833,0.5223153829574585,0.23529411764705882,False,1
D3_1,search,256,4,8,it0016,0.6374067068099976,0.5317283272743225,0.14705882352941177,False,0
D3_1,search,256,4,8,it0017,0.5185545086860657,0.49869173765182495,0.06666666666666667,False,1
D3_1,search,256,4,8,it0018,0.3492170572280884,0.30950289964675903,0.08823529411764706,False,3
D3_1,search,256,4,8,it0019,0.6522321701049805,0.5358847379684448,0.32608695652173914,False,2
D3_1,search,256,4,8,it0020,0.34248530864715576,0.4724220931529999,0.23076923076923078,False,0
D3_1,search,256,4,8,it0021,0.4503651261329651,0.41091540455818176,0.15151515151515152,False,3
D3_1,search,256,4,8,it0022,0.44866397976875305,0.4762886166572571,0.65,False,1
D3_1,search,256,4,8,it0023,0.6611181497573853,0.6070319414138794,0.5,False,2
D3_1,search,256,4,8,it0024,0.5845019221305847,0.4663386344909668,0.14285714285714285,False,0
D3_1,search,256,4,8,it0025,0.6256635785102844,0.6411281228065491,0.2,False,3
D3_1,search,256,4,8,it0026,0.3827493488788605,0.23979464173316956,0.1875,False,1
D3_1,search,256,4,8,it0027,0.730943500995636,0.6675608158111572,0.0625,False,2
D3_1,search,256,4,8,it0028,0.5061628818511963,0.5723257660865784,0.23809523809523808,False,0
D3_1,search,256,4,8,it0029,0.3065246641635895,0.43369466066360474,0.0,False,0
D3_1,search,256,4,8,it0030,0.5967209935188293,0.4936363995075226,0.12,False,1
D3_1,search,256,4,8,it0031,0.3142150044441223,0.3293112516403198,0.2777777777777778,False,3
D3_1,search,256,4,8,it0032,0.6569053530693054,0.560185432434082,0.037037037037037035,False,1
D3_1,search,256,4,8,it0033,0.24512694776058197,0.2545214295387268,0.3076923076923077,False,2
D3_1,search,256,4,8,it0034,0.5165614485740662,0.4589673578739166,0.13333333333333333,False,1
D3_1,search,256,4,8,it0035,0.2140723168849945,0.23937271535396576,0.0,False,1
D3_1,search,256,4,8,it0036,0.5741933584213257,0.5047139525413513,0.16666666666666666,False,3
D3_1,search,256,4,8,it0037,0.47146299481391907,0.4952969253063202,0.06666666666666667,False,0
D3_1,search,256,4,8,it0038,0.41884827613830566,0.2807859778404236,0.21621621621621623,False,0
D3_1,search,256,4,8,it0039,0.5450817346572876,0.5134715437889099,0.12195121951219512,False,2
D3_1,search,256,4,8,it0040,0.3303269147872925,0.33333152532577515,0.06666666666666667,False,3
D3_1,search,256,4,8,it0041,0.6372455358505249,0.4975326657295227,0.045454545454545456,False,1
D3_1,search,256,4,8,it0042,0.4843074679374695,0.46743226051330566,0.2222222222222222,False,3
D3_1,search,256,4,8,it0043,0.30966800451278687,0.3642236292362213,0.07692307692307693,False,1
D3_1,search,256,4,8,it0044,0.5599832534790039,0.5455085039138794,0.28,False,1
D3_1,search,256,4,8,it0045,0.23810619115829468,0.44561392068862915,0.1,False,1
D3_1,search,256,4,8,it0046,0.3573291599750519,0.3611084520816803,0.0,False,2
D3_1,search,256,4,8,it0047,0.4202997088432312,0.4106592535972595,0.5,False,2
D3_1,search,256,4,8,it0048,0.49645501375198364,0.5017617344856262,0.125,False,2
D3_1,search,256,4,8,it0049,0.39184004068374634,0.5359160900115967,0.09090909090909091,False,2
D3_1,search,256,4,8,it0050,0.21653759479522705,0.029220419004559517,0.09090909090909091,False,3
D3_1,search,256,4,8,it0051,0.1866021603345871,0.4067719578742981,0.034482758620689655,False,3
D3_1,search,256,4,8,it0052,0.2233421504497528,0.29369843006134033,0.0,False,0
D3_1,search,256,4,8,it0053,0.3746757507324219,0.44663628935813904,0.2702702702702703,False,2
D3_1,search,256,4,8,it0054,0.37084877490997314,0.35390332341194153,0.5416666666666666,False,0
D3_1,search,256,4,8,it0055,0.48176491260528564,0.4613978862762451,0.38461538461538464,False,0
D3_1,search,256,4,8,it0056,0.36676210165023804,0.18930429220199585,0.15,False,3
D3_1,search,256,4,8,it0057,0.539182186126709,0.32686829566955566,0.38235294117647056,False,1
D3_1,search,256,4,8,it0058,0.3559607267379761,0.398321270942688,0.25,False,0
D3_1,search,256,4,8,it0059,0.5362665057182312,0.5795565247535706,0.2857142857142857,False,3
D3_1,search,256,4,8,it0060,0.44927123188972473,0.3779226839542389,0.0,False,1
D3_1,search,256,4,8,it0061,0.5823224186897278,0.594223141670227,0.02857142857142857,False,0
D3_1,search,256,4,8,it0062,0.6051748394966125,0.6132798194885254,0.23809523809523808,False,3
D3_1,search,256,4,8,it0063,0.3842821717262268,0.3737715780735016,0.2413793103448276,False,0
D3_1,search,256,4,8,it0064,0.38811177015304565,0.4963483214378357,0.4444444444444444,False,3
D3_1,search,256,4,8,it0065,0.6103159189224243,0.635668933391571,0.15384615384615385,False,2
D3_1,search,256,4,8,it0066,0.27895525097846985,0.3759211599826813,0.38095238095238093,False,1
D3_1,search,256,4,8,it0067,0.31407293677330017,0.30508512258529663,0.1111111111111111,False,3
D3_1,search,256,4,8,it0068,0.6792043447494507,0.6174615621566772,0.0,False,0
D3_1,search,256,4,8,it0069,0.3162968158721924,0.4246170222759247,0.36363636363636365,False,1
D3_1,search,256,4,8,it0070,0.47333911061286926,0.4872397780418396,0.13333333333333333,False,0
D3_1,search,256,4,8,it0071,0.5644994974136353,0.572189450263977,0.21428571428571427,False,0
D3_1,search,256,4,8,it0072,0.5107681155204773,0.4907854199409485,0.36363636363636365,False,3
D3_1,search,256,4,8,it0073,0.20439045131206512,0.2985781729221344,0.5517241379310345,False,0
D3_1,search,256,4,8,it0074,0.18868377804756165,0.2548927962779999,0.26666666666666666,False,0
D3_1,search,256,4,8,it0075,0.3011032044887543,0.4498607814311981,0.043478260869565216,False,0
D3_1,search,256,4,8,it0076,0.5432593822479248,0.30040574073791504,0.21739130434782608,False,0
D3_1,search,256,4,8,it0077,0.47092002630233765,0.6653567552566528,0.0,False,1
D3_1,search,256,4,8,it0078,0.36994436383247375,0.2914385199546814,0.09523809523809523,False,0
D3_1,search,256,4,8,it0079,0.7295597195625305,0.6351110935211182,0.125,False,0
D3_1,search,256,4,8,it0080,0.4302796721458435,0.26925191283226013,0.17073170731707318,False,2
D3_1,search,256,4,8,it0081,0.3520283102989197,0.33916741609573364,0.0,False,1
D3_1,search,256,4,8,it0082,0.5803852081298828,0.4815884828567505,0.47058823529411764,False,1
D3_1,search,256,4,8,it0083,0.5679207444190979,0.43947818875312805,0.08823529411764706,False,1
D3_1,search,256,4,8,it0084,0.698993444442749,0.5680321455001831,0.06666666666666667,False,0
D3_1,search,256,4,8,it0085,0.5236201286315918,0.47751662135124207,0.0,False,3
D3_1,search,256,4,8,it0086,0.5627805590629578,0.5382636189460754,0.058823529411764705,False,0
D3_1,search,256,4,8,it0087,0.47176408767700195,0.6545876860618591,0.3125,False,0
D3_1,search,256,4,8,it0088,0.449415922164917,0.4328539967536926,0.047619047619047616,False,3
D3_1,search,256,4,8,it0089,0.4052511155605316,0.37946006655693054,0.041666666666666664,False,0
D3_1,search,256,4,8,it0090,0.613076388835907,0.6028592586517334,0.0,False,0
D3_1,search,256,4,8,it0091,0.5733683109283447,0.6121438145637512,0.0,False,2
D3_1,search,256,4,8,it0092,0.47530075907707214,0.3358214199542999,0.14285714285714285,False,1
D3_1,search,256,4,8,it0093,0.498126745223999,0.393300861120224,0.05263157894736842,False,1
D3_1,search,256,4,8,it0094,0.4523586630821228,0.5428544282913208,0.07692307692307693,False,1
D3_1,search,256,4,8,it0095,0.49470165371894836,0.5452147126197815,0.3333333333333333,False,2
D3_1,search,256,4,8,it0096,0.5486519932746887,0.48698699474334717,0.4090909090909091,False,3
D3_1,search,256,4,8,it0097,0.6581229567527771,0.6275476217269897,0.1,False,1
D3_1,search,256,4,8,it0098,0.5418572425842285,0.4475787580013275,0.14814814814814814,False,2
D3_1,search,256,4,8,it0099,0.26040545105934143,0.22693398594856262,0.0,False,0
D3_1,search,256,4,8,it0100,0.6219111680984497,0.6236421465873718,0.0,False,3
D3_1,search,256,4,8,it0101,0.38560086488723755,0.3656490445137024,0.13157894736842105,False,0
D3_1,search,256,4,8,it0102,0.22480446100234985,0.4144679605960846,0.0,False,2
D3_1,search,256,4,8,it0103,0.3957926630973816,0.4595814347267151,0.22727272727272727,False,2
D3_1,search,256,4,8,it0104,0.5855041146278381,0.5814557075500488,0.08333333333333333,False,2
D3_1,search,256,4,8,it0105,0.530838131904602,0.637969434261322,0.34285714285714286,False,3
D3_1,search,256,4,8,it0106,0.4208613336086273,0.4339633584022522,0.125,False,2
D3_1,search,256,4,8,it0107,0.5984693765640259,0.5102120637893677,0.0,False,0
D3_1,search,256,4,8,it0108,0.4943559765815735,0.4202525317668915,0.4375,False,1
D3_1,search,256,4,8,it0109,0.4069885015487671,0.4414876103401184,0.21052631578947367,False,3
D3_1,search,256,4,8,it0110,0.14147262275218964,0.3683778643608093,0.26666666666666666,False,3
D3_1,search,256,4,8,it0111,0.20374228060245514,0.10232595354318619,0.21212121212121213,False,0
D3_1,search,256,4,8,it0112,0.6155149936676025,0.5128383040428162,0.09090909090909091,False,1
D3_1,search,256,4,8,it0113,0.5605852007865906,0.5575729608535767,0.0,False,0
D3_1,search,256,4,8,it0114,0.4708314836025238,0.43107208609580994,0.3333333333333333,False,3
D3_1,search,256,4,8,it0115,0.4715922474861145,0.3361027240753174,0.0,False,2
D3_1,search,256,4,8,it0116,0.5401079654693604,0.4388611316680908,0.35294117647058826,False,1
D3_1,search,256,4,8,it0117,0.4747752547264099,0.5833877325057983,0.17647058823529413,False,0
D3_1,search,256,4,8,it0118,0.6461843848228455,0.608196496963501,0.23076923076923078,False,0
D3_1,search,256,4,8,it0119,0.47614797949790955,0.5687668323516846,0.21428571428571427,False,2
D3_1,search,256,4,8,it0120,0.6723708510398865,0.5806823372840881,0.06666666666666667,False,0
D3_1,search,256,4,8,it0121,0.5033062100410461,0.49700939655303955,0.2,False,3
D3_1,search,256,4,8,it0122,0.11281329393386841,0.361485093832016,0.3181818181818182,False,1
D3_1,search,256,4,8,it0123,0.37379926443099976,0.43512028455734253,0.17647058823529413,False,0
D3_1,search,256,4,8,it0124,0.5812954306602478,0.5128618478775024,0.15151515151515152,False,2
D3_1,search,256,4,8,it0125,0.5406505465507507,0.4601256549358368,0.15384615384615385,False,0
D3_1,search,256,4,8,it0126,0.43634140491485596,0.43119680881500244,0.0625,False,0
D3_1,search,256,4,8,it0127,0.36847350001335144,0.37452173233032227,0.058823529411764705,False,0
D3_1,search,256,4,8,it0128,0.44664669036865234,0.5415836572647095,0.1,False,3
D3_1,search,256,4,8,it0129,0.23706355690956116,0.30636993050575256,0.058823529411764705,False,3
D3_1,search,256,4,8,it0130,0.31917688250541687,0.3693128228187561,0.0,False,3
D3_1,search,256,4,8,it0131,0.474609375,0.5338081121444702,0.16129032258064516,False,1
D3_1,search,256,4,8,it0132,0.3384163975715637,0.2677481472492218,0.0,False,1
D3_1,search,256,4,8,it0133,0.5403198599815369,0.5500034093856812,0.03571428571428571,False,2
D3_1,search,256,4,8,it0134,0.3111989498138428,0.3614337146282196,0.42105263157894735,False,3
D3_1,search,256,4,8,it0135,0.36732298135757446,0.40468958020210266,0.10256410256410256,False,2
D3_1,search,256,4,8,it0136,0.4498400092124939,0.49617308378219604,0.0,False,2
D3_1,search,256,4,8,it0137,0.5062146782875061,0.46753960847854614,0.3333333333333333,False,2
D3_1,search,256,4,8,it0138,0.4888553023338318,0.6275975704193115,0.2222222222222222,False,2
D3_1,search,256,4,8,it0139,0.6327621340751648,0.5086756348609924,0.0,False,3
D3_1,search,256,4,8,it0140,0.4276742935180664,0.39676135778427124,0.125,False,3
D3_1,search,256,4,8,it0141,0.6662320494651794,0.6866205930709839,0.3,False,1
D3_1,search,256,4,8,it0142,0.39701002836227417,0.4000067114830017,0.28,False,2
D3_1,search,256,4,8,it0143,0.3271716833114624,0.44893544912338257,0.0,False,0
D3_1,search,256,4,8,it0144,0.4879949986934662,0.24982130527496338,0.0,False,0
D3_1,search,256,4,8,it0145,0.6473931074142456,0.6487876176834106,0.325,False,1
D3_1,search,256,4,8,it0146,0.553964376449585,0.528261661529541,0.05,False,0
D3_1,search,256,4,8,it0147,0.33910417556762695,0.45794880390167236,0.08695652173913043,False,0
D3_1,search,256,4,8,it0148,0.23140622675418854,0.2080766260623932,0.10714285714285714,False,3
D3_1,search,256,4,8,it0149,0.5104160904884338,0.4333638846874237,0.21428571428571427,False,3
D3_1,search,256,4,8,it0150,0.503098726272583,0.5109761357307434,0.07692307692307693,False,0
D3_1,search,256,4,8,it0151,0.5862557291984558,0.5359365344047546,0.058823529411764705,False,0
D3_1,search,256,4,8,it0152,0.6418984532356262,0.4026182293891907,0.058823529411764705,False,1
D3_1,search,256,4,8,it0153,0.3803907632827759,0.47965505719184875,0.16666666666666666,False,3
D3_1,search,256,4,8,it0154,0.2189950942993164,0.14536111056804657,0.21052631578947367,False,2
D3_1,search,256,4,8,it0155,0.2653672397136688,0.3738800585269928,0.0,False,3
D3_1,search,256,4,8,it0156,0.3410988748073578,0.33381152153015137,0.14285714285714285,False,2
D3_1,search,256,4,8,it0157,0.6003105640411377,0.5019236207008362,0.023255813953488372,False,2
D3_1,search,256,4,8,it0158,0.3665596842765808,0.31998011469841003,0.2631578947368421,False,1
D3_1,search,256,4,8,it0159,0.6356498003005981,0.5571681261062622,0.2857142857142857,False,0
D3_1,search,256,4,8,it0160,0.5926733613014221,0.4443618655204773,0.0,False,3
D3_1,search,256,4,8,it0161,0.47353342175483704,0.39872992038726807,0.1724137931034483,False,1
D3_1,search,256,4,8,it0162,0.2177274078130722,0.38139694929122925,0.14814814814814814,False,2
D3_1,search,256,4,8,it0163,0.47091144323349,0.4116225242614746,0.11764705882352941,False,3
D3_1,search,256,4,8,it0164,0.43723779916763306,0.31363117694854736,0.25806451612903225,False,2
D3_1,search,256,4,8,it0165,0.23477351665496826,0.33366888761520386,0.15151515151515152,False,0
D3_1,search,256,4,8,it0166,0.6338876485824585,0.48128992319107056,0.25,False,3
D3_1,search,256,4,8,it0167,0.4850636124610901,0.5287169218063354,0.21052631578947367,False,2
D3_1,search,256,4,8,it0168,0.3439291715621948,0.3533591628074646,0.0,False,0
D3_1,search,256,4,8,it0169,0.46825847029685974,0.3854213356971741,0.1,False,0
D3_1,search,256,4,8,it0170,0.41015979647636414,0.4078379273414612,0.23529411764705882,False,2
D3_1,search,256,4,8,it0171,0.6503309011459351,0.583792507648468,0.0,False,3
D3_1,search,256,4,8,it0172,0.3279266357421875,0.36848965287208557,0.0,False,2
D3_1,search,256,4,8,it0173,0.6632921099662781,0.6720901727676392,0.1,False,0
D3_1,search,256,4,8,it0174,0.5342415571212769,0.46370750665664673,0.3125,False,1
D3_1,search,256,4,8,it0175,0.30302461981773376,0.18854251503944397,0.26666666666666666,False,1
D3_1,search,256,4,8,it0176,0.3932744860649109,0.4208868741989136,0.1111111111111111,False,1
D3_1,search,256,4,8,it0177,0.3672609031200409,0.4034259617328644,0.10526315789473684,False,1
D3_1,search,256,4,8,it0178,0.2759697139263153,0.23178626596927643,0.6470588235294118,False,1
D3_1,search,256,4,8,it0179,0.6442842483520508,0.6613152623176575,0.16129032258064516,False,3
D3_1,search,256,4,8,it0180,0.5106912851333618,0.5209822058677673,0.0,False,0
D3_1,search,256,4,8,it0181,0.6190049648284912,0.5470938682556152,0.04878048780487805,False,0
D3_1,search,256,4,8,it0182,0.5473102927207947,0.5388001203536987,0.36,False,0
D3_1,search,256,4,8,it0183,0.6283395290374756,0.6045348644256592,0.0,False,1
D3_1,search,256,4,8,it0184,0.2827829122543335,0.3573000729084015,0.13333333333333333,False,1
D3_1,search,256,4,8,it0185,0.3780204653739929,0.45092952251434326,0.3548387096774194,False,2
D3_1,search,256,4,8,it0186,0.5009275674819946,0.5256659388542175,0.16666666666666666,False,2
D3_1,search,256,4,8,it0187,0.5289362072944641,0.5006909370422363,0.125,False,3
D3_1,search,256,4,8,it0188,0.438385933637619,0.48540180921554565,0.2777777777777778,False,1
D3_1,search,256,4,8,it0189,0.38951075077056885,0.3167387843132019,0.3,False,1
D3_1,search,256,4,8,it0190,0.5949327349662781,0.5284796357154846,0.0,False,1
D3_1,search,256,4,8,it0191,0.5071460008621216,0.4046948552131653,0.0,False,1
D3_1,search,256,4,8,it0192,0.5096197128295898,0.6117963790893555,0.2962962962962963,False,2
D3_1,search,256,4,8,it0193,0.4787035882472992,0.2240740954875946,0.3125,False,1
D3_1,search,256,4,8,it0194,0.5451750159263611,0.6549643874168396,0.047619047619047616,False,3
D3_1,search,256,4,8,it0195,0.5835188627243042,0.4934116005897522,0.3076923076923077,False,3
D3_1,search,256,4,8,it0196,0.5116152763366699,0.4388083517551422,0.14285714285714285,False,3
D3_1,search,256,4,8,it0197,0.47980213165283203,0.4187730550765991,0.18181818181818182,False,0
D3_1,search,256,4,8,it0198,0.4590703248977661,0.35676562786102295,0.0625,False,2
D3_1,search,256,4,8,it0199,0.510482907295227,0.4601570963859558,0.11764705882352941,False,2
D3_1,search,512,8,8,it0000,0.6312031745910645,0.535920262336731,0.15217391304347827,False,4
D3_1,search,512,8,8,it0001,0.4751393795013428,0.3202888071537018,0.3333333333333333,False,4
D3_1,search,512,8,8,it0002,0.39239704608917236,0.32086628675460815,0.0,False,4
D3_1,search,512,8,8,it0003,0.38839325308799744,0.3242686986923218,0.26666666666666666,False,0
D3_1,search,512,8,8,it0004,0.5422868728637695,0.4318851828575134,0.3125,False,3
D3_1,search,512,8,8,it0005,0.5436809062957764,0.4999837279319763,0.07407407407407407,False,0
D3_1,search,512,8,8,it0006,0.3983173668384552,0.42734265327453613,0.16666666666666666,False,5
D3_1,search,512,8,8,it0007,0.4290755093097687,0.4263348877429962,0.11363636363636363,False,3
D3_1,search,512,8,8,it0008,0.47620612382888794,0.36619704961776733,0.3333333333333333,False,5
D3_1,search,512,8,8,it0009,0.6469507813453674,0.5724539756774902,0.037037037037037035,False,4
D3_1,search,512,8,8,it0010,0.5947705507278442,0.6590886116027832,0.1111111111111111,False,1
D3_1,search,512,8,8,it0011,0.5741113424301147,0.5937451720237732,0.17391304347826086,False,0
D3_1,search,512,8,8,it0012,0.46335482597351074,0.36289018392562866,0.6551724137931034,False,0
D3_1,search,512,8,8,it0013,0.6004666090011597,0.6157044172286987,0.037037037037037035,False,5
D3_1,search,512,8,8,it0014,0.4411202371120453,0.4402826428413391,0.06666666666666667,False,0
D3_1,search,512,8,8,it0015,0.5075588822364807,0.5696605443954468,0.17647058823529413,False,7
D3_1,search,512,8,8,it0016,0.733988344669342,0.5405978560447693,0.14705882352941177,False,4
D3_1,search,512,8,8,it0017,0.5185545086860657,0.49869173765182495,0.06666666666666667,False,1
D3_1,search,512,8,8,it0018,0.41609978675842285,0.33960264921188354,0.058823529411764705,False,5
D3_1,search,512,8,8,it0019,0.6107921600341797,0.5389193892478943,0.391304347826087,False,6
D3_1,search,512,8,8,it0020,0.34248530864715576,0.4724220931529999,0.23076923076923078,False,0
D3_1,search,512,8,8,it0021,0.4503651261329651,0.41091540455818176,0.15151515151515152,False,3
D3_1,search,512,8,8,it0022,0.44866397976875305,0.4762886166572571,0.65,False,1
D3_1,search,512,8,8,it0023,0.6611181497573853,0.6070319414138794,0.5,False,2
D3_1,search,512,8,8,it0024,0.6057716608047485,0.46797704696655273,0.14285714285714285,False,6
D3_1,search,512,8,8,it0025,0.6256635785102844,0.6411281228065491,0.2,False,3
D3_1,search,512,8,8,it0026,0.38742077350616455,0.2625668942928314,0.0625,False,7
D3_1,search,512,8,8,it0027,0.730943500995636,0.6675608158111572,0.0625,False,2
D3_1,search,512,8,8,it0028,0.5061628818511963,0.5723257660865784,0.23809523809523808,False,0
D3_1,search,512,8,8,it0029,0.3065246641635895,0.43369466066360474,0.0,False,0
D3_1,search,512,8,8,it0030,0.5967209935188293,0.4936363995075226,0.12,False,1
D3_1,search,512,8,8,it0031,0.3544015884399414,0.39067673683166504,0.2777777777777778,False,5
D3_1,search,512,8,8,it0032,0.6809627413749695,0.5841511487960815,0.25925925925925924,False,6
D3_1,search,512,8,8,it0033,0.4106546640396118,0.32969051599502563,0.15384615384615385,False,7
D3_1,search,512,8,8,it0034,0.45694395899772644,0.4656551778316498,0.26666666666666666,False,4
D3_1,search,512,8,8,it0035,0.2374522089958191,0.2827330529689789,0.3076923076923077,False,5
D3_1,search,512,8,8,it0036,0.5988858342170715,0.544758677482605,0.0,False,6
D3_1,search,512,8,8,it0037,0.5564417839050293,0.5502017736434937,0.06666666666666667,False,7
D3_1,search,512,8,8,it0038,0.41884827613830566,0.2807859778404236,0.21621621621621623,False,0
D3_1,search,512,8,8,it0039,0.5450817346572876,0.5134715437889099,0.12195121951219512,False,2
D3_1,search,512,8,8,it0040,0.3303269147872925,0.33333152532577515,0.06666666666666667,False,3
D3_1,search,512,8,8,it0041,0.6372455358505249,0.4975326657295227,0.045454545454545456,False,1
D3_1,search,512,8,8,it0042,0.4843074679374695,0.46743226051330566,0.2222222222222222,False,3
D3_1,search,512,8,8,it0043,0.403436541557312,0.3808276057243347,0.038461538461538464,False,6
D3_1,search,512,8,8,it0044,0.5379936099052429,0.5898164510726929,0.4,False,5
D3_1,search,512,8,8,it0045,0.23810619115829468,0.44561392068862915,0.1,False,1
D3_1,search,512,8,8,it0046,0.3573291599750519,0.3611084520816803,0.0,False,2
D3_1,search,512,8,8,it0047,0.4202997088432312,0.4106592535972595,0.5,False,2
D3_1,search,512,8,8,it0048,0.49645501375198364,0.5017617344856262,0.125,False,2
D3_1,search,512,8,8,it0049,0.3780270218849182,0.5832186937332153,0.18181818181818182,False,4
D3_1,search,512,8,8,it0050,0.22593191266059875,0.09692783653736115,0.3181818181818182,False,5
D3_1,search,512,8,8,it0051,0.22921639680862427,0.4763222932815552,0.1724137931034483,False,4
D3_1,search,512,8,8,it0052,0.2837812304496765,0.32585230469703674,0.0,False,6
D3_1,search,512,8,8,it0053,0.3517530858516693,0.457928329706192,0.35135135135135137,False,6
D3_1,search,512,8,8,it0054,0.37084877490997314,0.35390332341194153,0.5416666666666666,False,0
D3_1,search,512,8,8,it0055,0.49948835372924805,0.5327113270759583,0.23076923076923078,False,6
D3_1,search,512,8,8,it0056,0.37151873111724854,0.34341102838516235,0.2,False,4
D3_1,search,512,8,8,it0057,0.48798421025276184,0.4021854102611542,0.29411764705882354,False,7
D3_1,search,512,8,8,it0058,0.3559607267379761,0.398321270942688,0.25,False,0
D3_1,search,512,8,8,it0059,0.6361218690872192,0.6116281747817993,0.21428571428571427,False,6
D3_1,search,512,8,8,it0060,0.49126487970352173,0.4283180236816406,0.058823529411764705,False,7
D3_1,search,512,8,8,it0061,0.5771383047103882,0.6112550497055054,0.08571428571428572,False,7
D3_1,search,512,8,8,it0062,0.6051748394966125,0.6132798194885254,0.23809523809523808,False,3
D3_1,search,512,8,8,it0063,0.5188577771186829,0.39703369140625,0.27586206896551724,False,4
D3_1,search,512,8,8,it0064,0.38811177015304565,0.4963483214378357,0.4444444444444444,False,3
D3_1,search,512,8,8,it0065,0.6103159189224243,0.635668933391571,0.15384615384615385,False,2
D3_1,search,512,8,8,it0066,0.3736325800418854,0.4486275911331177,0.38095238095238093,False,5
D3_1,search,512,8,8,it0067,0.4080249071121216,0.3311740756034851,0.5,False,5
D3_1,search,512,8,8,it0068,0.6963344216346741,0.6588322520256042,0.0,False,4
D3_1,search,512,8,8,it0069,0.46552178263664246,0.4284749925136566,0.13636363636363635,False,7
D3_1,search,512,8,8,it0070,0.47333911061286926,0.4872397780418396,0.13333333333333333,False,0
D3_1,search,512,8,8,it0071,0.5644994974136353,0.572189450263977,0.21428571428571427,False,0
D3_1,search,512,8,8,it0072,0.46213674545288086,0.5121486783027649,0.13636363636363635,False,6
D3_1,search,512,8,8,it0073,0.20439045131206512,0.2985781729221344,0.5517241379310345,False,0
D3_1,search,512,8,8,it0074,0.18868377804756165,0.2548927962779999,0.26666666666666666,False,0
D3_1,search,512,8,8,it0075,0.3011032044887543,0.4498607814311981,0.043478260869565216,False,0
D3_1,search,512,8,8,it0076,0.6603550910949707,0.3956427276134491,0.21739130434782608,False,4
D3_1,search,512,8,8,it0077,0.47092002630233765,0.6653567552566528,0.0,False,1
D3_1,search,512,8,8,it0078,0.37744253873825073,0.30707865953445435,0.23809523809523808,False,6
D3_1,search,512,8,8,it0079,0.7295597195625305,0.6351110935211182,0.125,False,0
D3_1,search,512,8,8,it0080,0.4022079110145569,0.29022201895713806,0.12195121951219512,False,5
D3_1,search,512,8,8,it0081,0.3520283102989197,0.33916741609573364,0.0,False,1
D3_1,search,512,8,8,it0082,0.5185812711715698,0.5626605749130249,0.11764705882352941,False,4
D3_1,search,512,8,8,it0083,0.5679207444190979,0.43947818875312805,0.08823529411764706,False,1
D3_1,search,512,8,8,it0084,0.698993444442749,0.5680321455001831,0.06666666666666667,False,0
D3_1,search,512,8,8,it0085,0.5236201286315918,0.47751662135124207,0.0,False,3
D3_1,search,512,8,8,it0086,0.5928791761398315,0.5395711064338684,0.17647058823529413,False,4
D3_1,search,512,8,8,it0087,0.5757753252983093,0.6871434450149536,0.25,False,6
D3_1,search,512,8,8,it0088,0.449415922164917,0.4328539967536926,0.047619047619047616,False,3
D3_1,search,512,8,8,it0089,0.5620092749595642,0.4090716540813446,0.0,False,5
D3_1,search,512,8,8,it0090,0.613076388835907,0.6028592586517334,0.0,False,0
D3_1,search,512,8,8,it0091,0.5733683109283447,0.6121438145637512,0.0,False,2
D3_1,search,512,8,8,it0092,0.478598952293396,0.38451653718948364,0.05714285714285714,False,7
D3_1,search,512,8,8,it0093,0.498126745223999,0.393300861120224,0.05263157894736842,False,1
D3_1,search,512,8,8,it0094,0.5667546391487122,0.5581083297729492,0.07692307692307693,False,5
D3_1,search,512,8,8,it0095,0.5762872695922852,0.5603706240653992,0.09523809523809523,False,4
D3_1,search,512,8,8,it0096,0.5486519932746887,0.48698699474334717,0.4090909090909091,False,3
D3_1,search,512,8,8,it0097,0.6617087721824646,0.6302242875099182,0.0,False,6
D3_1,search,512,8,8,it0098,0.538583517074585,0.47437140345573425,0.14814814814814814,False,7
D3_1,search,512,8,8,it0099,0.26040545105934143,0.22693398594856262,0.0,False,0
D3_1,search,512,8,8,it0100,0.6076746582984924,0.6338028311729431,0.0,False,5
D3_1,search,512,8,8,it0101,0.38560086488723755,0.3656490445137024,0.13157894736842105,False,0
D3_1,search,512,8,8,it0102,0.3813650608062744,0.4496201276779175,0.0,False,4
D3_1,search,512,8,8,it0103,0.3951438069343567,0.506393313407898,0.36363636363636365,False,5
D3_1,search,512,8,8,it0104,0.5855041146278381,0.5814557075500488,0.08333333333333333,False,2
D3_1,search,512,8,8,it0105,0.530838131904602,0.637969434261322,0.34285714285714286,False,3
D3_1,search,512,8,8,it0106,0.41874536871910095,0.46016472578048706,0.0,False,5
D3_1,search,512,8,8,it0107,0.5691626667976379,0.5489883422851562,0.043478260869565216,False,5
D3_1,search,512,8,8,it0108,0.42809200286865234,0.4577784836292267,0.0625,False,5
D3_1,search,512,8,8,it0109,0.47019895911216736,0.5049961805343628,0.0,False,7
D3_1,search,512,8,8,it0110,0.20984917879104614,0.43221810460090637,0.3,False,4
D3_1,search,512,8,8,it0111,0.2704191505908966,0.19139090180397034,0.5454545454545454,False,5
D3_1,search,512,8,8,it0112,0.6559766530990601,0.5568793416023254,0.18181818181818182,False,6
D3_1,search,512,8,8,it0113,0.5605852007865906,0.5575729608535767,0.0,False,0
D3_1,search,512,8,8,it0114,0.44699692726135254,0.43688997626304626,0.3333333333333333,False,6
D3_1,search,512,8,8,it0115,0.46256735920906067,0.3398359417915344,0.0,False,4
D3_1,search,512,8,8,it0116,0.5401079654693604,0.4388611316680908,0.35294117647058826,False,1
D3_1,search,512,8,8,it0117,0.4747752547264099,0.5833877325057983,0.17647058823529413,False,0
D3_1,search,512,8,8,it0118,0.6530759334564209,0.6222702860832214,0.17307692307692307,False,6
D3_1,search,512,8,8,it0119,0.598468542098999,0.5915164351463318,0.07142857142857142,False,5
D3_1,search,512,8,8,it0120,0.6723708510398865,0.5806823372840881,0.06666666666666667,False,0
D3_1,search,512,8,8,it0121,0.5033062100410461,0.49700939655303955,0.2,False,3
D3_1,search,512,8,8,it0122,0.11281329393386841,0.361485093832016,0.3181818181818182,False,1
D3_1,search,512,8,8,it0123,0.34434545040130615,0.5195736289024353,0.23529411764705882,False,7
D3_1,search,512,8,8,it0124,0.5812954306602478,0.5128618478775024,0.15151515151515152,False,2
D3_1,search,512,8,8,it0125,0.5406505465507507,0.4601256549358368,0.15384615384615385,False,0
D3_1,search,512,8,8,it0126,0.5071144104003906,0.48593392968177795,0.0625,False,4
D3_1,search,512,8,8,it0127,0.4731951653957367,0.48121199011802673,0.058823529411764705,False,4
D3_1,search,512,8,8,it0128,0.44664669036865234,0.5415836572647095,0.1,False,3
D3_1,search,512,8,8,it0129,0.38562026619911194,0.33100879192352295,0.058823529411764705,False,7
D3_1,search,512,8,8,it0130,0.31917688250541687,0.3693128228187561,0.0,False,3
D3_1,search,512,8,8,it0131,0.474609375,0.5338081121444702,0.16129032258064516,False,1
D3_1,search,512,8,8,it0132,0.3342725336551666,0.2909795045852661,0.0,False,4
D3_1,search,512,8,8,it0133,0.5403198599815369,0.5500034093856812,0.03571428571428571,False,2
D3_1,search,512,8,8,it0134,0.3111989498138428,0.3614337146282196,0.42105263157894735,False,3
D3_1,search,512,8,8,it0135,0.38154202699661255,0.4349913001060486,0.23076923076923078,False,5
D3_1,search,512,8,8,it0136,0.4498400092124939,0.49617308378219604,0.0,False,2
D3_1,search,512,8,8,it0137,0.4945168197154999,0.46862488985061646,0.16666666666666666,False,4
D3_1,search,512,8,8,it0138,0.4888553023338318,0.6275975704193115,0.2222222222222222,False,2
D3_1,search,512,8,8,it0139,0.6089809536933899,0.5837079882621765,0.05555555555555555,False,4
D3_1,search,512,8,8,it0140,0.432867169380188,0.39926809072494507,0.5,False,6
D3_1,search,512,8,8,it0141,0.563867449760437,0.6908223628997803,0.13333333333333333,False,6
D3_1,search,512,8,8,it0142,0.39701002836227417,0.4000067114830017,0.28,False,2
D3_1,search,512,8,8,it0143,0.3271716833114624,0.44893544912338257,0.0,False,0
D3_1,search,512,8,8,it0144,0.4879949986934662,0.24982130527496338,0.0,False,0
D3_1,search,512,8,8,it0145,0.573501467704773,0.7072091698646545,0.0,False,5
D3_1,search,512,8,8,it0146,0.553964376449585,0.528261661529541,0.05,False,0
D3_1,search,512,8,8,it0147,0.44527319073677063,0.566016674041748,0.21739130434782608,False,4
D3_1,search,512,8,8,it0148,0.3040437400341034,0.23052598536014557,0.14285714285714285,False,4
D3_1,search,512,8,8,it0149,0.5104160904884338,0.4333638846874237,0.21428571428571427,False,3
D3_1,search,512,8,8,it0150,0.503098726272583,0.5109761357307434,0.07692307692307693,False,0
D3_1,search,512,8,8,it0151,0.5862557291984558,0.5359365344047546,0.058823529411764705,False,0
D3_1,search,512,8,8,it0152,0.5306589007377625,0.4871298670768738,0.0,False,7
D3_1,search,512,8,8,it0153,0.3803907632827759,0.47965505719184875,0.16666666666666666,False,3
D3_1,search,512,8,8,it0154,0.2517159879207611,0.2118273228406906,0.3684210526315789,False,4
D3_1,search,512,8,8,it0155,0.2653672397136688,0.3738800585269928,0.0,False,3
D3_1,search,512,8,8,it0156,0.3410988748073578,0.33381152153015137,0.14285714285714285,False,2
D3_1,search,512,8,8,it0157,0.5976576805114746,0.5422022938728333,0.0,False,5
D3_1,search,512,8,8,it0158,0.3665596842765808,0.31998011469841003,0.2631578947368421,False,1
D3_1,search,512,8,8,it0159,0.6356498003005981,0.5571681261062622,0.2857142857142857,False,0
D3_1,search,512,8,8,it0160,0.632555365562439,0.5012728571891785,0.16129032258064516,False,4
D3_1,search,512,8,8,it0161,0.404450923204422,0.40071165561676025,0.20689655172413793,False,4
D3_1,search,512,8,8,it0162,0.2177274078130722,0.38139694929122925,0.14814814814814814,False,2
D3_1,search,512,8,8,it0163,0.47091144323349,0.4116225242614746,0.11764705882352941,False,3
D3_1,search,512,8,8,it0164,0.6033149361610413,0.3522886335849762,0.12903225806451613,False,4
D3_1,search,512,8,8,it0165,0.23477351665496826,0.33366888761520386,0.15151515151515152,False,0
D3_1,search,512,8,8,it0166,0.6338876485824585,0.48128992319107056,0.25,False,3
D3_1,search,512,8,8,it0167,0.4419771432876587,0.5340737104415894,0.10526315789473684,False,4
D3_1,search,512,8,8,it0168,0.36229413747787476,0.36858630180358887,0.0,False,4
D3_1,search,512,8,8,it0169,0.4420592188835144,0.4845578670501709,0.0,False,5
D3_1,search,512,8,8,it0170,0.49471035599708557,0.44608426094055176,0.35294117647058826,False,5
D3_1,search,512,8,8,it0171,0.6538038849830627,0.587525486946106,0.19047619047619047,False,4
D3_1,search,512,8,8,it0172,0.32986608147621155,0.42592987418174744,0.12,False,6
D3_1,search,512,8,8,it0173,0.6632921099662781,0.6720901727676392,0.1,False,0
D3_1,search,512,8,8,it0174,0.5940269827842712,0.4676857590675354,0.125,False,6
D3_1,search,512,8,8,it0175,0.203130304813385,0.29603737592697144,0.0,False,4
D3_1,search,512,8,8,it0176,0.4626855254173279,0.46614840626716614,0.1111111111111111,False,7
D3_1,search,512,8,8,it0177,0.5160541534423828,0.4726782441139221,0.0,False,4
D3_1,search,512,8,8,it0178,0.37325868010520935,0.2642296850681305,0.29411764705882354,False,6
D3_1,search,512,8,8,it0179,0.6251218318939209,0.7066428065299988,0.25806451612903225,False,5
D3_1,search,512,8,8,it0180,0.5106912851333618,0.5209822058677673,0.0,False,0
D3_1,search,512,8,8,it0181,0.5878458023071289,0.594052791595459,0.0,False,4
D3_1,search,512,8,8,it0182,0.5473102927207947,0.5388001203536987,0.36,False,0
D3_1,search,512,8,8,it0183,0.6283395290374756,0.6045348644256592,0.0,False,1
D3_1,search,512,8,8,it0184,0.2827829122543335,0.3573000729084015,0.13333333333333333,False,1
D3_1,search,512,8,8,it0185,0.3780204653739929,0.45092952251434326,0.3548387096774194,False,2
D3_1,search,512,8,8,it0186,0.5009275674819946,0.5256659388542175,0.16666666666666666,False,2
D3_1,search,512,8,8,it0187,0.5516321659088135,0.5667450428009033,0.0625,False,7
D3_1,search,512,8,8,it0188,0.569866418838501,0.5267807841300964,0.6666666666666666,False,7
D3_1,search,512,8,8,it0189,0.3839085102081299,0.3739945888519287,0.15,False,4
D3_1,search,512,8,8,it0190,0.5689785480499268,0.5748858451843262,0.0,False,5
D3_1,search,512,8,8,it0191,0.5071460008621216,0.4046948552131653,0.0,False,1
D3_1,search,512,8,8,it0192,0.559056282043457,0.6313681602478027,0.3333333333333333,False,7
D3_1,search,512,8,8,it0193,0.44516125321388245,0.23775359988212585,0.25,False,7
D3_1,search,512,8,8,it0194,0.5451750159263611,0.6549643874168396,0.047619047619047616,False,3
D3_1,search,512,8,8,it0195,0.6505073308944702,0.5217028856277466,0.2692307692307692,False,4
D3_1,search,512,8,8,it0196,0.5116152763366699,0.4388083517551422,0.14285714285714285,False,3
D3_1,search,512,8,8,it0197,0.47980213165283203,0.4187730550765991,0.18181818181818182,False,0
D3_1,search,512,8,8,it0198,0.4590703248977661,0.35676562786102295,0.0625,False,2
D3_1,search,512,8,8,it0199,0.510482907295227,0.4601570963859558,0.11764705882352941,False,2
D3_1,refine,128,1,16,it0000,0.6163381338119507,0.4731886684894562,0.043478260869565216,False,0
D3_1,refine,128,1,16,it0001,0.44215500354766846,0.12282425165176392,0.05555555555555555,False,0
D3_1,refine,128,1,16,it0002,0.2235831469297409,0.286713182926178,0.13333333333333333,False,0
D3_1,refine,128,1,16,it0003,0.4353944659233093,0.34357649087905884,0.06666666666666667,False,0
D3_1,refine,128,1,16,it0004,0.5328173637390137,0.4436175525188446,0.1875,False,0
D3_1,refine,128,1,16,it0005,0.5068987011909485,0.43386197090148926,0.0,False,0
D3_1,refine,128,1,16,it0006,0.26430416107177734,0.26288360357284546,0.05555555555555555,False,0
D3_1,refine,128,1,16,it0007,0.33656027913093567,0.27035003900527954,0.13636363636363635,False,0
D3_1,refine,128,1,16,it0008,0.38799533247947693,0.35419684648513794,0.23809523809523808,False,0
D3_1,refine,128,1,16,it0009,0.534977912902832,0.5380174517631531,0.0,False,0
D3_1,refine,128,1,16,it0010,0.5800108313560486,0.5818700790405273,0.05555555555555555,False,0
D3_1,refine,128,1,16,it0011,0.4906724691390991,0.3757123351097107,0.0,False,0
D3_1,refine,128,1,16,it0012,0.4774506092071533,0.32126930356025696,0.27586206896551724,False,0
D3_1,refine,128,1,16,it0013,0.5690143704414368,0.5987658500671387,0.0,False,0
D3_1,refine,128,1,16,it0014,0.4163723587989807,0.37104958295822144,0.06666666666666667,False,0
D3_1,refine,128,1,16,it0015,0.4597322940826416,0.4873146414756775,0.23529411764705882,False,0
D3_1,refine,128,1,16,it0016,0.6501310467720032,0.5682677626609802,0.11764705882352941,False,0
D3_1,refine,128,1,16,it0017,0.4687827229499817,0.432594358921051,0.2,False,0
D3_1,refine,128,1,16,it0018,0.39095935225486755,0.26033514738082886,0.11764705882352941,False,0
D3_1,refine,128,1,16,it0019,0.6360990405082703,0.5344291925430298,0.043478260869565216,False,0
D3_1,refine,128,1,16,it0020,0.3106498420238495,0.2511879503726959,0.07692307692307693,False,0
D3_1,refine,128,1,16,it0021,0.45046600699424744,0.4592283070087433,0.06060606060606061,False,0
D3_1,refine,128,1,16,it0022,0.3389885723590851,0.3812077045440674,0.45,False,0
D3_1,refine,128,1,16,it0023,0.5980836153030396,0.6147071123123169,0.3333333333333333,False,0
D3_1,refine,128,1,16,it0024,0.547633707523346,0.4417266547679901,0.14285714285714285,False,0
D3_1,refine,128,1,16,it0025,0.6550964117050171,0.5735318660736084,0.0,False,0
D3_1,refine,128,1,16,it0026,0.3164554536342621,0.19619709253311157,0.1875,False,0
D3_1,refine,128,1,16,it0027,0.6359785199165344,0.7207829356193542,0.0625,False,0
D3_1,refine,128,1,16,it0028,0.465351939201355,0.5717511773109436,0.14285714285714285,False,0
D3_1,refine,128,1,16,it0029,0.3726474940776825,0.3074643313884735,0.0,False,0
D3_1,refine,128,1,16,it0030,0.652290940284729,0.5429328083992004,0.08,False,0
D3_1,refine,128,1,16,it0031,0.3217689096927643,0.37333714962005615,0.2222222222222222,False,0
D3_1,refine,128,1,16,it0032,0.5984185934066772,0.5308904051780701,0.2222222222222222,False,0
D3_1,refine,128,1,16,it0033,0.4027431309223175,0.22323444485664368,0.3076923076923077,False,0
D3_1,refine,128,1,16,it0034,0.3909653127193451,0.2790413200855255,0.0,False,0
D3_1,refine,128,1,16,it0035,0.21013501286506653,0.14791224896907806,0.3076923076923077,False,0
D3_1,refine,128,1,16,it0036,0.5501682758331299,0.43747109174728394,0.05555555555555555,False,0
D3_1,refine,128,1,16,it0037,0.5542389750480652,0.5087329745292664,0.0,False,0
D3_1,refine,128,1,16,it0038,0.3145328760147095,0.2230275720357895,0.05405405405405406,False,0
D3_1,refine,128,1,16,it0039,0.42912161350250244,0.4562459886074066,0.17073170731707318,False,0
D3_1,refine,128,1,16,it0040,0.4062572717666626,0.22136761248111725,0.06666666666666667,False,0
D3_1,refine,128,1,16,it0041,0.6308642625808716,0.46966439485549927,0.09090909090909091,False,0
D3_1,refine,128,1,16,it0042,0.4166269898414612,0.30042505264282227,0.18518518518518517,False,0
D3_1,refine,128,1,16,it0043,0.21893295645713806,0.18361501395702362,0.0,False,0
D3_1,refine,128,1,16,it0044,0.4866708517074585,0.554492712020874,0.16,False,0
D3_1,refine,128,1,16,it0045,0.29586097598075867,0.4339946210384369,0.03333333333333333,False,0
D3_1,refine,128,1,16,it0046,0.3041958808898926,0.24824181199073792,0.0,False,0
D3_1,refine,128,1,16,it0047,0.37036553025245667,0.3727915287017822,0.55,False,0
D3_1,refine,128,1,16,it0048,0.4501262307167053,0.34918224811553955,0.0,False,0
D3_1,refine,128,1,16,it0049,0.35157063603401184,0.5167855024337769,0.045454545454545456,False,0
D3_1,refine,128,1,16,it0050,0.3761194348335266,0.20121033489704132,0.4090909090909091,False,0
D3_1,refine,128,1,16,it0051,0.21946276724338531,0.4082046151161194,0.0,False,0
D3_1,refine,128,1,16,it0052,0.30410534143447876,0.3725155293941498,0.0,False,0
D3_1,refine,128,1,16,it0053,0.2689838111400604,0.3031553030014038,0.24324324324324326,False,0
D3_1,refine,128,1,16,it0054,0.22244930267333984,-0.026769114658236504,0.041666666666666664,False,0
D3_1,refine,128,1,16,it0055,0.5071098804473877,0.4610013961791992,0.34615384615384615,False,0
D3_1,refine,128,1,16,it0056,0.4008728265762329,0.2981661558151245,0.1,False,0
D3_1,refine,128,1,16,it0057,0.5333865284919739,0.3735731244087219,0.058823529411764705,False,0
D3_1,refine,128,1,16,it0058,0.2963716387748718,0.3206646740436554,0.0,False,0
D3_1,refine,128,1,16,it0059,0.5560758113861084,0.5880717039108276,0.10714285714285714,False,0
D3_1,refine,128,1,16,it0060,0.5196350812911987,0.4636271595954895,0.058823529411764705,False,0
D3_1,refine,128,1,16,it0061,0.598243772983551,0.4831709861755371,0.0,False,0
D3_1,refine,128,1,16,it0062,0.5752416849136353,0.5227741599082947,0.047619047619047616,False,0
D3_1,refine,128,1,16,it0063,0.4481903612613678,0.33134326338768005,0.2413793103448276,False,0
D3_1,refine,128,1,16,it0064,0.2658732235431671,0.34244072437286377,0.0,False,0
D3_1,refine,128,1,16,it0065,0.5873196721076965,0.5590682625770569,0.1794871794871795,False,0
D3_1,refine,128,1,16,it0066,0.25976160168647766,0.2648910880088806,0.19047619047619047,False,0
D3_1,refine,128,1,16,it0067,0.3131770193576813,0.1873917579650879,0.1111111111111111,False,0
D3_1,refine,128,1,16,it0068,0.6937761306762695,0.5683976411819458,0.0,False,0
D3_1,refine,128,1,16,it0069,0.3076634705066681,0.2872273921966553,0.13636363636363635,False,0
D3_1,refine,128,1,16,it0070,0.3832484781742096,0.43234437704086304,0.0,False,0
D3_1,refine,128,1,16,it0071,0.4962499439716339,0.4874841868877411,0.21428571428571427,False,0
D3_1,refine,128,1,16,it0072,0.4683515131473541,0.4274848401546478,0.0,False,0
D3_1,refine,128,1,16,it0073,0.1324428766965866,0.18296486139297485,0.41379310344827586,False,0
D3_1,refine,128,1,16,it0074,0.17873281240463257,0.16094174981117249,0.3333333333333333,False,0
D3_1,refine,128,1,16,it0075,0.47265157103538513,0.36380085349082947,0.08695652173913043,False,0
D3_1,refine,128,1,16,it0076,0.5552246570587158,0.344691663980484,0.17391304347826086,False,0
D3_1,refine,128,1,16,it0077,0.4195517897605896,0.4448467195034027,0.3333333333333333,False,0
D3_1,refine,128,1,16,it0078,0.3359510004520416,0.2097187638282776,0.23809523809523808,False,0
D3_1,refine,128,1,16,it0079,0.621747612953186,0.5931105613708496,0.0,False,0
D3_1,refine,128,1,16,it0080,0.41344600915908813,0.2899053394794464,0.24390243902439024,False,0
D3_1,refine,128,1,16,it0081,0.36450183391571045,0.3425564765930176,0.0,False,0
D3_1,refine,128,1,16,it0082,0.3488007187843323,0.3833579123020172,0.11764705882352941,False,0
D3_1,refine,128,1,16,it0083,0.5128151178359985,0.36802417039871216,0.0,False,0
D3_1,refine,128,1,16,it0084,0.6005659103393555,0.4635557234287262,0.1111111111111111,False,0
D3_1,refine,128,1,16,it0085,0.5111104249954224,0.3932577073574066,0.0,False,0
D3_1,refine,128,1,16,it0086,0.6467271447181702,0.5468589663505554,0.058823529411764705,False,0
D3_1,refine,128,1,16,it0087,0.4340672194957733,0.5493291020393372,0.4375,False,0
D3_1,refine,128,1,16,it0088,0.38214847445487976,0.35017621517181396,0.14285714285714285,False,0
D3_1,refine,128,1,16,it0089,0.5138687491416931,0.26437535881996155,0.0,False,0
D3_1,refine,128,1,16,it0090,0.678648054599762,0.5599765181541443,0.11764705882352941,False,0
D3_1,refine,128,1,16,it0091,0.527271032333374,0.5548441410064697,0.03225806451612903,False,0
D3_1,refine,128,1,16,it0092,0.47558072209358215,0.47352349758148193,0.05714285714285714,False,0
D3_1,refine,128,1,16,it0093,0.4766697287559509,0.32326096296310425,0.05263157894736842,False,0
D3_1,refine,128,1,16,it0094,0.364676833152771,0.464313268661499,0.0,False,0
D3_1,refine,128,1,16,it0095,0.4459909200668335,0.5148532390594482,0.19047619047619047,False,0
D3_1,refine,128,1,16,it0096,0.447892427444458,0.33396679162979126,0.45454545454545453,False,0
D3_1,refine,128,1,16,it0097,0.5964891314506531,0.5178210735321045,0.1,False,0
D3_1,refine,128,1,16,it0098,0.581367552280426,0.4198884665966034,0.25925925925925924,False,0
D3_1,refine,128,1,16,it0099,0.21432475745677948,0.1392739713191986,0.0,False,0
D3_1,refine,128,1,16,it0100,0.6713650226593018,0.6545271873474121,0.0,False,0
D3_1,refine,128,1,16,it0101,0.1942112296819687,0.26980340480804443,0.07894736842105263,False,0
D3_1,refine,128,1,16,it0102,0.3768520951271057,0.3999858498573303,0.0,False,0
D3_1,refine,128,1,16,it0103,0.18258823454380035,0.37746697664260864,0.0,False,0
D3_1,refine,128,1,16,it0104,0.5409368276596069,0.4158410429954529,0.08333333333333333,False,0
D3_1,refine,128,1,16,it0105,0.4149892330169678,0.5928134322166443,0.02857142857142857,False,0
D3_1,refine,128,1,16,it0106,0.27531367540359497,0.43687188625335693,0.041666666666666664,False,0
D3_1,refine,128,1,16,it0107,0.5465900897979736,0.48375487327575684,0.08695652173913043,False,0
D3_1,refine,128,1,16,it0108,0.4307876229286194,0.3150918185710907,0.1875,False,0
D3_1,refine,128,1,16,it0109,0.5449979901313782,0.403986394405365,0.21052631578947367,False,0
D3_1,refine,128,1,16,it0110,0.264189749956131,0.31090015172958374,0.2,False,0
D3_1,refine,128,1,16,it0111,0.15652038156986237,0.009897916577756405,0.3333333333333333,False,0
D3_1,refine,128,1,16,it0112,0.6423289775848389,0.5861777663230896,0.045454545454545456,False,0
D3_1,refine,128,1,16,it0113,0.5319744944572449,0.4749448895454407,0.0,False,0
D3_1,refine,128,1,16,it0114,0.3451676666736603,0.4358418583869934,0.3888888888888889,False,0
D3_1,refine,128,1,16,it0115,0.3660236895084381,0.2007574886083603,0.07142857142857142,False,0
D3_1,refine,128,1,16,it0116,0.5531767010688782,0.3597080707550049,0.23529411764705882,False,0
D3_1,refine,128,1,16,it0117,0.4198855459690094,0.539857029914856,0.0,False,0
D3_1,refine,128,1,16,it0118,0.6363958120346069,0.5404228568077087,0.21153846153846154,False,0
D3_1,refine,128,1,16,it0119,0.5633108019828796,0.5010599493980408,0.21428571428571427,False,0
D3_1,refine,128,1,16,it0120,0.5881761908531189,0.4833431839942932,0.0,False,0
D3_1,refine,128,1,16,it0121,0.4399947226047516,0.47248896956443787,0.1,False,0
D3_1,refine,128,1,16,it0122,0.3493845760822296,0.3681318163871765,0.3181818181818182,False,0
D3_1,refine,128,1,16,it0123,0.3053774833679199,0.41232237219810486,0.17647058823529413,False,0
D3_1,refine,128,1,16,it0124,0.6312251091003418,0.38344690203666687,0.12121212121212122,False,0
D3_1,refine,128,1,16,it0125,0.5161694884300232,0.34204310178756714,0.02564102564102564,False,0
D3_1,refine,128,1,16,it0126,0.48887166380882263,0.42005258798599243,0.125,False,0
D3_1,refine,128,1,16,it0127,0.4222385883331299,0.38112831115722656,0.23529411764705882,False,0
D3_1,refine,128,1,16,it0128,0.4753260314464569,0.44566595554351807,0.15,False,0
D3_1,refine,128,1,16,it0129,0.32836824655532837,0.20633581280708313,0.0,False,0
D3_1,refine,128,1,16,it0130,0.2467983514070511,0.3434964716434479,0.1,False,0
D3_1,refine,128,1,16,it0131,0.4072970151901245,0.4011067748069763,0.0967741935483871,False,0
D3_1,refine,128,1,16,it0132,0.28012266755104065,0.25741273164749146,0.0,False,0
D3_1,refine,128,1,16,it0133,0.5611530542373657,0.618923544883728,0.10714285714285714,False,0
D3_1,refine,128,1,16,it0134,0.3443728983402252,0.28572964668273926,0.05263157894736842,False,0
D3_1,refine,128,1,16,it0135,0.37595146894454956,0.3635331094264984,0.15384615384615385,False,0
D3_1,refine,128,1,16,it0136,0.35408028960227966,0.3922470510005951,0.0,False,0
D3_1,refine,128,1,16,it0137,0.4912322759628296,0.41071000695228577,0.4166666666666667,False,0
D3_1,refine,128,1,16,it0138,0.5824997425079346,0.4752027988433838,0.05555555555555555,False,0
D3_1,refine,128,1,16,it0139,0.5686032772064209,0.32609546184539795,0.1111111111111111,False,0
D3_1,refine,128,1,16,it0140,0.42101624608039856,0.2614278495311737,0.041666666666666664,False,0
D3_1,refine,128,1,16,it0141,0.6541844606399536,0.7382793426513672,0.13333333333333333,False,0
D3_1,refine,128,1,16,it0142,0.24271100759506226,0.26808950304985046,0.08,False,0
D3_1,refine,128,1,16,it0143,0.2374509572982788,0.358573317527771,0.0,False,0
D3_1,refine,128,1,16,it0144,0.4604497253894806,0.1535375863313675,0.0,False,0
D3_1,refine,128,1,16,it0145,0.587993860244751,0.6209852695465088,0.025,False,0
D3_1,refine,128,1,16,it0146,0.559647798538208,0.4441754221916199,0.0,False,0
D3_1,refine,128,1,16,it0147,0.4492419362068176,0.397889107465744,0.0,False,0
D3_1,refine,128,1,16,it0148,0.1528109908103943,0.23115889728069305,0.14285714285714285,False,0
D3_1,refine,128,1,16,it0149,0.43989354372024536,0.43388015031814575,0.14285714285714285,False,0
D3_1,refine,128,1,16,it0150,0.40961605310440063,0.5331942439079285,0.07692307692307693,False,0
D3_1,refine,128,1,16,it0151,0.6116461157798767,0.5503571629524231,0.058823529411764705,False,0
D3_1,refine,128,1,16,it0152,0.5798754096031189,0.4518977403640747,0.0,False,0
D3_1,refine,128,1,16,it0153,0.3014334738254547,0.45792633295059204,0.16666666666666666,False,0
D3_1,refine,128,1,16,it0154,0.19488079845905304,-0.008962506428360939,0.15789473684210525,False,0
D3_1,refine,128,1,16,it0155,0.2757780849933624,0.40260249376296997,0.07142857142857142,False,0
D3_1,refine,128,1,16,it0156,0.26056045293807983,0.17489013075828552,0.0,False,0
D3_1,refine,128,1,16,it0157,0.5265591144561768,0.545452892780304,0.16279069767441862,False,0
D3_1,refine,128,1,16,it0158,0.3582037687301636,0.3120506703853607,0.10526315789473684,False,0
D3_1,refine,128,1,16,it0159,0.47170937061309814,0.3200126886367798,0.14285714285714285,False,0
D3_1,refine,128,1,16,it0160,0.498704195022583,0.4334462881088257,0.03225806451612903,False,0
D3_1,refine,128,1,16,it0161,0.38454964756965637,0.355533242225647,0.10344827586206896,False,0
D3_1,refine,128,1,16,it0162,0.09059463441371918,0.3472037613391876,0.25925925925925924,False,0
D3_1,refine,128,1,16,it0163,0.4395514130592346,0.47929656505584717,0.058823529411764705,False,0
D3_1,refine,128,1,16,it0164,0.5388163924217224,0.23346805572509766,0.1935483870967742,False,0
D3_1,refine,128,1,16,it0165,0.3282524049282074,0.3229198157787323,0.15151515151515152,False,0
D3_1,refine,128,1,16,it0166,0.5470131039619446,0.32392850518226624,0.08333333333333333,False,0
D3_1,refine,128,1,16,it0167,0.47433599829673767,0.531369686126709,0.21052631578947367,False,0
D3_1,refine,128,1,16,it0168,0.20859187841415405,0.19933804869651794,0.2,False,0
D3_1,refine,128,1,16,it0169,0.48176681995391846,0.5062952041625977,0.15,False,0
D3_1,refine,128,1,16,it0170,0.44770920276641846,0.4154127240180969,0.23529411764705882,False,0
D3_1,refine,128,1,16,it0171,0.6597664952278137,0.49116000533103943,0.0,False,0
D3_1,refine,128,1,16,it0172,0.21422478556632996,0.21523335576057434,0.04,False,0
D3_1,refine,128,1,16,it0173,0.6565102338790894,0.6462256908416748,0.0,False,0
D3_1,refine,128,1,16,it0174,0.5627857446670532,0.3481958210468292,0.4375,False,0
D3_1,refine,128,1,16,it0175,0.322773277759552,0.27585461735725403,0.0,False,0
D3_1,refine,128,1,16,it0176,0.38691192865371704,0.4051424562931061,0.16666666666666666,False,0
D3_1,refine,128,1,16,it0177,0.4313470125198364,0.444629967212677,0.05263157894736842,False,0
D3_1,refine,128,1,16,it0178,0.37583693861961365,0.23811349272727966,0.47058823529411764,False,0
D3_1,refine,128,1,16,it0179,0.5714019536972046,0.6306931972503662,0.22580645161290322,False,0
D3_1,refine,128,1,16,it0180,0.4229799807071686,0.47017520666122437,0.0,False,0
D3_1,refine,128,1,16,it0181,0.4732624292373657,0.5181944966316223,0.0,False,0
D3_1,refine,128,1,16,it0182,0.5989581942558289,0.4109983742237091,0.12,False,0
D3_1,refine,128,1,16,it0183,0.6605756282806396,0.5853783488273621,0.0,False,0
D3_1,refine,128,1,16,it0184,0.3631366491317749,0.22385360300540924,0.13333333333333333,False,0
D3_1,refine,128,1,16,it0185,0.3999486565589905,0.4119126796722412,0.0,False,0
D3_1,refine,128,1,16,it0186,0.5976172089576721,0.421919047832489,0.08333333333333333,False,0
D3_1,refine,128,1,16,it0187,0.5180222988128662,0.28738218545913696,0.0625,False,0
D3_1,refine,128,1,16,it0188,0.5825268030166626,0.5684455633163452,0.05555555555555555,False,0
D3_1,refine,128,1,16,it0189,0.35411015152931213,0.20823854207992554,0.0,False,0
D3_1,refine,128,1,16,it0190,0.5465066432952881,0.5301358103752136,0.125,False,0
D3_1,refine,128,1,16,it0191,0.4335595369338989,0.33767807483673096,0.0,False,0
D3_1,refine,128,1,16,it0192,0.5564743280410767,0.6054626703262329,0.037037037037037035,False,0
D3_1,refine,128,1,16,it0193,0.4708676040172577,0.25260627269744873,0.25,False,0
D3_1,refine,128,1,16,it0194,0.6361289024353027,0.6524619460105896,0.0,False,0
D3_1,refine,128,1,16,it0195,0.5865061283111572,0.5456748604774475,0.038461538461538464,False,0
D3_1,refine,128,1,16,it0196,0.4427233338356018,0.3128480911254883,0.2857142857142857,False,0
D3_1,refine,128,1,16,it0197,0.4501303732395172,0.29340481758117676,0.0,False,0
D3_1,refine,128,1,16,it0198,0.19144073128700256,0.10985980182886124,0.0,False,0
D3_1,refine,128,1,16,it0199,0.36238202452659607,0.43067896366119385,0.058823529411764705,False,0
D3_1,refine,256,1,32,it0000,0.5539841651916504,0.5515376925468445,0.08695652173913043,False,0
D3_1,refine,256,1,32,it0001,0.3288609981536865,0.14538262784481049,0.3333333333333333,False,0
D3_1,refine,256,1,32,it0002,0.37296369671821594,0.14581748843193054,0.0,False,0
D3_1,refine,256,1,32,it0003,0.45877978205680847,0.3157448470592499,0.06666666666666667,False,0
D3_1,refine,256,1,32,it0004,0.5049058794975281,0.387166827917099,0.125,False,0
D3_1,refine,256,1,32,it0005,0.4410274624824524,0.40324902534484863,0.07407407407407407,False,0
D3_1,refine,256,1,32,it0006,0.29657357931137085,0.3764351010322571,0.0,False,0
D3_1,refine,256,1,32,it0007,0.32374733686447144,0.3244498372077942,0.06818181818181818,False,0
D3_1,refine,256,1,32,it0008,0.375794380903244,0.26589930057525635,0.38095238095238093,False,0
D3_1,refine,256,1,32,it0009,0.581000804901123,0.5165985822677612,0.0,False,0
D3_1,refine,256,1,32,it0010,0.6145588755607605,0.5985375642776489,0.0,False,0
D3_1,refine,256,1,32,it0011,0.4427655339241028,0.3887404799461365,0.0,False,0
D3_1,refine,256,1,32,it0012,0.5452715158462524,0.3867635130882263,0.2413793103448276,False,0
D3_1,refine,256,1,32,it0013,0.5956206321716309,0.6593234539031982,0.0,False,0
D3_1,refine,256,1,32,it0014,0.3680367171764374,0.2938728928565979,0.0,False,0
D3_1,refine,256,1,32,it0015,0.4700649380683899,0.41277849674224854,0.11764705882352941,False,0
D3_1,refine,256,1,32,it0016,0.6536527872085571,0.5797359943389893,0.08823529411764706,False,0
D3_1,refine,256,1,32,it0017,0.48716461658477783,0.46493658423423767,0.13333333333333333,False,0
D3_1,refine,256,1,32,it0018,0.374987930059433,0.2178857922554016,0.029411764705882353,False,0
D3_1,refine,256,1,32,it0019,0.6121478080749512,0.4583159387111664,0.043478260869565216,False,0
D3_1,refine,256,1,32,it0020,0.3022935688495636,0.28092992305755615,0.15384615384615385,False,0
D3_1,refine,256,1,32,it0021,0.37066587805747986,0.3719441592693329,0.06060606060606061,False,0
D3_1,refine,256,1,32,it0022,0.32910633087158203,0.33391132950782776,0.625,False,0
D3_1,refine,256,1,32,it0023,0.6552878618240356,0.5289632081985474,0.2222222222222222,False,0
D3_1,refine,256,1,32,it0024,0.615963339805603,0.4494944214820862,0.07142857142857142,False,0
D3_1,refine,256,1,32,it0025,0.6030290722846985,0.5569115281105042,0.1,False,0
D3_1,refine,256,1,32,it0026,0.22596831619739532,0.12934502959251404,0.125,False,0
D3_1,refine,256,1,32,it0027,0.7262760400772095,0.6660228371620178,0.0,False,0
D3_1,refine,256,1,32,it0028,0.4768696427345276,0.5159031748771667,0.16666666666666666,False,0
D3_1,refine,256,1,32,it0029,0.28526437282562256,0.3590081036090851,0.0,False,0
D3_1,refine,256,1,32,it0030,0.5730860829353333,0.5238900780677795,0.0,False,0
D3_1,refine,256,1,32,it0031,0.3129082918167114,0.22938600182533264,0.5555555555555556,False,0
D3_1,refine,256,1,32,it0032,0.5879786610603333,0.5542470812797546,0.037037037037037035,False,0
D3_1,refine,256,1,32,it0033,0.3678327202796936,0.2085648477077484,0.3076923076923077,False,0
D3_1,refine,256,1,32,it0034,0.41511020064353943,0.3325658440589905,0.06666666666666667,False,0
D3_1,refine,256,1,32,it0035,0.37223169207572937,0.27734655141830444,0.0,False,0
D3_1,refine,256,1,32,it0036,0.5991296768188477,0.6326318979263306,0.2777777777777778,False,0
D3_1,refine,256,1,32,it0037,0.5800628662109375,0.44802477955818176,0.0,False,0
D3_1,refine,256,1,32,it0038,0.2922171950340271,0.18764571845531464,0.05405405405405406,False,0
D3_1,refine,256,1,32,it0039,0.4716147184371948,0.5323917269706726,0.024390243902439025,False,0
D3_1,refine,256,1,32,it0040,0.3763427734375,0.2995269000530243,0.0,False,0
D3_1,refine,256,1,32,it0041,0.6366434097290039,0.42290088534355164,0.09090909090909091,False,0
D3_1,refine,256,1,32,it0042,0.39160215854644775,0.3451027572154999,0.1111111111111111,False,0
D3_1,refine,256,1,32,it0043,0.28497248888015747,0.2497052103281021,0.0,False,0
D3_1,refine,256,1,32,it0044,0.497431218624115,0.5494568347930908,0.28,False,0
D3_1,refine,256,1,32,it0045,0.23336723446846008,0.4053404927253723,0.13333333333333333,False,0
D3_1,refine,256,1,32,it0046,0.25945669412612915,0.30074650049209595,0.125,False,0
D3_1,refine,256,1,32,it0047,0.27093392610549927,0.4425024390220642,0.65,False,0
D3_1,refine,256,1,32,it0048,0.5908291935920715,0.5607492327690125,0.1875,False,0
D3_1,refine,256,1,32,it0049,0.40848079323768616,0.5335765480995178,0.0,False,0
D3_1,refine,256,1,32,it0050,0.2566925585269928,0.023025302216410637,0.5909090909090909,False,0
D3_1,refine,256,1,32,it0051,0.20812641084194183,0.37721240520477295,0.034482758620689655,False,0
D3_1,refine,256,1,32,it0052,0.11278317868709564,0.19985948503017426,0.06666666666666667,False,0
D3_1,refine,256,1,32,it0053,0.24209488928318024,0.2879243493080139,0.2972972972972973,False,0
D3_1,refine,256,1,32,it0054,0.21480406820774078,0.05566145479679108,0.125,False,0
D3_1,refine,256,1,32,it0055,0.5747554898262024,0.583076000213623,0.15384615384615385,False,0
D3_1,refine,256,1,32,it0056,0.3490649163722992,0.21075499057769775,0.2,False,0
D3_1,refine,256,1,32,it0057,0.516006588935852,0.4024180769920349,0.17647058823529413,False,0
D3_1,refine,256,1,32,it0058,0.39655444025993347,0.30862611532211304,0.08333333333333333,False,0
D3_1,refine,256,1,32,it0059,0.5834168791770935,0.5954855680465698,0.07142857142857142,False,0
D3_1,refine,256,1,32,it0060,0.5012248158454895,0.3822306990623474,0.0,False,0
D3_1,refine,256,1,32,it0061,0.5649189949035645,0.6123798489570618,0.02857142857142857,False,0
D3_1,refine,256,1,32,it0062,0.5359765887260437,0.5524234175682068,0.0,False,0
D3_1,refine,256,1,32,it0063,0.34982797503471375,0.23872077465057373,0.06896551724137931,False,0
D3_1,refine,256,1,32,it0064,0.3325750529766083,0.4490768313407898,0.0,False,0
D3_1,refine,256,1,32,it0065,0.5761162638664246,0.5827353596687317,0.07692307692307693,False,0
D3_1,refine,256,1,32,it0066,0.2359897345304489,0.3121298551559448,0.23809523809523808,False,0
D3_1,refine,256,1,32,it0067,0.18092602491378784,0.17020466923713684,0.16666666666666666,False,0
D3_1,refine,256,1,32,it0068,0.7336485385894775,0.6209276914596558,0.02564102564102564,False,0
D3_1,refine,256,1,32,it0069,0.4278135299682617,0.341640442609787,0.09090909090909091,False,0
D3_1,refine,256,1,32,it0070,0.3059017062187195,0.2839322090148926,0.0,False,0
D3_1,refine,256,1,32,it0071,0.4810868501663208,0.4271247982978821,0.10714285714285714,False,0
D3_1,refine,256,1,32,it0072,0.4707155227661133,0.4695577025413513,0.0,False,0
D3_1,refine,256,1,32,it0073,0.15932178497314453,0.08787518739700317,0.2413793103448276,False,0
D3_1,refine,256,1,32,it0074,0.33267930150032043,0.35625144839286804,0.26666666666666666,False,0
D3_1,refine,256,1,32,it0075,0.27127954363822937,0.39171308279037476,0.043478260869565216,False,0
D3_1,refine,256,1,32,it0076,0.5545327067375183,0.3068060278892517,0.13043478260869565,False,0
D3_1,refine,256,1,32,it0077,0.4808516204357147,0.2816751301288605,0.08333333333333333,False,0
D3_1,refine,256,1,32,it0078,0.25544530153274536,0.21907176077365875,0.2857142857142857,False,0
D3_1,refine,256,1,32,it0079,0.6984359622001648,0.6208754181861877,0.16666666666666666,False,0
D3_1,refine,256,1,32,it0080,0.4094197154045105,0.1652669459581375,0.0975609756097561,False,0
D3_1,refine,256,1,32,it0081,0.35734468698501587,0.2655947506427765,0.0,False,0
D3_1,refine,256,1,32,it0082,0.42287275195121765,0.4170866012573242,0.17647058823529413,False,0
D3_1,refine,256,1,32,it0083,0.49954789876937866,0.3863867521286011,0.029411764705882353,False,0
D3_1,refine,256,1,32,it0084,0.5584903359413147,0.4132246971130371,0.044444444444444446,False,0
D3_1,refine,256,1,32,it0085,0.4877687394618988,0.328110933303833,0.21428571428571427,False,0
D3_1,refine,256,1,32,it0086,0.6471795439720154,0.49949195981025696,0.0,False,0
D3_1,refine,256,1,32,it0087,0.4788062572479248,0.7324377298355103,0.25,False,0
D3_1,refine,256,1,32,it0088,0.38768327236175537,0.3907228112220764,0.0,False,0
D3_1,refine,256,1,32,it0089,0.5356968641281128,0.25023746490478516,0.0,False,0
D3_1,refine,256,1,32,it0090,0.5808594226837158,0.5207418203353882,0.0,False,0
D3_1,refine,256,1,32,it0091,0.5179767608642578,0.5368760824203491,0.0,False,0
D3_1,refine,256,1,32,it0092,0.454373300075531,0.4075559973716736,0.05714285714285714,False,0
D3_1,refine,256,1,32,it0093,0.4702925980091095,0.3618655502796173,0.0,False,0
D3_1,refine,256,1,32,it0094,0.48926758766174316,0.5127658843994141,0.0,False,0
D3_1,refine,256,1,32,it0095,0.35551929473876953,0.4517660140991211,0.23809523809523808,False,0
D3_1,refine,256,1,32,it0096,0.4988125264644623,0.5086113810539246,0.3181818181818182,False,0
D3_1,refine,256,1,32,it0097,0.5829681158065796,0.6079083681106567,0.0,False,0
D3_1,refine,256,1,32,it0098,0.5334504842758179,0.47007784247398376,0.07407407407407407,False,0
D3_1,refine,256,1,32,it0099,0.265636146068573,0.1788392961025238,0.0,False,0
D3_1,refine,256,1,32,it0100,0.7227658033370972,0.6311536431312561,0.0,False,0
D3_1,refine,256,1,32,it0101,0.3242796063423157,0.36407727003097534,0.0,False,0
D3_1,refine,256,1,32,it0102,0.3098311126232147,0.5183136463165283,0.0,False,0
D3_1,refine,256,1,32,it0103,0.28346991539001465,0.2617076635360718,0.0,False,0
D3_1,refine,256,1,32,it0104,0.4827423393726349,0.5152704119682312,0.0,False,0
D3_1,refine,256,1,32,it0105,0.4381287693977356,0.601999044418335,0.2,False,0
D3_1,refine,256,1,32,it0106,0.3387783169746399,0.321849524974823,0.041666666666666664,False,0
D3_1,refine,256,1,32,it0107,0.5930618047714233,0.5206727385520935,0.0,False,0
D3_1,refine,256,1,32,it0108,0.4047246277332306,0.42684033513069153,0.125,False,0
D3_1,refine,256,1,32,it0109,0.41921186447143555,0.47080665826797485,0.21052631578947367,False,0
D3_1,refine,256,1,32,it0110,0.16505658626556396,0.24758100509643555,0.16666666666666666,False,0
D3_1,refine,256,1,32,it0111,0.187105193734169,0.09116573631763458,0.030303030303030304,False,0
D3_1,refine,256,1,32,it0112,0.648334801197052,0.5894644260406494,0.022727272727272728,False,0
D3_1,refine,256,1,32,it0113,0.5312837362289429,0.47085851430892944,0.045454545454545456,False,0
D3_1,refine,256,1,32,it0114,0.49140509963035583,0.5197420120239258,0.6111111111111112,False,0
D3_1,refine,256,1,32,it0115,0.3907972276210785,0.16367533802986145,0.0,False,0
D3_1,refine,256,1,32,it0116,0.5730600953102112,0.3809205889701843,0.11764705882352941,False,0
D3_1,refine,256,1,32,it0117,0.4047915041446686,0.5290882587432861,0.029411764705882353,False,0
D3_1,refine,256,1,32,it0118,0.6657615900039673,0.6027664542198181,0.15384615384615385,False,0
D3_1,refine,256,1,32,it0119,0.5091608762741089,0.49235838651657104,0.42857142857142855,False,0
D3_1,refine,256,1,32,it0120,0.5874389410018921,0.45516127347946167,0.0,False,0
D3_1,refine,256,1,32,it0121,0.5279223918914795,0.461648553609848,0.4,False,0
D3_1,refine,256,1,32,it0122,0.2618235945701599,0.2842429578304291,0.3181818181818182,False,0
D3_1,refine,256,1,32,it0123,0.492354154586792,0.5174660086631775,0.11764705882352941,False,0
D3_1,refine,256,1,32,it0124,0.5417691469192505,0.28410980105400085,0.12121212121212122,False,0
D3_1,refine,256,1,32,it0125,0.558133065700531,0.3924279808998108,0.15384615384615385,False,0
D3_1,refine,256,1,32,it0126,0.4149034023284912,0.516623318195343,0.0625,False,0
D3_1,refine,256,1,32,it0127,0.38045111298561096,0.3551448881626129,0.0,False,0
D3_1,refine,256,1,32,it0128,0.5106009244918823,0.37753233313560486,0.05,False,0
D3_1,refine,256,1,32,it0129,0.28448835015296936,0.29274845123291016,0.0,False,0
D3_1,refine,256,1,32,it0130,0.33335596323013306,0.3407239317893982,0.0,False,0
D3_1,refine,256,1,32,it0131,0.3792276680469513,0.47111642360687256,0.0,False,0
D3_1,refine,256,1,32,it0132,0.3374420404434204,0.33185383677482605,0.0,False,0
D3_1,refine,256,1,32,it0133,0.5010706782341003,0.5053055286407471,0.03571428571428571,False,0
D3_1,refine,256,1,32,it0134,0.2960134446620941,0.27688834071159363,0.05263157894736842,False,0
D3_1,refine,256,1,32,it0135,0.2938014268875122,0.3059576749801636,0.10256410256410256,False,0
D3_1,refine,256,1,32,it0136,0.4426623284816742,0.4333045780658722,0.05,False,0
D3_1,refine,256,1,32,it0137,0.6213638782501221,0.4383658766746521,0.0,False,0
D3_1,refine,256,1,32,it0138,0.4066977798938751,0.5537168979644775,0.05555555555555555,False,0
D3_1,refine,256,1,32,it0139,0.5501039028167725,0.35238412022590637,0.05555555555555555,False,0
D3_1,refine,256,1,32,it0140,0.3833913505077362,0.3426097333431244,0.041666666666666664,False,0
D3_1,refine,256,1,32,it0141,0.5951827168464661,0.6517505645751953,0.3,False,0
D3_1,refine,256,1,32,it0142,0.16136932373046875,0.1654888540506363,0.0,False,0
D3_1,refine,256,1,32,it0143,0.31359702348709106,0.4574452340602875,0.0,False,0
D3_1,refine,256,1,32,it0144,0.3688226342201233,0.2561973035335541,0.0,False,0
D3_1,refine,256,1,32,it0145,0.4906949996948242,0.6179337501525879,0.05,False,0
D3_1,refine,256,1,32,it0146,0.48447349667549133,0.47831544280052185,0.05,False,0
D3_1,refine,256,1,32,it0147,0.39613425731658936,0.4419980049133301,0.0,False,0
D3_1,refine,256,1,32,it0148,0.2317149043083191,0.21147719025611877,0.17857142857142858,False,0
D3_1,refine,256,1,32,it0149,0.4639286398887634,0.4398173689842224,0.2857142857142857,False,0
D3_1,refine,256,1,32,it0150,0.389685720205307,0.4899343252182007,0.07692307692307693,False,0
D3_1,refine,256,1,32,it0151,0.49766314029693604,0.48201268911361694,0.11764705882352941,False,0
D3_1,refine,256,1,32,it0152,0.5991337299346924,0.3959207534790039,0.0,False,0
D3_1,refine,256,1,32,it0153,0.3853996992111206,0.4105173945426941,0.35714285714285715,False,0
D3_1,refine,256,1,32,it0154,0.1956665962934494,0.11605128645896912,0.15789473684210525,False,0
D3_1,refine,256,1,32,it0155,0.23881343007087708,0.28167909383773804,0.0,False,0
D3_1,refine,256,1,32,it0156,0.1875067800283432,0.17198467254638672,0.0,False,0
D3_1,refine,256,1,32,it0157,0.5405899882316589,0.4884837567806244,0.0,False,0
D3_1,refine,256,1,32,it0158,0.2636273205280304,0.18732979893684387,0.21052631578947367,False,0
D3_1,refine,256,1,32,it0159,0.3738361895084381,0.19474664330482483,0.2857142857142857,False,0
D3_1,refine,256,1,32,it0160,0.47994861006736755,0.3893568813800812,0.0,False,0
D3_1,refine,256,1,32,it0161,0.29048386216163635,0.31478145718574524,0.06896551724137931,False,0
D3_1,refine,256,1,32,it0162,0.163882315158844,0.2942386865615845,0.07407407407407407,False,0
D3_1,refine,256,1,32,it0163,0.5285932421684265,0.40836718678474426,0.11764705882352941,False,0
D3_1,refine,256,1,32,it0164,0.5502377152442932,0.3323931396007538,0.12903225806451613,False,0
D3_1,refine,256,1,32,it0165,0.3726222813129425,0.2980419993400574,0.06060606060606061,False,0
D3_1,refine,256,1,32,it0166,0.44165048003196716,0.2380531132221222,0.08333333333333333,False,0
D3_1,refine,256,1,32,it0167,0.43647485971450806,0.5177521109580994,0.10526315789473684,False,0
D3_1,refine,256,1,32,it0168,0.2925897240638733,0.33110108971595764,0.1,False,0
D3_1,refine,256,1,32,it0169,0.4199956953525543,0.41347411274909973,0.2,False,0
D3_1,refine,256,1,32,it0170,0.5023962259292603,0.48797354102134705,0.17647058823529413,False,0
D3_1,refine,256,1,32,it0171,0.6061896085739136,0.5180596113204956,0.047619047619047616,False,0
D3_1,refine,256,1,32,it0172,0.1797579675912857,0.22321540117263794,0.0,False,0
D3_1,refine,256,1,32,it0173,0.6542656421661377,0.620298445224762,0.0,False,0
D3_1,refine,256,1,32,it0174,0.6179102659225464,0.39683499932289124,0.125,False,0
D3_1,refine,256,1,32,it0175,0.2614119350910187,0.17685192823410034,0.0,False,0
D3_1,refine,256,1,32,it0176,0.30070072412490845,0.29649975895881653,0.1111111111111111,False,0
D3_1,refine,256,1,32,it0177,0.4791608154773712,0.6108177900314331,0.10526315789473684,False,0
D3_1,refine,256,1,32,it0178,0.3199225664138794,0.24668172001838684,0.35294117647058826,False,0
D3_1,refine,256,1,32,it0179,0.5930356383323669,0.5997822880744934,0.16129032258064516,False,0
D3_1,refine,256,1,32,it0180,0.4211091995239258,0.419640451669693,0.0,False,0
D3_1,refine,256,1,32,it0181,0.4725322425365448,0.6032446026802063,0.0,False,0
D3_1,refine,256,1,32,it0182,0.6456044912338257,0.3821394741535187,0.04,False,0
D3_1,refine,256,1,32,it0183,0.6095038056373596,0.5237807035446167,0.0,False,0
D3_1,refine,256,1,32,it0184,0.3324129283428192,0.21718506515026093,0.2,False,0
D3_1,refine,256,1,32,it0185,0.2841624617576599,0.317485511302948,0.16129032258064516,False,0
D3_1,refine,256,1,32,it0186,0.5063050389289856,0.49036070704460144,0.041666666666666664,False,0
D3_1,refine,256,1,32,it0187,0.4973732829093933,0.35382378101348877,0.0625,False,0
D3_1,refine,256,1,32,it0188,0.5272523164749146,0.4082973599433899,0.05555555555555555,False,0
D3_1,refine,256,1,32,it0189,0.37060120701789856,0.41449040174484253,0.0,False,0
D3_1,refine,256,1,32,it0190,0.6190556287765503,0.4830247759819031,0.0,False,0
D3_1,refine,256,1,32,it0191,0.4040464162826538,0.3741772770881653,0.0,False,0
D3_1,refine,256,1,32,it0192,0.5461009740829468,0.5776421427726746,0.1111111111111111,False,0
D3_1,refine,256,1,32,it0193,0.39130157232284546,0.21873532235622406,0.25,False,0
D3_1,refine,256,1,32,it0194,0.6473716497421265,0.6310873627662659,0.0,False,0
D3_1,refine,256,1,32,it0195,0.6089752316474915,0.5407885313034058,0.11538461538461539,False,0
D3_1,refine,256,1,32,it0196,0.48537346720695496,0.34016719460487366,0.0,False,0
D3_1,refine,256,1,32,it0197,0.4409211277961731,0.37870967388153076,0.09090909090909091,False,0
D3_1,refine,256,1,32,it0198,0.11883638799190521,0.04402695223689079,0.0,False,0
D3_1,refine,256,1,32,it0199,0.45992588996887207,0.3438742756843567,0.0,False,0
D3_1,refine,512,1,64,it0000,0.41682928800582886,0.2806381583213806,0.0,False,0
D3_1,refine,512,1,64,it0001,0.34928038716316223,0.19636617600917816,0.5,False,0
D3_1,refine,512,1,64,it0002,0.38089537620544434,0.35739606618881226,0.13333333333333333,False,0
D3_1,refine,512,1,64,it0003,0.42103061079978943,0.3164103627204895,0.06666666666666667,False,0
D3_1,refine,512,1,64,it0004,0.47519248723983765,0.2664092481136322,0.125,False,0
D3_1,refine,512,1,64,it0005,0.44620180130004883,0.3918986916542053,0.07407407407407407,False,0
D3_1,refine,512,1,64,it0006,0.32402661442756653,0.32723259925842285,0.1111111111111111,False,0
D3_1,refine,512,1,64,it0007,0.2890997529029846,0.3817480206489563,0.09090909090909091,False,0
D3_1,refine,512,1,64,it0008,0.39301177859306335,0.3852335512638092,0.3333333333333333,False,0
D3_1,refine,512,1,64,it0009,0.5163719058036804,0.5735504627227783,0.0,False,0
D3_1,refine,512,1,64,it0010,0.573127031326294,0.5218145847320557,0.16666666666666666,False,0
D3_1,refine,512,1,64,it0011,0.4681190550327301,0.43955880403518677,0.0,False,0
D3_1,refine,512,1,64,it0012,0.4791988134384155,0.24794869124889374,0.3103448275862069,False,0
D3_1,refine,512,1,64,it0013,0.5252090096473694,0.5729101300239563,0.0,False,0
D3_1,refine,512,1,64,it0014,0.407279372215271,0.3664895296096802,0.0,False,0
D3_1,refine,512,1,64,it0015,0.5139912962913513,0.4256742298603058,0.11764705882352941,False,0
D3_1,refine,512,1,64,it0016,0.6718839406967163,0.5133644342422485,0.11764705882352941,False,0
D3_1,refine,512,1,64,it0017,0.5151206851005554,0.3766559362411499,0.26666666666666666,False,0
D3_1,refine,512,1,64,it0018,0.4058600664138794,0.1945420652627945,0.20588235294117646,False,0
D3_1,refine,512,1,64,it0019,0.6257045269012451,0.5929136276245117,0.043478260869565216,False,0
D3_1,refine,512,1,64,it0020,0.24765367805957794,0.2445579171180725,0.38461538461538464,False,0
D3_1,refine,512,1,64,it0021,0.42136746644973755,0.39302149415016174,0.06060606060606061,False,0
D3_1,refine,512,1,64,it0022,0.33025696873664856,0.39148467779159546,0.2,False,0
D3_1,refine,512,1,64,it0023,0.6975566744804382,0.535968542098999,0.16666666666666666,False,0
D3_1,refine,512,1,64,it0024,0.629624605178833,0.49697446823120117,0.14285714285714285,False,0
D3_1,refine,512,1,64,it0025,0.6158447265625,0.4949724078178406,0.0,False,0
D3_1,refine,512,1,64,it0026,0.21874651312828064,0.16569851338863373,0.125,False,0
D3_1,refine,512,1,64,it0027,0.7048284411430359,0.6327148675918579,0.0,False,0
D3_1,refine,512,1,64,it0028,0.5511747002601624,0.616826593875885,0.07142857142857142,False,0
D3_1,refine,512,1,64,it0029,0.3515329957008362,0.4696863293647766,0.0,False,0
D3_1,refine,512,1,64,it0030,0.5370334386825562,0.4873783588409424,0.08,False,0
D3_1,refine,512,1,64,it0031,0.36677923798561096,0.4588879346847534,0.0,False,0
D3_1,refine,512,1,64,it0032,0.5893806219100952,0.5687372088432312,0.037037037037037035,False,0
D3_1,refine,512,1,64,it0033,0.28679826855659485,0.22317220270633698,0.0,False,0
D3_1,refine,512,1,64,it0034,0.4330330193042755,0.44354963302612305,0.06666666666666667,False,0
D3_1,refine,512,1,64,it0035,0.3176538050174713,0.25128820538520813,0.0,False,0
D3_1,refine,512,1,64,it0036,0.6260867714881897,0.5083171129226685,0.0,False,0
D3_1,refine,512,1,64,it0037,0.5860942602157593,0.5299729108810425,0.0,False,0
D3_1,refine,512,1,64,it0038,0.3386496305465698,0.12792479991912842,0.13513513513513514,False,0
D3_1,refine,512,1,64,it0039,0.565631628036499,0.4690108895301819,0.12195121951219512,False,0
D3_1,refine,512,1,64,it0040,0.36743196845054626,0.29840099811553955,0.0,False,0
D3_1,refine,512,1,64,it0041,0.6497538089752197,0.45293641090393066,0.045454545454545456,False,0
D3_1,refine,512,1,64,it0042,0.30604416131973267,0.2997005879878998,0.1111111111111111,False,0
D3_1,refine,512,1,64,it0043,0.33459752798080444,0.3100736141204834,0.038461538461538464,False,0
D3_1,refine,512,1,64,it0044,0.4357719421386719,0.43062707781791687,0.28,False,0
D3_1,refine,512,1,64,it0045,0.1799919307231903,0.3845657706260681,0.06666666666666667,False,0
D3_1,refine,512,1,64,it0046,0.2921753227710724,0.21382591128349304,0.1875,False,0
D3_1,refine,512,1,64,it0047,0.2926819622516632,0.38014981150627136,0.5,False,0
D3_1,refine,512,1,64,it0048,0.5040563941001892,0.4390105605125427,0.0,False,0
D3_1,refine,512,1,64,it0049,0.33302685618400574,0.4974345266819,0.0,False,0
D3_1,refine,512,1,64,it0050,0.10811224579811096,-0.033971983939409256,0.4090909090909091,False,0
D3_1,refine,512,1,64,it0051,0.13429465889930725,0.3706567883491516,0.034482758620689655,False,0
D3_1,refine,512,1,64,it0052,0.17295436561107635,0.13899478316307068,0.0,False,0
D3_1,refine,512,1,64,it0053,0.4051719009876251,0.4400915205478668,0.16216216216216217,False,0
D3_1,refine,512,1,64,it0054,0.23866437375545502,0.11052916944026947,0.0,False,0
D3_1,refine,512,1,64,it0055,0.40908604860305786,0.45608121156692505,0.19230769230769232,False,0
D3_1,refine,512,1,64,it0056,0.4000988304615021,0.2681196331977844,0.05,False,0
D3_1,refine,512,1,64,it0057,0.47323113679885864,0.40998685359954834,0.029411764705882353,False,0
D3_1,refine,512,1,64,it0058,0.32573655247688293,0.22369100153446198,0.16666666666666666,False,0
D3_1,refine,512,1,64,it0059,0.5837326049804688,0.5542688369750977,0.25,False,0
D3_1,refine,512,1,64,it0060,0.5698679685592651,0.38580697774887085,0.058823529411764705,False,0
D3_1,refine,512,1,64,it0061,0.5295055508613586,0.6167410612106323,0.05714285714285714,False,0
D3_1,refine,512,1,64,it0062,0.5271779298782349,0.4684702157974243,0.047619047619047616,False,0
D3_1,refine,512,1,64,it0063,0.40877479314804077,0.3301546573638916,0.27586206896551724,False,0
D3_1,refine,512,1,64,it0064,0.4548131227493286,0.5115748047828674,0.16666666666666666,False,0
D3_1,refine,512,1,64,it0065,0.5926518440246582,0.6101933717727661,0.10256410256410256,False,0
D3_1,refine,512,1,64,it0066,0.4087490439414978,0.46571680903434753,0.14285714285714285,False,0
D3_1,refine,512,1,64,it0067,0.2729285657405853,0.2487533837556839,0.05555555555555555,False,0
D3_1,refine,512,1,64,it0068,0.703199028968811,0.6823551654815674,0.02564102564102564,False,0
D3_1,refine,512,1,64,it0069,0.323992520570755,0.4517488479614258,0.045454545454545456,False,0
D3_1,refine,512,1,64,it0070,0.35851383209228516,0.4847072958946228,0.0,False,0
D3_1,refine,512,1,64,it0071,0.5451878309249878,0.4514896869659424,0.10714285714285714,False,0
D3_1,refine,512,1,64,it0072,0.5174072980880737,0.5147049427032471,0.0,False,0
D3_1,refine,512,1,64,it0073,0.1800687164068222,0.06813009083271027,0.4827586206896552,False,0
D3_1,refine,512,1,64,it0074,0.3119710087776184,0.25208938121795654,0.06666666666666667,False,0
D3_1,refine,512,1,64,it0075,0.37632912397384644,0.48214104771614075,0.0,False,0
D3_1,refine,512,1,64,it0076,0.5721210241317749,0.2492828667163849,0.17391304347826086,False,0
D3_1,refine,512,1,64,it0077,0.35389232635498047,0.21361638605594635,0.25,False,0
D3_1,refine,512,1,64,it0078,0.34023717045783997,0.21777239441871643,0.047619047619047616,False,0
D3_1,refine,512,1,64,it0079,0.6251218914985657,0.6050679087638855,0.0,False,0
D3_1,refine,512,1,64,it0080,0.42766231298446655,0.21808107197284698,0.14634146341463414,False,0
D3_1,refine,512,1,64,it0081,0.3754957616329193,0.2706574499607086,0.0,False,0
D3_1,refine,512,1,64,it0082,0.3657625913619995,0.4302709400653839,0.058823529411764705,False,0
D3_1,refine,512,1,64,it0083,0.5158827900886536,0.3753407597541809,0.0,False,0
D3_1,refine,512,1,64,it0084,0.6260077953338623,0.5483785271644592,0.06666666666666667,False,0
D3_1,refine,512,1,64,it0085,0.34744036197662354,0.39362791180610657,0.0,False,0
D3_1,refine,512,1,64,it0086,0.6595283150672913,0.5577223896980286,0.11764705882352941,False,0
D3_1,refine,512,1,64,it0087,0.575303316116333,0.5924304723739624,0.25,False,0
D3_1,refine,512,1,64,it0088,0.4511505365371704,0.44351398944854736,0.047619047619047616,False,0
D3_1,refine,512,1,64,it0089,0.5512712001800537,0.2736680507659912,0.041666666666666664,False,0
D3_1,refine,512,1,64,it0090,0.6245614886283875,0.6108351945877075,0.0,False,0
D3_1,refine,512,1,64,it0091,0.6177483201026917,0.6065050363540649,0.06451612903225806,False,0
D3_1,refine,512,1,64,it0092,0.49478235840797424,0.2853231430053711,0.02857142857142857,False,0
D3_1,refine,512,1,64,it0093,0.3924214839935303,0.30147266387939453,0.0,False,0
D3_1,refine,512,1,64,it0094,0.4023910462856293,0.4839978516101837,0.07692307692307693,False,0
D3_1,refine,512,1,64,it0095,0.4483792781829834,0.5592606067657471,0.2857142857142857,False,0
D3_1,refine,512,1,64,it0096,0.6010843515396118,0.4585020840167999,0.09090909090909091,False,0
D3_1,refine,512,1,64,it0097,0.6198363900184631,0.6292594075202942,0.0,False,0
D3_1,refine,512,1,64,it0098,0.5117713809013367,0.5233532786369324,0.14814814814814814,False,0
D3_1,refine,512,1,64,it0099,0.22228719294071198,0.03112470731139183,0.0,False,0
D3_1,refine,512,1,64,it0100,0.5279219746589661,0.7306327819824219,0.0,False,0
D3_1,refine,512,1,64,it0101,0.2971148192882538,0.3824475407600403,0.0,False,0
D3_1,refine,512,1,64,it0102,0.3060626983642578,0.4373776316642761,0.07692307692307693,False,0
D3_1,refine,512,1,64,it0103,0.265811026096344,0.30938321352005005,0.09090909090909091,False,0
D3_1,refine,512,1,64,it0104,0.5282161235809326,0.4766490161418915,0.041666666666666664,False,0
D3_1,refine,512,1,64,it0105,0.41043946146965027,0.5669939517974854,0.17142857142857143,False,0
D3_1,refine,512,1,64,it0106,0.3839420676231384,0.3096866309642792,0.125,False,0
D3_1,refine,512,1,64,it0107,0.3736058473587036,0.34381961822509766,0.0,False,0
D3_1,refine,512,1,64,it0108,0.42401522397994995,0.30631330609321594,0.0625,False,0
D3_1,refine,512,1,64,it0109,0.48656389117240906,0.3782457709312439,0.21052631578947367,False,0
D3_1,refine,512,1,64,it0110,0.15422312915325165,0.3601323664188385,0.26666666666666666,False,0
D3_1,refine,512,1,64,it0111,0.14526905119419098,-0.009367784485220909,0.3333333333333333,False,0
D3_1,refine,512,1,64,it0112,0.5765643119812012,0.5360143780708313,0.022727272727272728,False,0
D3_1,refine,512,1,64,it0113,0.5520999431610107,0.48845091462135315,0.06818181818181818,False,0
D3_1,refine,512,1,64,it0114,0.4913126826286316,0.5052708387374878,0.05555555555555555,False,0
D3_1,refine,512,1,64,it0115,0.41308891773223877,0.2671847939491272,0.0,False,0
D3_1,refine,512,1,64,it0116,0.5326459407806396,0.40657126903533936,0.11764705882352941,False,0
D3_1,refine,512,1,64,it0117,0.4797307848930359,0.5876458883285522,0.0,False,0
D3_1,refine,512,1,64,it0118,0.4708058834075928,0.4836970567703247,0.1346153846153846,False,0
D3_1,refine,512,1,64,it0119,0.5727419853210449,0.47463032603263855,0.5,False,0
D3_1,refine,512,1,64,it0120,0.5638620853424072,0.394380122423172,0.0,False,0
D3_1,refine,512,1,64,it0121,0.5275589823722839,0.4246033728122711,0.05,False,0
D3_1,refine,512,1,64,it0122,0.1752331256866455,0.3169821500778198,0.2727272727272727,False,0
D3_1,refine,512,1,64,it0123,0.28028371930122375,0.38571399450302124,0.058823529411764705,False,0
D3_1,refine,512,1,64,it0124,0.5651254653930664,0.49167823791503906,0.18181818181818182,False,0
D3_1,refine,512,1,64,it0125,0.4367617070674896,0.2952847182750702,0.1282051282051282,False,0
D3_1,refine,512,1,64,it0126,0.45518308877944946,0.4906943142414093,0.125,False,0
D3_1,refine,512,1,64,it0127,0.40788954496383667,0.3693363070487976,0.0,False,0
D3_1,refine,512,1,64,it0128,0.47788140177726746,0.33536413311958313,0.0,False,0
D3_1,refine,512,1,64,it0129,0.27287590503692627,0.15809854865074158,0.0,False,0
D3_1,refine,512,1,64,it0130,0.35319238901138306,0.317970335483551,0.0,False,0
D3_1,refine,512,1,64,it0131,0.4362522065639496,0.4558325409889221,0.12903225806451613,False,0
D3_1,refine,512,1,64,it0132,0.3844486474990845,0.2963410019874573,0.07142857142857142,False,0
D3_1,refine,512,1,64,it0133,0.5779399275779724,0.6082843542098999,0.07142857142857142,False,0
D3_1,refine,512,1,64,it0134,0.29246318340301514,0.3644317388534546,0.0,False,0
D3_1,refine,512,1,64,it0135,0.27363473176956177,0.29951128363609314,0.15384615384615385,False,0
D3_1,refine,512,1,64,it0136,0.37267544865608215,0.405671089887619,0.1,False,0
D3_1,refine,512,1,64,it0137,0.505794107913971,0.524520993232727,0.0,False,0
D3_1,refine,512,1,64,it0138,0.5206578373908997,0.38672566413879395,0.0,False,0
D3_1,refine,512,1,64,it0139,0.6205976009368896,0.5044945478439331,0.0,False,0
D3_1,refine,512,1,64,it0140,0.27394092082977295,0.3232463300228119,0.0,False,0
D3_1,refine,512,1,64,it0141,0.6426485776901245,0.6940175890922546,0.06666666666666667,False,0
D3_1,refine,512,1,64,it0142,0.42589235305786133,0.2829520106315613,0.04,False,0
D3_1,refine,512,1,64,it0143,0.36922264099121094,0.4884790778160095,0.0,False,0
D3_1,refine,512,1,64,it0144,0.5596917867660522,0.4782032072544098,0.0,False,0
D3_1,refine,512,1,64,it0145,0.478146493434906,0.49913811683654785,0.0,False,0
D3_1,refine,512,1,64,it0146,0.47253701090812683,0.48780393600463867,0.2,False,0
D3_1,refine,512,1,64,it0147,0.4324689507484436,0.45510512590408325,0.0,False,0
D3_1,refine,512,1,64,it0148,0.07484860718250275,0.04908628761768341,0.07142857142857142,False,0
D3_1,refine,512,1,64,it0149,0.4723237454891205,0.38129517436027527,0.14285714285714285,False,0
D3_1,refine,512,1,64,it0150,0.30424994230270386,0.46519505977630615,0.11538461538461539,False,0
D3_1,refine,512,1,64,it0151,0.6190294623374939,0.5184829831123352,0.0,False,0
D3_1,refine,512,1,64,it0152,0.5572801828384399,0.4143219590187073,0.0,False,0
D3_1,refine,512,1,64,it0153,0.281976580619812,0.345024973154068,0.07142857142857142,False,0
D3_1,refine,512,1,64,it0154,0.3181128203868866,0.11864778399467468,0.15789473684210525,False,0
D3_1,refine,512,1,64,it0155,0.26838621497154236,0.42040950059890747,0.0,False,0
D3_1,refine,512,1,64,it0156,0.3519062101840973,0.27029892802238464,0.047619047619047616,False,0
D3_1,refine,512,1,64,it0157,0.5285363793373108,0.4732464551925659,0.0,False,0
D3_1,refine,512,1,64,it0158,0.3534058630466461,0.1627541482448578,0.3157894736842105,False,0
D3_1,refine,512,1,64,it0159,0.4215339720249176,0.31072500348091125,0.07142857142857142,False,0
D3_1,refine,512,1,64,it0160,0.533684253692627,0.5197464227676392,0.06451612903225806,False,0
D3_1,refine,512,1,64,it0161,0.2860899865627289,0.26491978764533997,0.034482758620689655,False,0
D3_1,refine,512,1,64,it0162,0.15323707461357117,0.295029878616333,0.1111111111111111,False,0
D3_1,refine,512,1,64,it0163,0.47887733578681946,0.4563950300216675,0.17647058823529413,False,0
D3_1,refine,512,1,64,it0164,0.5642421245574951,0.3066568076610565,0.0,False,0
D3_1,refine,512,1,64,it0165,0.2888058125972748,0.30630022287368774,0.0,False,0
D3_1,refine,512,1,64,it0166,0.4569520354270935,0.3076186180114746,0.25,False,0
D3_1,refine,512,1,64,it0167,0.291959285736084,0.40035614371299744,0.10526315789473684,False,0
D3_1,refine,512,1,64,it0168,0.2382015734910965,0.30070939660072327,0.1,False,0
D3_1,refine,512,1,64,it0169,0.41604846715927124,0.3953825533390045,0.1,False,0
D3_1,refine,512,1,64,it0170,0.4490109086036682,0.3714505732059479,0.11764705882352941,False,0
D3_1,refine,512,1,64,it0171,0.6308179497718811,0.5525105595588684,0.09523809523809523,False,0
D3_1,refine,512,1,64,it0172,0.1921924203634262,0.30108174681663513,0.0,False,0
D3_1,refine,512,1,64,it0173,0.6484750509262085,0.5081372857093811,0.16666666666666666,False,0
D3_1,refine,512,1,64,it0174,0.5929468274116516,0.39375051856040955,0.25,False,0
D3_1,refine,512,1,64,it0175,0.24272453784942627,0.15543623268604279,0.0,False,0
D3_1,refine,512,1,64,it0176,0.36215171217918396,0.3825674057006836,0.0,False,0
D3_1,refine,512,1,64,it0177,0.45684337615966797,0.34662798047065735,0.05263157894736842,False,0
D3_1,refine,512,1,64,it0178,0.2114136964082718,0.21769340336322784,0.47058823529411764,False,0
D3_1,refine,512,1,64,it0179,0.6328559517860413,0.6649772524833679,0.0967741935483871,False,0
D3_1,refine,512,1,64,it0180,0.4302206337451935,0.4400712549686432,0.0,False,0
D3_1,refine,512,1,64,it0181,0.5707848072052002,0.5386058688163757,0.0,False,0
D3_1,refine,512,1,64,it0182,0.6032027006149292,0.5113343000411987,0.0,False,0
D3_1,refine,512,1,64,it0183,0.5931774973869324,0.5524123907089233,0.0,False,0
D3_1,refine,512,1,64,it0184,0.3195108473300934,0.16642014682292938,0.13333333333333333,False,0
D3_1,refine,512,1,64,it0185,0.46533113718032837,0.5301697850227356,0.06451612903225806,False,0
D3_1,refine,512,1,64,it0186,0.5594112873077393,0.5207617282867432,0.125,False,0
D3_1,refine,512,1,64,it0187,0.4857998788356781,0.28649386763572693,0.125,False,0
D3_1,refine,512,1,64,it0188,0.4510200321674347,0.45529842376708984,0.2777777777777778,False,0
D3_1,refine,512,1,64,it0189,0.4730869233608246,0.2907540202140808,0.0,False,0
D3_1,refine,512,1,64,it0190,0.6577839851379395,0.6696916818618774,0.1875,False,0
D3_1,refine,512,1,64,it0191,0.48748379945755005,0.35702943801879883,0.0,False,0
D3_1,refine,512,1,64,it0192,0.5885230302810669,0.620220959186554,0.14814814814814814,False,0
D3_1,refine,512,1,64,it0193,0.4045635461807251,0.22328566014766693,0.375,False,0
D3_1,refine,512,1,64,it0194,0.6199637055397034,0.5970583558082581,0.0,False,0
D3_1,refine,512,1,64,it0195,0.5636613368988037,0.44226646423339844,0.15384615384615385,False,0
D3_1,refine,512,1,64,it0196,0.3898013234138489,0.2992923855781555,0.0,False,0
D3_1,refine,512,1,64,it0197,0.29295772314071655,0.29624465107917786,0.0,False,0
D3_1,refine,512,1,64,it0198,0.17603695392608643,0.10364066809415817,0.0,False,0
D3_1,refine,512,1,64,it0199,0.4140409529209137,0.36407870054244995,0.0,False,0
