run,arm,nfe,K,T,item,ecapa,wavlm,wer,degenerate,pick
D3_0,search,128,2,8,it0000,0.5752145051956177,0.5740476846694946,0.21739130434782608,False,0
D3_0,search,128,2,8,it0001,0.3869971036911011,0.21983394026756287,0.16666666666666666,False,0
D3_0,search,128,2,8,it0002,0.3751210570335388,0.3387693166732788,0.06666666666666667,False,1
D3_0,search,128,2,8,it0003,0.4561951756477356,0.237829327583313,0.4,False,0
D3_0,search,128,2,8,it0004,0.49136561155319214,0.3105255365371704,0.125,False,1
D3_0,search,128,2,8,it0005,0.5225921273231506,0.46692442893981934,0.18518518518518517,False,1
D3_0,search,128,2,8,it0006,0.3375079929828644,0.40607842803001404,0.2777777777777778,False,1
D3_0,search,128,2,8,it0007,0.3526952266693115,0.31080517172813416,0.18181818181818182,False,0
D3_0,search,128,2,8,it0008,0.38609078526496887,0.23830033838748932,0.38095238095238093,False,1
D3_0,search,128,2,8,it0009,0.5952603816986084,0.5277887582778931,0.14814814814814814,False,1
D3_0,search,128,2,8,it0010,0.5073794722557068,0.5680616497993469,0.2222222222222222,False,1
D3_0,search,128,2,8,it0011,0.5818457007408142,0.6140433549880981,0.0,False,1
D3_0,search,128,2,8,it0012,0.5176161527633667,0.41182708740234375,0.6896551724137931,False,1
D3_0,search,128,2,8,it0013,0.5905966758728027,0.6109216213226318,0.0,False,1
D3_0,search,128,2,8,it0014,0.41769474744796753,0.3083619475364685,0.06666666666666667,False,1
D3_0,search,128,2,8,it0015,0.5040347576141357,0.5290605425834656,0.17647058823529413,False,1
D3_0,search,128,2,8,it0016,0.6767433881759644,0.48955485224723816,0.29411764705882354,False,1
D3_0,search,128,2,8,it0017,0.5834078192710876,0.3659312427043915,0.13333333333333333,False,0
D3_0,search,128,2,8,it0018,0.36923307180404663,0.25810539722442627,0.029411764705882353,False,0
D3_0,search,128,2,8,it0019,0.6491829752922058,0.6371343731880188,0.10869565217391304,False,1
D3_0,search,128,2,8,it0020,0.3607611060142517,0.21728967130184174,0.23076923076923078,False,0
D3_0,search,128,2,8,it0021,0.43952834606170654,0.39856183528900146,0.15151515151515152,False,0
D3_0,search,128,2,8,it0022,0.42916929721832275,0.4703136682510376,0.6,False,1
D3_0,search,128,2,8,it0023,0.5381755232810974,0.5452454686164856,0.2222222222222222,False,1
D3_0,search,128,2,8,it0024,0.5880975127220154,0.5032364726066589,0.14285714285714285,False,1
D3_0,search,128,2,8,it0025,0.6008597016334534,0.5863728523254395,0.35,False,0
D3_0,search,128,2,8,it0026,0.16824555397033691,0.20564892888069153,0.125,False,0
D3_0,search,128,2,8,it0027,0.7520766258239746,0.63545823097229,0.25,False,1
D3_0,search,128,2,8,it0028,0.4891919791698456,0.5901703834533691,0.16666666666666666,False,1
D3_0,search,128,2,8,it0029,0.39182358980178833,0.3739904761314392,0.0,False,0
D3_0,search,128,2,8,it0030,0.565771222114563,0.4782734513282776,0.12,False,0
D3_0,search,128,2,8,it0031,0.3257843852043152,0.2635304629802704,0.3333333333333333,False,1
D3_0,search,128,2,8,it0032,0.5399805307388306,0.5236226916313171,0.18518518518518517,False,0
D3_0,search,128,2,8,it0033,0.38018345832824707,0.22095605731010437,0.0,False,0
D3_0,search,128,2,8,it0034,0.5582698583602905,0.35414808988571167,0.16666666666666666,False,0
D3_0,search,128,2,8,it0035,0.3138154447078705,0.19311565160751343,0.46153846153846156,False,1
D3_0,search,128,2,8,it0036,0.5643718242645264,0.4635457992553711,0.1111111111111111,False,1
D3_0,search,128,2,8,it0037,0.5809907913208008,0.5365353226661682,0.06666666666666667,False,0
D3_0,search,128,2,8,it0038,0.2716014087200165,0.12102733552455902,0.1891891891891892,False,0
D3_0,search,128,2,8,it0039,0.38102614879608154,0.4364912211894989,0.14634146341463414,False,1
D3_0,search,128,2,8,it0040,0.47984158992767334,0.39439108967781067,0.6,False,0
D3_0,search,128,2,8,it0041,0.6555208563804626,0.4597824215888977,0.09090909090909091,False,0
D3_0,search,128,2,8,it0042,0.3693322241306305,0.39306750893592834,0.1111111111111111,False,1
D3_0,search,128,2,8,it0043,0.3913964331150055,0.41549044847488403,0.11538461538461539,False,0
D3_0,search,128,2,8,it0044,0.48819950222969055,0.636599600315094,0.32,False,1
D3_0,search,128,2,8,it0045,0.35033273696899414,0.3909478783607483,0.06666666666666667,False,1
D3_0,search,128,2,8,it0046,0.35975033044815063,0.2819632291793823,0.125,False,0
D3_0,search,128,2,8,it0047,0.37801581621170044,0.2989617884159088,0.6,False,0
D3_0,search,128,2,8,it0048,0.5119993090629578,0.40677762031555176,0.125,False,0
D3_0,search,128,2,8,it0049,0.4470424950122833,0.5608046054840088,0.2727272727272727,False,0
D3_0,search,128,2,8,it0050,0.23761612176895142,-0.04472431540489197,0.36363636363636365,False,1
D3_0,search,128,2,8,it0051,0.2015940099954605,0.44996029138565063,0.1724137931034483,False,0
D3_0,search,128,2,8,it0052,0.29911911487579346,0.4285869002342224,0.06666666666666667,False,1
D3_0,search,128,2,8,it0053,0.3198228180408478,0.3952464759349823,0.21621621621621623,False,1
D3_0,search,128,2,8,it0054,0.39914390444755554,0.23375098407268524,0.0,False,1
D3_0,search,128,2,8,it0055,0.5605907440185547,0.5231887102127075,0.038461538461538464,False,0
D3_0,search,128,2,8,it0056,0.30313989520072937,0.2879733145236969,0.15,False,1
D3_0,search,128,2,8,it0057,0.45823413133621216,0.4714891016483307,0.3235294117647059,False,1
D3_0,search,128,2,8,it0058,0.4492781162261963,0.4157048463821411,0.08333333333333333,False,0
D3_0,search,128,2,8,it0059,0.4161810278892517,0.4913332462310791,0.2857142857142857,False,1
D3_0,search,128,2,8,it0060,0.48473024368286133,0.3860432207584381,0.058823529411764705,False,1
D3_0,search,128,2,8,it0061,0.5461355447769165,0.5736246109008789,0.05714285714285714,False,0
D3_0,search,128,2,8,it0062,0.6385486721992493,0.5223883390426636,0.0,False,1
D3_0,search,128,2,8,it0063,0.4608522951602936,0.3585425615310669,0.13793103448275862,False,0
D3_0,search,128,2,8,it0064,0.3536946773529053,0.3324904441833496,0.2222222222222222,False,0
D3_0,search,128,2,8,it0065,0.6282180547714233,0.5926324129104614,0.23076923076923078,False,1
D3_0,search,128,2,8,it0066,0.3925785422325134,0.3046491742134094,0.3333333333333333,False,0
D3_0,search,128,2,8,it0067,0.2080216258764267,0.24000968039035797,0.2222222222222222,False,0
D3_0,search,128,2,8,it0068,0.6854323744773865,0.660388708114624,0.07692307692307693,False,1
D3_0,search,128,2,8,it0069,0.43522727489471436,0.4092164933681488,0.22727272727272727,False,0
D3_0,search,128,2,8,it0070,0.4882209300994873,0.4736981987953186,0.0,False,1
D3_0,search,128,2,8,it0071,0.5617419481277466,0.5794643759727478,0.25,False,0
D3_0,search,128,2,8,it0072,0.5389244556427002,0.5063740015029907,0.18181818181818182,False,1
D3_0,search,128,2,8,it0073,0.21352042257785797,0.33615627884864807,0.5517241379310345,False,0
D3_0,search,128,2,8,it0074,0.38370639085769653,0.36146843433380127,0.4666666666666667,False,1
D3_0,search,128,2,8,it0075,0.32577410340309143,0.3650195002555847,0.13043478260869565,False,1
D3_0,search,128,2,8,it0076,0.5278600454330444,0.3628023862838745,0.17391304347826086,False,1
D3_0,search,128,2,8,it0077,0.532123863697052,0.39289459586143494,0.4166666666666667,False,1
D3_0,search,128,2,8,it0078,0.2941637933254242,0.3366502523422241,0.2857142857142857,False,0
D3_0,search,128,2,8,it0079,0.5515927076339722,0.570643424987793,0.08333333333333333,False,1
D3_0,search,128,2,8,it0080,0.489874929189682,0.2846175730228424,0.14634146341463414,False,0
D3_0,search,128,2,8,it0081,0.5212225317955017,0.4701513946056366,0.0,False,1
D3_0,search,128,2,8,it0082,0.48868328332901,0.47457945346832275,0.11764705882352941,False,1
D3_0,search,128,2,8,it0083,0.4850449562072754,0.3351629674434662,0.0,False,0
D3_0,search,128,2,8,it0084,0.6488091349601746,0.48348233103752136,0.044444444444444446,False,1
D3_0,search,128,2,8,it0085,0.6421326994895935,0.5256782174110413,0.21428571428571427,False,0
D3_0,search,128,2,8,it0086,0.6042518019676208,0.5324888229370117,0.058823529411764705,False,1
D3_0,search,128,2,8,it0087,0.48341190814971924,0.655994176864624,0.1875,False,1
D3_0,search,128,2,8,it0088,0.3049301505088806,0.39000871777534485,0.09523809523809523,False,1
D3_0,search,128,2,8,it0089,0.4685623347759247,0.3114044666290283,0.0,False,0
D3_0,search,128,2,8,it0090,0.6214586496353149,0.6230382323265076,0.058823529411764705,False,0
D3_0,search,128,2,8,it0091,0.5101028680801392,0.4678841829299927,0.06451612903225806,False,0
D3_0,search,128,2,8,it0092,0.47766008973121643,0.3871077597141266,0.08571428571428572,False,1
D3_0,search,128,2,8,it0093,0.44676899909973145,0.427575945854187,0.10526315789473684,False,1
D3_0,search,128,2,8,it0094,0.30444151163101196,0.4330769181251526,0.07692307692307693,False,0
D3_0,search,128,2,8,it0095,0.5033368468284607,0.4932049512863159,0.38095238095238093,False,0
D3_0,search,128,2,8,it0096,0.4436025619506836,0.2442655712366104,0.18181818181818182,False,0
D3_0,search,128,2,8,it0097,0.6061896681785583,0.6064566373825073,0.0,False,0
D3_0,search,128,2,8,it0098,0.5384893417358398,0.41097551584243774,0.14814814814814814,False,1
D3_0,search,128,2,8,it0099,0.2658240795135498,0.20035132765769958,0.08695652173913043,False,0
D3_0,search,128,2,8,it0100,0.6626744270324707,0.47545361518859863,0.15384615384615385,False,0
D3_0,search,128,2,8,it0101,0.3379555344581604,0.3332110643386841,0.07894736842105263,False,1
D3_0,search,128,2,8,it0102,0.3276321589946747,0.41244053840637207,0.0,False,1
D3_0,search,128,2,8,it0103,0.46112096309661865,0.42000624537467957,0.18181818181818182,False,0
D3_0,search,128,2,8,it0104,0.45565667748451233,0.5744780898094177,0.041666666666666664,False,1
D3_0,search,128,2,8,it0105,0.431915819644928,0.6068223118782043,0.2857142857142857,False,1
D3_0,search,128,2,8,it0106,0.41303199529647827,0.3938159942626953,0.041666666666666664,False,1
D3_0,search,128,2,8,it0107,0.6496235132217407,0.5331251621246338,0.21739130434782608,False,1
D3_0,search,128,2,8,it0108,0.434501588344574,0.3241315484046936,0.0,False,1
D3_0,search,128,2,8,it0109,0.439816415309906,0.3785490393638611,0.05263157894736842,False,1
D3_0,search,128,2,8,it0110,0.21643997728824615,0.22999511659145355,0.06666666666666667,False,1
D3_0,search,128,2,8,it0111,0.20204339921474457,0.09265947341918945,0.3333333333333333,False,1
D3_0,search,128,2,8,it0112,0.5848015546798706,0.5576695203781128,0.0,False,1
D3_0,search,128,2,8,it0113,0.583601713180542,0.44250649213790894,0.0,False,0
D3_0,search,128,2,8,it0114,0.35802146792411804,0.38386115431785583,0.4444444444444444,False,1
D3_0,search,128,2,8,it0115,0.33891767263412476,0.1520196497440338,0.0,False,1
D3_0,search,128,2,8,it0116,0.5620797872543335,0.40691253542900085,0.23529411764705882,False,0
D3_0,search,128,2,8,it0117,0.45610710978507996,0.45188814401626587,0.029411764705882353,False,0
D3_0,search,128,2,8,it0118,0.6216367483139038,0.5026347637176514,0.07692307692307693,False,1
D3_0,search,128,2,8,it0119,0.45566409826278687,0.5418707132339478,0.42857142857142855,False,1
D3_0,search,128,2,8,it0120,0.5661948919296265,0.5605510473251343,0.0,False,0
D3_0,search,128,2,8,it0121,0.540300190448761,0.4228394031524658,0.25,False,1
D3_0,search,128,2,8,it0122,0.3456314206123352,0.44630274176597595,0.45454545454545453,False,1
D3_0,search,128,2,8,it0123,0.39362984895706177,0.5305930376052856,0.11764705882352941,False,0
D3_0,search,128,2,8,it0124,0.613443911075592,0.531792402267456,0.24242424242424243,False,1
D3_0,search,128,2,8,it0125,0.4973530173301697,0.4193532168865204,0.07692307692307693,False,0
D3_0,search,128,2,8,it0126,0.5029783248901367,0.37794229388237,0.25,False,0
D3_0,search,128,2,8,it0127,0.3831271231174469,0.39731162786483765,0.0,False,1
D3_0,search,128,2,8,it0128,0.46028420329093933,0.40742388367652893,0.2,False,0
D3_0,search,128,2,8,it0129,0.36361974477767944,0.28255802392959595,0.0,False,0
D3_0,search,128,2,8,it0130,0.28502270579338074,0.3086473345756531,0.2,False,0
D3_0,search,128,2,8,it0131,0.40253472328186035,0.5129720568656921,0.25806451612903225,False,1
D3_0,search,128,2,8,it0132,0.22184506058692932,0.15256181359291077,0.14285714285714285,False,1
D3_0,search,128,2,8,it0133,0.5747559070587158,0.561595618724823,0.03571428571428571,False,1
D3_0,search,128,2,8,it0134,0.42512115836143494,0.31736868619918823,0.07894736842105263,False,0
D3_0,search,128,2,8,it0135,0.3466719090938568,0.4264580011367798,0.1794871794871795,False,0
D3_0,search,128,2,8,it0136,0.562323272228241,0.5438628792762756,0.0,False,0
D3_0,search,128,2,8,it0137,0.4744977056980133,0.4486036002635956,0.4166666666666667,False,1
D3_0,search,128,2,8,it0138,0.5253003835678101,0.6528864502906799,0.7222222222222222,False,0
D3_0,search,128,2,8,it0139,0.5530341863632202,0.3459489941596985,0.05555555555555555,False,1
D3_0,search,128,2,8,it0140,0.2420603185892105,0.2891196012496948,0.125,False,0
D3_0,search,128,2,8,it0141,0.5722246170043945,0.6423825621604919,0.13333333333333333,False,1
D3_0,search,128,2,8,it0142,0.31817498803138733,0.24799731373786926,0.08,False,1
D3_0,search,128,2,8,it0143,0.3499005436897278,0.5400981307029724,0.0625,False,0
D3_0,search,128,2,8,it0144,0.5559345483779907,0.40695425868034363,0.0,False,0
D3_0,search,128,2,8,it0145,0.6359304189682007,0.627150297164917,0.075,False,1
D3_0,search,128,2,8,it0146,0.6438795328140259,0.5195122957229614,0.0,False,1
D3_0,search,128,2,8,it0147,0.5514804720878601,0.42866408824920654,0.0,False,0
D3_0,search,128,2,8,it0148,0.14591166377067566,0.16577184200286865,0.17857142857142858,False,0
D3_0,search,128,2,8,it0149,0.4739307761192322,0.49185699224472046,0.14285714285714285,False,0
D3_0,search,128,2,8,it0150,0.39952272176742554,0.4580717980861664,0.07692307692307693,False,0
D3_0,search,128,2,8,it0151,0.5800086855888367,0.5785446166992188,0.058823529411764705,False,0
D3_0,search,128,2,8,it0152,0.5135718584060669,0.417435884475708,0.0,False,0
D3_0,search,128,2,8,it0153,0.3844079375267029,0.5053768754005432,0.2619047619047619,False,1
D3_0,search,128,2,8,it0154,0.3475494086742401,0.2435130774974823,0.15789473684210525,False,1
D3_0,search,128,2,8,it0155,0.14429926872253418,0.20656941831111908,0.0,False,1
D3_0,search,128,2,8,it0156,0.38401347398757935,0.2194768488407135,0.047619047619047616,False,0
D3_0,search,128,2,8,it0157,0.4958420395851135,0.4835207462310791,0.20930232558139536,False,0
D3_0,search,128,2,8,it0158,0.3293256163597107,0.2602466344833374,0.05263157894736842,False,1
D3_0,search,128,2,8,it0159,0.26625704765319824,0.1988256722688675,0.21428571428571427,False,1
D3_0,search,128,2,8,it0160,0.6396616697311401,0.4815520644187927,0.16129032258064516,False,1
D3_0,search,128,2,8,it0161,0.38174211978912354,0.28699129819869995,0.06896551724137931,False,0
D3_0,search,128,2,8,it0162,0.11651681363582611,0.2245020866394043,0.14814814814814814,False,0
D3_0,search,128,2,8,it0163,0.498568594455719,0.5393075942993164,0.11764705882352941,False,0
D3_0,search,128,2,8,it0164,0.5665084719657898,0.33799687027931213,0.0967741935483871,False,0
D3_0,search,128,2,8,it0165,0.38235360383987427,0.28493189811706543,0.15151515151515152,False,0
D3_0,search,128,2,8,it0166,0.5942152738571167,0.3026048243045807,0.25,False,0
D3_0,search,128,2,8,it0167,0.5056695342063904,0.5178094506263733,0.05263157894736842,False,0
D3_0,search,128,2,8,it0168,0.3052302598953247,0.31144893169403076,0.2,False,0
D3_0,search,128,2,8,it0169,0.40632951259613037,0.38344094157218933,0.0,False,0
D3_0,search,128,2,8,it0170,0.4212017059326172,0.3727138638496399,0.17647058823529413,False,1
D3_0,search,128,2,8,it0171,0.728300929069519,0.5851342678070068,0.14285714285714285,False,1
D3_0,search,128,2,8,it0172,0.25010061264038086,0.2920282483100891,0.0,False,0
D3_0,search,128,2,8,it0173,0.7073832750320435,0.6166248321533203,0.1,False,1
D3_0,search,128,2,8,it0174,0.5821658372879028,0.4130801260471344,0.125,False,1
D3_0,search,128,2,8,it0175,0.3304568827152252,0.32125338912010193,0.06666666666666667,False,1
D3_0,search,128,2,8,it0176,0.2909085750579834,0.2721481919288635,0.16666666666666666,False,1
D3_0,search,128,2,8,it0177,0.421688437461853,0.40354472398757935,0.21052631578947367,False,0
D3_0,search,128,2,8,it0178,0.2237357348203659,0.14366492629051208,0.5882352941176471,False,0
D3_0,search,128,2,8,it0179,0.619498074054718,0.639948844909668,0.22580645161290322,False,0
D3_0,search,128,2,8,it0180,0.4669524133205414,0.5214889645576477,0.07142857142857142,False,0
D3_0,search,128,2,8,it0181,0.5063182711601257,0.6594166159629822,0.07317073170731707,False,0
D3_0,search,128,2,8,it0182,0.5741276741027832,0.4761991798877716,0.28,False,1
D3_0,search,128,2,8,it0183,0.5195374488830566,0.4780440032482147,0.08,False,0
D3_0,search,128,2,8,it0184,0.19719621539115906,0.16476434469223022,0.13333333333333333,False,0
D3_0,search,128,2,8,it0185,0.38743704557418823,0.46347957849502563,0.22580645161290322,False,1
D3_0,search,128,2,8,it0186,0.5223413705825806,0.43412989377975464,0.041666666666666664,False,1
D3_0,search,128,2,8,it0187,0.49785685539245605,0.3374914228916168,0.125,False,1
D3_0,search,128,2,8,it0188,0.6290745139122009,0.4932382106781006,0.16666666666666666,False,0
D3_0,search,128,2,8,it0189,0.33212241530418396,0.30560603737831116,0.1,False,0
D3_0,search,128,2,8,it0190,0.5375527143478394,0.5180732011795044,0.125,False,1
D3_0,search,128,2,8,it0191,0.4718109369277954,0.320035457611084,0.04,False,0
D3_0,search,128,2,8,it0192,0.5254960060119629,0.5647007822990417,0.3333333333333333,False,1
D3_0,search,128,2,8,it0193,0.4340018928050995,0.25559404492378235,0.3125,False,1
D3_0,search,128,2,8,it0194,0.6190015077590942,0.6324151754379272,0.23809523809523808,False,0
D3_0,search,128,2,8,it0195,0.6139864325523376,0.48869234323501587,0.46153846153846156,False,0
D3_0,search,128,2,8,it0196,0.5370599031448364,0.42172425985336304,0.35714285714285715,False,0
D3_0,search,128,2,8,it0197,0.3794442415237427,0.31953057646751404,0.09090909090909091,False,1
D3_0,search,128,2,8,it0198,0.2892519235610962,0.2254675030708313,0.125,False,0
D3_0,search,128,2,8,it0199,0.4630715847015381,0.48062166571617126,0.058823529411764705,False,1
D3_0,search,256,4,8,it0000,0.5721065402030945,0.6212589144706726,0.2608695652173913,False,3
D3_0,search,256,4,8,it0001,0.3869971036911011,0.21983394026756287,0.16666666666666666,False,0
D3_0,search,256,4,8,it0002,0.3751210570335388,0.3387693166732788,0.06666666666666667,False,1
D3_0,search,256,4,8,it0003,0.4059600234031677,0.30943262577056885,0.06666666666666667,False,2
D3_0,search,256,4,8,it0004,0.49754583835601807,0.3676661252975464,0.1875,False,2
D3_0,search,256,4,8,it0005,0.5225921273231506,0.46692442893981934,0.18518518518518517,False,1
D3_0,search,256,4,8,it0006,0.3642089068889618,0.44091853499412537,0.1111111111111111,False,3
D3_0,search,256,4,8,it0007,0.2271949052810669,0.3137305676937103,0.11363636363636363,False,2
D3_0,search,256,4,8,it0008,0.3423769474029541,0.3125954270362854,0.38095238095238093,False,2
D3_0,search,256,4,8,it0009,0.5034209489822388,0.562693178653717,0.0,False,2
D3_0,search,256,4,8,it0010,0.5073794722557068,0.5680616497993469,0.2222222222222222,False,1
D3_0,search,256,4,8,it0011,0.5818457007408142,0.6140433549880981,0.0,False,1
D3_0,search,256,4,8,it0012,0.5176161527633667,0.41182708740234375,0.6896551724137931,False,1
D3_0,search,256,4,8,it0013,0.5905966758728027,0.6109216213226318,0.0,False,1
D3_0,search,256,4,8,it0014,0.538949728012085,0.3677784204483032,0.0,False,3
D3_0,search,256,4,8,it0015,0.5040347576141357,0.5290605425834656,0.17647058823529413,False,1
D3_0,search,256,4,8,it0016,0.6767433881759644,0.48955485224723816,0.29411764705882354,False,1
D3_0,search,256,4,8,it0017,0.5560576319694519,0.41143569350242615,0.13333333333333333,False,3
D3_0,search,256,4,8,it0018,0.41096389293670654,0.25831085443496704,0.0,False,2
D3_0,search,256,4,8,it0019,0.6491829752922058,0.6371343731880188,0.10869565217391304,False,1
D3_0,search,256,4,8,it0020,0.4449341297149658,0.286435604095459,0.23076923076923078,False,3
D3_0,search,256,4,8,it0021,0.4841841757297516,0.44386523962020874,0.2727272727272727,False,3
D3_0,search,256,4,8,it0022,0.5443719029426575,0.5395839214324951,0.475,False,3
D3_0,search,256,4,8,it0023,0.6856794357299805,0.6361274719238281,0.3333333333333333,False,3
D3_0,search,256,4,8,it0024,0.5880975127220154,0.5032364726066589,0.14285714285714285,False,1
D3_0,search,256,4,8,it0025,0.6008597016334534,0.5863728523254395,0.35,False,0
D3_0,search,256,4,8,it0026,0.16824555397033691,0.20564892888069153,0.125,False,0
D3_0,search,256,4,8,it0027,0.7520766258239746,0.63545823097229,0.25,False,1
D3_0,search,256,4,8,it0028,0.4891919791698456,0.5901703834533691,0.16666666666666666,False,1
D3_0,search,256,4,8,it0029,0.39182358980178833,0.3739904761314392,0.0,False,0
D3_0,search,256,4,8,it0030,0.5699155926704407,0.49240100383758545,0.08,False,2
D3_0,search,256,4,8,it0031,0.3257843852043152,0.2635304629802704,0.3333333333333333,False,1
D3_0,search,256,4,8,it0032,0.5399805307388306,0.5236226916313171,0.18518518518518517,False,0
D3_0,search,256,4,8,it0033,0.38018345832824707,0.22095605731010437,0.0,False,0
D3_0,search,256,4,8,it0034,0.48108816146850586,0.3947293758392334,0.13333333333333333,False,2
D3_0,search,256,4,8,it0035,0.3209284543991089,0.2150975465774536,0.3076923076923077,False,3
D3_0,search,256,4,8,it0036,0.5983180999755859,0.6140168309211731,0.0,False,3
D3_0,search,256,4,8,it0037,0.5809907913208008,0.5365353226661682,0.06666666666666667,False,0
D3_0,search,256,4,8,it0038,0.4000757932662964,0.2169007807970047,0.08108108108108109,False,2
D3_0,search,256,4,8,it0039,0.48499736189842224,0.4686136245727539,0.07317073170731707,False,2
D3_0,search,256,4,8,it0040,0.47984158992767334,0.39439108967781067,0.6,False,0
D3_0,search,256,4,8,it0041,0.7132159471511841,0.465453565120697,0.13636363636363635,False,2
D3_0,search,256,4,8,it0042,0.3693322241306305,0.39306750893592834,0.1111111111111111,False,1
D3_0,search,256,4,8,it0043,0.3913964331150055,0.41549044847488403,0.11538461538461539,False,0
D3_0,search,256,4,8,it0044,0.48819950222969055,0.636599600315094,0.32,False,1
D3_0,search,256,4,8,it0045,0.29830899834632874,0.41893675923347473,0.1,False,2
D3_0,search,256,4,8,it0046,0.33963340520858765,0.2983342707157135,0.125,False,3
D3_0,search,256,4,8,it0047,0.37801581621170044,0.2989617884159088,0.6,False,0
D3_0,search,256,4,8,it0048,0.4811616539955139,0.49542102217674255,0.0625,False,3
D3_0,search,256,4,8,it0049,0.4470424950122833,0.5608046054840088,0.2727272727272727,False,0
D3_0,search,256,4,8,it0050,0.22031369805335999,-0.011941622942686081,0.45454545454545453,False,3
D3_0,search,256,4,8,it0051,0.2015940099954605,0.44996029138565063,0.1724137931034483,False,0
D3_0,search,256,4,8,it0052,0.39209210872650146,0.4647967517375946,0.0,False,3
D3_0,search,256,4,8,it0053,0.3142780661582947,0.4619642496109009,0.32432432432432434,False,3
D3_0,search,256,4,8,it0054,0.39914390444755554,0.23375098407268524,0.0,False,1
D3_0,search,256,4,8,it0055,0.5732818245887756,0.5590567588806152,0.038461538461538464,False,3
D3_0,search,256,4,8,it0056,0.30841347575187683,0.3006952702999115,0.1,False,2
D3_0,search,256,4,8,it0057,0.45823413133621216,0.4714891016483307,0.3235294117647059,False,1
D3_0,search,256,4,8,it0058,0.4868125319480896,0.4415121078491211,0.0,False,2
D3_0,search,256,4,8,it0059,0.53071129322052,0.5379128456115723,0.14285714285714285,False,2
D3_0,search,256,4,8,it0060,0.4596879780292511,0.41902297735214233,0.35294117647058826,False,3
D3_0,search,256,4,8,it0061,0.6026620864868164,0.5955461263656616,0.02857142857142857,False,2
D3_0,search,256,4,8,it0062,0.6107373833656311,0.5895511507987976,0.047619047619047616,False,3
D3_0,search,256,4,8,it0063,0.4608522951602936,0.3585425615310669,0.13793103448275862,False,0
D3_0,search,256,4,8,it0064,0.32557517290115356,0.34219086170196533,0.2222222222222222,False,3
D3_0,search,256,4,8,it0065,0.6173878908157349,0.6473126411437988,0.28205128205128205,False,2
D3_0,search,256,4,8,it0066,0.35540109872817993,0.4340084195137024,0.19047619047619047,False,3
D3_0,search,256,4,8,it0067,0.21029973030090332,0.2541279196739197,0.2222222222222222,False,3
D3_0,search,256,4,8,it0068,0.6854323744773865,0.660388708114624,0.07692307692307693,False,1
D3_0,search,256,4,8,it0069,0.43522727489471436,0.4092164933681488,0.22727272727272727,False,0
D3_0,search,256,4,8,it0070,0.4882209300994873,0.4736981987953186,0.0,False,1
D3_0,search,256,4,8,it0071,0.5617419481277466,0.5794643759727478,0.25,False,0
D3_0,search,256,4,8,it0072,0.49173280596733093,0.508394718170166,0.045454545454545456,False,2
D3_0,search,256,4,8,it0073,0.28192609548568726,0.37395668029785156,0.3793103448275862,False,2
D3_0,search,256,4,8,it0074,0.38370639085769653,0.36146843433380127,0.4666666666666667,False,1
D3_0,search,256,4,8,it0075,0.34248408675193787,0.3837224841117859,0.13043478260869565,False,2
D3_0,search,256,4,8,it0076,0.5278600454330444,0.3628023862838745,0.17391304347826086,False,1
D3_0,search,256,4,8,it0077,0.5206604599952698,0.5205472707748413,0.3333333333333333,False,2
D3_0,search,256,4,8,it0078,0.2941637933254242,0.3366502523422241,0.2857142857142857,False,0
D3_0,search,256,4,8,it0079,0.5515927076339722,0.570643424987793,0.08333333333333333,False,1
D3_0,search,256,4,8,it0080,0.5202603340148926,0.36610373854637146,0.14634146341463414,False,3
D3_0,search,256,4,8,it0081,0.4745403528213501,0.4750334620475769,0.03571428571428571,False,2
D3_0,search,256,4,8,it0082,0.5031498670578003,0.49035996198654175,0.11764705882352941,False,2
D3_0,search,256,4,8,it0083,0.6127516627311707,0.47854307293891907,0.0,False,2
D3_0,search,256,4,8,it0084,0.6488091349601746,0.48348233103752136,0.044444444444444446,False,1
D3_0,search,256,4,8,it0085,0.6465268731117249,0.6076263189315796,0.0,False,3
D3_0,search,256,4,8,it0086,0.6042518019676208,0.5324888229370117,0.058823529411764705,False,1
D3_0,search,256,4,8,it0087,0.48341190814971924,0.655994176864624,0.1875,False,1
D3_0,search,256,4,8,it0088,0.3049301505088806,0.39000871777534485,0.09523809523809523,False,1
D3_0,search,256,4,8,it0089,0.4685623347759247,0.3114044666290283,0.0,False,0
D3_0,search,256,4,8,it0090,0.6214586496353149,0.6230382323265076,0.058823529411764705,False,0
D3_0,search,256,4,8,it0091,0.6058133840560913,0.5472667813301086,0.03225806451612903,False,3
D3_0,search,256,4,8,it0092,0.46381282806396484,0.39946097135543823,0.02857142857142857,False,3
D3_0,search,256,4,8,it0093,0.44676899909973145,0.427575945854187,0.10526315789473684,False,1
D3_0,search,256,4,8,it0094,0.37960928678512573,0.4512605667114258,0.0,False,3
D3_0,search,256,4,8,it0095,0.5415109395980835,0.49375858902931213,0.42857142857142855,False,2
D3_0,search,256,4,8,it0096,0.3833726644515991,0.3714659512042999,0.22727272727272727,False,3
D3_0,search,256,4,8,it0097,0.6061896681785583,0.6064566373825073,0.0,False,0
D3_0,search,256,4,8,it0098,0.5384893417358398,0.41097551584243774,0.14814814814814814,False,1
D3_0,search,256,4,8,it0099,0.27963897585868835,0.21779868006706238,0.13043478260869565,False,3
D3_0,search,256,4,8,it0100,0.6191456317901611,0.5822891592979431,0.07692307692307693,False,3
D3_0,search,256,4,8,it0101,0.3379555344581604,0.3332110643386841,0.07894736842105263,False,1
D3_0,search,256,4,8,it0102,0.3239322304725647,0.4348674714565277,0.07692307692307693,False,3
D3_0,search,256,4,8,it0103,0.46112096309661865,0.42000624537467957,0.18181818181818182,False,0
D3_0,search,256,4,8,it0104,0.45565667748451233,0.5744780898094177,0.041666666666666664,False,1
D3_0,search,256,4,8,it0105,0.431915819644928,0.6068223118782043,0.2857142857142857,False,1
D3_0,search,256,4,8,it0106,0.45919883251190186,0.49684566259384155,0.0,False,2
D3_0,search,256,4,8,it0107,0.6496235132217407,0.5331251621246338,0.21739130434782608,False,1
D3_0,search,256,4,8,it0108,0.434501588344574,0.3241315484046936,0.0,False,1
D3_0,search,256,4,8,it0109,0.5440794229507446,0.5081160664558411,0.15789473684210525,False,3
D3_0,search,256,4,8,it0110,0.2094249129295349,0.3197149932384491,0.1,False,2
D3_0,search,256,4,8,it0111,0.20204339921474457,0.09265947341918945,0.3333333333333333,False,1
D3_0,search,256,4,8,it0112,0.6575281620025635,0.5947747826576233,0.06818181818181818,False,2
D3_0,search,256,4,8,it0113,0.581803560256958,0.554165244102478,0.045454545454545456,False,2
D3_0,search,256,4,8,it0114,0.35802146792411804,0.38386115431785583,0.4444444444444444,False,1
D3_0,search,256,4,8,it0115,0.33891767263412476,0.1520196497440338,0.0,False,1
D3_0,search,256,4,8,it0116,0.4869256317615509,0.4458985924720764,0.17647058823529413,False,3
D3_0,search,256,4,8,it0117,0.4933542013168335,0.5233138203620911,0.08823529411764706,False,2
D3_0,search,256,4,8,it0118,0.5835064053535461,0.5366848111152649,0.36538461538461536,False,3
D3_0,search,256,4,8,it0119,0.45566409826278687,0.5418707132339478,0.42857142857142855,False,1
D3_0,search,256,4,8,it0120,0.5661948919296265,0.5605510473251343,0.0,False,0
D3_0,search,256,4,8,it0121,0.5859208703041077,0.4791003167629242,0.25,False,2
D3_0,search,256,4,8,it0122,0.3456314206123352,0.44630274176597595,0.45454545454545453,False,1
D3_0,search,256,4,8,it0123,0.32282108068466187,0.5744184851646423,0.0,False,2
D3_0,search,256,4,8,it0124,0.613443911075592,0.531792402267456,0.24242424242424243,False,1
D3_0,search,256,4,8,it0125,0.5520830750465393,0.4330328106880188,0.10256410256410256,False,3
D3_0,search,256,4,8,it0126,0.4562065601348877,0.3979279100894928,0.25,False,2
D3_0,search,256,4,8,it0127,0.39293918013572693,0.48196226358413696,0.058823529411764705,False,3
D3_0,search,256,4,8,it0128,0.4085181951522827,0.41788309812545776,0.1,False,2
D3_0,search,256,4,8,it0129,0.3563046157360077,0.3166550099849701,0.058823529411764705,False,2
D3_0,search,256,4,8,it0130,0.24050596356391907,0.3302285671234131,0.3,False,3
D3_0,search,256,4,8,it0131,0.40253472328186035,0.5129720568656921,0.25806451612903225,False,1
D3_0,search,256,4,8,it0132,0.3774312734603882,0.2315298318862915,0.07142857142857142,False,2
D3_0,search,256,4,8,it0133,0.5747559070587158,0.561595618724823,0.03571428571428571,False,1
D3_0,search,256,4,8,it0134,0.466383159160614,0.37755030393600464,0.07894736842105263,False,2
D3_0,search,256,4,8,it0135,0.3466719090938568,0.4264580011367798,0.1794871794871795,False,0
D3_0,search,256,4,8,it0136,0.562323272228241,0.5438628792762756,0.0,False,0
D3_0,search,256,4,8,it0137,0.5021686553955078,0.4569283723831177,0.16666666666666666,False,2
D3_0,search,256,4,8,it0138,0.5253003835678101,0.6528864502906799,0.7222222222222222,False,0
D3_0,search,256,4,8,it0139,0.6451928615570068,0.40630704164505005,0.0,False,2
D3_0,search,256,4,8,it0140,0.43498319387435913,0.467214971780777,0.08333333333333333,False,2
D3_0,search,256,4,8,it0141,0.5485987067222595,0.6558834910392761,0.3333333333333333,False,3
D3_0,search,256,4,8,it0142,0.31817498803138733,0.24799731373786926,0.08,False,1
D3_0,search,256,4,8,it0143,0.3499005436897278,0.5400981307029724,0.0625,False,0
D3_0,search,256,4,8,it0144,0.5559345483779907,0.40695425868034363,0.0,False,0
D3_0,search,256,4,8,it0145,0.5798022150993347,0.6603510975837708,0.0,False,2
D3_0,search,256,4,8,it0146,0.6438795328140259,0.5195122957229614,0.0,False,1
D3_0,search,256,4,8,it0147,0.4764510989189148,0.5151311159133911,0.0,False,2
D3_0,search,256,4,8,it0148,0.14591166377067566,0.16577184200286865,0.17857142857142858,False,0
D3_0,search,256,4,8,it0149,0.4739307761192322,0.49185699224472046,0.14285714285714285,False,0
D3_0,search,256,4,8,it0150,0.39952272176742554,0.4580717980861664,0.07692307692307693,False,0
D3_0,search,256,4,8,it0151,0.5800086855888367,0.5785446166992188,0.058823529411764705,False,0
D3_0,search,256,4,8,it0152,0.6504245400428772,0.4713680148124695,0.0,False,2
D3_0,search,256,4,8,it0153,0.3844079375267029,0.5053768754005432,0.2619047619047619,False,1
D3_0,search,256,4,8,it0154,0.37137845158576965,0.27181077003479004,0.3157894736842105,False,3
D3_0,search,256,4,8,it0155,0.2565063238143921,0.30791327357292175,0.0,False,2
D3_0,search,256,4,8,it0156,0.26311853528022766,0.2713809311389923,0.23809523809523808,False,3
D3_0,search,256,4,8,it0157,0.5332401990890503,0.5157809853553772,0.16279069767441862,False,3
D3_0,search,256,4,8,it0158,0.3870278596878052,0.3864775002002716,0.21052631578947367,False,3
D3_0,search,256,4,8,it0159,0.2897069752216339,0.2401275485754013,0.42857142857142855,False,3
D3_0,search,256,4,8,it0160,0.6396616697311401,0.4815520644187927,0.16129032258064516,False,1
D3_0,search,256,4,8,it0161,0.38174211978912354,0.28699129819869995,0.06896551724137931,False,0
D3_0,search,256,4,8,it0162,0.14099779725074768,0.28736263513565063,0.3333333333333333,False,3
D3_0,search,256,4,8,it0163,0.498568594455719,0.5393075942993164,0.11764705882352941,False,0
D3_0,search,256,4,8,it0164,0.5423458814620972,0.35562461614608765,0.0967741935483871,False,3
D3_0,search,256,4,8,it0165,0.39560601115226746,0.3011350929737091,0.15151515151515152,False,2
D3_0,search,256,4,8,it0166,0.6071078777313232,0.3774454593658447,0.08333333333333333,False,2
D3_0,search,256,4,8,it0167,0.5056695342063904,0.5178094506263733,0.05263157894736842,False,0
D3_0,search,256,4,8,it0168,0.35496166348457336,0.4501884877681732,0.1,False,3
D3_0,search,256,4,8,it0169,0.42532092332839966,0.4362935423851013,0.05,False,2
D3_0,search,256,4,8,it0170,0.44804847240448,0.4250752925872803,0.35294117647058826,False,3
D3_0,search,256,4,8,it0171,0.728300929069519,0.5851342678070068,0.14285714285714285,False,1
D3_0,search,256,4,8,it0172,0.38106706738471985,0.5239169001579285,0.16,False,2
D3_0,search,256,4,8,it0173,0.6584259867668152,0.6272870898246765,0.0,False,3
D3_0,search,256,4,8,it0174,0.5821658372879028,0.4130801260471344,0.125,False,1
D3_0,search,256,4,8,it0175,0.3304568827152252,0.32125338912010193,0.06666666666666667,False,1
D3_0,search,256,4,8,it0176,0.5118871331214905,0.3744874596595764,0.16666666666666666,False,3
D3_0,search,256,4,8,it0177,0.451083779335022,0.41304725408554077,0.15789473684210525,False,2
D3_0,search,256,4,8,it0178,0.265083372592926,0.2701471149921417,0.6470588235294118,False,2
D3_0,search,256,4,8,it0179,0.6755343675613403,0.6649736166000366,0.06451612903225806,False,3
D3_0,search,256,4,8,it0180,0.4669524133205414,0.5214889645576477,0.07142857142857142,False,0
D3_0,search,256,4,8,it0181,0.5063182711601257,0.6594166159629822,0.07317073170731707,False,0
D3_0,search,256,4,8,it0182,0.5741276741027832,0.4761991798877716,0.28,False,1
D3_0,search,256,4,8,it0183,0.5304322242736816,0.4918689727783203,0.04,False,3
D3_0,search,256,4,8,it0184,0.2417401373386383,0.2134789228439331,0.13333333333333333,False,2
D3_0,search,256,4,8,it0185,0.4566028416156769,0.47711876034736633,0.03225806451612903,False,3
D3_0,search,256,4,8,it0186,0.6404802799224854,0.5712438225746155,0.125,False,2
D3_0,search,256,4,8,it0187,0.49785685539245605,0.3374914228916168,0.125,False,1
D3_0,search,256,4,8,it0188,0.6290745139122009,0.4932382106781006,0.16666666666666666,False,0
D3_0,search,256,4,8,it0189,0.33212241530418396,0.30560603737831116,0.1,False,0
D3_0,search,256,4,8,it0190,0.5968910455703735,0.6149540543556213,0.0,False,2
D3_0,search,256,4,8,it0191,0.416553795337677,0.4411197006702423,0.0,False,3
D3_0,search,256,4,8,it0192,0.5254960060119629,0.5647007822990417,0.3333333333333333,False,1
D3_0,search,256,4,8,it0193,0.4340018928050995,0.25559404492378235,0.3125,False,1
D3_0,search,256,4,8,it0194,0.6081117391586304,0.66957688331604,0.09523809523809523,False,2
D3_0,search,256,4,8,it0195,0.5742364525794983,0.5289696455001831,0.2692307692307692,False,2
D3_0,search,256,4,8,it0196,0.47150522470474243,0.4569750726222992,0.14285714285714285,False,3
D3_0,search,256,4,8,it0197,0.3470529317855835,0.3500790596008301,0.09090909090909091,False,2
D3_0,search,256,4,8,it0198,0.307320773601532,0.3245369791984558,0.0,False,2
D3_0,search,256,4,8,it0199,0.4630715847015381,0.48062166571617126,0.058823529411764705,False,1
D3_0,search,512,8,8,it0000,0.5316268801689148,0.6293799877166748,0.1956521739130435,False,4
D3_0,search,512,8,8,it0001,0.4538845419883728,0.3213953673839569,0.5,False,7
D3_0,search,512,8,8,it0002,0.3751210570335388,0.3387693166732788,0.06666666666666667,False,1
D3_0,search,512,8,8,it0003,0.5455660223960876,0.36231622099876404,0.06666666666666667,False,4
D3_0,search,512,8,8,it0004,0.5698320269584656,0.45609086751937866,0.1875,False,6
D3_0,search,512,8,8,it0005,0.5225921273231506,0.46692442893981934,0.18518518518518517,False,1
D3_0,search,512,8,8,it0006,0.3753716051578522,0.5058035850524902,0.0,False,4
D3_0,search,512,8,8,it0007,0.4430340528488159,0.4618779122829437,0.06818181818181818,False,4
D3_0,search,512,8,8,it0008,0.39394116401672363,0.34310266375541687,0.14285714285714285,False,4
D3_0,search,512,8,8,it0009,0.5653231143951416,0.6074630618095398,0.14814814814814814,False,6
D3_0,search,512,8,8,it0010,0.6655455231666565,0.5735272169113159,0.2222222222222222,False,5
D3_0,search,512,8,8,it0011,0.5818457007408142,0.6140433549880981,0.0,False,1
D3_0,search,512,8,8,it0012,0.5176161527633667,0.41182708740234375,0.6896551724137931,False,1
D3_0,search,512,8,8,it0013,0.5905966758728027,0.6109216213226318,0.0,False,1
D3_0,search,512,8,8,it0014,0.45806246995925903,0.36933666467666626,0.13333333333333333,False,5
D3_0,search,512,8,8,it0015,0.5040347576141357,0.5290605425834656,0.17647058823529413,False,1
D3_0,search,512,8,8,it0016,0.6146445274353027,0.4960539937019348,0.11764705882352941,False,6
D3_0,search,512,8,8,it0017,0.5560576319694519,0.41143569350242615,0.13333333333333333,False,3
D3_0,search,512,8,8,it0018,0.365237295627594,0.2746671438217163,0.29411764705882354,False,5
D3_0,search,512,8,8,it0019,0.6491829752922058,0.6371343731880188,0.10869565217391304,False,1
D3_0,search,512,8,8,it0020,0.4306439459323883,0.3103238344192505,0.6923076923076923,False,6
D3_0,search,512,8,8,it0021,0.4843802750110626,0.4488343596458435,0.06060606060606061,False,7
D3_0,search,512,8,8,it0022,0.5443719029426575,0.5395839214324951,0.475,False,3
D3_0,search,512,8,8,it0023,0.6856794357299805,0.6361274719238281,0.3333333333333333,False,3
D3_0,search,512,8,8,it0024,0.6009287238121033,0.5620388984680176,0.21428571428571427,False,5
D3_0,search,512,8,8,it0025,0.6008597016334534,0.5863728523254395,0.35,False,0
D3_0,search,512,8,8,it0026,0.32059013843536377,0.2753292918205261,0.0625,False,7
D3_0,search,512,8,8,it0027,0.6417951583862305,0.6417217254638672,0.0625,False,6
D3_0,search,512,8,8,it0028,0.5311875343322754,0.5986485481262207,0.09523809523809523,False,7
D3_0,search,512,8,8,it0029,0.39182358980178833,0.3739904761314392,0.0,False,0
D3_0,search,512,8,8,it0030,0.5699155926704407,0.49240100383758545,0.08,False,2
D3_0,search,512,8,8,it0031,0.36861053109169006,0.33310091495513916,0.4444444444444444,False,7
D3_0,search,512,8,8,it0032,0.612815260887146,0.540542721748352,0.07407407407407407,False,5
D3_0,search,512,8,8,it0033,0.4349985420703888,0.2681639492511749,0.15384615384615385,False,5
D3_0,search,512,8,8,it0034,0.45474153757095337,0.41129031777381897,0.0,False,6
D3_0,search,512,8,8,it0035,0.3900146484375,0.2789721190929413,0.38461538461538464,False,4
D3_0,search,512,8,8,it0036,0.5983180999755859,0.6140168309211731,0.0,False,3
D3_0,search,512,8,8,it0037,0.5894812941551208,0.5843971371650696,0.0,False,7
D3_0,search,512,8,8,it0038,0.4000757932662964,0.2169007807970047,0.08108108108108109,False,2
D3_0,search,512,8,8,it0039,0.5096292495727539,0.5000981092453003,0.07317073170731707,False,5
D3_0,search,512,8,8,it0040,0.47984158992767334,0.39439108967781067,0.6,False,0
D3_0,search,512,8,8,it0041,0.7132159471511841,0.465453565120697,0.13636363636363635,False,2
D3_0,search,512,8,8,it0042,0.3693322241306305,0.39306750893592834,0.1111111111111111,False,1
D3_0,search,512,8,8,it0043,0.3913964331150055,0.41549044847488403,0.11538461538461539,False,0
D3_0,search,512,8,8,it0044,0.48819950222969055,0.636599600315094,0.32,False,1
D3_0,search,512,8,8,it0045,0.30750977993011475,0.43228575587272644,0.06666666666666667,False,7
D3_0,search,512,8,8,it0046,0.3467912971973419,0.3099210858345032,0.0,False,7
D3_0,search,512,8,8,it0047,0.2976020574569702,0.3732273280620575,0.65,False,5
D3_0,search,512,8,8,it0048,0.5320701599121094,0.497159481048584,0.1875,False,7
D3_0,search,512,8,8,it0049,0.4470424950122833,0.5608046054840088,0.2727272727272727,False,0
D3_0,search,512,8,8,it0050,0.1216839924454689,0.13527697324752808,0.36363636363636365,False,7
D3_0,search,512,8,8,it0051,0.2015940099954605,0.44996029138565063,0.1724137931034483,False,0
D3_0,search,512,8,8,it0052,0.39209210872650146,0.4647967517375946,0.0,False,3
D3_0,search,512,8,8,it0053,0.3142780661582947,0.4619642496109009,0.32432432432432434,False,3
D3_0,search,512,8,8,it0054,0.43308115005493164,0.2877810597419739,0.08333333333333333,False,5
D3_0,search,512,8,8,it0055,0.5732818245887756,0.5590567588806152,0.038461538461538464,False,3
D3_0,search,512,8,8,it0056,0.30841347575187683,0.3006952702999115,0.1,False,2
D3_0,search,512,8,8,it0057,0.45823413133621216,0.4714891016483307,0.3235294117647059,False,1
D3_0,search,512,8,8,it0058,0.4868125319480896,0.4415121078491211,0.0,False,2
D3_0,search,512,8,8,it0059,0.6116563081741333,0.6101052761077881,0.21428571428571427,False,5
D3_0,search,512,8,8,it0060,0.4596879780292511,0.41902297735214233,0.35294117647058826,False,3
D3_0,search,512,8,8,it0061,0.507556676864624,0.6270611882209778,0.0,False,6
D3_0,search,512,8,8,it0062,0.6945191025733948,0.6092243194580078,0.0,False,4
D3_0,search,512,8,8,it0063,0.538280189037323,0.40692558884620667,0.2413793103448276,False,7
D3_0,search,512,8,8,it0064,0.4557037651538849,0.42913123965263367,0.16666666666666666,False,7
D3_0,search,512,8,8,it0065,0.6173878908157349,0.6473126411437988,0.28205128205128205,False,2
D3_0,search,512,8,8,it0066,0.35540109872817993,0.4340084195137024,0.19047619047619047,False,3
D3_0,search,512,8,8,it0067,0.21029973030090332,0.2541279196739197,0.2222222222222222,False,3
D3_0,search,512,8,8,it0068,0.6854323744773865,0.660388708114624,0.07692307692307693,False,1
D3_0,search,512,8,8,it0069,0.43522727489471436,0.4092164933681488,0.22727272727272727,False,0
D3_0,search,512,8,8,it0070,0.4882209300994873,0.4736981987953186,0.0,False,1
D3_0,search,512,8,8,it0071,0.5617419481277466,0.5794643759727478,0.25,False,0
D3_0,search,512,8,8,it0072,0.49173280596733093,0.508394718170166,0.045454545454545456,False,2
D3_0,search,512,8,8,it0073,0.2583071291446686,0.39225730299949646,0.5517241379310345,False,7
D3_0,search,512,8,8,it0074,0.38370639085769653,0.36146843433380127,0.4666666666666667,False,1
D3_0,search,512,8,8,it0075,0.40104037523269653,0.46059972047805786,0.21739130434782608,False,4
D3_0,search,512,8,8,it0076,0.6472845077514648,0.4596414566040039,0.21739130434782608,False,7
D3_0,search,512,8,8,it0077,0.4476032853126526,0.6144450902938843,0.25,False,6
D3_0,search,512,8,8,it0078,0.37027502059936523,0.4272790551185608,0.23809523809523808,False,6
D3_0,search,512,8,8,it0079,0.6333426237106323,0.62788987159729,0.041666666666666664,False,5
D3_0,search,512,8,8,it0080,0.5202603340148926,0.36610373854637146,0.14634146341463414,False,3
D3_0,search,512,8,8,it0081,0.4745403528213501,0.4750334620475769,0.03571428571428571,False,2
D3_0,search,512,8,8,it0082,0.5149099826812744,0.5076081156730652,0.29411764705882354,False,4
D3_0,search,512,8,8,it0083,0.6127516627311707,0.47854307293891907,0.0,False,2
D3_0,search,512,8,8,it0084,0.6085693836212158,0.5237102508544922,0.13333333333333333,False,5
D3_0,search,512,8,8,it0085,0.6465268731117249,0.6076263189315796,0.0,False,3
D3_0,search,512,8,8,it0086,0.6362528204917908,0.5544853210449219,0.0,False,5
D3_0,search,512,8,8,it0087,0.48143139481544495,0.7188389897346497,0.3125,False,5
D3_0,search,512,8,8,it0088,0.38123515248298645,0.43415457010269165,0.047619047619047616,False,6
D3_0,search,512,8,8,it0089,0.5636211633682251,0.3283252716064453,0.041666666666666664,False,7
D3_0,search,512,8,8,it0090,0.6388723850250244,0.6345441341400146,0.0,False,4
D3_0,search,512,8,8,it0091,0.6058133840560913,0.5472667813301086,0.03225806451612903,False,3
D3_0,search,512,8,8,it0092,0.5003424286842346,0.5238940715789795,0.0,False,7
D3_0,search,512,8,8,it0093,0.44676899909973145,0.427575945854187,0.10526315789473684,False,1
D3_0,search,512,8,8,it0094,0.5504210591316223,0.5738957524299622,0.07692307692307693,False,7
D3_0,search,512,8,8,it0095,0.5422478318214417,0.5576539039611816,0.2857142857142857,False,6
D3_0,search,512,8,8,it0096,0.5133237838745117,0.4467843770980835,0.18181818181818182,False,6
D3_0,search,512,8,8,it0097,0.6061896681785583,0.6064566373825073,0.0,False,0
D3_0,search,512,8,8,it0098,0.5956847667694092,0.4628172814846039,0.18518518518518517,False,6
D3_0,search,512,8,8,it0099,0.26876935362815857,0.26596808433532715,0.08695652173913043,False,6
D3_0,search,512,8,8,it0100,0.6718098521232605,0.6912035346031189,0.15384615384615385,False,5
D3_0,search,512,8,8,it0101,0.38014036417007446,0.39090800285339355,0.10526315789473684,False,7
D3_0,search,512,8,8,it0102,0.3892977237701416,0.4792289137840271,0.23076923076923078,False,7
D3_0,search,512,8,8,it0103,0.3703167736530304,0.4233052730560303,0.0,False,7
D3_0,search,512,8,8,it0104,0.45565667748451233,0.5744780898094177,0.041666666666666664,False,1
D3_0,search,512,8,8,it0105,0.431915819644928,0.6068223118782043,0.2857142857142857,False,1
D3_0,search,512,8,8,it0106,0.45919883251190186,0.49684566259384155,0.0,False,2
D3_0,search,512,8,8,it0107,0.6289849281311035,0.5421558022499084,0.043478260869565216,False,5
D3_0,search,512,8,8,it0108,0.4316883981227875,0.3924577832221985,0.125,False,7
D3_0,search,512,8,8,it0109,0.5440794229507446,0.5081160664558411,0.15789473684210525,False,3
D3_0,search,512,8,8,it0110,0.2094249129295349,0.3197149932384491,0.1,False,2
D3_0,search,512,8,8,it0111,0.18731284141540527,0.13594424724578857,0.48484848484848486,False,4
D3_0,search,512,8,8,it0112,0.6411955952644348,0.6075863838195801,0.022727272727272728,False,7
D3_0,search,512,8,8,it0113,0.581803560256958,0.554165244102478,0.045454545454545456,False,2
D3_0,search,512,8,8,it0114,0.43141862750053406,0.3880743980407715,0.3888888888888889,False,7
D3_0,search,512,8,8,it0115,0.2719852924346924,0.22926554083824158,0.0,False,6
D3_0,search,512,8,8,it0116,0.4869256317615509,0.4458985924720764,0.17647058823529413,False,3
D3_0,search,512,8,8,it0117,0.45240655541419983,0.5342840552330017,0.029411764705882353,False,4
D3_0,search,512,8,8,it0118,0.6171102523803711,0.5774245858192444,0.09615384615384616,False,5
D3_0,search,512,8,8,it0119,0.5512888431549072,0.6470271944999695,0.35714285714285715,False,4
D3_0,search,512,8,8,it0120,0.6794864535331726,0.5672698616981506,0.0,False,4
D3_0,search,512,8,8,it0121,0.533383846282959,0.519063413143158,0.25,False,4
D3_0,search,512,8,8,it0122,0.3456314206123352,0.44630274176597595,0.45454545454545453,False,1
D3_0,search,512,8,8,it0123,0.47564539313316345,0.5746639966964722,0.35294117647058826,False,5
D3_0,search,512,8,8,it0124,0.613443911075592,0.531792402267456,0.24242424242424243,False,1
D3_0,search,512,8,8,it0125,0.5845445990562439,0.49351099133491516,0.15384615384615385,False,4
D3_0,search,512,8,8,it0126,0.45933955907821655,0.4906980097293854,0.0,False,7
D3_0,search,512,8,8,it0127,0.4654199481010437,0.5311205387115479,0.0,False,7
D3_0,search,512,8,8,it0128,0.4085181951522827,0.41788309812545776,0.1,False,2
D3_0,search,512,8,8,it0129,0.3563046157360077,0.3166550099849701,0.058823529411764705,False,2
D3_0,search,512,8,8,it0130,0.22506529092788696,0.39855530858039856,0.3,False,7
D3_0,search,512,8,8,it0131,0.3176511526107788,0.5131278038024902,0.12903225806451613,False,6
D3_0,search,512,8,8,it0132,0.3732830286026001,0.29398390650749207,0.0,False,5
D3_0,search,512,8,8,it0133,0.5556457042694092,0.5964662432670593,0.03571428571428571,False,5
D3_0,search,512,8,8,it0134,0.4724195599555969,0.4304018020629883,0.10526315789473684,False,4
D3_0,search,512,8,8,it0135,0.4712541401386261,0.4786830544471741,0.23076923076923078,False,7
D3_0,search,512,8,8,it0136,0.562323272228241,0.5438628792762756,0.0,False,0
D3_0,search,512,8,8,it0137,0.5021686553955078,0.4569283723831177,0.16666666666666666,False,2
D3_0,search,512,8,8,it0138,0.5253003835678101,0.6528864502906799,0.7222222222222222,False,0
D3_0,search,512,8,8,it0139,0.5187543630599976,0.4305560290813446,0.05555555555555555,False,4
D3_0,search,512,8,8,it0140,0.43498319387435913,0.467214971780777,0.08333333333333333,False,2
D3_0,search,512,8,8,it0141,0.6101391315460205,0.755034327507019,0.1,False,4
D3_0,search,512,8,8,it0142,0.16111792623996735,0.3073064684867859,0.4,False,5
D3_0,search,512,8,8,it0143,0.3499005436897278,0.5400981307029724,0.0625,False,0
D3_0,search,512,8,8,it0144,0.5410062670707703,0.4142526686191559,0.07142857142857142,False,5
D3_0,search,512,8,8,it0145,0.6252983212471008,0.6610022783279419,0.0,False,6
D3_0,search,512,8,8,it0146,0.582650899887085,0.5689228773117065,0.05,False,4
D3_0,search,512,8,8,it0147,0.4764510989189148,0.5151311159133911,0.0,False,2
D3_0,search,512,8,8,it0148,0.1613885760307312,0.1800166666507721,0.2857142857142857,False,7
D3_0,search,512,8,8,it0149,0.45967525243759155,0.5403311252593994,0.35714285714285715,False,7
D3_0,search,512,8,8,it0150,0.39952272176742554,0.4580717980861664,0.07692307692307693,False,0
D3_0,search,512,8,8,it0151,0.5800086855888367,0.5785446166992188,0.058823529411764705,False,0
D3_0,search,512,8,8,it0152,0.6504245400428772,0.4713680148124695,0.0,False,2
D3_0,search,512,8,8,it0153,0.3844079375267029,0.5053768754005432,0.2619047619047619,False,1
D3_0,search,512,8,8,it0154,0.37137845158576965,0.27181077003479004,0.3157894736842105,False,3
D3_0,search,512,8,8,it0155,0.2565063238143921,0.30791327357292175,0.0,False,2
D3_0,search,512,8,8,it0156,0.3678913116455078,0.35803452134132385,0.047619047619047616,False,4
D3_0,search,512,8,8,it0157,0.5723522305488586,0.5231934189796448,0.09302325581395349,False,4
D3_0,search,512,8,8,it0158,0.3973216414451599,0.45688697695732117,0.15789473684210525,False,4
D3_0,search,512,8,8,it0159,0.2897069752216339,0.2401275485754013,0.42857142857142855,False,3
D3_0,search,512,8,8,it0160,0.6210055947303772,0.49935874342918396,0.22580645161290322,False,4
D3_0,search,512,8,8,it0161,0.3887105882167816,0.38743460178375244,0.2413793103448276,False,6
D3_0,search,512,8,8,it0162,0.3343898355960846,0.38288217782974243,0.1111111111111111,False,6
D3_0,search,512,8,8,it0163,0.498568594455719,0.5393075942993164,0.11764705882352941,False,0
D3_0,search,512,8,8,it0164,0.5423458814620972,0.35562461614608765,0.0967741935483871,False,3
D3_0,search,512,8,8,it0165,0.3844592571258545,0.3672387897968292,0.030303030303030304,False,7
D3_0,search,512,8,8,it0166,0.6071078777313232,0.3774454593658447,0.08333333333333333,False,2
D3_0,search,512,8,8,it0167,0.5056695342063904,0.5178094506263733,0.05263157894736842,False,0
D3_0,search,512,8,8,it0168,0.35496166348457336,0.4501884877681732,0.1,False,3
D3_0,search,512,8,8,it0169,0.44835519790649414,0.44677069783210754,0.15,False,7
D3_0,search,512,8,8,it0170,0.45550620555877686,0.42620664834976196,0.23529411764705882,False,6
D3_0,search,512,8,8,it0171,0.7017374038696289,0.6399142146110535,0.047619047619047616,False,7
D3_0,search,512,8,8,it0172,0.38106706738471985,0.5239169001579285,0.16,False,2
D3_0,search,512,8,8,it0173,0.6817121505737305,0.6592957377433777,0.06666666666666667,False,6
D3_0,search,512,8,8,it0174,0.5821658372879028,0.4130801260471344,0.125,False,1
D3_0,search,512,8,8,it0175,0.1360621154308319,0.37437909841537476,0.0,False,4
D3_0,search,512,8,8,it0176,0.4382690489292145,0.48743921518325806,0.05555555555555555,False,6
D3_0,search,512,8,8,it0177,0.4483935534954071,0.5778008103370667,0.2631578947368421,False,5
D3_0,search,512,8,8,it0178,0.265083372592926,0.2701471149921417,0.6470588235294118,False,2
D3_0,search,512,8,8,it0179,0.6755343675613403,0.6649736166000366,0.06451612903225806,False,3
D3_0,search,512,8,8,it0180,0.36375370621681213,0.5274620056152344,0.0,False,4
D3_0,search,512,8,8,it0181,0.5063182711601257,0.6594166159629822,0.07317073170731707,False,0
D3_0,search,512,8,8,it0182,0.5741276741027832,0.4761991798877716,0.28,False,1
D3_0,search,512,8,8,it0183,0.5133793950080872,0.5839595198631287,0.16,False,6
D3_0,search,512,8,8,it0184,0.2417401373386383,0.2134789228439331,0.13333333333333333,False,2
D3_0,search,512,8,8,it0185,0.42219123244285583,0.514223039150238,0.12903225806451613,False,4
D3_0,search,512,8,8,it0186,0.6404802799224854,0.5712438225746155,0.125,False,2
D3_0,search,512,8,8,it0187,0.4594630002975464,0.41196826100349426,0.0625,False,4
D3_0,search,512,8,8,it0188,0.6221389174461365,0.5531438589096069,0.2777777777777778,False,5
D3_0,search,512,8,8,it0189,0.39261189103126526,0.3539629280567169,0.0,False,7
D3_0,search,512,8,8,it0190,0.5968910455703735,0.6149540543556213,0.0,False,2
D3_0,search,512,8,8,it0191,0.416553795337677,0.4411197006702423,0.0,False,3
D3_0,search,512,8,8,it0192,0.5192821621894836,0.5942161679267883,0.37037037037037035,False,7
D3_0,search,512,8,8,it0193,0.47792351245880127,0.28126072883605957,0.1875,False,6
D3_0,search,512,8,8,it0194,0.6081117391586304,0.66957688331604,0.09523809523809523,False,2
D3_0,search,512,8,8,it0195,0.5742364525794983,0.5289696455001831,0.2692307692307692,False,2
D3_0,search,512,8,8,it0196,0.5517359375953674,0.4859156906604767,0.14285714285714285,False,4
D3_0,search,512,8,8,it0197,0.42573457956314087,0.4012019634246826,0.0,False,4
D3_0,search,512,8,8,it0198,0.307320773601532,0.3245369791984558,0.0,False,2
D3_0,search,512,8,8,it0199,0.4630715847015381,0.48062166571617126,0.058823529411764705,False,1
D3_0,refine,128,1,16,it0000,0.5833790302276611,0.5512791275978088,0.10869565217391304,False,0
D3_0,refine,128,1,16,it0001,0.4422849416732788,0.2175326943397522,0.1111111111111111,False,0
D3_0,refine,128,1,16,it0002,0.3328941762447357,0.19564062356948853,0.0,False,0
D3_0,refine,128,1,16,it0003,0.39938870072364807,0.32579585909843445,0.13333333333333333,False,0
D3_0,refine,128,1,16,it0004,0.5035074949264526,0.4298132061958313,0.125,False,0
D3_0,refine,128,1,16,it0005,0.4615316390991211,0.41643545031547546,0.07407407407407407,False,0
D3_0,refine,128,1,16,it0006,0.310228168964386,0.32395049929618835,0.2222222222222222,False,0
D3_0,refine,128,1,16,it0007,0.33604586124420166,0.2870422303676605,0.09090909090909091,False,0
D3_0,refine,128,1,16,it0008,0.33347105979919434,0.23949405550956726,0.14285714285714285,False,0
D3_0,refine,128,1,16,it0009,0.6231479644775391,0.5553377866744995,0.0,False,0
D3_0,refine,128,1,16,it0010,0.5944080948829651,0.5715333819389343,0.16666666666666666,False,0
D3_0,refine,128,1,16,it0011,0.6222333908081055,0.5818387269973755,0.0,False,0
D3_0,refine,128,1,16,it0012,0.4416804611682892,0.2854451835155487,0.4827586206896552,False,0
D3_0,refine,128,1,16,it0013,0.6202187538146973,0.6523985862731934,0.0,False,0
D3_0,refine,128,1,16,it0014,0.43343931436538696,0.4329189658164978,0.2,False,0
D3_0,refine,128,1,16,it0015,0.3858805000782013,0.38268357515335083,0.23529411764705882,False,0
D3_0,refine,128,1,16,it0016,0.6191917657852173,0.49372607469558716,0.29411764705882354,False,0
D3_0,refine,128,1,16,it0017,0.46782171726226807,0.4534327983856201,0.0,False,0
D3_0,refine,128,1,16,it0018,0.331551194190979,0.2048245221376419,0.058823529411764705,False,0
D3_0,refine,128,1,16,it0019,0.5900436639785767,0.5685244202613831,0.021739130434782608,False,0
D3_0,refine,128,1,16,it0020,0.36042800545692444,0.26866137981414795,0.07692307692307693,False,0
D3_0,refine,128,1,16,it0021,0.531884491443634,0.5130882263183594,0.12121212121212122,False,0
D3_0,refine,128,1,16,it0022,0.3935810923576355,0.34542444348335266,0.625,False,0
D3_0,refine,128,1,16,it0023,0.6323004364967346,0.5546770095825195,0.3888888888888889,False,0
D3_0,refine,128,1,16,it0024,0.6825441122055054,0.5172070860862732,0.14285714285714285,False,0
D3_0,refine,128,1,16,it0025,0.6607270836830139,0.5903199911117554,0.0,False,0
D3_0,refine,128,1,16,it0026,0.21317164599895477,0.20706526935100555,0.0,False,0
D3_0,refine,128,1,16,it0027,0.6924237012863159,0.6085507869720459,0.0,False,0
D3_0,refine,128,1,16,it0028,0.5073965191841125,0.5247833728790283,0.023809523809523808,False,0
D3_0,refine,128,1,16,it0029,0.1631779670715332,0.32675808668136597,0.0625,False,0
D3_0,refine,128,1,16,it0030,0.5581047534942627,0.5034124851226807,0.0,False,0
D3_0,refine,128,1,16,it0031,0.3140908181667328,0.17796029150485992,0.16666666666666666,False,0
D3_0,refine,128,1,16,it0032,0.5274385809898376,0.5213009119033813,0.2222222222222222,False,0
D3_0,refine,128,1,16,it0033,0.409747838973999,0.28381645679473877,0.15384615384615385,False,0
D3_0,refine,128,1,16,it0034,0.5421228408813477,0.47617000341415405,0.1,False,0
D3_0,refine,128,1,16,it0035,0.34717366099357605,0.11399948596954346,0.0,False,0
D3_0,refine,128,1,16,it0036,0.49964994192123413,0.4525708854198456,0.0,False,0
D3_0,refine,128,1,16,it0037,0.524728536605835,0.5512810945510864,0.06666666666666667,False,0
D3_0,refine,128,1,16,it0038,0.4298188090324402,0.21927763521671295,0.16216216216216217,False,0
D3_0,refine,128,1,16,it0039,0.4886739253997803,0.4010232985019684,0.12195121951219512,False,0
D3_0,refine,128,1,16,it0040,0.4881228506565094,0.4515141546726227,0.26666666666666666,False,0
D3_0,refine,128,1,16,it0041,0.6656114459037781,0.3890121877193451,0.13636363636363635,False,0
D3_0,refine,128,1,16,it0042,0.34421369433403015,0.30038702487945557,0.1111111111111111,False,0
D3_0,refine,128,1,16,it0043,0.31746578216552734,0.31991395354270935,0.038461538461538464,False,0
D3_0,refine,128,1,16,it0044,0.5356647372245789,0.5856542587280273,0.16,False,0
D3_0,refine,128,1,16,it0045,0.29919344186782837,0.4246816635131836,0.0,False,0
D3_0,refine,128,1,16,it0046,0.23566105961799622,0.19209231436252594,0.0,False,0
D3_0,refine,128,1,16,it0047,0.4148256778717041,0.30934634804725647,0.45,False,0
D3_0,refine,128,1,16,it0048,0.5055109858512878,0.46849340200424194,0.0625,False,0
D3_0,refine,128,1,16,it0049,0.3409753739833832,0.4275834858417511,0.09090909090909091,False,0
D3_0,refine,128,1,16,it0050,0.16748982667922974,-0.11935926228761673,0.13636363636363635,False,0
D3_0,refine,128,1,16,it0051,0.17751558125019073,0.41797691583633423,0.0,False,0
D3_0,refine,128,1,16,it0052,0.24517466127872467,0.2716984152793884,0.06666666666666667,False,0
D3_0,refine,128,1,16,it0053,0.22561851143836975,0.3447636663913727,0.24324324324324326,False,0
D3_0,refine,128,1,16,it0054,0.3922632932662964,0.13307802379131317,0.08333333333333333,False,0
D3_0,refine,128,1,16,it0055,0.5564945936203003,0.5274003744125366,0.038461538461538464,False,0
D3_0,refine,128,1,16,it0056,0.30869758129119873,0.20159141719341278,0.2,False,0
D3_0,refine,128,1,16,it0057,0.4554576575756073,0.26719433069229126,0.35294117647058826,False,0
D3_0,refine,128,1,16,it0058,0.3664974570274353,0.262683242559433,0.0,False,0
D3_0,refine,128,1,16,it0059,0.5178658366203308,0.47464680671691895,0.14285714285714285,False,0
D3_0,refine,128,1,16,it0060,0.45301690697669983,0.40882381796836853,0.058823529411764705,False,0
D3_0,refine,128,1,16,it0061,0.5190236568450928,0.5656552910804749,0.2571428571428571,False,0
D3_0,refine,128,1,16,it0062,0.651250422000885,0.5825217962265015,0.0,False,0
D3_0,refine,128,1,16,it0063,0.3920913338661194,0.27637311816215515,0.27586206896551724,False,0
D3_0,refine,128,1,16,it0064,0.42385369539260864,0.46089401841163635,0.05555555555555555,False,0
D3_0,refine,128,1,16,it0065,0.6652268767356873,0.6010708808898926,0.05128205128205128,False,0
D3_0,refine,128,1,16,it0066,0.31981536746025085,0.26971349120140076,0.14285714285714285,False,0
D3_0,refine,128,1,16,it0067,0.24282976984977722,0.1655593067407608,0.1111111111111111,False,0
D3_0,refine,128,1,16,it0068,0.6985334753990173,0.6199438571929932,0.07692307692307693,False,0
D3_0,refine,128,1,16,it0069,0.4365190267562866,0.4142739176750183,0.045454545454545456,False,0
D3_0,refine,128,1,16,it0070,0.3961311876773834,0.27723872661590576,0.0,False,0
D3_0,refine,128,1,16,it0071,0.49802279472351074,0.5183233618736267,0.14285714285714285,False,0
D3_0,refine,128,1,16,it0072,0.4574204683303833,0.4517107307910919,0.045454545454545456,False,0
D3_0,refine,128,1,16,it0073,0.09517378360033035,0.3115899860858917,0.2413793103448276,False,0
D3_0,refine,128,1,16,it0074,0.24569562077522278,0.33466479182243347,0.0,False,0
D3_0,refine,128,1,16,it0075,0.3169860243797302,0.40654563903808594,0.043478260869565216,False,0
D3_0,refine,128,1,16,it0076,0.5336390137672424,0.35945945978164673,0.13043478260869565,False,0
D3_0,refine,128,1,16,it0077,0.42919233441352844,0.4420047998428345,0.16666666666666666,False,0
D3_0,refine,128,1,16,it0078,0.31237974762916565,0.31831836700439453,0.19047619047619047,False,0
D3_0,refine,128,1,16,it0079,0.6420671343803406,0.5610402822494507,0.041666666666666664,False,0
D3_0,refine,128,1,16,it0080,0.10870009660720825,0.0010602883994579315,0.12195121951219512,False,0
D3_0,refine,128,1,16,it0081,0.397079735994339,0.37566322088241577,0.03571428571428571,False,0
D3_0,refine,128,1,16,it0082,0.4910848140716553,0.4930030107498169,0.058823529411764705,False,0
D3_0,refine,128,1,16,it0083,0.5146193504333496,0.3602598309516907,0.058823529411764705,False,0
D3_0,refine,128,1,16,it0084,0.6601730585098267,0.46338510513305664,0.044444444444444446,False,0
D3_0,refine,128,1,16,it0085,0.5027865171432495,0.48935815691947937,0.07142857142857142,False,0
D3_0,refine,128,1,16,it0086,0.6149973273277283,0.6251657605171204,0.17647058823529413,False,0
D3_0,refine,128,1,16,it0087,0.45658278465270996,0.45599865913391113,0.1875,False,0
D3_0,refine,128,1,16,it0088,0.31778913736343384,0.2983506917953491,0.0,False,0
D3_0,refine,128,1,16,it0089,0.37223976850509644,0.32297787070274353,0.0,False,0
D3_0,refine,128,1,16,it0090,0.6131296753883362,0.5762286186218262,0.0,False,0
D3_0,refine,128,1,16,it0091,0.43325257301330566,0.3152853846549988,0.03225806451612903,False,0
D3_0,refine,128,1,16,it0092,0.609406054019928,0.5685847997665405,0.0,False,0
D3_0,refine,128,1,16,it0093,0.45889800786972046,0.39077994227409363,0.3684210526315789,False,0
D3_0,refine,128,1,16,it0094,0.5557312965393066,0.5675630569458008,0.23076923076923078,False,0
D3_0,refine,128,1,16,it0095,0.5208053588867188,0.5269169807434082,0.2857142857142857,False,0
D3_0,refine,128,1,16,it0096,0.3358473479747772,0.27528759837150574,0.09090909090909091,False,0
D3_0,refine,128,1,16,it0097,0.6010769009590149,0.53604656457901,0.05,False,0
D3_0,refine,128,1,16,it0098,0.5656675100326538,0.3500043451786041,0.07407407407407407,False,0
D3_0,refine,128,1,16,it0099,0.2200353741645813,0.12805819511413574,0.0,False,0
D3_0,refine,128,1,16,it0100,0.6060751080513,0.6048632860183716,0.0,False,0
D3_0,refine,128,1,16,it0101,0.2838653028011322,0.29704079031944275,0.0,False,0
D3_0,refine,128,1,16,it0102,0.2613650858402252,0.4400128722190857,0.07692307692307693,False,0
D3_0,refine,128,1,16,it0103,0.3994232416152954,0.3420916795730591,0.045454545454545456,False,0
D3_0,refine,128,1,16,it0104,0.463716596364975,0.4919658899307251,0.041666666666666664,False,0
D3_0,refine,128,1,16,it0105,0.4838787615299225,0.544852614402771,0.14285714285714285,False,0
D3_0,refine,128,1,16,it0106,0.4508873224258423,0.4467580318450928,0.041666666666666664,False,0
D3_0,refine,128,1,16,it0107,0.5982663035392761,0.5198248028755188,0.043478260869565216,False,0
D3_0,refine,128,1,16,it0108,0.49310195446014404,0.42972758412361145,0.3125,False,0
D3_0,refine,128,1,16,it0109,0.49035269021987915,0.4554187059402466,0.0,False,0
D3_0,refine,128,1,16,it0110,0.2065768539905548,0.2699444591999054,0.26666666666666666,False,0
D3_0,refine,128,1,16,it0111,0.12938685715198517,0.013445837423205376,0.18181818181818182,False,0
D3_0,refine,128,1,16,it0112,0.6402089595794678,0.5725011825561523,0.045454545454545456,False,0
D3_0,refine,128,1,16,it0113,0.585479736328125,0.4905129075050354,0.045454545454545456,False,0
D3_0,refine,128,1,16,it0114,0.4365028440952301,0.42764484882354736,0.2777777777777778,False,0
D3_0,refine,128,1,16,it0115,0.3776790201663971,0.21381351351737976,0.07142857142857142,False,0
D3_0,refine,128,1,16,it0116,0.5198389291763306,0.4213149845600128,0.23529411764705882,False,0
D3_0,refine,128,1,16,it0117,0.36470961570739746,0.5441409349441528,0.058823529411764705,False,0
D3_0,refine,128,1,16,it0118,0.5867034792900085,0.5003658533096313,0.038461538461538464,False,0
D3_0,refine,128,1,16,it0119,0.5277537107467651,0.3893904983997345,0.14285714285714285,False,0
D3_0,refine,128,1,16,it0120,0.6846898794174194,0.6044725179672241,0.0,False,0
D3_0,refine,128,1,16,it0121,0.36359894275665283,0.2887498736381531,0.55,False,0
D3_0,refine,128,1,16,it0122,0.37183046340942383,0.43130388855934143,0.3181818181818182,False,0
D3_0,refine,128,1,16,it0123,0.4995257258415222,0.5945659279823303,0.17647058823529413,False,0
D3_0,refine,128,1,16,it0124,0.5908250212669373,0.42723628878593445,0.12121212121212122,False,0
D3_0,refine,128,1,16,it0125,0.5218617916107178,0.3886029124259949,0.07692307692307693,False,0
D3_0,refine,128,1,16,it0126,0.489134818315506,0.3555305004119873,0.125,False,0
D3_0,refine,128,1,16,it0127,0.5134224891662598,0.3889399766921997,0.058823529411764705,False,0
D3_0,refine,128,1,16,it0128,0.43920671939849854,0.43680572509765625,0.1,False,0
D3_0,refine,128,1,16,it0129,0.20418696105480194,0.1648808717727661,0.0,False,0
D3_0,refine,128,1,16,it0130,0.30124449729919434,0.291093111038208,0.2,False,0
D3_0,refine,128,1,16,it0131,0.3371554911136627,0.4387122094631195,0.03225806451612903,False,0
D3_0,refine,128,1,16,it0132,0.3000510334968567,0.31157630681991577,0.0,False,0
D3_0,refine,128,1,16,it0133,0.5736814737319946,0.6338388919830322,0.0,False,0
D3_0,refine,128,1,16,it0134,0.4043346643447876,0.19463828206062317,0.02631578947368421,False,0
D3_0,refine,128,1,16,it0135,0.30492863059043884,0.30807068943977356,0.1794871794871795,False,0
D3_0,refine,128,1,16,it0136,0.39986273646354675,0.5056363344192505,0.05,False,0
D3_0,refine,128,1,16,it0137,0.5319082736968994,0.42616981267929077,0.16666666666666666,False,0
D3_0,refine,128,1,16,it0138,0.4989602863788605,0.5748547315597534,0.3333333333333333,False,0
D3_0,refine,128,1,16,it0139,0.502424955368042,0.18450003862380981,0.0,False,0
D3_0,refine,128,1,16,it0140,0.46312764286994934,0.40235137939453125,0.08333333333333333,False,0
D3_0,refine,128,1,16,it0141,0.5592862367630005,0.6479974389076233,0.06666666666666667,False,0
D3_0,refine,128,1,16,it0142,0.4034176468849182,0.32324835658073425,0.12,False,0
D3_0,refine,128,1,16,it0143,0.32498079538345337,0.4364655017852783,0.0625,False,0
D3_0,refine,128,1,16,it0144,0.5471444129943848,0.34223252534866333,0.03571428571428571,False,0
D3_0,refine,128,1,16,it0145,0.5611180067062378,0.5693497657775879,0.0,False,0
D3_0,refine,128,1,16,it0146,0.48790815472602844,0.30786997079849243,0.0,False,0
D3_0,refine,128,1,16,it0147,0.5000821948051453,0.4667087197303772,0.043478260869565216,False,0
D3_0,refine,128,1,16,it0148,0.1331816166639328,0.1216922402381897,0.07142857142857142,False,0
D3_0,refine,128,1,16,it0149,0.48805519938468933,0.5378775000572205,0.14285714285714285,False,0
D3_0,refine,128,1,16,it0150,0.36972543597221375,0.383741170167923,0.15384615384615385,False,0
D3_0,refine,128,1,16,it0151,0.5541093945503235,0.42595386505126953,0.0,False,0
D3_0,refine,128,1,16,it0152,0.6246896386146545,0.45534685254096985,0.0,False,0
D3_0,refine,128,1,16,it0153,0.3321518898010254,0.4009351432323456,0.07142857142857142,False,0
D3_0,refine,128,1,16,it0154,0.3066425323486328,0.2118108868598938,0.21052631578947367,False,0
D3_0,refine,128,1,16,it0155,0.25764521956443787,0.2528659403324127,0.03571428571428571,False,0
D3_0,refine,128,1,16,it0156,0.32970160245895386,0.27377551794052124,0.0,False,0
D3_0,refine,128,1,16,it0157,0.5555812120437622,0.5583443641662598,0.09302325581395349,False,0
D3_0,refine,128,1,16,it0158,0.3154425621032715,0.27069103717803955,0.15789473684210525,False,0
D3_0,refine,128,1,16,it0159,0.3528949022293091,0.26196372509002686,0.21428571428571427,False,0
D3_0,refine,128,1,16,it0160,0.5178517699241638,0.3825201988220215,0.03225806451612903,False,0
D3_0,refine,128,1,16,it0161,0.4323022663593292,0.38415488600730896,0.034482758620689655,False,0
D3_0,refine,128,1,16,it0162,0.24291861057281494,0.4063480496406555,0.25925925925925924,False,0
D3_0,refine,128,1,16,it0163,0.46843719482421875,0.43475934863090515,0.058823529411764705,False,0
D3_0,refine,128,1,16,it0164,0.542743444442749,0.3557565212249756,0.0967741935483871,False,0
D3_0,refine,128,1,16,it0165,0.27365151047706604,0.19155950844287872,0.0,False,0
D3_0,refine,128,1,16,it0166,0.5303905010223389,0.3049614131450653,0.16666666666666666,False,0
D3_0,refine,128,1,16,it0167,0.4316265285015106,0.4828505516052246,0.2631578947368421,False,0
D3_0,refine,128,1,16,it0168,0.3345074951648712,0.3147382438182831,0.2,False,0
D3_0,refine,128,1,16,it0169,0.4080609083175659,0.443327933549881,0.05,False,0
D3_0,refine,128,1,16,it0170,0.4322720170021057,0.4035979211330414,0.23529411764705882,False,0
D3_0,refine,128,1,16,it0171,0.7101491689682007,0.6318893432617188,0.09523809523809523,False,0
D3_0,refine,128,1,16,it0172,0.2193308174610138,0.24399805068969727,0.04,False,0
D3_0,refine,128,1,16,it0173,0.60541170835495,0.5819857120513916,0.0,False,0
D3_0,refine,128,1,16,it0174,0.5559247136116028,0.34504732489585876,0.0,False,0
D3_0,refine,128,1,16,it0175,0.15656916797161102,0.10173030197620392,0.06666666666666667,False,0
D3_0,refine,128,1,16,it0176,0.3025221526622772,0.30592024326324463,0.1111111111111111,False,0
D3_0,refine,128,1,16,it0177,0.49753475189208984,0.6166746616363525,0.0,False,0
D3_0,refine,128,1,16,it0178,0.21793854236602783,0.12837174534797668,0.29411764705882354,False,0
D3_0,refine,128,1,16,it0179,0.6154425144195557,0.6780551075935364,0.06451612903225806,False,0
D3_0,refine,128,1,16,it0180,0.39402681589126587,0.43531355261802673,0.07142857142857142,False,0
D3_0,refine,128,1,16,it0181,0.5254717469215393,0.508765697479248,0.04878048780487805,False,0
D3_0,refine,128,1,16,it0182,0.6109983325004578,0.46746888756752014,0.04,False,0
D3_0,refine,128,1,16,it0183,0.5489014387130737,0.5696023106575012,0.28,False,0
D3_0,refine,128,1,16,it0184,0.25169336795806885,0.17845715582370758,0.2,False,0
D3_0,refine,128,1,16,it0185,0.19290196895599365,0.3174150884151459,0.0967741935483871,False,0
D3_0,refine,128,1,16,it0186,0.5671995282173157,0.46725720167160034,0.08333333333333333,False,0
D3_0,refine,128,1,16,it0187,0.46876445412635803,0.3626229166984558,0.125,False,0
D3_0,refine,128,1,16,it0188,0.5841749906539917,0.5606610774993896,0.05555555555555555,False,0
D3_0,refine,128,1,16,it0189,0.42317265272140503,0.3600982427597046,0.0,False,0
D3_0,refine,128,1,16,it0190,0.6137138605117798,0.6013582944869995,0.0,False,0
D3_0,refine,128,1,16,it0191,0.44894441962242126,0.33473023772239685,0.0,False,0
D3_0,refine,128,1,16,it0192,0.6334541440010071,0.5552058815956116,0.25925925925925924,False,0
D3_0,refine,128,1,16,it0193,0.45404818654060364,0.15217961370944977,0.125,False,0
D3_0,refine,128,1,16,it0194,0.6928278207778931,0.6718538999557495,0.0,False,0
D3_0,refine,128,1,16,it0195,0.5879079699516296,0.5526605844497681,0.19230769230769232,False,0
D3_0,refine,128,1,16,it0196,0.454818993806839,0.5117922425270081,0.0,False,0
D3_0,refine,128,1,16,it0197,0.4603170156478882,0.28910765051841736,0.0,False,0
D3_0,refine,128,1,16,it0198,0.23778265714645386,0.19781328737735748,0.125,False,0
D3_0,refine,128,1,16,it0199,0.5553805828094482,0.3690275251865387,0.058823529411764705,False,0
D3_0,refine,256,1,32,it0000,0.529676616191864,0.5985865592956543,0.06521739130434782,False,0
D3_0,refine,256,1,32,it0001,0.4859909415245056,0.2618923485279083,0.1111111111111111,False,0
D3_0,refine,256,1,32,it0002,0.2749212384223938,0.19156165421009064,0.0,False,0
D3_0,refine,256,1,32,it0003,0.4716772437095642,0.3629589378833771,0.2,False,0
D3_0,refine,256,1,32,it0004,0.5161262154579163,0.4129854440689087,0.125,False,0
D3_0,refine,256,1,32,it0005,0.4935116171836853,0.4547196924686432,0.0,False,0
D3_0,refine,256,1,32,it0006,0.23989123106002808,0.28945642709732056,0.16666666666666666,False,0
D3_0,refine,256,1,32,it0007,0.2976725399494171,0.306017130613327,0.06818181818181818,False,0
D3_0,refine,256,1,32,it0008,0.34097668528556824,0.3410259783267975,0.19047619047619047,False,0
D3_0,refine,256,1,32,it0009,0.5078800320625305,0.4791814982891083,0.1111111111111111,False,0
D3_0,refine,256,1,32,it0010,0.6067610383033752,0.5670261383056641,0.1111111111111111,False,0
D3_0,refine,256,1,32,it0011,0.5226194262504578,0.43672946095466614,0.0,False,0
D3_0,refine,256,1,32,it0012,0.43584102392196655,0.27355971932411194,0.27586206896551724,False,0
D3_0,refine,256,1,32,it0013,0.640424907207489,0.622970461845398,0.037037037037037035,False,0
D3_0,refine,256,1,32,it0014,0.5452218055725098,0.4492619037628174,0.0,False,0
D3_0,refine,256,1,32,it0015,0.3975538909435272,0.4935961663722992,0.23529411764705882,False,0
D3_0,refine,256,1,32,it0016,0.5506614446640015,0.3723274767398834,0.11764705882352941,False,0
D3_0,refine,256,1,32,it0017,0.49326273798942566,0.3111596405506134,0.0,False,0
D3_0,refine,256,1,32,it0018,0.2653067111968994,0.08506188541650772,0.029411764705882353,False,0
D3_0,refine,256,1,32,it0019,0.6251347064971924,0.5478736162185669,0.06521739130434782,False,0
D3_0,refine,256,1,32,it0020,0.21930000185966492,0.24781350791454315,0.46153846153846156,False,0
D3_0,refine,256,1,32,it0021,0.4242926836013794,0.3266716003417969,0.09090909090909091,False,0
D3_0,refine,256,1,32,it0022,0.3675776422023773,0.3187881112098694,0.525,False,0
D3_0,refine,256,1,32,it0023,0.6918145418167114,0.5644869208335876,0.16666666666666666,False,0
D3_0,refine,256,1,32,it0024,0.5727107524871826,0.5599030256271362,0.14285714285714285,False,0
D3_0,refine,256,1,32,it0025,0.5943232774734497,0.5463619232177734,0.05,False,0
D3_0,refine,256,1,32,it0026,0.19098815321922302,0.20428279042243958,0.0,False,0
D3_0,refine,256,1,32,it0027,0.6797282695770264,0.5454328656196594,0.0625,False,0
D3_0,refine,256,1,32,it0028,0.5933488607406616,0.6206510066986084,0.047619047619047616,False,0
D3_0,refine,256,1,32,it0029,0.35034844279289246,0.3656868040561676,0.0,False,0
D3_0,refine,256,1,32,it0030,0.5181108117103577,0.4753442108631134,0.0,False,0
D3_0,refine,256,1,32,it0031,0.47720229625701904,0.1634526401758194,0.2777777777777778,False,0
D3_0,refine,256,1,32,it0032,0.6278604865074158,0.5539578199386597,0.1111111111111111,False,0
D3_0,refine,256,1,32,it0033,0.31572648882865906,0.13785764575004578,0.15384615384615385,False,0
D3_0,refine,256,1,32,it0034,0.3760625422000885,0.20469678938388824,0.03333333333333333,False,0
D3_0,refine,256,1,32,it0035,0.24054017663002014,0.11155126988887787,0.0,False,0
D3_0,refine,256,1,32,it0036,0.5361579060554504,0.3938664197921753,0.0,False,0
D3_0,refine,256,1,32,it0037,0.5727442502975464,0.5989140868186951,0.0,False,0
D3_0,refine,256,1,32,it0038,0.36749035120010376,0.16123901307582855,0.08108108108108109,False,0
D3_0,refine,256,1,32,it0039,0.4104808568954468,0.3575800657272339,0.0975609756097561,False,0
D3_0,refine,256,1,32,it0040,0.4261327385902405,0.2305266261100769,0.0,False,0
D3_0,refine,256,1,32,it0041,0.5664905309677124,0.27522504329681396,0.045454545454545456,False,0
D3_0,refine,256,1,32,it0042,0.3866765797138214,0.38719642162323,0.1111111111111111,False,0
D3_0,refine,256,1,32,it0043,0.3040534257888794,0.32846930623054504,0.0,False,0
D3_0,refine,256,1,32,it0044,0.5105772614479065,0.5923734903335571,0.28,False,0
D3_0,refine,256,1,32,it0045,0.3208322525024414,0.4413731098175049,0.0,False,0
D3_0,refine,256,1,32,it0046,0.2611024081707001,0.29250094294548035,0.0,False,0
D3_0,refine,256,1,32,it0047,0.39630094170570374,0.3479178547859192,0.55,False,0
D3_0,refine,256,1,32,it0048,0.5391347408294678,0.45279860496520996,0.125,False,0
D3_0,refine,256,1,32,it0049,0.2918446958065033,0.5128702521324158,0.045454545454545456,False,0
D3_0,refine,256,1,32,it0050,0.25647541880607605,-0.0799669399857521,0.3181818181818182,False,0
D3_0,refine,256,1,32,it0051,0.24483059346675873,0.3340783715248108,0.06896551724137931,False,0
D3_0,refine,256,1,32,it0052,0.38823437690734863,0.5220093131065369,0.0,False,0
D3_0,refine,256,1,32,it0053,0.2718415856361389,0.36389288306236267,0.1891891891891892,False,0
D3_0,refine,256,1,32,it0054,0.260971337556839,0.0723784863948822,0.0,False,0
D3_0,refine,256,1,32,it0055,0.5819708108901978,0.574410080909729,0.0,False,0
D3_0,refine,256,1,32,it0056,0.3517237901687622,0.22027362883090973,0.15,False,0
D3_0,refine,256,1,32,it0057,0.5308840870857239,0.3070802390575409,0.058823529411764705,False,0
D3_0,refine,256,1,32,it0058,0.34939563274383545,0.34085318446159363,0.08333333333333333,False,0
D3_0,refine,256,1,32,it0059,0.4658701717853546,0.47971010208129883,0.07142857142857142,False,0
D3_0,refine,256,1,32,it0060,0.4936124086380005,0.4448741376399994,0.0,False,0
D3_0,refine,256,1,32,it0061,0.5275177955627441,0.5927481055259705,0.0,False,0
D3_0,refine,256,1,32,it0062,0.5853574872016907,0.5692755579948425,0.0,False,0
D3_0,refine,256,1,32,it0063,0.3627946972846985,0.27571335434913635,0.13793103448275862,False,0
D3_0,refine,256,1,32,it0064,0.4293757677078247,0.5199687480926514,0.1111111111111111,False,0
D3_0,refine,256,1,32,it0065,0.5584330558776855,0.5281718969345093,0.07692307692307693,False,0
D3_0,refine,256,1,32,it0066,0.31922587752342224,0.35559767484664917,0.14285714285714285,False,0
D3_0,refine,256,1,32,it0067,0.2526467740535736,0.2703053951263428,0.05555555555555555,False,0
D3_0,refine,256,1,32,it0068,0.6790990829467773,0.6357503533363342,0.0,False,0
D3_0,refine,256,1,32,it0069,0.45613500475883484,0.4039081931114197,0.09090909090909091,False,0
D3_0,refine,256,1,32,it0070,0.3945292830467224,0.2780762314796448,0.0,False,0
D3_0,refine,256,1,32,it0071,0.49347564578056335,0.3984752297401428,0.21428571428571427,False,0
D3_0,refine,256,1,32,it0072,0.4884382486343384,0.531962513923645,0.045454545454545456,False,0
D3_0,refine,256,1,32,it0073,0.2009911686182022,0.2267199605703354,0.1724137931034483,False,0
D3_0,refine,256,1,32,it0074,0.3672506511211395,0.2944098711013794,0.3333333333333333,False,0
D3_0,refine,256,1,32,it0075,0.314179003238678,0.4631121754646301,0.043478260869565216,False,0
D3_0,refine,256,1,32,it0076,0.6384737491607666,0.3226580023765564,0.08695652173913043,False,0
D3_0,refine,256,1,32,it0077,0.5179109573364258,0.533386766910553,0.25,False,0
D3_0,refine,256,1,32,it0078,0.38491684198379517,0.26880326867103577,0.19047619047619047,False,0
D3_0,refine,256,1,32,it0079,0.5600323677062988,0.5550340414047241,0.08333333333333333,False,0
D3_0,refine,256,1,32,it0080,0.36824849247932434,0.2513730525970459,0.24390243902439024,False,0
D3_0,refine,256,1,32,it0081,0.33663785457611084,0.2193550169467926,0.10714285714285714,False,0
D3_0,refine,256,1,32,it0082,0.4265388250350952,0.42869073152542114,0.11764705882352941,False,0
D3_0,refine,256,1,32,it0083,0.5252779722213745,0.43432825803756714,0.0,False,0
D3_0,refine,256,1,32,it0084,0.6465612649917603,0.5410199165344238,0.022222222222222223,False,0
D3_0,refine,256,1,32,it0085,0.45003342628479004,0.4350036382675171,0.21428571428571427,False,0
D3_0,refine,256,1,32,it0086,0.6693004965782166,0.5568130016326904,0.11764705882352941,False,0
D3_0,refine,256,1,32,it0087,0.49856022000312805,0.5984417796134949,0.1875,False,0
D3_0,refine,256,1,32,it0088,0.3439987301826477,0.38015037775039673,0.047619047619047616,False,0
D3_0,refine,256,1,32,it0089,0.4545898735523224,0.2549017071723938,0.0,False,0
D3_0,refine,256,1,32,it0090,0.5992236137390137,0.5588735342025757,0.0,False,0
D3_0,refine,256,1,32,it0091,0.49092596769332886,0.39890384674072266,0.03225806451612903,False,0
D3_0,refine,256,1,32,it0092,0.5628583431243896,0.41774940490722656,0.08571428571428572,False,0
D3_0,refine,256,1,32,it0093,0.4239366054534912,0.29576289653778076,0.2631578947368421,False,0
D3_0,refine,256,1,32,it0094,0.3332309424877167,0.4786517024040222,0.0,False,0
D3_0,refine,256,1,32,it0095,0.5144975185394287,0.4570411443710327,0.047619047619047616,False,0
D3_0,refine,256,1,32,it0096,0.5906270742416382,0.47731027007102966,0.13636363636363635,False,0
D3_0,refine,256,1,32,it0097,0.6016643047332764,0.6150890588760376,0.1,False,0
D3_0,refine,256,1,32,it0098,0.51933753490448,0.4308859407901764,0.14814814814814814,False,0
D3_0,refine,256,1,32,it0099,0.28554725646972656,0.1502360701560974,0.08695652173913043,False,0
D3_0,refine,256,1,32,it0100,0.6248628497123718,0.5857602953910828,0.0,False,0
D3_0,refine,256,1,32,it0101,0.5085233449935913,0.366865873336792,0.02631578947368421,False,0
D3_0,refine,256,1,32,it0102,0.38843241333961487,0.48994049429893494,0.15384615384615385,False,0
D3_0,refine,256,1,32,it0103,0.2967536151409149,0.34983837604522705,0.045454545454545456,False,0
D3_0,refine,256,1,32,it0104,0.4974229633808136,0.38644495606422424,0.041666666666666664,False,0
D3_0,refine,256,1,32,it0105,0.22818338871002197,0.40514418482780457,0.2,False,0
D3_0,refine,256,1,32,it0106,0.4027654528617859,0.4199519455432892,0.20833333333333334,False,0
D3_0,refine,256,1,32,it0107,0.5913757681846619,0.5658255219459534,0.043478260869565216,False,0
D3_0,refine,256,1,32,it0108,0.5016312599182129,0.31175729632377625,0.0,False,0
D3_0,refine,256,1,32,it0109,0.5321416854858398,0.5268846154212952,0.15789473684210525,False,0
D3_0,refine,256,1,32,it0110,0.23034729063510895,0.2700006067752838,0.13333333333333333,False,0
D3_0,refine,256,1,32,it0111,0.21336476504802704,0.05301414057612419,0.15151515151515152,False,0
D3_0,refine,256,1,32,it0112,0.6736098527908325,0.6045063138008118,0.0,False,0
D3_0,refine,256,1,32,it0113,0.5596230030059814,0.4656948745250702,0.045454545454545456,False,0
D3_0,refine,256,1,32,it0114,0.43983280658721924,0.4781472682952881,0.1111111111111111,False,0
D3_0,refine,256,1,32,it0115,0.33776015043258667,0.28136342763900757,0.0,False,0
D3_0,refine,256,1,32,it0116,0.47949710488319397,0.309269517660141,0.0,False,0
D3_0,refine,256,1,32,it0117,0.42225414514541626,0.5308333039283752,0.058823529411764705,False,0
D3_0,refine,256,1,32,it0118,0.4740773141384125,0.5113574266433716,0.15384615384615385,False,0
D3_0,refine,256,1,32,it0119,0.5660791397094727,0.5577294826507568,0.21428571428571427,False,0
D3_0,refine,256,1,32,it0120,0.5844833850860596,0.5155336260795593,0.0,False,0
D3_0,refine,256,1,32,it0121,0.5469247102737427,0.5397419333457947,0.45,False,0
D3_0,refine,256,1,32,it0122,0.18541952967643738,0.28719156980514526,0.3181818181818182,False,0
D3_0,refine,256,1,32,it0123,0.24027712643146515,0.4662218391895294,0.0,False,0
D3_0,refine,256,1,32,it0124,0.6188168525695801,0.4131926894187927,0.24242424242424243,False,0
D3_0,refine,256,1,32,it0125,0.539536714553833,0.45930132269859314,0.02564102564102564,False,0
D3_0,refine,256,1,32,it0126,0.4979568123817444,0.34040048718452454,0.0,False,0
D3_0,refine,256,1,32,it0127,0.34325137734413147,0.3018621504306793,0.058823529411764705,False,0
D3_0,refine,256,1,32,it0128,0.41968852281570435,0.3584180474281311,0.15,False,0
D3_0,refine,256,1,32,it0129,0.33587735891342163,0.35925355553627014,0.058823529411764705,False,0
D3_0,refine,256,1,32,it0130,0.3047836720943451,0.3724282681941986,0.0,False,0
D3_0,refine,256,1,32,it0131,0.3990556299686432,0.5162969827651978,0.0967741935483871,False,0
D3_0,refine,256,1,32,it0132,0.3917069435119629,0.3205410838127136,0.07142857142857142,False,0
D3_0,refine,256,1,32,it0133,0.4949624836444855,0.5780714154243469,0.0,False,0
D3_0,refine,256,1,32,it0134,0.48340746760368347,0.413884699344635,0.05263157894736842,False,0
D3_0,refine,256,1,32,it0135,0.3152388036251068,0.32303565740585327,0.05128205128205128,False,0
D3_0,refine,256,1,32,it0136,0.382377564907074,0.4822857975959778,0.0,False,0
D3_0,refine,256,1,32,it0137,0.48533204197883606,0.460201621055603,0.0,False,0
D3_0,refine,256,1,32,it0138,0.47428396344184875,0.44493743777275085,0.1111111111111111,False,0
D3_0,refine,256,1,32,it0139,0.6073407530784607,0.4138509929180145,0.05555555555555555,False,0
D3_0,refine,256,1,32,it0140,0.31975293159484863,0.3352830410003662,0.041666666666666664,False,0
D3_0,refine,256,1,32,it0141,0.484054297208786,0.6104604005813599,0.06666666666666667,False,0
D3_0,refine,256,1,32,it0142,0.202212393283844,0.06841383129358292,0.12,False,0
D3_0,refine,256,1,32,it0143,0.2776469588279724,0.4247244894504547,0.0,False,0
D3_0,refine,256,1,32,it0144,0.5587916374206543,0.3805050253868103,0.0,False,0
D3_0,refine,256,1,32,it0145,0.4804263114929199,0.5585829019546509,0.05,False,0
D3_0,refine,256,1,32,it0146,0.4636913239955902,0.23684540390968323,0.0,False,0
D3_0,refine,256,1,32,it0147,0.47494983673095703,0.4151756167411804,0.043478260869565216,False,0
D3_0,refine,256,1,32,it0148,0.08030274510383606,0.05221600830554962,0.03571428571428571,False,0
D3_0,refine,256,1,32,it0149,0.4128119945526123,0.4832208752632141,0.14285714285714285,False,0
D3_0,refine,256,1,32,it0150,0.290880411863327,0.3583541810512543,0.2692307692307692,False,0
D3_0,refine,256,1,32,it0151,0.5177987813949585,0.396139919757843,0.058823529411764705,False,0
D3_0,refine,256,1,32,it0152,0.5503309965133667,0.43811675906181335,0.0,False,0
D3_0,refine,256,1,32,it0153,0.29769712686538696,0.397360235452652,0.14285714285714285,False,0
D3_0,refine,256,1,32,it0154,0.26500046253204346,0.11599507927894592,0.15789473684210525,False,0
D3_0,refine,256,1,32,it0155,0.19279871881008148,0.27670353651046753,0.0,False,0
D3_0,refine,256,1,32,it0156,0.3691791892051697,0.2911653518676758,0.14285714285714285,False,0
D3_0,refine,256,1,32,it0157,0.4308532774448395,0.44452565908432007,0.0,False,0
D3_0,refine,256,1,32,it0158,0.3415270745754242,0.32126855850219727,0.21052631578947367,False,0
D3_0,refine,256,1,32,it0159,0.29963645339012146,0.09863071888685226,0.07142857142857142,False,0
D3_0,refine,256,1,32,it0160,0.4813559055328369,0.3307209312915802,0.0,False,0
D3_0,refine,256,1,32,it0161,0.2997090220451355,0.3179643452167511,0.034482758620689655,False,0
D3_0,refine,256,1,32,it0162,0.2592637836933136,0.281632661819458,0.18518518518518517,False,0
D3_0,refine,256,1,32,it0163,0.4435766041278839,0.27169251441955566,0.058823529411764705,False,0
D3_0,refine,256,1,32,it0164,0.4548878073692322,0.3736252188682556,0.0,False,0
D3_0,refine,256,1,32,it0165,0.28614524006843567,0.2416445016860962,0.0,False,0
D3_0,refine,256,1,32,it0166,0.5117114186286926,0.28504979610443115,0.25,False,0
D3_0,refine,256,1,32,it0167,0.3632347881793976,0.48608648777008057,0.05263157894736842,False,0
D3_0,refine,256,1,32,it0168,0.41309046745300293,0.26989197731018066,0.2,False,0
D3_0,refine,256,1,32,it0169,0.3567270338535309,0.3375052213668823,0.0,False,0
D3_0,refine,256,1,32,it0170,0.3616606295108795,0.37039345502853394,0.17647058823529413,False,0
D3_0,refine,256,1,32,it0171,0.7287466526031494,0.5537276268005371,0.0,False,0
D3_0,refine,256,1,32,it0172,0.2254001796245575,0.3089951276779175,0.04,False,0
D3_0,refine,256,1,32,it0173,0.7020469903945923,0.6485520601272583,0.0,False,0
D3_0,refine,256,1,32,it0174,0.5492950677871704,0.3678279519081116,0.0,False,0
D3_0,refine,256,1,32,it0175,0.3022923171520233,0.2837468683719635,0.0,False,0
D3_0,refine,256,1,32,it0176,0.3013384938240051,0.35820797085762024,0.16666666666666666,False,0
D3_0,refine,256,1,32,it0177,0.4201209843158722,0.4942719340324402,0.0,False,0
D3_0,refine,256,1,32,it0178,0.2303260862827301,0.12683197855949402,0.29411764705882354,False,0
D3_0,refine,256,1,32,it0179,0.5771280527114868,0.657772958278656,0.1935483870967742,False,0
D3_0,refine,256,1,32,it0180,0.4310780167579651,0.4886120855808258,0.0,False,0
D3_0,refine,256,1,32,it0181,0.5171237587928772,0.5671378970146179,0.0,False,0
D3_0,refine,256,1,32,it0182,0.5900091528892517,0.4595488905906677,0.0,False,0
D3_0,refine,256,1,32,it0183,0.5307740569114685,0.6388744115829468,0.08,False,0
D3_0,refine,256,1,32,it0184,0.23285742104053497,0.218336284160614,0.13333333333333333,False,0
D3_0,refine,256,1,32,it0185,0.39552295207977295,0.38809114694595337,0.0967741935483871,False,0
D3_0,refine,256,1,32,it0186,0.5922749042510986,0.4920494854450226,0.041666666666666664,False,0
D3_0,refine,256,1,32,it0187,0.46605178713798523,0.30381229519844055,0.0625,False,0
D3_0,refine,256,1,32,it0188,0.6033698320388794,0.4967845380306244,0.05555555555555555,False,0
D3_0,refine,256,1,32,it0189,0.42621028423309326,0.2787037789821625,0.0,False,0
D3_0,refine,256,1,32,it0190,0.6043745279312134,0.49181732535362244,0.125,False,0
D3_0,refine,256,1,32,it0191,0.4515811502933502,0.3349650204181671,0.04,False,0
D3_0,refine,256,1,32,it0192,0.5100289583206177,0.5146011114120483,0.4444444444444444,False,0
D3_0,refine,256,1,32,it0193,0.5204665064811707,0.30144092440605164,0.4375,False,0
D3_0,refine,256,1,32,it0194,0.6217758655548096,0.6889594197273254,0.0,False,0
D3_0,refine,256,1,32,it0195,0.6225143074989319,0.5247036814689636,0.038461538461538464,False,0
D3_0,refine,256,1,32,it0196,0.44887232780456543,0.4517055153846741,0.14285714285714285,False,0
D3_0,refine,256,1,32,it0197,0.4149742126464844,0.29089096188545227,0.0,False,0
D3_0,refine,256,1,32,it0198,0.07919593155384064,0.023783257231116295,0.0,False,0
D3_0,refine,256,1,32,it0199,0.503852128982544,0.4904155433177948,0.11764705882352941,False,0
D3_0,refine,512,1,64,it0000,0.5412222743034363,0.5159067511558533,0.10869565217391304,False,0
D3_0,refine,512,1,64,it0001,0.43695420026779175,0.28469347953796387,0.2777777777777778,False,0
D3_0,refine,512,1,64,it0002,0.30040502548217773,0.24490448832511902,0.06666666666666667,False,0
D3_0,refine,512,1,64,it0003,0.357124388217926,0.3063497543334961,0.2,False,0
D3_0,refine,512,1,64,it0004,0.4809778332710266,0.38819384574890137,0.125,False,0
D3_0,refine,512,1,64,it0005,0.3796442151069641,0.3743487298488617,0.0,False,0
D3_0,refine,512,1,64,it0006,0.3867127299308777,0.28108468651771545,0.05555555555555555,False,0
D3_0,refine,512,1,64,it0007,0.2656877636909485,0.2102079689502716,0.06818181818181818,False,0
D3_0,refine,512,1,64,it0008,0.3578259348869324,0.17276909947395325,0.23809523809523808,False,0
D3_0,refine,512,1,64,it0009,0.5706773996353149,0.5593116283416748,0.14814814814814814,False,0
D3_0,refine,512,1,64,it0010,0.6940837502479553,0.5897880792617798,0.1111111111111111,False,0
D3_0,refine,512,1,64,it0011,0.5481439828872681,0.4859960973262787,0.0,False,0
D3_0,refine,512,1,64,it0012,0.3136121928691864,0.3700764775276184,0.1724137931034483,False,0
D3_0,refine,512,1,64,it0013,0.6025421023368835,0.6528332829475403,0.0,False,0
D3_0,refine,512,1,64,it0014,0.4788491427898407,0.41714903712272644,0.06666666666666667,False,0
D3_0,refine,512,1,64,it0015,0.39005792140960693,0.42204779386520386,0.11764705882352941,False,0
D3_0,refine,512,1,64,it0016,0.45152685046195984,0.29617032408714294,0.058823529411764705,False,0
D3_0,refine,512,1,64,it0017,0.5001128911972046,0.45347830653190613,0.06666666666666667,False,0
D3_0,refine,512,1,64,it0018,0.2327604591846466,0.21829786896705627,0.029411764705882353,False,0
D3_0,refine,512,1,64,it0019,0.5779293179512024,0.503564715385437,0.043478260869565216,False,0
D3_0,refine,512,1,64,it0020,0.4395543932914734,0.35541093349456787,0.3076923076923077,False,0
D3_0,refine,512,1,64,it0021,0.4701779782772064,0.34753718972206116,0.030303030303030304,False,0
D3_0,refine,512,1,64,it0022,0.36424756050109863,0.4614516496658325,0.35,False,0
D3_0,refine,512,1,64,it0023,0.5952215194702148,0.548492968082428,0.16666666666666666,False,0
D3_0,refine,512,1,64,it0024,0.6052556037902832,0.5057096481323242,0.14285714285714285,False,0
D3_0,refine,512,1,64,it0025,0.565798282623291,0.5721351504325867,0.1,False,0
D3_0,refine,512,1,64,it0026,0.21225905418395996,0.1982886642217636,0.0,False,0
D3_0,refine,512,1,64,it0027,0.6842202544212341,0.6148950457572937,0.0625,False,0
D3_0,refine,512,1,64,it0028,0.49152871966362,0.5259254574775696,0.21428571428571427,False,0
D3_0,refine,512,1,64,it0029,0.3154035210609436,0.434476763010025,0.0,False,0
D3_0,refine,512,1,64,it0030,0.525863766670227,0.4547112286090851,0.0,False,0
D3_0,refine,512,1,64,it0031,0.3676573932170868,0.2086738795042038,0.16666666666666666,False,0
D3_0,refine,512,1,64,it0032,0.5856400728225708,0.5311577320098877,0.07407407407407407,False,0
D3_0,refine,512,1,64,it0033,0.28476640582084656,0.1887379288673401,0.15384615384615385,False,0
D3_0,refine,512,1,64,it0034,0.5277013778686523,0.34657976031303406,0.06666666666666667,False,0
D3_0,refine,512,1,64,it0035,0.33468806743621826,0.2309553027153015,0.15384615384615385,False,0
D3_0,refine,512,1,64,it0036,0.5945060849189758,0.5920897722244263,0.0,False,0
D3_0,refine,512,1,64,it0037,0.5647338628768921,0.5336560010910034,0.0,False,0
D3_0,refine,512,1,64,it0038,0.33811435103416443,0.11931054294109344,0.02702702702702703,False,0
D3_0,refine,512,1,64,it0039,0.47196587920188904,0.5448797941207886,0.07317073170731707,False,0
D3_0,refine,512,1,64,it0040,0.4639506936073303,0.3511323034763336,0.06666666666666667,False,0
D3_0,refine,512,1,64,it0041,0.6510574817657471,0.3930964767932892,0.09090909090909091,False,0
D3_0,refine,512,1,64,it0042,0.3510160446166992,0.3456651270389557,0.1111111111111111,False,0
D3_0,refine,512,1,64,it0043,0.3169603645801544,0.24590705335140228,0.0,False,0
D3_0,refine,512,1,64,it0044,0.5446735620498657,0.4409095048904419,0.88,False,0
D3_0,refine,512,1,64,it0045,0.23001298308372498,0.3689228892326355,0.03333333333333333,False,0
D3_0,refine,512,1,64,it0046,0.2862270772457123,0.2679053544998169,0.0,False,0
D3_0,refine,512,1,64,it0047,0.31374162435531616,0.18970000743865967,0.4,False,0
D3_0,refine,512,1,64,it0048,0.5637955665588379,0.6090999841690063,0.125,False,0
D3_0,refine,512,1,64,it0049,0.3134850561618805,0.4837183952331543,0.13636363636363635,False,0
D3_0,refine,512,1,64,it0050,0.2071181982755661,0.0475853867828846,0.36363636363636365,False,0
D3_0,refine,512,1,64,it0051,0.1884792149066925,0.3966785967350006,0.10344827586206896,False,0
D3_0,refine,512,1,64,it0052,0.1902124434709549,0.21467489004135132,0.0,False,0
D3_0,refine,512,1,64,it0053,0.2580028474330902,0.3779553174972534,0.1891891891891892,False,0
D3_0,refine,512,1,64,it0054,0.2893487811088562,0.027501266449689865,0.0,False,0
D3_0,refine,512,1,64,it0055,0.5137872695922852,0.5357967019081116,0.038461538461538464,False,0
D3_0,refine,512,1,64,it0056,0.2946116030216217,0.21853268146514893,0.3,False,0
D3_0,refine,512,1,64,it0057,0.48093968629837036,0.29637783765792847,0.058823529411764705,False,0
D3_0,refine,512,1,64,it0058,0.20531617105007172,0.3396562337875366,0.08333333333333333,False,0
D3_0,refine,512,1,64,it0059,0.5374575853347778,0.5743998885154724,0.0,False,0
D3_0,refine,512,1,64,it0060,0.4816744029521942,0.3985375463962555,0.0,False,0
D3_0,refine,512,1,64,it0061,0.46904245018959045,0.5773505568504333,0.11428571428571428,False,0
D3_0,refine,512,1,64,it0062,0.5517082810401917,0.6033583879470825,0.047619047619047616,False,0
D3_0,refine,512,1,64,it0063,0.43356871604919434,0.3144616186618805,0.10344827586206896,False,0
D3_0,refine,512,1,64,it0064,0.3511197566986084,0.4458591043949127,0.2777777777777778,False,0
D3_0,refine,512,1,64,it0065,0.5259242653846741,0.551862895488739,0.10256410256410256,False,0
D3_0,refine,512,1,64,it0066,0.270545095205307,0.17707812786102295,0.047619047619047616,False,0
D3_0,refine,512,1,64,it0067,0.2108003795146942,0.17195086181163788,0.16666666666666666,False,0
D3_0,refine,512,1,64,it0068,0.7056278586387634,0.6467235088348389,0.02564102564102564,False,0
D3_0,refine,512,1,64,it0069,0.19715331494808197,0.2953336238861084,0.09090909090909091,False,0
D3_0,refine,512,1,64,it0070,0.2628933787345886,0.4128359258174896,0.0,False,0
D3_0,refine,512,1,64,it0071,0.4859616160392761,0.38612908124923706,0.07142857142857142,False,0
D3_0,refine,512,1,64,it0072,0.45277777314186096,0.42539557814598083,0.045454545454545456,False,0
D3_0,refine,512,1,64,it0073,0.10861741751432419,0.1334437131881714,0.4482758620689655,False,0
D3_0,refine,512,1,64,it0074,0.20423543453216553,0.26669570803642273,0.0,False,0
D3_0,refine,512,1,64,it0075,0.3813478648662567,0.3990308344364166,0.13043478260869565,False,0
D3_0,refine,512,1,64,it0076,0.5611684322357178,0.3468995988368988,0.13043478260869565,False,0
D3_0,refine,512,1,64,it0077,0.4433005154132843,0.38413387537002563,0.25,False,0
D3_0,refine,512,1,64,it0078,0.41925719380378723,0.3309691250324249,0.09523809523809523,False,0
D3_0,refine,512,1,64,it0079,0.5362487435340881,0.4847889244556427,0.125,False,0
D3_0,refine,512,1,64,it0080,0.31292328238487244,0.226567804813385,0.34146341463414637,False,0
D3_0,refine,512,1,64,it0081,0.34699758887290955,0.3748856484889984,0.03571428571428571,False,0
D3_0,refine,512,1,64,it0082,0.3663354516029358,0.36454296112060547,0.17647058823529413,False,0
D3_0,refine,512,1,64,it0083,0.5156005024909973,0.37214261293411255,0.058823529411764705,False,0
D3_0,refine,512,1,64,it0084,0.6048310995101929,0.504893958568573,0.022222222222222223,False,0
D3_0,refine,512,1,64,it0085,0.5255832076072693,0.39002689719200134,0.0,False,0
D3_0,refine,512,1,64,it0086,0.6718178987503052,0.5206931829452515,0.17647058823529413,False,0
D3_0,refine,512,1,64,it0087,0.6219868659973145,0.4392045736312866,0.1875,False,0
D3_0,refine,512,1,64,it0088,0.30275654792785645,0.29104363918304443,0.047619047619047616,False,0
D3_0,refine,512,1,64,it0089,0.43375569581985474,0.2768896222114563,0.041666666666666664,False,0
D3_0,refine,512,1,64,it0090,0.6180983185768127,0.5566387176513672,0.11764705882352941,False,0
D3_0,refine,512,1,64,it0091,0.4581245481967926,0.4531942307949066,0.06451612903225806,False,0
D3_0,refine,512,1,64,it0092,0.6144342422485352,0.5341635942459106,0.0,False,0
D3_0,refine,512,1,64,it0093,0.3891206681728363,0.1876274198293686,0.05263157894736842,False,0
D3_0,refine,512,1,64,it0094,0.43367433547973633,0.3970496654510498,0.07692307692307693,False,0
D3_0,refine,512,1,64,it0095,0.5399558544158936,0.5660675168037415,0.14285714285714285,False,0
D3_0,refine,512,1,64,it0096,0.40855497121810913,0.33502596616744995,0.22727272727272727,False,0
D3_0,refine,512,1,64,it0097,0.5124342441558838,0.5464562773704529,0.0,False,0
D3_0,refine,512,1,64,it0098,0.5372586250305176,0.44991934299468994,0.18518518518518517,False,0
D3_0,refine,512,1,64,it0099,0.24927744269371033,0.11321625113487244,0.08695652173913043,False,0
D3_0,refine,512,1,64,it0100,0.6945686340332031,0.6951793432235718,0.0,False,0
D3_0,refine,512,1,64,it0101,0.41779324412345886,0.39624953269958496,0.10526315789473684,False,0
D3_0,refine,512,1,64,it0102,0.35274767875671387,0.5192990899085999,0.15384615384615385,False,0
D3_0,refine,512,1,64,it0103,0.3941150903701782,0.39736253023147583,0.09090909090909091,False,0
D3_0,refine,512,1,64,it0104,0.49350249767303467,0.5395681262016296,0.041666666666666664,False,0
D3_0,refine,512,1,64,it0105,0.483621746301651,0.5712608098983765,0.2,False,0
D3_0,refine,512,1,64,it0106,0.4023602604866028,0.35486000776290894,0.0,False,0
D3_0,refine,512,1,64,it0107,0.5422345995903015,0.4898187518119812,0.08695652173913043,False,0
D3_0,refine,512,1,64,it0108,0.45265069603919983,0.3180294334888458,0.0625,False,0
D3_0,refine,512,1,64,it0109,0.3620716333389282,0.33823850750923157,0.05263157894736842,False,0
D3_0,refine,512,1,64,it0110,0.1473078578710556,0.30598798394203186,0.13333333333333333,False,0
D3_0,refine,512,1,64,it0111,0.21895405650138855,0.05929280072450638,0.42424242424242425,False,0
D3_0,refine,512,1,64,it0112,0.6315383911132812,0.5707076191902161,0.045454545454545456,False,0
D3_0,refine,512,1,64,it0113,0.5630301237106323,0.4649590253829956,0.045454545454545456,False,0
D3_0,refine,512,1,64,it0114,0.5268223881721497,0.41348302364349365,0.1111111111111111,False,0
D3_0,refine,512,1,64,it0115,0.40018031001091003,0.15018562972545624,0.0,False,0
D3_0,refine,512,1,64,it0116,0.4135587513446808,0.3197409212589264,0.0,False,0
D3_0,refine,512,1,64,it0117,0.44159558415412903,0.5012221932411194,0.058823529411764705,False,0
D3_0,refine,512,1,64,it0118,0.33521389961242676,0.4300519526004791,0.038461538461538464,False,0
D3_0,refine,512,1,64,it0119,0.4728741943836212,0.4103425145149231,0.07142857142857142,False,0
D3_0,refine,512,1,64,it0120,0.5055457949638367,0.3171834647655487,0.0,False,0
D3_0,refine,512,1,64,it0121,0.48761436343193054,0.3986194431781769,0.2,False,0
D3_0,refine,512,1,64,it0122,0.279226690530777,0.33390486240386963,0.22727272727272727,False,0
D3_0,refine,512,1,64,it0123,0.3439721167087555,0.5686432123184204,0.17647058823529413,False,0
D3_0,refine,512,1,64,it0124,0.4945356249809265,0.4352174699306488,0.18181818181818182,False,0
D3_0,refine,512,1,64,it0125,0.5197256207466125,0.408171147108078,0.02564102564102564,False,0
D3_0,refine,512,1,64,it0126,0.44254744052886963,0.45133137702941895,0.0,False,0
D3_0,refine,512,1,64,it0127,0.4477362334728241,0.4083566963672638,0.058823529411764705,False,0
D3_0,refine,512,1,64,it0128,0.46234917640686035,0.43742698431015015,0.0,False,0
D3_0,refine,512,1,64,it0129,0.3170161545276642,0.3104296922683716,0.0,False,0
D3_0,refine,512,1,64,it0130,0.3289923667907715,0.3843667507171631,0.1,False,0
D3_0,refine,512,1,64,it0131,0.31848180294036865,0.47657227516174316,0.06451612903225806,False,0
D3_0,refine,512,1,64,it0132,0.3078416585922241,0.25240904092788696,0.07142857142857142,False,0
D3_0,refine,512,1,64,it0133,0.5359803438186646,0.6161970496177673,0.0,False,0
D3_0,refine,512,1,64,it0134,0.36200979351997375,0.32607269287109375,0.05263157894736842,False,0
D3_0,refine,512,1,64,it0135,0.23048873245716095,0.2746564745903015,0.07692307692307693,False,0
D3_0,refine,512,1,64,it0136,0.4765979051589966,0.5709698796272278,0.0,False,0
D3_0,refine,512,1,64,it0137,0.487390398979187,0.47135698795318604,0.3333333333333333,False,0
D3_0,refine,512,1,64,it0138,0.459975928068161,0.610414981842041,0.2222222222222222,False,0
D3_0,refine,512,1,64,it0139,0.5380087494850159,0.2788124680519104,0.0,False,0
D3_0,refine,512,1,64,it0140,0.49874135851860046,0.49140408635139465,0.08333333333333333,False,0
D3_0,refine,512,1,64,it0141,0.5993642807006836,0.6256126761436462,0.16666666666666666,False,0
D3_0,refine,512,1,64,it0142,0.1150817722082138,0.12402041256427765,0.04,False,0
D3_0,refine,512,1,64,it0143,0.27455300092697144,0.40858179330825806,0.0625,False,0
D3_0,refine,512,1,64,it0144,0.5217831134796143,0.3123999834060669,0.07142857142857142,False,0
D3_0,refine,512,1,64,it0145,0.5440035462379456,0.677195131778717,0.025,False,0
D3_0,refine,512,1,64,it0146,0.4483950734138489,0.40123897790908813,0.1,False,0
D3_0,refine,512,1,64,it0147,0.532199501991272,0.4960804283618927,0.0,False,0
D3_0,refine,512,1,64,it0148,0.10804583132266998,0.08400727808475494,0.07142857142857142,False,0
D3_0,refine,512,1,64,it0149,0.4311944544315338,0.35689443349838257,0.14285714285714285,False,0
D3_0,refine,512,1,64,it0150,0.23337142169475555,0.39965176582336426,0.19230769230769232,False,0
D3_0,refine,512,1,64,it0151,0.581782877445221,0.4759495258331299,0.058823529411764705,False,0
D3_0,refine,512,1,64,it0152,0.6346876621246338,0.42027610540390015,0.058823529411764705,False,0
D3_0,refine,512,1,64,it0153,0.222120001912117,0.3204731345176697,0.21428571428571427,False,0
D3_0,refine,512,1,64,it0154,0.2553226947784424,0.09398344159126282,0.10526315789473684,False,0
D3_0,refine,512,1,64,it0155,0.33290740847587585,0.36571359634399414,0.0,False,0
D3_0,refine,512,1,64,it0156,0.3217891752719879,0.2422349750995636,0.0,False,0
D3_0,refine,512,1,64,it0157,0.5177280306816101,0.44194746017456055,0.06976744186046512,False,0
D3_0,refine,512,1,64,it0158,0.3315184712409973,0.2685156464576721,0.10526315789473684,False,0
D3_0,refine,512,1,64,it0159,0.33344125747680664,0.12437383830547333,0.14285714285714285,False,0
D3_0,refine,512,1,64,it0160,0.48320963978767395,0.4149262607097626,0.03225806451612903,False,0
D3_0,refine,512,1,64,it0161,0.24688245356082916,0.23297947645187378,0.034482758620689655,False,0
D3_0,refine,512,1,64,it0162,0.2411378026008606,0.427524596452713,0.14814814814814814,False,0
D3_0,refine,512,1,64,it0163,0.4370656907558441,0.4404570460319519,0.058823529411764705,False,0
D3_0,refine,512,1,64,it0164,0.573678195476532,0.3338356912136078,0.0,False,0
D3_0,refine,512,1,64,it0165,0.2869497537612915,0.2100704312324524,0.0,False,0
D3_0,refine,512,1,64,it0166,0.5844253897666931,0.2441726177930832,0.25,False,0
D3_0,refine,512,1,64,it0167,0.45424383878707886,0.5359668731689453,0.05263157894736842,False,0
D3_0,refine,512,1,64,it0168,0.3691188097000122,0.4315880537033081,0.1,False,0
D3_0,refine,512,1,64,it0169,0.3358137607574463,0.2829206585884094,0.05,False,0
D3_0,refine,512,1,64,it0170,0.47257688641548157,0.3464104235172272,0.17647058823529413,False,0
D3_0,refine,512,1,64,it0171,0.710728645324707,0.5676017999649048,0.047619047619047616,False,0
D3_0,refine,512,1,64,it0172,0.23977826535701752,0.4449688494205475,0.0,False,0
D3_0,refine,512,1,64,it0173,0.6779823303222656,0.5628769397735596,0.0,False,0
D3_0,refine,512,1,64,it0174,0.5809316635131836,0.36557620763778687,0.375,False,0
D3_0,refine,512,1,64,it0175,0.2183416336774826,0.22946779429912567,0.06666666666666667,False,0
D3_0,refine,512,1,64,it0176,0.35200589895248413,0.29412344098091125,0.05555555555555555,False,0
D3_0,refine,512,1,64,it0177,0.5044963955879211,0.4962145686149597,0.0,False,0
D3_0,refine,512,1,64,it0178,0.40927353501319885,0.3164665400981903,0.4117647058823529,False,0
D3_0,refine,512,1,64,it0179,0.6148518323898315,0.6983942985534668,0.12903225806451613,False,0
D3_0,refine,512,1,64,it0180,0.40033459663391113,0.5063055753707886,0.07142857142857142,False,0
D3_0,refine,512,1,64,it0181,0.5119478106498718,0.4806129038333893,0.0,False,0
D3_0,refine,512,1,64,it0182,0.6313463449478149,0.43910646438598633,0.0,False,0
D3_0,refine,512,1,64,it0183,0.5768107175827026,0.6136311292648315,0.28,False,0
D3_0,refine,512,1,64,it0184,0.29162684082984924,0.2902096211910248,0.13333333333333333,False,0
D3_0,refine,512,1,64,it0185,0.40166524052619934,0.30862197279930115,0.1935483870967742,False,0
D3_0,refine,512,1,64,it0186,0.5282765030860901,0.38493436574935913,0.125,False,0
D3_0,refine,512,1,64,it0187,0.4287019670009613,0.1675964593887329,0.125,False,0
D3_0,refine,512,1,64,it0188,0.5345770120620728,0.5399161577224731,0.1111111111111111,False,0
D3_0,refine,512,1,64,it0189,0.39360368251800537,0.42144539952278137,0.05,False,0
D3_0,refine,512,1,64,it0190,0.5747628211975098,0.5525760650634766,0.0,False,0
D3_0,refine,512,1,64,it0191,0.488675057888031,0.32951778173446655,0.04,False,0
D3_0,refine,512,1,64,it0192,0.5667022466659546,0.5501530170440674,0.07407407407407407,False,0
D3_0,refine,512,1,64,it0193,0.44917476177215576,0.31978657841682434,0.375,False,0
D3_0,refine,512,1,64,it0194,0.6058106422424316,0.6411312818527222,0.0,False,0
D3_0,refine,512,1,64,it0195,0.5754789710044861,0.5505973100662231,0.07692307692307693,False,0
D3_0,refine,512,1,64,it0196,0.40161147713661194,0.42852282524108887,0.0,False,0
D3_0,refine,512,1,64,it0197,0.39836978912353516,0.35280412435531616,0.0,False,0
D3_0,refine,512,1,64,it0198,0.22037190198898315,0.1638718843460083,0.125,False,0
D3_0,refine,512,1,64,it0199,0.5274627804756165,0.48416686058044434,0.0,False,0
