run,arm,nfe,K,T,item,ecapa,wavlm,wer,degenerate,pick
C5_2,search,128,2,8,it0000,0.4759739935398102,0.43001148104667664,0.15217391304347827,False,1
C5_2,search,128,2,8,it0001,0.4093480110168457,0.2656394839286804,0.6666666666666666,False,0
C5_2,search,128,2,8,it0002,0.23758284747600555,0.16747064888477325,0.2,False,0
C5_2,search,128,2,8,it0003,0.4500705599784851,0.39304420351982117,0.2,False,0
C5_2,search,128,2,8,it0004,0.5127490758895874,0.3928745985031128,0.125,False,0
C5_2,search,128,2,8,it0005,0.5111385583877563,0.49683067202568054,0.0,False,0
C5_2,search,128,2,8,it0006,0.39632242918014526,0.3888533115386963,0.1111111111111111,False,0
C5_2,search,128,2,8,it0007,0.3395669460296631,0.3829747438430786,0.11363636363636363,False,1
C5_2,search,128,2,8,it0008,0.4376125931739807,0.16262909770011902,0.47619047619047616,False,1
C5_2,search,128,2,8,it0009,0.5376735329627991,0.6004356741905212,0.14814814814814814,False,0
C5_2,search,128,2,8,it0010,0.4942303001880646,0.5390832424163818,0.05555555555555555,False,0
C5_2,search,128,2,8,it0011,0.5999332070350647,0.404408723115921,0.043478260869565216,False,1
C5_2,search,128,2,8,it0012,0.4832994043827057,0.4181106388568878,0.4482758620689655,False,0
C5_2,search,128,2,8,it0013,0.6366733908653259,0.5764844417572021,0.037037037037037035,False,1
C5_2,search,128,2,8,it0014,0.4106104075908661,0.23315483331680298,0.0,False,0
C5_2,search,128,2,8,it0015,0.4387381672859192,0.428145170211792,0.11764705882352941,False,1
C5_2,search,128,2,8,it0016,0.6453452110290527,0.4101579487323761,0.11764705882352941,False,1
C5_2,search,128,2,8,it0017,0.4387829899787903,0.3310823440551758,0.0,False,1
C5_2,search,128,2,8,it0018,0.36970263719558716,0.27254223823547363,0.058823529411764705,False,1
C5_2,search,128,2,8,it0019,0.5498901605606079,0.5020816922187805,0.08695652173913043,False,1
C5_2,search,128,2,8,it0020,0.3338589072227478,0.2606452703475952,0.0,False,1
C5_2,search,128,2,8,it0021,0.5339348316192627,0.4898301362991333,0.15151515151515152,False,1
C5_2,search,128,2,8,it0022,0.3618227243423462,0.4732760190963745,0.275,False,0
C5_2,search,128,2,8,it0023,0.5469014644622803,0.47156840562820435,0.16666666666666666,False,0
C5_2,search,128,2,8,it0024,0.5857081413269043,0.49765676259994507,0.14285714285714285,False,0
C5_2,search,128,2,8,it0025,0.5715863108634949,0.5536985993385315,0.2,False,1
C5_2,search,128,2,8,it0026,0.3024083375930786,0.30174577236175537,0.0625,False,1
C5_2,search,128,2,8,it0027,0.6595236659049988,0.565875768661499,0.1875,False,1
C5_2,search,128,2,8,it0028,0.5164949297904968,0.5588498115539551,0.09523809523809523,False,0
C5_2,search,128,2,8,it0029,0.3590892553329468,0.3040902614593506,0.0,False,0
C5_2,search,128,2,8,it0030,0.5473663806915283,0.5061864256858826,0.0,False,0
C5_2,search,128,2,8,it0031,0.42129939794540405,0.1866324245929718,0.05555555555555555,False,1
C5_2,search,128,2,8,it0032,0.6429526805877686,0.5207229852676392,0.14814814814814814,False,0
C5_2,search,128,2,8,it0033,0.36239495873451233,0.3017939627170563,0.15384615384615385,False,0
C5_2,search,128,2,8,it0034,0.4944116473197937,0.42588716745376587,0.1,False,1
C5_2,search,128,2,8,it0035,0.21696510910987854,0.17252114415168762,0.38461538461538464,False,1
C5_2,search,128,2,8,it0036,0.5216140747070312,0.4663143754005432,0.16666666666666666,False,1
C5_2,search,128,2,8,it0037,0.5815845727920532,0.5860763788223267,0.2,False,1
C5_2,search,128,2,8,it0038,0.4524427652359009,0.20725861191749573,0.0,False,0
C5_2,search,128,2,8,it0039,0.5246900320053101,0.48848187923431396,0.21951219512195122,False,0
C5_2,search,128,2,8,it0040,0.41914916038513184,0.35828372836112976,0.13333333333333333,False,0
C5_2,search,128,2,8,it0041,0.6236603260040283,0.5164151787757874,0.045454545454545456,False,1
C5_2,search,128,2,8,it0042,0.4440837502479553,0.4041665494441986,0.07407407407407407,False,1
C5_2,search,128,2,8,it0043,0.37198227643966675,0.2694789171218872,0.0,False,1
C5_2,search,128,2,8,it0044,0.4781683683395386,0.4744558036327362,0.16,False,1
C5_2,search,128,2,8,it0045,0.31012243032455444,0.41252171993255615,0.0,False,0
C5_2,search,128,2,8,it0046,0.37960225343704224,0.36156582832336426,0.0625,False,0
C5_2,search,128,2,8,it0047,0.3398834466934204,0.3222208321094513,0.55,False,0
C5_2,search,128,2,8,it0048,0.5464920401573181,0.4500197470188141,0.0,False,0
C5_2,search,128,2,8,it0049,0.4304768443107605,0.5025890469551086,0.045454545454545456,False,1
C5_2,search,128,2,8,it0050,0.2933114171028137,0.014748333021998405,0.18181818181818182,False,1
C5_2,search,128,2,8,it0051,0.22186635434627533,0.41749653220176697,0.3103448275862069,False,0
C5_2,search,128,2,8,it0052,0.29015690088272095,0.29945409297943115,0.0,False,0
C5_2,search,128,2,8,it0053,0.27378347516059875,0.41298753023147583,0.10810810810810811,False,0
C5_2,search,128,2,8,it0054,0.43691232800483704,0.22615469992160797,0.3333333333333333,False,0
C5_2,search,128,2,8,it0055,0.5487016439437866,0.5789852738380432,0.34615384615384615,False,1
C5_2,search,128,2,8,it0056,0.33400484919548035,0.2662493586540222,0.2,False,1
C5_2,search,128,2,8,it0057,0.4647001326084137,0.3546311855316162,0.14705882352941177,False,1
C5_2,search,128,2,8,it0058,0.4168330430984497,0.4258796274662018,0.5,False,1
C5_2,search,128,2,8,it0059,0.5807666182518005,0.6162545680999756,0.14285714285714285,False,0
C5_2,search,128,2,8,it0060,0.41938886046409607,0.38140755891799927,0.0,False,1
C5_2,search,128,2,8,it0061,0.5784578323364258,0.5889840126037598,0.0,False,1
C5_2,search,128,2,8,it0062,0.6319652795791626,0.6451937556266785,0.0,False,0
C5_2,search,128,2,8,it0063,0.30159926414489746,0.29033026099205017,0.10344827586206896,False,0
C5_2,search,128,2,8,it0064,0.34378620982170105,0.45134758949279785,0.16666666666666666,False,1
C5_2,search,128,2,8,it0065,0.6369764804840088,0.5283418297767639,0.28205128205128205,False,1
C5_2,search,128,2,8,it0066,0.3872368633747101,0.41927146911621094,0.3333333333333333,False,0
C5_2,search,128,2,8,it0067,0.2749428451061249,0.2915211617946625,0.3333333333333333,False,1
C5_2,search,128,2,8,it0068,0.6320957541465759,0.5647644996643066,0.0,False,0
C5_2,search,128,2,8,it0069,0.3236439824104309,0.3940640091896057,0.18181818181818182,False,1
C5_2,search,128,2,8,it0070,0.43739449977874756,0.501227080821991,0.0,False,0
C5_2,search,128,2,8,it0071,0.516730546951294,0.45529139041900635,0.21428571428571427,False,1
C5_2,search,128,2,8,it0072,0.525219202041626,0.49548888206481934,0.13636363636363635,False,1
C5_2,search,128,2,8,it0073,0.2703061103820801,0.28395989537239075,0.2413793103448276,False,1
C5_2,search,128,2,8,it0074,0.08774645626544952,0.21628642082214355,0.2,False,1
C5_2,search,128,2,8,it0075,0.23523083329200745,0.3852507174015045,0.17391304347826086,False,1
C5_2,search,128,2,8,it0076,0.4849807024002075,0.3035869300365448,0.17391304347826086,False,0
C5_2,search,128,2,8,it0077,0.47851577401161194,0.6627345681190491,0.16666666666666666,False,1
C5_2,search,128,2,8,it0078,0.3827110528945923,0.3820546269416809,0.3333333333333333,False,0
C5_2,search,128,2,8,it0079,0.645235538482666,0.6236089468002319,0.0,False,0
C5_2,search,128,2,8,it0080,0.261083722114563,0.15395133197307587,0.14634146341463414,False,1
C5_2,search,128,2,8,it0081,0.3735811114311218,0.28507137298583984,0.03571428571428571,False,1
C5_2,search,128,2,8,it0082,0.4332731068134308,0.4901796579360962,0.11764705882352941,False,1
C5_2,search,128,2,8,it0083,0.5432257652282715,0.419839084148407,0.058823529411764705,False,1
C5_2,search,128,2,8,it0084,0.592311441898346,0.40312430262565613,0.022222222222222223,False,0
C5_2,search,128,2,8,it0085,0.45280978083610535,0.34582409262657166,0.0,False,0
C5_2,search,128,2,8,it0086,0.45560598373413086,0.48881635069847107,0.35294117647058826,False,0
C5_2,search,128,2,8,it0087,0.6166902184486389,0.6465082764625549,0.1875,False,1
C5_2,search,128,2,8,it0088,0.33055493235588074,0.35048386454582214,0.09523809523809523,False,1
C5_2,search,128,2,8,it0089,0.4947599172592163,0.2570536136627197,0.0,False,1
C5_2,search,128,2,8,it0090,0.5118241310119629,0.4992775321006775,0.058823529411764705,False,1
C5_2,search,128,2,8,it0091,0.5185772180557251,0.49044960737228394,0.06451612903225806,False,0
C5_2,search,128,2,8,it0092,0.4876251518726349,0.38932859897613525,0.0,False,1
C5_2,search,128,2,8,it0093,0.4575894773006439,0.3129422962665558,0.15789473684210525,False,0
C5_2,search,128,2,8,it0094,0.3984037935733795,0.4193785786628723,0.15384615384615385,False,0
C5_2,search,128,2,8,it0095,0.5537217855453491,0.577701985836029,0.047619047619047616,False,0
C5_2,search,128,2,8,it0096,0.48646530508995056,0.40012460947036743,0.13636363636363635,False,1
C5_2,search,128,2,8,it0097,0.527970016002655,0.4840955138206482,0.0,False,0
C5_2,search,128,2,8,it0098,0.5580571293830872,0.44644415378570557,0.14814814814814814,False,1
C5_2,search,128,2,8,it0099,0.30930641293525696,0.29695525765419006,0.0,False,0
C5_2,search,128,2,8,it0100,0.5963951945304871,0.5114939212799072,0.0,False,1
C5_2,search,128,2,8,it0101,0.15283793210983276,0.2726646661758423,0.02631578947368421,False,1
C5_2,search,128,2,8,it0102,0.2523921728134155,0.31910645961761475,0.0,False,0
C5_2,search,128,2,8,it0103,0.4024042785167694,0.425710529088974,0.045454545454545456,False,1
C5_2,search,128,2,8,it0104,0.46840187907218933,0.506945013999939,0.0,False,1
C5_2,search,128,2,8,it0105,0.41000550985336304,0.48132309317588806,0.11428571428571428,False,0
C5_2,search,128,2,8,it0106,0.4915025234222412,0.47377458214759827,0.0,False,0
C5_2,search,128,2,8,it0107,0.5593854784965515,0.43905723094940186,0.13043478260869565,False,1
C5_2,search,128,2,8,it0108,0.42032065987586975,0.20160165429115295,0.0,False,1
C5_2,search,128,2,8,it0109,0.4736885726451874,0.3933718502521515,0.10526315789473684,False,0
C5_2,search,128,2,8,it0110,0.2158033698797226,0.28319424390792847,0.26666666666666666,False,1
C5_2,search,128,2,8,it0111,0.4254439175128937,0.2355194240808487,0.21212121212121213,False,0
C5_2,search,128,2,8,it0112,0.6925492286682129,0.5497694611549377,0.06818181818181818,False,0
C5_2,search,128,2,8,it0113,0.5774160623550415,0.5218194723129272,0.0,False,1
C5_2,search,128,2,8,it0114,0.4019598960876465,0.4210604727268219,0.3888888888888889,False,1
C5_2,search,128,2,8,it0115,0.4196355640888214,0.33258116245269775,0.0,False,1
C5_2,search,128,2,8,it0116,0.371642529964447,0.38279929757118225,0.29411764705882354,False,0
C5_2,search,128,2,8,it0117,0.4617217183113098,0.6163219809532166,0.0,False,0
C5_2,search,128,2,8,it0118,0.6406431198120117,0.602436900138855,0.25,False,1
C5_2,search,128,2,8,it0119,0.5466621518135071,0.48998650908470154,0.14285714285714285,False,1
C5_2,search,128,2,8,it0120,0.6111421585083008,0.511234700679779,0.0,False,0
C5_2,search,128,2,8,it0121,0.608582079410553,0.5421725511550903,0.15,False,1
C5_2,search,128,2,8,it0122,0.22062426805496216,0.277787983417511,0.2727272727272727,False,1
C5_2,search,128,2,8,it0123,0.4744950234889984,0.5192230343818665,0.17647058823529413,False,0
C5_2,search,128,2,8,it0124,0.5223217010498047,0.40976253151893616,0.21212121212121213,False,0
C5_2,search,128,2,8,it0125,0.49678996205329895,0.4569202661514282,0.1282051282051282,False,1
C5_2,search,128,2,8,it0126,0.4961048364639282,0.35052281618118286,0.0,False,1
C5_2,search,128,2,8,it0127,0.35027655959129333,0.2558048665523529,0.0,False,1
C5_2,search,128,2,8,it0128,0.46548992395401,0.48688673973083496,0.05,False,1
C5_2,search,128,2,8,it0129,0.3585551381111145,0.2603280544281006,0.0,False,1
C5_2,search,128,2,8,it0130,0.2797653079032898,0.2815980315208435,0.3,False,0
C5_2,search,128,2,8,it0131,0.31718218326568604,0.34119200706481934,0.06451612903225806,False,1
C5_2,search,128,2,8,it0132,0.39824679493904114,0.2951633930206299,0.0,False,1
C5_2,search,128,2,8,it0133,0.5292337536811829,0.5685194730758667,0.03571428571428571,False,1
C5_2,search,128,2,8,it0134,0.4258813261985779,0.3877946138381958,0.05263157894736842,False,0
C5_2,search,128,2,8,it0135,0.38686710596084595,0.4340766966342926,0.20512820512820512,False,1
C5_2,search,128,2,8,it0136,0.38189467787742615,0.44904059171676636,0.0,False,0
C5_2,search,128,2,8,it0137,0.5388321876525879,0.45079493522644043,0.25,False,1
C5_2,search,128,2,8,it0138,0.4750496447086334,0.2985905706882477,0.0,False,1
C5_2,search,128,2,8,it0139,0.5800553560256958,0.2746661305427551,0.0,False,1
C5_2,search,128,2,8,it0140,0.4333180785179138,0.27855759859085083,0.08333333333333333,False,0
C5_2,search,128,2,8,it0141,0.6025168299674988,0.6623774766921997,0.1,False,0
C5_2,search,128,2,8,it0142,0.28665804862976074,0.1859920173883438,0.08,False,1
C5_2,search,128,2,8,it0143,0.3332533836364746,0.4498172998428345,0.0,False,0
C5_2,search,128,2,8,it0144,0.6405152082443237,0.40962016582489014,0.0,False,0
C5_2,search,128,2,8,it0145,0.6099954843521118,0.6482664942741394,0.05,False,0
C5_2,search,128,2,8,it0146,0.4747166633605957,0.48216724395751953,0.1,False,0
C5_2,search,128,2,8,it0147,0.4407324194908142,0.261576771736145,0.13043478260869565,False,0
C5_2,search,128,2,8,it0148,0.1248200535774231,0.11352962255477905,0.17857142857142858,False,0
C5_2,search,128,2,8,it0149,0.5506444573402405,0.42998987436294556,0.14285714285714285,False,0
C5_2,search,128,2,8,it0150,0.3833545744419098,0.43393445014953613,0.19230769230769232,False,0
C5_2,search,128,2,8,it0151,0.5836814641952515,0.540461003780365,0.0,False,0
C5_2,search,128,2,8,it0152,0.46711429953575134,0.3072994649410248,0.0,False,1
C5_2,search,128,2,8,it0153,0.40733858942985535,0.4116378128528595,0.21428571428571427,False,1
C5_2,search,128,2,8,it0154,0.24993954598903656,0.18421585857868195,0.2631578947368421,False,1
C5_2,search,128,2,8,it0155,0.22826649248600006,0.22853390872478485,0.07142857142857142,False,1
C5_2,search,128,2,8,it0156,0.22494754195213318,0.18014225363731384,0.0,False,0
C5_2,search,128,2,8,it0157,0.5598174333572388,0.5185091495513916,0.0,False,1
C5_2,search,128,2,8,it0158,0.43003565073013306,0.4346076548099518,0.10526315789473684,False,1
C5_2,search,128,2,8,it0159,0.45126980543136597,0.4922984838485718,0.07142857142857142,False,0
C5_2,search,128,2,8,it0160,0.5102698802947998,0.4379018247127533,0.06451612903225806,False,1
C5_2,search,128,2,8,it0161,0.3614308834075928,0.3160495162010193,0.13793103448275862,False,0
C5_2,search,128,2,8,it0162,0.11765094101428986,0.310916543006897,0.48148148148148145,False,1
C5_2,search,128,2,8,it0163,0.4636819362640381,0.3399343490600586,0.11764705882352941,False,1
C5_2,search,128,2,8,it0164,0.4695280194282532,0.2684439718723297,0.0,False,0
C5_2,search,128,2,8,it0165,0.3026866018772125,0.28171247243881226,0.09090909090909091,False,1
C5_2,search,128,2,8,it0166,0.5185301303863525,0.31707191467285156,0.16666666666666666,False,0
C5_2,search,128,2,8,it0167,0.4312955439090729,0.4674409031867981,0.21052631578947367,False,1
C5_2,search,128,2,8,it0168,0.35498929023742676,0.40153074264526367,0.0,False,0
C5_2,search,128,2,8,it0169,0.44156256318092346,0.3962637484073639,0.05,False,0
C5_2,search,128,2,8,it0170,0.34400254487991333,0.38710930943489075,0.23529411764705882,False,0
C5_2,search,128,2,8,it0171,0.668566107749939,0.5896391868591309,0.09523809523809523,False,0
C5_2,search,128,2,8,it0172,0.18133673071861267,0.3202292025089264,0.0,False,1
C5_2,search,128,2,8,it0173,0.6828327178955078,0.6177595257759094,0.2,False,1
C5_2,search,128,2,8,it0174,0.4596349596977234,0.4007352590560913,0.0625,False,1
C5_2,search,128,2,8,it0175,0.3901670277118683,0.3122824728488922,0.13333333333333333,False,1
C5_2,search,128,2,8,it0176,0.33611735701560974,0.4232690632343292,0.2222222222222222,False,1
C5_2,search,128,2,8,it0177,0.490048885345459,0.4317180812358856,0.10526315789473684,False,1
C5_2,search,128,2,8,it0178,0.2872563302516937,0.21907174587249756,0.6470588235294118,False,0
C5_2,search,128,2,8,it0179,0.5973657369613647,0.6047265529632568,0.1935483870967742,False,1
C5_2,search,128,2,8,it0180,0.3902885317802429,0.3867623805999756,0.0,False,1
C5_2,search,128,2,8,it0181,0.5882627964019775,0.5302814245223999,0.0,False,0
C5_2,search,128,2,8,it0182,0.5307168364524841,0.38954490423202515,0.0,False,0
C5_2,search,128,2,8,it0183,0.6024590134620667,0.5187986493110657,0.04,False,1
C5_2,search,128,2,8,it0184,0.24773360788822174,0.22381462156772614,0.13333333333333333,False,1
C5_2,search,128,2,8,it0185,0.4978580176830292,0.5076406002044678,0.06451612903225806,False,1
C5_2,search,128,2,8,it0186,0.6112918853759766,0.44764506816864014,0.041666666666666664,False,0
C5_2,search,128,2,8,it0187,0.5410900712013245,0.42127910256385803,0.0625,False,1
C5_2,search,128,2,8,it0188,0.6364625692367554,0.495332807302475,0.16666666666666666,False,0
C5_2,search,128,2,8,it0189,0.3747256100177765,0.3737456500530243,0.0,False,1
C5_2,search,128,2,8,it0190,0.5861658453941345,0.5411063432693481,0.0,False,0
C5_2,search,128,2,8,it0191,0.4602054953575134,0.3639027774333954,0.08,False,0
C5_2,search,128,2,8,it0192,0.5642778277397156,0.562466025352478,0.07407407407407407,False,1
C5_2,search,128,2,8,it0193,0.43043723702430725,0.3340473771095276,0.1875,False,0
C5_2,search,128,2,8,it0194,0.5636981725692749,0.6352598071098328,0.0,False,1
C5_2,search,128,2,8,it0195,0.6091007590293884,0.5054951906204224,0.11538461538461539,False,1
C5_2,search,128,2,8,it0196,0.5225700736045837,0.4637734889984131,0.14285714285714285,False,1
C5_2,search,128,2,8,it0197,0.43050116300582886,0.3558705747127533,0.18181818181818182,False,0
C5_2,search,128,2,8,it0198,0.3221602439880371,0.25950145721435547,0.125,False,1
C5_2,search,128,2,8,it0199,0.3685920238494873,0.43423783779144287,0.0,False,1
C5_2,search,256,4,8,it0000,0.4759739935398102,0.43001148104667664,0.15217391304347827,False,1
C5_2,search,256,4,8,it0001,0.5640350580215454,0.50886070728302,0.2222222222222222,False,3
C5_2,search,256,4,8,it0002,0.26893889904022217,0.21771039068698883,0.2,False,3
C5_2,search,256,4,8,it0003,0.4500705599784851,0.39304420351982117,0.2,False,0
C5_2,search,256,4,8,it0004,0.48884114623069763,0.39401403069496155,0.125,False,2
C5_2,search,256,4,8,it0005,0.5111385583877563,0.49683067202568054,0.0,False,0
C5_2,search,256,4,8,it0006,0.3469909727573395,0.4651888310909271,0.05555555555555555,False,3
C5_2,search,256,4,8,it0007,0.3395669460296631,0.3829747438430786,0.11363636363636363,False,1
C5_2,search,256,4,8,it0008,0.3318202495574951,0.2458970695734024,0.19047619047619047,False,3
C5_2,search,256,4,8,it0009,0.5376735329627991,0.6004356741905212,0.14814814814814814,False,0
C5_2,search,256,4,8,it0010,0.4942303001880646,0.5390832424163818,0.05555555555555555,False,0
C5_2,search,256,4,8,it0011,0.4775151312351227,0.48974931240081787,0.043478260869565216,False,2
C5_2,search,256,4,8,it0012,0.5247886180877686,0.502167284488678,0.41379310344827586,False,3
C5_2,search,256,4,8,it0013,0.5784202218055725,0.5839657187461853,0.0,False,2
C5_2,search,256,4,8,it0014,0.4423367977142334,0.3881649076938629,0.0,False,2
C5_2,search,256,4,8,it0015,0.49947020411491394,0.47440218925476074,0.11764705882352941,False,3
C5_2,search,256,4,8,it0016,0.622203528881073,0.46368589997291565,0.029411764705882353,False,2
C5_2,search,256,4,8,it0017,0.49896273016929626,0.3532964885234833,0.06666666666666667,False,3
C5_2,search,256,4,8,it0018,0.36970263719558716,0.27254223823547363,0.058823529411764705,False,1
C5_2,search,256,4,8,it0019,0.5848368406295776,0.5032171607017517,0.2608695652173913,False,3
C5_2,search,256,4,8,it0020,0.4636991322040558,0.271001398563385,0.6153846153846154,False,3
C5_2,search,256,4,8,it0021,0.5339348316192627,0.4898301362991333,0.15151515151515152,False,1
C5_2,search,256,4,8,it0022,0.3618227243423462,0.4732760190963745,0.275,False,0
C5_2,search,256,4,8,it0023,0.6410332322120667,0.5725988149642944,0.3333333333333333,False,2
C5_2,search,256,4,8,it0024,0.6327783465385437,0.5508963465690613,0.2857142857142857,False,3
C5_2,search,256,4,8,it0025,0.5906217098236084,0.5558822154998779,0.1,False,3
C5_2,search,256,4,8,it0026,0.3024083375930786,0.30174577236175537,0.0625,False,1
C5_2,search,256,4,8,it0027,0.7156108617782593,0.6705071330070496,0.0,False,2
C5_2,search,256,4,8,it0028,0.5164949297904968,0.5588498115539551,0.09523809523809523,False,0
C5_2,search,256,4,8,it0029,0.36915063858032227,0.44541752338409424,0.0625,False,2
C5_2,search,256,4,8,it0030,0.6158285140991211,0.5246614813804626,0.16,False,2
C5_2,search,256,4,8,it0031,0.34034550189971924,0.35027384757995605,0.16666666666666666,False,3
C5_2,search,256,4,8,it0032,0.7100762724876404,0.6242820024490356,0.07407407407407407,False,2
C5_2,search,256,4,8,it0033,0.3558080792427063,0.31835100054740906,0.23076923076923078,False,2
C5_2,search,256,4,8,it0034,0.4944116473197937,0.42588716745376587,0.1,False,1
C5_2,search,256,4,8,it0035,0.2988293170928955,0.30518481135368347,0.23076923076923078,False,3
C5_2,search,256,4,8,it0036,0.5216140747070312,0.4663143754005432,0.16666666666666666,False,1
C5_2,search,256,4,8,it0037,0.5815845727920532,0.5860763788223267,0.2,False,1
C5_2,search,256,4,8,it0038,0.31924915313720703,0.23810610175132751,0.02702702702702703,False,2
C5_2,search,256,4,8,it0039,0.5246900320053101,0.48848187923431396,0.21951219512195122,False,0
C5_2,search,256,4,8,it0040,0.41914916038513184,0.35828372836112976,0.13333333333333333,False,0
C5_2,search,256,4,8,it0041,0.6236603260040283,0.5164151787757874,0.045454545454545456,False,1
C5_2,search,256,4,8,it0042,0.4440837502479553,0.4041665494441986,0.07407407407407407,False,1
C5_2,search,256,4,8,it0043,0.37198227643966675,0.2694789171218872,0.0,False,1
C5_2,search,256,4,8,it0044,0.496572345495224,0.652312159538269,0.56,False,3
C5_2,search,256,4,8,it0045,0.3122982084751129,0.5080169439315796,0.0,False,2
C5_2,search,256,4,8,it0046,0.37960225343704224,0.36156582832336426,0.0625,False,0
C5_2,search,256,4,8,it0047,0.34897705912590027,0.3896212875843048,0.75,False,2
C5_2,search,256,4,8,it0048,0.5919516086578369,0.5223002433776855,0.25,False,2
C5_2,search,256,4,8,it0049,0.3397812843322754,0.505355179309845,0.13636363636363635,False,3
C5_2,search,256,4,8,it0050,0.2695762813091278,0.07387126237154007,0.36363636363636365,False,3
C5_2,search,256,4,8,it0051,0.22785404324531555,0.4547988474369049,0.13793103448275862,False,3
C5_2,search,256,4,8,it0052,0.29015690088272095,0.29945409297943115,0.0,False,0
C5_2,search,256,4,8,it0053,0.27378347516059875,0.41298753023147583,0.10810810810810811,False,0
C5_2,search,256,4,8,it0054,0.43691232800483704,0.22615469992160797,0.3333333333333333,False,0
C5_2,search,256,4,8,it0055,0.5487016439437866,0.5789852738380432,0.34615384615384615,False,1
C5_2,search,256,4,8,it0056,0.33400484919548035,0.2662493586540222,0.2,False,1
C5_2,search,256,4,8,it0057,0.4647001326084137,0.3546311855316162,0.14705882352941177,False,1
C5_2,search,256,4,8,it0058,0.4168330430984497,0.4258796274662018,0.5,False,1
C5_2,search,256,4,8,it0059,0.5378129482269287,0.6205579042434692,0.17857142857142858,False,3
C5_2,search,256,4,8,it0060,0.5176659822463989,0.4747591018676758,0.11764705882352941,False,3
C5_2,search,256,4,8,it0061,0.4839395582675934,0.5928290486335754,0.0,False,3
C5_2,search,256,4,8,it0062,0.6319652795791626,0.6451937556266785,0.0,False,0
C5_2,search,256,4,8,it0063,0.30159926414489746,0.29033026099205017,0.10344827586206896,False,0
C5_2,search,256,4,8,it0064,0.34378620982170105,0.45134758949279785,0.16666666666666666,False,1
C5_2,search,256,4,8,it0065,0.6153735518455505,0.6165202856063843,0.1794871794871795,False,3
C5_2,search,256,4,8,it0066,0.3872368633747101,0.41927146911621094,0.3333333333333333,False,0
C5_2,search,256,4,8,it0067,0.353655070066452,0.30308040976524353,0.16666666666666666,False,2
C5_2,search,256,4,8,it0068,0.5985931754112244,0.590822160243988,0.0,False,3
C5_2,search,256,4,8,it0069,0.3236439824104309,0.3940640091896057,0.18181818181818182,False,1
C5_2,search,256,4,8,it0070,0.43739449977874756,0.501227080821991,0.0,False,0
C5_2,search,256,4,8,it0071,0.5834943056106567,0.585442066192627,0.25,False,3
C5_2,search,256,4,8,it0072,0.525219202041626,0.49548888206481934,0.13636363636363635,False,1
C5_2,search,256,4,8,it0073,0.2703061103820801,0.28395989537239075,0.2413793103448276,False,1
C5_2,search,256,4,8,it0074,0.2645074725151062,0.26456668972969055,0.26666666666666666,False,2
C5_2,search,256,4,8,it0075,0.23523083329200745,0.3852507174015045,0.17391304347826086,False,1
C5_2,search,256,4,8,it0076,0.4849807024002075,0.3035869300365448,0.17391304347826086,False,0
C5_2,search,256,4,8,it0077,0.47851577401161194,0.6627345681190491,0.16666666666666666,False,1
C5_2,search,256,4,8,it0078,0.3827110528945923,0.3820546269416809,0.3333333333333333,False,0
C5_2,search,256,4,8,it0079,0.6260432004928589,0.6370790004730225,0.0,False,2
C5_2,search,256,4,8,it0080,0.411873996257782,0.24718613922595978,0.12195121951219512,False,3
C5_2,search,256,4,8,it0081,0.5224336981773376,0.5176235437393188,0.10714285714285714,False,3
C5_2,search,256,4,8,it0082,0.5012199878692627,0.5069494247436523,0.11764705882352941,False,3
C5_2,search,256,4,8,it0083,0.5432257652282715,0.419839084148407,0.058823529411764705,False,1
C5_2,search,256,4,8,it0084,0.64426589012146,0.412026971578598,0.15555555555555556,False,3
C5_2,search,256,4,8,it0085,0.5268397927284241,0.4564363956451416,0.21428571428571427,False,3
C5_2,search,256,4,8,it0086,0.49438390135765076,0.5158550143241882,0.35294117647058826,False,2
C5_2,search,256,4,8,it0087,0.478754460811615,0.6747443675994873,0.375,False,3
C5_2,search,256,4,8,it0088,0.33055493235588074,0.35048386454582214,0.09523809523809523,False,1
C5_2,search,256,4,8,it0089,0.42944014072418213,0.2789593040943146,0.0,False,2
C5_2,search,256,4,8,it0090,0.6238287687301636,0.5083475708961487,0.0,False,3
C5_2,search,256,4,8,it0091,0.44664266705513,0.4972674250602722,0.0967741935483871,False,2
C5_2,search,256,4,8,it0092,0.544609546661377,0.5040907859802246,0.0,False,3
C5_2,search,256,4,8,it0093,0.4465869069099426,0.3754415214061737,0.0,False,2
C5_2,search,256,4,8,it0094,0.4691469371318817,0.4968205690383911,0.0,False,3
C5_2,search,256,4,8,it0095,0.5537217855453491,0.577701985836029,0.047619047619047616,False,0
C5_2,search,256,4,8,it0096,0.48646530508995056,0.40012460947036743,0.13636363636363635,False,1
C5_2,search,256,4,8,it0097,0.6100918650627136,0.5610437393188477,0.05,False,3
C5_2,search,256,4,8,it0098,0.5580571293830872,0.44644415378570557,0.14814814814814814,False,1
C5_2,search,256,4,8,it0099,0.30930641293525696,0.29695525765419006,0.0,False,0
C5_2,search,256,4,8,it0100,0.631949245929718,0.604989767074585,0.15384615384615385,False,2
C5_2,search,256,4,8,it0101,0.15283793210983276,0.2726646661758423,0.02631578947368421,False,1
C5_2,search,256,4,8,it0102,0.2523921728134155,0.31910645961761475,0.0,False,0
C5_2,search,256,4,8,it0103,0.4024042785167694,0.425710529088974,0.045454545454545456,False,1
C5_2,search,256,4,8,it0104,0.47183957695961,0.5327092409133911,0.0,False,2
C5_2,search,256,4,8,it0105,0.4262380003929138,0.4893666207790375,0.2,False,3
C5_2,search,256,4,8,it0106,0.4915025234222412,0.47377458214759827,0.0,False,0
C5_2,search,256,4,8,it0107,0.5593854784965515,0.43905723094940186,0.13043478260869565,False,1
C5_2,search,256,4,8,it0108,0.4561595320701599,0.3528746962547302,0.0,False,2
C5_2,search,256,4,8,it0109,0.4736885726451874,0.3933718502521515,0.10526315789473684,False,0
C5_2,search,256,4,8,it0110,0.1661459505558014,0.3764285445213318,0.23333333333333334,False,2
C5_2,search,256,4,8,it0111,0.4254439175128937,0.2355194240808487,0.21212121212121213,False,0
C5_2,search,256,4,8,it0112,0.6482228636741638,0.607427716255188,0.022727272727272728,False,2
C5_2,search,256,4,8,it0113,0.5774160623550415,0.5218194723129272,0.0,False,1
C5_2,search,256,4,8,it0114,0.4019598960876465,0.4210604727268219,0.3888888888888889,False,1
C5_2,search,256,4,8,it0115,0.4196355640888214,0.33258116245269775,0.0,False,1
C5_2,search,256,4,8,it0116,0.5360139012336731,0.40033867955207825,0.5294117647058824,False,3
C5_2,search,256,4,8,it0117,0.5424819588661194,0.6171956658363342,0.058823529411764705,False,2
C5_2,search,256,4,8,it0118,0.6406431198120117,0.602436900138855,0.25,False,1
C5_2,search,256,4,8,it0119,0.49514955282211304,0.5480817556381226,0.2857142857142857,False,3
C5_2,search,256,4,8,it0120,0.6017492413520813,0.5206165909767151,0.0,False,3
C5_2,search,256,4,8,it0121,0.608582079410553,0.5421725511550903,0.15,False,1
C5_2,search,256,4,8,it0122,0.22062426805496216,0.277787983417511,0.2727272727272727,False,1
C5_2,search,256,4,8,it0123,0.4744950234889984,0.5192230343818665,0.17647058823529413,False,0
C5_2,search,256,4,8,it0124,0.5104466676712036,0.42177653312683105,0.24242424242424243,False,2
C5_2,search,256,4,8,it0125,0.49678996205329895,0.4569202661514282,0.1282051282051282,False,1
C5_2,search,256,4,8,it0126,0.44366493821144104,0.38668617606163025,0.0625,False,2
C5_2,search,256,4,8,it0127,0.3672757148742676,0.41722267866134644,0.17647058823529413,False,2
C5_2,search,256,4,8,it0128,0.46548992395401,0.48688673973083496,0.05,False,1
C5_2,search,256,4,8,it0129,0.4010814130306244,0.3265796899795532,0.0,False,2
C5_2,search,256,4,8,it0130,0.24329903721809387,0.3097876310348511,0.2,False,3
C5_2,search,256,4,8,it0131,0.3165546953678131,0.37636658549308777,0.25806451612903225,False,3
C5_2,search,256,4,8,it0132,0.39824679493904114,0.2951633930206299,0.0,False,1
C5_2,search,256,4,8,it0133,0.6153479218482971,0.5837875008583069,0.0,False,3
C5_2,search,256,4,8,it0134,0.4647881090641022,0.4019947052001953,0.18421052631578946,False,3
C5_2,search,256,4,8,it0135,0.430277019739151,0.44165849685668945,0.23076923076923078,False,3
C5_2,search,256,4,8,it0136,0.5664066672325134,0.5114555358886719,0.0,False,3
C5_2,search,256,4,8,it0137,0.5388321876525879,0.45079493522644043,0.25,False,1
C5_2,search,256,4,8,it0138,0.40864986181259155,0.5085750818252563,0.5,False,2
C5_2,search,256,4,8,it0139,0.5800553560256958,0.2746661305427551,0.0,False,1
C5_2,search,256,4,8,it0140,0.4333180785179138,0.27855759859085083,0.08333333333333333,False,0
C5_2,search,256,4,8,it0141,0.6686723828315735,0.7105892300605774,0.06666666666666667,False,2
C5_2,search,256,4,8,it0142,0.25908488035202026,0.24714696407318115,0.24,False,2
C5_2,search,256,4,8,it0143,0.3972485661506653,0.5295717716217041,0.0,False,2
C5_2,search,256,4,8,it0144,0.6405152082443237,0.40962016582489014,0.0,False,0
C5_2,search,256,4,8,it0145,0.6099954843521118,0.6482664942741394,0.05,False,0
C5_2,search,256,4,8,it0146,0.4747166633605957,0.48216724395751953,0.1,False,0
C5_2,search,256,4,8,it0147,0.36045733094215393,0.3043498396873474,0.0,False,2
C5_2,search,256,4,8,it0148,0.1248200535774231,0.11352962255477905,0.17857142857142858,False,0
C5_2,search,256,4,8,it0149,0.5506444573402405,0.42998987436294556,0.14285714285714285,False,0
C5_2,search,256,4,8,it0150,0.49252358078956604,0.4586690664291382,0.19230769230769232,False,3
C5_2,search,256,4,8,it0151,0.5836814641952515,0.540461003780365,0.0,False,0
C5_2,search,256,4,8,it0152,0.6268401145935059,0.4780793786048889,0.0,False,2
C5_2,search,256,4,8,it0153,0.3480684757232666,0.4297441244125366,0.16666666666666666,False,3
C5_2,search,256,4,8,it0154,0.24993954598903656,0.18421585857868195,0.2631578947368421,False,1
C5_2,search,256,4,8,it0155,0.22826649248600006,0.22853390872478485,0.07142857142857142,False,1
C5_2,search,256,4,8,it0156,0.3083769679069519,0.29203560948371887,0.0,False,3
C5_2,search,256,4,8,it0157,0.5598174333572388,0.5185091495513916,0.0,False,1
C5_2,search,256,4,8,it0158,0.43003565073013306,0.4346076548099518,0.10526315789473684,False,1
C5_2,search,256,4,8,it0159,0.45126980543136597,0.4922984838485718,0.07142857142857142,False,0
C5_2,search,256,4,8,it0160,0.6236273646354675,0.5110588669776917,0.03225806451612903,False,2
C5_2,search,256,4,8,it0161,0.3614308834075928,0.3160495162010193,0.13793103448275862,False,0
C5_2,search,256,4,8,it0162,0.11765094101428986,0.310916543006897,0.48148148148148145,False,1
C5_2,search,256,4,8,it0163,0.4636819362640381,0.3399343490600586,0.11764705882352941,False,1
C5_2,search,256,4,8,it0164,0.4569127857685089,0.35826462507247925,0.0,False,2
C5_2,search,256,4,8,it0165,0.41286420822143555,0.3478028178215027,0.18181818181818182,False,3
C5_2,search,256,4,8,it0166,0.5185301303863525,0.31707191467285156,0.16666666666666666,False,0
C5_2,search,256,4,8,it0167,0.44635009765625,0.47682029008865356,0.10526315789473684,False,2
C5_2,search,256,4,8,it0168,0.35498929023742676,0.40153074264526367,0.0,False,0
C5_2,search,256,4,8,it0169,0.44156256318092346,0.3962637484073639,0.05,False,0
C5_2,search,256,4,8,it0170,0.4092603027820587,0.40523719787597656,0.17647058823529413,False,2
C5_2,search,256,4,8,it0171,0.668566107749939,0.5896391868591309,0.09523809523809523,False,0
C5_2,search,256,4,8,it0172,0.354352205991745,0.34111642837524414,0.0,False,2
C5_2,search,256,4,8,it0173,0.6828327178955078,0.6177595257759094,0.2,False,1
C5_2,search,256,4,8,it0174,0.3711680769920349,0.40332281589508057,0.125,False,2
C5_2,search,256,4,8,it0175,0.3901670277118683,0.3122824728488922,0.13333333333333333,False,1
C5_2,search,256,4,8,it0176,0.33611735701560974,0.4232690632343292,0.2222222222222222,False,1
C5_2,search,256,4,8,it0177,0.490048885345459,0.4317180812358856,0.10526315789473684,False,1
C5_2,search,256,4,8,it0178,0.32707953453063965,0.25597620010375977,0.11764705882352941,False,3
C5_2,search,256,4,8,it0179,0.5973657369613647,0.6047265529632568,0.1935483870967742,False,1
C5_2,search,256,4,8,it0180,0.43237924575805664,0.47568729519844055,0.0,False,2
C5_2,search,256,4,8,it0181,0.5882627964019775,0.5302814245223999,0.0,False,0
C5_2,search,256,4,8,it0182,0.6141312122344971,0.4122379720211029,0.04,False,3
C5_2,search,256,4,8,it0183,0.6024590134620667,0.5187986493110657,0.04,False,1
C5_2,search,256,4,8,it0184,0.3309204876422882,0.2673936188220978,0.2,False,2
C5_2,search,256,4,8,it0185,0.4978580176830292,0.5076406002044678,0.06451612903225806,False,1
C5_2,search,256,4,8,it0186,0.6219782829284668,0.5135924816131592,0.0,False,2
C5_2,search,256,4,8,it0187,0.48197677731513977,0.4978182315826416,0.1875,False,2
C5_2,search,256,4,8,it0188,0.5582050681114197,0.5442436933517456,0.05555555555555555,False,2
C5_2,search,256,4,8,it0189,0.3747256100177765,0.3737456500530243,0.0,False,1
C5_2,search,256,4,8,it0190,0.5465288162231445,0.6218392252922058,0.0,False,2
C5_2,search,256,4,8,it0191,0.4602054953575134,0.3639027774333954,0.08,False,0
C5_2,search,256,4,8,it0192,0.5411496162414551,0.5935251712799072,0.07407407407407407,False,2
C5_2,search,256,4,8,it0193,0.43043723702430725,0.3340473771095276,0.1875,False,0
C5_2,search,256,4,8,it0194,0.5636981725692749,0.6352598071098328,0.0,False,1
C5_2,search,256,4,8,it0195,0.6038721203804016,0.5466457009315491,0.07692307692307693,False,3
C5_2,search,256,4,8,it0196,0.5225700736045837,0.4637734889984131,0.14285714285714285,False,1
C5_2,search,256,4,8,it0197,0.43050116300582886,0.3558705747127533,0.18181818181818182,False,0
C5_2,search,256,4,8,it0198,0.3221602439880371,0.25950145721435547,0.125,False,1
C5_2,search,256,4,8,it0199,0.3685920238494873,0.43423783779144287,0.0,False,1
C5_2,search,512,8,8,it0000,0.4759739935398102,0.43001148104667664,0.15217391304347827,False,1
C5_2,search,512,8,8,it0001,0.5640350580215454,0.50886070728302,0.2222222222222222,False,3
C5_2,search,512,8,8,it0002,0.3341364860534668,0.2666384279727936,0.3333333333333333,False,5
C5_2,search,512,8,8,it0003,0.4500705599784851,0.39304420351982117,0.2,False,0
C5_2,search,512,8,8,it0004,0.5581669211387634,0.4367074966430664,0.125,False,4
C5_2,search,512,8,8,it0005,0.5111385583877563,0.49683067202568054,0.0,False,0
C5_2,search,512,8,8,it0006,0.3469909727573395,0.4651888310909271,0.05555555555555555,False,3
C5_2,search,512,8,8,it0007,0.39640042185783386,0.418610543012619,0.11363636363636363,False,7
C5_2,search,512,8,8,it0008,0.30786624550819397,0.33380839228630066,0.3333333333333333,False,4
C5_2,search,512,8,8,it0009,0.5376735329627991,0.6004356741905212,0.14814814814814814,False,0
C5_2,search,512,8,8,it0010,0.593598484992981,0.5782046914100647,0.16666666666666666,False,5
C5_2,search,512,8,8,it0011,0.6155832409858704,0.5483014583587646,0.0,False,5
C5_2,search,512,8,8,it0012,0.5247886180877686,0.502167284488678,0.41379310344827586,False,3
C5_2,search,512,8,8,it0013,0.5883187055587769,0.6834472417831421,0.0,False,5
C5_2,search,512,8,8,it0014,0.39497894048690796,0.46621599793434143,0.13333333333333333,False,6
C5_2,search,512,8,8,it0015,0.49947020411491394,0.47440218925476074,0.11764705882352941,False,3
C5_2,search,512,8,8,it0016,0.622203528881073,0.46368589997291565,0.029411764705882353,False,2
C5_2,search,512,8,8,it0017,0.45728856325149536,0.4547244906425476,0.06666666666666667,False,4
C5_2,search,512,8,8,it0018,0.435258150100708,0.29081183671951294,0.11764705882352941,False,4
C5_2,search,512,8,8,it0019,0.5634880065917969,0.5409613251686096,0.2391304347826087,False,4
C5_2,search,512,8,8,it0020,0.3820965588092804,0.3316895067691803,0.23076923076923078,False,7
C5_2,search,512,8,8,it0021,0.5587709546089172,0.5375058650970459,0.21212121212121213,False,5
C5_2,search,512,8,8,it0022,0.466447651386261,0.4809953570365906,0.3,False,7
C5_2,search,512,8,8,it0023,0.6410332322120667,0.5725988149642944,0.3333333333333333,False,2
C5_2,search,512,8,8,it0024,0.6327783465385437,0.5508963465690613,0.2857142857142857,False,3
C5_2,search,512,8,8,it0025,0.5834590196609497,0.5841590166091919,0.35,False,6
C5_2,search,512,8,8,it0026,0.3024083375930786,0.30174577236175537,0.0625,False,1
C5_2,search,512,8,8,it0027,0.7156108617782593,0.6705071330070496,0.0,False,2
C5_2,search,512,8,8,it0028,0.4929001033306122,0.5780043005943298,0.14285714285714285,False,7
C5_2,search,512,8,8,it0029,0.36915063858032227,0.44541752338409424,0.0625,False,2
C5_2,search,512,8,8,it0030,0.6158285140991211,0.5246614813804626,0.16,False,2
C5_2,search,512,8,8,it0031,0.34034550189971924,0.35027384757995605,0.16666666666666666,False,3
C5_2,search,512,8,8,it0032,0.7100762724876404,0.6242820024490356,0.07407407407407407,False,2
C5_2,search,512,8,8,it0033,0.3558080792427063,0.31835100054740906,0.23076923076923078,False,2
C5_2,search,512,8,8,it0034,0.541285514831543,0.4740525484085083,0.1,False,6
C5_2,search,512,8,8,it0035,0.2988293170928955,0.30518481135368347,0.23076923076923078,False,3
C5_2,search,512,8,8,it0036,0.6405416131019592,0.537397563457489,0.0,False,6
C5_2,search,512,8,8,it0037,0.5815845727920532,0.5860763788223267,0.2,False,1
C5_2,search,512,8,8,it0038,0.38343173265457153,0.27149835228919983,0.08108108108108109,False,5
C5_2,search,512,8,8,it0039,0.5466052293777466,0.5418151617050171,0.07317073170731707,False,6
C5_2,search,512,8,8,it0040,0.41914916038513184,0.35828372836112976,0.13333333333333333,False,0
C5_2,search,512,8,8,it0041,0.6236603260040283,0.5164151787757874,0.045454545454545456,False,1
C5_2,search,512,8,8,it0042,0.4958919882774353,0.45950955152511597,0.25925925925925924,False,5
C5_2,search,512,8,8,it0043,0.3724656105041504,0.34832537174224854,0.038461538461538464,False,6
C5_2,search,512,8,8,it0044,0.496572345495224,0.652312159538269,0.56,False,3
C5_2,search,512,8,8,it0045,0.3122982084751129,0.5080169439315796,0.0,False,2
C5_2,search,512,8,8,it0046,0.33079203963279724,0.4018336236476898,0.0625,False,4
C5_2,search,512,8,8,it0047,0.34667614102363586,0.4229583740234375,0.65,False,6
C5_2,search,512,8,8,it0048,0.5919516086578369,0.5223002433776855,0.25,False,2
C5_2,search,512,8,8,it0049,0.4717774987220764,0.5921439528465271,0.4090909090909091,False,7
C5_2,search,512,8,8,it0050,0.2695762813091278,0.07387126237154007,0.36363636363636365,False,3
C5_2,search,512,8,8,it0051,0.22785404324531555,0.4547988474369049,0.13793103448275862,False,3
C5_2,search,512,8,8,it0052,0.21689210832118988,0.41476887464523315,0.0,False,4
C5_2,search,512,8,8,it0053,0.27378347516059875,0.41298753023147583,0.10810810810810811,False,0
C5_2,search,512,8,8,it0054,0.43691232800483704,0.22615469992160797,0.3333333333333333,False,0
C5_2,search,512,8,8,it0055,0.5487016439437866,0.5789852738380432,0.34615384615384615,False,1
C5_2,search,512,8,8,it0056,0.3643881678581238,0.2677421569824219,0.25,False,4
C5_2,search,512,8,8,it0057,0.5289434194564819,0.4151601493358612,0.08823529411764706,False,4
C5_2,search,512,8,8,it0058,0.3747974634170532,0.48437753319740295,0.25,False,6
C5_2,search,512,8,8,it0059,0.5378129482269287,0.6205579042434692,0.17857142857142858,False,3
C5_2,search,512,8,8,it0060,0.5176659822463989,0.4747591018676758,0.11764705882352941,False,3
C5_2,search,512,8,8,it0061,0.5379863977432251,0.6207531094551086,0.0,False,6
C5_2,search,512,8,8,it0062,0.6319652795791626,0.6451937556266785,0.0,False,0
C5_2,search,512,8,8,it0063,0.42012396454811096,0.3253369629383087,0.10344827586206896,False,5
C5_2,search,512,8,8,it0064,0.288789302110672,0.47231268882751465,0.2222222222222222,False,6
C5_2,search,512,8,8,it0065,0.6153735518455505,0.6165202856063843,0.1794871794871795,False,3
C5_2,search,512,8,8,it0066,0.3872368633747101,0.41927146911621094,0.3333333333333333,False,0
C5_2,search,512,8,8,it0067,0.32620352506637573,0.39466241002082825,0.2777777777777778,False,6
C5_2,search,512,8,8,it0068,0.5985931754112244,0.590822160243988,0.0,False,3
C5_2,search,512,8,8,it0069,0.4376218020915985,0.41086164116859436,0.045454545454545456,False,7
C5_2,search,512,8,8,it0070,0.5556178092956543,0.5671324133872986,0.13333333333333333,False,4
C5_2,search,512,8,8,it0071,0.5834943056106567,0.585442066192627,0.25,False,3
C5_2,search,512,8,8,it0072,0.525219202041626,0.49548888206481934,0.13636363636363635,False,1
C5_2,search,512,8,8,it0073,0.2703061103820801,0.28395989537239075,0.2413793103448276,False,1
C5_2,search,512,8,8,it0074,0.23113742470741272,0.30219054222106934,0.13333333333333333,False,7
C5_2,search,512,8,8,it0075,0.23523083329200745,0.3852507174015045,0.17391304347826086,False,1
C5_2,search,512,8,8,it0076,0.4849807024002075,0.3035869300365448,0.17391304347826086,False,0
C5_2,search,512,8,8,it0077,0.47851577401161194,0.6627345681190491,0.16666666666666666,False,1
C5_2,search,512,8,8,it0078,0.40014564990997314,0.42257505655288696,0.09523809523809523,False,6
C5_2,search,512,8,8,it0079,0.6260432004928589,0.6370790004730225,0.0,False,2
C5_2,search,512,8,8,it0080,0.4746108651161194,0.3157854676246643,0.17073170731707318,False,5
C5_2,search,512,8,8,it0081,0.5224336981773376,0.5176235437393188,0.10714285714285714,False,3
C5_2,search,512,8,8,it0082,0.43231678009033203,0.5366735458374023,0.17647058823529413,False,4
C5_2,search,512,8,8,it0083,0.5432257652282715,0.419839084148407,0.058823529411764705,False,1
C5_2,search,512,8,8,it0084,0.4880538582801819,0.42193567752838135,0.0,False,5
C5_2,search,512,8,8,it0085,0.5268397927284241,0.4564363956451416,0.21428571428571427,False,3
C5_2,search,512,8,8,it0086,0.6153805255889893,0.5784577131271362,0.0,False,5
C5_2,search,512,8,8,it0087,0.4707431495189667,0.7392325401306152,0.1875,False,5
C5_2,search,512,8,8,it0088,0.38844922184944153,0.38575711846351624,0.09523809523809523,False,4
C5_2,search,512,8,8,it0089,0.40457606315612793,0.3233144283294678,0.08333333333333333,False,6
C5_2,search,512,8,8,it0090,0.5869307518005371,0.5923375487327576,0.0,False,6
C5_2,search,512,8,8,it0091,0.5033743977546692,0.5352982878684998,0.06451612903225806,False,7
C5_2,search,512,8,8,it0092,0.544609546661377,0.5040907859802246,0.0,False,3
C5_2,search,512,8,8,it0093,0.4590349793434143,0.404160737991333,0.10526315789473684,False,6
C5_2,search,512,8,8,it0094,0.4691469371318817,0.4968205690383911,0.0,False,3
C5_2,search,512,8,8,it0095,0.5537217855453491,0.577701985836029,0.047619047619047616,False,0
C5_2,search,512,8,8,it0096,0.5082682967185974,0.42458367347717285,0.2727272727272727,False,7
C5_2,search,512,8,8,it0097,0.5933420658111572,0.5913248062133789,0.0,False,6
C5_2,search,512,8,8,it0098,0.5580571293830872,0.44644415378570557,0.14814814814814814,False,1
C5_2,search,512,8,8,it0099,0.30930641293525696,0.29695525765419006,0.0,False,0
C5_2,search,512,8,8,it0100,0.631949245929718,0.604989767074585,0.15384615384615385,False,2
C5_2,search,512,8,8,it0101,0.3453648090362549,0.35983550548553467,0.0,False,7
C5_2,search,512,8,8,it0102,0.3260243237018585,0.4360651671886444,0.0,False,5
C5_2,search,512,8,8,it0103,0.4010418951511383,0.5119976997375488,0.13636363636363635,False,7
C5_2,search,512,8,8,it0104,0.47183957695961,0.5327092409133911,0.0,False,2
C5_2,search,512,8,8,it0105,0.47384533286094666,0.5394297242164612,0.22857142857142856,False,5
C5_2,search,512,8,8,it0106,0.4915025234222412,0.47377458214759827,0.0,False,0
C5_2,search,512,8,8,it0107,0.6153087615966797,0.4783626198768616,0.043478260869565216,False,5
C5_2,search,512,8,8,it0108,0.5009074807167053,0.503018856048584,0.0,False,6
C5_2,search,512,8,8,it0109,0.479780912399292,0.4101346433162689,0.0,False,6
C5_2,search,512,8,8,it0110,0.1661459505558014,0.3764285445213318,0.23333333333333334,False,2
C5_2,search,512,8,8,it0111,0.4254439175128937,0.2355194240808487,0.21212121212121213,False,0
C5_2,search,512,8,8,it0112,0.6482228636741638,0.607427716255188,0.022727272727272728,False,2
C5_2,search,512,8,8,it0113,0.5641627311706543,0.5447689890861511,0.045454545454545456,False,6
C5_2,search,512,8,8,it0114,0.4019598960876465,0.4210604727268219,0.3888888888888889,False,1
C5_2,search,512,8,8,it0115,0.4196355640888214,0.33258116245269775,0.0,False,1
C5_2,search,512,8,8,it0116,0.5234024524688721,0.41077449917793274,0.4117647058823529,False,7
C5_2,search,512,8,8,it0117,0.5424819588661194,0.6171956658363342,0.058823529411764705,False,2
C5_2,search,512,8,8,it0118,0.6406431198120117,0.602436900138855,0.25,False,1
C5_2,search,512,8,8,it0119,0.49514955282211304,0.5480817556381226,0.2857142857142857,False,3
C5_2,search,512,8,8,it0120,0.5792893171310425,0.5358670949935913,0.0,False,4
C5_2,search,512,8,8,it0121,0.608582079410553,0.5421725511550903,0.15,False,1
C5_2,search,512,8,8,it0122,0.22062426805496216,0.277787983417511,0.2727272727272727,False,1
C5_2,search,512,8,8,it0123,0.4744950234889984,0.5192230343818665,0.17647058823529413,False,0
C5_2,search,512,8,8,it0124,0.5794211030006409,0.4706612825393677,0.030303030303030304,False,5
C5_2,search,512,8,8,it0125,0.6087273955345154,0.5226515531539917,0.02564102564102564,False,6
C5_2,search,512,8,8,it0126,0.44066786766052246,0.4294514060020447,0.0,False,7
C5_2,search,512,8,8,it0127,0.3672757148742676,0.41722267866134644,0.17647058823529413,False,2
C5_2,search,512,8,8,it0128,0.46548992395401,0.48688673973083496,0.05,False,1
C5_2,search,512,8,8,it0129,0.4010814130306244,0.3265796899795532,0.0,False,2
C5_2,search,512,8,8,it0130,0.4401963949203491,0.44630271196365356,0.1,False,7
C5_2,search,512,8,8,it0131,0.3061138093471527,0.38139399886131287,0.22580645161290322,False,5
C5_2,search,512,8,8,it0132,0.39824679493904114,0.2951633930206299,0.0,False,1
C5_2,search,512,8,8,it0133,0.5452389717102051,0.5903868675231934,0.0,False,4
C5_2,search,512,8,8,it0134,0.4647881090641022,0.4019947052001953,0.18421052631578946,False,3
C5_2,search,512,8,8,it0135,0.430277019739151,0.44165849685668945,0.23076923076923078,False,3
C5_2,search,512,8,8,it0136,0.5664066672325134,0.5114555358886719,0.0,False,3
C5_2,search,512,8,8,it0137,0.5388321876525879,0.45079493522644043,0.25,False,1
C5_2,search,512,8,8,it0138,0.582327127456665,0.5749928951263428,0.3333333333333333,False,4
C5_2,search,512,8,8,it0139,0.5164376497268677,0.35169801115989685,0.05555555555555555,False,6
C5_2,search,512,8,8,it0140,0.38608357310295105,0.3723337650299072,0.08333333333333333,False,7
C5_2,search,512,8,8,it0141,0.6686723828315735,0.7105892300605774,0.06666666666666667,False,2
C5_2,search,512,8,8,it0142,0.2922792434692383,0.3181256055831909,0.2,False,4
C5_2,search,512,8,8,it0143,0.38380298018455505,0.5472623109817505,0.0,False,7
C5_2,search,512,8,8,it0144,0.5660607814788818,0.41530585289001465,0.03571428571428571,False,7
C5_2,search,512,8,8,it0145,0.656635046005249,0.6503886580467224,0.125,False,4
C5_2,search,512,8,8,it0146,0.4747166633605957,0.48216724395751953,0.1,False,0
C5_2,search,512,8,8,it0147,0.3583817780017853,0.3381066918373108,0.0,False,5
C5_2,search,512,8,8,it0148,0.1960674524307251,0.21369943022727966,0.17857142857142858,False,5
C5_2,search,512,8,8,it0149,0.5044131278991699,0.505501389503479,0.35714285714285715,False,6
C5_2,search,512,8,8,it0150,0.3957020342350006,0.47617393732070923,0.11538461538461539,False,4
C5_2,search,512,8,8,it0151,0.5836814641952515,0.540461003780365,0.0,False,0
C5_2,search,512,8,8,it0152,0.6268401145935059,0.4780793786048889,0.0,False,2
C5_2,search,512,8,8,it0153,0.3326219916343689,0.4511692523956299,0.2857142857142857,False,4
C5_2,search,512,8,8,it0154,0.24993954598903656,0.18421585857868195,0.2631578947368421,False,1
C5_2,search,512,8,8,it0155,0.30020198225975037,0.2512419819831848,0.07142857142857142,False,6
C5_2,search,512,8,8,it0156,0.3083769679069519,0.29203560948371887,0.0,False,3
C5_2,search,512,8,8,it0157,0.5598174333572388,0.5185091495513916,0.0,False,1
C5_2,search,512,8,8,it0158,0.3205876648426056,0.43498674035072327,0.15789473684210525,False,6
C5_2,search,512,8,8,it0159,0.45126980543136597,0.4922984838485718,0.07142857142857142,False,0
C5_2,search,512,8,8,it0160,0.6236273646354675,0.5110588669776917,0.03225806451612903,False,2
C5_2,search,512,8,8,it0161,0.41930681467056274,0.41390061378479004,0.20689655172413793,False,7
C5_2,search,512,8,8,it0162,0.13257862627506256,0.3574698865413666,0.2222222222222222,False,7
C5_2,search,512,8,8,it0163,0.3970057964324951,0.44298312067985535,0.0,False,4
C5_2,search,512,8,8,it0164,0.4569127857685089,0.35826462507247925,0.0,False,2
C5_2,search,512,8,8,it0165,0.3082270622253418,0.38883182406425476,0.0,False,5
C5_2,search,512,8,8,it0166,0.4723743796348572,0.417479544878006,0.08333333333333333,False,4
C5_2,search,512,8,8,it0167,0.5822033882141113,0.5504364371299744,0.0,False,5
C5_2,search,512,8,8,it0168,0.35498929023742676,0.40153074264526367,0.0,False,0
C5_2,search,512,8,8,it0169,0.44156256318092346,0.3962637484073639,0.05,False,0
C5_2,search,512,8,8,it0170,0.4092603027820587,0.40523719787597656,0.17647058823529413,False,2
C5_2,search,512,8,8,it0171,0.7338233590126038,0.6239399313926697,0.09523809523809523,False,7
C5_2,search,512,8,8,it0172,0.354352205991745,0.34111642837524414,0.0,False,2
C5_2,search,512,8,8,it0173,0.6828327178955078,0.6177595257759094,0.2,False,1
C5_2,search,512,8,8,it0174,0.5636881589889526,0.47101742029190063,0.0,False,6
C5_2,search,512,8,8,it0175,0.3901670277118683,0.3122824728488922,0.13333333333333333,False,1
C5_2,search,512,8,8,it0176,0.42732518911361694,0.4242176413536072,0.16666666666666666,False,5
C5_2,search,512,8,8,it0177,0.4970077872276306,0.4829622507095337,0.05263157894736842,False,4
C5_2,search,512,8,8,it0178,0.34268757700920105,0.33498772978782654,0.5882352941176471,False,4
C5_2,search,512,8,8,it0179,0.5841686129570007,0.6233137845993042,0.0967741935483871,False,7
C5_2,search,512,8,8,it0180,0.47092100977897644,0.49522143602371216,0.07142857142857142,False,5
C5_2,search,512,8,8,it0181,0.5816987156867981,0.567573606967926,0.0,False,5
C5_2,search,512,8,8,it0182,0.6141312122344971,0.4122379720211029,0.04,False,3
C5_2,search,512,8,8,it0183,0.6028792262077332,0.5871099233627319,0.04,False,5
C5_2,search,512,8,8,it0184,0.3309204876422882,0.2673936188220978,0.2,False,2
C5_2,search,512,8,8,it0185,0.5707422494888306,0.6060472726821899,0.16129032258064516,False,6
C5_2,search,512,8,8,it0186,0.6219782829284668,0.5135924816131592,0.0,False,2
C5_2,search,512,8,8,it0187,0.48197677731513977,0.4978182315826416,0.1875,False,2
C5_2,search,512,8,8,it0188,0.5582050681114197,0.5442436933517456,0.05555555555555555,False,2
C5_2,search,512,8,8,it0189,0.44644010066986084,0.41310009360313416,0.0,False,5
C5_2,search,512,8,8,it0190,0.5465288162231445,0.6218392252922058,0.0,False,2
C5_2,search,512,8,8,it0191,0.4602054953575134,0.3639027774333954,0.08,False,0
C5_2,search,512,8,8,it0192,0.5446387529373169,0.624056339263916,0.25925925925925924,False,5
C5_2,search,512,8,8,it0193,0.4897328019142151,0.3841109871864319,0.3125,False,7
C5_2,search,512,8,8,it0194,0.5636981725692749,0.6352598071098328,0.0,False,1
C5_2,search,512,8,8,it0195,0.6022917628288269,0.5514675378799438,0.11538461538461539,False,6
C5_2,search,512,8,8,it0196,0.41928234696388245,0.5014960169792175,0.14285714285714285,False,6
C5_2,search,512,8,8,it0197,0.3903302550315857,0.3689970076084137,0.36363636363636365,False,7
C5_2,search,512,8,8,it0198,0.3221602439880371,0.25950145721435547,0.125,False,1
C5_2,search,512,8,8,it0199,0.5345213413238525,0.5149007439613342,0.0,False,4
C5_2,refine,128,1,16,it0000,0.2903435230255127,0.20601612329483032,0.043478260869565216,False,0
C5_2,refine,128,1,16,it0001,0.4979518949985504,0.46065762639045715,0.16666666666666666,False,0
C5_2,refine,128,1,16,it0002,0.27381181716918945,0.22685883939266205,0.13333333333333333,False,0
C5_2,refine,128,1,16,it0003,0.37333711981773376,0.2967069447040558,0.06666666666666667,False,0
C5_2,refine,128,1,16,it0004,0.5357099175453186,0.28573721647262573,0.125,False,0
C5_2,refine,128,1,16,it0005,0.5364543199539185,0.4711364805698395,0.0,False,0
C5_2,refine,128,1,16,it0006,0.2872471213340759,0.30074331164360046,0.1111111111111111,False,0
C5_2,refine,128,1,16,it0007,0.3329985439777374,0.31078019738197327,0.20454545454545456,False,0
C5_2,refine,128,1,16,it0008,0.4426528215408325,0.25523215532302856,0.14285714285714285,False,0
C5_2,refine,128,1,16,it0009,0.535687267780304,0.597599983215332,0.0,False,0
C5_2,refine,128,1,16,it0010,0.636189877986908,0.5084534883499146,0.05555555555555555,False,0
C5_2,refine,128,1,16,it0011,0.5246516466140747,0.5000773668289185,0.0,False,0
C5_2,refine,128,1,16,it0012,0.3724493384361267,0.30632227659225464,0.2413793103448276,False,0
C5_2,refine,128,1,16,it0013,0.640748143196106,0.6047758460044861,0.0,False,0
C5_2,refine,128,1,16,it0014,0.44960182905197144,0.3235360383987427,0.0,False,0
C5_2,refine,128,1,16,it0015,0.5429739952087402,0.44305217266082764,0.0,False,0
C5_2,refine,128,1,16,it0016,0.6348541378974915,0.5150494575500488,0.058823529411764705,False,0
C5_2,refine,128,1,16,it0017,0.4250301718711853,0.33079585433006287,0.0,False,0
C5_2,refine,128,1,16,it0018,0.32744038105010986,0.17026817798614502,0.08823529411764706,False,0
C5_2,refine,128,1,16,it0019,0.5958201289176941,0.5466414093971252,0.10869565217391304,False,0
C5_2,refine,128,1,16,it0020,0.3232748508453369,0.23981192708015442,0.23076923076923078,False,0
C5_2,refine,128,1,16,it0021,0.5001667737960815,0.41256797313690186,0.030303030303030304,False,0
C5_2,refine,128,1,16,it0022,0.2884267568588257,0.36136212944984436,0.4,False,0
C5_2,refine,128,1,16,it0023,0.586190402507782,0.6044206619262695,0.16666666666666666,False,0
C5_2,refine,128,1,16,it0024,0.6949937343597412,0.5370030999183655,0.14285714285714285,False,0
C5_2,refine,128,1,16,it0025,0.6154582500457764,0.5749778151512146,0.05,False,0
C5_2,refine,128,1,16,it0026,0.33182355761528015,0.2217971235513687,0.0,False,0
C5_2,refine,128,1,16,it0027,0.6377793550491333,0.47471651434898376,0.0,False,0
C5_2,refine,128,1,16,it0028,0.46841996908187866,0.5126856565475464,0.07142857142857142,False,0
C5_2,refine,128,1,16,it0029,0.27007436752319336,0.3072267770767212,0.0,False,0
C5_2,refine,128,1,16,it0030,0.3991405665874481,0.37825441360473633,0.08,False,0
C5_2,refine,128,1,16,it0031,0.3403719961643219,0.2508663833141327,0.2777777777777778,False,0
C5_2,refine,128,1,16,it0032,0.6628127694129944,0.5794267058372498,0.1111111111111111,False,0
C5_2,refine,128,1,16,it0033,0.312656968832016,0.24768131971359253,0.15384615384615385,False,0
C5_2,refine,128,1,16,it0034,0.39385026693344116,0.2570034861564636,0.06666666666666667,False,0
C5_2,refine,128,1,16,it0035,0.3328142762184143,0.22286728024482727,0.38461538461538464,False,0
C5_2,refine,128,1,16,it0036,0.5761953592300415,0.4726756811141968,0.16666666666666666,False,0
C5_2,refine,128,1,16,it0037,0.6286383867263794,0.45918798446655273,0.0,False,0
C5_2,refine,128,1,16,it0038,0.30724358558654785,0.2279856652021408,0.0,False,0
C5_2,refine,128,1,16,it0039,0.4338687062263489,0.48626333475112915,0.0975609756097561,False,0
C5_2,refine,128,1,16,it0040,0.40068507194519043,0.2625300884246826,0.0,False,0
C5_2,refine,128,1,16,it0041,0.6296877264976501,0.3186194896697998,0.09090909090909091,False,0
C5_2,refine,128,1,16,it0042,0.4194330871105194,0.3796986937522888,0.18518518518518517,False,0
C5_2,refine,128,1,16,it0043,0.302692174911499,0.2756626605987549,0.0,False,0
C5_2,refine,128,1,16,it0044,0.5543459057807922,0.5144402980804443,0.08,False,0
C5_2,refine,128,1,16,it0045,0.3612516224384308,0.38969844579696655,0.0,False,0
C5_2,refine,128,1,16,it0046,0.2901305854320526,0.19838938117027283,0.25,False,0
C5_2,refine,128,1,16,it0047,0.34479498863220215,0.25721704959869385,0.4,False,0
C5_2,refine,128,1,16,it0048,0.4893271028995514,0.3273092806339264,0.3125,False,0
C5_2,refine,128,1,16,it0049,0.4103463590145111,0.5526755452156067,0.36363636363636365,False,0
C5_2,refine,128,1,16,it0050,0.23312339186668396,-0.014828396029770374,0.13636363636363635,False,0
C5_2,refine,128,1,16,it0051,0.1751427948474884,0.42679449915885925,0.13793103448275862,False,0
C5_2,refine,128,1,16,it0052,0.2878582179546356,0.3297794759273529,0.0,False,0
C5_2,refine,128,1,16,it0053,0.28428706526756287,0.38283899426460266,0.1891891891891892,False,0
C5_2,refine,128,1,16,it0054,0.2614883780479431,0.1685214638710022,0.25,False,0
C5_2,refine,128,1,16,it0055,0.5404340624809265,0.5143828392028809,0.34615384615384615,False,0
C5_2,refine,128,1,16,it0056,0.33300912380218506,0.14837422966957092,0.1,False,0
C5_2,refine,128,1,16,it0057,0.5082054734230042,0.290139377117157,0.17647058823529413,False,0
C5_2,refine,128,1,16,it0058,0.4058130979537964,0.36603567004203796,0.0,False,0
C5_2,refine,128,1,16,it0059,0.6099200248718262,0.652116060256958,0.07142857142857142,False,0
C5_2,refine,128,1,16,it0060,0.4377795457839966,0.374600887298584,0.17647058823529413,False,0
C5_2,refine,128,1,16,it0061,0.4804941713809967,0.5528193712234497,0.0,False,0
C5_2,refine,128,1,16,it0062,0.6502707600593567,0.6328045725822449,0.0,False,0
C5_2,refine,128,1,16,it0063,0.27901288866996765,0.264504998922348,0.06896551724137931,False,0
C5_2,refine,128,1,16,it0064,0.3334636092185974,0.2745692729949951,0.1111111111111111,False,0
C5_2,refine,128,1,16,it0065,0.5871818661689758,0.5510450601577759,0.15384615384615385,False,0
C5_2,refine,128,1,16,it0066,0.2798266112804413,0.264029860496521,0.14285714285714285,False,0
C5_2,refine,128,1,16,it0067,0.19227109849452972,0.2335003912448883,0.1111111111111111,False,0
C5_2,refine,128,1,16,it0068,0.6902447938919067,0.5801905393600464,0.02564102564102564,False,0
C5_2,refine,128,1,16,it0069,0.39798611402511597,0.37545788288116455,0.045454545454545456,False,0
C5_2,refine,128,1,16,it0070,0.4451482594013214,0.4387894868850708,0.06666666666666667,False,0
C5_2,refine,128,1,16,it0071,0.5763182640075684,0.5702564716339111,0.25,False,0
C5_2,refine,128,1,16,it0072,0.5423564314842224,0.5173507928848267,0.13636363636363635,False,0
C5_2,refine,128,1,16,it0073,0.22885212302207947,0.17476511001586914,0.3448275862068966,False,0
C5_2,refine,128,1,16,it0074,0.29194706678390503,0.20860697329044342,0.13333333333333333,False,0
C5_2,refine,128,1,16,it0075,0.4656478762626648,0.5022900700569153,0.0,False,0
C5_2,refine,128,1,16,it0076,0.5180314183235168,0.28056585788726807,0.08695652173913043,False,0
C5_2,refine,128,1,16,it0077,0.47364139556884766,0.2714451551437378,0.3333333333333333,False,0
C5_2,refine,128,1,16,it0078,0.44710463285446167,0.44240373373031616,0.2857142857142857,False,0
C5_2,refine,128,1,16,it0079,0.6194906830787659,0.6206849813461304,0.0,False,0
C5_2,refine,128,1,16,it0080,0.42306792736053467,0.2689681351184845,0.1951219512195122,False,0
C5_2,refine,128,1,16,it0081,0.3098803460597992,0.21819916367530823,0.0,False,0
C5_2,refine,128,1,16,it0082,0.44066017866134644,0.4828875660896301,0.0,False,0
C5_2,refine,128,1,16,it0083,0.5383932590484619,0.3643675446510315,0.0,False,0
C5_2,refine,128,1,16,it0084,0.5649077892303467,0.3474155068397522,0.022222222222222223,False,0
C5_2,refine,128,1,16,it0085,0.46228301525115967,0.43501949310302734,0.0,False,0
C5_2,refine,128,1,16,it0086,0.6548790335655212,0.6047477722167969,0.0,False,0
C5_2,refine,128,1,16,it0087,0.5057381391525269,0.5834048986434937,0.1875,False,0
C5_2,refine,128,1,16,it0088,0.39779186248779297,0.3874052166938782,0.047619047619047616,False,0
C5_2,refine,128,1,16,it0089,0.3772900700569153,0.17325493693351746,0.0,False,0
C5_2,refine,128,1,16,it0090,0.5493412017822266,0.4466607868671417,0.0,False,0
C5_2,refine,128,1,16,it0091,0.5062354803085327,0.5440200567245483,0.0,False,0
C5_2,refine,128,1,16,it0092,0.5567886233329773,0.48171117901802063,0.05714285714285714,False,0
C5_2,refine,128,1,16,it0093,0.49052608013153076,0.2367955446243286,0.0,False,0
C5_2,refine,128,1,16,it0094,0.43175625801086426,0.3786248564720154,0.0,False,0
C5_2,refine,128,1,16,it0095,0.3725583255290985,0.3611608147621155,0.19047619047619047,False,0
C5_2,refine,128,1,16,it0096,0.4771243929862976,0.3426194489002228,0.09090909090909091,False,0
C5_2,refine,128,1,16,it0097,0.607665479183197,0.5668779015541077,0.05,False,0
C5_2,refine,128,1,16,it0098,0.5624415278434753,0.4113123416900635,0.07407407407407407,False,0
C5_2,refine,128,1,16,it0099,0.36563441157341003,0.21747002005577087,0.08695652173913043,False,0
C5_2,refine,128,1,16,it0100,0.6097664833068848,0.6247789859771729,0.0,False,0
C5_2,refine,128,1,16,it0101,0.09177768230438232,0.13542447984218597,0.05263157894736842,False,0
C5_2,refine,128,1,16,it0102,0.2739778757095337,0.3782111704349518,0.0,False,0
C5_2,refine,128,1,16,it0103,0.32220813632011414,0.3478987216949463,0.2727272727272727,False,0
C5_2,refine,128,1,16,it0104,0.5985298156738281,0.4922666847705841,0.0,False,0
C5_2,refine,128,1,16,it0105,0.2798559069633484,0.3343345522880554,0.11428571428571428,False,0
C5_2,refine,128,1,16,it0106,0.2922951281070709,0.28891992568969727,0.0,False,0
C5_2,refine,128,1,16,it0107,0.5855029225349426,0.3984972834587097,0.0,False,0
C5_2,refine,128,1,16,it0108,0.45563116669654846,0.3647330701351166,0.0,False,0
C5_2,refine,128,1,16,it0109,0.43352216482162476,0.3765183091163635,0.05263157894736842,False,0
C5_2,refine,128,1,16,it0110,0.12975680828094482,0.11135298758745193,0.23333333333333334,False,0
C5_2,refine,128,1,16,it0111,0.23662252724170685,0.20179131627082825,0.15151515151515152,False,0
C5_2,refine,128,1,16,it0112,0.6690940856933594,0.5323671102523804,0.045454545454545456,False,0
C5_2,refine,128,1,16,it0113,0.5729587078094482,0.48364704847335815,0.022727272727272728,False,0
C5_2,refine,128,1,16,it0114,0.34617751836776733,0.2860007584095001,0.2777777777777778,False,0
C5_2,refine,128,1,16,it0115,0.2838551998138428,0.23628367483615875,0.0,False,0
C5_2,refine,128,1,16,it0116,0.5941146612167358,0.5114350318908691,0.23529411764705882,False,0
C5_2,refine,128,1,16,it0117,0.43856948614120483,0.48937833309173584,0.029411764705882353,False,0
C5_2,refine,128,1,16,it0118,0.6434950232505798,0.5212869048118591,0.09615384615384616,False,0
C5_2,refine,128,1,16,it0119,0.5791276097297668,0.5242843627929688,0.14285714285714285,False,0
C5_2,refine,128,1,16,it0120,0.6798360347747803,0.5829632878303528,0.0,False,0
C5_2,refine,128,1,16,it0121,0.4797810912132263,0.2981773912906647,0.15,False,0
C5_2,refine,128,1,16,it0122,0.16602733731269836,0.20283243060112,0.3181818181818182,False,0
C5_2,refine,128,1,16,it0123,0.4419777989387512,0.4366823136806488,0.11764705882352941,False,0
C5_2,refine,128,1,16,it0124,0.5145211219787598,0.415414422750473,0.030303030303030304,False,0
C5_2,refine,128,1,16,it0125,0.5271756052970886,0.42410653829574585,0.1282051282051282,False,0
C5_2,refine,128,1,16,it0126,0.5107638239860535,0.4287026524543762,0.0,False,0
C5_2,refine,128,1,16,it0127,0.3773548901081085,0.12928374111652374,0.0,False,0
C5_2,refine,128,1,16,it0128,0.4589281678199768,0.34542855620384216,0.1,False,0
C5_2,refine,128,1,16,it0129,0.2606806755065918,0.19410167634487152,0.0,False,0
C5_2,refine,128,1,16,it0130,0.32917875051498413,0.3163888156414032,0.2,False,0
C5_2,refine,128,1,16,it0131,0.3027099370956421,0.33954358100891113,0.06451612903225806,False,0
C5_2,refine,128,1,16,it0132,0.39186859130859375,0.31679007411003113,0.0,False,0
C5_2,refine,128,1,16,it0133,0.5527351498603821,0.5409195423126221,0.0,False,0
C5_2,refine,128,1,16,it0134,0.4063272774219513,0.3613271415233612,0.02631578947368421,False,0
C5_2,refine,128,1,16,it0135,0.3216232657432556,0.22969895601272583,0.07692307692307693,False,0
C5_2,refine,128,1,16,it0136,0.2924532890319824,0.23030175268650055,0.0,False,0
C5_2,refine,128,1,16,it0137,0.47141727805137634,0.30862411856651306,0.3333333333333333,False,0
C5_2,refine,128,1,16,it0138,0.6004211902618408,0.3811992406845093,0.2222222222222222,False,0
C5_2,refine,128,1,16,it0139,0.5144472718238831,0.17939653992652893,0.05555555555555555,False,0
C5_2,refine,128,1,16,it0140,0.4713059663772583,0.39515942335128784,0.041666666666666664,False,0
C5_2,refine,128,1,16,it0141,0.6638120412826538,0.7089719772338867,0.06666666666666667,False,0
C5_2,refine,128,1,16,it0142,0.2970138192176819,0.2512134909629822,0.08,False,0
C5_2,refine,128,1,16,it0143,0.388576865196228,0.5548550486564636,0.0,False,0
C5_2,refine,128,1,16,it0144,0.5603973269462585,0.42349618673324585,0.0,False,0
C5_2,refine,128,1,16,it0145,0.5897787809371948,0.6147075891494751,0.025,False,0
C5_2,refine,128,1,16,it0146,0.47021588683128357,0.35936856269836426,0.0,False,0
C5_2,refine,128,1,16,it0147,0.4384048283100128,0.3441019654273987,0.0,False,0
C5_2,refine,128,1,16,it0148,0.13358160853385925,0.06412102282047272,0.03571428571428571,False,0
C5_2,refine,128,1,16,it0149,0.48053598403930664,0.4927331209182739,0.14285714285714285,False,0
C5_2,refine,128,1,16,it0150,0.435685932636261,0.43313145637512207,0.23076923076923078,False,0
C5_2,refine,128,1,16,it0151,0.587873101234436,0.613136887550354,0.0,False,0
C5_2,refine,128,1,16,it0152,0.5161389112472534,0.34933653473854065,0.0,False,0
C5_2,refine,128,1,16,it0153,0.31462058424949646,0.43478116393089294,0.047619047619047616,False,0
C5_2,refine,128,1,16,it0154,0.250785231590271,0.10389849543571472,0.3157894736842105,False,0
C5_2,refine,128,1,16,it0155,0.18944233655929565,0.37397345900535583,0.0,False,0
C5_2,refine,128,1,16,it0156,0.2782498896121979,0.1395854502916336,0.09523809523809523,False,0
C5_2,refine,128,1,16,it0157,0.5811375379562378,0.4712755084037781,0.046511627906976744,False,0
C5_2,refine,128,1,16,it0158,0.2806091904640198,0.25130316615104675,0.05263157894736842,False,0
C5_2,refine,128,1,16,it0159,0.3642699718475342,0.20969510078430176,0.0,False,0
C5_2,refine,128,1,16,it0160,0.5219318270683289,0.48109081387519836,0.0,False,0
C5_2,refine,128,1,16,it0161,0.3184930682182312,0.38611382246017456,0.1724137931034483,False,0
C5_2,refine,128,1,16,it0162,0.1430961936712265,0.27472031116485596,0.37037037037037035,False,0
C5_2,refine,128,1,16,it0163,0.4497399926185608,0.40503624081611633,0.0,False,0
C5_2,refine,128,1,16,it0164,0.45170527696609497,0.3453769087791443,0.0,False,0
C5_2,refine,128,1,16,it0165,0.3601851463317871,0.2828328013420105,0.06060606060606061,False,0
C5_2,refine,128,1,16,it0166,0.5303893685340881,0.3891752064228058,0.16666666666666666,False,0
C5_2,refine,128,1,16,it0167,0.4300500750541687,0.4932706356048584,0.15789473684210525,False,0
C5_2,refine,128,1,16,it0168,0.41208457946777344,0.36054131388664246,0.2,False,0
C5_2,refine,128,1,16,it0169,0.3515339195728302,0.3439006805419922,0.05,False,0
C5_2,refine,128,1,16,it0170,0.3797127902507782,0.3296583294868469,0.23529411764705882,False,0
C5_2,refine,128,1,16,it0171,0.6330730319023132,0.6190508604049683,0.09523809523809523,False,0
C5_2,refine,128,1,16,it0172,0.26487770676612854,0.3215668499469757,0.0,False,0
C5_2,refine,128,1,16,it0173,0.5520098209381104,0.5016075372695923,0.0,False,0
C5_2,refine,128,1,16,it0174,0.4230239689350128,0.37809374928474426,0.0,False,0
C5_2,refine,128,1,16,it0175,0.22443115711212158,0.012669149786233902,0.0,False,0
C5_2,refine,128,1,16,it0176,0.3149147033691406,0.17565980553627014,0.0,False,0
C5_2,refine,128,1,16,it0177,0.4157249927520752,0.4439316987991333,0.0,False,0
C5_2,refine,128,1,16,it0178,0.3008434772491455,0.22938717901706696,0.7647058823529411,False,0
C5_2,refine,128,1,16,it0179,0.6092225909233093,0.6038377285003662,0.0967741935483871,False,0
C5_2,refine,128,1,16,it0180,0.5101401805877686,0.4595467448234558,0.0,False,0
C5_2,refine,128,1,16,it0181,0.48285290598869324,0.5125157237052917,0.0,False,0
C5_2,refine,128,1,16,it0182,0.5385268330574036,0.28625622391700745,0.12,False,0
C5_2,refine,128,1,16,it0183,0.547738790512085,0.47896650433540344,0.04,False,0
C5_2,refine,128,1,16,it0184,0.31368690729141235,0.23678188025951385,0.4,False,0
C5_2,refine,128,1,16,it0185,0.5861959457397461,0.5300549268722534,0.0,False,0
C5_2,refine,128,1,16,it0186,0.6008812785148621,0.4658779203891754,0.0,False,0
C5_2,refine,128,1,16,it0187,0.4604871869087219,0.48287877440452576,0.125,False,0
C5_2,refine,128,1,16,it0188,0.4586527347564697,0.3857652246952057,0.1111111111111111,False,0
C5_2,refine,128,1,16,it0189,0.34007054567337036,0.29448702931404114,0.15,False,0
C5_2,refine,128,1,16,it0190,0.6060875058174133,0.6038590669631958,0.125,False,0
C5_2,refine,128,1,16,it0191,0.3682425022125244,0.309840589761734,0.0,False,0
C5_2,refine,128,1,16,it0192,0.6274703145027161,0.6081863641738892,0.07407407407407407,False,0
C5_2,refine,128,1,16,it0193,0.4339696168899536,0.2941802442073822,0.5625,False,0
C5_2,refine,128,1,16,it0194,0.48293718695640564,0.5295135378837585,0.0,False,0
C5_2,refine,128,1,16,it0195,0.5723295211791992,0.5431585311889648,0.19230769230769232,False,0
C5_2,refine,128,1,16,it0196,0.4978105425834656,0.44800302386283875,0.07142857142857142,False,0
C5_2,refine,128,1,16,it0197,0.3301081359386444,0.33853691816329956,0.0,False,0
C5_2,refine,128,1,16,it0198,0.26644545793533325,0.15047389268875122,0.125,False,0
C5_2,refine,128,1,16,it0199,0.43232065439224243,0.4391687512397766,0.058823529411764705,False,0
C5_2,refine,256,1,32,it0000,0.2719554901123047,0.24444939196109772,0.021739130434782608,False,0
C5_2,refine,256,1,32,it0001,0.39337828755378723,0.08318427205085754,0.2222222222222222,False,0
C5_2,refine,256,1,32,it0002,0.25792449712753296,0.11498884111642838,0.0,False,0
C5_2,refine,256,1,32,it0003,0.46208229660987854,0.22840601205825806,0.06666666666666667,False,0
C5_2,refine,256,1,32,it0004,0.5335696935653687,0.5357183218002319,0.125,False,0
C5_2,refine,256,1,32,it0005,0.5547930002212524,0.41077911853790283,0.0,False,0
C5_2,refine,256,1,32,it0006,0.3438361883163452,0.28551506996154785,0.1111111111111111,False,0
C5_2,refine,256,1,32,it0007,0.24837103486061096,0.21140480041503906,0.13636363636363635,False,0
C5_2,refine,256,1,32,it0008,0.22637547552585602,0.12631238996982574,0.19047619047619047,False,0
C5_2,refine,256,1,32,it0009,0.5814850926399231,0.49365025758743286,0.0,False,0
C5_2,refine,256,1,32,it0010,0.5718778371810913,0.5576645731925964,0.05555555555555555,False,0
C5_2,refine,256,1,32,it0011,0.4435756206512451,0.42375773191452026,0.0,False,0
C5_2,refine,256,1,32,it0012,0.41094714403152466,0.39885279536247253,0.2413793103448276,False,0
C5_2,refine,256,1,32,it0013,0.5502856969833374,0.5479469299316406,0.0,False,0
C5_2,refine,256,1,32,it0014,0.3500438928604126,0.33378279209136963,0.0,False,0
C5_2,refine,256,1,32,it0015,0.3904512822628021,0.49410876631736755,0.0,False,0
C5_2,refine,256,1,32,it0016,0.6353198885917664,0.5684269070625305,0.0,False,0
C5_2,refine,256,1,32,it0017,0.49943655729293823,0.4134504199028015,0.0,False,0
C5_2,refine,256,1,32,it0018,0.38504987955093384,0.17620348930358887,0.0,False,0
C5_2,refine,256,1,32,it0019,0.565830409526825,0.4991501569747925,0.06521739130434782,False,0
C5_2,refine,256,1,32,it0020,0.3556436002254486,0.16864755749702454,0.23076923076923078,False,0
C5_2,refine,256,1,32,it0021,0.5372449159622192,0.4653315544128418,0.030303030303030304,False,0
C5_2,refine,256,1,32,it0022,0.36715957522392273,0.3958851099014282,0.3,False,0
C5_2,refine,256,1,32,it0023,0.6124706268310547,0.4577341079711914,0.1111111111111111,False,0
C5_2,refine,256,1,32,it0024,0.5407166481018066,0.5006898641586304,0.14285714285714285,False,0
C5_2,refine,256,1,32,it0025,0.6036992073059082,0.5317965149879456,0.0,False,0
C5_2,refine,256,1,32,it0026,0.40943217277526855,0.31719493865966797,0.0,False,0
C5_2,refine,256,1,32,it0027,0.7253710031509399,0.6365310549736023,0.0,False,0
C5_2,refine,256,1,32,it0028,0.4704556465148926,0.5652802586555481,0.07142857142857142,False,0
C5_2,refine,256,1,32,it0029,0.3215532600879669,0.4657343924045563,0.0,False,0
C5_2,refine,256,1,32,it0030,0.4777309000492096,0.4288817346096039,0.12,False,0
C5_2,refine,256,1,32,it0031,0.17342504858970642,0.3012811839580536,0.1111111111111111,False,0
C5_2,refine,256,1,32,it0032,0.689714252948761,0.622390866279602,0.037037037037037035,False,0
C5_2,refine,256,1,32,it0033,0.24361029267311096,0.22456134855747223,0.0,False,0
C5_2,refine,256,1,32,it0034,0.461109459400177,0.2674686014652252,0.0,False,0
C5_2,refine,256,1,32,it0035,0.11868386715650558,0.18625012040138245,0.0,False,0
C5_2,refine,256,1,32,it0036,0.5599051117897034,0.460171639919281,0.0,False,0
C5_2,refine,256,1,32,it0037,0.5726144313812256,0.4439657926559448,0.0,False,0
C5_2,refine,256,1,32,it0038,0.3546180725097656,0.22231066226959229,0.13513513513513514,False,0
C5_2,refine,256,1,32,it0039,0.551200807094574,0.5600153207778931,0.1951219512195122,False,0
C5_2,refine,256,1,32,it0040,0.3245793879032135,0.28670600056648254,0.06666666666666667,False,0
C5_2,refine,256,1,32,it0041,0.6753631234169006,0.44454193115234375,0.09090909090909091,False,0
C5_2,refine,256,1,32,it0042,0.45437759160995483,0.41991540789604187,0.14814814814814814,False,0
C5_2,refine,256,1,32,it0043,0.2735118567943573,0.21798045933246613,0.038461538461538464,False,0
C5_2,refine,256,1,32,it0044,0.5483080148696899,0.4684608578681946,0.16,False,0
C5_2,refine,256,1,32,it0045,0.30446571111679077,0.34752339124679565,0.1,False,0
C5_2,refine,256,1,32,it0046,0.22523872554302216,0.25083494186401367,0.0,False,0
C5_2,refine,256,1,32,it0047,0.2116887867450714,0.36179906129837036,0.5,False,0
C5_2,refine,256,1,32,it0048,0.43967965245246887,0.43209269642829895,0.3125,False,0
C5_2,refine,256,1,32,it0049,0.3769192695617676,0.5249035358428955,0.13636363636363635,False,0
C5_2,refine,256,1,32,it0050,0.05934814736247063,-0.10261867940425873,0.3181818181818182,False,0
C5_2,refine,256,1,32,it0051,0.1734461486339569,0.3762211203575134,0.10344827586206896,False,0
C5_2,refine,256,1,32,it0052,0.27087828516960144,0.1887168139219284,0.0,False,0
C5_2,refine,256,1,32,it0053,0.21531201899051666,0.292146772146225,0.05405405405405406,False,0
C5_2,refine,256,1,32,it0054,0.2753494381904602,0.0746450424194336,0.16666666666666666,False,0
C5_2,refine,256,1,32,it0055,0.564383864402771,0.4839363396167755,0.19230769230769232,False,0
C5_2,refine,256,1,32,it0056,0.41387632489204407,0.3659055233001709,0.15,False,0
C5_2,refine,256,1,32,it0057,0.48736652731895447,0.35719379782676697,0.20588235294117646,False,0
C5_2,refine,256,1,32,it0058,0.22059930860996246,0.24823513627052307,0.0,False,0
C5_2,refine,256,1,32,it0059,0.5123724937438965,0.5739847421646118,0.07142857142857142,False,0
C5_2,refine,256,1,32,it0060,0.43939876556396484,0.331589937210083,0.0,False,0
C5_2,refine,256,1,32,it0061,0.5140407681465149,0.5673649907112122,0.0,False,0
C5_2,refine,256,1,32,it0062,0.5352469682693481,0.44900768995285034,0.0,False,0
C5_2,refine,256,1,32,it0063,0.4137296676635742,0.3797224164009094,0.13793103448275862,False,0
C5_2,refine,256,1,32,it0064,0.23853260278701782,0.3102189004421234,0.1111111111111111,False,0
C5_2,refine,256,1,32,it0065,0.5939884781837463,0.5312297344207764,0.07692307692307693,False,0
C5_2,refine,256,1,32,it0066,0.3025600016117096,0.3107229769229889,0.19047619047619047,False,0
C5_2,refine,256,1,32,it0067,0.2647104263305664,0.2291746884584427,0.2222222222222222,False,0
C5_2,refine,256,1,32,it0068,0.7021058797836304,0.6594305634498596,0.0,False,0
C5_2,refine,256,1,32,it0069,0.33258262276649475,0.40778061747550964,0.045454545454545456,False,0
C5_2,refine,256,1,32,it0070,0.5648304224014282,0.44831669330596924,0.06666666666666667,False,0
C5_2,refine,256,1,32,it0071,0.5974405407905579,0.5744248628616333,0.21428571428571427,False,0
C5_2,refine,256,1,32,it0072,0.457685649394989,0.4632401466369629,0.045454545454545456,False,0
C5_2,refine,256,1,32,it0073,0.19059151411056519,0.30059105157852173,0.20689655172413793,False,0
C5_2,refine,256,1,32,it0074,0.29566076397895813,0.3178759217262268,0.3333333333333333,False,0
C5_2,refine,256,1,32,it0075,0.2785932421684265,0.31719762086868286,0.0,False,0
C5_2,refine,256,1,32,it0076,0.5250258445739746,0.2236938178539276,0.21739130434782608,False,0
C5_2,refine,256,1,32,it0077,0.48000991344451904,0.4300832152366638,0.25,False,0
C5_2,refine,256,1,32,it0078,0.4358052611351013,0.31936508417129517,0.14285714285714285,False,0
C5_2,refine,256,1,32,it0079,0.5716300010681152,0.6071083545684814,0.0,False,0
C5_2,refine,256,1,32,it0080,0.2983784079551697,0.21799343824386597,0.12195121951219512,False,0
C5_2,refine,256,1,32,it0081,0.32139670848846436,0.23630112409591675,0.0,False,0
C5_2,refine,256,1,32,it0082,0.42875567078590393,0.4787635803222656,0.17647058823529413,False,0
C5_2,refine,256,1,32,it0083,0.5486977100372314,0.4613596200942993,0.0,False,0
C5_2,refine,256,1,32,it0084,0.646349310874939,0.4938403367996216,0.022222222222222223,False,0
C5_2,refine,256,1,32,it0085,0.6199601292610168,0.3394235372543335,0.0,False,0
C5_2,refine,256,1,32,it0086,0.6299320459365845,0.6038369536399841,0.35294117647058826,False,0
C5_2,refine,256,1,32,it0087,0.4652160704135895,0.6044955849647522,0.1875,False,0
C5_2,refine,256,1,32,it0088,0.38384535908699036,0.32784390449523926,0.09523809523809523,False,0
C5_2,refine,256,1,32,it0089,0.40979984402656555,0.15207558870315552,0.0,False,0
C5_2,refine,256,1,32,it0090,0.5692620277404785,0.580337405204773,0.0,False,0
C5_2,refine,256,1,32,it0091,0.5665163993835449,0.5048296451568604,0.0,False,0
C5_2,refine,256,1,32,it0092,0.4779129922389984,0.4368043839931488,0.05714285714285714,False,0
C5_2,refine,256,1,32,it0093,0.419040322303772,0.304889440536499,0.0,False,0
C5_2,refine,256,1,32,it0094,0.49553796648979187,0.4816664457321167,0.0,False,0
C5_2,refine,256,1,32,it0095,0.42280781269073486,0.4010355472564697,0.23809523809523808,False,0
C5_2,refine,256,1,32,it0096,0.5261373519897461,0.40887725353240967,0.36363636363636365,False,0
C5_2,refine,256,1,32,it0097,0.48611390590667725,0.45217716693878174,0.0,False,0
C5_2,refine,256,1,32,it0098,0.44884297251701355,0.3438698649406433,0.18518518518518517,False,0
C5_2,refine,256,1,32,it0099,0.3031274676322937,0.09540392458438873,0.13043478260869565,False,0
C5_2,refine,256,1,32,it0100,0.5619776248931885,0.5483672022819519,0.0,False,0
C5_2,refine,256,1,32,it0101,0.2012624889612198,0.1847454458475113,0.0,False,0
C5_2,refine,256,1,32,it0102,0.32498201727867126,0.4024944007396698,0.07692307692307693,False,0
C5_2,refine,256,1,32,it0103,0.2768217623233795,0.41033047437667847,0.13636363636363635,False,0
C5_2,refine,256,1,32,it0104,0.5734044909477234,0.4837517738342285,0.0,False,0
C5_2,refine,256,1,32,it0105,0.3217400908470154,0.39472758769989014,0.11428571428571428,False,0
C5_2,refine,256,1,32,it0106,0.4735619127750397,0.49629077315330505,0.0,False,0
C5_2,refine,256,1,32,it0107,0.5754790902137756,0.43790921568870544,0.17391304347826086,False,0
C5_2,refine,256,1,32,it0108,0.4494287371635437,0.3800518810749054,0.0625,False,0
C5_2,refine,256,1,32,it0109,0.43217355012893677,0.34612154960632324,0.0,False,0
C5_2,refine,256,1,32,it0110,0.22954528033733368,0.3059161603450775,0.1,False,0
C5_2,refine,256,1,32,it0111,0.2667515277862549,0.2508046627044678,0.12121212121212122,False,0
C5_2,refine,256,1,32,it0112,0.623002827167511,0.5317623019218445,0.06818181818181818,False,0
C5_2,refine,256,1,32,it0113,0.5052201747894287,0.5521972179412842,0.0,False,0
C5_2,refine,256,1,32,it0114,0.3938453793525696,0.33716917037963867,0.16666666666666666,False,0
C5_2,refine,256,1,32,it0115,0.3346361219882965,0.2149941623210907,0.0,False,0
C5_2,refine,256,1,32,it0116,0.5032976865768433,0.3477327525615692,0.058823529411764705,False,0
C5_2,refine,256,1,32,it0117,0.45070880651474,0.5713410973548889,0.058823529411764705,False,0
C5_2,refine,256,1,32,it0118,0.6336919069290161,0.5712112188339233,0.057692307692307696,False,0
C5_2,refine,256,1,32,it0119,0.4558386206626892,0.4513273537158966,0.0,False,0
C5_2,refine,256,1,32,it0120,0.6781148910522461,0.5429989099502563,0.0,False,0
C5_2,refine,256,1,32,it0121,0.5518763065338135,0.44887951016426086,0.05,False,0
C5_2,refine,256,1,32,it0122,0.15836824476718903,0.22992798686027527,0.22727272727272727,False,0
C5_2,refine,256,1,32,it0123,0.325976699590683,0.4973909258842468,0.058823529411764705,False,0
C5_2,refine,256,1,32,it0124,0.5519647598266602,0.4616992771625519,0.06060606060606061,False,0
C5_2,refine,256,1,32,it0125,0.5508643984794617,0.4374780058860779,0.02564102564102564,False,0
C5_2,refine,256,1,32,it0126,0.49672791361808777,0.31133657693862915,0.0,False,0
C5_2,refine,256,1,32,it0127,0.25427010655403137,0.1691870391368866,0.0,False,0
C5_2,refine,256,1,32,it0128,0.3683233857154846,0.2622576057910919,0.0,False,0
C5_2,refine,256,1,32,it0129,0.4114435017108917,0.3057466745376587,0.0,False,0
C5_2,refine,256,1,32,it0130,0.3640204071998596,0.3936041593551636,0.1,False,0
C5_2,refine,256,1,32,it0131,0.17125412821769714,0.22038184106349945,0.03225806451612903,False,0
C5_2,refine,256,1,32,it0132,0.3673509359359741,0.2558674216270447,0.0,False,0
C5_2,refine,256,1,32,it0133,0.5840846300125122,0.5379031896591187,0.0,False,0
C5_2,refine,256,1,32,it0134,0.4468085765838623,0.3726179599761963,0.07894736842105263,False,0
C5_2,refine,256,1,32,it0135,0.34686049818992615,0.3639116585254669,0.1282051282051282,False,0
C5_2,refine,256,1,32,it0136,0.4738087058067322,0.40603360533714294,0.0,False,0
C5_2,refine,256,1,32,it0137,0.3991519808769226,0.19322554767131805,0.3333333333333333,False,0
C5_2,refine,256,1,32,it0138,0.49062150716781616,0.5323440432548523,0.16666666666666666,False,0
C5_2,refine,256,1,32,it0139,0.613479733467102,0.20500163733959198,0.05555555555555555,False,0
C5_2,refine,256,1,32,it0140,0.2831956744194031,0.20853570103645325,0.08333333333333333,False,0
C5_2,refine,256,1,32,it0141,0.5848029851913452,0.6293519139289856,0.1,False,0
C5_2,refine,256,1,32,it0142,0.28246042132377625,0.17208199203014374,0.04,False,0
C5_2,refine,256,1,32,it0143,0.32621800899505615,0.4998272955417633,0.0,False,0
C5_2,refine,256,1,32,it0144,0.5338282585144043,0.3527648448944092,0.0,False,0
C5_2,refine,256,1,32,it0145,0.6717991828918457,0.6312171816825867,0.0,False,0
C5_2,refine,256,1,32,it0146,0.38285931944847107,0.37280115485191345,0.0,False,0
C5_2,refine,256,1,32,it0147,0.5005136728286743,0.33431780338287354,0.0,False,0
C5_2,refine,256,1,32,it0148,0.19046881794929504,0.21834520995616913,0.07142857142857142,False,0
C5_2,refine,256,1,32,it0149,0.4492569863796234,0.3585156798362732,0.14285714285714285,False,0
C5_2,refine,256,1,32,it0150,0.42050865292549133,0.5569286942481995,0.038461538461538464,False,0
C5_2,refine,256,1,32,it0151,0.4755769670009613,0.4679604768753052,0.0,False,0
C5_2,refine,256,1,32,it0152,0.5061118602752686,0.3707713186740875,0.0,False,0
C5_2,refine,256,1,32,it0153,0.32714319229125977,0.4197804629802704,0.023809523809523808,False,0
C5_2,refine,256,1,32,it0154,0.24824173748493195,0.14739985764026642,0.15789473684210525,False,0
C5_2,refine,256,1,32,it0155,0.3390936851501465,0.3565311133861542,0.0,False,0
C5_2,refine,256,1,32,it0156,0.17444780468940735,0.15810295939445496,0.0,False,0
C5_2,refine,256,1,32,it0157,0.5349324345588684,0.46384939551353455,0.0,False,0
C5_2,refine,256,1,32,it0158,0.3436845541000366,0.32150155305862427,0.05263157894736842,False,0
C5_2,refine,256,1,32,it0159,0.4491061866283417,0.3835853636264801,0.0,False,0
C5_2,refine,256,1,32,it0160,0.5941087603569031,0.447201669216156,0.1935483870967742,False,0
C5_2,refine,256,1,32,it0161,0.314090371131897,0.20314240455627441,0.034482758620689655,False,0
C5_2,refine,256,1,32,it0162,0.07272173464298248,0.168870747089386,0.2962962962962963,False,0
C5_2,refine,256,1,32,it0163,0.5221667885780334,0.37893015146255493,0.0,False,0
C5_2,refine,256,1,32,it0164,0.5479791760444641,0.3285468816757202,0.03225806451612903,False,0
C5_2,refine,256,1,32,it0165,0.4031655490398407,0.37561970949172974,0.09090909090909091,False,0
C5_2,refine,256,1,32,it0166,0.3723851442337036,0.35847827792167664,0.08333333333333333,False,0
C5_2,refine,256,1,32,it0167,0.3982771635055542,0.49307382106781006,0.05263157894736842,False,0
C5_2,refine,256,1,32,it0168,0.32928141951560974,0.4028857350349426,0.0,False,0
C5_2,refine,256,1,32,it0169,0.4397698938846588,0.30127787590026855,0.0,False,0
C5_2,refine,256,1,32,it0170,0.4352761209011078,0.3243723511695862,0.11764705882352941,False,0
C5_2,refine,256,1,32,it0171,0.6636855602264404,0.563137948513031,0.047619047619047616,False,0
C5_2,refine,256,1,32,it0172,0.19058749079704285,0.22566625475883484,0.0,False,0
C5_2,refine,256,1,32,it0173,0.5949629545211792,0.5984938144683838,0.0,False,0
C5_2,refine,256,1,32,it0174,0.485567569732666,0.428705096244812,0.0,False,0
C5_2,refine,256,1,32,it0175,0.11657044291496277,0.12139184027910233,0.0,False,0
C5_2,refine,256,1,32,it0176,0.4083096981048584,0.3902912139892578,0.1111111111111111,False,0
C5_2,refine,256,1,32,it0177,0.3883069157600403,0.3477010726928711,0.05263157894736842,False,0
C5_2,refine,256,1,32,it0178,0.21260078251361847,0.13962417840957642,0.47058823529411764,False,0
C5_2,refine,256,1,32,it0179,0.5833208560943604,0.646916389465332,0.06451612903225806,False,0
C5_2,refine,256,1,32,it0180,0.5075325965881348,0.4307798743247986,0.0,False,0
C5_2,refine,256,1,32,it0181,0.568220853805542,0.5216290354728699,0.024390243902439025,False,0
C5_2,refine,256,1,32,it0182,0.5425964593887329,0.5162317752838135,0.0,False,0
C5_2,refine,256,1,32,it0183,0.5520209670066833,0.4376383423805237,0.04,False,0
C5_2,refine,256,1,32,it0184,0.2519606947898865,0.1168740838766098,0.13333333333333333,False,0
C5_2,refine,256,1,32,it0185,0.554670512676239,0.5199629068374634,0.03225806451612903,False,0
C5_2,refine,256,1,32,it0186,0.5064911842346191,0.38008999824523926,0.0,False,0
C5_2,refine,256,1,32,it0187,0.47108492255210876,0.42528411746025085,0.0625,False,0
C5_2,refine,256,1,32,it0188,0.5196738839149475,0.4938754439353943,0.1111111111111111,False,0
C5_2,refine,256,1,32,it0189,0.46428152918815613,0.3669360876083374,0.0,False,0
C5_2,refine,256,1,32,it0190,0.5650227069854736,0.5224810242652893,0.0,False,0
C5_2,refine,256,1,32,it0191,0.41791918873786926,0.32585781812667847,0.04,False,0
C5_2,refine,256,1,32,it0192,0.5986539125442505,0.5688977837562561,0.07407407407407407,False,0
C5_2,refine,256,1,32,it0193,0.4825589656829834,0.21978659927845,0.1875,False,0
C5_2,refine,256,1,32,it0194,0.5485002994537354,0.583842396736145,0.0,False,0
C5_2,refine,256,1,32,it0195,0.6081256866455078,0.5318371653556824,0.07692307692307693,False,0
C5_2,refine,256,1,32,it0196,0.442412406206131,0.3706166744232178,0.2857142857142857,False,0
C5_2,refine,256,1,32,it0197,0.3868299126625061,0.2880972623825073,0.09090909090909091,False,0
C5_2,refine,256,1,32,it0198,0.3254755139350891,0.20591230690479279,0.0,False,0
C5_2,refine,256,1,32,it0199,0.3446492850780487,0.34462183713912964,0.058823529411764705,False,0
C5_2,refine,512,1,64,it0000,0.3353084921836853,0.16989803314208984,0.043478260869565216,False,0
C5_2,refine,512,1,64,it0001,0.4938434958457947,0.3534710109233856,0.1111111111111111,False,0
C5_2,refine,512,1,64,it0002,0.31497347354888916,0.07007116079330444,0.2,False,0
C5_2,refine,512,1,64,it0003,0.5218139886856079,0.3989439606666565,0.2,False,0
C5_2,refine,512,1,64,it0004,0.46416178345680237,0.3630114793777466,0.125,False,0
C5_2,refine,512,1,64,it0005,0.4382304847240448,0.34756556153297424,0.07407407407407407,False,0
C5_2,refine,512,1,64,it0006,0.3557817041873932,0.32159942388534546,0.0,False,0
C5_2,refine,512,1,64,it0007,0.22716347873210907,0.27457988262176514,0.09090909090909091,False,0
C5_2,refine,512,1,64,it0008,0.3319448232650757,0.2923753559589386,0.23809523809523808,False,0
C5_2,refine,512,1,64,it0009,0.5198578834533691,0.48428231477737427,0.0,False,0
C5_2,refine,512,1,64,it0010,0.6630442142486572,0.5575074553489685,0.05555555555555555,False,0
C5_2,refine,512,1,64,it0011,0.5278429985046387,0.3781202435493469,0.043478260869565216,False,0
C5_2,refine,512,1,64,it0012,0.4315418004989624,0.31045785546302795,0.3793103448275862,False,0
C5_2,refine,512,1,64,it0013,0.546089231967926,0.5653231143951416,0.0,False,0
C5_2,refine,512,1,64,it0014,0.4079793095588684,0.3727726936340332,0.06666666666666667,False,0
C5_2,refine,512,1,64,it0015,0.5166243314743042,0.4632197618484497,0.0,False,0
C5_2,refine,512,1,64,it0016,0.4439333379268646,0.20021522045135498,0.058823529411764705,False,0
C5_2,refine,512,1,64,it0017,0.4583855867385864,0.3902606964111328,0.0,False,0
C5_2,refine,512,1,64,it0018,0.33119046688079834,0.24032501876354218,0.029411764705882353,False,0
C5_2,refine,512,1,64,it0019,0.5366055369377136,0.5474862456321716,0.06521739130434782,False,0
C5_2,refine,512,1,64,it0020,0.3890655040740967,0.16520844399929047,0.23076923076923078,False,0
C5_2,refine,512,1,64,it0021,0.4991205930709839,0.4462863504886627,0.030303030303030304,False,0
C5_2,refine,512,1,64,it0022,0.276777446269989,0.29889848828315735,0.325,False,0
C5_2,refine,512,1,64,it0023,0.6019530296325684,0.5163767337799072,0.3888888888888889,False,0
C5_2,refine,512,1,64,it0024,0.649549126625061,0.5205778479576111,0.21428571428571427,False,0
C5_2,refine,512,1,64,it0025,0.6032149791717529,0.5651583671569824,0.0,False,0
C5_2,refine,512,1,64,it0026,0.25042009353637695,0.1971270889043808,0.0,False,0
C5_2,refine,512,1,64,it0027,0.6792543530464172,0.531254768371582,0.0,False,0
C5_2,refine,512,1,64,it0028,0.4493834674358368,0.5238850116729736,0.09523809523809523,False,0
C5_2,refine,512,1,64,it0029,0.23872144520282745,0.39485064148902893,0.0,False,0
C5_2,refine,512,1,64,it0030,0.4430657923221588,0.4614066779613495,0.16,False,0
C5_2,refine,512,1,64,it0031,0.28832629323005676,0.364723801612854,0.16666666666666666,False,0
C5_2,refine,512,1,64,it0032,0.6976318955421448,0.6580267548561096,0.037037037037037035,False,0
C5_2,refine,512,1,64,it0033,0.3482063412666321,0.38493263721466064,0.15384615384615385,False,0
C5_2,refine,512,1,64,it0034,0.41744595766067505,0.26334086060523987,0.0,False,0
C5_2,refine,512,1,64,it0035,0.252294659614563,0.22373268008232117,0.07692307692307693,False,0
C5_2,refine,512,1,64,it0036,0.5269436240196228,0.43361490964889526,0.0,False,0
C5_2,refine,512,1,64,it0037,0.5497070550918579,0.48848575353622437,0.06666666666666667,False,0
C5_2,refine,512,1,64,it0038,0.3064498007297516,0.1740497499704361,0.13513513513513514,False,0
C5_2,refine,512,1,64,it0039,0.5145360231399536,0.4604763984680176,0.0975609756097561,False,0
C5_2,refine,512,1,64,it0040,0.19755050539970398,0.08414274454116821,0.26666666666666666,False,0
C5_2,refine,512,1,64,it0041,0.597216010093689,0.39057663083076477,0.13636363636363635,False,0
C5_2,refine,512,1,64,it0042,0.32881221175193787,0.431509405374527,0.07407407407407407,False,0
C5_2,refine,512,1,64,it0043,0.3181232810020447,0.22431781888008118,0.0,False,0
C5_2,refine,512,1,64,it0044,0.5159550309181213,0.5304287075996399,0.2,False,0
C5_2,refine,512,1,64,it0045,0.22366397082805634,0.3395015001296997,0.0,False,0
C5_2,refine,512,1,64,it0046,0.31211569905281067,0.2108461558818817,0.0,False,0
C5_2,refine,512,1,64,it0047,0.36477115750312805,0.37818583846092224,0.5,False,0
C5_2,refine,512,1,64,it0048,0.459789514541626,0.30816227197647095,0.0,False,0
C5_2,refine,512,1,64,it0049,0.31350815296173096,0.47693634033203125,0.22727272727272727,False,0
C5_2,refine,512,1,64,it0050,0.13915960490703583,-0.07948435842990875,0.09090909090909091,False,0
C5_2,refine,512,1,64,it0051,0.2007528394460678,0.4127693474292755,0.1724137931034483,False,0
C5_2,refine,512,1,64,it0052,0.3420548737049103,0.25158944725990295,0.0,False,0
C5_2,refine,512,1,64,it0053,0.21539878845214844,0.29416826367378235,0.10810810810810811,False,0
C5_2,refine,512,1,64,it0054,0.29056915640830994,0.01915551908314228,0.25,False,0
C5_2,refine,512,1,64,it0055,0.4395093619823456,0.5162582993507385,0.11538461538461539,False,0
C5_2,refine,512,1,64,it0056,0.3674008250236511,0.14283615350723267,0.05,False,0
C5_2,refine,512,1,64,it0057,0.4613471031188965,0.2987690269947052,0.08823529411764706,False,0
C5_2,refine,512,1,64,it0058,0.39522987604141235,0.43121618032455444,0.0,False,0
C5_2,refine,512,1,64,it0059,0.5465341806411743,0.5758010149002075,0.03571428571428571,False,0
C5_2,refine,512,1,64,it0060,0.601100504398346,0.4180312156677246,0.0,False,0
C5_2,refine,512,1,64,it0061,0.539718508720398,0.5812997221946716,0.02857142857142857,False,0
C5_2,refine,512,1,64,it0062,0.5434620380401611,0.504052996635437,0.0,False,0
C5_2,refine,512,1,64,it0063,0.4037049412727356,0.2514600455760956,0.0,False,0
C5_2,refine,512,1,64,it0064,0.2899746298789978,0.38488736748695374,0.1111111111111111,False,0
C5_2,refine,512,1,64,it0065,0.6019263863563538,0.5511659979820251,0.05128205128205128,False,0
C5_2,refine,512,1,64,it0066,0.2830389440059662,0.26182791590690613,0.09523809523809523,False,0
C5_2,refine,512,1,64,it0067,0.2105821818113327,0.3217546045780182,0.2222222222222222,False,0
C5_2,refine,512,1,64,it0068,0.6704592704772949,0.6384871006011963,0.0,False,0
C5_2,refine,512,1,64,it0069,0.354545533657074,0.475226491689682,0.13636363636363635,False,0
C5_2,refine,512,1,64,it0070,0.4555976092815399,0.4315410852432251,0.06666666666666667,False,0
C5_2,refine,512,1,64,it0071,0.5912150144577026,0.5004743337631226,0.39285714285714285,False,0
C5_2,refine,512,1,64,it0072,0.484111487865448,0.46043065190315247,0.09090909090909091,False,0
C5_2,refine,512,1,64,it0073,0.13457125425338745,0.04107184335589409,0.3448275862068966,False,0
C5_2,refine,512,1,64,it0074,0.2670389711856842,0.2168675661087036,0.0,False,0
C5_2,refine,512,1,64,it0075,0.3395238518714905,0.3461848795413971,0.0,False,0
C5_2,refine,512,1,64,it0076,0.3201500475406647,0.09904306381940842,0.13043478260869565,False,0
C5_2,refine,512,1,64,it0077,0.42740967869758606,0.2764390707015991,0.25,False,0
C5_2,refine,512,1,64,it0078,0.34183627367019653,0.2802252471446991,0.047619047619047616,False,0
C5_2,refine,512,1,64,it0079,0.6080793142318726,0.6063946485519409,0.041666666666666664,False,0
C5_2,refine,512,1,64,it0080,0.18828049302101135,0.06927008926868439,0.17073170731707318,False,0
C5_2,refine,512,1,64,it0081,0.301536500453949,0.3324730694293976,0.0,False,0
C5_2,refine,512,1,64,it0082,0.3406156897544861,0.35594338178634644,0.0,False,0
C5_2,refine,512,1,64,it0083,0.5161452293395996,0.41943225264549255,0.029411764705882353,False,0
C5_2,refine,512,1,64,it0084,0.5975329875946045,0.42662516236305237,0.0,False,0
C5_2,refine,512,1,64,it0085,0.4547251760959625,0.3692113161087036,0.07142857142857142,False,0
C5_2,refine,512,1,64,it0086,0.5978045463562012,0.4315733313560486,0.35294117647058826,False,0
C5_2,refine,512,1,64,it0087,0.4264587461948395,0.6352165341377258,0.1875,False,0
C5_2,refine,512,1,64,it0088,0.3719472885131836,0.3424361050128937,0.047619047619047616,False,0
C5_2,refine,512,1,64,it0089,0.47555476427078247,0.2354206144809723,0.0,False,0
C5_2,refine,512,1,64,it0090,0.5451405048370361,0.4559624195098877,0.0,False,0
C5_2,refine,512,1,64,it0091,0.5690960884094238,0.4690692722797394,0.0,False,0
C5_2,refine,512,1,64,it0092,0.4981238842010498,0.3695310354232788,0.0,False,0
C5_2,refine,512,1,64,it0093,0.3954413831233978,0.3013221323490143,0.10526315789473684,False,0
C5_2,refine,512,1,64,it0094,0.43931660056114197,0.41651850938796997,0.0,False,0
C5_2,refine,512,1,64,it0095,0.49692001938819885,0.5540208220481873,0.047619047619047616,False,0
C5_2,refine,512,1,64,it0096,0.573032557964325,0.5003067255020142,0.18181818181818182,False,0
C5_2,refine,512,1,64,it0097,0.6305298805236816,0.5435898303985596,0.0,False,0
C5_2,refine,512,1,64,it0098,0.5009047985076904,0.4227771759033203,0.1111111111111111,False,0
C5_2,refine,512,1,64,it0099,0.26557058095932007,0.16717153787612915,0.08695652173913043,False,0
C5_2,refine,512,1,64,it0100,0.5418030023574829,0.5206730365753174,0.0,False,0
C5_2,refine,512,1,64,it0101,0.13851280510425568,0.2669465243816376,0.0,False,0
C5_2,refine,512,1,64,it0102,0.27494585514068604,0.464108407497406,0.07692307692307693,False,0
C5_2,refine,512,1,64,it0103,0.3154161870479584,0.29760587215423584,0.13636363636363635,False,0
C5_2,refine,512,1,64,it0104,0.549221396446228,0.5836749076843262,0.041666666666666664,False,0
C5_2,refine,512,1,64,it0105,0.4294877350330353,0.5430418848991394,0.02857142857142857,False,0
C5_2,refine,512,1,64,it0106,0.37880921363830566,0.34483975172042847,0.0,False,0
C5_2,refine,512,1,64,it0107,0.5157963037490845,0.442119300365448,0.0,False,0
C5_2,refine,512,1,64,it0108,0.41712862253189087,0.2437201887369156,0.0,False,0
C5_2,refine,512,1,64,it0109,0.39851853251457214,0.3650611340999603,0.10526315789473684,False,0
C5_2,refine,512,1,64,it0110,0.1863115429878235,0.24335423111915588,0.06666666666666667,False,0
C5_2,refine,512,1,64,it0111,0.42584770917892456,0.1972566545009613,0.2727272727272727,False,0
C5_2,refine,512,1,64,it0112,0.6492562890052795,0.5645896196365356,0.022727272727272728,False,0
C5_2,refine,512,1,64,it0113,0.5594885349273682,0.5032530426979065,0.0,False,0
C5_2,refine,512,1,64,it0114,0.5010517835617065,0.503584623336792,0.2777777777777778,False,0
C5_2,refine,512,1,64,it0115,0.4329959750175476,0.234163299202919,0.0,False,0
C5_2,refine,512,1,64,it0116,0.5339834094047546,0.3720189332962036,0.058823529411764705,False,0
C5_2,refine,512,1,64,it0117,0.33961039781570435,0.4928964376449585,0.0,False,0
C5_2,refine,512,1,64,it0118,0.654999852180481,0.6104837656021118,0.09615384615384616,False,0
C5_2,refine,512,1,64,it0119,0.43781179189682007,0.3862490653991699,0.0,False,0
C5_2,refine,512,1,64,it0120,0.6419664025306702,0.571739673614502,0.0,False,0
C5_2,refine,512,1,64,it0121,0.4399827718734741,0.4234374463558197,0.15,False,0
C5_2,refine,512,1,64,it0122,0.2070906162261963,0.19763368368148804,0.13636363636363635,False,0
C5_2,refine,512,1,64,it0123,0.5171539187431335,0.5813508629798889,0.0,False,0
C5_2,refine,512,1,64,it0124,0.5341541767120361,0.42907726764678955,0.030303030303030304,False,0
C5_2,refine,512,1,64,it0125,0.5013841390609741,0.3651125431060791,0.05128205128205128,False,0
C5_2,refine,512,1,64,it0126,0.4103156328201294,0.427021324634552,0.0,False,0
C5_2,refine,512,1,64,it0127,0.22750812768936157,0.21567866206169128,0.17647058823529413,False,0
C5_2,refine,512,1,64,it0128,0.5760933756828308,0.4575556814670563,0.0,False,0
C5_2,refine,512,1,64,it0129,0.26668116450309753,0.16967426240444183,0.0,False,0
C5_2,refine,512,1,64,it0130,0.2761356830596924,0.3012564182281494,0.0,False,0
C5_2,refine,512,1,64,it0131,0.20291481912136078,0.3245621919631958,0.06451612903225806,False,0
C5_2,refine,512,1,64,it0132,0.3584451973438263,0.32166150212287903,0.0,False,0
C5_2,refine,512,1,64,it0133,0.5208372473716736,0.5626844167709351,0.0,False,0
C5_2,refine,512,1,64,it0134,0.4126858115196228,0.36385372281074524,0.02631578947368421,False,0
C5_2,refine,512,1,64,it0135,0.3270854949951172,0.33841732144355774,0.15384615384615385,False,0
C5_2,refine,512,1,64,it0136,0.40532004833221436,0.3558287024497986,0.1,False,0
C5_2,refine,512,1,64,it0137,0.3887297213077545,0.3677228093147278,0.16666666666666666,False,0
C5_2,refine,512,1,64,it0138,0.5877731442451477,0.45615437626838684,0.1111111111111111,False,0
C5_2,refine,512,1,64,it0139,0.5164349675178528,0.26429957151412964,0.0,False,0
C5_2,refine,512,1,64,it0140,0.4208284616470337,0.2697947323322296,0.16666666666666666,False,0
C5_2,refine,512,1,64,it0141,0.6602514982223511,0.685117781162262,0.06666666666666667,False,0
C5_2,refine,512,1,64,it0142,0.36934003233909607,0.25481393933296204,0.0,False,0
C5_2,refine,512,1,64,it0143,0.33116990327835083,0.47418010234832764,0.0,False,0
C5_2,refine,512,1,64,it0144,0.5258439183235168,0.4368565082550049,0.0,False,0
C5_2,refine,512,1,64,it0145,0.5368018746376038,0.6387118101119995,0.0,False,0
C5_2,refine,512,1,64,it0146,0.4642006754875183,0.41168761253356934,0.0,False,0
C5_2,refine,512,1,64,it0147,0.4080240726470947,0.2861345410346985,0.043478260869565216,False,0
C5_2,refine,512,1,64,it0148,0.16388534009456635,0.11512652039527893,0.14285714285714285,False,0
C5_2,refine,512,1,64,it0149,0.4576842188835144,0.3967815637588501,0.14285714285714285,False,0
C5_2,refine,512,1,64,it0150,0.38768458366394043,0.46540722250938416,0.0,False,0
C5_2,refine,512,1,64,it0151,0.5804676413536072,0.520353376865387,0.058823529411764705,False,0
C5_2,refine,512,1,64,it0152,0.5442253351211548,0.3722347617149353,0.0,False,0
C5_2,refine,512,1,64,it0153,0.28313007950782776,0.37810060381889343,0.07142857142857142,False,0
C5_2,refine,512,1,64,it0154,0.2619636058807373,0.06680243462324142,0.10526315789473684,False,0
C5_2,refine,512,1,64,it0155,0.38316071033477783,0.31211692094802856,0.0,False,0
C5_2,refine,512,1,64,it0156,0.3540431261062622,0.24016854166984558,0.0,False,0
C5_2,refine,512,1,64,it0157,0.5899848341941833,0.5503413081169128,0.0,False,0
C5_2,refine,512,1,64,it0158,0.28996580839157104,0.2745385766029358,0.05263157894736842,False,0
C5_2,refine,512,1,64,it0159,0.4943350851535797,0.2517620623111725,0.07142857142857142,False,0
C5_2,refine,512,1,64,it0160,0.5446555614471436,0.48964524269104004,0.0,False,0
C5_2,refine,512,1,64,it0161,0.2868521809577942,0.2984652519226074,0.0,False,0
C5_2,refine,512,1,64,it0162,0.14753016829490662,0.16189523041248322,0.14814814814814814,False,0
C5_2,refine,512,1,64,it0163,0.45822861790657043,0.3761190176010132,0.0,False,0
C5_2,refine,512,1,64,it0164,0.4723334014415741,0.34442758560180664,0.0,False,0
C5_2,refine,512,1,64,it0165,0.268716961145401,0.3100041151046753,0.06060606060606061,False,0
C5_2,refine,512,1,64,it0166,0.3583391308784485,0.26141607761383057,0.08333333333333333,False,0
C5_2,refine,512,1,64,it0167,0.4814944863319397,0.5294547080993652,0.05263157894736842,False,0
C5_2,refine,512,1,64,it0168,0.25579315423965454,0.26474249362945557,0.0,False,0
C5_2,refine,512,1,64,it0169,0.40479761362075806,0.4703996777534485,0.1,False,0
C5_2,refine,512,1,64,it0170,0.37963762879371643,0.43671536445617676,0.11764705882352941,False,0
C5_2,refine,512,1,64,it0171,0.6370320320129395,0.6185876131057739,0.0,False,0
C5_2,refine,512,1,64,it0172,0.20333942770957947,0.34452641010284424,0.0,False,0
C5_2,refine,512,1,64,it0173,0.6206637620925903,0.583957850933075,0.0,False,0
C5_2,refine,512,1,64,it0174,0.4352153241634369,0.3960253894329071,0.0625,False,0
C5_2,refine,512,1,64,it0175,0.3329203426837921,0.17155586183071136,0.0,False,0
C5_2,refine,512,1,64,it0176,0.44860076904296875,0.3313214182853699,0.0,False,0
C5_2,refine,512,1,64,it0177,0.4083510637283325,0.5053129196166992,0.05263157894736842,False,0
C5_2,refine,512,1,64,it0178,0.34844011068344116,0.20657694339752197,0.7058823529411765,False,0
C5_2,refine,512,1,64,it0179,0.6346777081489563,0.6345853805541992,0.0967741935483871,False,0
C5_2,refine,512,1,64,it0180,0.38131973147392273,0.4473426938056946,0.0,False,0
C5_2,refine,512,1,64,it0181,0.451520174741745,0.4765109419822693,0.0,False,0
C5_2,refine,512,1,64,it0182,0.6083678007125854,0.5115034580230713,0.0,False,0
C5_2,refine,512,1,64,it0183,0.522486686706543,0.5728674530982971,0.04,False,0
C5_2,refine,512,1,64,it0184,0.2036242038011551,0.21658122539520264,0.13333333333333333,False,0
C5_2,refine,512,1,64,it0185,0.51234370470047,0.4862458109855652,0.03225806451612903,False,0
C5_2,refine,512,1,64,it0186,0.5718039274215698,0.5244250893592834,0.16666666666666666,False,0
C5_2,refine,512,1,64,it0187,0.4130396544933319,0.4432104229927063,0.125,False,0
C5_2,refine,512,1,64,it0188,0.5437849164009094,0.49395668506622314,0.3333333333333333,False,0
C5_2,refine,512,1,64,it0189,0.4724053144454956,0.37001752853393555,0.0,False,0
C5_2,refine,512,1,64,it0190,0.6291795969009399,0.5638691782951355,0.125,False,0
C5_2,refine,512,1,64,it0191,0.4405647814273834,0.3769280016422272,0.04,False,0
C5_2,refine,512,1,64,it0192,0.5832093358039856,0.583565890789032,0.07407407407407407,False,0
C5_2,refine,512,1,64,it0193,0.4863557815551758,0.20236749947071075,0.1875,False,0
C5_2,refine,512,1,64,it0194,0.5579827427864075,0.5083710551261902,0.047619047619047616,False,0
C5_2,refine,512,1,64,it0195,0.6181761622428894,0.5206314325332642,0.07692307692307693,False,0
C5_2,refine,512,1,64,it0196,0.4987952709197998,0.4267372190952301,0.14285714285714285,False,0
C5_2,refine,512,1,64,it0197,0.45777463912963867,0.3669487237930298,0.09090909090909091,False,0
C5_2,refine,512,1,64,it0198,0.26010072231292725,0.2119622379541397,0.0,False,0
C5_2,refine,512,1,64,it0199,0.3869791626930237,0.35838595032691956,0.058823529411764705,False,0
