run,arm,nfe,K,T,item,ecapa,wavlm,wer,degenerate,pick
C1_0,search,128,2,8,it0000,0.5573387145996094,0.5057819485664368,0.08695652173913043,False,1
C1_0,search,128,2,8,it0001,0.47463393211364746,0.2783557176589966,0.3888888888888889,False,1
C1_0,search,128,2,8,it0002,0.3327944874763489,0.3844396770000458,0.2,False,0
C1_0,search,128,2,8,it0003,0.3934887945652008,0.2908526062965393,0.13333333333333333,False,1
C1_0,search,128,2,8,it0004,0.5424462556838989,0.38683849573135376,0.125,False,0
C1_0,search,128,2,8,it0005,0.36599069833755493,0.3379278779029846,0.0,False,0
C1_0,search,128,2,8,it0006,0.3557226061820984,0.34287360310554504,0.2777777777777778,False,1
C1_0,search,128,2,8,it0007,0.2669529318809509,0.2446676641702652,0.13636363636363635,False,0
C1_0,search,128,2,8,it0008,0.3371883034706116,0.2315327376127243,0.42857142857142855,False,1
C1_0,search,128,2,8,it0009,0.6406696438789368,0.5922548174858093,0.2222222222222222,False,0
C1_0,search,128,2,8,it0010,0.6035135388374329,0.5839731097221375,0.16666666666666666,False,1
C1_0,search,128,2,8,it0011,0.4767053723335266,0.3406336009502411,0.08695652173913043,False,1
C1_0,search,128,2,8,it0012,0.4755233824253082,0.30097001791000366,0.7241379310344828,False,0
C1_0,search,128,2,8,it0013,0.5759238600730896,0.5640770792961121,0.0,False,1
C1_0,search,128,2,8,it0014,0.4708404242992401,0.28180021047592163,0.06666666666666667,False,1
C1_0,search,128,2,8,it0015,0.5363238453865051,0.5092313289642334,0.17647058823529413,False,0
C1_0,search,128,2,8,it0016,0.659489631652832,0.4347248375415802,0.029411764705882353,False,1
C1_0,search,128,2,8,it0017,0.4529073238372803,0.341789186000824,0.13333333333333333,False,0
C1_0,search,128,2,8,it0018,0.23135526478290558,0.26654690504074097,0.14705882352941177,False,0
C1_0,search,128,2,8,it0019,0.5463316440582275,0.510247528553009,0.32608695652173914,False,1
C1_0,search,128,2,8,it0020,0.36739176511764526,0.26680776476860046,0.3076923076923077,False,0
C1_0,search,128,2,8,it0021,0.43833595514297485,0.46634745597839355,0.12121212121212122,False,0
C1_0,search,128,2,8,it0022,0.39997345209121704,0.4513586461544037,0.575,False,1
C1_0,search,128,2,8,it0023,0.6684262156486511,0.5382086634635925,0.16666666666666666,False,0
C1_0,search,128,2,8,it0024,0.6709069609642029,0.5498659014701843,0.14285714285714285,False,0
C1_0,search,128,2,8,it0025,0.642327070236206,0.5565158724784851,0.3,False,0
C1_0,search,128,2,8,it0026,0.1755259782075882,0.20407630503177643,0.0625,False,1
C1_0,search,128,2,8,it0027,0.6456258296966553,0.6309114694595337,0.25,False,0
C1_0,search,128,2,8,it0028,0.48975488543510437,0.5859771966934204,0.19047619047619047,False,1
C1_0,search,128,2,8,it0029,0.2933145761489868,0.2936811149120331,0.0,False,0
C1_0,search,128,2,8,it0030,0.4759615659713745,0.3257695734500885,0.08,False,1
C1_0,search,128,2,8,it0031,0.3654448688030243,0.24612420797348022,0.16666666666666666,False,1
C1_0,search,128,2,8,it0032,0.5918217897415161,0.5508269667625427,0.14814814814814814,False,0
C1_0,search,128,2,8,it0033,0.33758121728897095,0.2562659978866577,0.3076923076923077,False,0
C1_0,search,128,2,8,it0034,0.41659677028656006,0.4437984824180603,0.3,False,0
C1_0,search,128,2,8,it0035,0.16647347807884216,0.21573027968406677,0.3076923076923077,False,0
C1_0,search,128,2,8,it0036,0.6157990097999573,0.5358582735061646,0.2777777777777778,False,1
C1_0,search,128,2,8,it0037,0.5140596628189087,0.44131946563720703,0.3333333333333333,False,1
C1_0,search,128,2,8,it0038,0.2916446030139923,0.2361687272787094,0.10810810810810811,False,1
C1_0,search,128,2,8,it0039,0.5240940451622009,0.44263002276420593,0.2926829268292683,False,0
C1_0,search,128,2,8,it0040,0.3683359622955322,0.29065099358558655,0.26666666666666666,False,0
C1_0,search,128,2,8,it0041,0.5673558115959167,0.2761489152908325,0.09090909090909091,False,1
C1_0,search,128,2,8,it0042,0.4683486819267273,0.4402812719345093,0.14814814814814814,False,1
C1_0,search,128,2,8,it0043,0.25220245122909546,0.18161886930465698,0.11538461538461539,False,1
C1_0,search,128,2,8,it0044,0.5489927530288696,0.4342435598373413,0.44,False,1
C1_0,search,128,2,8,it0045,0.34238719940185547,0.40858712792396545,0.16666666666666666,False,1
C1_0,search,128,2,8,it0046,0.33626222610473633,0.32072028517723083,0.125,False,0
C1_0,search,128,2,8,it0047,0.32035478949546814,0.2788260877132416,0.55,False,0
C1_0,search,128,2,8,it0048,0.5566077828407288,0.4840206801891327,0.375,False,0
C1_0,search,128,2,8,it0049,0.2584281265735626,0.5171745419502258,0.2727272727272727,False,0
C1_0,search,128,2,8,it0050,0.15091702342033386,-0.000688429456204176,0.45454545454545453,False,0
C1_0,search,128,2,8,it0051,0.1958632618188858,0.47600799798965454,0.20689655172413793,False,0
C1_0,search,128,2,8,it0052,0.29119545221328735,0.338992714881897,0.13333333333333333,False,1
C1_0,search,128,2,8,it0053,0.35241374373435974,0.33283960819244385,0.2972972972972973,False,0
C1_0,search,128,2,8,it0054,0.32636114954948425,0.15490180253982544,0.125,False,1
C1_0,search,128,2,8,it0055,0.4743707776069641,0.4894126057624817,0.19230769230769232,False,0
C1_0,search,128,2,8,it0056,0.3616296350955963,0.31690454483032227,0.2,False,1
C1_0,search,128,2,8,it0057,0.5534464120864868,0.3619590401649475,0.23529411764705882,False,1
C1_0,search,128,2,8,it0058,0.47018885612487793,0.4394044280052185,0.0,False,0
C1_0,search,128,2,8,it0059,0.47624626755714417,0.5580925941467285,0.14285714285714285,False,0
C1_0,search,128,2,8,it0060,0.4002780616283417,0.34055331349372864,0.11764705882352941,False,1
C1_0,search,128,2,8,it0061,0.4700703024864197,0.5988819599151611,0.0,False,1
C1_0,search,128,2,8,it0062,0.6884874105453491,0.6356157660484314,0.0,False,1
C1_0,search,128,2,8,it0063,0.39054620265960693,0.3988775610923767,0.1724137931034483,False,1
C1_0,search,128,2,8,it0064,0.36695781350135803,0.3521990180015564,0.05555555555555555,False,1
C1_0,search,128,2,8,it0065,0.6712204217910767,0.5304927825927734,0.2564102564102564,False,0
C1_0,search,128,2,8,it0066,0.32923364639282227,0.35697653889656067,0.14285714285714285,False,0
C1_0,search,128,2,8,it0067,0.31169384717941284,0.23556645214557648,0.2777777777777778,False,1
C1_0,search,128,2,8,it0068,0.6604241132736206,0.5644444823265076,0.0,False,0
C1_0,search,128,2,8,it0069,0.23420414328575134,0.3785078823566437,0.36363636363636365,False,0
C1_0,search,128,2,8,it0070,0.42624473571777344,0.38071876764297485,0.0,False,1
C1_0,search,128,2,8,it0071,0.5464832186698914,0.4543052315711975,0.2857142857142857,False,1
C1_0,search,128,2,8,it0072,0.43052953481674194,0.3883936405181885,0.18181818181818182,False,1
C1_0,search,128,2,8,it0073,0.19756177067756653,0.24796101450920105,0.5517241379310345,False,0
C1_0,search,128,2,8,it0074,0.18715475499629974,0.23543058335781097,0.4666666666666667,False,1
C1_0,search,128,2,8,it0075,0.33135342597961426,0.3524969816207886,0.043478260869565216,False,0
C1_0,search,128,2,8,it0076,0.5070290565490723,0.2638595402240753,0.13043478260869565,False,0
C1_0,search,128,2,8,it0077,0.5346696972846985,0.6097621917724609,0.16666666666666666,False,1
C1_0,search,128,2,8,it0078,0.29745131731033325,0.2960013747215271,0.09523809523809523,False,1
C1_0,search,128,2,8,it0079,0.5903883576393127,0.5625436902046204,0.08333333333333333,False,1
C1_0,search,128,2,8,it0080,0.47566816210746765,0.20073619484901428,0.2682926829268293,False,0
C1_0,search,128,2,8,it0081,0.369327187538147,0.3814108073711395,0.14285714285714285,False,1
C1_0,search,128,2,8,it0082,0.4839572608470917,0.45258018374443054,0.058823529411764705,False,0
C1_0,search,128,2,8,it0083,0.5353116989135742,0.39520397782325745,0.17647058823529413,False,0
C1_0,search,128,2,8,it0084,0.6469665765762329,0.5303744077682495,0.1111111111111111,False,1
C1_0,search,128,2,8,it0085,0.5572266578674316,0.506411075592041,0.35714285714285715,False,0
C1_0,search,128,2,8,it0086,0.5673044323921204,0.5404008626937866,0.47058823529411764,False,1
C1_0,search,128,2,8,it0087,0.46493232250213623,0.6864092946052551,0.375,False,1
C1_0,search,128,2,8,it0088,0.38951459527015686,0.4040103852748871,0.14285714285714285,False,0
C1_0,search,128,2,8,it0089,0.47771069407463074,0.23167578876018524,0.0,False,0
C1_0,search,128,2,8,it0090,0.6006081104278564,0.5066930055618286,0.058823529411764705,False,1
C1_0,search,128,2,8,it0091,0.47702556848526,0.5138487219810486,0.25806451612903225,False,0
C1_0,search,128,2,8,it0092,0.5065791606903076,0.4296659529209137,0.08571428571428572,False,1
C1_0,search,128,2,8,it0093,0.49139365553855896,0.4351668357849121,0.2631578947368421,False,1
C1_0,search,128,2,8,it0094,0.4770953059196472,0.4693514406681061,0.0,False,0
C1_0,search,128,2,8,it0095,0.5233503580093384,0.4790593087673187,0.0,False,1
C1_0,search,128,2,8,it0096,0.5140626430511475,0.46168971061706543,0.4090909090909091,False,0
C1_0,search,128,2,8,it0097,0.6266143918037415,0.5946210622787476,0.1,False,1
C1_0,search,128,2,8,it0098,0.5066166520118713,0.4352853000164032,0.4074074074074074,False,1
C1_0,search,128,2,8,it0099,0.2959195375442505,0.21494537591934204,0.0,False,1
C1_0,search,128,2,8,it0100,0.630213737487793,0.6193633675575256,0.0,False,1
C1_0,search,128,2,8,it0101,0.3393232822418213,0.3245796859264374,0.0,False,1
C1_0,search,128,2,8,it0102,0.3894723653793335,0.4306405186653137,0.0,False,0
C1_0,search,128,2,8,it0103,0.37006765604019165,0.417537122964859,0.18181818181818182,False,1
C1_0,search,128,2,8,it0104,0.38115066289901733,0.469497948884964,0.041666666666666664,False,1
C1_0,search,128,2,8,it0105,0.47480452060699463,0.5371834635734558,0.3142857142857143,False,1
C1_0,search,128,2,8,it0106,0.3309210240840912,0.3784966766834259,0.041666666666666664,False,0
C1_0,search,128,2,8,it0107,0.509075939655304,0.5283660888671875,0.21739130434782608,False,0
C1_0,search,128,2,8,it0108,0.44415393471717834,0.338029146194458,0.3125,False,0
C1_0,search,128,2,8,it0109,0.4132266938686371,0.4372306168079376,0.21052631578947367,False,0
C1_0,search,128,2,8,it0110,0.1873200237751007,0.25180089473724365,0.23333333333333334,False,1
C1_0,search,128,2,8,it0111,0.3729243874549866,0.15428900718688965,0.36363636363636365,False,0
C1_0,search,128,2,8,it0112,0.6368572115898132,0.5673501491546631,0.38636363636363635,False,1
C1_0,search,128,2,8,it0113,0.6241970062255859,0.45679473876953125,0.09090909090909091,False,0
C1_0,search,128,2,8,it0114,0.40593257546424866,0.24790263175964355,0.1111111111111111,False,0
C1_0,search,128,2,8,it0115,0.4228830933570862,0.25550442934036255,0.07142857142857142,False,0
C1_0,search,128,2,8,it0116,0.5092507600784302,0.3651697039604187,0.4117647058823529,False,1
C1_0,search,128,2,8,it0117,0.37600940465927124,0.4549080729484558,0.17647058823529413,False,0
C1_0,search,128,2,8,it0118,0.5821599364280701,0.5218180418014526,0.36538461538461536,False,1
C1_0,search,128,2,8,it0119,0.42310255765914917,0.5665789842605591,0.42857142857142855,False,1
C1_0,search,128,2,8,it0120,0.5717218518257141,0.4851430654525757,0.06666666666666667,False,1
C1_0,search,128,2,8,it0121,0.5488359928131104,0.4965614378452301,0.15,False,0
C1_0,search,128,2,8,it0122,0.4577862024307251,0.2552960515022278,0.4090909090909091,False,1
C1_0,search,128,2,8,it0123,0.3101307153701782,0.38476452231407166,0.11764705882352941,False,0
C1_0,search,128,2,8,it0124,0.6400890946388245,0.44795769453048706,0.2727272727272727,False,1
C1_0,search,128,2,8,it0125,0.5441681742668152,0.3822324573993683,0.23076923076923078,False,1
C1_0,search,128,2,8,it0126,0.5514348745346069,0.48241126537323,0.125,False,1
C1_0,search,128,2,8,it0127,0.36126387119293213,0.4363531768321991,0.17647058823529413,False,0
C1_0,search,128,2,8,it0128,0.4828847646713257,0.39091530442237854,0.0,False,1
C1_0,search,128,2,8,it0129,0.224590465426445,0.2161116600036621,0.23529411764705882,False,1
C1_0,search,128,2,8,it0130,0.35347697138786316,0.3203008472919464,0.1,False,0
C1_0,search,128,2,8,it0131,0.3556704819202423,0.42896559834480286,0.16129032258064516,False,0
C1_0,search,128,2,8,it0132,0.2955973744392395,0.2471819519996643,0.07142857142857142,False,0
C1_0,search,128,2,8,it0133,0.4710533916950226,0.4784255623817444,0.03571428571428571,False,1
C1_0,search,128,2,8,it0134,0.34400561451911926,0.3433317244052887,0.10526315789473684,False,1
C1_0,search,128,2,8,it0135,0.4438697397708893,0.4094748795032501,0.28205128205128205,False,0
C1_0,search,128,2,8,it0136,0.5432284474372864,0.5670629143714905,0.25,False,1
C1_0,search,128,2,8,it0137,0.47328126430511475,0.4172438383102417,0.3333333333333333,False,0
C1_0,search,128,2,8,it0138,0.5114910006523132,0.5381801128387451,0.5,False,1
C1_0,search,128,2,8,it0139,0.6220372319221497,0.5148250460624695,0.2222222222222222,False,0
C1_0,search,128,2,8,it0140,0.5467209219932556,0.5524792075157166,0.0,False,0
C1_0,search,128,2,8,it0141,0.6781211495399475,0.6854408979415894,0.4,False,0
C1_0,search,128,2,8,it0142,0.20501790940761566,0.2825389504432678,0.12,False,1
C1_0,search,128,2,8,it0143,0.30288949608802795,0.4467970132827759,0.0625,False,1
C1_0,search,128,2,8,it0144,0.5288956165313721,0.38556501269340515,0.07142857142857142,False,1
C1_0,search,128,2,8,it0145,0.5308949947357178,0.5609397888183594,0.125,False,1
C1_0,search,128,2,8,it0146,0.3345358371734619,0.3414919674396515,0.3,False,1
C1_0,search,128,2,8,it0147,0.5406702160835266,0.2975934147834778,0.2608695652173913,False,1
C1_0,search,128,2,8,it0148,0.1078815758228302,0.054183486849069595,0.32142857142857145,False,1
C1_0,search,128,2,8,it0149,0.5499470829963684,0.4968087375164032,0.2857142857142857,False,1
C1_0,search,128,2,8,it0150,0.42548811435699463,0.36891624331474304,0.0,False,1
C1_0,search,128,2,8,it0151,0.5713083148002625,0.5671787261962891,0.11764705882352941,False,0
C1_0,search,128,2,8,it0152,0.5666157007217407,0.3635590076446533,0.0,False,1
C1_0,search,128,2,8,it0153,0.40584641695022583,0.34712445735931396,0.3333333333333333,False,0
C1_0,search,128,2,8,it0154,0.3679370880126953,0.16024169325828552,0.2631578947368421,False,1
C1_0,search,128,2,8,it0155,0.2328757643699646,0.2507510781288147,0.0,False,0
C1_0,search,128,2,8,it0156,0.24333789944648743,0.1718774437904358,0.3333333333333333,False,1
C1_0,search,128,2,8,it0157,0.5647898316383362,0.48969224095344543,0.023255813953488372,False,0
C1_0,search,128,2,8,it0158,0.4819548428058624,0.34867042303085327,0.10526315789473684,False,1
C1_0,search,128,2,8,it0159,0.38164231181144714,0.29051119089126587,0.21428571428571427,False,0
C1_0,search,128,2,8,it0160,0.48921340703964233,0.47912484407424927,0.0967741935483871,False,1
C1_0,search,128,2,8,it0161,0.3412349224090576,0.34183579683303833,0.10344827586206896,False,1
C1_0,search,128,2,8,it0162,0.15143698453903198,0.2995584011077881,0.3333333333333333,False,1
C1_0,search,128,2,8,it0163,0.4766032099723816,0.5027926564216614,0.23529411764705882,False,1
C1_0,search,128,2,8,it0164,0.5397937297821045,0.36319488286972046,0.3548387096774194,False,0
C1_0,search,128,2,8,it0165,0.36123010516166687,0.3062075078487396,0.06060606060606061,False,1
C1_0,search,128,2,8,it0166,0.5228012800216675,0.12638945877552032,0.16666666666666666,False,0
C1_0,search,128,2,8,it0167,0.508482038974762,0.5060765743255615,0.21052631578947367,False,1
C1_0,search,128,2,8,it0168,0.33950236439704895,0.33188751339912415,0.3,False,0
C1_0,search,128,2,8,it0169,0.4079156219959259,0.41483497619628906,0.1,False,0
C1_0,search,128,2,8,it0170,0.39124763011932373,0.34881654381752014,0.17647058823529413,False,1
C1_0,search,128,2,8,it0171,0.6083889007568359,0.5524454712867737,0.2857142857142857,False,1
C1_0,search,128,2,8,it0172,0.3318787217140198,0.34537047147750854,0.0,False,0
C1_0,search,128,2,8,it0173,0.7418311834335327,0.6429865956306458,0.0,False,1
C1_0,search,128,2,8,it0174,0.4586068391799927,0.36304542422294617,0.1875,False,1
C1_0,search,128,2,8,it0175,0.220514714717865,0.214570090174675,0.06666666666666667,False,1
C1_0,search,128,2,8,it0176,0.2552778124809265,0.31407976150512695,0.1111111111111111,False,0
C1_0,search,128,2,8,it0177,0.5260989665985107,0.4900335371494293,0.0,False,0
C1_0,search,128,2,8,it0178,0.2964372932910919,0.17869381606578827,0.7058823529411765,False,0
C1_0,search,128,2,8,it0179,0.5743141174316406,0.5855696201324463,0.1935483870967742,False,0
C1_0,search,128,2,8,it0180,0.3963150680065155,0.4639940559864044,0.0,False,0
C1_0,search,128,2,8,it0181,0.5344570875167847,0.5656030774116516,0.12195121951219512,False,0
C1_0,search,128,2,8,it0182,0.5781662464141846,0.4401130676269531,0.08,False,1
C1_0,search,128,2,8,it0183,0.533348560333252,0.504473865032196,0.12,False,1
C1_0,search,128,2,8,it0184,0.34210479259490967,0.3316129744052887,0.13333333333333333,False,0
C1_0,search,128,2,8,it0185,0.4471930265426636,0.4362163543701172,0.1935483870967742,False,1
C1_0,search,128,2,8,it0186,0.45928558707237244,0.47457197308540344,0.125,False,1
C1_0,search,128,2,8,it0187,0.48174017667770386,0.4194607734680176,0.125,False,1
C1_0,search,128,2,8,it0188,0.504568874835968,0.48821401596069336,0.05555555555555555,False,1
C1_0,search,128,2,8,it0189,0.3638904094696045,0.29997584223747253,0.15,False,1
C1_0,search,128,2,8,it0190,0.5907002687454224,0.5120583176612854,0.0,False,0
C1_0,search,128,2,8,it0191,0.41128167510032654,0.25051257014274597,0.16,False,0
C1_0,search,128,2,8,it0192,0.4991954565048218,0.5961558818817139,0.1111111111111111,False,1
C1_0,search,128,2,8,it0193,0.42526155710220337,0.23204010725021362,0.3125,False,0
C1_0,search,128,2,8,it0194,0.57197505235672,0.6328883767127991,0.09523809523809523,False,0
C1_0,search,128,2,8,it0195,0.6020236015319824,0.5506038665771484,0.34615384615384615,False,1
C1_0,search,128,2,8,it0196,0.4371979534626007,0.4200592637062073,0.0,False,0
C1_0,search,128,2,8,it0197,0.2667485475540161,0.3811757564544678,0.09090909090909091,False,1
C1_0,search,128,2,8,it0198,0.35506266355514526,0.2872655391693115,0.0625,False,1
C1_0,search,128,2,8,it0199,0.5268315076828003,0.5153567790985107,0.058823529411764705,False,1
C1_0,search,256,4,8,it0000,0.5573387145996094,0.5057819485664368,0.08695652173913043,False,1
C1_0,search,256,4,8,it0001,0.48891156911849976,0.30777037143707275,0.05555555555555555,False,2
C1_0,search,256,4,8,it0002,0.3327944874763489,0.3844396770000458,0.2,False,0
C1_0,search,256,4,8,it0003,0.49912694096565247,0.2966903746128082,0.2,False,2
C1_0,search,256,4,8,it0004,0.5552114844322205,0.4165661334991455,0.125,False,3
C1_0,search,256,4,8,it0005,0.43691807985305786,0.3493160605430603,0.2222222222222222,False,2
C1_0,search,256,4,8,it0006,0.3557226061820984,0.34287360310554504,0.2777777777777778,False,1
C1_0,search,256,4,8,it0007,0.30586493015289307,0.3304794728755951,0.11363636363636363,False,3
C1_0,search,256,4,8,it0008,0.3371883034706116,0.2315327376127243,0.42857142857142855,False,1
C1_0,search,256,4,8,it0009,0.6406696438789368,0.5922548174858093,0.2222222222222222,False,0
C1_0,search,256,4,8,it0010,0.5994069576263428,0.6028770804405212,0.3888888888888889,False,3
C1_0,search,256,4,8,it0011,0.5013510584831238,0.39130425453186035,0.13043478260869565,False,3
C1_0,search,256,4,8,it0012,0.4755233824253082,0.30097001791000366,0.7241379310344828,False,0
C1_0,search,256,4,8,it0013,0.5386433005332947,0.6015039086341858,0.0,False,2
C1_0,search,256,4,8,it0014,0.24310001730918884,0.4178774952888489,0.06666666666666667,False,2
C1_0,search,256,4,8,it0015,0.5363238453865051,0.5092313289642334,0.17647058823529413,False,0
C1_0,search,256,4,8,it0016,0.7110259532928467,0.5115992426872253,0.20588235294117646,False,2
C1_0,search,256,4,8,it0017,0.4529073238372803,0.341789186000824,0.13333333333333333,False,0
C1_0,search,256,4,8,it0018,0.23135526478290558,0.26654690504074097,0.14705882352941177,False,0
C1_0,search,256,4,8,it0019,0.6275085210800171,0.5529096126556396,0.34782608695652173,False,2
C1_0,search,256,4,8,it0020,0.3187457323074341,0.3290712535381317,0.23076923076923078,False,3
C1_0,search,256,4,8,it0021,0.43833595514297485,0.46634745597839355,0.12121212121212122,False,0
C1_0,search,256,4,8,it0022,0.39997345209121704,0.4513586461544037,0.575,False,1
C1_0,search,256,4,8,it0023,0.6684262156486511,0.5382086634635925,0.16666666666666666,False,0
C1_0,search,256,4,8,it0024,0.6709069609642029,0.5498659014701843,0.14285714285714285,False,0
C1_0,search,256,4,8,it0025,0.6707813143730164,0.624005138874054,0.4,False,2
C1_0,search,256,4,8,it0026,0.29875457286834717,0.34520307183265686,0.125,False,2
C1_0,search,256,4,8,it0027,0.6456258296966553,0.6309114694595337,0.25,False,0
C1_0,search,256,4,8,it0028,0.48975488543510437,0.5859771966934204,0.19047619047619047,False,1
C1_0,search,256,4,8,it0029,0.28288593888282776,0.32215893268585205,0.0625,False,2
C1_0,search,256,4,8,it0030,0.5471370220184326,0.4289728105068207,0.12,False,2
C1_0,search,256,4,8,it0031,0.34164565801620483,0.27344879508018494,0.3888888888888889,False,3
C1_0,search,256,4,8,it0032,0.6052122116088867,0.5762380957603455,0.25925925925925924,False,3
C1_0,search,256,4,8,it0033,0.33758121728897095,0.2562659978866577,0.3076923076923077,False,0
C1_0,search,256,4,8,it0034,0.5062809586524963,0.44499877095222473,0.13333333333333333,False,3
C1_0,search,256,4,8,it0035,0.16647347807884216,0.21573027968406677,0.3076923076923077,False,0
C1_0,search,256,4,8,it0036,0.6157990097999573,0.5358582735061646,0.2777777777777778,False,1
C1_0,search,256,4,8,it0037,0.5257740020751953,0.5801087617874146,0.4,False,2
C1_0,search,256,4,8,it0038,0.2916446030139923,0.2361687272787094,0.10810810810810811,False,1
C1_0,search,256,4,8,it0039,0.5292813777923584,0.44317835569381714,0.2926829268292683,False,3
C1_0,search,256,4,8,it0040,0.3454020023345947,0.30045652389526367,0.2,False,3
C1_0,search,256,4,8,it0041,0.6955614686012268,0.4126851260662079,0.13636363636363635,False,3
C1_0,search,256,4,8,it0042,0.4683486819267273,0.4402812719345093,0.14814814814814814,False,1
C1_0,search,256,4,8,it0043,0.37481430172920227,0.25348353385925293,0.19230769230769232,False,2
C1_0,search,256,4,8,it0044,0.4948669672012329,0.6551775336265564,0.56,False,3
C1_0,search,256,4,8,it0045,0.34238719940185547,0.40858712792396545,0.16666666666666666,False,1
C1_0,search,256,4,8,it0046,0.33626222610473633,0.32072028517723083,0.125,False,0
C1_0,search,256,4,8,it0047,0.32035478949546814,0.2788260877132416,0.55,False,0
C1_0,search,256,4,8,it0048,0.5566077828407288,0.4840206801891327,0.375,False,0
C1_0,search,256,4,8,it0049,0.2584281265735626,0.5171745419502258,0.2727272727272727,False,0
C1_0,search,256,4,8,it0050,0.18179477751255035,0.03278399258852005,0.3181818181818182,False,3
C1_0,search,256,4,8,it0051,0.1958632618188858,0.47600799798965454,0.20689655172413793,False,0
C1_0,search,256,4,8,it0052,0.29119545221328735,0.338992714881897,0.13333333333333333,False,1
C1_0,search,256,4,8,it0053,0.35241374373435974,0.33283960819244385,0.2972972972972973,False,0
C1_0,search,256,4,8,it0054,0.43311506509780884,0.299369215965271,0.16666666666666666,False,3
C1_0,search,256,4,8,it0055,0.49919670820236206,0.5193532705307007,0.11538461538461539,False,3
C1_0,search,256,4,8,it0056,0.3616296350955963,0.31690454483032227,0.2,False,1
C1_0,search,256,4,8,it0057,0.5534464120864868,0.3619590401649475,0.23529411764705882,False,1
C1_0,search,256,4,8,it0058,0.47018885612487793,0.4394044280052185,0.0,False,0
C1_0,search,256,4,8,it0059,0.47624626755714417,0.5580925941467285,0.14285714285714285,False,0
C1_0,search,256,4,8,it0060,0.5122002959251404,0.40389832854270935,0.11764705882352941,False,2
C1_0,search,256,4,8,it0061,0.534834623336792,0.6064558029174805,0.08571428571428572,False,3
C1_0,search,256,4,8,it0062,0.6712697744369507,0.7161660194396973,0.047619047619047616,False,3
C1_0,search,256,4,8,it0063,0.39054620265960693,0.3988775610923767,0.1724137931034483,False,1
C1_0,search,256,4,8,it0064,0.29212716221809387,0.39909645915031433,0.05555555555555555,False,2
C1_0,search,256,4,8,it0065,0.6112638711929321,0.5776786208152771,0.07692307692307693,False,3
C1_0,search,256,4,8,it0066,0.32923364639282227,0.35697653889656067,0.14285714285714285,False,0
C1_0,search,256,4,8,it0067,0.31169384717941284,0.23556645214557648,0.2777777777777778,False,1
C1_0,search,256,4,8,it0068,0.682515025138855,0.6169592142105103,0.07692307692307693,False,2
C1_0,search,256,4,8,it0069,0.23420414328575134,0.3785078823566437,0.36363636363636365,False,0
C1_0,search,256,4,8,it0070,0.46199071407318115,0.5139176249504089,0.0,False,3
C1_0,search,256,4,8,it0071,0.6114245653152466,0.5593226552009583,0.14285714285714285,False,3
C1_0,search,256,4,8,it0072,0.43052953481674194,0.3883936405181885,0.18181818181818182,False,1
C1_0,search,256,4,8,it0073,0.11235696077346802,0.27909740805625916,0.6206896551724138,False,2
C1_0,search,256,4,8,it0074,0.297743558883667,0.3081481158733368,0.2,False,3
C1_0,search,256,4,8,it0075,0.35834792256355286,0.37353017926216125,0.0,False,3
C1_0,search,256,4,8,it0076,0.5117071866989136,0.29848533868789673,0.2608695652173913,False,3
C1_0,search,256,4,8,it0077,0.5346696972846985,0.6097621917724609,0.16666666666666666,False,1
C1_0,search,256,4,8,it0078,0.3505406379699707,0.33074119687080383,0.23809523809523808,False,3
C1_0,search,256,4,8,it0079,0.5903883576393127,0.5625436902046204,0.08333333333333333,False,1
C1_0,search,256,4,8,it0080,0.39542606472969055,0.29112836718559265,0.926829268292683,True,3
C1_0,search,256,4,8,it0081,0.369327187538147,0.3814108073711395,0.14285714285714285,False,1
C1_0,search,256,4,8,it0082,0.48456478118896484,0.503665030002594,0.23529411764705882,False,2
C1_0,search,256,4,8,it0083,0.5469164252281189,0.3978557884693146,0.029411764705882353,False,2
C1_0,search,256,4,8,it0084,0.6469665765762329,0.5303744077682495,0.1111111111111111,False,1
C1_0,search,256,4,8,it0085,0.5572266578674316,0.506411075592041,0.35714285714285715,False,0
C1_0,search,256,4,8,it0086,0.5757125616073608,0.5628389120101929,0.29411764705882354,False,2
C1_0,search,256,4,8,it0087,0.5051605701446533,0.6958134174346924,0.4375,False,3
C1_0,search,256,4,8,it0088,0.38951459527015686,0.4040103852748871,0.14285714285714285,False,0
C1_0,search,256,4,8,it0089,0.4128990173339844,0.29740068316459656,0.041666666666666664,False,2
C1_0,search,256,4,8,it0090,0.5731296539306641,0.5422791242599487,0.0,False,2
C1_0,search,256,4,8,it0091,0.47702556848526,0.5138487219810486,0.25806451612903225,False,0
C1_0,search,256,4,8,it0092,0.5065791606903076,0.4296659529209137,0.08571428571428572,False,1
C1_0,search,256,4,8,it0093,0.49139365553855896,0.4351668357849121,0.2631578947368421,False,1
C1_0,search,256,4,8,it0094,0.3648418188095093,0.49203792214393616,0.0,False,3
C1_0,search,256,4,8,it0095,0.5443026423454285,0.5506494641304016,0.14285714285714285,False,3
C1_0,search,256,4,8,it0096,0.5140626430511475,0.46168971061706543,0.4090909090909091,False,0
C1_0,search,256,4,8,it0097,0.6980249285697937,0.642132043838501,0.1,False,3
C1_0,search,256,4,8,it0098,0.5870993137359619,0.4884541630744934,0.3333333333333333,False,3
C1_0,search,256,4,8,it0099,0.2959195375442505,0.21494537591934204,0.0,False,1
C1_0,search,256,4,8,it0100,0.630213737487793,0.6193633675575256,0.0,False,1
C1_0,search,256,4,8,it0101,0.3393232822418213,0.3245796859264374,0.0,False,1
C1_0,search,256,4,8,it0102,0.3894723653793335,0.4306405186653137,0.0,False,0
C1_0,search,256,4,8,it0103,0.37006765604019165,0.417537122964859,0.18181818181818182,False,1
C1_0,search,256,4,8,it0104,0.38115066289901733,0.469497948884964,0.041666666666666664,False,1
C1_0,search,256,4,8,it0105,0.46789196133613586,0.5928648710250854,0.14285714285714285,False,2
C1_0,search,256,4,8,it0106,0.3650934100151062,0.49118369817733765,0.125,False,3
C1_0,search,256,4,8,it0107,0.509075939655304,0.5283660888671875,0.21739130434782608,False,0
C1_0,search,256,4,8,it0108,0.44415393471717834,0.338029146194458,0.3125,False,0
C1_0,search,256,4,8,it0109,0.4132266938686371,0.4372306168079376,0.21052631578947367,False,0
C1_0,search,256,4,8,it0110,0.1873200237751007,0.25180089473724365,0.23333333333333334,False,1
C1_0,search,256,4,8,it0111,0.3152514100074768,0.21254022419452667,0.48484848484848486,False,3
C1_0,search,256,4,8,it0112,0.6368572115898132,0.5673501491546631,0.38636363636363635,False,1
C1_0,search,256,4,8,it0113,0.5921544432640076,0.47642946243286133,0.022727272727272728,False,2
C1_0,search,256,4,8,it0114,0.49142783880233765,0.3181889057159424,0.5555555555555556,False,3
C1_0,search,256,4,8,it0115,0.38539767265319824,0.30860841274261475,0.0,False,3
C1_0,search,256,4,8,it0116,0.48975706100463867,0.4281764626502991,0.17647058823529413,False,2
C1_0,search,256,4,8,it0117,0.4100228250026703,0.4554247260093689,0.058823529411764705,False,2
C1_0,search,256,4,8,it0118,0.5821599364280701,0.5218180418014526,0.36538461538461536,False,1
C1_0,search,256,4,8,it0119,0.42310255765914917,0.5665789842605591,0.42857142857142855,False,1
C1_0,search,256,4,8,it0120,0.6040958762168884,0.5020716786384583,0.06666666666666667,False,3
C1_0,search,256,4,8,it0121,0.5320405960083008,0.5261573195457458,0.25,False,2
C1_0,search,256,4,8,it0122,0.3910709023475647,0.297613263130188,0.3181818181818182,False,3
C1_0,search,256,4,8,it0123,0.3101307153701782,0.38476452231407166,0.11764705882352941,False,0
C1_0,search,256,4,8,it0124,0.6400890946388245,0.44795769453048706,0.2727272727272727,False,1
C1_0,search,256,4,8,it0125,0.5441681742668152,0.3822324573993683,0.23076923076923078,False,1
C1_0,search,256,4,8,it0126,0.5514348745346069,0.48241126537323,0.125,False,1
C1_0,search,256,4,8,it0127,0.41860583424568176,0.4643957018852234,0.058823529411764705,False,2
C1_0,search,256,4,8,it0128,0.4828847646713257,0.39091530442237854,0.0,False,1
C1_0,search,256,4,8,it0129,0.2783854603767395,0.26277658343315125,0.058823529411764705,False,2
C1_0,search,256,4,8,it0130,0.35347697138786316,0.3203008472919464,0.1,False,0
C1_0,search,256,4,8,it0131,0.3556704819202423,0.42896559834480286,0.16129032258064516,False,0
C1_0,search,256,4,8,it0132,0.3108367621898651,0.26612389087677,0.0,False,2
C1_0,search,256,4,8,it0133,0.5097549557685852,0.49181777238845825,0.03571428571428571,False,2
C1_0,search,256,4,8,it0134,0.41988813877105713,0.42864254117012024,0.07894736842105263,False,2
C1_0,search,256,4,8,it0135,0.40123486518859863,0.4352702796459198,0.23076923076923078,False,3
C1_0,search,256,4,8,it0136,0.5432284474372864,0.5670629143714905,0.25,False,1
C1_0,search,256,4,8,it0137,0.6034847497940063,0.4483465552330017,0.4166666666666667,False,2
C1_0,search,256,4,8,it0138,0.5242328643798828,0.617498517036438,0.5555555555555556,False,3
C1_0,search,256,4,8,it0139,0.6220372319221497,0.5148250460624695,0.2222222222222222,False,0
C1_0,search,256,4,8,it0140,0.5467209219932556,0.5524792075157166,0.0,False,0
C1_0,search,256,4,8,it0141,0.6781211495399475,0.6854408979415894,0.4,False,0
C1_0,search,256,4,8,it0142,0.20501790940761566,0.2825389504432678,0.12,False,1
C1_0,search,256,4,8,it0143,0.30288949608802795,0.4467970132827759,0.0625,False,1
C1_0,search,256,4,8,it0144,0.5288956165313721,0.38556501269340515,0.07142857142857142,False,1
C1_0,search,256,4,8,it0145,0.5121942758560181,0.6125839352607727,0.025,False,2
C1_0,search,256,4,8,it0146,0.5307313203811646,0.46422088146209717,0.0,False,2
C1_0,search,256,4,8,it0147,0.5105060935020447,0.3595423698425293,0.08695652173913043,False,2
C1_0,search,256,4,8,it0148,0.09979419410228729,0.11728506535291672,0.21428571428571427,False,3
C1_0,search,256,4,8,it0149,0.4645102024078369,0.5161641240119934,0.14285714285714285,False,2
C1_0,search,256,4,8,it0150,0.46138885617256165,0.5153912901878357,0.07692307692307693,False,3
C1_0,search,256,4,8,it0151,0.5713083148002625,0.5671787261962891,0.11764705882352941,False,0
C1_0,search,256,4,8,it0152,0.5701282024383545,0.4835605025291443,0.0,False,2
C1_0,search,256,4,8,it0153,0.37168043851852417,0.44369739294052124,0.38095238095238093,False,2
C1_0,search,256,4,8,it0154,0.3181288540363312,0.2584059536457062,0.42105263157894735,False,2
C1_0,search,256,4,8,it0155,0.2192278802394867,0.3484766185283661,0.03571428571428571,False,3
C1_0,search,256,4,8,it0156,0.29779911041259766,0.2984030544757843,0.09523809523809523,False,2
C1_0,search,256,4,8,it0157,0.5689528584480286,0.552364706993103,0.16279069767441862,False,2
C1_0,search,256,4,8,it0158,0.42880216240882874,0.4465886354446411,0.47368421052631576,False,3
C1_0,search,256,4,8,it0159,0.5413089990615845,0.3820262551307678,0.2857142857142857,False,3
C1_0,search,256,4,8,it0160,0.48921340703964233,0.47912484407424927,0.0967741935483871,False,1
C1_0,search,256,4,8,it0161,0.3412349224090576,0.34183579683303833,0.10344827586206896,False,1
C1_0,search,256,4,8,it0162,0.15143698453903198,0.2995584011077881,0.3333333333333333,False,1
C1_0,search,256,4,8,it0163,0.4766032099723816,0.5027926564216614,0.23529411764705882,False,1
C1_0,search,256,4,8,it0164,0.5397937297821045,0.36319488286972046,0.3548387096774194,False,0
C1_0,search,256,4,8,it0165,0.3977200984954834,0.340490460395813,0.2727272727272727,False,3
C1_0,search,256,4,8,it0166,0.6460394859313965,0.390462726354599,0.3333333333333333,False,2
C1_0,search,256,4,8,it0167,0.4625170826911926,0.5180838704109192,0.05263157894736842,False,2
C1_0,search,256,4,8,it0168,0.33950236439704895,0.33188751339912415,0.3,False,0
C1_0,search,256,4,8,it0169,0.4079156219959259,0.41483497619628906,0.1,False,0
C1_0,search,256,4,8,it0170,0.43163001537323,0.3702552914619446,0.23529411764705882,False,2
C1_0,search,256,4,8,it0171,0.6846678256988525,0.609222948551178,0.14285714285714285,False,2
C1_0,search,256,4,8,it0172,0.27460017800331116,0.3588985502719879,0.04,False,2
C1_0,search,256,4,8,it0173,0.7418311834335327,0.6429865956306458,0.0,False,1
C1_0,search,256,4,8,it0174,0.4351361393928528,0.36432042717933655,0.0,False,2
C1_0,search,256,4,8,it0175,0.1824398934841156,0.263866126537323,0.2,False,3
C1_0,search,256,4,8,it0176,0.2552778124809265,0.31407976150512695,0.1111111111111111,False,0
C1_0,search,256,4,8,it0177,0.5260989665985107,0.4900335371494293,0.0,False,0
C1_0,search,256,4,8,it0178,0.30949681997299194,0.2227264642715454,0.7058823529411765,False,2
C1_0,search,256,4,8,it0179,0.5980345606803894,0.6344543695449829,0.06451612903225806,False,2
C1_0,search,256,4,8,it0180,0.3989196717739105,0.4778643846511841,0.07142857142857142,False,2
C1_0,search,256,4,8,it0181,0.5344570875167847,0.5656030774116516,0.12195121951219512,False,0
C1_0,search,256,4,8,it0182,0.6025049090385437,0.4650004506111145,0.04,False,3
C1_0,search,256,4,8,it0183,0.5771147012710571,0.5101722478866577,0.16,False,3
C1_0,search,256,4,8,it0184,0.34210479259490967,0.3316129744052887,0.13333333333333333,False,0
C1_0,search,256,4,8,it0185,0.4471930265426636,0.4362163543701172,0.1935483870967742,False,1
C1_0,search,256,4,8,it0186,0.45928558707237244,0.47457197308540344,0.125,False,1
C1_0,search,256,4,8,it0187,0.49683165550231934,0.4641151428222656,0.375,False,3
C1_0,search,256,4,8,it0188,0.5682477355003357,0.4922124743461609,0.16666666666666666,False,2
C1_0,search,256,4,8,it0189,0.3638904094696045,0.29997584223747253,0.15,False,1
C1_0,search,256,4,8,it0190,0.5907002687454224,0.5120583176612854,0.0,False,0
C1_0,search,256,4,8,it0191,0.5388730764389038,0.3967704772949219,0.12,False,2
C1_0,search,256,4,8,it0192,0.4991954565048218,0.5961558818817139,0.1111111111111111,False,1
C1_0,search,256,4,8,it0193,0.42526155710220337,0.23204010725021362,0.3125,False,0
C1_0,search,256,4,8,it0194,0.57197505235672,0.6328883767127991,0.09523809523809523,False,0
C1_0,search,256,4,8,it0195,0.6083686351776123,0.6306306719779968,0.34615384615384615,False,2
C1_0,search,256,4,8,it0196,0.4803830087184906,0.43473416566848755,0.14285714285714285,False,2
C1_0,search,256,4,8,it0197,0.2667485475540161,0.3811757564544678,0.09090909090909091,False,1
C1_0,search,256,4,8,it0198,0.35506266355514526,0.2872655391693115,0.0625,False,1
C1_0,search,256,4,8,it0199,0.5268315076828003,0.5153567790985107,0.058823529411764705,False,1
C1_0,search,512,8,8,it0000,0.5379053354263306,0.5571874380111694,0.10869565217391304,False,6
C1_0,search,512,8,8,it0001,0.4874054193496704,0.32081353664398193,0.5555555555555556,False,6
C1_0,search,512,8,8,it0002,0.3327944874763489,0.3844396770000458,0.2,False,0
C1_0,search,512,8,8,it0003,0.4870525002479553,0.2972245514392853,0.06666666666666667,False,6
C1_0,search,512,8,8,it0004,0.5552114844322205,0.4165661334991455,0.125,False,3
C1_0,search,512,8,8,it0005,0.5117778182029724,0.3641616702079773,0.037037037037037035,False,5
C1_0,search,512,8,8,it0006,0.3232370615005493,0.4051433801651001,0.16666666666666666,False,5
C1_0,search,512,8,8,it0007,0.3364337384700775,0.3628927767276764,0.045454545454545456,False,4
C1_0,search,512,8,8,it0008,0.4056534469127655,0.24686287343502045,0.2857142857142857,False,4
C1_0,search,512,8,8,it0009,0.5938358902931213,0.5978208780288696,0.037037037037037035,False,5
C1_0,search,512,8,8,it0010,0.5994069576263428,0.6028770804405212,0.3888888888888889,False,3
C1_0,search,512,8,8,it0011,0.5686177015304565,0.48742976784706116,0.08695652173913043,False,4
C1_0,search,512,8,8,it0012,0.415038526058197,0.33907967805862427,0.5517241379310345,False,4
C1_0,search,512,8,8,it0013,0.5386433005332947,0.6015039086341858,0.0,False,2
C1_0,search,512,8,8,it0014,0.4251548945903778,0.4188637137413025,0.2,False,5
C1_0,search,512,8,8,it0015,0.5363238453865051,0.5092313289642334,0.17647058823529413,False,0
C1_0,search,512,8,8,it0016,0.7110259532928467,0.5115992426872253,0.20588235294117646,False,2
C1_0,search,512,8,8,it0017,0.4314109683036804,0.3952760100364685,0.2,False,5
C1_0,search,512,8,8,it0018,0.23135526478290558,0.26654690504074097,0.14705882352941177,False,0
C1_0,search,512,8,8,it0019,0.6275085210800171,0.5529096126556396,0.34782608695652173,False,2
C1_0,search,512,8,8,it0020,0.3187457323074341,0.3290712535381317,0.23076923076923078,False,3
C1_0,search,512,8,8,it0021,0.43833595514297485,0.46634745597839355,0.12121212121212122,False,0
C1_0,search,512,8,8,it0022,0.454998642206192,0.4941279888153076,0.325,False,7
C1_0,search,512,8,8,it0023,0.6684262156486511,0.5382086634635925,0.16666666666666666,False,0
C1_0,search,512,8,8,it0024,0.6709069609642029,0.5498659014701843,0.14285714285714285,False,0
C1_0,search,512,8,8,it0025,0.6707813143730164,0.624005138874054,0.4,False,2
C1_0,search,512,8,8,it0026,0.29875457286834717,0.34520307183265686,0.125,False,2
C1_0,search,512,8,8,it0027,0.6456258296966553,0.6309114694595337,0.25,False,0
C1_0,search,512,8,8,it0028,0.48975488543510437,0.5859771966934204,0.19047619047619047,False,1
C1_0,search,512,8,8,it0029,0.3063177466392517,0.3602483868598938,0.1875,False,7
C1_0,search,512,8,8,it0030,0.5534263849258423,0.4889782667160034,0.2,False,6
C1_0,search,512,8,8,it0031,0.374793142080307,0.30079394578933716,0.3888888888888889,False,6
C1_0,search,512,8,8,it0032,0.6052122116088867,0.5762380957603455,0.25925925925925924,False,3
C1_0,search,512,8,8,it0033,0.33758121728897095,0.2562659978866577,0.3076923076923077,False,0
C1_0,search,512,8,8,it0034,0.5062809586524963,0.44499877095222473,0.13333333333333333,False,3
C1_0,search,512,8,8,it0035,0.29811808466911316,0.24152696132659912,0.23076923076923078,False,6
C1_0,search,512,8,8,it0036,0.6157990097999573,0.5358582735061646,0.2777777777777778,False,1
C1_0,search,512,8,8,it0037,0.5257740020751953,0.5801087617874146,0.4,False,2
C1_0,search,512,8,8,it0038,0.2861284613609314,0.24353812634944916,0.2972972972972973,False,7
C1_0,search,512,8,8,it0039,0.5292813777923584,0.44317835569381714,0.2926829268292683,False,3
C1_0,search,512,8,8,it0040,0.3454020023345947,0.30045652389526367,0.2,False,3
C1_0,search,512,8,8,it0041,0.6955614686012268,0.4126851260662079,0.13636363636363635,False,3
C1_0,search,512,8,8,it0042,0.5082910060882568,0.4685717225074768,0.2962962962962963,False,7
C1_0,search,512,8,8,it0043,0.4217917323112488,0.3278478980064392,0.0,False,4
C1_0,search,512,8,8,it0044,0.4948669672012329,0.6551775336265564,0.56,False,3
C1_0,search,512,8,8,it0045,0.2799444794654846,0.4208480417728424,0.03333333333333333,False,5
C1_0,search,512,8,8,it0046,0.4222932457923889,0.38990461826324463,0.125,False,7
C1_0,search,512,8,8,it0047,0.32035478949546814,0.2788260877132416,0.55,False,0
C1_0,search,512,8,8,it0048,0.6142228245735168,0.5688861012458801,0.3125,False,7
C1_0,search,512,8,8,it0049,0.2584281265735626,0.5171745419502258,0.2727272727272727,False,0
C1_0,search,512,8,8,it0050,0.16057516634464264,0.13300107419490814,0.5909090909090909,False,6
C1_0,search,512,8,8,it0051,0.1958632618188858,0.47600799798965454,0.20689655172413793,False,0
C1_0,search,512,8,8,it0052,0.29119545221328735,0.338992714881897,0.13333333333333333,False,1
C1_0,search,512,8,8,it0053,0.29371872544288635,0.37183651328086853,0.35135135135135137,False,6
C1_0,search,512,8,8,it0054,0.43311506509780884,0.299369215965271,0.16666666666666666,False,3
C1_0,search,512,8,8,it0055,0.49919670820236206,0.5193532705307007,0.11538461538461539,False,3
C1_0,search,512,8,8,it0056,0.3921343684196472,0.3804389536380768,0.2,False,5
C1_0,search,512,8,8,it0057,0.5423905253410339,0.3866819441318512,0.3235294117647059,False,6
C1_0,search,512,8,8,it0058,0.3596193194389343,0.4774914085865021,0.08333333333333333,False,6
C1_0,search,512,8,8,it0059,0.5390188694000244,0.5642932653427124,0.17857142857142858,False,7
C1_0,search,512,8,8,it0060,0.5122002959251404,0.40389832854270935,0.11764705882352941,False,2
C1_0,search,512,8,8,it0061,0.4688660204410553,0.6143331527709961,0.11428571428571428,False,4
C1_0,search,512,8,8,it0062,0.6712697744369507,0.7161660194396973,0.047619047619047616,False,3
C1_0,search,512,8,8,it0063,0.39054620265960693,0.3988775610923767,0.1724137931034483,False,1
C1_0,search,512,8,8,it0064,0.29212716221809387,0.39909645915031433,0.05555555555555555,False,2
C1_0,search,512,8,8,it0065,0.673258364200592,0.6329108476638794,0.23076923076923078,False,7
C1_0,search,512,8,8,it0066,0.32923364639282227,0.35697653889656067,0.14285714285714285,False,0
C1_0,search,512,8,8,it0067,0.36921635270118713,0.2639082074165344,0.2222222222222222,False,6
C1_0,search,512,8,8,it0068,0.682515025138855,0.6169592142105103,0.07692307692307693,False,2
C1_0,search,512,8,8,it0069,0.4176372289657593,0.4601948857307434,0.3181818181818182,False,7
C1_0,search,512,8,8,it0070,0.46199071407318115,0.5139176249504089,0.0,False,3
C1_0,search,512,8,8,it0071,0.6114245653152466,0.5593226552009583,0.14285714285714285,False,3
C1_0,search,512,8,8,it0072,0.5098325610160828,0.4670851528644562,0.0,False,4
C1_0,search,512,8,8,it0073,0.027189917862415314,0.3162761330604553,0.3448275862068966,False,7
C1_0,search,512,8,8,it0074,0.40439125895500183,0.4261568486690521,0.26666666666666666,False,6
C1_0,search,512,8,8,it0075,0.35834792256355286,0.37353017926216125,0.0,False,3
C1_0,search,512,8,8,it0076,0.4516211748123169,0.3102738857269287,0.13043478260869565,False,6
C1_0,search,512,8,8,it0077,0.5369136333465576,0.6453595161437988,0.5,False,5
C1_0,search,512,8,8,it0078,0.2784067690372467,0.35725224018096924,0.14285714285714285,False,7
C1_0,search,512,8,8,it0079,0.6155062913894653,0.6361939907073975,0.0,False,5
C1_0,search,512,8,8,it0080,0.29601535201072693,0.3043287396430969,0.2682926829268293,False,5
C1_0,search,512,8,8,it0081,0.369327187538147,0.3814108073711395,0.14285714285714285,False,1
C1_0,search,512,8,8,it0082,0.48456478118896484,0.503665030002594,0.23529411764705882,False,2
C1_0,search,512,8,8,it0083,0.5046995282173157,0.431122362613678,0.11764705882352941,False,6
C1_0,search,512,8,8,it0084,0.6469665765762329,0.5303744077682495,0.1111111111111111,False,1
C1_0,search,512,8,8,it0085,0.5902741551399231,0.6052385568618774,0.35714285714285715,False,4
C1_0,search,512,8,8,it0086,0.674795925617218,0.6257829666137695,0.6470588235294118,False,6
C1_0,search,512,8,8,it0087,0.5051605701446533,0.6958134174346924,0.4375,False,3
C1_0,search,512,8,8,it0088,0.38951459527015686,0.4040103852748871,0.14285714285714285,False,0
C1_0,search,512,8,8,it0089,0.4480734169483185,0.30422741174697876,0.0,False,5
C1_0,search,512,8,8,it0090,0.5731296539306641,0.5422791242599487,0.0,False,2
C1_0,search,512,8,8,it0091,0.47702556848526,0.5138487219810486,0.25806451612903225,False,0
C1_0,search,512,8,8,it0092,0.46562960743904114,0.4354243278503418,0.08571428571428572,False,5
C1_0,search,512,8,8,it0093,0.49139365553855896,0.4351668357849121,0.2631578947368421,False,1
C1_0,search,512,8,8,it0094,0.3648418188095093,0.49203792214393616,0.0,False,3
C1_0,search,512,8,8,it0095,0.5443026423454285,0.5506494641304016,0.14285714285714285,False,3
C1_0,search,512,8,8,it0096,0.5140626430511475,0.46168971061706543,0.4090909090909091,False,0
C1_0,search,512,8,8,it0097,0.6514365673065186,0.6554234623908997,0.0,False,5
C1_0,search,512,8,8,it0098,0.5870993137359619,0.4884541630744934,0.3333333333333333,False,3
C1_0,search,512,8,8,it0099,0.2391846477985382,0.23709197342395782,0.0,False,4
C1_0,search,512,8,8,it0100,0.5838243365287781,0.6332969665527344,0.0,False,4
C1_0,search,512,8,8,it0101,0.3393232822418213,0.3245796859264374,0.0,False,1
C1_0,search,512,8,8,it0102,0.3894723653793335,0.4306405186653137,0.0,False,0
C1_0,search,512,8,8,it0103,0.45993807911872864,0.46576693654060364,0.3181818181818182,False,6
C1_0,search,512,8,8,it0104,0.5544963479042053,0.4909965991973877,0.16666666666666666,False,6
C1_0,search,512,8,8,it0105,0.5370808839797974,0.6540935039520264,0.17142857142857143,False,4
C1_0,search,512,8,8,it0106,0.3650934100151062,0.49118369817733765,0.125,False,3
C1_0,search,512,8,8,it0107,0.509075939655304,0.5283660888671875,0.21739130434782608,False,0
C1_0,search,512,8,8,it0108,0.44415393471717834,0.338029146194458,0.3125,False,0
C1_0,search,512,8,8,it0109,0.4427448511123657,0.47769200801849365,0.15789473684210525,False,5
C1_0,search,512,8,8,it0110,0.1873200237751007,0.25180089473724365,0.23333333333333334,False,1
C1_0,search,512,8,8,it0111,0.2966882288455963,0.21487565338611603,0.15151515151515152,False,5
C1_0,search,512,8,8,it0112,0.6368572115898132,0.5673501491546631,0.38636363636363635,False,1
C1_0,search,512,8,8,it0113,0.5742846727371216,0.5224044322967529,0.09090909090909091,False,4
C1_0,search,512,8,8,it0114,0.49703964591026306,0.3929605185985565,0.5,False,5
C1_0,search,512,8,8,it0115,0.38539767265319824,0.30860841274261475,0.0,False,3
C1_0,search,512,8,8,it0116,0.520723819732666,0.43394869565963745,0.4117647058823529,False,6
C1_0,search,512,8,8,it0117,0.4351627230644226,0.5160947442054749,0.058823529411764705,False,7
C1_0,search,512,8,8,it0118,0.5821599364280701,0.5218180418014526,0.36538461538461536,False,1
C1_0,search,512,8,8,it0119,0.5496786832809448,0.6767675280570984,0.7142857142857143,False,6
C1_0,search,512,8,8,it0120,0.572145402431488,0.5168254971504211,0.0,False,4
C1_0,search,512,8,8,it0121,0.5320405960083008,0.5261573195457458,0.25,False,2
C1_0,search,512,8,8,it0122,0.3910709023475647,0.297613263130188,0.3181818181818182,False,3
C1_0,search,512,8,8,it0123,0.34097760915756226,0.47288763523101807,0.35294117647058826,False,6
C1_0,search,512,8,8,it0124,0.6400890946388245,0.44795769453048706,0.2727272727272727,False,1
C1_0,search,512,8,8,it0125,0.5626480579376221,0.43474316596984863,0.1282051282051282,False,5
C1_0,search,512,8,8,it0126,0.5514348745346069,0.48241126537323,0.125,False,1
C1_0,search,512,8,8,it0127,0.41860583424568176,0.4643957018852234,0.058823529411764705,False,2
C1_0,search,512,8,8,it0128,0.4828847646713257,0.39091530442237854,0.0,False,1
C1_0,search,512,8,8,it0129,0.2542079985141754,0.27515414357185364,0.0,False,5
C1_0,search,512,8,8,it0130,0.2911134958267212,0.3603552281856537,0.0,False,6
C1_0,search,512,8,8,it0131,0.3556704819202423,0.42896559834480286,0.16129032258064516,False,0
C1_0,search,512,8,8,it0132,0.3310924172401428,0.2875290513038635,0.14285714285714285,False,4
C1_0,search,512,8,8,it0133,0.474131315946579,0.5388797521591187,0.0,False,4
C1_0,search,512,8,8,it0134,0.41988813877105713,0.42864254117012024,0.07894736842105263,False,2
C1_0,search,512,8,8,it0135,0.3635005056858063,0.4444441795349121,0.23076923076923078,False,6
C1_0,search,512,8,8,it0136,0.5432284474372864,0.5670629143714905,0.25,False,1
C1_0,search,512,8,8,it0137,0.6034847497940063,0.4483465552330017,0.4166666666666667,False,2
C1_0,search,512,8,8,it0138,0.5242328643798828,0.617498517036438,0.5555555555555556,False,3
C1_0,search,512,8,8,it0139,0.6220372319221497,0.5148250460624695,0.2222222222222222,False,0
C1_0,search,512,8,8,it0140,0.5467209219932556,0.5524792075157166,0.0,False,0
C1_0,search,512,8,8,it0141,0.6781211495399475,0.6854408979415894,0.4,False,0
C1_0,search,512,8,8,it0142,0.20501790940761566,0.2825389504432678,0.12,False,1
C1_0,search,512,8,8,it0143,0.3666074872016907,0.46274900436401367,0.0,False,7
C1_0,search,512,8,8,it0144,0.5074086785316467,0.3926496207714081,0.0,False,6
C1_0,search,512,8,8,it0145,0.6275731325149536,0.6254453063011169,0.025,False,4
C1_0,search,512,8,8,it0146,0.5307313203811646,0.46422088146209717,0.0,False,2
C1_0,search,512,8,8,it0147,0.5105060935020447,0.3595423698425293,0.08695652173913043,False,2
C1_0,search,512,8,8,it0148,0.24081070721149445,0.32662123441696167,0.17857142857142858,False,6
C1_0,search,512,8,8,it0149,0.4645102024078369,0.5161641240119934,0.14285714285714285,False,2
C1_0,search,512,8,8,it0150,0.46138885617256165,0.5153912901878357,0.07692307692307693,False,3
C1_0,search,512,8,8,it0151,0.5713083148002625,0.5671787261962891,0.11764705882352941,False,0
C1_0,search,512,8,8,it0152,0.5701282024383545,0.4835605025291443,0.0,False,2
C1_0,search,512,8,8,it0153,0.37168043851852417,0.44369739294052124,0.38095238095238093,False,2
C1_0,search,512,8,8,it0154,0.3181288540363312,0.2584059536457062,0.42105263157894735,False,2
C1_0,search,512,8,8,it0155,0.2192278802394867,0.3484766185283661,0.03571428571428571,False,3
C1_0,search,512,8,8,it0156,0.29779911041259766,0.2984030544757843,0.09523809523809523,False,2
C1_0,search,512,8,8,it0157,0.5689528584480286,0.552364706993103,0.16279069767441862,False,2
C1_0,search,512,8,8,it0158,0.42880216240882874,0.4465886354446411,0.47368421052631576,False,3
C1_0,search,512,8,8,it0159,0.5413089990615845,0.3820262551307678,0.2857142857142857,False,3
C1_0,search,512,8,8,it0160,0.48921340703964233,0.47912484407424927,0.0967741935483871,False,1
C1_0,search,512,8,8,it0161,0.35283365845680237,0.4138942062854767,0.2413793103448276,False,7
C1_0,search,512,8,8,it0162,0.1428086906671524,0.3107731342315674,0.25925925925925924,False,6
C1_0,search,512,8,8,it0163,0.4766032099723816,0.5027926564216614,0.23529411764705882,False,1
C1_0,search,512,8,8,it0164,0.5397937297821045,0.36319488286972046,0.3548387096774194,False,0
C1_0,search,512,8,8,it0165,0.32471105456352234,0.3718562126159668,0.2727272727272727,False,6
C1_0,search,512,8,8,it0166,0.6460394859313965,0.390462726354599,0.3333333333333333,False,2
C1_0,search,512,8,8,it0167,0.4625170826911926,0.5180838704109192,0.05263157894736842,False,2
C1_0,search,512,8,8,it0168,0.38250479102134705,0.3614482581615448,0.2,False,6
C1_0,search,512,8,8,it0169,0.4079156219959259,0.41483497619628906,0.1,False,0
C1_0,search,512,8,8,it0170,0.47628071904182434,0.4239204227924347,0.5294117647058824,False,5
C1_0,search,512,8,8,it0171,0.6415017247200012,0.623802125453949,0.3333333333333333,False,6
C1_0,search,512,8,8,it0172,0.37210747599601746,0.4513566792011261,0.04,False,4
C1_0,search,512,8,8,it0173,0.6684244275093079,0.6580106616020203,0.16666666666666666,False,5
C1_0,search,512,8,8,it0174,0.4351361393928528,0.36432042717933655,0.0,False,2
C1_0,search,512,8,8,it0175,0.1824398934841156,0.263866126537323,0.2,False,3
C1_0,search,512,8,8,it0176,0.2552778124809265,0.31407976150512695,0.1111111111111111,False,0
C1_0,search,512,8,8,it0177,0.3933940529823303,0.5220315456390381,0.05263157894736842,False,5
C1_0,search,512,8,8,it0178,0.30949681997299194,0.2227264642715454,0.7058823529411765,False,2
C1_0,search,512,8,8,it0179,0.5980345606803894,0.6344543695449829,0.06451612903225806,False,2
C1_0,search,512,8,8,it0180,0.3989196717739105,0.4778643846511841,0.07142857142857142,False,2
C1_0,search,512,8,8,it0181,0.5344570875167847,0.5656030774116516,0.12195121951219512,False,0
C1_0,search,512,8,8,it0182,0.6025049090385437,0.4650004506111145,0.04,False,3
C1_0,search,512,8,8,it0183,0.5409325957298279,0.5675338506698608,0.0,False,5
C1_0,search,512,8,8,it0184,0.34210479259490967,0.3316129744052887,0.13333333333333333,False,0
C1_0,search,512,8,8,it0185,0.4617427587509155,0.4878237247467041,0.22580645161290322,False,4
C1_0,search,512,8,8,it0186,0.5692609548568726,0.5070798397064209,0.25,False,5
C1_0,search,512,8,8,it0187,0.49683165550231934,0.4641151428222656,0.375,False,3
C1_0,search,512,8,8,it0188,0.5883675813674927,0.5851446390151978,0.5,False,6
C1_0,search,512,8,8,it0189,0.3638904094696045,0.29997584223747253,0.15,False,1
C1_0,search,512,8,8,it0190,0.5365297198295593,0.5705467462539673,0.0,False,6
C1_0,search,512,8,8,it0191,0.5388730764389038,0.3967704772949219,0.12,False,2
C1_0,search,512,8,8,it0192,0.4991954565048218,0.5961558818817139,0.1111111111111111,False,1
C1_0,search,512,8,8,it0193,0.441073477268219,0.26420846581459045,0.3125,False,4
C1_0,search,512,8,8,it0194,0.5674134492874146,0.6497401595115662,0.0,False,6
C1_0,search,512,8,8,it0195,0.6083686351776123,0.6306306719779968,0.34615384615384615,False,2
C1_0,search,512,8,8,it0196,0.4803830087184906,0.43473416566848755,0.14285714285714285,False,2
C1_0,search,512,8,8,it0197,0.2667485475540161,0.3811757564544678,0.09090909090909091,False,1
C1_0,search,512,8,8,it0198,0.35506266355514526,0.2872655391693115,0.0625,False,1
C1_0,search,512,8,8,it0199,0.3896361291408539,0.5386462807655334,0.058823529411764705,False,4
C1_0,refine,128,1,16,it0000,0.5219308733940125,0.4460826814174652,0.17391304347826086,False,0
C1_0,refine,128,1,16,it0001,0.43528372049331665,0.3067414164543152,0.2777777777777778,False,0
C1_0,refine,128,1,16,it0002,0.39632686972618103,0.3814132809638977,0.06666666666666667,False,0
C1_0,refine,128,1,16,it0003,0.3921205997467041,0.22962744534015656,0.2,False,0
C1_0,refine,128,1,16,it0004,0.616008996963501,0.44523876905441284,0.125,False,0
C1_0,refine,128,1,16,it0005,0.4230414628982544,0.38957589864730835,0.07407407407407407,False,0
C1_0,refine,128,1,16,it0006,0.22757145762443542,0.3137660622596741,0.2222222222222222,False,0
C1_0,refine,128,1,16,it0007,0.27076810598373413,0.24950414896011353,0.09090909090909091,False,0
C1_0,refine,128,1,16,it0008,0.3448346257209778,0.2267092913389206,0.14285714285714285,False,0
C1_0,refine,128,1,16,it0009,0.6460335850715637,0.5803205370903015,0.037037037037037035,False,0
C1_0,refine,128,1,16,it0010,0.6789980530738831,0.620239794254303,0.2222222222222222,False,0
C1_0,refine,128,1,16,it0011,0.44362908601760864,0.33333051204681396,0.0,False,0
C1_0,refine,128,1,16,it0012,0.403281569480896,0.1954866647720337,0.4827586206896552,False,0
C1_0,refine,128,1,16,it0013,0.5867519378662109,0.5531792640686035,0.0,False,0
C1_0,refine,128,1,16,it0014,0.524187445640564,0.38936957716941833,0.06666666666666667,False,0
C1_0,refine,128,1,16,it0015,0.26793041825294495,0.38613423705101013,0.11764705882352941,False,0
C1_0,refine,128,1,16,it0016,0.6160441040992737,0.4313127398490906,0.17647058823529413,False,0
C1_0,refine,128,1,16,it0017,0.4216204285621643,0.3885159492492676,0.06666666666666667,False,0
C1_0,refine,128,1,16,it0018,0.3484768867492676,0.1690348982810974,0.20588235294117646,False,0
C1_0,refine,128,1,16,it0019,0.6260651350021362,0.5575358867645264,0.021739130434782608,False,0
C1_0,refine,128,1,16,it0020,0.3695228099822998,0.3184729814529419,0.46153846153846156,False,0
C1_0,refine,128,1,16,it0021,0.394652783870697,0.3509172201156616,0.15151515151515152,False,0
C1_0,refine,128,1,16,it0022,0.4545952081680298,0.47875410318374634,0.325,False,0
C1_0,refine,128,1,16,it0023,0.6576864123344421,0.5079290270805359,0.2777777777777778,False,0
C1_0,refine,128,1,16,it0024,0.5842834711074829,0.4180068373680115,0.07142857142857142,False,0
C1_0,refine,128,1,16,it0025,0.6223149299621582,0.49588924646377563,0.15,False,0
C1_0,refine,128,1,16,it0026,0.2839629352092743,0.1687748283147812,0.0,False,0
C1_0,refine,128,1,16,it0027,0.6588773727416992,0.5843591094017029,0.125,False,0
C1_0,refine,128,1,16,it0028,0.43806225061416626,0.4915010631084442,0.11904761904761904,False,0
C1_0,refine,128,1,16,it0029,0.19021929800510406,0.1710977554321289,0.0625,False,0
C1_0,refine,128,1,16,it0030,0.5781077742576599,0.49326956272125244,0.08,False,0
C1_0,refine,128,1,16,it0031,0.351990669965744,0.2460462599992752,0.16666666666666666,False,0
C1_0,refine,128,1,16,it0032,0.6455432772636414,0.5902578830718994,0.4074074074074074,False,0
C1_0,refine,128,1,16,it0033,0.4150705933570862,0.2740773558616638,0.23076923076923078,False,0
C1_0,refine,128,1,16,it0034,0.5060643553733826,0.41101890802383423,0.23333333333333334,False,0
C1_0,refine,128,1,16,it0035,0.2353985607624054,0.15557383000850677,0.46153846153846156,False,0
C1_0,refine,128,1,16,it0036,0.5498388409614563,0.42104414105415344,0.0,False,0
C1_0,refine,128,1,16,it0037,0.5685609579086304,0.5844259262084961,0.0,False,0
C1_0,refine,128,1,16,it0038,0.2935674786567688,0.06176130101084709,0.08108108108108109,False,0
C1_0,refine,128,1,16,it0039,0.492448627948761,0.3269617259502411,0.04878048780487805,False,0
C1_0,refine,128,1,16,it0040,0.2550015449523926,0.10823705792427063,0.0,False,0
C1_0,refine,128,1,16,it0041,0.646737813949585,0.4373878836631775,0.4090909090909091,False,0
C1_0,refine,128,1,16,it0042,0.4159611165523529,0.358432412147522,0.14814814814814814,False,0
C1_0,refine,128,1,16,it0043,0.2877618968486786,0.2097478210926056,0.0,False,0
C1_0,refine,128,1,16,it0044,0.4539102613925934,0.4338567852973938,0.6,False,0
C1_0,refine,128,1,16,it0045,0.2544499337673187,0.33850008249282837,0.23333333333333334,False,0
C1_0,refine,128,1,16,it0046,0.31893593072891235,0.2551943361759186,0.125,False,0
C1_0,refine,128,1,16,it0047,0.3534848093986511,0.22361010313034058,0.5,False,0
C1_0,refine,128,1,16,it0048,0.4932706356048584,0.5302215814590454,0.0,False,0
C1_0,refine,128,1,16,it0049,0.25816184282302856,0.4223172068595886,0.0,False,0
C1_0,refine,128,1,16,it0050,0.23524311184883118,0.04664091393351555,0.5,False,0
C1_0,refine,128,1,16,it0051,0.169987753033638,0.3814450204372406,0.034482758620689655,False,0
C1_0,refine,128,1,16,it0052,0.31487858295440674,0.23681384325027466,0.0,False,0
C1_0,refine,128,1,16,it0053,0.19015829265117645,0.2330392748117447,0.21621621621621623,False,0
C1_0,refine,128,1,16,it0054,0.31243517994880676,0.055428218096494675,0.20833333333333334,False,0
C1_0,refine,128,1,16,it0055,0.5142022967338562,0.44807469844818115,0.07692307692307693,False,0
C1_0,refine,128,1,16,it0056,0.3950733244419098,0.34296444058418274,0.3,False,0
C1_0,refine,128,1,16,it0057,0.5455650091171265,0.3819533586502075,0.08823529411764706,False,0
C1_0,refine,128,1,16,it0058,0.4130316376686096,0.32231375575065613,0.25,False,0
C1_0,refine,128,1,16,it0059,0.5202712416648865,0.4936562180519104,0.14285714285714285,False,0
C1_0,refine,128,1,16,it0060,0.4313915967941284,0.3111918866634369,0.058823529411764705,False,0
C1_0,refine,128,1,16,it0061,0.5334855914115906,0.6192479133605957,0.0,False,0
C1_0,refine,128,1,16,it0062,0.6254550218582153,0.5690662860870361,0.14285714285714285,False,0
C1_0,refine,128,1,16,it0063,0.41600608825683594,0.3865278959274292,0.0,False,0
C1_0,refine,128,1,16,it0064,0.3481282591819763,0.44900187849998474,0.1111111111111111,False,0
C1_0,refine,128,1,16,it0065,0.6103813648223877,0.5409111976623535,0.1794871794871795,False,0
C1_0,refine,128,1,16,it0066,0.2750760316848755,0.32217416167259216,0.14285714285714285,False,0
C1_0,refine,128,1,16,it0067,0.2775442898273468,0.234187513589859,0.1111111111111111,False,0
C1_0,refine,128,1,16,it0068,0.6580603718757629,0.5488138198852539,0.0,False,0
C1_0,refine,128,1,16,it0069,0.14415256679058075,0.21753476560115814,0.09090909090909091,False,0
C1_0,refine,128,1,16,it0070,0.28394365310668945,0.24905487895011902,0.0,False,0
C1_0,refine,128,1,16,it0071,0.6113301515579224,0.5396566390991211,0.10714285714285714,False,0
C1_0,refine,128,1,16,it0072,0.49384868144989014,0.4400101900100708,0.0,False,0
C1_0,refine,128,1,16,it0073,0.17970961332321167,0.19083738327026367,0.3103448275862069,False,0
C1_0,refine,128,1,16,it0074,0.3154307007789612,0.30398261547088623,0.2,False,0
C1_0,refine,128,1,16,it0075,0.25217509269714355,0.39364880323410034,0.13043478260869565,False,0
C1_0,refine,128,1,16,it0076,0.4982859492301941,0.28151261806488037,0.21739130434782608,False,0
C1_0,refine,128,1,16,it0077,0.39036762714385986,0.37479469180107117,0.25,False,0
C1_0,refine,128,1,16,it0078,0.3797509968280792,0.29982250928878784,0.19047619047619047,False,0
C1_0,refine,128,1,16,it0079,0.6580939292907715,0.6501563787460327,0.0,False,0
C1_0,refine,128,1,16,it0080,0.3794163763523102,0.23816607892513275,0.12195121951219512,False,0
C1_0,refine,128,1,16,it0081,0.33098965883255005,0.2888118326663971,0.03571428571428571,False,0
C1_0,refine,128,1,16,it0082,0.454741895198822,0.5459772944450378,0.11764705882352941,False,0
C1_0,refine,128,1,16,it0083,0.43809425830841064,0.3244784474372864,0.0,False,0
C1_0,refine,128,1,16,it0084,0.6313433051109314,0.5021501183509827,0.15555555555555556,False,0
C1_0,refine,128,1,16,it0085,0.4230172634124756,0.4562740921974182,0.0,False,0
C1_0,refine,128,1,16,it0086,0.6176461577415466,0.6493698358535767,0.058823529411764705,False,0
C1_0,refine,128,1,16,it0087,0.4661094844341278,0.4527188241481781,0.1875,False,0
C1_0,refine,128,1,16,it0088,0.34368157386779785,0.2665054202079773,0.19047619047619047,False,0
C1_0,refine,128,1,16,it0089,0.5086495876312256,0.3085903525352478,0.0,False,0
C1_0,refine,128,1,16,it0090,0.5176513195037842,0.4516677260398865,0.0,False,0
C1_0,refine,128,1,16,it0091,0.4775032699108124,0.3343227207660675,0.03225806451612903,False,0
C1_0,refine,128,1,16,it0092,0.47551873326301575,0.34467270970344543,0.02857142857142857,False,0
C1_0,refine,128,1,16,it0093,0.5310097336769104,0.43459653854370117,0.0,False,0
C1_0,refine,128,1,16,it0094,0.4903048574924469,0.4561670422554016,0.07692307692307693,False,0
C1_0,refine,128,1,16,it0095,0.4304957687854767,0.4627878963947296,0.2857142857142857,False,0
C1_0,refine,128,1,16,it0096,0.39741671085357666,0.3641621768474579,0.22727272727272727,False,0
C1_0,refine,128,1,16,it0097,0.6251575946807861,0.5679274797439575,0.0,False,0
C1_0,refine,128,1,16,it0098,0.5067142844200134,0.44840773940086365,0.18518518518518517,False,0
C1_0,refine,128,1,16,it0099,0.22591038048267365,0.13223090767860413,0.13043478260869565,False,0
C1_0,refine,128,1,16,it0100,0.548367977142334,0.6045246124267578,0.15384615384615385,False,0
C1_0,refine,128,1,16,it0101,0.11708331108093262,0.154978409409523,0.10526315789473684,False,0
C1_0,refine,128,1,16,it0102,0.3351350426673889,0.3330577611923218,0.07692307692307693,False,0
C1_0,refine,128,1,16,it0103,0.3455997705459595,0.4181023836135864,0.18181818181818182,False,0
C1_0,refine,128,1,16,it0104,0.5511595010757446,0.513343095779419,0.0,False,0
C1_0,refine,128,1,16,it0105,0.43271172046661377,0.5186793804168701,0.22857142857142856,False,0
C1_0,refine,128,1,16,it0106,0.3099944293498993,0.3779047727584839,0.041666666666666664,False,0
C1_0,refine,128,1,16,it0107,0.6054080724716187,0.46377289295196533,0.13043478260869565,False,0
C1_0,refine,128,1,16,it0108,0.5165740847587585,0.34291505813598633,0.0625,False,0
C1_0,refine,128,1,16,it0109,0.4191064238548279,0.3120652735233307,0.10526315789473684,False,0
C1_0,refine,128,1,16,it0110,0.19391049444675446,0.18533948063850403,0.2,False,0
C1_0,refine,128,1,16,it0111,0.25838232040405273,0.14851751923561096,0.3333333333333333,False,0
C1_0,refine,128,1,16,it0112,0.6558594703674316,0.5254669785499573,0.11363636363636363,False,0
C1_0,refine,128,1,16,it0113,0.5254465937614441,0.4407874643802643,0.06818181818181818,False,0
C1_0,refine,128,1,16,it0114,0.360140323638916,0.14385752379894257,0.1111111111111111,False,0
C1_0,refine,128,1,16,it0115,0.384583443403244,0.2536064386367798,0.07142857142857142,False,0
C1_0,refine,128,1,16,it0116,0.5317338109016418,0.21589472889900208,0.058823529411764705,False,0
C1_0,refine,128,1,16,it0117,0.40261387825012207,0.5553204417228699,0.0,False,0
C1_0,refine,128,1,16,it0118,0.5529688596725464,0.4026595950126648,0.4423076923076923,False,0
C1_0,refine,128,1,16,it0119,0.43890735507011414,0.35960468649864197,0.21428571428571427,False,0
C1_0,refine,128,1,16,it0120,0.636768102645874,0.5642278790473938,0.06666666666666667,False,0
C1_0,refine,128,1,16,it0121,0.4990069270133972,0.38457298278808594,0.2,False,0
C1_0,refine,128,1,16,it0122,0.3699098229408264,0.32662391662597656,0.36363636363636365,False,0
C1_0,refine,128,1,16,it0123,0.4350180923938751,0.4471314549446106,0.058823529411764705,False,0
C1_0,refine,128,1,16,it0124,0.5582035183906555,0.48855817317962646,0.06060606060606061,False,0
C1_0,refine,128,1,16,it0125,0.46979331970214844,0.2688259184360504,0.2564102564102564,False,0
C1_0,refine,128,1,16,it0126,0.3784954845905304,0.34035784006118774,0.1875,False,0
C1_0,refine,128,1,16,it0127,0.35538220405578613,0.3995712399482727,0.058823529411764705,False,0
C1_0,refine,128,1,16,it0128,0.45077285170555115,0.13607826828956604,0.0,False,0
C1_0,refine,128,1,16,it0129,0.27553173899650574,0.31113946437835693,0.0,False,0
C1_0,refine,128,1,16,it0130,0.1736171841621399,0.34369561076164246,0.0,False,0
C1_0,refine,128,1,16,it0131,0.34308528900146484,0.4122801125049591,0.22580645161290322,False,0
C1_0,refine,128,1,16,it0132,0.29365023970603943,0.4197629690170288,0.0,False,0
C1_0,refine,128,1,16,it0133,0.490384042263031,0.4163725972175598,0.0,False,0
C1_0,refine,128,1,16,it0134,0.41998571157455444,0.32959359884262085,0.10526315789473684,False,0
C1_0,refine,128,1,16,it0135,0.4012925624847412,0.42169827222824097,0.1282051282051282,False,0
C1_0,refine,128,1,16,it0136,0.42830508947372437,0.4613247811794281,0.0,False,0
C1_0,refine,128,1,16,it0137,0.4895159602165222,0.34129175543785095,0.3333333333333333,False,0
C1_0,refine,128,1,16,it0138,0.4901926517486572,0.4415828287601471,0.2777777777777778,False,0
C1_0,refine,128,1,16,it0139,0.46698883175849915,0.15732470154762268,0.0,False,0
C1_0,refine,128,1,16,it0140,0.5534996390342712,0.48748165369033813,0.041666666666666664,False,0
C1_0,refine,128,1,16,it0141,0.6355886459350586,0.6913327574729919,0.26666666666666666,False,0
C1_0,refine,128,1,16,it0142,0.3393095135688782,0.11157688498497009,0.04,False,0
C1_0,refine,128,1,16,it0143,0.439959853887558,0.4198842942714691,0.1875,False,0
C1_0,refine,128,1,16,it0144,0.5949695706367493,0.3006247878074646,0.17857142857142858,False,0
C1_0,refine,128,1,16,it0145,0.5184062719345093,0.6152514815330505,0.225,False,0
C1_0,refine,128,1,16,it0146,0.5392096042633057,0.5147562623023987,0.1,False,0
C1_0,refine,128,1,16,it0147,0.422496497631073,0.3954601287841797,0.0,False,0
C1_0,refine,128,1,16,it0148,0.1077844500541687,0.16619165241718292,0.14285714285714285,False,0
C1_0,refine,128,1,16,it0149,0.4852044880390167,0.43238773941993713,0.07142857142857142,False,0
C1_0,refine,128,1,16,it0150,0.3464280664920807,0.4022030532360077,0.038461538461538464,False,0
C1_0,refine,128,1,16,it0151,0.6140722632408142,0.516989529132843,0.0,False,0
C1_0,refine,128,1,16,it0152,0.4203941524028778,0.3344787359237671,0.0,False,0
C1_0,refine,128,1,16,it0153,0.3731202781200409,0.4192115068435669,0.16666666666666666,False,0
C1_0,refine,128,1,16,it0154,0.20273220539093018,0.06923779100179672,0.05263157894736842,False,0
C1_0,refine,128,1,16,it0155,0.2564365863800049,0.15778638422489166,0.03571428571428571,False,0
C1_0,refine,128,1,16,it0156,0.24357271194458008,0.19302304089069366,0.14285714285714285,False,0
C1_0,refine,128,1,16,it0157,0.5406830906867981,0.49429386854171753,0.0,False,0
C1_0,refine,128,1,16,it0158,0.4888632297515869,0.3320859968662262,0.10526315789473684,False,0
C1_0,refine,128,1,16,it0159,0.33634787797927856,0.24481242895126343,0.21428571428571427,False,0
C1_0,refine,128,1,16,it0160,0.4593125581741333,0.37759703397750854,0.0967741935483871,False,0
C1_0,refine,128,1,16,it0161,0.3196141719818115,0.3177482783794403,0.0,False,0
C1_0,refine,128,1,16,it0162,0.18963730335235596,0.2952387034893036,0.14814814814814814,False,0
C1_0,refine,128,1,16,it0163,0.4946032762527466,0.2798744738101959,0.0,False,0
C1_0,refine,128,1,16,it0164,0.5303369760513306,0.30972298979759216,0.0967741935483871,False,0
C1_0,refine,128,1,16,it0165,0.3034360408782959,0.23662233352661133,0.09090909090909091,False,0
C1_0,refine,128,1,16,it0166,0.4558565616607666,0.23121598362922668,0.16666666666666666,False,0
C1_0,refine,128,1,16,it0167,0.49812668561935425,0.395090252161026,0.21052631578947367,False,0
C1_0,refine,128,1,16,it0168,0.27709320187568665,0.1805112361907959,0.2,False,0
C1_0,refine,128,1,16,it0169,0.3135119378566742,0.32920223474502563,0.05,False,0
C1_0,refine,128,1,16,it0170,0.4631310701370239,0.3886849880218506,0.17647058823529413,False,0
C1_0,refine,128,1,16,it0171,0.6175697445869446,0.5363753437995911,0.14285714285714285,False,0
C1_0,refine,128,1,16,it0172,0.1503320336341858,0.24932385981082916,0.0,False,0
C1_0,refine,128,1,16,it0173,0.694281816482544,0.6977639198303223,0.06666666666666667,False,0
C1_0,refine,128,1,16,it0174,0.41044944524765015,0.2653213143348694,0.0,False,0
C1_0,refine,128,1,16,it0175,0.1717054396867752,0.0012222900986671448,0.06666666666666667,False,0
C1_0,refine,128,1,16,it0176,0.3373447060585022,0.2428094446659088,0.1111111111111111,False,0
C1_0,refine,128,1,16,it0177,0.2950945496559143,0.40953272581100464,0.05263157894736842,False,0
C1_0,refine,128,1,16,it0178,0.2543780505657196,0.1411944180727005,0.47058823529411764,False,0
C1_0,refine,128,1,16,it0179,0.6042217016220093,0.6289284825325012,0.06451612903225806,False,0
C1_0,refine,128,1,16,it0180,0.40409591794013977,0.3986082375049591,0.07142857142857142,False,0
C1_0,refine,128,1,16,it0181,0.43397992849349976,0.4605751633644104,0.024390243902439025,False,0
C1_0,refine,128,1,16,it0182,0.5684611201286316,0.39996761083602905,0.0,False,0
C1_0,refine,128,1,16,it0183,0.5533367395401001,0.4866876006126404,0.04,False,0
C1_0,refine,128,1,16,it0184,0.37681844830513,0.2982971966266632,0.2,False,0
C1_0,refine,128,1,16,it0185,0.368153840303421,0.46133244037628174,0.16129032258064516,False,0
C1_0,refine,128,1,16,it0186,0.5207504034042358,0.46005499362945557,0.08333333333333333,False,0
C1_0,refine,128,1,16,it0187,0.43611255288124084,0.3763371407985687,0.125,False,0
C1_0,refine,128,1,16,it0188,0.4079829156398773,0.2972714900970459,0.0,False,0
C1_0,refine,128,1,16,it0189,0.2382664978504181,0.15844783186912537,0.05,False,0
C1_0,refine,128,1,16,it0190,0.49945858120918274,0.3719046711921692,0.0,False,0
C1_0,refine,128,1,16,it0191,0.39122867584228516,0.36033982038497925,0.2,False,0
C1_0,refine,128,1,16,it0192,0.5598286390304565,0.5723214149475098,0.18518518518518517,False,0
C1_0,refine,128,1,16,it0193,0.44142264127731323,0.1898169219493866,0.25,False,0
C1_0,refine,128,1,16,it0194,0.6128714680671692,0.5727850198745728,0.0,False,0
C1_0,refine,128,1,16,it0195,0.5842745900154114,0.45651477575302124,0.4230769230769231,False,0
C1_0,refine,128,1,16,it0196,0.4243631064891815,0.3058921992778778,0.35714285714285715,False,0
C1_0,refine,128,1,16,it0197,0.2780221700668335,0.3352418839931488,0.0,False,0
C1_0,refine,128,1,16,it0198,0.2858351171016693,0.16734927892684937,0.0,False,0
C1_0,refine,128,1,16,it0199,0.4289710819721222,0.41185885667800903,0.11764705882352941,False,0
C1_0,refine,256,1,32,it0000,0.5779114961624146,0.5354129076004028,0.043478260869565216,False,0
C1_0,refine,256,1,32,it0001,0.34860873222351074,0.20168116688728333,0.3333333333333333,False,0
C1_0,refine,256,1,32,it0002,0.3717365860939026,0.2847352921962738,0.3333333333333333,False,0
C1_0,refine,256,1,32,it0003,0.30466991662979126,0.30485445261001587,0.2,False,0
C1_0,refine,256,1,32,it0004,0.5168921947479248,0.3174901306629181,0.125,False,0
C1_0,refine,256,1,32,it0005,0.4323960244655609,0.3282310962677002,0.07407407407407407,False,0
C1_0,refine,256,1,32,it0006,0.268786758184433,0.2667829990386963,0.1111111111111111,False,0
C1_0,refine,256,1,32,it0007,0.31429508328437805,0.3126819133758545,0.022727272727272728,False,0
C1_0,refine,256,1,32,it0008,0.37499675154685974,0.24544201791286469,0.19047619047619047,False,0
C1_0,refine,256,1,32,it0009,0.5492200255393982,0.47757041454315186,0.0,False,0
C1_0,refine,256,1,32,it0010,0.5756637454032898,0.523617148399353,0.1111111111111111,False,0
C1_0,refine,256,1,32,it0011,0.46096882224082947,0.4036082327365875,0.0,False,0
C1_0,refine,256,1,32,it0012,0.5159019231796265,0.40258926153182983,0.6206896551724138,False,0
C1_0,refine,256,1,32,it0013,0.48408201336860657,0.5191240906715393,0.07407407407407407,False,0
C1_0,refine,256,1,32,it0014,0.5357587933540344,0.31043192744255066,0.13333333333333333,False,0
C1_0,refine,256,1,32,it0015,0.31479430198669434,0.3826538026332855,0.058823529411764705,False,0
C1_0,refine,256,1,32,it0016,0.6013482213020325,0.46730923652648926,0.058823529411764705,False,0
C1_0,refine,256,1,32,it0017,0.5631008148193359,0.3962435722351074,0.06666666666666667,False,0
C1_0,refine,256,1,32,it0018,0.25532570481300354,0.26322028040885925,0.058823529411764705,False,0
C1_0,refine,256,1,32,it0019,0.6873605251312256,0.5020009875297546,0.2826086956521739,False,0
C1_0,refine,256,1,32,it0020,0.2832815945148468,0.23588135838508606,0.15384615384615385,False,0
C1_0,refine,256,1,32,it0021,0.41505903005599976,0.4059147834777832,0.24242424242424243,False,0
C1_0,refine,256,1,32,it0022,0.3612092435359955,0.41902536153793335,0.425,False,0
C1_0,refine,256,1,32,it0023,0.5592450499534607,0.529345691204071,0.2777777777777778,False,0
C1_0,refine,256,1,32,it0024,0.5736832022666931,0.39412954449653625,0.21428571428571427,False,0
C1_0,refine,256,1,32,it0025,0.6479483842849731,0.5393834114074707,0.15,False,0
C1_0,refine,256,1,32,it0026,0.33517277240753174,0.1865883618593216,0.125,False,0
C1_0,refine,256,1,32,it0027,0.6729621887207031,0.5911140441894531,0.0,False,0
C1_0,refine,256,1,32,it0028,0.476408451795578,0.42502686381340027,0.11904761904761904,False,0
C1_0,refine,256,1,32,it0029,0.2929285168647766,0.4743773341178894,0.0,False,0
C1_0,refine,256,1,32,it0030,0.5402902960777283,0.44604960083961487,0.08,False,0
C1_0,refine,256,1,32,it0031,0.22530651092529297,0.28464964032173157,0.1111111111111111,False,0
C1_0,refine,256,1,32,it0032,0.6390203237533569,0.5450887680053711,0.1111111111111111,False,0
C1_0,refine,256,1,32,it0033,0.4193311929702759,0.16262641549110413,0.0,False,0
C1_0,refine,256,1,32,it0034,0.3864057660102844,0.5089275240898132,0.1,False,0
C1_0,refine,256,1,32,it0035,0.3199695944786072,0.21047699451446533,0.0,False,0
C1_0,refine,256,1,32,it0036,0.5450161695480347,0.4092928171157837,0.16666666666666666,False,0
C1_0,refine,256,1,32,it0037,0.6122729182243347,0.5433862209320068,0.06666666666666667,False,0
C1_0,refine,256,1,32,it0038,0.25569847226142883,0.10049286484718323,0.02702702702702703,False,0
C1_0,refine,256,1,32,it0039,0.5534574389457703,0.48483529686927795,0.12195121951219512,False,0
C1_0,refine,256,1,32,it0040,0.38632848858833313,0.1974424421787262,0.0,False,0
C1_0,refine,256,1,32,it0041,0.5848575234413147,0.3064287602901459,0.13636363636363635,False,0
C1_0,refine,256,1,32,it0042,0.3640013039112091,0.2990601658821106,0.18518518518518517,False,0
C1_0,refine,256,1,32,it0043,0.36380547285079956,0.30330461263656616,0.11538461538461539,False,0
C1_0,refine,256,1,32,it0044,0.5000876784324646,0.23354585468769073,0.72,False,0
C1_0,refine,256,1,32,it0045,0.24395054578781128,0.34449502825737,0.2,False,0
C1_0,refine,256,1,32,it0046,0.33257609605789185,0.2601141631603241,0.125,False,0
C1_0,refine,256,1,32,it0047,0.2957882583141327,0.35637372732162476,0.4,False,0
C1_0,refine,256,1,32,it0048,0.5047115683555603,0.4022539556026459,0.375,False,0
C1_0,refine,256,1,32,it0049,0.3132202625274658,0.37799590826034546,0.18181818181818182,False,0
C1_0,refine,256,1,32,it0050,0.0831865668296814,0.07460111379623413,0.4090909090909091,False,0
C1_0,refine,256,1,32,it0051,0.17077912390232086,0.4235042929649353,0.0,False,0
C1_0,refine,256,1,32,it0052,0.2628268003463745,0.289714515209198,0.0,False,0
C1_0,refine,256,1,32,it0053,0.07731699198484421,0.16528970003128052,0.43243243243243246,False,0
C1_0,refine,256,1,32,it0054,0.24154070019721985,0.12975051999092102,0.20833333333333334,False,0
C1_0,refine,256,1,32,it0055,0.4816725552082062,0.5036479830741882,0.07692307692307693,False,0
C1_0,refine,256,1,32,it0056,0.3581611216068268,0.206326425075531,0.4,False,0
C1_0,refine,256,1,32,it0057,0.5709547400474548,0.3001192510128021,0.35294117647058826,False,0
C1_0,refine,256,1,32,it0058,0.21151527762413025,0.30071771144866943,0.3333333333333333,False,0
C1_0,refine,256,1,32,it0059,0.5666736960411072,0.5837071537971497,0.10714285714285714,False,0
C1_0,refine,256,1,32,it0060,0.4602534770965576,0.3289470970630646,0.0,False,0
C1_0,refine,256,1,32,it0061,0.49755173921585083,0.5894066095352173,0.0,False,0
C1_0,refine,256,1,32,it0062,0.5588230490684509,0.41530752182006836,0.38095238095238093,False,0
C1_0,refine,256,1,32,it0063,0.3023299276828766,0.3039117455482483,0.20689655172413793,False,0
C1_0,refine,256,1,32,it0064,0.38523566722869873,0.36939525604248047,0.1111111111111111,False,0
C1_0,refine,256,1,32,it0065,0.6490691900253296,0.5672587156295776,0.07692307692307693,False,0
C1_0,refine,256,1,32,it0066,0.24145153164863586,0.3060653805732727,0.2857142857142857,False,0
C1_0,refine,256,1,32,it0067,0.20160497725009918,0.07094427943229675,0.1111111111111111,False,0
C1_0,refine,256,1,32,it0068,0.6454125642776489,0.5709304213523865,0.0,False,0
C1_0,refine,256,1,32,it0069,0.22129841148853302,0.3536837100982666,0.09090909090909091,False,0
C1_0,refine,256,1,32,it0070,0.464888334274292,0.46135151386260986,0.06666666666666667,False,0
C1_0,refine,256,1,32,it0071,0.5269315838813782,0.5339184999465942,0.07142857142857142,False,0
C1_0,refine,256,1,32,it0072,0.4298771619796753,0.42071521282196045,0.09090909090909091,False,0
C1_0,refine,256,1,32,it0073,0.10190299898386002,0.2580009698867798,0.27586206896551724,False,0
C1_0,refine,256,1,32,it0074,0.43375974893569946,0.28198766708374023,0.06666666666666667,False,0
C1_0,refine,256,1,32,it0075,0.30718332529067993,0.45406344532966614,0.043478260869565216,False,0
C1_0,refine,256,1,32,it0076,0.47547996044158936,0.2526763379573822,0.08695652173913043,False,0
C1_0,refine,256,1,32,it0077,0.5129838585853577,0.4023578464984894,0.25,False,0
C1_0,refine,256,1,32,it0078,0.31109392642974854,0.28560054302215576,0.14285714285714285,False,0
C1_0,refine,256,1,32,it0079,0.5975730419158936,0.5435969233512878,0.0,False,0
C1_0,refine,256,1,32,it0080,0.37288719415664673,0.2221062332391739,0.3170731707317073,False,0
C1_0,refine,256,1,32,it0081,0.28157028555870056,0.3227190375328064,0.07142857142857142,False,0
C1_0,refine,256,1,32,it0082,0.44322729110717773,0.4903545677661896,0.0,False,0
C1_0,refine,256,1,32,it0083,0.5531003475189209,0.39934632182121277,0.029411764705882353,False,0
C1_0,refine,256,1,32,it0084,0.508117139339447,0.33076798915863037,0.022222222222222223,False,0
C1_0,refine,256,1,32,it0085,0.5248871445655823,0.35446813702583313,0.0,False,0
C1_0,refine,256,1,32,it0086,0.5262227058410645,0.4848290681838989,0.4117647058823529,False,0
C1_0,refine,256,1,32,it0087,0.6024975776672363,0.6396220922470093,0.1875,False,0
C1_0,refine,256,1,32,it0088,0.34401142597198486,0.3313237428665161,0.0,False,0
C1_0,refine,256,1,32,it0089,0.448805034160614,0.2192172408103943,0.041666666666666664,False,0
C1_0,refine,256,1,32,it0090,0.5721098184585571,0.45026540756225586,0.0,False,0
C1_0,refine,256,1,32,it0091,0.40421369671821594,0.46017518639564514,0.06451612903225806,False,0
C1_0,refine,256,1,32,it0092,0.5028752684593201,0.41128653287887573,0.08571428571428572,False,0
C1_0,refine,256,1,32,it0093,0.43869447708129883,0.20878419280052185,0.05263157894736842,False,0
C1_0,refine,256,1,32,it0094,0.516986608505249,0.5070618391036987,0.0,False,0
C1_0,refine,256,1,32,it0095,0.4127381443977356,0.5651988387107849,0.09523809523809523,False,0
C1_0,refine,256,1,32,it0096,0.4987688958644867,0.3897632360458374,0.09090909090909091,False,0
C1_0,refine,256,1,32,it0097,0.6318454742431641,0.6704891920089722,0.0,False,0
C1_0,refine,256,1,32,it0098,0.48740071058273315,0.4169834852218628,0.37037037037037035,False,0
C1_0,refine,256,1,32,it0099,0.23904848098754883,0.18415600061416626,0.0,False,0
C1_0,refine,256,1,32,it0100,0.7090628743171692,0.5699754357337952,0.0,False,0
C1_0,refine,256,1,32,it0101,0.1447952687740326,0.19122998416423798,0.07894736842105263,False,0
C1_0,refine,256,1,32,it0102,0.37799230217933655,0.4706133008003235,0.0,False,0
C1_0,refine,256,1,32,it0103,0.23701682686805725,0.2558152675628662,0.22727272727272727,False,0
C1_0,refine,256,1,32,it0104,0.4489244222640991,0.47826269268989563,0.0,False,0
C1_0,refine,256,1,32,it0105,0.35177794098854065,0.6134369969367981,0.2,False,0
C1_0,refine,256,1,32,it0106,0.4085124433040619,0.3343420922756195,0.0,False,0
C1_0,refine,256,1,32,it0107,0.49651360511779785,0.4281863570213318,0.043478260869565216,False,0
C1_0,refine,256,1,32,it0108,0.43906891345977783,0.30685746669769287,0.25,False,0
C1_0,refine,256,1,32,it0109,0.4519553780555725,0.447864294052124,0.2631578947368421,False,0
C1_0,refine,256,1,32,it0110,0.20334845781326294,0.10814675688743591,0.36666666666666664,False,0
C1_0,refine,256,1,32,it0111,0.35452592372894287,0.17746037244796753,0.15151515151515152,False,0
C1_0,refine,256,1,32,it0112,0.5891681909561157,0.5656615495681763,0.11363636363636363,False,0
C1_0,refine,256,1,32,it0113,0.5280266404151917,0.44337743520736694,0.06818181818181818,False,0
C1_0,refine,256,1,32,it0114,0.427674263715744,0.41446104645729065,0.16666666666666666,False,0
C1_0,refine,256,1,32,it0115,0.34352853894233704,0.2317098081111908,0.2857142857142857,False,0
C1_0,refine,256,1,32,it0116,0.46137887239456177,0.28132694959640503,0.0,False,0
C1_0,refine,256,1,32,it0117,0.41921713948249817,0.44988691806793213,0.0,False,0
C1_0,refine,256,1,32,it0118,0.4542517066001892,0.457627534866333,0.19230769230769232,False,0
C1_0,refine,256,1,32,it0119,0.4467088282108307,0.3936454653739929,0.21428571428571427,False,0
C1_0,refine,256,1,32,it0120,0.6021570563316345,0.4922214150428772,0.06666666666666667,False,0
C1_0,refine,256,1,32,it0121,0.46059998869895935,0.46661078929901123,0.2,False,0
C1_0,refine,256,1,32,it0122,0.21500375866889954,0.2689637243747711,0.36363636363636365,False,0
C1_0,refine,256,1,32,it0123,0.26074546575546265,0.323538213968277,0.11764705882352941,False,0
C1_0,refine,256,1,32,it0124,0.5316435098648071,0.4313993453979492,0.15151515151515152,False,0
C1_0,refine,256,1,32,it0125,0.5001330971717834,0.2845093309879303,0.15384615384615385,False,0
C1_0,refine,256,1,32,it0126,0.4372550845146179,0.27090349793434143,0.125,False,0
C1_0,refine,256,1,32,it0127,0.3540347218513489,0.3285031020641327,0.0,False,0
C1_0,refine,256,1,32,it0128,0.40259045362472534,0.4107553958892822,0.0,False,0
C1_0,refine,256,1,32,it0129,0.1865568459033966,0.1247483640909195,0.0,False,0
C1_0,refine,256,1,32,it0130,0.14816254377365112,0.15004965662956238,0.0,False,0
C1_0,refine,256,1,32,it0131,0.3848719000816345,0.43414393067359924,0.12903225806451613,False,0
C1_0,refine,256,1,32,it0132,0.2796803414821625,0.22623878717422485,0.07142857142857142,False,0
C1_0,refine,256,1,32,it0133,0.48879674077033997,0.5191935300827026,0.0,False,0
C1_0,refine,256,1,32,it0134,0.38729584217071533,0.3546225428581238,0.0,False,0
C1_0,refine,256,1,32,it0135,0.42501938343048096,0.3820747435092926,0.20512820512820512,False,0
C1_0,refine,256,1,32,it0136,0.4751759469509125,0.5710564851760864,0.1,False,0
C1_0,refine,256,1,32,it0137,0.47950491309165955,0.3787185549736023,0.16666666666666666,False,0
C1_0,refine,256,1,32,it0138,0.5799106955528259,0.46010226011276245,0.1111111111111111,False,0
C1_0,refine,256,1,32,it0139,0.5439437627792358,0.27748775482177734,0.0,False,0
C1_0,refine,256,1,32,it0140,0.42054468393325806,0.38698500394821167,0.041666666666666664,False,0
C1_0,refine,256,1,32,it0141,0.5920106172561646,0.6364100575447083,0.06666666666666667,False,0
C1_0,refine,256,1,32,it0142,0.18078172206878662,0.08296320587396622,0.2,False,0
C1_0,refine,256,1,32,it0143,0.3340858817100525,0.4183485209941864,0.0,False,0
C1_0,refine,256,1,32,it0144,0.46944236755371094,0.30851447582244873,0.10714285714285714,False,0
C1_0,refine,256,1,32,it0145,0.5218313336372375,0.6420938372612,0.025,False,0
C1_0,refine,256,1,32,it0146,0.5220469236373901,0.5015748739242554,0.1,False,0
C1_0,refine,256,1,32,it0147,0.4685193598270416,0.3310428857803345,0.08695652173913043,False,0
C1_0,refine,256,1,32,it0148,0.11774834245443344,0.10262197256088257,0.10714285714285714,False,0
C1_0,refine,256,1,32,it0149,0.4110041856765747,0.4344500005245209,0.14285714285714285,False,0
C1_0,refine,256,1,32,it0150,0.4188099205493927,0.3915351331233978,0.3076923076923077,False,0
C1_0,refine,256,1,32,it0151,0.5830857753753662,0.4315425157546997,0.17647058823529413,False,0
C1_0,refine,256,1,32,it0152,0.366702675819397,0.2897021770477295,0.0,False,0
C1_0,refine,256,1,32,it0153,0.36129310727119446,0.36092278361320496,0.2857142857142857,False,0
C1_0,refine,256,1,32,it0154,0.18941424787044525,0.15336091816425323,0.15789473684210525,False,0
C1_0,refine,256,1,32,it0155,0.297363817691803,0.2611711025238037,0.0,False,0
C1_0,refine,256,1,32,it0156,0.28930386900901794,0.18260151147842407,0.14285714285714285,False,0
C1_0,refine,256,1,32,it0157,0.5275645852088928,0.5115954279899597,0.11627906976744186,False,0
C1_0,refine,256,1,32,it0158,0.2640225887298584,0.3012771010398865,0.05263157894736842,False,0
C1_0,refine,256,1,32,it0159,0.42446255683898926,0.26785194873809814,0.14285714285714285,False,0
C1_0,refine,256,1,32,it0160,0.4615379869937897,0.4456062912940979,0.16129032258064516,False,0
C1_0,refine,256,1,32,it0161,0.3667779564857483,0.37177103757858276,0.034482758620689655,False,0
C1_0,refine,256,1,32,it0162,0.19799625873565674,0.2478116750717163,0.1111111111111111,False,0
C1_0,refine,256,1,32,it0163,0.34495288133621216,0.3416348397731781,0.0,False,0
C1_0,refine,256,1,32,it0164,0.544153094291687,0.3181019425392151,0.12903225806451613,False,0
C1_0,refine,256,1,32,it0165,0.2665077745914459,0.1786087304353714,0.030303030303030304,False,0
C1_0,refine,256,1,32,it0166,0.4598410129547119,0.2652931213378906,0.08333333333333333,False,0
C1_0,refine,256,1,32,it0167,0.34902480244636536,0.4409044086933136,0.05263157894736842,False,0
C1_0,refine,256,1,32,it0168,0.20734688639640808,0.26856112480163574,0.1,False,0
C1_0,refine,256,1,32,it0169,0.3570960760116577,0.3265605866909027,0.15,False,0
C1_0,refine,256,1,32,it0170,0.4075278043746948,0.3037320077419281,0.17647058823529413,False,0
C1_0,refine,256,1,32,it0171,0.5632696151733398,0.530802845954895,0.0,False,0
C1_0,refine,256,1,32,it0172,0.23961059749126434,0.25048741698265076,0.0,False,0
C1_0,refine,256,1,32,it0173,0.658013105392456,0.6012293696403503,0.0,False,0
C1_0,refine,256,1,32,it0174,0.5279598236083984,0.23956182599067688,0.125,False,0
C1_0,refine,256,1,32,it0175,0.15988105535507202,0.09723211824893951,0.0,False,0
C1_0,refine,256,1,32,it0176,0.3580401837825775,0.3928678035736084,0.0,False,0
C1_0,refine,256,1,32,it0177,0.3288796842098236,0.5545991063117981,0.0,False,0
C1_0,refine,256,1,32,it0178,0.31381213665008545,0.10029161721467972,0.11764705882352941,False,0
C1_0,refine,256,1,32,it0179,0.6361469030380249,0.6936563849449158,0.22580645161290322,False,0
C1_0,refine,256,1,32,it0180,0.3122865855693817,0.4231486916542053,0.07142857142857142,False,0
C1_0,refine,256,1,32,it0181,0.5552642345428467,0.5344352722167969,0.0,False,0
C1_0,refine,256,1,32,it0182,0.5097964406013489,0.40634897351264954,0.16,False,0
C1_0,refine,256,1,32,it0183,0.5364212393760681,0.5731250047683716,0.08,False,0
C1_0,refine,256,1,32,it0184,0.20711076259613037,0.12214788794517517,0.2,False,0
C1_0,refine,256,1,32,it0185,0.47417792677879333,0.4645652174949646,0.2903225806451613,False,0
C1_0,refine,256,1,32,it0186,0.5061361193656921,0.5053727030754089,0.08333333333333333,False,0
C1_0,refine,256,1,32,it0187,0.360373318195343,0.38072529435157776,0.0625,False,0
C1_0,refine,256,1,32,it0188,0.4272631108760834,0.42148908972740173,0.0,False,0
C1_0,refine,256,1,32,it0189,0.43534040451049805,0.35324493050575256,0.15,False,0
C1_0,refine,256,1,32,it0190,0.6086444854736328,0.4660654067993164,0.1875,False,0
C1_0,refine,256,1,32,it0191,0.32631513476371765,0.22460275888442993,0.2,False,0
C1_0,refine,256,1,32,it0192,0.5543500185012817,0.5277341604232788,0.07407407407407407,False,0
C1_0,refine,256,1,32,it0193,0.5063110589981079,0.22273091971874237,0.125,False,0
C1_0,refine,256,1,32,it0194,0.5964924097061157,0.6810682415962219,0.0,False,0
C1_0,refine,256,1,32,it0195,0.5892786383628845,0.46604394912719727,0.2692307692307692,False,0
C1_0,refine,256,1,32,it0196,0.3925095498561859,0.3547613322734833,0.21428571428571427,False,0
C1_0,refine,256,1,32,it0197,0.3271448612213135,0.33262667059898376,0.0,False,0
C1_0,refine,256,1,32,it0198,0.2164129912853241,0.17046575248241425,0.0,False,0
C1_0,refine,256,1,32,it0199,0.3909286856651306,0.3551720380783081,0.058823529411764705,False,0
C1_0,refine,512,1,64,it0000,0.45550405979156494,0.4409574866294861,0.043478260869565216,False,0
C1_0,refine,512,1,64,it0001,0.47227486968040466,0.34711435437202454,0.5,False,0
C1_0,refine,512,1,64,it0002,0.2868883013725281,0.20359961688518524,0.26666666666666666,False,0
C1_0,refine,512,1,64,it0003,0.4176733195781708,0.28806090354919434,0.06666666666666667,False,0
C1_0,refine,512,1,64,it0004,0.4830162227153778,0.25512126088142395,0.375,False,0
C1_0,refine,512,1,64,it0005,0.49800288677215576,0.4078315496444702,0.07407407407407407,False,0
C1_0,refine,512,1,64,it0006,0.24066008627414703,0.18361394107341766,0.05555555555555555,False,0
C1_0,refine,512,1,64,it0007,0.20873332023620605,0.14553095400333405,0.06818181818181818,False,0
C1_0,refine,512,1,64,it0008,0.40012261271476746,0.31348204612731934,0.3333333333333333,False,0
C1_0,refine,512,1,64,it0009,0.5485214591026306,0.5505362153053284,0.1111111111111111,False,0
C1_0,refine,512,1,64,it0010,0.6327130198478699,0.5385377407073975,0.3333333333333333,False,0
C1_0,refine,512,1,64,it0011,0.3797888159751892,0.40328148007392883,0.0,False,0
C1_0,refine,512,1,64,it0012,0.341924786567688,0.2016342282295227,0.5517241379310345,False,0
C1_0,refine,512,1,64,it0013,0.5771661996841431,0.6383762359619141,0.0,False,0
C1_0,refine,512,1,64,it0014,0.522329568862915,0.41160473227500916,0.0,False,0
C1_0,refine,512,1,64,it0015,0.40522268414497375,0.4741503894329071,0.11764705882352941,False,0
C1_0,refine,512,1,64,it0016,0.5611082911491394,0.4170672595500946,0.029411764705882353,False,0
C1_0,refine,512,1,64,it0017,0.4077100157737732,0.25022488832473755,0.06666666666666667,False,0
C1_0,refine,512,1,64,it0018,0.28875601291656494,0.16154319047927856,0.029411764705882353,False,0
C1_0,refine,512,1,64,it0019,0.6609175801277161,0.5740739703178406,0.15217391304347827,False,0
C1_0,refine,512,1,64,it0020,0.4168442487716675,0.25663265585899353,0.38461538461538464,False,0
C1_0,refine,512,1,64,it0021,0.4091968536376953,0.36365044116973877,0.06060606060606061,False,0
C1_0,refine,512,1,64,it0022,0.4488864541053772,0.40583157539367676,0.15,False,0
C1_0,refine,512,1,64,it0023,0.6124417781829834,0.5697939395904541,0.1111111111111111,False,0
C1_0,refine,512,1,64,it0024,0.5842956304550171,0.36642342805862427,0.21428571428571427,False,0
C1_0,refine,512,1,64,it0025,0.5874273777008057,0.5338786244392395,0.05,False,0
C1_0,refine,512,1,64,it0026,0.2560344934463501,0.20934519171714783,0.125,False,0
C1_0,refine,512,1,64,it0027,0.7232030630111694,0.6892123818397522,0.0,False,0
C1_0,refine,512,1,64,it0028,0.44119319319725037,0.49428683519363403,0.09523809523809523,False,0
C1_0,refine,512,1,64,it0029,0.23695996403694153,0.3657282590866089,0.0,False,0
C1_0,refine,512,1,64,it0030,0.40360894799232483,0.3355340361595154,0.0,False,0
C1_0,refine,512,1,64,it0031,0.3065788149833679,0.19543050229549408,0.2777777777777778,False,0
C1_0,refine,512,1,64,it0032,0.6589823961257935,0.5829096436500549,0.1111111111111111,False,0
C1_0,refine,512,1,64,it0033,0.4150451719760895,0.2931923568248749,0.0,False,0
C1_0,refine,512,1,64,it0034,0.4853801429271698,0.4963248074054718,0.13333333333333333,False,0
C1_0,refine,512,1,64,it0035,0.27720004320144653,0.24630582332611084,0.23076923076923078,False,0
C1_0,refine,512,1,64,it0036,0.6007671356201172,0.44331735372543335,0.0,False,0
C1_0,refine,512,1,64,it0037,0.5617692470550537,0.5144686698913574,0.0,False,0
C1_0,refine,512,1,64,it0038,0.2929900884628296,0.060955729335546494,0.10810810810810811,False,0
C1_0,refine,512,1,64,it0039,0.48439544439315796,0.3482329845428467,0.024390243902439025,False,0
C1_0,refine,512,1,64,it0040,0.21875083446502686,0.16278979182243347,0.0,False,0
C1_0,refine,512,1,64,it0041,0.576356828212738,0.35317426919937134,0.3181818181818182,False,0
C1_0,refine,512,1,64,it0042,0.49462488293647766,0.5304055213928223,0.14814814814814814,False,0
C1_0,refine,512,1,64,it0043,0.2305409163236618,0.19584892690181732,0.0,False,0
C1_0,refine,512,1,64,it0044,0.36543533205986023,0.3541013300418854,0.64,False,0
C1_0,refine,512,1,64,it0045,0.2486388236284256,0.34838956594467163,0.0,False,0
C1_0,refine,512,1,64,it0046,0.3271421194076538,0.3321951925754547,0.125,False,0
C1_0,refine,512,1,64,it0047,0.3099994659423828,0.4043805003166199,0.55,False,0
C1_0,refine,512,1,64,it0048,0.47539761662483215,0.3410545885562897,0.375,False,0
C1_0,refine,512,1,64,it0049,0.26278749108314514,0.5133342742919922,0.2727272727272727,False,0
C1_0,refine,512,1,64,it0050,0.05758687108755112,-0.03810872882604599,0.4090909090909091,False,0
C1_0,refine,512,1,64,it0051,0.1570359766483307,0.44708508253097534,0.06896551724137931,False,0
C1_0,refine,512,1,64,it0052,0.25606662034988403,0.21845436096191406,0.0,False,0
C1_0,refine,512,1,64,it0053,0.11310409754514694,0.22924469411373138,0.2972972972972973,False,0
C1_0,refine,512,1,64,it0054,0.22703996300697327,0.09242154657840729,0.08333333333333333,False,0
C1_0,refine,512,1,64,it0055,0.6129111051559448,0.585260272026062,0.0,False,0
C1_0,refine,512,1,64,it0056,0.34740814566612244,0.16725169122219086,0.2,False,0
C1_0,refine,512,1,64,it0057,0.44538119435310364,0.39916858077049255,0.14705882352941177,False,0
C1_0,refine,512,1,64,it0058,0.33516302704811096,0.311833918094635,0.25,False,0
C1_0,refine,512,1,64,it0059,0.5040963888168335,0.5219714641571045,0.21428571428571427,False,0
C1_0,refine,512,1,64,it0060,0.3809899389743805,0.2743833661079407,0.0,False,0
C1_0,refine,512,1,64,it0061,0.4850349724292755,0.5465567111968994,0.02857142857142857,False,0
C1_0,refine,512,1,64,it0062,0.6160097122192383,0.4735810458660126,0.2857142857142857,False,0
C1_0,refine,512,1,64,it0063,0.3991180658340454,0.2121155858039856,0.034482758620689655,False,0
C1_0,refine,512,1,64,it0064,0.35318446159362793,0.36868464946746826,0.05555555555555555,False,0
C1_0,refine,512,1,64,it0065,0.6029415726661682,0.569761335849762,0.20512820512820512,False,0
C1_0,refine,512,1,64,it0066,0.38836756348609924,0.43542248010635376,0.23809523809523808,False,0
C1_0,refine,512,1,64,it0067,0.24947956204414368,0.26855772733688354,0.1111111111111111,False,0
C1_0,refine,512,1,64,it0068,0.684559166431427,0.6214669346809387,0.0,False,0
C1_0,refine,512,1,64,it0069,0.2305336892604828,0.23116716742515564,0.09090909090909091,False,0
C1_0,refine,512,1,64,it0070,0.27109530568122864,0.26762959361076355,0.0,False,0
C1_0,refine,512,1,64,it0071,0.485456645488739,0.3881499171257019,0.2857142857142857,False,0
C1_0,refine,512,1,64,it0072,0.45545056462287903,0.5110940337181091,0.045454545454545456,False,0
C1_0,refine,512,1,64,it0073,0.16573023796081543,0.18199177086353302,0.4827586206896552,False,0
C1_0,refine,512,1,64,it0074,0.3281615972518921,0.31606215238571167,0.06666666666666667,False,0
C1_0,refine,512,1,64,it0075,0.3058822751045227,0.3725953698158264,0.043478260869565216,False,0
C1_0,refine,512,1,64,it0076,0.423246830701828,0.24938978254795074,0.13043478260869565,False,0
C1_0,refine,512,1,64,it0077,0.4381319582462311,0.3283126652240753,0.3333333333333333,False,0
C1_0,refine,512,1,64,it0078,0.32184481620788574,0.24661488831043243,0.09523809523809523,False,0
C1_0,refine,512,1,64,it0079,0.604621171951294,0.6046274304389954,0.0,False,0
C1_0,refine,512,1,64,it0080,0.36089539527893066,0.16962674260139465,0.12195121951219512,False,0
C1_0,refine,512,1,64,it0081,0.29837459325790405,0.2499649077653885,0.07142857142857142,False,0
C1_0,refine,512,1,64,it0082,0.45517003536224365,0.5239319205284119,0.0,False,0
C1_0,refine,512,1,64,it0083,0.4626220762729645,0.30162879824638367,0.0,False,0
C1_0,refine,512,1,64,it0084,0.6468967199325562,0.4573609530925751,0.13333333333333333,False,0
C1_0,refine,512,1,64,it0085,0.46202531456947327,0.35587719082832336,0.07142857142857142,False,0
C1_0,refine,512,1,64,it0086,0.6711750626564026,0.6187678575515747,0.0,False,0
C1_0,refine,512,1,64,it0087,0.5566979646682739,0.6413012146949768,0.1875,False,0
C1_0,refine,512,1,64,it0088,0.39593079686164856,0.38126319646835327,0.047619047619047616,False,0
C1_0,refine,512,1,64,it0089,0.42999476194381714,0.2197015881538391,0.0,False,0
C1_0,refine,512,1,64,it0090,0.584404468536377,0.5153360366821289,0.0,False,0
C1_0,refine,512,1,64,it0091,0.49005502462387085,0.3839314579963684,0.12903225806451613,False,0
C1_0,refine,512,1,64,it0092,0.499561071395874,0.47171327471733093,0.05714285714285714,False,0
C1_0,refine,512,1,64,it0093,0.42717793583869934,0.22290831804275513,0.0,False,0
C1_0,refine,512,1,64,it0094,0.5264211297035217,0.45117026567459106,0.0,False,0
C1_0,refine,512,1,64,it0095,0.41970714926719666,0.5684384703636169,0.0,False,0
C1_0,refine,512,1,64,it0096,0.4566008448600769,0.3927137553691864,0.2727272727272727,False,0
C1_0,refine,512,1,64,it0097,0.6163086891174316,0.6390840411186218,0.0,False,0
C1_0,refine,512,1,64,it0098,0.6060914993286133,0.483731210231781,0.2222222222222222,False,0
C1_0,refine,512,1,64,it0099,0.22826838493347168,0.18621131777763367,0.0,False,0
C1_0,refine,512,1,64,it0100,0.6304651498794556,0.5382242798805237,0.15384615384615385,False,0
C1_0,refine,512,1,64,it0101,0.13796468079090118,0.22065100073814392,0.0,False,0
C1_0,refine,512,1,64,it0102,0.28859010338783264,0.4331040680408478,0.07692307692307693,False,0
C1_0,refine,512,1,64,it0103,0.25778666138648987,0.2694656252861023,0.18181818181818182,False,0
C1_0,refine,512,1,64,it0104,0.4837915599346161,0.45849618315696716,0.20833333333333334,False,0
C1_0,refine,512,1,64,it0105,0.29773521423339844,0.5066324472427368,0.3142857142857143,False,0
C1_0,refine,512,1,64,it0106,0.3985804319381714,0.3166685700416565,0.125,False,0
C1_0,refine,512,1,64,it0107,0.5773509740829468,0.4690919518470764,0.08695652173913043,False,0
C1_0,refine,512,1,64,it0108,0.39967235922813416,0.3379083573818207,0.1875,False,0
C1_0,refine,512,1,64,it0109,0.3881491720676422,0.33292311429977417,0.05263157894736842,False,0
C1_0,refine,512,1,64,it0110,0.21180032193660736,0.3004068434238434,0.1,False,0
C1_0,refine,512,1,64,it0111,0.26979947090148926,0.11006726324558258,0.15151515151515152,False,0
C1_0,refine,512,1,64,it0112,0.6331009864807129,0.6319575905799866,0.13636363636363635,False,0
C1_0,refine,512,1,64,it0113,0.5437151193618774,0.5095136165618896,0.022727272727272728,False,0
C1_0,refine,512,1,64,it0114,0.4841288924217224,0.37379857897758484,0.3333333333333333,False,0
C1_0,refine,512,1,64,it0115,0.4263618588447571,0.30034634470939636,0.07142857142857142,False,0
C1_0,refine,512,1,64,it0116,0.5045701265335083,0.2969643473625183,0.058823529411764705,False,0
C1_0,refine,512,1,64,it0117,0.3949764370918274,0.4510524272918701,0.029411764705882353,False,0
C1_0,refine,512,1,64,it0118,0.3939278721809387,0.3577175736427307,0.23076923076923078,False,0
C1_0,refine,512,1,64,it0119,0.4977191984653473,0.3190489113330841,0.14285714285714285,False,0
C1_0,refine,512,1,64,it0120,0.552839457988739,0.49451470375061035,0.0,False,0
C1_0,refine,512,1,64,it0121,0.532989501953125,0.3281467854976654,0.15,False,0
C1_0,refine,512,1,64,it0122,0.2916908860206604,0.2514857053756714,0.3181818181818182,False,0
C1_0,refine,512,1,64,it0123,0.3001710772514343,0.382095068693161,0.17647058823529413,False,0
C1_0,refine,512,1,64,it0124,0.5409407019615173,0.4441509544849396,0.09090909090909091,False,0
C1_0,refine,512,1,64,it0125,0.4845476746559143,0.32172709703445435,0.10256410256410256,False,0
C1_0,refine,512,1,64,it0126,0.4739232361316681,0.3154469132423401,0.1875,False,0
C1_0,refine,512,1,64,it0127,0.2745554447174072,0.3267161250114441,0.0,False,0
C1_0,refine,512,1,64,it0128,0.4447188973426819,0.3237013816833496,0.1,False,0
C1_0,refine,512,1,64,it0129,0.25506144762039185,0.3050471246242523,0.0,False,0
C1_0,refine,512,1,64,it0130,0.3025321960449219,0.3509994447231293,0.2,False,0
C1_0,refine,512,1,64,it0131,0.28360578417778015,0.3174934387207031,0.22580645161290322,False,0
C1_0,refine,512,1,64,it0132,0.2961283326148987,0.2853167653083801,0.0,False,0
C1_0,refine,512,1,64,it0133,0.5085835456848145,0.4616622030735016,0.07142857142857142,False,0
C1_0,refine,512,1,64,it0134,0.5084913372993469,0.3221849799156189,0.02631578947368421,False,0
C1_0,refine,512,1,64,it0135,0.431710422039032,0.4285892844200134,0.1282051282051282,False,0
C1_0,refine,512,1,64,it0136,0.3833075165748596,0.48018500208854675,0.05,False,0
C1_0,refine,512,1,64,it0137,0.4709443747997284,0.43299058079719543,0.16666666666666666,False,0
C1_0,refine,512,1,64,it0138,0.5254553556442261,0.6822306513786316,0.2777777777777778,False,0
C1_0,refine,512,1,64,it0139,0.5359587073326111,0.4418981075286865,0.0,False,0
C1_0,refine,512,1,64,it0140,0.5232177376747131,0.4209403991699219,0.0,False,0
C1_0,refine,512,1,64,it0141,0.49776071310043335,0.5408350825309753,0.1,False,0
C1_0,refine,512,1,64,it0142,0.18597856163978577,0.19652260839939117,0.04,False,0
C1_0,refine,512,1,64,it0143,0.3985600769519806,0.4029058814048767,0.0625,False,0
C1_0,refine,512,1,64,it0144,0.38755470514297485,0.29143571853637695,0.14285714285714285,False,0
C1_0,refine,512,1,64,it0145,0.48921066522598267,0.5602089762687683,0.05,False,0
C1_0,refine,512,1,64,it0146,0.46373987197875977,0.3091682195663452,0.15,False,0
C1_0,refine,512,1,64,it0147,0.4802505075931549,0.3093523681163788,0.0,False,0
C1_0,refine,512,1,64,it0148,0.0707286149263382,0.0578867644071579,0.07142857142857142,False,0
C1_0,refine,512,1,64,it0149,0.4915783703327179,0.49649134278297424,0.14285714285714285,False,0
C1_0,refine,512,1,64,it0150,0.4457189738750458,0.4067813754081726,0.23076923076923078,False,0
C1_0,refine,512,1,64,it0151,0.578371524810791,0.5285263657569885,0.058823529411764705,False,0
C1_0,refine,512,1,64,it0152,0.6664416790008545,0.34838807582855225,0.0,False,0
C1_0,refine,512,1,64,it0153,0.2825027108192444,0.32681477069854736,0.19047619047619047,False,0
C1_0,refine,512,1,64,it0154,0.2309076189994812,0.06563855707645416,0.10526315789473684,False,0
C1_0,refine,512,1,64,it0155,0.208344966173172,0.2820492088794708,0.10714285714285714,False,0
C1_0,refine,512,1,64,it0156,0.1849876046180725,0.1132965236902237,0.09523809523809523,False,0
C1_0,refine,512,1,64,it0157,0.5205301642417908,0.4478378891944885,0.0,False,0
C1_0,refine,512,1,64,it0158,0.3463767170906067,0.35624849796295166,0.10526315789473684,False,0
C1_0,refine,512,1,64,it0159,0.1947377622127533,0.10070224851369858,0.42857142857142855,False,0
C1_0,refine,512,1,64,it0160,0.4940272569656372,0.44434279203414917,0.0,False,0
C1_0,refine,512,1,64,it0161,0.2999359667301178,0.27005693316459656,0.06896551724137931,False,0
C1_0,refine,512,1,64,it0162,0.058135684579610825,0.27147355675697327,0.2962962962962963,False,0
C1_0,refine,512,1,64,it0163,0.43068039417266846,0.350406676530838,0.0,False,0
C1_0,refine,512,1,64,it0164,0.5135146975517273,0.31009799242019653,0.0,False,0
C1_0,refine,512,1,64,it0165,0.2842826843261719,0.2289508730173111,0.0,False,0
C1_0,refine,512,1,64,it0166,0.4953763484954834,0.3735710084438324,0.08333333333333333,False,0
C1_0,refine,512,1,64,it0167,0.48436716198921204,0.5832532644271851,0.10526315789473684,False,0
C1_0,refine,512,1,64,it0168,0.2263655662536621,0.2950787842273712,0.0,False,0
C1_0,refine,512,1,64,it0169,0.43282437324523926,0.4527265429496765,0.1,False,0
C1_0,refine,512,1,64,it0170,0.42719489336013794,0.35722625255584717,0.17647058823529413,False,0
C1_0,refine,512,1,64,it0171,0.6701446175575256,0.5700905323028564,0.0,False,0
C1_0,refine,512,1,64,it0172,0.12239246070384979,0.2644551694393158,0.0,False,0
C1_0,refine,512,1,64,it0173,0.652116060256958,0.637644350528717,0.0,False,0
C1_0,refine,512,1,64,it0174,0.46007826924324036,0.27263009548187256,0.0,False,0
C1_0,refine,512,1,64,it0175,0.15247349441051483,-0.018925074487924576,0.0,False,0
C1_0,refine,512,1,64,it0176,0.26504239439964294,0.3322136104106903,0.0,False,0
C1_0,refine,512,1,64,it0177,0.2920648157596588,0.366895854473114,0.10526315789473684,False,0
C1_0,refine,512,1,64,it0178,0.24558097124099731,0.15938173234462738,0.29411764705882354,False,0
C1_0,refine,512,1,64,it0179,0.6024050712585449,0.6115659475326538,0.0967741935483871,False,0
C1_0,refine,512,1,64,it0180,0.41992294788360596,0.45661893486976624,0.0,False,0
C1_0,refine,512,1,64,it0181,0.5529794692993164,0.5520866513252258,0.0,False,0
C1_0,refine,512,1,64,it0182,0.5754629969596863,0.42460256814956665,0.0,False,0
C1_0,refine,512,1,64,it0183,0.533031702041626,0.6128196716308594,0.32,False,0
C1_0,refine,512,1,64,it0184,0.23063427209854126,0.28696709871292114,0.13333333333333333,False,0
C1_0,refine,512,1,64,it0185,0.41751959919929504,0.43457257747650146,0.03225806451612903,False,0
C1_0,refine,512,1,64,it0186,0.6102086305618286,0.5433709621429443,0.08333333333333333,False,0
C1_0,refine,512,1,64,it0187,0.45713305473327637,0.38267266750335693,0.0,False,0
C1_0,refine,512,1,64,it0188,0.5214655995368958,0.4499627947807312,0.1111111111111111,False,0
C1_0,refine,512,1,64,it0189,0.4149497151374817,0.24549904465675354,0.0,False,0
C1_0,refine,512,1,64,it0190,0.5358878970146179,0.5382727384567261,0.125,False,0
C1_0,refine,512,1,64,it0191,0.44678622484207153,0.3036845028400421,0.12,False,0
C1_0,refine,512,1,64,it0192,0.5390246510505676,0.5609626770019531,0.07407407407407407,False,0
C1_0,refine,512,1,64,it0193,0.3905295133590698,0.22804370522499084,0.4375,False,0
C1_0,refine,512,1,64,it0194,0.5845239162445068,0.6194934844970703,0.09523809523809523,False,0
C1_0,refine,512,1,64,it0195,0.6161681413650513,0.5141011476516724,0.15384615384615385,False,0
C1_0,refine,512,1,64,it0196,0.42480725049972534,0.35893240571022034,0.2857142857142857,False,0
C1_0,refine,512,1,64,it0197,0.40100622177124023,0.2701919972896576,0.0,False,0
C1_0,refine,512,1,64,it0198,0.18256835639476776,0.13605016469955444,0.0,False,0
C1_0,refine,512,1,64,it0199,0.40789738297462463,0.42556631565093994,0.058823529411764705,False,0
