run,arm,nfe,K,T,item,ecapa,wavlm,wer,degenerate,pick
C1_1,search,128,2,8,it0000,0.5684911012649536,0.4628197252750397,0.2608695652173913,False,1
C1_1,search,128,2,8,it0001,0.298094779253006,0.23955008387565613,0.4444444444444444,False,1
C1_1,search,128,2,8,it0002,0.21388940513134003,0.21906647086143494,0.3333333333333333,False,0
C1_1,search,128,2,8,it0003,0.40849703550338745,0.3401497006416321,0.2,False,1
C1_1,search,128,2,8,it0004,0.5573946833610535,0.3863840103149414,0.1875,False,0
C1_1,search,128,2,8,it0005,0.4428715109825134,0.531757652759552,0.2962962962962963,False,1
C1_1,search,128,2,8,it0006,0.40947043895721436,0.3419281542301178,0.2222222222222222,False,0
C1_1,search,128,2,8,it0007,0.42102622985839844,0.42080414295196533,0.25,False,1
C1_1,search,128,2,8,it0008,0.4435723125934601,0.2584517002105713,0.6190476190476191,False,0
C1_1,search,128,2,8,it0009,0.4715472161769867,0.5540037155151367,0.25925925925925924,False,1
C1_1,search,128,2,8,it0010,0.6014562845230103,0.5608615279197693,0.16666666666666666,False,0
C1_1,search,128,2,8,it0011,0.48492953181266785,0.42408207058906555,0.08695652173913043,False,0
C1_1,search,128,2,8,it0012,0.42777127027511597,0.2894418239593506,0.8275862068965517,False,0
C1_1,search,128,2,8,it0013,0.4289935827255249,0.5613150596618652,0.07407407407407407,False,1
C1_1,search,128,2,8,it0014,0.5748754143714905,0.3590662181377411,0.26666666666666666,False,1
C1_1,search,128,2,8,it0015,0.2890268564224243,0.40039217472076416,0.4117647058823529,False,1
C1_1,search,128,2,8,it0016,0.4865509867668152,0.30500897765159607,0.29411764705882354,False,0
C1_1,search,128,2,8,it0017,0.4641743302345276,0.38938307762145996,0.13333333333333333,False,1
C1_1,search,128,2,8,it0018,0.26927101612091064,0.2220490276813507,0.35294117647058826,False,0
C1_1,search,128,2,8,it0019,0.5365632176399231,0.5068860650062561,0.2391304347826087,False,0
C1_1,search,128,2,8,it0020,0.3005428910255432,0.30014222860336304,0.6923076923076923,False,0
C1_1,search,128,2,8,it0021,0.512531578540802,0.33948254585266113,0.3939393939393939,False,1
C1_1,search,128,2,8,it0022,0.37082892656326294,0.3441879451274872,0.675,False,1
C1_1,search,128,2,8,it0023,0.5469781756401062,0.4169670343399048,0.2777777777777778,False,1
C1_1,search,128,2,8,it0024,0.6350951790809631,0.5377245545387268,0.14285714285714285,False,0
C1_1,search,128,2,8,it0025,0.6400172114372253,0.6552655100822449,0.4,False,1
C1_1,search,128,2,8,it0026,0.3050426244735718,0.21813061833381653,0.0,False,0
C1_1,search,128,2,8,it0027,0.6474863290786743,0.6247244477272034,0.25,False,0
C1_1,search,128,2,8,it0028,0.4603450894355774,0.4694306552410126,0.2619047619047619,False,0
C1_1,search,128,2,8,it0029,0.3257928490638733,0.42946112155914307,0.0625,False,0
C1_1,search,128,2,8,it0030,0.5560851097106934,0.4843342900276184,0.24,False,1
C1_1,search,128,2,8,it0031,0.31721189618110657,0.29709574580192566,0.8888888888888888,True,0
C1_1,search,128,2,8,it0032,0.6229997873306274,0.49458396434783936,0.4074074074074074,False,0
C1_1,search,128,2,8,it0033,0.316995769739151,0.21360427141189575,0.23076923076923078,False,1
C1_1,search,128,2,8,it0034,0.4754468500614166,0.3389056921005249,0.23333333333333334,False,1
C1_1,search,128,2,8,it0035,0.21711494028568268,0.19494356215000153,0.6923076923076923,False,1
C1_1,search,128,2,8,it0036,0.6174634099006653,0.5376354455947876,0.5555555555555556,False,1
C1_1,search,128,2,8,it0037,0.4839613437652588,0.4993330240249634,0.26666666666666666,False,0
C1_1,search,128,2,8,it0038,0.34137919545173645,0.25707584619522095,0.13513513513513514,False,1
C1_1,search,128,2,8,it0039,0.4272730350494385,0.40438371896743774,0.3170731707317073,False,1
C1_1,search,128,2,8,it0040,0.3949829638004303,0.2115727961063385,0.06666666666666667,False,0
C1_1,search,128,2,8,it0041,0.578057050704956,0.3805391788482666,0.13636363636363635,False,1
C1_1,search,128,2,8,it0042,0.33104151487350464,0.23437955975532532,0.2962962962962963,False,0
C1_1,search,128,2,8,it0043,0.2541937828063965,0.2851615846157074,0.07692307692307693,False,0
C1_1,search,128,2,8,it0044,0.5428459644317627,0.48840996623039246,0.44,False,0
C1_1,search,128,2,8,it0045,0.2998330891132355,0.3968144655227661,0.2,False,1
C1_1,search,128,2,8,it0046,0.3433493673801422,0.2668038308620453,0.125,False,0
C1_1,search,128,2,8,it0047,0.2603495121002197,0.2779686152935028,0.4,False,1
C1_1,search,128,2,8,it0048,0.42600104212760925,0.38984957337379456,0.5,False,1
C1_1,search,128,2,8,it0049,0.34759628772735596,0.5427591800689697,0.5,False,0
C1_1,search,128,2,8,it0050,0.24028578400611877,0.14619413018226624,0.4090909090909091,False,0
C1_1,search,128,2,8,it0051,0.17776694893836975,0.4011629521846771,0.3793103448275862,False,1
C1_1,search,128,2,8,it0052,0.3265080451965332,0.33735188841819763,0.0,False,1
C1_1,search,128,2,8,it0053,0.32073965668678284,0.33395859599113464,0.32432432432432434,False,1
C1_1,search,128,2,8,it0054,0.2816839814186096,0.2781679630279541,0.08333333333333333,False,0
C1_1,search,128,2,8,it0055,0.34673944115638733,0.3363535404205322,0.8076923076923077,False,1
C1_1,search,128,2,8,it0056,0.3465428948402405,0.32610562443733215,0.45,False,0
C1_1,search,128,2,8,it0057,0.5172274708747864,0.3392043709754944,0.2647058823529412,False,1
C1_1,search,128,2,8,it0058,0.3831883668899536,0.48922765254974365,0.4166666666666667,False,0
C1_1,search,128,2,8,it0059,0.5439568161964417,0.581000804901123,0.17857142857142858,False,1
C1_1,search,128,2,8,it0060,0.5510948896408081,0.3271590769290924,0.11764705882352941,False,1
C1_1,search,128,2,8,it0061,0.45879077911376953,0.4850364029407501,0.2,False,1
C1_1,search,128,2,8,it0062,0.635462760925293,0.5609554052352905,0.14285714285714285,False,0
C1_1,search,128,2,8,it0063,0.4731030762195587,0.4352683424949646,0.5172413793103449,False,1
C1_1,search,128,2,8,it0064,0.3275619447231293,0.4041934609413147,0.2222222222222222,False,1
C1_1,search,128,2,8,it0065,0.5656893849372864,0.5452837944030762,0.5897435897435898,False,1
C1_1,search,128,2,8,it0066,0.3423362970352173,0.25668302178382874,0.2857142857142857,False,1
C1_1,search,128,2,8,it0067,0.27820733189582825,0.12855884432792664,0.05555555555555555,False,0
C1_1,search,128,2,8,it0068,0.6643454432487488,0.5650240778923035,0.02564102564102564,False,1
C1_1,search,128,2,8,it0069,0.1815483272075653,0.27816691994667053,0.13636363636363635,False,0
C1_1,search,128,2,8,it0070,0.37928852438926697,0.44369858503341675,0.06666666666666667,False,1
C1_1,search,128,2,8,it0071,0.555684506893158,0.4423915445804596,0.42857142857142855,False,0
C1_1,search,128,2,8,it0072,0.48746567964553833,0.46526050567626953,0.22727272727272727,False,0
C1_1,search,128,2,8,it0073,0.1265285313129425,0.26906657218933105,0.6206896551724138,False,0
C1_1,search,128,2,8,it0074,0.27245616912841797,0.1430174559354782,0.5333333333333333,False,1
C1_1,search,128,2,8,it0075,0.3239200711250305,0.42417821288108826,0.043478260869565216,False,0
C1_1,search,128,2,8,it0076,0.5832463502883911,0.32836681604385376,0.391304347826087,False,0
C1_1,search,128,2,8,it0077,0.499634712934494,0.7249166369438171,0.4166666666666667,False,0
C1_1,search,128,2,8,it0078,0.3850419223308563,0.3229917585849762,0.2857142857142857,False,1
C1_1,search,128,2,8,it0079,0.5401344299316406,0.5415944457054138,0.125,False,1
C1_1,search,128,2,8,it0080,0.3281126916408539,0.1876351684331894,0.4878048780487805,False,0
C1_1,search,128,2,8,it0081,0.4031951427459717,0.3648495078086853,0.07142857142857142,False,0
C1_1,search,128,2,8,it0082,0.5239621996879578,0.45867595076560974,0.058823529411764705,False,0
C1_1,search,128,2,8,it0083,0.4308585226535797,0.33182910084724426,0.20588235294117646,False,1
C1_1,search,128,2,8,it0084,0.5185439586639404,0.4587882161140442,0.17777777777777778,False,1
C1_1,search,128,2,8,it0085,0.5500513315200806,0.5002442002296448,0.0,False,0
C1_1,search,128,2,8,it0086,0.5254476070404053,0.5677666068077087,0.35294117647058826,False,0
C1_1,search,128,2,8,it0087,0.48750707507133484,0.6468289494514465,0.3125,False,1
C1_1,search,128,2,8,it0088,0.26271986961364746,0.3724145293235779,0.09523809523809523,False,0
C1_1,search,128,2,8,it0089,0.3956862986087799,0.20011435449123383,0.08333333333333333,False,1
C1_1,search,128,2,8,it0090,0.6078506112098694,0.6303739547729492,0.058823529411764705,False,1
C1_1,search,128,2,8,it0091,0.5194651484489441,0.4754646420478821,0.22580645161290322,False,1
C1_1,search,128,2,8,it0092,0.5233491063117981,0.43969452381134033,0.17142857142857143,False,0
C1_1,search,128,2,8,it0093,0.33289822936058044,0.2940368354320526,0.15789473684210525,False,1
C1_1,search,128,2,8,it0094,0.4397266209125519,0.3042229115962982,0.07692307692307693,False,1
C1_1,search,128,2,8,it0095,0.4056815207004547,0.41107290983200073,0.09523809523809523,False,1
C1_1,search,128,2,8,it0096,0.44651275873184204,0.29748260974884033,0.4090909090909091,False,0
C1_1,search,128,2,8,it0097,0.6421294212341309,0.5807732343673706,0.4,False,1
C1_1,search,128,2,8,it0098,0.49321702122688293,0.45007967948913574,0.18518518518518517,False,1
C1_1,search,128,2,8,it0099,0.25649452209472656,0.10017413645982742,0.0,False,1
C1_1,search,128,2,8,it0100,0.644525408744812,0.6182349324226379,0.15384615384615385,False,1
C1_1,search,128,2,8,it0101,0.17512133717536926,0.22837622463703156,0.15789473684210525,False,1
C1_1,search,128,2,8,it0102,0.2734634280204773,0.40214604139328003,0.07692307692307693,False,1
C1_1,search,128,2,8,it0103,0.43814706802368164,0.4662076532840729,0.18181818181818182,False,0
C1_1,search,128,2,8,it0104,0.3977535665035248,0.43205350637435913,0.041666666666666664,False,0
C1_1,search,128,2,8,it0105,0.4002246558666229,0.589263379573822,0.37142857142857144,False,1
C1_1,search,128,2,8,it0106,0.4326608180999756,0.39487916231155396,0.4166666666666667,False,1
C1_1,search,128,2,8,it0107,0.3944958448410034,0.2825910449028015,0.13043478260869565,False,0
C1_1,search,128,2,8,it0108,0.46255192160606384,0.34743672609329224,0.3125,False,0
C1_1,search,128,2,8,it0109,0.5038912296295166,0.44847267866134644,0.3684210526315789,False,0
C1_1,search,128,2,8,it0110,0.12699390947818756,0.3684460520744324,0.7,False,0
C1_1,search,128,2,8,it0111,0.3570496439933777,0.3326992392539978,0.5454545454545454,False,0
C1_1,search,128,2,8,it0112,0.57895827293396,0.45530155301094055,0.18181818181818182,False,1
C1_1,search,128,2,8,it0113,0.5573288202285767,0.4512518048286438,0.11363636363636363,False,0
C1_1,search,128,2,8,it0114,0.47750744223594666,0.3851170837879181,0.6111111111111112,False,0
C1_1,search,128,2,8,it0115,0.3653661608695984,0.2069096565246582,0.0,False,0
C1_1,search,128,2,8,it0116,0.5235587358474731,0.35186371207237244,0.47058823529411764,False,1
C1_1,search,128,2,8,it0117,0.4729735553264618,0.5395609736442566,0.23529411764705882,False,0
C1_1,search,128,2,8,it0118,0.6387240290641785,0.5299904942512512,0.4423076923076923,False,1
C1_1,search,128,2,8,it0119,0.5895954370498657,0.6036825776100159,0.21428571428571427,False,0
C1_1,search,128,2,8,it0120,0.5885418057441711,0.4754248261451721,0.13333333333333333,False,0
C1_1,search,128,2,8,it0121,0.5769251585006714,0.4583398401737213,0.55,False,1
C1_1,search,128,2,8,it0122,0.34849029779434204,0.27243953943252563,0.4090909090909091,False,0
C1_1,search,128,2,8,it0123,0.3507159948348999,0.383480042219162,0.11764705882352941,False,1
C1_1,search,128,2,8,it0124,0.6096696853637695,0.44985151290893555,0.6060606060606061,False,0
C1_1,search,128,2,8,it0125,0.6012939214706421,0.4248631000518799,0.15384615384615385,False,1
C1_1,search,128,2,8,it0126,0.3812410235404968,0.3399742841720581,0.125,False,0
C1_1,search,128,2,8,it0127,0.26386991143226624,0.20419642329216003,0.17647058823529413,False,0
C1_1,search,128,2,8,it0128,0.42553597688674927,0.5166618824005127,0.05,False,1
C1_1,search,128,2,8,it0129,0.24729888141155243,0.23367179930210114,0.35294117647058826,False,1
C1_1,search,128,2,8,it0130,0.2891828715801239,0.4104304015636444,0.2,False,0
C1_1,search,128,2,8,it0131,0.40085312724113464,0.32818394899368286,0.3225806451612903,False,1
C1_1,search,128,2,8,it0132,0.3939976096153259,0.2674351632595062,0.07142857142857142,False,1
C1_1,search,128,2,8,it0133,0.561099112033844,0.5590085983276367,0.0,False,0
C1_1,search,128,2,8,it0134,0.3532906770706177,0.27149420976638794,0.10526315789473684,False,0
C1_1,search,128,2,8,it0135,0.30281612277030945,0.28212809562683105,0.358974358974359,False,0
C1_1,search,128,2,8,it0136,0.46138399839401245,0.522959291934967,0.1,False,0
C1_1,search,128,2,8,it0137,0.4982558488845825,0.4191967844963074,0.25,False,0
C1_1,search,128,2,8,it0138,0.5111427307128906,0.5898851156234741,0.6111111111111112,False,0
C1_1,search,128,2,8,it0139,0.4776400923728943,0.2653314173221588,0.0,False,0
C1_1,search,128,2,8,it0140,0.37933313846588135,0.3964942991733551,0.16666666666666666,False,0
C1_1,search,128,2,8,it0141,0.639521598815918,0.6720744371414185,0.4666666666666667,False,1
C1_1,search,128,2,8,it0142,0.3827363848686218,0.3432156443595886,0.12,False,1
C1_1,search,128,2,8,it0143,0.2823325991630554,0.43786272406578064,0.0625,False,0
C1_1,search,128,2,8,it0144,0.47127747535705566,0.2388392835855484,0.03571428571428571,False,0
C1_1,search,128,2,8,it0145,0.5520158410072327,0.5491455793380737,0.025,False,0
C1_1,search,128,2,8,it0146,0.42765653133392334,0.38899534940719604,0.05,False,1
C1_1,search,128,2,8,it0147,0.4624841511249542,0.3355570435523987,0.13043478260869565,False,1
C1_1,search,128,2,8,it0148,0.14667247235774994,0.11453742533922195,0.39285714285714285,False,0
C1_1,search,128,2,8,it0149,0.3886902630329132,0.45375922322273254,0.14285714285714285,False,1
C1_1,search,128,2,8,it0150,0.39838647842407227,0.43894344568252563,0.11538461538461539,False,0
C1_1,search,128,2,8,it0151,0.5671829581260681,0.49067509174346924,0.11764705882352941,False,0
C1_1,search,128,2,8,it0152,0.4341837763786316,0.34714072942733765,0.0,False,0
C1_1,search,128,2,8,it0153,0.3175293207168579,0.36606565117836,0.19047619047619047,False,0
C1_1,search,128,2,8,it0154,0.20316778123378754,0.1616344153881073,0.3157894736842105,False,1
C1_1,search,128,2,8,it0155,0.31698325276374817,0.2910858690738678,0.2857142857142857,False,1
C1_1,search,128,2,8,it0156,0.24013195931911469,0.18331995606422424,0.19047619047619047,False,0
C1_1,search,128,2,8,it0157,0.5201300978660583,0.4965074062347412,0.3023255813953488,False,0
C1_1,search,128,2,8,it0158,0.2961510419845581,0.32076531648635864,0.2631578947368421,False,0
C1_1,search,128,2,8,it0159,0.2512209415435791,0.1385723203420639,0.35714285714285715,False,0
C1_1,search,128,2,8,it0160,0.6455394625663757,0.4274933338165283,0.12903225806451613,False,1
C1_1,search,128,2,8,it0161,0.3422636091709137,0.3526463508605957,0.13793103448275862,False,0
C1_1,search,128,2,8,it0162,0.16063886880874634,0.40401995182037354,0.5185185185185185,False,0
C1_1,search,128,2,8,it0163,0.37955373525619507,0.4171731770038605,0.0,False,0
C1_1,search,128,2,8,it0164,0.4519062936306,0.27470293641090393,0.25806451612903225,False,0
C1_1,search,128,2,8,it0165,0.34793782234191895,0.3238545060157776,0.21212121212121213,False,1
C1_1,search,128,2,8,it0166,0.5911385416984558,0.3032296895980835,0.3333333333333333,False,1
C1_1,search,128,2,8,it0167,0.40448635816574097,0.46990445256233215,0.3157894736842105,False,1
C1_1,search,128,2,8,it0168,0.31052374839782715,0.2709949016571045,0.1,False,1
C1_1,search,128,2,8,it0169,0.3753565549850464,0.3130476474761963,0.4,False,1
C1_1,search,128,2,8,it0170,0.3906325399875641,0.4412427544593811,0.23529411764705882,False,0
C1_1,search,128,2,8,it0171,0.6318865418434143,0.5606124997138977,0.2857142857142857,False,0
C1_1,search,128,2,8,it0172,0.3529675006866455,0.3615569472312927,0.0,False,0
C1_1,search,128,2,8,it0173,0.681538462638855,0.6203463673591614,0.1,False,1
C1_1,search,128,2,8,it0174,0.5604798197746277,0.34091606736183167,0.0,False,1
C1_1,search,128,2,8,it0175,0.30358660221099854,0.2877084016799927,0.3333333333333333,False,1
C1_1,search,128,2,8,it0176,0.3856070041656494,0.4066570997238159,0.3333333333333333,False,0
C1_1,search,128,2,8,it0177,0.4269181489944458,0.5309831500053406,0.10526315789473684,False,1
C1_1,search,128,2,8,it0178,0.31807515025138855,0.27203303575515747,0.47058823529411764,False,1
C1_1,search,128,2,8,it0179,0.599768340587616,0.6554824709892273,0.3870967741935484,False,0
C1_1,search,128,2,8,it0180,0.4263914227485657,0.441928893327713,0.07142857142857142,False,1
C1_1,search,128,2,8,it0181,0.5469807982444763,0.5052402019500732,0.024390243902439025,False,0
C1_1,search,128,2,8,it0182,0.5770887136459351,0.41403138637542725,0.2,False,0
C1_1,search,128,2,8,it0183,0.5946424603462219,0.45605409145355225,0.2,False,1
C1_1,search,128,2,8,it0184,0.3464948236942291,0.3682083785533905,0.6,False,0
C1_1,search,128,2,8,it0185,0.38526204228401184,0.3938156068325043,0.2903225806451613,False,0
C1_1,search,128,2,8,it0186,0.5417799949645996,0.4486178159713745,0.2916666666666667,False,1
C1_1,search,128,2,8,it0187,0.48922592401504517,0.47613537311553955,0.125,False,1
C1_1,search,128,2,8,it0188,0.5531842708587646,0.43202027678489685,0.2777777777777778,False,0
C1_1,search,128,2,8,it0189,0.40014782547950745,0.2721003293991089,0.2,False,1
C1_1,search,128,2,8,it0190,0.5777046084403992,0.5553911924362183,0.125,False,0
C1_1,search,128,2,8,it0191,0.4878096878528595,0.2852361798286438,0.16,False,1
C1_1,search,128,2,8,it0192,0.5366260409355164,0.5336296558380127,0.18518518518518517,False,1
C1_1,search,128,2,8,it0193,0.45493432879447937,0.365390807390213,0.3125,False,0
C1_1,search,128,2,8,it0194,0.586958110332489,0.6042956113815308,0.09523809523809523,False,1
C1_1,search,128,2,8,it0195,0.6092830896377563,0.5006569623947144,0.34615384615384615,False,1
C1_1,search,128,2,8,it0196,0.45419740676879883,0.3044641315937042,0.14285714285714285,False,0
C1_1,search,128,2,8,it0197,0.382919043302536,0.34682196378707886,0.0,False,1
C1_1,search,128,2,8,it0198,0.223984494805336,0.13660874962806702,0.0,False,1
C1_1,search,128,2,8,it0199,0.36348986625671387,0.35492056608200073,0.058823529411764705,False,0
C1_1,search,256,4,8,it0000,0.5806018114089966,0.5159623026847839,0.30434782608695654,False,2
C1_1,search,256,4,8,it0001,0.4430502951145172,0.26944300532341003,0.6111111111111112,False,2
C1_1,search,256,4,8,it0002,0.43742141127586365,0.3076665997505188,0.3333333333333333,False,2
C1_1,search,256,4,8,it0003,0.40849703550338745,0.3401497006416321,0.2,False,1
C1_1,search,256,4,8,it0004,0.5573946833610535,0.3863840103149414,0.1875,False,0
C1_1,search,256,4,8,it0005,0.4428715109825134,0.531757652759552,0.2962962962962963,False,1
C1_1,search,256,4,8,it0006,0.40947043895721436,0.3419281542301178,0.2222222222222222,False,0
C1_1,search,256,4,8,it0007,0.42102622985839844,0.42080414295196533,0.25,False,1
C1_1,search,256,4,8,it0008,0.4232986271381378,0.339126855134964,0.23809523809523808,False,2
C1_1,search,256,4,8,it0009,0.4715472161769867,0.5540037155151367,0.25925925925925924,False,1
C1_1,search,256,4,8,it0010,0.6014562845230103,0.5608615279197693,0.16666666666666666,False,0
C1_1,search,256,4,8,it0011,0.48492953181266785,0.42408207058906555,0.08695652173913043,False,0
C1_1,search,256,4,8,it0012,0.42777127027511597,0.2894418239593506,0.8275862068965517,False,0
C1_1,search,256,4,8,it0013,0.4289935827255249,0.5613150596618652,0.07407407407407407,False,1
C1_1,search,256,4,8,it0014,0.5748754143714905,0.3590662181377411,0.26666666666666666,False,1
C1_1,search,256,4,8,it0015,0.2890268564224243,0.40039217472076416,0.4117647058823529,False,1
C1_1,search,256,4,8,it0016,0.4865509867668152,0.30500897765159607,0.29411764705882354,False,0
C1_1,search,256,4,8,it0017,0.5072659254074097,0.4578239619731903,0.13333333333333333,False,2
C1_1,search,256,4,8,it0018,0.37962791323661804,0.2788921892642975,0.20588235294117646,False,2
C1_1,search,256,4,8,it0019,0.5365632176399231,0.5068860650062561,0.2391304347826087,False,0
C1_1,search,256,4,8,it0020,0.3005428910255432,0.30014222860336304,0.6923076923076923,False,0
C1_1,search,256,4,8,it0021,0.3827022910118103,0.39196765422821045,0.21212121212121213,False,2
C1_1,search,256,4,8,it0022,0.35800254344940186,0.4338107109069824,0.3,False,2
C1_1,search,256,4,8,it0023,0.6175227165222168,0.5342841148376465,0.4444444444444444,False,2
C1_1,search,256,4,8,it0024,0.6350951790809631,0.5377245545387268,0.14285714285714285,False,0
C1_1,search,256,4,8,it0025,0.6400172114372253,0.6552655100822449,0.4,False,1
C1_1,search,256,4,8,it0026,0.3932993412017822,0.24704088270664215,0.1875,False,2
C1_1,search,256,4,8,it0027,0.6474863290786743,0.6247244477272034,0.25,False,0
C1_1,search,256,4,8,it0028,0.4853554964065552,0.49672842025756836,0.19047619047619047,False,2
C1_1,search,256,4,8,it0029,0.3257928490638733,0.42946112155914307,0.0625,False,0
C1_1,search,256,4,8,it0030,0.5560851097106934,0.4843342900276184,0.24,False,1
C1_1,search,256,4,8,it0031,0.4081956446170807,0.3500773012638092,0.4444444444444444,False,2
C1_1,search,256,4,8,it0032,0.6229997873306274,0.49458396434783936,0.4074074074074074,False,0
C1_1,search,256,4,8,it0033,0.316995769739151,0.21360427141189575,0.23076923076923078,False,1
C1_1,search,256,4,8,it0034,0.5557698011398315,0.40983137488365173,0.13333333333333333,False,2
C1_1,search,256,4,8,it0035,0.21711494028568268,0.19494356215000153,0.6923076923076923,False,1
C1_1,search,256,4,8,it0036,0.6174634099006653,0.5376354455947876,0.5555555555555556,False,1
C1_1,search,256,4,8,it0037,0.5279380083084106,0.5699951648712158,0.06666666666666667,False,2
C1_1,search,256,4,8,it0038,0.34137919545173645,0.25707584619522095,0.13513513513513514,False,1
C1_1,search,256,4,8,it0039,0.5198973417282104,0.5229804515838623,0.0975609756097561,False,2
C1_1,search,256,4,8,it0040,0.39365413784980774,0.2471838891506195,0.4,False,2
C1_1,search,256,4,8,it0041,0.6282152533531189,0.4141499400138855,0.18181818181818182,False,2
C1_1,search,256,4,8,it0042,0.43498533964157104,0.4110235571861267,0.18518518518518517,False,2
C1_1,search,256,4,8,it0043,0.2541937828063965,0.2851615846157074,0.07692307692307693,False,0
C1_1,search,256,4,8,it0044,0.4462943971157074,0.6353929042816162,0.28,False,2
C1_1,search,256,4,8,it0045,0.2998330891132355,0.3968144655227661,0.2,False,1
C1_1,search,256,4,8,it0046,0.3433493673801422,0.2668038308620453,0.125,False,0
C1_1,search,256,4,8,it0047,0.2603495121002197,0.2779686152935028,0.4,False,1
C1_1,search,256,4,8,it0048,0.5102427005767822,0.4811103343963623,0.4375,False,3
C1_1,search,256,4,8,it0049,0.34759628772735596,0.5427591800689697,0.5,False,0
C1_1,search,256,4,8,it0050,0.24028578400611877,0.14619413018226624,0.4090909090909091,False,0
C1_1,search,256,4,8,it0051,0.17776694893836975,0.4011629521846771,0.3793103448275862,False,1
C1_1,search,256,4,8,it0052,0.3265080451965332,0.33735188841819763,0.0,False,1
C1_1,search,256,4,8,it0053,0.26497969031333923,0.3509952127933502,0.3783783783783784,False,3
C1_1,search,256,4,8,it0054,0.2816839814186096,0.2781679630279541,0.08333333333333333,False,0
C1_1,search,256,4,8,it0055,0.34673944115638733,0.3363535404205322,0.8076923076923077,False,1
C1_1,search,256,4,8,it0056,0.3465428948402405,0.32610562443733215,0.45,False,0
C1_1,search,256,4,8,it0057,0.5317063331604004,0.37013229727745056,0.38235294117647056,False,2
C1_1,search,256,4,8,it0058,0.3831883668899536,0.48922765254974365,0.4166666666666667,False,0
C1_1,search,256,4,8,it0059,0.5510020852088928,0.6281226873397827,0.25,False,2
C1_1,search,256,4,8,it0060,0.5319041013717651,0.3674471080303192,0.29411764705882354,False,3
C1_1,search,256,4,8,it0061,0.45879077911376953,0.4850364029407501,0.2,False,1
C1_1,search,256,4,8,it0062,0.6285775899887085,0.572943925857544,0.14285714285714285,False,2
C1_1,search,256,4,8,it0063,0.4731030762195587,0.4352683424949646,0.5172413793103449,False,1
C1_1,search,256,4,8,it0064,0.2992534041404724,0.44262853264808655,0.3333333333333333,False,3
C1_1,search,256,4,8,it0065,0.5858871936798096,0.5915077924728394,0.28205128205128205,False,3
C1_1,search,256,4,8,it0066,0.27508044242858887,0.3444150984287262,0.6190476190476191,False,2
C1_1,search,256,4,8,it0067,0.3170085549354553,0.26097068190574646,0.5555555555555556,False,2
C1_1,search,256,4,8,it0068,0.6933282017707825,0.5709439516067505,0.05128205128205128,False,2
C1_1,search,256,4,8,it0069,0.1815483272075653,0.27816691994667053,0.13636363636363635,False,0
C1_1,search,256,4,8,it0070,0.37928852438926697,0.44369858503341675,0.06666666666666667,False,1
C1_1,search,256,4,8,it0071,0.555684506893158,0.4423915445804596,0.42857142857142855,False,0
C1_1,search,256,4,8,it0072,0.48746567964553833,0.46526050567626953,0.22727272727272727,False,0
C1_1,search,256,4,8,it0073,0.1265285313129425,0.26906657218933105,0.6206896551724138,False,0
C1_1,search,256,4,8,it0074,0.15560400485992432,0.22984440624713898,0.8666666666666667,False,3
C1_1,search,256,4,8,it0075,0.3239200711250305,0.42417821288108826,0.043478260869565216,False,0
C1_1,search,256,4,8,it0076,0.5832463502883911,0.32836681604385376,0.391304347826087,False,0
C1_1,search,256,4,8,it0077,0.499634712934494,0.7249166369438171,0.4166666666666667,False,0
C1_1,search,256,4,8,it0078,0.3850419223308563,0.3229917585849762,0.2857142857142857,False,1
C1_1,search,256,4,8,it0079,0.5401344299316406,0.5415944457054138,0.125,False,1
C1_1,search,256,4,8,it0080,0.5441175699234009,0.3220060467720032,0.36585365853658536,False,2
C1_1,search,256,4,8,it0081,0.4031951427459717,0.3648495078086853,0.07142857142857142,False,0
C1_1,search,256,4,8,it0082,0.5239621996879578,0.45867595076560974,0.058823529411764705,False,0
C1_1,search,256,4,8,it0083,0.47523897886276245,0.3408154249191284,0.11764705882352941,False,2
C1_1,search,256,4,8,it0084,0.5185439586639404,0.4587882161140442,0.17777777777777778,False,1
C1_1,search,256,4,8,it0085,0.5500513315200806,0.5002442002296448,0.0,False,0
C1_1,search,256,4,8,it0086,0.6500495672225952,0.5687165260314941,0.4117647058823529,False,2
C1_1,search,256,4,8,it0087,0.48750707507133484,0.6468289494514465,0.3125,False,1
C1_1,search,256,4,8,it0088,0.26271986961364746,0.3724145293235779,0.09523809523809523,False,0
C1_1,search,256,4,8,it0089,0.49424391984939575,0.3867890238761902,0.0,False,3
C1_1,search,256,4,8,it0090,0.6078506112098694,0.6303739547729492,0.058823529411764705,False,1
C1_1,search,256,4,8,it0091,0.5421262383460999,0.530063271522522,0.5161290322580645,False,2
C1_1,search,256,4,8,it0092,0.5233491063117981,0.43969452381134033,0.17142857142857143,False,0
C1_1,search,256,4,8,it0093,0.3905172049999237,0.37578266859054565,0.21052631578947367,False,3
C1_1,search,256,4,8,it0094,0.4129844307899475,0.41231390833854675,0.07692307692307693,False,2
C1_1,search,256,4,8,it0095,0.47393107414245605,0.5296149253845215,0.23809523809523808,False,3
C1_1,search,256,4,8,it0096,0.40600430965423584,0.37102818489074707,0.5454545454545454,False,3
C1_1,search,256,4,8,it0097,0.6421294212341309,0.5807732343673706,0.4,False,1
C1_1,search,256,4,8,it0098,0.49321702122688293,0.45007967948913574,0.18518518518518517,False,1
C1_1,search,256,4,8,it0099,0.20262575149536133,0.24931398034095764,0.08695652173913043,False,2
C1_1,search,256,4,8,it0100,0.5997524857521057,0.6702327132225037,0.0,False,2
C1_1,search,256,4,8,it0101,0.17927779257297516,0.24252207577228546,0.2631578947368421,False,3
C1_1,search,256,4,8,it0102,0.2734634280204773,0.40214604139328003,0.07692307692307693,False,1
C1_1,search,256,4,8,it0103,0.43814706802368164,0.4662076532840729,0.18181818181818182,False,0
C1_1,search,256,4,8,it0104,0.4718348979949951,0.4701378345489502,0.0,False,2
C1_1,search,256,4,8,it0105,0.4002246558666229,0.589263379573822,0.37142857142857144,False,1
C1_1,search,256,4,8,it0106,0.4326608180999756,0.39487916231155396,0.4166666666666667,False,1
C1_1,search,256,4,8,it0107,0.5207287073135376,0.42565515637397766,0.43478260869565216,False,3
C1_1,search,256,4,8,it0108,0.38900071382522583,0.38483691215515137,0.1875,False,2
C1_1,search,256,4,8,it0109,0.5038912296295166,0.44847267866134644,0.3684210526315789,False,0
C1_1,search,256,4,8,it0110,0.12699390947818756,0.3684460520744324,0.7,False,0
C1_1,search,256,4,8,it0111,0.3570496439933777,0.3326992392539978,0.5454545454545454,False,0
C1_1,search,256,4,8,it0112,0.57895827293396,0.45530155301094055,0.18181818181818182,False,1
C1_1,search,256,4,8,it0113,0.5573288202285767,0.4512518048286438,0.11363636363636363,False,0
C1_1,search,256,4,8,it0114,0.47750744223594666,0.3851170837879181,0.6111111111111112,False,0
C1_1,search,256,4,8,it0115,0.29699060320854187,0.303207129240036,0.0,False,2
C1_1,search,256,4,8,it0116,0.5235587358474731,0.35186371207237244,0.47058823529411764,False,1
C1_1,search,256,4,8,it0117,0.4729735553264618,0.5395609736442566,0.23529411764705882,False,0
C1_1,search,256,4,8,it0118,0.665242075920105,0.5621917843818665,0.36538461538461536,False,2
C1_1,search,256,4,8,it0119,0.5895954370498657,0.6036825776100159,0.21428571428571427,False,0
C1_1,search,256,4,8,it0120,0.5808457136154175,0.5754109025001526,0.06666666666666667,False,3
C1_1,search,256,4,8,it0121,0.5769251585006714,0.4583398401737213,0.55,False,1
C1_1,search,256,4,8,it0122,0.34849029779434204,0.27243953943252563,0.4090909090909091,False,0
C1_1,search,256,4,8,it0123,0.3178711235523224,0.5290101766586304,0.11764705882352941,False,2
C1_1,search,256,4,8,it0124,0.6096696853637695,0.44985151290893555,0.6060606060606061,False,0
C1_1,search,256,4,8,it0125,0.6012939214706421,0.4248631000518799,0.15384615384615385,False,1
C1_1,search,256,4,8,it0126,0.4662833511829376,0.4085174798965454,0.125,False,2
C1_1,search,256,4,8,it0127,0.3756634593009949,0.4576789140701294,0.11764705882352941,False,3
C1_1,search,256,4,8,it0128,0.4664141833782196,0.5201752781867981,0.25,False,2
C1_1,search,256,4,8,it0129,0.24729888141155243,0.23367179930210114,0.35294117647058826,False,1
C1_1,search,256,4,8,it0130,0.2891828715801239,0.4104304015636444,0.2,False,0
C1_1,search,256,4,8,it0131,0.40085312724113464,0.32818394899368286,0.3225806451612903,False,1
C1_1,search,256,4,8,it0132,0.3939976096153259,0.2674351632595062,0.07142857142857142,False,1
C1_1,search,256,4,8,it0133,0.561099112033844,0.5590085983276367,0.0,False,0
C1_1,search,256,4,8,it0134,0.44156599044799805,0.3654786944389343,0.10526315789473684,False,2
C1_1,search,256,4,8,it0135,0.3579525351524353,0.42663463950157166,0.10256410256410256,False,3
C1_1,search,256,4,8,it0136,0.46138399839401245,0.522959291934967,0.1,False,0
C1_1,search,256,4,8,it0137,0.4982558488845825,0.4191967844963074,0.25,False,0
C1_1,search,256,4,8,it0138,0.5111427307128906,0.5898851156234741,0.6111111111111112,False,0
C1_1,search,256,4,8,it0139,0.4776400923728943,0.2653314173221588,0.0,False,0
C1_1,search,256,4,8,it0140,0.37933313846588135,0.3964942991733551,0.16666666666666666,False,0
C1_1,search,256,4,8,it0141,0.639521598815918,0.6720744371414185,0.4666666666666667,False,1
C1_1,search,256,4,8,it0142,0.3827363848686218,0.3432156443595886,0.12,False,1
C1_1,search,256,4,8,it0143,0.3434086740016937,0.4660145342350006,0.0,False,2
C1_1,search,256,4,8,it0144,0.47127747535705566,0.2388392835855484,0.03571428571428571,False,0
C1_1,search,256,4,8,it0145,0.5029312968254089,0.5614685416221619,0.05,False,3
C1_1,search,256,4,8,it0146,0.49359065294265747,0.4813551902770996,0.0,False,2
C1_1,search,256,4,8,it0147,0.4027674198150635,0.3441210389137268,0.08695652173913043,False,3
C1_1,search,256,4,8,it0148,0.1205282136797905,0.17172907292842865,0.17857142857142858,False,2
C1_1,search,256,4,8,it0149,0.3886902630329132,0.45375922322273254,0.14285714285714285,False,1
C1_1,search,256,4,8,it0150,0.39838647842407227,0.43894344568252563,0.11538461538461539,False,0
C1_1,search,256,4,8,it0151,0.5671829581260681,0.49067509174346924,0.11764705882352941,False,0
C1_1,search,256,4,8,it0152,0.4341837763786316,0.34714072942733765,0.0,False,0
C1_1,search,256,4,8,it0153,0.4285691976547241,0.4609333276748657,0.5238095238095238,False,2
C1_1,search,256,4,8,it0154,0.2411639392375946,0.19816747307777405,0.5263157894736842,False,3
C1_1,search,256,4,8,it0155,0.29574012756347656,0.30610984563827515,0.21428571428571427,False,2
C1_1,search,256,4,8,it0156,0.21457439661026,0.1963219940662384,0.047619047619047616,False,3
C1_1,search,256,4,8,it0157,0.5201300978660583,0.4965074062347412,0.3023255813953488,False,0
C1_1,search,256,4,8,it0158,0.2961510419845581,0.32076531648635864,0.2631578947368421,False,0
C1_1,search,256,4,8,it0159,0.3895367980003357,0.24572254717350006,0.0,False,2
C1_1,search,256,4,8,it0160,0.5737308859825134,0.49940142035484314,0.22580645161290322,False,3
C1_1,search,256,4,8,it0161,0.3422636091709137,0.3526463508605957,0.13793103448275862,False,0
C1_1,search,256,4,8,it0162,0.16063886880874634,0.40401995182037354,0.5185185185185185,False,0
C1_1,search,256,4,8,it0163,0.37955373525619507,0.4171731770038605,0.0,False,0
C1_1,search,256,4,8,it0164,0.4874866008758545,0.3114304542541504,0.0,False,3
C1_1,search,256,4,8,it0165,0.30544641613960266,0.32663145661354065,0.06060606060606061,False,3
C1_1,search,256,4,8,it0166,0.5911385416984558,0.3032296895980835,0.3333333333333333,False,1
C1_1,search,256,4,8,it0167,0.40448635816574097,0.46990445256233215,0.3157894736842105,False,1
C1_1,search,256,4,8,it0168,0.346798837184906,0.2750644385814667,0.2,False,2
C1_1,search,256,4,8,it0169,0.4339730441570282,0.4101274609565735,0.15,False,2
C1_1,search,256,4,8,it0170,0.41131436824798584,0.44911953806877136,0.35294117647058826,False,3
C1_1,search,256,4,8,it0171,0.624089241027832,0.603077232837677,0.14285714285714285,False,2
C1_1,search,256,4,8,it0172,0.3529675006866455,0.3615569472312927,0.0,False,0
C1_1,search,256,4,8,it0173,0.681538462638855,0.6203463673591614,0.1,False,1
C1_1,search,256,4,8,it0174,0.4237336218357086,0.4111805558204651,0.25,False,3
C1_1,search,256,4,8,it0175,0.30358660221099854,0.2877084016799927,0.3333333333333333,False,1
C1_1,search,256,4,8,it0176,0.3856070041656494,0.4066570997238159,0.3333333333333333,False,0
C1_1,search,256,4,8,it0177,0.4427688419818878,0.5541484355926514,0.05263157894736842,False,2
C1_1,search,256,4,8,it0178,0.31807515025138855,0.27203303575515747,0.47058823529411764,False,1
C1_1,search,256,4,8,it0179,0.599768340587616,0.6554824709892273,0.3870967741935484,False,0
C1_1,search,256,4,8,it0180,0.38469287753105164,0.5095229148864746,0.07142857142857142,False,3
C1_1,search,256,4,8,it0181,0.5641419887542725,0.5399601459503174,0.12195121951219512,False,2
C1_1,search,256,4,8,it0182,0.584182620048523,0.46704742312431335,0.0,False,2
C1_1,search,256,4,8,it0183,0.5946424603462219,0.45605409145355225,0.2,False,1
C1_1,search,256,4,8,it0184,0.3464948236942291,0.3682083785533905,0.6,False,0
C1_1,search,256,4,8,it0185,0.4930676221847534,0.48927417397499084,0.3225806451612903,False,3
C1_1,search,256,4,8,it0186,0.6236715912818909,0.6374707221984863,0.2916666666666667,False,2
C1_1,search,256,4,8,it0187,0.48800036311149597,0.5036141276359558,0.4375,False,2
C1_1,search,256,4,8,it0188,0.5909115076065063,0.48348692059516907,0.2777777777777778,False,3
C1_1,search,256,4,8,it0189,0.40014782547950745,0.2721003293991089,0.2,False,1
C1_1,search,256,4,8,it0190,0.5777046084403992,0.5553911924362183,0.125,False,0
C1_1,search,256,4,8,it0191,0.48919206857681274,0.2988053858280182,0.28,False,2
C1_1,search,256,4,8,it0192,0.5366260409355164,0.5336296558380127,0.18518518518518517,False,1
C1_1,search,256,4,8,it0193,0.45493432879447937,0.365390807390213,0.3125,False,0
C1_1,search,256,4,8,it0194,0.5685721039772034,0.6308872103691101,0.047619047619047616,False,3
C1_1,search,256,4,8,it0195,0.6092830896377563,0.5006569623947144,0.34615384615384615,False,1
C1_1,search,256,4,8,it0196,0.45419740676879883,0.3044641315937042,0.14285714285714285,False,0
C1_1,search,256,4,8,it0197,0.3922891914844513,0.3860654830932617,0.18181818181818182,False,2
C1_1,search,256,4,8,it0198,0.23848578333854675,0.15695567429065704,0.0,False,3
C1_1,search,256,4,8,it0199,0.49940621852874756,0.5475060939788818,0.058823529411764705,False,3
C1_1,search,512,8,8,it0000,0.6088821887969971,0.6065704226493835,0.34782608695652173,False,5
C1_1,search,512,8,8,it0001,0.4430502951145172,0.26944300532341003,0.6111111111111112,False,2
C1_1,search,512,8,8,it0002,0.43742141127586365,0.3076665997505188,0.3333333333333333,False,2
C1_1,search,512,8,8,it0003,0.46389830112457275,0.4114830791950226,0.26666666666666666,False,6
C1_1,search,512,8,8,it0004,0.5573946833610535,0.3863840103149414,0.1875,False,0
C1_1,search,512,8,8,it0005,0.4428715109825134,0.531757652759552,0.2962962962962963,False,1
C1_1,search,512,8,8,it0006,0.40947043895721436,0.3419281542301178,0.2222222222222222,False,0
C1_1,search,512,8,8,it0007,0.42102622985839844,0.42080414295196533,0.25,False,1
C1_1,search,512,8,8,it0008,0.4232986271381378,0.339126855134964,0.23809523809523808,False,2
C1_1,search,512,8,8,it0009,0.4715472161769867,0.5540037155151367,0.25925925925925924,False,1
C1_1,search,512,8,8,it0010,0.6026825308799744,0.5955098271369934,0.3888888888888889,False,7
C1_1,search,512,8,8,it0011,0.5817508697509766,0.5420641899108887,0.08695652173913043,False,4
C1_1,search,512,8,8,it0012,0.4531155526638031,0.38568609952926636,0.7586206896551724,False,4
C1_1,search,512,8,8,it0013,0.6180418729782104,0.5802715420722961,0.037037037037037035,False,5
C1_1,search,512,8,8,it0014,0.5323256254196167,0.40689370036125183,0.26666666666666666,False,6
C1_1,search,512,8,8,it0015,0.4734300971031189,0.5143787860870361,0.5294117647058824,False,4
C1_1,search,512,8,8,it0016,0.5515275597572327,0.5247658491134644,0.3235294117647059,False,5
C1_1,search,512,8,8,it0017,0.5072659254074097,0.4578239619731903,0.13333333333333333,False,2
C1_1,search,512,8,8,it0018,0.3409651517868042,0.307908296585083,0.08823529411764706,False,5
C1_1,search,512,8,8,it0019,0.5365632176399231,0.5068860650062561,0.2391304347826087,False,0
C1_1,search,512,8,8,it0020,0.3005428910255432,0.30014222860336304,0.6923076923076923,False,0
C1_1,search,512,8,8,it0021,0.5302995443344116,0.4586132764816284,0.06060606060606061,False,5
C1_1,search,512,8,8,it0022,0.3900325894355774,0.46643510460853577,0.65,False,4
C1_1,search,512,8,8,it0023,0.5370826125144958,0.5552688837051392,0.3333333333333333,False,7
C1_1,search,512,8,8,it0024,0.6350951790809631,0.5377245545387268,0.14285714285714285,False,0
C1_1,search,512,8,8,it0025,0.6400172114372253,0.6552655100822449,0.4,False,1
C1_1,search,512,8,8,it0026,0.3557546138763428,0.2895575761795044,0.625,False,6
C1_1,search,512,8,8,it0027,0.6474863290786743,0.6247244477272034,0.25,False,0
C1_1,search,512,8,8,it0028,0.5166979432106018,0.5311364531517029,0.4523809523809524,False,6
C1_1,search,512,8,8,it0029,0.3257928490638733,0.42946112155914307,0.0625,False,0
C1_1,search,512,8,8,it0030,0.6514642834663391,0.5291526317596436,0.28,False,4
C1_1,search,512,8,8,it0031,0.4081956446170807,0.3500773012638092,0.4444444444444444,False,2
C1_1,search,512,8,8,it0032,0.6350409388542175,0.5204534530639648,0.18518518518518517,False,4
C1_1,search,512,8,8,it0033,0.4148039221763611,0.3242682218551636,0.15384615384615385,False,4
C1_1,search,512,8,8,it0034,0.5557698011398315,0.40983137488365173,0.13333333333333333,False,2
C1_1,search,512,8,8,it0035,0.3003973960876465,0.26724907755851746,0.23076923076923078,False,4
C1_1,search,512,8,8,it0036,0.6174634099006653,0.5376354455947876,0.5555555555555556,False,1
C1_1,search,512,8,8,it0037,0.5279380083084106,0.5699951648712158,0.06666666666666667,False,2
C1_1,search,512,8,8,it0038,0.34137919545173645,0.25707584619522095,0.13513513513513514,False,1
C1_1,search,512,8,8,it0039,0.5198973417282104,0.5229804515838623,0.0975609756097561,False,2
C1_1,search,512,8,8,it0040,0.39365413784980774,0.2471838891506195,0.4,False,2
C1_1,search,512,8,8,it0041,0.5907373428344727,0.5101143717765808,0.13636363636363635,False,6
C1_1,search,512,8,8,it0042,0.43498533964157104,0.4110235571861267,0.18518518518518517,False,2
C1_1,search,512,8,8,it0043,0.2541937828063965,0.2851615846157074,0.07692307692307693,False,0
C1_1,search,512,8,8,it0044,0.4462943971157074,0.6353929042816162,0.28,False,2
C1_1,search,512,8,8,it0045,0.24808482825756073,0.46402472257614136,0.36666666666666664,False,7
C1_1,search,512,8,8,it0046,0.3411289155483246,0.3015475273132324,0.0,False,7
C1_1,search,512,8,8,it0047,0.37184953689575195,0.3338977098464966,0.75,False,6
C1_1,search,512,8,8,it0048,0.6039720177650452,0.5133756995201111,0.25,False,7
C1_1,search,512,8,8,it0049,0.34759628772735596,0.5427591800689697,0.5,False,0
C1_1,search,512,8,8,it0050,0.2230961173772812,0.16539984941482544,0.3181818181818182,False,5
C1_1,search,512,8,8,it0051,0.1959228664636612,0.45586976408958435,0.13793103448275862,False,7
C1_1,search,512,8,8,it0052,0.3265080451965332,0.33735188841819763,0.0,False,1
C1_1,search,512,8,8,it0053,0.26497969031333923,0.3509952127933502,0.3783783783783784,False,3
C1_1,search,512,8,8,it0054,0.2816839814186096,0.2781679630279541,0.08333333333333333,False,0
C1_1,search,512,8,8,it0055,0.48024770617485046,0.5079985857009888,0.2692307692307692,False,5
C1_1,search,512,8,8,it0056,0.3465428948402405,0.32610562443733215,0.45,False,0
C1_1,search,512,8,8,it0057,0.5317063331604004,0.37013229727745056,0.38235294117647056,False,2
C1_1,search,512,8,8,it0058,0.3831883668899536,0.48922765254974365,0.4166666666666667,False,0
C1_1,search,512,8,8,it0059,0.5115110874176025,0.6310510039329529,0.32142857142857145,False,4
C1_1,search,512,8,8,it0060,0.5319041013717651,0.3674471080303192,0.29411764705882354,False,3
C1_1,search,512,8,8,it0061,0.5207107067108154,0.5925045609474182,0.02857142857142857,False,5
C1_1,search,512,8,8,it0062,0.6405535340309143,0.6237364411354065,0.14285714285714285,False,4
C1_1,search,512,8,8,it0063,0.4731030762195587,0.4352683424949646,0.5172413793103449,False,1
C1_1,search,512,8,8,it0064,0.2992534041404724,0.44262853264808655,0.3333333333333333,False,3
C1_1,search,512,8,8,it0065,0.6001311540603638,0.6157447099685669,0.5384615384615384,False,7
C1_1,search,512,8,8,it0066,0.27561667561531067,0.3658643662929535,0.5238095238095238,False,6
C1_1,search,512,8,8,it0067,0.3599610924720764,0.2646370828151703,0.2777777777777778,False,5
C1_1,search,512,8,8,it0068,0.6933282017707825,0.5709439516067505,0.05128205128205128,False,2
C1_1,search,512,8,8,it0069,0.33625856041908264,0.34254324436187744,0.22727272727272727,False,5
C1_1,search,512,8,8,it0070,0.2552608251571655,0.5297635197639465,0.13333333333333333,False,4
C1_1,search,512,8,8,it0071,0.46391719579696655,0.48685890436172485,0.25,False,7
C1_1,search,512,8,8,it0072,0.48746567964553833,0.46526050567626953,0.22727272727272727,False,0
C1_1,search,512,8,8,it0073,0.14684337377548218,0.3102843761444092,0.5862068965517241,False,7
C1_1,search,512,8,8,it0074,0.2244134396314621,0.25890424847602844,0.4666666666666667,False,5
C1_1,search,512,8,8,it0075,0.3239200711250305,0.42417821288108826,0.043478260869565216,False,0
C1_1,search,512,8,8,it0076,0.6674399375915527,0.37397539615631104,0.391304347826087,False,4
C1_1,search,512,8,8,it0077,0.499634712934494,0.7249166369438171,0.4166666666666667,False,0
C1_1,search,512,8,8,it0078,0.2486935257911682,0.37944933772087097,0.09523809523809523,False,7
C1_1,search,512,8,8,it0079,0.6334264874458313,0.5799559950828552,0.16666666666666666,False,6
C1_1,search,512,8,8,it0080,0.5441175699234009,0.3220060467720032,0.36585365853658536,False,2
C1_1,search,512,8,8,it0081,0.3570457696914673,0.37161871790885925,0.07142857142857142,False,5
C1_1,search,512,8,8,it0082,0.5239621996879578,0.45867595076560974,0.058823529411764705,False,0
C1_1,search,512,8,8,it0083,0.47523897886276245,0.3408154249191284,0.11764705882352941,False,2
C1_1,search,512,8,8,it0084,0.5733723044395447,0.4970930218696594,0.35555555555555557,False,4
C1_1,search,512,8,8,it0085,0.5500513315200806,0.5002442002296448,0.0,False,0
C1_1,search,512,8,8,it0086,0.5776047110557556,0.5908285975456238,0.11764705882352941,False,7
C1_1,search,512,8,8,it0087,0.5184745788574219,0.6876163482666016,0.1875,False,7
C1_1,search,512,8,8,it0088,0.3587629795074463,0.41879546642303467,0.09523809523809523,False,7
C1_1,search,512,8,8,it0089,0.49424391984939575,0.3867890238761902,0.0,False,3
C1_1,search,512,8,8,it0090,0.6078506112098694,0.6303739547729492,0.058823529411764705,False,1
C1_1,search,512,8,8,it0091,0.5421262383460999,0.530063271522522,0.5161290322580645,False,2
C1_1,search,512,8,8,it0092,0.5233491063117981,0.43969452381134033,0.17142857142857143,False,0
C1_1,search,512,8,8,it0093,0.3905172049999237,0.37578266859054565,0.21052631578947367,False,3
C1_1,search,512,8,8,it0094,0.4129844307899475,0.41231390833854675,0.07692307692307693,False,2
C1_1,search,512,8,8,it0095,0.5379997491836548,0.5770463943481445,0.14285714285714285,False,4
C1_1,search,512,8,8,it0096,0.5160254240036011,0.3881581723690033,0.6363636363636364,False,4
C1_1,search,512,8,8,it0097,0.6467483043670654,0.6911966800689697,0.05,False,7
C1_1,search,512,8,8,it0098,0.49321702122688293,0.45007967948913574,0.18518518518518517,False,1
C1_1,search,512,8,8,it0099,0.20262575149536133,0.24931398034095764,0.08695652173913043,False,2
C1_1,search,512,8,8,it0100,0.5997524857521057,0.6702327132225037,0.0,False,2
C1_1,search,512,8,8,it0101,0.21333609521389008,0.31993967294692993,0.2894736842105263,False,7
C1_1,search,512,8,8,it0102,0.3434274196624756,0.4111904799938202,0.0,False,7
C1_1,search,512,8,8,it0103,0.44388681650161743,0.4706084430217743,0.22727272727272727,False,7
C1_1,search,512,8,8,it0104,0.514225423336029,0.5127009749412537,0.4166666666666667,False,6
C1_1,search,512,8,8,it0105,0.4394991993904114,0.5936641097068787,0.37142857142857144,False,7
C1_1,search,512,8,8,it0106,0.325872004032135,0.432214617729187,0.375,False,4
C1_1,search,512,8,8,it0107,0.5207287073135376,0.42565515637397766,0.43478260869565216,False,3
C1_1,search,512,8,8,it0108,0.38900071382522583,0.38483691215515137,0.1875,False,2
C1_1,search,512,8,8,it0109,0.5196866393089294,0.4901038408279419,0.10526315789473684,False,4
C1_1,search,512,8,8,it0110,0.18203872442245483,0.41537269949913025,0.3,False,7
C1_1,search,512,8,8,it0111,0.3570496439933777,0.3326992392539978,0.5454545454545454,False,0
C1_1,search,512,8,8,it0112,0.590299129486084,0.46839639544487,0.1590909090909091,False,6
C1_1,search,512,8,8,it0113,0.5820937752723694,0.4666750729084015,0.25,False,4
C1_1,search,512,8,8,it0114,0.38362932205200195,0.41587740182876587,0.7222222222222222,False,6
C1_1,search,512,8,8,it0115,0.29699060320854187,0.303207129240036,0.0,False,2
C1_1,search,512,8,8,it0116,0.583669126033783,0.3690108358860016,0.35294117647058826,False,6
C1_1,search,512,8,8,it0117,0.4729735553264618,0.5395609736442566,0.23529411764705882,False,0
C1_1,search,512,8,8,it0118,0.6673102378845215,0.6037018895149231,0.40384615384615385,False,6
C1_1,search,512,8,8,it0119,0.5646915435791016,0.6252428293228149,0.5,False,6
C1_1,search,512,8,8,it0120,0.6124707460403442,0.606837809085846,0.06666666666666667,False,4
C1_1,search,512,8,8,it0121,0.5363327264785767,0.49355417490005493,0.05,False,7
C1_1,search,512,8,8,it0122,0.2210443913936615,0.27310359477996826,0.5909090909090909,False,7
C1_1,search,512,8,8,it0123,0.3178711235523224,0.5290101766586304,0.11764705882352941,False,2
C1_1,search,512,8,8,it0124,0.6096696853637695,0.44985151290893555,0.6060606060606061,False,0
C1_1,search,512,8,8,it0125,0.6012939214706421,0.4248631000518799,0.15384615384615385,False,1
C1_1,search,512,8,8,it0126,0.44486480951309204,0.5308558344841003,0.25,False,6
C1_1,search,512,8,8,it0127,0.3756634593009949,0.4576789140701294,0.11764705882352941,False,3
C1_1,search,512,8,8,it0128,0.4664141833782196,0.5201752781867981,0.25,False,2
C1_1,search,512,8,8,it0129,0.3654792308807373,0.37008950114250183,0.17647058823529413,False,6
C1_1,search,512,8,8,it0130,0.34394943714141846,0.42252495884895325,0.3,False,7
C1_1,search,512,8,8,it0131,0.27855026721954346,0.39562344551086426,0.1935483870967742,False,4
C1_1,search,512,8,8,it0132,0.2799444794654846,0.42393702268600464,0.07142857142857142,False,6
C1_1,search,512,8,8,it0133,0.571038007736206,0.5666022300720215,0.14285714285714285,False,7
C1_1,search,512,8,8,it0134,0.38897207379341125,0.3739919066429138,0.10526315789473684,False,6
C1_1,search,512,8,8,it0135,0.3579525351524353,0.42663463950157166,0.10256410256410256,False,3
C1_1,search,512,8,8,it0136,0.46138399839401245,0.522959291934967,0.1,False,0
C1_1,search,512,8,8,it0137,0.6119014620780945,0.450515478849411,0.5,False,6
C1_1,search,512,8,8,it0138,0.5893456935882568,0.6144803762435913,0.4444444444444444,False,6
C1_1,search,512,8,8,it0139,0.5135420560836792,0.27969828248023987,0.0,False,7
C1_1,search,512,8,8,it0140,0.37933313846588135,0.3964942991733551,0.16666666666666666,False,0
C1_1,search,512,8,8,it0141,0.639521598815918,0.6720744371414185,0.4666666666666667,False,1
C1_1,search,512,8,8,it0142,0.38646388053894043,0.3919634222984314,0.28,False,6
C1_1,search,512,8,8,it0143,0.2999557554721832,0.5003872513771057,0.0,False,4
C1_1,search,512,8,8,it0144,0.47127747535705566,0.2388392835855484,0.03571428571428571,False,0
C1_1,search,512,8,8,it0145,0.5399733781814575,0.564602255821228,0.15,False,7
C1_1,search,512,8,8,it0146,0.5129684209823608,0.48561376333236694,0.2,False,7
C1_1,search,512,8,8,it0147,0.38081640005111694,0.3930642604827881,0.08695652173913043,False,7
C1_1,search,512,8,8,it0148,0.1205282136797905,0.17172907292842865,0.17857142857142858,False,2
C1_1,search,512,8,8,it0149,0.5113871097564697,0.48726850748062134,0.14285714285714285,False,6
C1_1,search,512,8,8,it0150,0.4953332245349884,0.45900195837020874,0.2692307692307692,False,4
C1_1,search,512,8,8,it0151,0.5192882418632507,0.5253968238830566,0.29411764705882354,False,6
C1_1,search,512,8,8,it0152,0.5782166719436646,0.40013062953948975,0.0,False,4
C1_1,search,512,8,8,it0153,0.4285691976547241,0.4609333276748657,0.5238095238095238,False,2
C1_1,search,512,8,8,it0154,0.2411639392375946,0.19816747307777405,0.5263157894736842,False,3
C1_1,search,512,8,8,it0155,0.29574012756347656,0.30610984563827515,0.21428571428571427,False,2
C1_1,search,512,8,8,it0156,0.28747156262397766,0.2677393853664398,0.14285714285714285,False,4
C1_1,search,512,8,8,it0157,0.5201300978660583,0.4965074062347412,0.3023255813953488,False,0
C1_1,search,512,8,8,it0158,0.3174673914909363,0.3963932394981384,0.3684210526315789,False,7
C1_1,search,512,8,8,it0159,0.4453498125076294,0.2978200614452362,0.14285714285714285,False,5
C1_1,search,512,8,8,it0160,0.5737308859825134,0.49940142035484314,0.22580645161290322,False,3
C1_1,search,512,8,8,it0161,0.37992167472839355,0.436154842376709,0.20689655172413793,False,4
C1_1,search,512,8,8,it0162,0.16063886880874634,0.40401995182037354,0.5185185185185185,False,0
C1_1,search,512,8,8,it0163,0.37955373525619507,0.4171731770038605,0.0,False,0
C1_1,search,512,8,8,it0164,0.5307884812355042,0.3395093083381653,0.25806451612903225,False,5
C1_1,search,512,8,8,it0165,0.3775806128978729,0.3501569926738739,0.0,False,4
C1_1,search,512,8,8,it0166,0.581615686416626,0.36391088366508484,0.3333333333333333,False,6
C1_1,search,512,8,8,it0167,0.44934582710266113,0.4763723611831665,0.21052631578947367,False,5
C1_1,search,512,8,8,it0168,0.3192099332809448,0.3321124315261841,0.6,False,6
C1_1,search,512,8,8,it0169,0.435001403093338,0.4129698872566223,0.25,False,4
C1_1,search,512,8,8,it0170,0.41131436824798584,0.44911953806877136,0.35294117647058826,False,3
C1_1,search,512,8,8,it0171,0.624089241027832,0.603077232837677,0.14285714285714285,False,2
C1_1,search,512,8,8,it0172,0.22908063232898712,0.3872755765914917,0.0,False,5
C1_1,search,512,8,8,it0173,0.681538462638855,0.6203463673591614,0.1,False,1
C1_1,search,512,8,8,it0174,0.4237336218357086,0.4111805558204651,0.25,False,3
C1_1,search,512,8,8,it0175,0.30358660221099854,0.2877084016799927,0.3333333333333333,False,1
C1_1,search,512,8,8,it0176,0.3856070041656494,0.4066570997238159,0.3333333333333333,False,0
C1_1,search,512,8,8,it0177,0.4427688419818878,0.5541484355926514,0.05263157894736842,False,2
C1_1,search,512,8,8,it0178,0.31807515025138855,0.27203303575515747,0.47058823529411764,False,1
C1_1,search,512,8,8,it0179,0.599768340587616,0.6554824709892273,0.3870967741935484,False,0
C1_1,search,512,8,8,it0180,0.43577462434768677,0.5614741444587708,0.07142857142857142,False,4
C1_1,search,512,8,8,it0181,0.5641419887542725,0.5399601459503174,0.12195121951219512,False,2
C1_1,search,512,8,8,it0182,0.584182620048523,0.46704742312431335,0.0,False,2
C1_1,search,512,8,8,it0183,0.6354649662971497,0.48092350363731384,0.0,False,4
C1_1,search,512,8,8,it0184,0.3464948236942291,0.3682083785533905,0.6,False,0
C1_1,search,512,8,8,it0185,0.5257573127746582,0.4974220395088196,0.0967741935483871,False,4
C1_1,search,512,8,8,it0186,0.6236715912818909,0.6374707221984863,0.2916666666666667,False,2
C1_1,search,512,8,8,it0187,0.48800036311149597,0.5036141276359558,0.4375,False,2
C1_1,search,512,8,8,it0188,0.5823981165885925,0.5107593536376953,0.1111111111111111,False,5
C1_1,search,512,8,8,it0189,0.33173972368240356,0.3072362542152405,0.15,False,6
C1_1,search,512,8,8,it0190,0.6344707012176514,0.5734944343566895,0.1875,False,4
C1_1,search,512,8,8,it0191,0.4283018410205841,0.3398336172103882,0.04,False,4
C1_1,search,512,8,8,it0192,0.5850341320037842,0.5591698884963989,0.25925925925925924,False,6
C1_1,search,512,8,8,it0193,0.45493432879447937,0.365390807390213,0.3125,False,0
C1_1,search,512,8,8,it0194,0.6364405155181885,0.632043719291687,0.09523809523809523,False,4
C1_1,search,512,8,8,it0195,0.6493448615074158,0.514024019241333,0.3076923076923077,False,6
C1_1,search,512,8,8,it0196,0.4336881935596466,0.38856932520866394,0.35714285714285715,False,6
C1_1,search,512,8,8,it0197,0.3922891914844513,0.3860654830932617,0.18181818181818182,False,2
C1_1,search,512,8,8,it0198,0.2524687945842743,0.18315722048282623,0.0,False,5
C1_1,search,512,8,8,it0199,0.49940621852874756,0.5475060939788818,0.058823529411764705,False,3
C1_1,refine,128,1,16,it0000,0.45158281922340393,0.38924846053123474,0.2608695652173913,False,0
C1_1,refine,128,1,16,it0001,0.35830891132354736,0.11245222389698029,0.5,False,0
C1_1,refine,128,1,16,it0002,0.37538638710975647,0.21270009875297546,0.3333333333333333,False,0
C1_1,refine,128,1,16,it0003,0.45452120900154114,0.2828328311443329,0.13333333333333333,False,0
C1_1,refine,128,1,16,it0004,0.463445246219635,0.4041045904159546,0.1875,False,0
C1_1,refine,128,1,16,it0005,0.47452616691589355,0.370248407125473,0.07407407407407407,False,0
C1_1,refine,128,1,16,it0006,0.433266818523407,0.41449376940727234,0.16666666666666666,False,0
C1_1,refine,128,1,16,it0007,0.35773730278015137,0.33574384450912476,0.2727272727272727,False,0
C1_1,refine,128,1,16,it0008,0.34513068199157715,0.22036203742027283,0.3333333333333333,False,0
C1_1,refine,128,1,16,it0009,0.48758015036582947,0.4744788110256195,0.1111111111111111,False,0
C1_1,refine,128,1,16,it0010,0.5831226706504822,0.60234534740448,0.5,False,0
C1_1,refine,128,1,16,it0011,0.501082718372345,0.34651654958724976,0.0,False,0
C1_1,refine,128,1,16,it0012,0.34100914001464844,0.3492867052555084,0.6896551724137931,False,0
C1_1,refine,128,1,16,it0013,0.5637221336364746,0.5755999684333801,0.07407407407407407,False,0
C1_1,refine,128,1,16,it0014,0.21671512722969055,0.32103869318962097,0.26666666666666666,False,0
C1_1,refine,128,1,16,it0015,0.4364657998085022,0.512274444103241,0.35294117647058826,False,0
C1_1,refine,128,1,16,it0016,0.5627373456954956,0.42348435521125793,0.029411764705882353,False,0
C1_1,refine,128,1,16,it0017,0.5252716541290283,0.32787129282951355,0.06666666666666667,False,0
C1_1,refine,128,1,16,it0018,0.3179277181625366,0.23499539494514465,0.08823529411764706,False,0
C1_1,refine,128,1,16,it0019,0.5814328789710999,0.42282018065452576,0.21739130434782608,False,0
C1_1,refine,128,1,16,it0020,0.21621473133563995,0.2567318081855774,0.46153846153846156,False,0
C1_1,refine,128,1,16,it0021,0.45380663871765137,0.4221164882183075,0.18181818181818182,False,0
C1_1,refine,128,1,16,it0022,0.38730183243751526,0.3705507814884186,1.25,True,0
C1_1,refine,128,1,16,it0023,0.5429814457893372,0.34005752205848694,0.3333333333333333,False,0
C1_1,refine,128,1,16,it0024,0.5897629857063293,0.44398820400238037,0.14285714285714285,False,0
C1_1,refine,128,1,16,it0025,0.5848147869110107,0.5627634525299072,0.0,False,0
C1_1,refine,128,1,16,it0026,0.25606217980384827,0.31379881501197815,0.125,False,0
C1_1,refine,128,1,16,it0027,0.7090941667556763,0.5143846869468689,0.125,False,0
C1_1,refine,128,1,16,it0028,0.4765961766242981,0.45912671089172363,0.3333333333333333,False,0
C1_1,refine,128,1,16,it0029,0.3211320638656616,0.3956340551376343,0.25,False,0
C1_1,refine,128,1,16,it0030,0.5656594634056091,0.47904151678085327,0.16,False,0
C1_1,refine,128,1,16,it0031,0.3304784893989563,0.12281320989131927,0.2777777777777778,False,0
C1_1,refine,128,1,16,it0032,0.5164076089859009,0.4494105875492096,0.07407407407407407,False,0
C1_1,refine,128,1,16,it0033,0.32747817039489746,0.23340751230716705,0.15384615384615385,False,0
C1_1,refine,128,1,16,it0034,0.4099583923816681,0.3566630482673645,0.23333333333333334,False,0
C1_1,refine,128,1,16,it0035,0.2165287584066391,0.1281149983406067,0.3076923076923077,False,0
C1_1,refine,128,1,16,it0036,0.618522584438324,0.4635288715362549,0.0,False,0
C1_1,refine,128,1,16,it0037,0.48513323068618774,0.48739662766456604,0.06666666666666667,False,0
C1_1,refine,128,1,16,it0038,0.2559092938899994,0.09917851537466049,0.08108108108108109,False,0
C1_1,refine,128,1,16,it0039,0.525079607963562,0.40015941858291626,0.1951219512195122,False,0
C1_1,refine,128,1,16,it0040,0.23629823327064514,0.17143301665782928,0.13333333333333333,False,0
C1_1,refine,128,1,16,it0041,0.6180079579353333,0.43919235467910767,0.045454545454545456,False,0
C1_1,refine,128,1,16,it0042,0.4392314851284027,0.31696945428848267,0.2222222222222222,False,0
C1_1,refine,128,1,16,it0043,0.3157579004764557,0.25153884291648865,0.11538461538461539,False,0
C1_1,refine,128,1,16,it0044,0.4257151782512665,0.44044265151023865,0.16,False,0
C1_1,refine,128,1,16,it0045,0.232499897480011,0.3383963108062744,0.13333333333333333,False,0
C1_1,refine,128,1,16,it0046,0.3191768527030945,0.2075349986553192,0.125,False,0
C1_1,refine,128,1,16,it0047,0.2917627692222595,0.23249894380569458,0.75,False,0
C1_1,refine,128,1,16,it0048,0.542612612247467,0.4034821689128876,0.25,False,0
C1_1,refine,128,1,16,it0049,0.28343966603279114,0.5207172632217407,0.3181818181818182,False,0
C1_1,refine,128,1,16,it0050,0.17125888168811798,0.18065433204174042,0.36363636363636365,False,0
C1_1,refine,128,1,16,it0051,0.18983949720859528,0.36711353063583374,0.3103448275862069,False,0
C1_1,refine,128,1,16,it0052,0.3617236912250519,0.4050504267215729,0.06666666666666667,False,0
C1_1,refine,128,1,16,it0053,0.28506848216056824,0.3132585883140564,0.35135135135135137,False,0
C1_1,refine,128,1,16,it0054,0.2689448893070221,0.07106824219226837,0.20833333333333334,False,0
C1_1,refine,128,1,16,it0055,0.5128368139266968,0.4426819384098053,0.3076923076923077,False,0
C1_1,refine,128,1,16,it0056,0.2775731384754181,0.2514800727367401,0.4,False,0
C1_1,refine,128,1,16,it0057,0.4236842095851898,0.29773566126823425,0.4117647058823529,False,0
C1_1,refine,128,1,16,it0058,0.3626362383365631,0.2896605134010315,0.16666666666666666,False,0
C1_1,refine,128,1,16,it0059,0.4919861853122711,0.4705781936645508,0.07142857142857142,False,0
C1_1,refine,128,1,16,it0060,0.3915286064147949,0.3210839331150055,0.0,False,0
C1_1,refine,128,1,16,it0061,0.5093901753425598,0.556957483291626,0.02857142857142857,False,0
C1_1,refine,128,1,16,it0062,0.47723129391670227,0.4507737159729004,0.047619047619047616,False,0
C1_1,refine,128,1,16,it0063,0.4825972616672516,0.36402109265327454,0.5517241379310345,False,0
C1_1,refine,128,1,16,it0064,0.30157893896102905,0.31615784764289856,0.3888888888888889,False,0
C1_1,refine,128,1,16,it0065,0.6230484247207642,0.633682906627655,0.10256410256410256,False,0
C1_1,refine,128,1,16,it0066,0.20005296170711517,0.2863134741783142,0.3333333333333333,False,0
C1_1,refine,128,1,16,it0067,0.27672767639160156,0.15855376422405243,0.2777777777777778,False,0
C1_1,refine,128,1,16,it0068,0.7067195177078247,0.5983511209487915,0.05128205128205128,False,0
C1_1,refine,128,1,16,it0069,0.2394145280122757,0.20750920474529266,0.2727272727272727,False,0
C1_1,refine,128,1,16,it0070,0.36936357617378235,0.3783661425113678,0.13333333333333333,False,0
C1_1,refine,128,1,16,it0071,0.5200765132904053,0.426372766494751,0.32142857142857145,False,0
C1_1,refine,128,1,16,it0072,0.4381430447101593,0.435863733291626,0.09090909090909091,False,0
C1_1,refine,128,1,16,it0073,0.11655212193727493,0.1229889765381813,0.4482758620689655,False,0
C1_1,refine,128,1,16,it0074,0.3286072909832001,0.2275833636522293,0.4,False,0
C1_1,refine,128,1,16,it0075,0.399032860994339,0.42320042848587036,0.08695652173913043,False,0
C1_1,refine,128,1,16,it0076,0.5485881567001343,0.2979792356491089,0.30434782608695654,False,0
C1_1,refine,128,1,16,it0077,0.47386646270751953,0.5228434205055237,0.4166666666666667,False,0
C1_1,refine,128,1,16,it0078,0.24960368871688843,0.28328174352645874,0.23809523809523808,False,0
C1_1,refine,128,1,16,it0079,0.5920054316520691,0.538419783115387,0.125,False,0
C1_1,refine,128,1,16,it0080,0.45891237258911133,0.3014906048774719,0.3902439024390244,False,0
C1_1,refine,128,1,16,it0081,0.30049920082092285,0.2820717394351959,0.17857142857142858,False,0
C1_1,refine,128,1,16,it0082,0.45877861976623535,0.41535162925720215,0.0,False,0
C1_1,refine,128,1,16,it0083,0.46996068954467773,0.32362616062164307,0.14705882352941177,False,0
C1_1,refine,128,1,16,it0084,0.6218327879905701,0.3554323613643646,0.06666666666666667,False,0
C1_1,refine,128,1,16,it0085,0.49408453702926636,0.311707079410553,0.14285714285714285,False,0
C1_1,refine,128,1,16,it0086,0.6405505537986755,0.5317618250846863,0.7647058823529411,False,0
C1_1,refine,128,1,16,it0087,0.49323880672454834,0.6380394697189331,0.25,False,0
C1_1,refine,128,1,16,it0088,0.3454762399196625,0.31224074959754944,0.14285714285714285,False,0
C1_1,refine,128,1,16,it0089,0.4413609206676483,0.1594320684671402,0.0,False,0
C1_1,refine,128,1,16,it0090,0.5619687438011169,0.5086073279380798,0.058823529411764705,False,0
C1_1,refine,128,1,16,it0091,0.4619041681289673,0.5573599338531494,0.25806451612903225,False,0
C1_1,refine,128,1,16,it0092,0.5279873013496399,0.3779383897781372,0.22857142857142856,False,0
C1_1,refine,128,1,16,it0093,0.37008610367774963,0.30909088253974915,0.0,False,0
C1_1,refine,128,1,16,it0094,0.36322975158691406,0.4183143973350525,0.0,False,0
C1_1,refine,128,1,16,it0095,0.4151066541671753,0.439420223236084,0.19047619047619047,False,0
C1_1,refine,128,1,16,it0096,0.5442044734954834,0.42864924669265747,0.5,False,0
C1_1,refine,128,1,16,it0097,0.5922455191612244,0.6112331748008728,0.0,False,0
C1_1,refine,128,1,16,it0098,0.5052493810653687,0.3360111713409424,0.18518518518518517,False,0
C1_1,refine,128,1,16,it0099,0.23561695218086243,0.17782248556613922,0.13043478260869565,False,0
C1_1,refine,128,1,16,it0100,0.6188355684280396,0.6536287069320679,0.0,False,0
C1_1,refine,128,1,16,it0101,0.17604222893714905,0.24781949818134308,0.10526315789473684,False,0
C1_1,refine,128,1,16,it0102,0.3265138864517212,0.37776821851730347,0.0,False,0
C1_1,refine,128,1,16,it0103,0.2715066969394684,0.4687823951244354,0.045454545454545456,False,0
C1_1,refine,128,1,16,it0104,0.430768758058548,0.45408904552459717,0.16666666666666666,False,0
C1_1,refine,128,1,16,it0105,0.3718734383583069,0.5613553524017334,0.2571428571428571,False,0
C1_1,refine,128,1,16,it0106,0.3263651132583618,0.37192532420158386,0.16666666666666666,False,0
C1_1,refine,128,1,16,it0107,0.3689815402030945,0.2771088778972626,0.21739130434782608,False,0
C1_1,refine,128,1,16,it0108,0.47629258036613464,0.36642125248908997,0.3125,False,0
C1_1,refine,128,1,16,it0109,0.4403909742832184,0.31799373030662537,0.10526315789473684,False,0
C1_1,refine,128,1,16,it0110,0.14261767268180847,0.29117581248283386,0.4,False,0
C1_1,refine,128,1,16,it0111,0.32530930638313293,0.19333305954933167,0.15151515151515152,False,0
C1_1,refine,128,1,16,it0112,0.6400859355926514,0.5400800704956055,0.20454545454545456,False,0
C1_1,refine,128,1,16,it0113,0.5581718683242798,0.4605364501476288,0.20454545454545456,False,0
C1_1,refine,128,1,16,it0114,0.5144017338752747,0.40116235613822937,0.3333333333333333,False,0
C1_1,refine,128,1,16,it0115,0.2983264625072479,0.15656137466430664,0.2857142857142857,False,0
C1_1,refine,128,1,16,it0116,0.5264160633087158,0.3176361918449402,0.35294117647058826,False,0
C1_1,refine,128,1,16,it0117,0.4827728867530823,0.5474730134010315,0.29411764705882354,False,0
C1_1,refine,128,1,16,it0118,0.5838921070098877,0.5952427387237549,0.28846153846153844,False,0
C1_1,refine,128,1,16,it0119,0.38351088762283325,0.4358122944831848,0.6428571428571429,False,0
C1_1,refine,128,1,16,it0120,0.5284214019775391,0.39830341935157776,0.06666666666666667,False,0
C1_1,refine,128,1,16,it0121,0.4232417941093445,0.41951948404312134,0.3,False,0
C1_1,refine,128,1,16,it0122,0.2314828336238861,0.2559008002281189,0.36363636363636365,False,0
C1_1,refine,128,1,16,it0123,0.26128876209259033,0.3743062913417816,0.11764705882352941,False,0
C1_1,refine,128,1,16,it0124,0.5444866418838501,0.38950592279434204,0.21212121212121213,False,0
C1_1,refine,128,1,16,it0125,0.5344808101654053,0.4181898832321167,0.10256410256410256,False,0
C1_1,refine,128,1,16,it0126,0.4773082435131073,0.312957227230072,0.125,False,0
C1_1,refine,128,1,16,it0127,0.33418720960617065,0.2506730258464813,0.058823529411764705,False,0
C1_1,refine,128,1,16,it0128,0.5230493545532227,0.489275723695755,0.05,False,0
C1_1,refine,128,1,16,it0129,0.15399092435836792,0.18359792232513428,0.0,False,0
C1_1,refine,128,1,16,it0130,0.3137408196926117,0.41779857873916626,0.2,False,0
C1_1,refine,128,1,16,it0131,0.22377437353134155,0.3022574484348297,0.12903225806451613,False,0
C1_1,refine,128,1,16,it0132,0.3100314736366272,0.20558512210845947,0.0,False,0
C1_1,refine,128,1,16,it0133,0.5181061029434204,0.5759366750717163,0.07142857142857142,False,0
C1_1,refine,128,1,16,it0134,0.42405444383621216,0.3333755433559418,0.21052631578947367,False,0
C1_1,refine,128,1,16,it0135,0.34686893224716187,0.3266843855381012,0.2564102564102564,False,0
C1_1,refine,128,1,16,it0136,0.4274686276912689,0.3353361487388611,0.1,False,0
C1_1,refine,128,1,16,it0137,0.549132227897644,0.4560137689113617,0.3333333333333333,False,0
C1_1,refine,128,1,16,it0138,0.5391584634780884,0.5938174724578857,0.2777777777777778,False,0
C1_1,refine,128,1,16,it0139,0.5414398908615112,0.35260793566703796,0.0,False,0
C1_1,refine,128,1,16,it0140,0.41903790831565857,0.3268137574195862,0.3333333333333333,False,0
C1_1,refine,128,1,16,it0141,0.6132931709289551,0.6045225858688354,0.5666666666666667,False,0
C1_1,refine,128,1,16,it0142,0.20998743176460266,0.2249116599559784,0.04,False,0
C1_1,refine,128,1,16,it0143,0.4544370472431183,0.4017830491065979,0.0,False,0
C1_1,refine,128,1,16,it0144,0.37653055787086487,0.1278771460056305,0.07142857142857142,False,0
C1_1,refine,128,1,16,it0145,0.5193348526954651,0.5601578950881958,0.1,False,0
C1_1,refine,128,1,16,it0146,0.47635602951049805,0.3881682753562927,0.05,False,0
C1_1,refine,128,1,16,it0147,0.43291378021240234,0.41224730014801025,0.21739130434782608,False,0
C1_1,refine,128,1,16,it0148,0.046815238893032074,0.09955839067697525,0.21428571428571427,False,0
C1_1,refine,128,1,16,it0149,0.4639274477958679,0.42891377210617065,0.14285714285714285,False,0
C1_1,refine,128,1,16,it0150,0.3532687723636627,0.3032318949699402,0.11538461538461539,False,0
C1_1,refine,128,1,16,it0151,0.6180160641670227,0.48972266912460327,0.0,False,0
C1_1,refine,128,1,16,it0152,0.39049842953681946,0.33102935552597046,0.0,False,0
C1_1,refine,128,1,16,it0153,0.3196723461151123,0.37085622549057007,0.16666666666666666,False,0
C1_1,refine,128,1,16,it0154,0.24023079872131348,0.19074809551239014,0.3157894736842105,False,0
C1_1,refine,128,1,16,it0155,0.2569175958633423,0.3152334690093994,0.03571428571428571,False,0
C1_1,refine,128,1,16,it0156,0.2808701992034912,0.2526722550392151,0.14285714285714285,False,0
C1_1,refine,128,1,16,it0157,0.5051913261413574,0.44267258048057556,0.16279069767441862,False,0
C1_1,refine,128,1,16,it0158,0.2663611173629761,0.22232986986637115,0.10526315789473684,False,0
C1_1,refine,128,1,16,it0159,0.2998371124267578,0.15623216331005096,0.21428571428571427,False,0
C1_1,refine,128,1,16,it0160,0.5510097742080688,0.352899968624115,0.03225806451612903,False,0
C1_1,refine,128,1,16,it0161,0.3609381318092346,0.37237313389778137,0.1724137931034483,False,0
C1_1,refine,128,1,16,it0162,0.16003340482711792,0.1930077224969864,0.5185185185185185,False,0
C1_1,refine,128,1,16,it0163,0.48302391171455383,0.32500675320625305,0.058823529411764705,False,0
C1_1,refine,128,1,16,it0164,0.5002332329750061,0.1972205936908722,0.1935483870967742,False,0
C1_1,refine,128,1,16,it0165,0.3019503951072693,0.19698657095432281,0.030303030303030304,False,0
C1_1,refine,128,1,16,it0166,0.6968331933021545,0.4351579248905182,0.5,False,0
C1_1,refine,128,1,16,it0167,0.3925378918647766,0.45959803462028503,0.10526315789473684,False,0
C1_1,refine,128,1,16,it0168,0.24775734543800354,0.14934948086738586,0.0,False,0
C1_1,refine,128,1,16,it0169,0.4437922239303589,0.40981072187423706,0.15,False,0
C1_1,refine,128,1,16,it0170,0.4266318678855896,0.42128363251686096,0.35294117647058826,False,0
C1_1,refine,128,1,16,it0171,0.6789865493774414,0.5542920231819153,0.09523809523809523,False,0
C1_1,refine,128,1,16,it0172,0.20829731225967407,0.24887418746948242,0.0,False,0
C1_1,refine,128,1,16,it0173,0.6522177457809448,0.6007460951805115,0.0,False,0
C1_1,refine,128,1,16,it0174,0.4939380884170532,0.327509343624115,0.125,False,0
C1_1,refine,128,1,16,it0175,0.2169022560119629,0.24942229688167572,0.26666666666666666,False,0
C1_1,refine,128,1,16,it0176,0.44248563051223755,0.4403356611728668,0.2777777777777778,False,0
C1_1,refine,128,1,16,it0177,0.46799948811531067,0.5146540403366089,0.10526315789473684,False,0
C1_1,refine,128,1,16,it0178,0.3972576856613159,0.13869749009609222,0.8235294117647058,False,0
C1_1,refine,128,1,16,it0179,0.6272770762443542,0.6524449586868286,0.16129032258064516,False,0
C1_1,refine,128,1,16,it0180,0.42984408140182495,0.43323615193367004,0.21428571428571427,False,0
C1_1,refine,128,1,16,it0181,0.5479607582092285,0.5445873737335205,0.12195121951219512,False,0
C1_1,refine,128,1,16,it0182,0.5233870148658752,0.3920593559741974,0.28,False,0
C1_1,refine,128,1,16,it0183,0.5071744918823242,0.392137348651886,0.0,False,0
C1_1,refine,128,1,16,it0184,0.1667306274175644,0.1167951300740242,0.5333333333333333,False,0
C1_1,refine,128,1,16,it0185,0.3497360646724701,0.279005229473114,0.06451612903225806,False,0
C1_1,refine,128,1,16,it0186,0.5382899641990662,0.5133590698242188,0.2916666666666667,False,0
C1_1,refine,128,1,16,it0187,0.42770683765411377,0.3677143454551697,0.0,False,0
C1_1,refine,128,1,16,it0188,0.6051537394523621,0.43099164962768555,0.16666666666666666,False,0
C1_1,refine,128,1,16,it0189,0.35599085688591003,0.2842754125595093,0.0,False,0
C1_1,refine,128,1,16,it0190,0.5464310646057129,0.4352915585041046,0.0625,False,0
C1_1,refine,128,1,16,it0191,0.41091540455818176,0.3228496313095093,0.2,False,0
C1_1,refine,128,1,16,it0192,0.6087740063667297,0.5240913033485413,0.18518518518518517,False,0
C1_1,refine,128,1,16,it0193,0.3683859407901764,0.1898030936717987,0.1875,False,0
C1_1,refine,128,1,16,it0194,0.5140978693962097,0.5934958457946777,0.047619047619047616,False,0
C1_1,refine,128,1,16,it0195,0.5330120921134949,0.4271586239337921,0.46153846153846156,False,0
C1_1,refine,128,1,16,it0196,0.4940522313117981,0.41047289967536926,0.2857142857142857,False,0
C1_1,refine,128,1,16,it0197,0.3613128960132599,0.3474845886230469,0.18181818181818182,False,0
C1_1,refine,128,1,16,it0198,0.22409410774707794,0.06921076774597168,0.0625,False,0
C1_1,refine,128,1,16,it0199,0.4441213309764862,0.3772181272506714,0.11764705882352941,False,0
C1_1,refine,256,1,32,it0000,0.4900667071342468,0.4701439440250397,0.0,False,0
C1_1,refine,256,1,32,it0001,0.4993186593055725,0.19551938772201538,0.2777777777777778,False,0
C1_1,refine,256,1,32,it0002,0.39075326919555664,0.20255683362483978,0.26666666666666666,False,0
C1_1,refine,256,1,32,it0003,0.3704976439476013,0.22708332538604736,0.26666666666666666,False,0
C1_1,refine,256,1,32,it0004,0.5422285795211792,0.3558010756969452,0.125,False,0
C1_1,refine,256,1,32,it0005,0.4213894307613373,0.3233396112918854,0.07407407407407407,False,0
C1_1,refine,256,1,32,it0006,0.3750538229942322,0.26515084505081177,0.2222222222222222,False,0
C1_1,refine,256,1,32,it0007,0.29976657032966614,0.3311537206172943,0.25,False,0
C1_1,refine,256,1,32,it0008,0.21623660624027252,0.23797202110290527,0.23809523809523808,False,0
C1_1,refine,256,1,32,it0009,0.4389040768146515,0.5015530586242676,0.14814814814814814,False,0
C1_1,refine,256,1,32,it0010,0.5730210542678833,0.5926229357719421,0.2222222222222222,False,0
C1_1,refine,256,1,32,it0011,0.588737964630127,0.459440678358078,0.0,False,0
C1_1,refine,256,1,32,it0012,0.3918634057044983,0.3465408384799957,0.4827586206896552,False,0
C1_1,refine,256,1,32,it0013,0.6194894313812256,0.6227072477340698,0.07407407407407407,False,0
C1_1,refine,256,1,32,it0014,0.3194880485534668,0.34850236773490906,0.13333333333333333,False,0
C1_1,refine,256,1,32,it0015,0.41117000579833984,0.4490940570831299,0.17647058823529413,False,0
C1_1,refine,256,1,32,it0016,0.5765119791030884,0.33313220739364624,0.23529411764705882,False,0
C1_1,refine,256,1,32,it0017,0.4894704520702362,0.33585888147354126,0.13333333333333333,False,0
C1_1,refine,256,1,32,it0018,0.3355197608470917,0.2749025523662567,0.11764705882352941,False,0
C1_1,refine,256,1,32,it0019,0.5245516300201416,0.4028799831867218,0.32608695652173914,False,0
C1_1,refine,256,1,32,it0020,0.3180655241012573,0.24494633078575134,0.23076923076923078,False,0
C1_1,refine,256,1,32,it0021,0.4932403266429901,0.37728050351142883,0.15151515151515152,False,0
C1_1,refine,256,1,32,it0022,0.4226043224334717,0.40451371669769287,0.375,False,0
C1_1,refine,256,1,32,it0023,0.4944385588169098,0.5312683582305908,0.3333333333333333,False,0
C1_1,refine,256,1,32,it0024,0.6095737814903259,0.4753003418445587,0.14285714285714285,False,0
C1_1,refine,256,1,32,it0025,0.6245363354682922,0.5567747354507446,0.3,False,0
C1_1,refine,256,1,32,it0026,0.28016746044158936,0.31677183508872986,0.0,False,0
C1_1,refine,256,1,32,it0027,0.6912672519683838,0.6126367449760437,0.1875,False,0
C1_1,refine,256,1,32,it0028,0.44431859254837036,0.45655500888824463,0.023809523809523808,False,0
C1_1,refine,256,1,32,it0029,0.29425787925720215,0.3714616894721985,0.0625,False,0
C1_1,refine,256,1,32,it0030,0.5600113272666931,0.5309351682662964,0.12,False,0
C1_1,refine,256,1,32,it0031,0.3264850378036499,0.2602883577346802,0.16666666666666666,False,0
C1_1,refine,256,1,32,it0032,0.572647213935852,0.5683192610740662,0.1111111111111111,False,0
C1_1,refine,256,1,32,it0033,0.30188900232315063,0.24723058938980103,0.23076923076923078,False,0
C1_1,refine,256,1,32,it0034,0.3202974796295166,0.238023579120636,0.16666666666666666,False,0
C1_1,refine,256,1,32,it0035,0.34095749258995056,0.19041839241981506,0.15384615384615385,False,0
C1_1,refine,256,1,32,it0036,0.5382366180419922,0.4778239130973816,0.2222222222222222,False,0
C1_1,refine,256,1,32,it0037,0.539114773273468,0.4665715992450714,0.0,False,0
C1_1,refine,256,1,32,it0038,0.21507340669631958,0.13929149508476257,0.10810810810810811,False,0
C1_1,refine,256,1,32,it0039,0.44451868534088135,0.37583813071250916,0.0975609756097561,False,0
C1_1,refine,256,1,32,it0040,0.17000840604305267,0.20970481634140015,0.06666666666666667,False,0
C1_1,refine,256,1,32,it0041,0.529268205165863,0.33213675022125244,0.045454545454545456,False,0
C1_1,refine,256,1,32,it0042,0.27900373935699463,0.25271356105804443,0.37037037037037035,False,0
C1_1,refine,256,1,32,it0043,0.3001939654350281,0.15967945754528046,0.11538461538461539,False,0
C1_1,refine,256,1,32,it0044,0.5109075307846069,0.5127999782562256,0.16,False,0
C1_1,refine,256,1,32,it0045,0.1500038206577301,0.35164400935173035,0.1,False,0
C1_1,refine,256,1,32,it0046,0.25124210119247437,0.18988579511642456,0.125,False,0
C1_1,refine,256,1,32,it0047,0.33295074105262756,0.3013491630554199,0.7,False,0
C1_1,refine,256,1,32,it0048,0.5367294549942017,0.4936363995075226,0.1875,False,0
C1_1,refine,256,1,32,it0049,0.309184730052948,0.35644280910491943,0.18181818181818182,False,0
C1_1,refine,256,1,32,it0050,0.1412803828716278,-0.009542644023895264,0.4090909090909091,False,0
C1_1,refine,256,1,32,it0051,0.1900378167629242,0.4290807247161865,0.0,False,0
C1_1,refine,256,1,32,it0052,0.21271991729736328,0.2587100863456726,0.13333333333333333,False,0
C1_1,refine,256,1,32,it0053,0.17329886555671692,0.31953611969947815,0.4594594594594595,False,0
C1_1,refine,256,1,32,it0054,0.2718607783317566,0.000851210206747055,0.2916666666666667,False,0
C1_1,refine,256,1,32,it0055,0.3519822955131531,0.21542999148368835,0.3076923076923077,False,0
C1_1,refine,256,1,32,it0056,0.37406715750694275,0.1673607975244522,0.2,False,0
C1_1,refine,256,1,32,it0057,0.45259201526641846,0.17619185149669647,0.20588235294117646,False,0
C1_1,refine,256,1,32,it0058,0.3266346752643585,0.24721969664096832,0.16666666666666666,False,0
C1_1,refine,256,1,32,it0059,0.48480334877967834,0.512170135974884,0.21428571428571427,False,0
C1_1,refine,256,1,32,it0060,0.4511854350566864,0.343263179063797,0.058823529411764705,False,0
C1_1,refine,256,1,32,it0061,0.4533339738845825,0.5306930541992188,0.0,False,0
C1_1,refine,256,1,32,it0062,0.5741637349128723,0.5784011483192444,0.047619047619047616,False,0
C1_1,refine,256,1,32,it0063,0.3300483822822571,0.253071129322052,0.1724137931034483,False,0
C1_1,refine,256,1,32,it0064,0.3362199664115906,0.4948772192001343,0.2777777777777778,False,0
C1_1,refine,256,1,32,it0065,0.5648770928382874,0.5329292416572571,0.2564102564102564,False,0
C1_1,refine,256,1,32,it0066,0.22691336274147034,0.2309216558933258,0.14285714285714285,False,0
C1_1,refine,256,1,32,it0067,0.2688653767108917,0.29583320021629333,0.2777777777777778,False,0
C1_1,refine,256,1,32,it0068,0.6172199249267578,0.5862794518470764,0.02564102564102564,False,0
C1_1,refine,256,1,32,it0069,0.2183319628238678,0.22247011959552765,0.09090909090909091,False,0
C1_1,refine,256,1,32,it0070,0.440635085105896,0.4059508740901947,0.0,False,0
C1_1,refine,256,1,32,it0071,0.5232554078102112,0.39625123143196106,0.17857142857142858,False,0
C1_1,refine,256,1,32,it0072,0.46748867630958557,0.4768521785736084,0.0,False,0
C1_1,refine,256,1,32,it0073,0.201599583029747,0.19080886244773865,0.5517241379310345,False,0
C1_1,refine,256,1,32,it0074,0.2668036222457886,0.1864219605922699,0.4,False,0
C1_1,refine,256,1,32,it0075,0.43294045329093933,0.32362693548202515,0.0,False,0
C1_1,refine,256,1,32,it0076,0.45026031136512756,0.12803326547145844,0.5652173913043478,False,0
C1_1,refine,256,1,32,it0077,0.49730998277664185,0.5201723575592041,0.3333333333333333,False,0
C1_1,refine,256,1,32,it0078,0.35699114203453064,0.3533515930175781,0.14285714285714285,False,0
C1_1,refine,256,1,32,it0079,0.5859466791152954,0.574790358543396,0.16666666666666666,False,0
C1_1,refine,256,1,32,it0080,0.2828507423400879,0.20352883636951447,0.1951219512195122,False,0
C1_1,refine,256,1,32,it0081,0.3351972997188568,0.3109402358531952,0.14285714285714285,False,0
C1_1,refine,256,1,32,it0082,0.42205682396888733,0.40785372257232666,0.17647058823529413,False,0
C1_1,refine,256,1,32,it0083,0.4309461712837219,0.31371989846229553,0.08823529411764706,False,0
C1_1,refine,256,1,32,it0084,0.6039750576019287,0.4032493531703949,0.06666666666666667,False,0
C1_1,refine,256,1,32,it0085,0.5217325091362,0.40236833691596985,0.0,False,0
C1_1,refine,256,1,32,it0086,0.5722495317459106,0.46985891461372375,0.11764705882352941,False,0
C1_1,refine,256,1,32,it0087,0.5067824125289917,0.5432599782943726,0.25,False,0
C1_1,refine,256,1,32,it0088,0.267097532749176,0.27729174494743347,0.09523809523809523,False,0
C1_1,refine,256,1,32,it0089,0.4153742492198944,0.214039608836174,0.0,False,0
C1_1,refine,256,1,32,it0090,0.6151829361915588,0.6008890271186829,0.0,False,0
C1_1,refine,256,1,32,it0091,0.49180084466934204,0.5641764998435974,0.0967741935483871,False,0
C1_1,refine,256,1,32,it0092,0.5639297366142273,0.5299713611602783,0.17142857142857143,False,0
C1_1,refine,256,1,32,it0093,0.4725378155708313,0.24148385226726532,0.0,False,0
C1_1,refine,256,1,32,it0094,0.38518762588500977,0.44417983293533325,0.07692307692307693,False,0
C1_1,refine,256,1,32,it0095,0.3705005943775177,0.4778880476951599,0.23809523809523808,False,0
C1_1,refine,256,1,32,it0096,0.46780163049697876,0.4204363226890564,0.18181818181818182,False,0
C1_1,refine,256,1,32,it0097,0.5865177512168884,0.5930814743041992,0.1,False,0
C1_1,refine,256,1,32,it0098,0.469043105840683,0.38997960090637207,0.14814814814814814,False,0
C1_1,refine,256,1,32,it0099,0.25009238719940186,0.07959551364183426,0.043478260869565216,False,0
C1_1,refine,256,1,32,it0100,0.5939788818359375,0.5983648300170898,0.15384615384615385,False,0
C1_1,refine,256,1,32,it0101,0.15906491875648499,0.2902972102165222,0.07894736842105263,False,0
C1_1,refine,256,1,32,it0102,0.4063712954521179,0.4736690819263458,0.23076923076923078,False,0
C1_1,refine,256,1,32,it0103,0.3826943039894104,0.4067937731742859,0.09090909090909091,False,0
C1_1,refine,256,1,32,it0104,0.4095615744590759,0.34560340642929077,0.08333333333333333,False,0
C1_1,refine,256,1,32,it0105,0.28085798025131226,0.4817042052745819,0.2571428571428571,False,0
C1_1,refine,256,1,32,it0106,0.29589685797691345,0.33888542652130127,0.20833333333333334,False,0
C1_1,refine,256,1,32,it0107,0.4019327163696289,0.2790268361568451,0.13043478260869565,False,0
C1_1,refine,256,1,32,it0108,0.31374579668045044,0.14564752578735352,0.1875,False,0
C1_1,refine,256,1,32,it0109,0.36365965008735657,0.3816016614437103,0.2631578947368421,False,0
C1_1,refine,256,1,32,it0110,0.22553853690624237,0.31431111693382263,0.16666666666666666,False,0
C1_1,refine,256,1,32,it0111,0.32507050037384033,0.20839545130729675,0.3333333333333333,False,0
C1_1,refine,256,1,32,it0112,0.5823834538459778,0.4723343253135681,0.09090909090909091,False,0
C1_1,refine,256,1,32,it0113,0.5277997851371765,0.4829894006252289,0.045454545454545456,False,0
C1_1,refine,256,1,32,it0114,0.3772103488445282,0.3170689046382904,0.4444444444444444,False,0
C1_1,refine,256,1,32,it0115,0.3331893980503082,0.19372381269931793,0.0,False,0
C1_1,refine,256,1,32,it0116,0.5794856548309326,0.3131152391433716,0.17647058823529413,False,0
C1_1,refine,256,1,32,it0117,0.4043916165828705,0.4578946530818939,0.14705882352941177,False,0
C1_1,refine,256,1,32,it0118,0.40320825576782227,0.42130011320114136,0.25,False,0
C1_1,refine,256,1,32,it0119,0.5681831240653992,0.6012610793113708,0.2857142857142857,False,0
C1_1,refine,256,1,32,it0120,0.5402737259864807,0.4372221529483795,0.06666666666666667,False,0
C1_1,refine,256,1,32,it0121,0.5297771096229553,0.3912666141986847,0.15,False,0
C1_1,refine,256,1,32,it0122,0.3206062316894531,0.390863835811615,0.2727272727272727,False,0
C1_1,refine,256,1,32,it0123,0.3637327551841736,0.30889397859573364,0.058823529411764705,False,0
C1_1,refine,256,1,32,it0124,0.552483081817627,0.39883267879486084,0.21212121212121213,False,0
C1_1,refine,256,1,32,it0125,0.5563868880271912,0.4212836027145386,0.3333333333333333,False,0
C1_1,refine,256,1,32,it0126,0.3812403380870819,0.348587304353714,0.1875,False,0
C1_1,refine,256,1,32,it0127,0.3896411657333374,0.30354994535446167,0.17647058823529413,False,0
C1_1,refine,256,1,32,it0128,0.44038623571395874,0.3284650444984436,0.05,False,0
C1_1,refine,256,1,32,it0129,0.22859340906143188,0.18919731676578522,0.058823529411764705,False,0
C1_1,refine,256,1,32,it0130,0.29151788353919983,0.34724316000938416,0.0,False,0
C1_1,refine,256,1,32,it0131,0.28740358352661133,0.3458285927772522,0.1935483870967742,False,0
C1_1,refine,256,1,32,it0132,0.2760985195636749,0.09885454177856445,0.0,False,0
C1_1,refine,256,1,32,it0133,0.5150511860847473,0.5272766947746277,0.0,False,0
C1_1,refine,256,1,32,it0134,0.3718937933444977,0.2877061069011688,0.05263157894736842,False,0
C1_1,refine,256,1,32,it0135,0.34495294094085693,0.3069365322589874,0.3333333333333333,False,0
C1_1,refine,256,1,32,it0136,0.4344300329685211,0.3728936016559601,0.25,False,0
C1_1,refine,256,1,32,it0137,0.5032848715782166,0.4287523627281189,0.25,False,0
C1_1,refine,256,1,32,it0138,0.5587474703788757,0.5551327466964722,0.1111111111111111,False,0
C1_1,refine,256,1,32,it0139,0.5082101821899414,0.14723722636699677,0.0,False,0
C1_1,refine,256,1,32,it0140,0.40657031536102295,0.3239879310131073,0.125,False,0
C1_1,refine,256,1,32,it0141,0.5349715948104858,0.5985809564590454,0.16666666666666666,False,0
C1_1,refine,256,1,32,it0142,0.32047054171562195,0.15338732302188873,0.04,False,0
C1_1,refine,256,1,32,it0143,0.3930029273033142,0.3278781771659851,0.0,False,0
C1_1,refine,256,1,32,it0144,0.2839016914367676,0.0868210643529892,0.07142857142857142,False,0
C1_1,refine,256,1,32,it0145,0.4736558198928833,0.5525301694869995,0.025,False,0
C1_1,refine,256,1,32,it0146,0.5199363827705383,0.42105135321617126,0.0,False,0
C1_1,refine,256,1,32,it0147,0.5438008308410645,0.4434956908226013,0.08695652173913043,False,0
C1_1,refine,256,1,32,it0148,-0.0017859824001789093,0.03632812947034836,0.2857142857142857,False,0
C1_1,refine,256,1,32,it0149,0.451740562915802,0.389350026845932,0.14285714285714285,False,0
C1_1,refine,256,1,32,it0150,0.41976651549339294,0.4276669919490814,0.19230769230769232,False,0
C1_1,refine,256,1,32,it0151,0.6167683601379395,0.5251893997192383,0.0,False,0
C1_1,refine,256,1,32,it0152,0.5137531757354736,0.355627179145813,0.0,False,0
C1_1,refine,256,1,32,it0153,0.13716943562030792,0.1361144632101059,0.2619047619047619,False,0
C1_1,refine,256,1,32,it0154,0.2590330243110657,0.1763077974319458,0.15789473684210525,False,0
C1_1,refine,256,1,32,it0155,0.27262094616889954,0.35867592692375183,0.03571428571428571,False,0
C1_1,refine,256,1,32,it0156,0.19335514307022095,0.1967061161994934,0.09523809523809523,False,0
C1_1,refine,256,1,32,it0157,0.5562336444854736,0.4479235112667084,0.06976744186046512,False,0
C1_1,refine,256,1,32,it0158,0.4059039354324341,0.24922050535678864,0.21052631578947367,False,0
C1_1,refine,256,1,32,it0159,0.43302083015441895,0.3083617389202118,0.0,False,0
C1_1,refine,256,1,32,it0160,0.5317711234092712,0.44156402349472046,0.03225806451612903,False,0
C1_1,refine,256,1,32,it0161,0.3901326656341553,0.32814717292785645,0.06896551724137931,False,0
C1_1,refine,256,1,32,it0162,0.13469038903713226,0.36891356110572815,0.5185185185185185,False,0
C1_1,refine,256,1,32,it0163,0.43477725982666016,0.3017767667770386,0.0,False,0
C1_1,refine,256,1,32,it0164,0.5435767769813538,0.30914899706840515,0.22580645161290322,False,0
C1_1,refine,256,1,32,it0165,0.331455260515213,0.28006747364997864,0.09090909090909091,False,0
C1_1,refine,256,1,32,it0166,0.5796428918838501,0.31422504782676697,0.4166666666666667,False,0
C1_1,refine,256,1,32,it0167,0.3363356292247772,0.47465190291404724,0.10526315789473684,False,0
C1_1,refine,256,1,32,it0168,0.341341495513916,0.27245742082595825,0.4,False,0
C1_1,refine,256,1,32,it0169,0.408374160528183,0.4604617655277252,0.1,False,0
C1_1,refine,256,1,32,it0170,0.3999478816986084,0.429342657327652,0.058823529411764705,False,0
C1_1,refine,256,1,32,it0171,0.724092423915863,0.5748875737190247,0.0,False,0
C1_1,refine,256,1,32,it0172,0.20918156206607819,0.23934698104858398,0.04,False,0
C1_1,refine,256,1,32,it0173,0.6228046417236328,0.4864552915096283,0.13333333333333333,False,0
C1_1,refine,256,1,32,it0174,0.43843334913253784,0.24488183856010437,0.125,False,0
C1_1,refine,256,1,32,it0175,0.153776153922081,0.09860924631357193,0.13333333333333333,False,0
C1_1,refine,256,1,32,it0176,0.3447696566581726,0.33877289295196533,0.2222222222222222,False,0
C1_1,refine,256,1,32,it0177,0.43596190214157104,0.574797511100769,0.05263157894736842,False,0
C1_1,refine,256,1,32,it0178,0.28471508622169495,0.14478908479213715,0.5294117647058824,False,0
C1_1,refine,256,1,32,it0179,0.5991587042808533,0.606808602809906,0.25806451612903225,False,0
C1_1,refine,256,1,32,it0180,0.4703575372695923,0.4570173919200897,0.21428571428571427,False,0
C1_1,refine,256,1,32,it0181,0.5390644669532776,0.5373819470405579,0.12195121951219512,False,0
C1_1,refine,256,1,32,it0182,0.5501594543457031,0.31618088483810425,0.2,False,0
C1_1,refine,256,1,32,it0183,0.5481327772140503,0.49735331535339355,0.16,False,0
C1_1,refine,256,1,32,it0184,0.19381538033485413,0.13827374577522278,0.06666666666666667,False,0
C1_1,refine,256,1,32,it0185,0.37328532338142395,0.3440316319465637,0.22580645161290322,False,0
C1_1,refine,256,1,32,it0186,0.5754610300064087,0.3981124460697174,0.2916666666666667,False,0
C1_1,refine,256,1,32,it0187,0.5373390316963196,0.4702146053314209,0.0625,False,0
C1_1,refine,256,1,32,it0188,0.4848558008670807,0.3922671377658844,0.1111111111111111,False,0
C1_1,refine,256,1,32,it0189,0.40522199869155884,0.23654389381408691,0.2,False,0
C1_1,refine,256,1,32,it0190,0.5614395141601562,0.45509395003318787,0.0,False,0
C1_1,refine,256,1,32,it0191,0.41819673776626587,0.27930551767349243,0.04,False,0
C1_1,refine,256,1,32,it0192,0.5780788064002991,0.6003427505493164,0.18518518518518517,False,0
C1_1,refine,256,1,32,it0193,0.4074401259422302,0.21434128284454346,0.25,False,0
C1_1,refine,256,1,32,it0194,0.6151816844940186,0.6301941275596619,0.09523809523809523,False,0
C1_1,refine,256,1,32,it0195,0.6047011613845825,0.5652225017547607,0.07692307692307693,False,0
C1_1,refine,256,1,32,it0196,0.4054718315601349,0.28739264607429504,0.14285714285714285,False,0
C1_1,refine,256,1,32,it0197,0.4003887176513672,0.34291693568229675,0.18181818181818182,False,0
C1_1,refine,256,1,32,it0198,0.22108972072601318,0.2755809724330902,0.125,False,0
C1_1,refine,256,1,32,it0199,0.3257102966308594,0.38244128227233887,0.058823529411764705,False,0
C1_1,refine,512,1,64,it0000,0.5088520050048828,0.4534964859485626,0.043478260869565216,False,0
C1_1,refine,512,1,64,it0001,0.3583359718322754,0.15733616054058075,0.4444444444444444,False,0
C1_1,refine,512,1,64,it0002,0.336948961019516,0.23757877945899963,0.2,False,0
C1_1,refine,512,1,64,it0003,0.4180363714694977,0.37795960903167725,0.2,False,0
C1_1,refine,512,1,64,it0004,0.5051274299621582,0.25167033076286316,0.125,False,0
C1_1,refine,512,1,64,it0005,0.3386179208755493,0.3177058696746826,0.1111111111111111,False,0
C1_1,refine,512,1,64,it0006,0.4719592332839966,0.3717755973339081,0.2222222222222222,False,0
C1_1,refine,512,1,64,it0007,0.292272686958313,0.3216196894645691,0.2727272727272727,False,0
C1_1,refine,512,1,64,it0008,0.28834986686706543,-0.010217743925750256,0.3333333333333333,False,0
C1_1,refine,512,1,64,it0009,0.447229266166687,0.566815197467804,0.1111111111111111,False,0
C1_1,refine,512,1,64,it0010,0.5628781914710999,0.6021538376808167,0.2777777777777778,False,0
C1_1,refine,512,1,64,it0011,0.5612812638282776,0.5089272856712341,0.08695652173913043,False,0
C1_1,refine,512,1,64,it0012,0.30505627393722534,0.3086604177951813,0.7241379310344828,False,0
C1_1,refine,512,1,64,it0013,0.496840238571167,0.5061750411987305,0.0,False,0
C1_1,refine,512,1,64,it0014,0.28196778893470764,0.36147981882095337,0.13333333333333333,False,0
C1_1,refine,512,1,64,it0015,0.3605365753173828,0.44327324628829956,0.11764705882352941,False,0
C1_1,refine,512,1,64,it0016,0.5885593295097351,0.5090991854667664,0.11764705882352941,False,0
C1_1,refine,512,1,64,it0017,0.4144197106361389,0.34953927993774414,0.0,False,0
C1_1,refine,512,1,64,it0018,0.3247079849243164,0.23456479609012604,0.029411764705882353,False,0
C1_1,refine,512,1,64,it0019,0.5058645009994507,0.4789752960205078,0.13043478260869565,False,0
C1_1,refine,512,1,64,it0020,0.39416274428367615,0.27605730295181274,0.38461538461538464,False,0
C1_1,refine,512,1,64,it0021,0.4865157902240753,0.48450323939323425,0.18181818181818182,False,0
C1_1,refine,512,1,64,it0022,0.39239194989204407,0.31435009837150574,0.675,False,0
C1_1,refine,512,1,64,it0023,0.6768763065338135,0.5146023035049438,0.2222222222222222,False,0
C1_1,refine,512,1,64,it0024,0.5844010710716248,0.42687907814979553,0.14285714285714285,False,0
C1_1,refine,512,1,64,it0025,0.6113525032997131,0.5639175772666931,0.15,False,0
C1_1,refine,512,1,64,it0026,0.432150274515152,0.3309403359889984,0.125,False,0
C1_1,refine,512,1,64,it0027,0.6510859727859497,0.5763074159622192,0.125,False,0
C1_1,refine,512,1,64,it0028,0.4510023593902588,0.507153332233429,0.11904761904761904,False,0
C1_1,refine,512,1,64,it0029,0.2465774565935135,0.3083229660987854,0.0,False,0
C1_1,refine,512,1,64,it0030,0.527535080909729,0.4095219671726227,0.16,False,0
C1_1,refine,512,1,64,it0031,0.21816220879554749,0.25573039054870605,0.2222222222222222,False,0
C1_1,refine,512,1,64,it0032,0.5674940347671509,0.5054270029067993,0.037037037037037035,False,0
C1_1,refine,512,1,64,it0033,0.27549001574516296,0.28441208600997925,0.3076923076923077,False,0
C1_1,refine,512,1,64,it0034,0.3645646572113037,0.27944836020469666,0.16666666666666666,False,0
C1_1,refine,512,1,64,it0035,0.2024901658296585,0.1518096923828125,0.15384615384615385,False,0
C1_1,refine,512,1,64,it0036,0.5798529386520386,0.470518559217453,0.16666666666666666,False,0
C1_1,refine,512,1,64,it0037,0.5096113085746765,0.48088258504867554,0.06666666666666667,False,0
C1_1,refine,512,1,64,it0038,0.3486676812171936,0.15024058520793915,0.05405405405405406,False,0
C1_1,refine,512,1,64,it0039,0.42963388562202454,0.46931126713752747,0.04878048780487805,False,0
C1_1,refine,512,1,64,it0040,0.3675697147846222,0.1785750389099121,0.4666666666666667,False,0
C1_1,refine,512,1,64,it0041,0.5830302834510803,0.27473336458206177,0.09090909090909091,False,0
C1_1,refine,512,1,64,it0042,0.3180817663669586,0.29769641160964966,0.1111111111111111,False,0
C1_1,refine,512,1,64,it0043,0.24834129214286804,0.10218150913715363,0.15384615384615385,False,0
C1_1,refine,512,1,64,it0044,0.458175390958786,0.5182633399963379,0.16,False,0
C1_1,refine,512,1,64,it0045,0.20468635857105255,0.43451961874961853,0.13333333333333333,False,0
C1_1,refine,512,1,64,it0046,0.277425080537796,0.20963479578495026,0.125,False,0
C1_1,refine,512,1,64,it0047,0.32716691493988037,0.295075386762619,0.6,False,0
C1_1,refine,512,1,64,it0048,0.4841579496860504,0.45726722478866577,0.25,False,0
C1_1,refine,512,1,64,it0049,0.3052682876586914,0.45602187514305115,0.13636363636363635,False,0
C1_1,refine,512,1,64,it0050,0.2039240300655365,0.02468290738761425,0.45454545454545453,False,0
C1_1,refine,512,1,64,it0051,0.1748734414577484,0.32166722416877747,0.0,False,0
C1_1,refine,512,1,64,it0052,0.20872163772583008,0.3089876174926758,0.13333333333333333,False,0
C1_1,refine,512,1,64,it0053,0.28446468710899353,0.3292386531829834,0.35135135135135137,False,0
C1_1,refine,512,1,64,it0054,0.06817832589149475,-0.07174340635538101,0.4166666666666667,False,0
C1_1,refine,512,1,64,it0055,0.44747185707092285,0.3980334401130676,0.2692307692307692,False,0
C1_1,refine,512,1,64,it0056,0.39999905228614807,0.11688165366649628,0.25,False,0
C1_1,refine,512,1,64,it0057,0.4847661554813385,0.2311539649963379,0.17647058823529413,False,0
C1_1,refine,512,1,64,it0058,0.26014330983161926,0.2999924123287201,0.0,False,0
C1_1,refine,512,1,64,it0059,0.5597330331802368,0.5604600310325623,0.10714285714285714,False,0
C1_1,refine,512,1,64,it0060,0.43607938289642334,0.3622816205024719,0.17647058823529413,False,0
C1_1,refine,512,1,64,it0061,0.421867698431015,0.493185430765152,0.0,False,0
C1_1,refine,512,1,64,it0062,0.658218502998352,0.6000690460205078,0.09523809523809523,False,0
C1_1,refine,512,1,64,it0063,0.44408518075942993,0.2567216455936432,0.2413793103448276,False,0
C1_1,refine,512,1,64,it0064,0.3516223430633545,0.3761140704154968,0.3333333333333333,False,0
C1_1,refine,512,1,64,it0065,0.5590696930885315,0.5040996074676514,0.28205128205128205,False,0
C1_1,refine,512,1,64,it0066,0.2935413420200348,0.32420235872268677,0.3333333333333333,False,0
C1_1,refine,512,1,64,it0067,0.38808155059814453,0.27420416474342346,0.1111111111111111,False,0
C1_1,refine,512,1,64,it0068,0.7000713348388672,0.6446887254714966,0.0,False,0
C1_1,refine,512,1,64,it0069,0.2677963972091675,0.22466689348220825,0.045454545454545456,False,0
C1_1,refine,512,1,64,it0070,0.3097818195819855,0.2310580462217331,0.0,False,0
C1_1,refine,512,1,64,it0071,0.4473780393600464,0.451897531747818,0.17857142857142858,False,0
C1_1,refine,512,1,64,it0072,0.42473432421684265,0.44583603739738464,0.0,False,0
C1_1,refine,512,1,64,it0073,0.10014766454696655,0.09480542689561844,0.2413793103448276,False,0
C1_1,refine,512,1,64,it0074,0.28257516026496887,0.21827875077724457,0.3333333333333333,False,0
C1_1,refine,512,1,64,it0075,0.3583444654941559,0.40411368012428284,0.21739130434782608,False,0
C1_1,refine,512,1,64,it0076,0.5445452928543091,0.2775166630744934,0.5217391304347826,False,0
C1_1,refine,512,1,64,it0077,0.45044809579849243,0.23591025173664093,0.3333333333333333,False,0
C1_1,refine,512,1,64,it0078,0.23876699805259705,0.2721954584121704,0.2857142857142857,False,0
C1_1,refine,512,1,64,it0079,0.6321266889572144,0.6193261742591858,0.125,False,0
C1_1,refine,512,1,64,it0080,0.23583732545375824,0.1423274576663971,0.2926829268292683,False,0
C1_1,refine,512,1,64,it0081,0.29432398080825806,0.2947131395339966,0.21428571428571427,False,0
C1_1,refine,512,1,64,it0082,0.42505842447280884,0.4466492235660553,0.11764705882352941,False,0
C1_1,refine,512,1,64,it0083,0.46826401352882385,0.3949277400970459,0.08823529411764706,False,0
C1_1,refine,512,1,64,it0084,0.591172993183136,0.4273450970649719,0.17777777777777778,False,0
C1_1,refine,512,1,64,it0085,0.43965911865234375,0.30425435304641724,0.0,False,0
C1_1,refine,512,1,64,it0086,0.6709263324737549,0.6299139857292175,0.6470588235294118,False,0
C1_1,refine,512,1,64,it0087,0.5178289413452148,0.5452600717544556,0.1875,False,0
C1_1,refine,512,1,64,it0088,0.320046603679657,0.21454280614852905,0.09523809523809523,False,0
C1_1,refine,512,1,64,it0089,0.4559563398361206,0.26708394289016724,0.08333333333333333,False,0
C1_1,refine,512,1,64,it0090,0.5929973125457764,0.5707301497459412,0.0,False,0
C1_1,refine,512,1,64,it0091,0.5191705822944641,0.5328146815299988,0.0967741935483871,False,0
C1_1,refine,512,1,64,it0092,0.4519443213939667,0.40474933385849,0.2571428571428571,False,0
C1_1,refine,512,1,64,it0093,0.41917696595191956,0.26794710755348206,0.0,False,0
C1_1,refine,512,1,64,it0094,0.462337851524353,0.42842811346054077,0.07692307692307693,False,0
C1_1,refine,512,1,64,it0095,0.4758150577545166,0.4706166684627533,0.2857142857142857,False,0
C1_1,refine,512,1,64,it0096,0.4700391888618469,0.38365453481674194,0.18181818181818182,False,0
C1_1,refine,512,1,64,it0097,0.5824744701385498,0.5693532228469849,0.15,False,0
C1_1,refine,512,1,64,it0098,0.5130345821380615,0.43052294850349426,0.18518518518518517,False,0
C1_1,refine,512,1,64,it0099,0.21730917692184448,0.16213057935237885,0.0,False,0
C1_1,refine,512,1,64,it0100,0.5918570160865784,0.6473053097724915,0.0,False,0
C1_1,refine,512,1,64,it0101,0.14580883085727692,0.22114969789981842,0.10526315789473684,False,0
C1_1,refine,512,1,64,it0102,0.2858612537384033,0.29891735315322876,0.07692307692307693,False,0
C1_1,refine,512,1,64,it0103,0.32159197330474854,0.49422505497932434,0.13636363636363635,False,0
C1_1,refine,512,1,64,it0104,0.44590330123901367,0.46788710355758667,0.125,False,0
C1_1,refine,512,1,64,it0105,0.45668041706085205,0.5547987818717957,0.14285714285714285,False,0
C1_1,refine,512,1,64,it0106,0.35087284445762634,0.41180360317230225,0.2916666666666667,False,0
C1_1,refine,512,1,64,it0107,0.4109729528427124,0.4136306047439575,0.13043478260869565,False,0
C1_1,refine,512,1,64,it0108,0.4511047601699829,0.25073519349098206,0.25,False,0
C1_1,refine,512,1,64,it0109,0.5055073499679565,0.40388575196266174,0.3157894736842105,False,0
C1_1,refine,512,1,64,it0110,0.10938058793544769,0.23859339952468872,0.26666666666666666,False,0
C1_1,refine,512,1,64,it0111,0.21479421854019165,0.18539538979530334,0.18181818181818182,False,0
C1_1,refine,512,1,64,it0112,0.6174986362457275,0.5001009106636047,0.09090909090909091,False,0
C1_1,refine,512,1,64,it0113,0.5327897667884827,0.461560994386673,0.045454545454545456,False,0
C1_1,refine,512,1,64,it0114,0.41784411668777466,0.34424248337745667,0.16666666666666666,False,0
C1_1,refine,512,1,64,it0115,0.3512214124202728,0.3176637291908264,0.07142857142857142,False,0
C1_1,refine,512,1,64,it0116,0.5898579359054565,0.33683621883392334,0.29411764705882354,False,0
C1_1,refine,512,1,64,it0117,0.34997209906578064,0.4671821892261505,0.11764705882352941,False,0
C1_1,refine,512,1,64,it0118,0.4603095054626465,0.49323445558547974,0.3076923076923077,False,0
C1_1,refine,512,1,64,it0119,0.4868733286857605,0.42203623056411743,0.14285714285714285,False,0
C1_1,refine,512,1,64,it0120,0.6442385911941528,0.5133271813392639,0.0,False,0
C1_1,refine,512,1,64,it0121,0.5659026503562927,0.4675242006778717,0.2,False,0
C1_1,refine,512,1,64,it0122,0.30286073684692383,0.21514463424682617,0.22727272727272727,False,0
C1_1,refine,512,1,64,it0123,0.16093195974826813,0.2611006498336792,0.11764705882352941,False,0
C1_1,refine,512,1,64,it0124,0.48057204484939575,0.39355313777923584,0.15151515151515152,False,0
C1_1,refine,512,1,64,it0125,0.38359782099723816,0.2865771949291229,0.10256410256410256,False,0
C1_1,refine,512,1,64,it0126,0.4156351089477539,0.38732606172561646,0.125,False,0
C1_1,refine,512,1,64,it0127,0.38779932260513306,0.35497260093688965,0.058823529411764705,False,0
C1_1,refine,512,1,64,it0128,0.3322744369506836,0.22365021705627441,0.05,False,0
C1_1,refine,512,1,64,it0129,0.2998256981372833,0.21175023913383484,0.058823529411764705,False,0
C1_1,refine,512,1,64,it0130,0.24444669485092163,0.2633821666240692,0.2,False,0
C1_1,refine,512,1,64,it0131,0.151972696185112,0.25688138604164124,0.16129032258064516,False,0
C1_1,refine,512,1,64,it0132,0.3061981499195099,0.2185668647289276,0.0,False,0
C1_1,refine,512,1,64,it0133,0.5582191348075867,0.5015333890914917,0.07142857142857142,False,0
C1_1,refine,512,1,64,it0134,0.3121532201766968,0.42850634455680847,0.05263157894736842,False,0
C1_1,refine,512,1,64,it0135,0.31205448508262634,0.26017776131629944,0.07692307692307693,False,0
C1_1,refine,512,1,64,it0136,0.3679059147834778,0.33323192596435547,0.1,False,0
C1_1,refine,512,1,64,it0137,0.5009027719497681,0.4196925759315491,0.5,False,0
C1_1,refine,512,1,64,it0138,0.5272808074951172,0.6190706491470337,0.05555555555555555,False,0
C1_1,refine,512,1,64,it0139,0.4098651707172394,0.143412247300148,0.0,False,0
C1_1,refine,512,1,64,it0140,0.2104167342185974,0.15684406459331512,0.20833333333333334,False,0
C1_1,refine,512,1,64,it0141,0.5212370753288269,0.5495321750640869,0.1,False,0
C1_1,refine,512,1,64,it0142,0.14712902903556824,0.2580796480178833,0.08,False,0
C1_1,refine,512,1,64,it0143,0.3273879885673523,0.3886010944843292,0.0,False,0
C1_1,refine,512,1,64,it0144,0.40358540415763855,0.07011084258556366,0.03571428571428571,False,0
C1_1,refine,512,1,64,it0145,0.5155285000801086,0.5448943376541138,0.05,False,0
C1_1,refine,512,1,64,it0146,0.4416368901729584,0.3390684723854065,0.0,False,0
C1_1,refine,512,1,64,it0147,0.3245932161808014,0.2700534164905548,0.08695652173913043,False,0
C1_1,refine,512,1,64,it0148,0.08862271159887314,0.08280637860298157,0.25,False,0
C1_1,refine,512,1,64,it0149,0.523369550704956,0.49309033155441284,0.14285714285714285,False,0
C1_1,refine,512,1,64,it0150,0.3562392592430115,0.4561079740524292,0.2692307692307692,False,0
C1_1,refine,512,1,64,it0151,0.563804030418396,0.501099169254303,0.058823529411764705,False,0
C1_1,refine,512,1,64,it0152,0.3849080204963684,0.2981182634830475,0.0,False,0
C1_1,refine,512,1,64,it0153,0.2423832267522812,0.26857855916023254,0.14285714285714285,False,0
C1_1,refine,512,1,64,it0154,0.22287116944789886,0.05694669857621193,0.10526315789473684,False,0
C1_1,refine,512,1,64,it0155,0.23250384628772736,0.21330344676971436,0.14285714285714285,False,0
C1_1,refine,512,1,64,it0156,0.19272436201572418,0.16833025217056274,0.19047619047619047,False,0
C1_1,refine,512,1,64,it0157,0.4703563153743744,0.44369399547576904,0.0,False,0
C1_1,refine,512,1,64,it0158,0.25842615962028503,0.17164017260074615,0.10526315789473684,False,0
C1_1,refine,512,1,64,it0159,0.3371613025665283,0.2525132894515991,0.07142857142857142,False,0
C1_1,refine,512,1,64,it0160,0.539033830165863,0.37201058864593506,0.03225806451612903,False,0
C1_1,refine,512,1,64,it0161,0.3438350260257721,0.3689756989479065,0.034482758620689655,False,0
C1_1,refine,512,1,64,it0162,0.07817257195711136,0.2748289108276367,0.3333333333333333,False,0
C1_1,refine,512,1,64,it0163,0.4427185356616974,0.38700610399246216,0.17647058823529413,False,0
C1_1,refine,512,1,64,it0164,0.5114664435386658,0.30975061655044556,0.0967741935483871,False,0
C1_1,refine,512,1,64,it0165,0.2775629758834839,0.2120286226272583,0.06060606060606061,False,0
C1_1,refine,512,1,64,it0166,0.4450281858444214,0.23774264752864838,0.25,False,0
C1_1,refine,512,1,64,it0167,0.26156899333000183,0.4266314208507538,0.10526315789473684,False,0
C1_1,refine,512,1,64,it0168,0.3848620653152466,0.4392741620540619,0.1,False,0
C1_1,refine,512,1,64,it0169,0.3831806778907776,0.4499897062778473,0.1,False,0
C1_1,refine,512,1,64,it0170,0.4126267433166504,0.37279102206230164,0.23529411764705882,False,0
C1_1,refine,512,1,64,it0171,0.692694365978241,0.6135033369064331,0.09523809523809523,False,0
C1_1,refine,512,1,64,it0172,0.17450295388698578,0.3061838746070862,0.0,False,0
C1_1,refine,512,1,64,it0173,0.681607723236084,0.6430140137672424,0.1,False,0
C1_1,refine,512,1,64,it0174,0.5645336508750916,0.4235897660255432,0.125,False,0
C1_1,refine,512,1,64,it0175,0.03087623417377472,0.1250501126050949,0.13333333333333333,False,0
C1_1,refine,512,1,64,it0176,0.2404477596282959,0.19988396763801575,0.05555555555555555,False,0
C1_1,refine,512,1,64,it0177,0.2774885892868042,0.417860746383667,0.05263157894736842,False,0
C1_1,refine,512,1,64,it0178,0.3537660241127014,0.25082162022590637,0.23529411764705882,False,0
C1_1,refine,512,1,64,it0179,0.6373556852340698,0.6655603647232056,0.0967741935483871,False,0
C1_1,refine,512,1,64,it0180,0.441134512424469,0.44238516688346863,0.07142857142857142,False,0
C1_1,refine,512,1,64,it0181,0.5504930019378662,0.5626360177993774,0.0,False,0
C1_1,refine,512,1,64,it0182,0.5562182664871216,0.4510684609413147,0.24,False,0
C1_1,refine,512,1,64,it0183,0.5438106060028076,0.42123275995254517,0.16,False,0
C1_1,refine,512,1,64,it0184,0.20567123591899872,0.22378414869308472,0.26666666666666666,False,0
C1_1,refine,512,1,64,it0185,0.3145476281642914,0.38504910469055176,0.2903225806451613,False,0
C1_1,refine,512,1,64,it0186,0.5094191431999207,0.5063424110412598,0.125,False,0
C1_1,refine,512,1,64,it0187,0.49622833728790283,0.5217289328575134,0.0,False,0
C1_1,refine,512,1,64,it0188,0.5609551072120667,0.43210989236831665,0.2777777777777778,False,0
C1_1,refine,512,1,64,it0189,0.35004711151123047,0.3413228988647461,0.0,False,0
C1_1,refine,512,1,64,it0190,0.6458722352981567,0.5510291457176208,0.125,False,0
C1_1,refine,512,1,64,it0191,0.4433874189853668,0.2972453534603119,0.2,False,0
C1_1,refine,512,1,64,it0192,0.5767999291419983,0.511218786239624,0.25925925925925924,False,0
C1_1,refine,512,1,64,it0193,0.47457778453826904,0.25434696674346924,0.1875,False,0
C1_1,refine,512,1,64,it0194,0.6082985401153564,0.6755547523498535,0.047619047619047616,False,0
C1_1,refine,512,1,64,it0195,0.5507700443267822,0.3922535181045532,0.15384615384615385,False,0
C1_1,refine,512,1,64,it0196,0.42684054374694824,0.3457579016685486,0.14285714285714285,False,0
C1_1,refine,512,1,64,it0197,0.31579673290252686,0.32932591438293457,0.18181818181818182,False,0
C1_1,refine,512,1,64,it0198,0.08551477640867233,0.08212613314390182,0.0,False,0
C1_1,refine,512,1,64,it0199,0.4610051214694977,0.5041690468788147,0.0,False,0
