run,arm,nfe,K,T,item,ecapa,wavlm,wer,degenerate,pick
C1_2,search,128,2,8,it0000,0.4955368638038635,0.4833903908729553,0.2391304347826087,False,0
C1_2,search,128,2,8,it0001,0.5007230639457703,0.2701747715473175,0.6666666666666666,False,0
C1_2,search,128,2,8,it0002,0.2810893952846527,0.2603611946105957,0.3333333333333333,False,0
C1_2,search,128,2,8,it0003,0.5166810750961304,0.38223788142204285,0.26666666666666666,False,0
C1_2,search,128,2,8,it0004,0.41069111227989197,0.3374621868133545,0.125,False,0
C1_2,search,128,2,8,it0005,0.4258624315261841,0.2902791500091553,0.18518518518518517,False,0
C1_2,search,128,2,8,it0006,0.366111159324646,0.33384257555007935,0.3888888888888889,False,0
C1_2,search,128,2,8,it0007,0.3083975315093994,0.3243626356124878,0.13636363636363635,False,1
C1_2,search,128,2,8,it0008,0.37951189279556274,0.2259245216846466,0.47619047619047616,False,0
C1_2,search,128,2,8,it0009,0.491987019777298,0.5765829086303711,0.2222222222222222,False,0
C1_2,search,128,2,8,it0010,0.5555418729782104,0.552880048751831,0.2222222222222222,False,1
C1_2,search,128,2,8,it0011,0.5689265131950378,0.4851709306240082,0.08695652173913043,False,1
C1_2,search,128,2,8,it0012,0.42927318811416626,0.29998013377189636,0.8275862068965517,False,1
C1_2,search,128,2,8,it0013,0.5321083068847656,0.5321238040924072,0.1111111111111111,False,0
C1_2,search,128,2,8,it0014,0.32301104068756104,0.2799265384674072,0.3333333333333333,False,0
C1_2,search,128,2,8,it0015,0.4666021466255188,0.48906511068344116,0.11764705882352941,False,0
C1_2,search,128,2,8,it0016,0.4574504494667053,0.2629402279853821,0.14705882352941177,False,1
C1_2,search,128,2,8,it0017,0.38240376114845276,0.23660333454608917,0.0,False,1
C1_2,search,128,2,8,it0018,0.3743133544921875,0.18465089797973633,0.29411764705882354,False,1
C1_2,search,128,2,8,it0019,0.5909037590026855,0.43742698431015015,0.5434782608695652,False,1
C1_2,search,128,2,8,it0020,0.42699673771858215,0.20016826689243317,0.3076923076923077,False,1
C1_2,search,128,2,8,it0021,0.5027589201927185,0.34148526191711426,0.15151515151515152,False,1
C1_2,search,128,2,8,it0022,0.3898570239543915,0.4421684443950653,0.65,False,1
C1_2,search,128,2,8,it0023,0.6064218878746033,0.5470843315124512,0.6111111111111112,False,0
C1_2,search,128,2,8,it0024,0.6329213380813599,0.4515545070171356,0.14285714285714285,False,1
C1_2,search,128,2,8,it0025,0.5303864479064941,0.5531880855560303,0.4,False,1
C1_2,search,128,2,8,it0026,0.17319445312023163,0.2641807794570923,0.125,False,0
C1_2,search,128,2,8,it0027,0.6105366349220276,0.5817666053771973,0.3125,False,0
C1_2,search,128,2,8,it0028,0.4563238024711609,0.57596355676651,0.42857142857142855,False,0
C1_2,search,128,2,8,it0029,0.32051944732666016,0.38692334294319153,0.1875,False,0
C1_2,search,128,2,8,it0030,0.5348095893859863,0.4068312644958496,0.24,False,0
C1_2,search,128,2,8,it0031,0.284640371799469,0.25403887033462524,0.3888888888888889,False,0
C1_2,search,128,2,8,it0032,0.589168906211853,0.5731182098388672,0.2962962962962963,False,0
C1_2,search,128,2,8,it0033,0.28006574511528015,0.09461604803800583,0.15384615384615385,False,0
C1_2,search,128,2,8,it0034,0.36788037419319153,0.24282404780387878,0.3333333333333333,False,1
C1_2,search,128,2,8,it0035,0.2318296581506729,0.11095428466796875,0.3076923076923077,False,0
C1_2,search,128,2,8,it0036,0.5743264555931091,0.5281177163124084,0.6666666666666666,False,1
C1_2,search,128,2,8,it0037,0.5606595277786255,0.48640310764312744,0.2,False,1
C1_2,search,128,2,8,it0038,0.26551371812820435,0.2108379304409027,0.40540540540540543,False,1
C1_2,search,128,2,8,it0039,0.469815731048584,0.41832900047302246,0.21951219512195122,False,1
C1_2,search,128,2,8,it0040,0.18682613968849182,0.10042495280504227,0.5333333333333333,False,0
C1_2,search,128,2,8,it0041,0.5855847001075745,0.42448747158050537,0.2727272727272727,False,0
C1_2,search,128,2,8,it0042,0.42160356044769287,0.4088553190231323,0.25925925925925924,False,1
C1_2,search,128,2,8,it0043,0.206829234957695,0.20357704162597656,0.19230769230769232,False,1
C1_2,search,128,2,8,it0044,0.3471231460571289,0.41353172063827515,0.08,False,1
C1_2,search,128,2,8,it0045,0.34446099400520325,0.31224167346954346,0.6,False,1
C1_2,search,128,2,8,it0046,0.24743683636188507,0.26273539662361145,0.125,False,1
C1_2,search,128,2,8,it0047,0.16492420434951782,0.16408394277095795,0.35,False,1
C1_2,search,128,2,8,it0048,0.4328058063983917,0.4297405183315277,0.3125,False,0
C1_2,search,128,2,8,it0049,0.2997632324695587,0.46134909987449646,0.45454545454545453,False,0
C1_2,search,128,2,8,it0050,0.28513336181640625,0.07792675495147705,0.5909090909090909,False,0
C1_2,search,128,2,8,it0051,0.16245605051517487,0.3829536437988281,0.27586206896551724,False,1
C1_2,search,128,2,8,it0052,0.12858006358146667,0.15293028950691223,0.0,False,0
C1_2,search,128,2,8,it0053,0.2885695695877075,0.3454757332801819,0.4594594594594595,False,0
C1_2,search,128,2,8,it0054,0.2107187956571579,0.2727426588535309,0.16666666666666666,False,0
C1_2,search,128,2,8,it0055,0.4349360764026642,0.36785393953323364,0.07692307692307693,False,1
C1_2,search,128,2,8,it0056,0.2629431486129761,0.21955636143684387,0.3,False,0
C1_2,search,128,2,8,it0057,0.4542607069015503,0.26939836144447327,0.7647058823529411,False,0
C1_2,search,128,2,8,it0058,0.318712055683136,0.28791841864585876,0.16666666666666666,False,1
C1_2,search,128,2,8,it0059,0.5812332630157471,0.517179012298584,0.39285714285714285,False,0
C1_2,search,128,2,8,it0060,0.3366689085960388,0.39103519916534424,0.11764705882352941,False,1
C1_2,search,128,2,8,it0061,0.4941278100013733,0.5464749932289124,0.0,False,0
C1_2,search,128,2,8,it0062,0.5668380856513977,0.5076451897621155,0.047619047619047616,False,1
C1_2,search,128,2,8,it0063,0.3970482349395752,0.336678147315979,0.27586206896551724,False,0
C1_2,search,128,2,8,it0064,0.38256925344467163,0.291958212852478,0.3888888888888889,False,0
C1_2,search,128,2,8,it0065,0.6958127021789551,0.5994855165481567,0.358974358974359,False,0
C1_2,search,128,2,8,it0066,0.31615158915519714,0.3163614571094513,0.3333333333333333,False,0
C1_2,search,128,2,8,it0067,0.3188706636428833,0.17145267128944397,0.16666666666666666,False,0
C1_2,search,128,2,8,it0068,0.6829907894134521,0.5401562452316284,0.1282051282051282,False,1
C1_2,search,128,2,8,it0069,0.2795866131782532,0.3379296660423279,0.5454545454545454,False,0
C1_2,search,128,2,8,it0070,0.5647797584533691,0.5097104907035828,0.4666666666666667,False,0
C1_2,search,128,2,8,it0071,0.5207828879356384,0.40208274126052856,0.4642857142857143,False,0
C1_2,search,128,2,8,it0072,0.5096873641014099,0.4328165650367737,0.045454545454545456,False,0
C1_2,search,128,2,8,it0073,0.29514142870903015,0.342436283826828,0.6551724137931034,False,1
C1_2,search,128,2,8,it0074,0.1912762075662613,0.24384379386901855,0.26666666666666666,False,1
C1_2,search,128,2,8,it0075,0.35825368762016296,0.2934325039386749,0.13043478260869565,False,0
C1_2,search,128,2,8,it0076,0.5284967422485352,0.3088938593864441,0.21739130434782608,False,0
C1_2,search,128,2,8,it0077,0.4936617314815521,0.591101884841919,0.5,False,1
C1_2,search,128,2,8,it0078,0.264247864484787,0.23067055642604828,0.5714285714285714,False,0
C1_2,search,128,2,8,it0079,0.5548691749572754,0.50616055727005,0.0,False,0
C1_2,search,128,2,8,it0080,0.4567549526691437,0.18937501311302185,0.5365853658536586,False,0
C1_2,search,128,2,8,it0081,0.3515782952308655,0.2635197639465332,0.14285714285714285,False,1
C1_2,search,128,2,8,it0082,0.42534491419792175,0.5158430933952332,0.23529411764705882,False,1
C1_2,search,128,2,8,it0083,0.4321766495704651,0.2875356078147888,0.23529411764705882,False,0
C1_2,search,128,2,8,it0084,0.6211352348327637,0.4363630712032318,0.26666666666666666,False,1
C1_2,search,128,2,8,it0085,0.5163744688034058,0.3902117609977722,0.14285714285714285,False,0
C1_2,search,128,2,8,it0086,0.554979145526886,0.6287439465522766,0.23529411764705882,False,1
C1_2,search,128,2,8,it0087,0.5670221447944641,0.6717504858970642,0.25,False,0
C1_2,search,128,2,8,it0088,0.37928342819213867,0.4109988808631897,0.19047619047619047,False,1
C1_2,search,128,2,8,it0089,0.38300642371177673,0.2103627771139145,0.08333333333333333,False,0
C1_2,search,128,2,8,it0090,0.5284126400947571,0.5446851849555969,0.23529411764705882,False,1
C1_2,search,128,2,8,it0091,0.5821704864501953,0.4769609868526459,0.22580645161290322,False,1
C1_2,search,128,2,8,it0092,0.5527623891830444,0.35129314661026,0.14285714285714285,False,1
C1_2,search,128,2,8,it0093,0.3522277772426605,0.359026163816452,0.05263157894736842,False,1
C1_2,search,128,2,8,it0094,0.39882928133010864,0.44625601172447205,0.3076923076923077,False,1
C1_2,search,128,2,8,it0095,0.42106184363365173,0.5327374935150146,0.47619047619047616,False,1
C1_2,search,128,2,8,it0096,0.48347142338752747,0.4409298002719879,0.4090909090909091,False,1
C1_2,search,128,2,8,it0097,0.601405918598175,0.5454860329627991,0.2,False,1
C1_2,search,128,2,8,it0098,0.499796986579895,0.3111363351345062,0.14814814814814814,False,0
C1_2,search,128,2,8,it0099,0.263175368309021,0.24078433215618134,0.17391304347826086,False,1
C1_2,search,128,2,8,it0100,0.6523100137710571,0.5191781520843506,0.07692307692307693,False,1
C1_2,search,128,2,8,it0101,0.26224467158317566,0.30278995633125305,0.10526315789473684,False,1
C1_2,search,128,2,8,it0102,0.33387264609336853,0.3919169008731842,0.0,False,1
C1_2,search,128,2,8,it0103,0.5199441313743591,0.47070786356925964,0.45454545454545453,False,0
C1_2,search,128,2,8,it0104,0.3994704782962799,0.503303587436676,0.041666666666666664,False,1
C1_2,search,128,2,8,it0105,0.35458433628082275,0.45128199458122253,0.37142857142857144,False,1
C1_2,search,128,2,8,it0106,0.4202120304107666,0.444365918636322,0.08333333333333333,False,1
C1_2,search,128,2,8,it0107,0.5327003002166748,0.5277929902076721,0.30434782608695654,False,1
C1_2,search,128,2,8,it0108,0.43216413259506226,0.33653512597084045,0.625,False,0
C1_2,search,128,2,8,it0109,0.4781814515590668,0.38229432702064514,0.21052631578947367,False,1
C1_2,search,128,2,8,it0110,0.09828248620033264,0.15846270322799683,0.5,False,0
C1_2,search,128,2,8,it0111,0.32611584663391113,0.21009300649166107,0.3333333333333333,False,1
C1_2,search,128,2,8,it0112,0.661383867263794,0.5082719326019287,0.18181818181818182,False,0
C1_2,search,128,2,8,it0113,0.5460144281387329,0.49121755361557007,0.13636363636363635,False,1
C1_2,search,128,2,8,it0114,0.49865978956222534,0.5348542332649231,0.4444444444444444,False,0
C1_2,search,128,2,8,it0115,0.3734435439109802,0.18183624744415283,0.0,False,1
C1_2,search,128,2,8,it0116,0.43682247400283813,0.34447845816612244,0.29411764705882354,False,0
C1_2,search,128,2,8,it0117,0.40218672156333923,0.5406436920166016,0.29411764705882354,False,0
C1_2,search,128,2,8,it0118,0.5732181668281555,0.4512791633605957,0.4230769230769231,False,0
C1_2,search,128,2,8,it0119,0.48389846086502075,0.3838304877281189,0.21428571428571427,False,0
C1_2,search,128,2,8,it0120,0.538531482219696,0.49821263551712036,0.13333333333333333,False,0
C1_2,search,128,2,8,it0121,0.41112130880355835,0.32421648502349854,0.5,False,0
C1_2,search,128,2,8,it0122,0.19624026119709015,0.357717901468277,0.36363636363636365,False,0
C1_2,search,128,2,8,it0123,0.21360832452774048,0.446991890668869,0.17647058823529413,False,0
C1_2,search,128,2,8,it0124,0.6079146265983582,0.3688008487224579,0.42424242424242425,False,1
C1_2,search,128,2,8,it0125,0.5359468460083008,0.3631037771701813,0.3076923076923077,False,0
C1_2,search,128,2,8,it0126,0.5061230659484863,0.503146231174469,0.125,False,1
C1_2,search,128,2,8,it0127,0.3899957835674286,0.3270565867424011,0.058823529411764705,False,0
C1_2,search,128,2,8,it0128,0.3094879686832428,0.3560093641281128,0.05,False,0
C1_2,search,128,2,8,it0129,0.3179267644882202,0.24890346825122833,0.17647058823529413,False,1
C1_2,search,128,2,8,it0130,0.28743869066238403,0.32553696632385254,0.1,False,1
C1_2,search,128,2,8,it0131,0.36204835772514343,0.4586113393306732,0.3548387096774194,False,0
C1_2,search,128,2,8,it0132,0.4055761694908142,0.29436689615249634,0.07142857142857142,False,1
C1_2,search,128,2,8,it0133,0.46945178508758545,0.5049734115600586,0.07142857142857142,False,1
C1_2,search,128,2,8,it0134,0.2937668561935425,0.23220294713974,0.07894736842105263,False,0
C1_2,search,128,2,8,it0135,0.3738303780555725,0.39715513586997986,0.2564102564102564,False,1
C1_2,search,128,2,8,it0136,0.3794730007648468,0.2928922176361084,0.2,False,0
C1_2,search,128,2,8,it0137,0.6224753856658936,0.43634629249572754,0.16666666666666666,False,0
C1_2,search,128,2,8,it0138,0.44561412930488586,0.5536397695541382,0.6111111111111112,False,1
C1_2,search,128,2,8,it0139,0.585057258605957,0.4445379972457886,0.2222222222222222,False,0
C1_2,search,128,2,8,it0140,0.4904739260673523,0.30245304107666016,0.4583333333333333,False,0
C1_2,search,128,2,8,it0141,0.5927663445472717,0.5821709632873535,0.26666666666666666,False,0
C1_2,search,128,2,8,it0142,0.34048083424568176,0.13239187002182007,0.24,False,0
C1_2,search,128,2,8,it0143,0.21091599762439728,0.3901183009147644,0.25,False,0
C1_2,search,128,2,8,it0144,0.5830011367797852,0.25634294748306274,0.14285714285714285,False,1
C1_2,search,128,2,8,it0145,0.508185625076294,0.5833135843276978,0.175,False,0
C1_2,search,128,2,8,it0146,0.48831021785736084,0.3368966579437256,0.45,False,1
C1_2,search,128,2,8,it0147,0.41755878925323486,0.30066612362861633,0.21739130434782608,False,0
C1_2,search,128,2,8,it0148,0.013026004657149315,0.19624461233615875,0.32142857142857145,False,1
C1_2,search,128,2,8,it0149,0.46962857246398926,0.4406280517578125,0.2857142857142857,False,1
C1_2,search,128,2,8,it0150,0.4309651255607605,0.5045802593231201,0.23076923076923078,False,1
C1_2,search,128,2,8,it0151,0.5730278491973877,0.46671605110168457,0.058823529411764705,False,0
C1_2,search,128,2,8,it0152,0.5756340026855469,0.3516930341720581,0.0,False,1
C1_2,search,128,2,8,it0153,0.37001433968544006,0.46130162477493286,0.35714285714285715,False,0
C1_2,search,128,2,8,it0154,0.2749277651309967,0.18681184947490692,0.15789473684210525,False,0
C1_2,search,128,2,8,it0155,0.21895386278629303,0.2315814346075058,0.03571428571428571,False,1
C1_2,search,128,2,8,it0156,0.2529081404209137,0.23660285770893097,0.2857142857142857,False,1
C1_2,search,128,2,8,it0157,0.48189738392829895,0.44337743520736694,0.2558139534883721,False,1
C1_2,search,128,2,8,it0158,0.3663484752178192,0.3845948576927185,0.3684210526315789,False,1
C1_2,search,128,2,8,it0159,0.5046854615211487,0.28786391019821167,0.14285714285714285,False,1
C1_2,search,128,2,8,it0160,0.528866171836853,0.4889727830886841,0.22580645161290322,False,1
C1_2,search,128,2,8,it0161,0.3515560030937195,0.29042768478393555,0.1724137931034483,False,1
C1_2,search,128,2,8,it0162,0.01449781283736229,0.21014153957366943,0.25925925925925924,False,0
C1_2,search,128,2,8,it0163,0.4593316614627838,0.33272290229797363,0.11764705882352941,False,1
C1_2,search,128,2,8,it0164,0.42584913969039917,0.27242863178253174,0.2903225806451613,False,0
C1_2,search,128,2,8,it0165,0.2703445851802826,0.28579089045524597,0.3333333333333333,False,0
C1_2,search,128,2,8,it0166,0.5496817827224731,0.24717548489570618,0.16666666666666666,False,1
C1_2,search,128,2,8,it0167,0.4559425711631775,0.5651333928108215,0.2631578947368421,False,1
C1_2,search,128,2,8,it0168,0.12455255538225174,0.19882312417030334,0.2,False,0
C1_2,search,128,2,8,it0169,0.36028802394866943,0.3552178740501404,0.25,False,1
C1_2,search,128,2,8,it0170,0.37880459427833557,0.38554203510284424,0.35294117647058826,False,1
C1_2,search,128,2,8,it0171,0.6298810243606567,0.6050597429275513,0.23809523809523808,False,0
C1_2,search,128,2,8,it0172,0.25384557247161865,0.3180920481681824,0.0,False,1
C1_2,search,128,2,8,it0173,0.6700679063796997,0.5883187055587769,0.06666666666666667,False,0
C1_2,search,128,2,8,it0174,0.46980422735214233,0.46105217933654785,0.1875,False,1
C1_2,search,128,2,8,it0175,0.23979268968105316,0.34374383091926575,0.4,False,1
C1_2,search,128,2,8,it0176,0.4430340528488159,0.4846222698688507,0.3333333333333333,False,0
C1_2,search,128,2,8,it0177,0.43047070503234863,0.505906879901886,0.2631578947368421,False,0
C1_2,search,128,2,8,it0178,0.31071698665618896,0.28910011053085327,0.47058823529411764,False,1
C1_2,search,128,2,8,it0179,0.5655461549758911,0.5820603966712952,0.12903225806451613,False,0
C1_2,search,128,2,8,it0180,0.4683848023414612,0.5014407634735107,0.07142857142857142,False,0
C1_2,search,128,2,8,it0181,0.5446824431419373,0.533720850944519,0.04878048780487805,False,0
C1_2,search,128,2,8,it0182,0.5230542421340942,0.43045103549957275,0.08,False,1
C1_2,search,128,2,8,it0183,0.48459646105766296,0.49100685119628906,0.2,False,0
C1_2,search,128,2,8,it0184,0.283160001039505,0.1855846494436264,0.2,False,1
C1_2,search,128,2,8,it0185,0.4409593343734741,0.46025967597961426,0.22580645161290322,False,1
C1_2,search,128,2,8,it0186,0.49130967259407043,0.4644588232040405,0.125,False,1
C1_2,search,128,2,8,it0187,0.3865446448326111,0.3139355480670929,0.0625,False,0
C1_2,search,128,2,8,it0188,0.49202069640159607,0.31933262944221497,0.4444444444444444,False,0
C1_2,search,128,2,8,it0189,0.3889543414115906,0.2996530532836914,0.3,False,1
C1_2,search,128,2,8,it0190,0.5268285870552063,0.4897805452346802,0.3125,False,1
C1_2,search,128,2,8,it0191,0.48304206132888794,0.3247802257537842,0.44,False,0
C1_2,search,128,2,8,it0192,0.5420185923576355,0.4781497120857239,0.25925925925925924,False,1
C1_2,search,128,2,8,it0193,0.3414343595504761,0.251958429813385,0.5,False,1
C1_2,search,128,2,8,it0194,0.6277371644973755,0.6094685792922974,0.09523809523809523,False,0
C1_2,search,128,2,8,it0195,0.5922210216522217,0.5965745449066162,0.46153846153846156,False,1
C1_2,search,128,2,8,it0196,0.5021786689758301,0.3733404576778412,0.0,False,0
C1_2,search,128,2,8,it0197,0.3300447463989258,0.2658527195453644,0.09090909090909091,False,1
C1_2,search,128,2,8,it0198,0.3032577633857727,0.17036618292331696,0.1875,False,1
C1_2,search,128,2,8,it0199,0.4563426375389099,0.4578501284122467,0.23529411764705882,False,0
C1_2,search,256,4,8,it0000,0.5319613218307495,0.5660306215286255,0.2391304347826087,False,3
C1_2,search,256,4,8,it0001,0.5007230639457703,0.2701747715473175,0.6666666666666666,False,0
C1_2,search,256,4,8,it0002,0.2455025464296341,0.3523899018764496,0.4,False,2
C1_2,search,256,4,8,it0003,0.5166810750961304,0.38223788142204285,0.26666666666666666,False,0
C1_2,search,256,4,8,it0004,0.548134446144104,0.3739217221736908,0.125,False,3
C1_2,search,256,4,8,it0005,0.4018450975418091,0.3370766043663025,0.14814814814814814,False,2
C1_2,search,256,4,8,it0006,0.366111159324646,0.33384257555007935,0.3888888888888889,False,0
C1_2,search,256,4,8,it0007,0.3083975315093994,0.3243626356124878,0.13636363636363635,False,1
C1_2,search,256,4,8,it0008,0.37951189279556274,0.2259245216846466,0.47619047619047616,False,0
C1_2,search,256,4,8,it0009,0.491987019777298,0.5765829086303711,0.2222222222222222,False,0
C1_2,search,256,4,8,it0010,0.5555418729782104,0.552880048751831,0.2222222222222222,False,1
C1_2,search,256,4,8,it0011,0.5689265131950378,0.4851709306240082,0.08695652173913043,False,1
C1_2,search,256,4,8,it0012,0.42927318811416626,0.29998013377189636,0.8275862068965517,False,1
C1_2,search,256,4,8,it0013,0.5321083068847656,0.5321238040924072,0.1111111111111111,False,0
C1_2,search,256,4,8,it0014,0.5711968541145325,0.4397452175617218,0.06666666666666667,False,3
C1_2,search,256,4,8,it0015,0.46160200238227844,0.5841387510299683,0.23529411764705882,False,3
C1_2,search,256,4,8,it0016,0.5887956619262695,0.32799485325813293,0.20588235294117646,False,2
C1_2,search,256,4,8,it0017,0.4810568392276764,0.34829312562942505,0.3333333333333333,False,2
C1_2,search,256,4,8,it0018,0.3633871078491211,0.3024742901325226,0.23529411764705882,False,3
C1_2,search,256,4,8,it0019,0.6688324809074402,0.5715253353118896,0.3695652173913043,False,2
C1_2,search,256,4,8,it0020,0.3954189121723175,0.2937912046909332,0.23076923076923078,False,2
C1_2,search,256,4,8,it0021,0.5058669447898865,0.4040919840335846,0.2727272727272727,False,3
C1_2,search,256,4,8,it0022,0.4293472170829773,0.45455485582351685,0.625,False,2
C1_2,search,256,4,8,it0023,0.6064218878746033,0.5470843315124512,0.6111111111111112,False,0
C1_2,search,256,4,8,it0024,0.6093989014625549,0.46937882900238037,0.2857142857142857,False,3
C1_2,search,256,4,8,it0025,0.6031491756439209,0.5723699927330017,0.55,False,2
C1_2,search,256,4,8,it0026,0.17319445312023163,0.2641807794570923,0.125,False,0
C1_2,search,256,4,8,it0027,0.6105366349220276,0.5817666053771973,0.3125,False,0
C1_2,search,256,4,8,it0028,0.4563238024711609,0.57596355676651,0.42857142857142855,False,0
C1_2,search,256,4,8,it0029,0.32051944732666016,0.38692334294319153,0.1875,False,0
C1_2,search,256,4,8,it0030,0.5965203642845154,0.4616558849811554,0.24,False,2
C1_2,search,256,4,8,it0031,0.284640371799469,0.25403887033462524,0.3888888888888889,False,0
C1_2,search,256,4,8,it0032,0.589168906211853,0.5731182098388672,0.2962962962962963,False,0
C1_2,search,256,4,8,it0033,0.397179514169693,0.31601420044898987,0.15384615384615385,False,3
C1_2,search,256,4,8,it0034,0.3639248013496399,0.2778337001800537,0.26666666666666666,False,2
C1_2,search,256,4,8,it0035,0.25378745794296265,0.2774529755115509,0.6923076923076923,False,2
C1_2,search,256,4,8,it0036,0.5743264555931091,0.5281177163124084,0.6666666666666666,False,1
C1_2,search,256,4,8,it0037,0.509362518787384,0.5358956456184387,0.06666666666666667,False,2
C1_2,search,256,4,8,it0038,0.33954760432243347,0.2164115309715271,0.13513513513513514,False,3
C1_2,search,256,4,8,it0039,0.469815731048584,0.41832900047302246,0.21951219512195122,False,1
C1_2,search,256,4,8,it0040,0.30695101618766785,0.1966775804758072,0.2,False,3
C1_2,search,256,4,8,it0041,0.6063545942306519,0.47005799412727356,0.5,False,2
C1_2,search,256,4,8,it0042,0.42160356044769287,0.4088553190231323,0.25925925925925924,False,1
C1_2,search,256,4,8,it0043,0.206829234957695,0.20357704162597656,0.19230769230769232,False,1
C1_2,search,256,4,8,it0044,0.4796803295612335,0.6301995515823364,0.28,False,2
C1_2,search,256,4,8,it0045,0.3511156737804413,0.360177606344223,0.3333333333333333,False,2
C1_2,search,256,4,8,it0046,0.31581911444664,0.27073192596435547,0.0625,False,2
C1_2,search,256,4,8,it0047,0.2264813333749771,0.22168491780757904,0.5,False,2
C1_2,search,256,4,8,it0048,0.5648326873779297,0.4312492609024048,0.3125,False,2
C1_2,search,256,4,8,it0049,0.2997632324695587,0.46134909987449646,0.45454545454545453,False,0
C1_2,search,256,4,8,it0050,0.28513336181640625,0.07792675495147705,0.5909090909090909,False,0
C1_2,search,256,4,8,it0051,0.24171635508537292,0.3917641043663025,0.3103448275862069,False,2
C1_2,search,256,4,8,it0052,0.24876096844673157,0.2846287488937378,0.26666666666666666,False,3
C1_2,search,256,4,8,it0053,0.2885695695877075,0.3454757332801819,0.4594594594594595,False,0
C1_2,search,256,4,8,it0054,0.2107187956571579,0.2727426588535309,0.16666666666666666,False,0
C1_2,search,256,4,8,it0055,0.5538198947906494,0.4475879967212677,0.5,False,3
C1_2,search,256,4,8,it0056,0.36396524310112,0.23985326290130615,0.35,False,3
C1_2,search,256,4,8,it0057,0.4542607069015503,0.26939836144447327,0.7647058823529411,False,0
C1_2,search,256,4,8,it0058,0.4089779555797577,0.43547162413597107,0.4166666666666667,False,3
C1_2,search,256,4,8,it0059,0.5404822826385498,0.5506197810173035,0.21428571428571427,False,2
C1_2,search,256,4,8,it0060,0.3366689085960388,0.39103519916534424,0.11764705882352941,False,1
C1_2,search,256,4,8,it0061,0.4941278100013733,0.5464749932289124,0.0,False,0
C1_2,search,256,4,8,it0062,0.5913872718811035,0.5418335795402527,0.23809523809523808,False,3
C1_2,search,256,4,8,it0063,0.3678811192512512,0.37043261528015137,0.10344827586206896,False,3
C1_2,search,256,4,8,it0064,0.26105213165283203,0.29501649737358093,0.05555555555555555,False,2
C1_2,search,256,4,8,it0065,0.6292462348937988,0.5995787382125854,0.23076923076923078,False,3
C1_2,search,256,4,8,it0066,0.2530241012573242,0.34220224618911743,0.5238095238095238,False,3
C1_2,search,256,4,8,it0067,0.26595258712768555,0.20153245329856873,0.4444444444444444,False,2
C1_2,search,256,4,8,it0068,0.6829907894134521,0.5401562452316284,0.1282051282051282,False,1
C1_2,search,256,4,8,it0069,0.2795866131782532,0.3379296660423279,0.5454545454545454,False,0
C1_2,search,256,4,8,it0070,0.47576841711997986,0.6153734922409058,0.2,False,3
C1_2,search,256,4,8,it0071,0.5610159635543823,0.5249442458152771,0.39285714285714285,False,2
C1_2,search,256,4,8,it0072,0.49723291397094727,0.43383467197418213,0.09090909090909091,False,2
C1_2,search,256,4,8,it0073,0.29514142870903015,0.342436283826828,0.6551724137931034,False,1
C1_2,search,256,4,8,it0074,0.2301652431488037,0.3004877269268036,0.3333333333333333,False,3
C1_2,search,256,4,8,it0075,0.37102097272872925,0.3508773148059845,0.5217391304347826,False,3
C1_2,search,256,4,8,it0076,0.608962893486023,0.3877606987953186,0.5652173913043478,False,3
C1_2,search,256,4,8,it0077,0.4936617314815521,0.591101884841919,0.5,False,1
C1_2,search,256,4,8,it0078,0.3788087069988251,0.3942960798740387,0.2857142857142857,False,2
C1_2,search,256,4,8,it0079,0.5694780945777893,0.5093013048171997,0.3333333333333333,False,3
C1_2,search,256,4,8,it0080,0.4184495210647583,0.2256774753332138,0.4878048780487805,False,3
C1_2,search,256,4,8,it0081,0.3515782952308655,0.2635197639465332,0.14285714285714285,False,1
C1_2,search,256,4,8,it0082,0.42534491419792175,0.5158430933952332,0.23529411764705882,False,1
C1_2,search,256,4,8,it0083,0.49579301476478577,0.38187915086746216,0.17647058823529413,False,3
C1_2,search,256,4,8,it0084,0.6211352348327637,0.4363630712032318,0.26666666666666666,False,1
C1_2,search,256,4,8,it0085,0.508737325668335,0.460438996553421,0.21428571428571427,False,3
C1_2,search,256,4,8,it0086,0.554979145526886,0.6287439465522766,0.23529411764705882,False,1
C1_2,search,256,4,8,it0087,0.5670221447944641,0.6717504858970642,0.25,False,0
C1_2,search,256,4,8,it0088,0.37928342819213867,0.4109988808631897,0.19047619047619047,False,1
C1_2,search,256,4,8,it0089,0.32491186261177063,0.23722051084041595,0.041666666666666664,False,3
C1_2,search,256,4,8,it0090,0.5284126400947571,0.5446851849555969,0.23529411764705882,False,1
C1_2,search,256,4,8,it0091,0.6739076972007751,0.561962902545929,0.0967741935483871,False,2
C1_2,search,256,4,8,it0092,0.39850276708602905,0.38204967975616455,0.2857142857142857,False,3
C1_2,search,256,4,8,it0093,0.5701305866241455,0.39400169253349304,0.15789473684210525,False,3
C1_2,search,256,4,8,it0094,0.39882928133010864,0.44625601172447205,0.3076923076923077,False,1
C1_2,search,256,4,8,it0095,0.628949761390686,0.5656853318214417,0.6190476190476191,False,3
C1_2,search,256,4,8,it0096,0.48347142338752747,0.4409298002719879,0.4090909090909091,False,1
C1_2,search,256,4,8,it0097,0.5838911533355713,0.5700727701187134,0.05,False,3
C1_2,search,256,4,8,it0098,0.4908847212791443,0.3212739825248718,0.25925925925925924,False,2
C1_2,search,256,4,8,it0099,0.263175368309021,0.24078433215618134,0.17391304347826086,False,1
C1_2,search,256,4,8,it0100,0.5756991505622864,0.548385500907898,0.15384615384615385,False,3
C1_2,search,256,4,8,it0101,0.26224467158317566,0.30278995633125305,0.10526315789473684,False,1
C1_2,search,256,4,8,it0102,0.24822606146335602,0.41178348660469055,0.07692307692307693,False,3
C1_2,search,256,4,8,it0103,0.5199441313743591,0.47070786356925964,0.45454545454545453,False,0
C1_2,search,256,4,8,it0104,0.3994704782962799,0.503303587436676,0.041666666666666664,False,1
C1_2,search,256,4,8,it0105,0.3824695646762848,0.4784480333328247,0.17142857142857143,False,2
C1_2,search,256,4,8,it0106,0.4202120304107666,0.444365918636322,0.08333333333333333,False,1
C1_2,search,256,4,8,it0107,0.5327003002166748,0.5277929902076721,0.30434782608695654,False,1
C1_2,search,256,4,8,it0108,0.43216413259506226,0.33653512597084045,0.625,False,0
C1_2,search,256,4,8,it0109,0.46423226594924927,0.44703274965286255,0.21052631578947367,False,3
C1_2,search,256,4,8,it0110,0.1027955412864685,0.3011952042579651,0.4,False,3
C1_2,search,256,4,8,it0111,0.32611584663391113,0.21009300649166107,0.3333333333333333,False,1
C1_2,search,256,4,8,it0112,0.6809853315353394,0.5681177973747253,0.29545454545454547,False,2
C1_2,search,256,4,8,it0113,0.5460144281387329,0.49121755361557007,0.13636363636363635,False,1
C1_2,search,256,4,8,it0114,0.49865978956222534,0.5348542332649231,0.4444444444444444,False,0
C1_2,search,256,4,8,it0115,0.3653947114944458,0.32400014996528625,0.07142857142857142,False,3
C1_2,search,256,4,8,it0116,0.4517127573490143,0.37539955973625183,0.35294117647058826,False,2
C1_2,search,256,4,8,it0117,0.40218672156333923,0.5406436920166016,0.29411764705882354,False,0
C1_2,search,256,4,8,it0118,0.5741624236106873,0.4659634232521057,0.5192307692307693,False,2
C1_2,search,256,4,8,it0119,0.511269211769104,0.5115723609924316,0.14285714285714285,False,2
C1_2,search,256,4,8,it0120,0.538531482219696,0.49821263551712036,0.13333333333333333,False,0
C1_2,search,256,4,8,it0121,0.4364374577999115,0.36096930503845215,0.05,False,3
C1_2,search,256,4,8,it0122,0.19624026119709015,0.357717901468277,0.36363636363636365,False,0
C1_2,search,256,4,8,it0123,0.4290142357349396,0.4733318090438843,0.17647058823529413,False,3
C1_2,search,256,4,8,it0124,0.5518834590911865,0.4258232116699219,0.3333333333333333,False,2
C1_2,search,256,4,8,it0125,0.5222904682159424,0.4246417284011841,0.46153846153846156,False,3
C1_2,search,256,4,8,it0126,0.5061230659484863,0.503146231174469,0.125,False,1
C1_2,search,256,4,8,it0127,0.371048241853714,0.36526498198509216,0.058823529411764705,False,2
C1_2,search,256,4,8,it0128,0.5404075980186462,0.5057604312896729,0.1,False,3
C1_2,search,256,4,8,it0129,0.3179267644882202,0.24890346825122833,0.17647058823529413,False,1
C1_2,search,256,4,8,it0130,0.3489762842655182,0.35668933391571045,0.4,False,2
C1_2,search,256,4,8,it0131,0.36204835772514343,0.4586113393306732,0.3548387096774194,False,0
C1_2,search,256,4,8,it0132,0.4055761694908142,0.29436689615249634,0.07142857142857142,False,1
C1_2,search,256,4,8,it0133,0.46945178508758545,0.5049734115600586,0.07142857142857142,False,1
C1_2,search,256,4,8,it0134,0.3835052251815796,0.3302827775478363,0.13157894736842105,False,3
C1_2,search,256,4,8,it0135,0.43976134061813354,0.4866063594818115,0.5128205128205128,False,3
C1_2,search,256,4,8,it0136,0.3897193968296051,0.36487603187561035,0.2,False,2
C1_2,search,256,4,8,it0137,0.6224753856658936,0.43634629249572754,0.16666666666666666,False,0
C1_2,search,256,4,8,it0138,0.4663371443748474,0.6249756217002869,0.5,False,3
C1_2,search,256,4,8,it0139,0.58248370885849,0.5228115916252136,0.16666666666666666,False,3
C1_2,search,256,4,8,it0140,0.4250514805316925,0.39871516823768616,0.16666666666666666,False,2
C1_2,search,256,4,8,it0141,0.5927663445472717,0.5821709632873535,0.26666666666666666,False,0
C1_2,search,256,4,8,it0142,0.040486887097358704,0.1425407975912094,0.44,False,2
C1_2,search,256,4,8,it0143,0.34406715631484985,0.4393773674964905,0.0625,False,2
C1_2,search,256,4,8,it0144,0.5588104724884033,0.3815779685974121,0.17857142857142858,False,2
C1_2,search,256,4,8,it0145,0.508185625076294,0.5833135843276978,0.175,False,0
C1_2,search,256,4,8,it0146,0.48831021785736084,0.3368966579437256,0.45,False,1
C1_2,search,256,4,8,it0147,0.41755878925323486,0.30066612362861633,0.21739130434782608,False,0
C1_2,search,256,4,8,it0148,0.013026004657149315,0.19624461233615875,0.32142857142857145,False,1
C1_2,search,256,4,8,it0149,0.46962857246398926,0.4406280517578125,0.2857142857142857,False,1
C1_2,search,256,4,8,it0150,0.4309651255607605,0.5045802593231201,0.23076923076923078,False,1
C1_2,search,256,4,8,it0151,0.562233030796051,0.5147998332977295,0.11764705882352941,False,3
C1_2,search,256,4,8,it0152,0.45830145478248596,0.3671131134033203,0.0,False,3
C1_2,search,256,4,8,it0153,0.37001433968544006,0.46130162477493286,0.35714285714285715,False,0
C1_2,search,256,4,8,it0154,0.2749277651309967,0.18681184947490692,0.15789473684210525,False,0
C1_2,search,256,4,8,it0155,0.22036226093769073,0.24956007301807404,0.07142857142857142,False,2
C1_2,search,256,4,8,it0156,0.35598933696746826,0.3297220468521118,0.0,False,3
C1_2,search,256,4,8,it0157,0.48189738392829895,0.44337743520736694,0.2558139534883721,False,1
C1_2,search,256,4,8,it0158,0.32809433341026306,0.389370322227478,0.15789473684210525,False,2
C1_2,search,256,4,8,it0159,0.5470640063285828,0.37814465165138245,0.0,False,2
C1_2,search,256,4,8,it0160,0.528866171836853,0.4889727830886841,0.22580645161290322,False,1
C1_2,search,256,4,8,it0161,0.3968139886856079,0.29822927713394165,0.3448275862068966,False,2
C1_2,search,256,4,8,it0162,0.01449781283736229,0.21014153957366943,0.25925925925925924,False,0
C1_2,search,256,4,8,it0163,0.5582718849182129,0.37217020988464355,0.058823529411764705,False,3
C1_2,search,256,4,8,it0164,0.42584913969039917,0.27242863178253174,0.2903225806451613,False,0
C1_2,search,256,4,8,it0165,0.2940666079521179,0.3204575181007385,0.2727272727272727,False,3
C1_2,search,256,4,8,it0166,0.6136580109596252,0.35733455419540405,0.4166666666666667,False,2
C1_2,search,256,4,8,it0167,0.4559425711631775,0.5651333928108215,0.2631578947368421,False,1
C1_2,search,256,4,8,it0168,0.37069156765937805,0.3308056890964508,0.2,False,3
C1_2,search,256,4,8,it0169,0.44791632890701294,0.3964928388595581,0.1,False,3
C1_2,search,256,4,8,it0170,0.37880459427833557,0.38554203510284424,0.35294117647058826,False,1
C1_2,search,256,4,8,it0171,0.6298810243606567,0.6050597429275513,0.23809523809523808,False,0
C1_2,search,256,4,8,it0172,0.25384557247161865,0.3180920481681824,0.0,False,1
C1_2,search,256,4,8,it0173,0.6700679063796997,0.5883187055587769,0.06666666666666667,False,0
C1_2,search,256,4,8,it0174,0.46980422735214233,0.46105217933654785,0.1875,False,1
C1_2,search,256,4,8,it0175,0.23979268968105316,0.34374383091926575,0.4,False,1
C1_2,search,256,4,8,it0176,0.4430340528488159,0.4846222698688507,0.3333333333333333,False,0
C1_2,search,256,4,8,it0177,0.43047070503234863,0.505906879901886,0.2631578947368421,False,0
C1_2,search,256,4,8,it0178,0.31071698665618896,0.28910011053085327,0.47058823529411764,False,1
C1_2,search,256,4,8,it0179,0.5387516617774963,0.5826483368873596,0.2903225806451613,False,2
C1_2,search,256,4,8,it0180,0.4683848023414612,0.5014407634735107,0.07142857142857142,False,0
C1_2,search,256,4,8,it0181,0.5446824431419373,0.533720850944519,0.04878048780487805,False,0
C1_2,search,256,4,8,it0182,0.5230542421340942,0.43045103549957275,0.08,False,1
C1_2,search,256,4,8,it0183,0.5968081951141357,0.5438498854637146,0.08,False,3
C1_2,search,256,4,8,it0184,0.3013230562210083,0.3092273771762848,0.2,False,3
C1_2,search,256,4,8,it0185,0.4409593343734741,0.46025967597961426,0.22580645161290322,False,1
C1_2,search,256,4,8,it0186,0.5318527221679688,0.46923884749412537,0.375,False,3
C1_2,search,256,4,8,it0187,0.4273974895477295,0.38894569873809814,0.125,False,3
C1_2,search,256,4,8,it0188,0.4494312107563019,0.3638295829296112,0.1111111111111111,False,2
C1_2,search,256,4,8,it0189,0.3889543414115906,0.2996530532836914,0.3,False,1
C1_2,search,256,4,8,it0190,0.5268285870552063,0.4897805452346802,0.3125,False,1
C1_2,search,256,4,8,it0191,0.4530075192451477,0.41992896795272827,0.16,False,2
C1_2,search,256,4,8,it0192,0.5548848509788513,0.5051629543304443,0.37037037037037035,False,2
C1_2,search,256,4,8,it0193,0.3414343595504761,0.251958429813385,0.5,False,1
C1_2,search,256,4,8,it0194,0.6277371644973755,0.6094685792922974,0.09523809523809523,False,0
C1_2,search,256,4,8,it0195,0.5922210216522217,0.5965745449066162,0.46153846153846156,False,1
C1_2,search,256,4,8,it0196,0.5021786689758301,0.3733404576778412,0.0,False,0
C1_2,search,256,4,8,it0197,0.38667184114456177,0.33321624994277954,0.18181818181818182,False,3
C1_2,search,256,4,8,it0198,0.3032577633857727,0.17036618292331696,0.1875,False,1
C1_2,search,256,4,8,it0199,0.4563426375389099,0.4578501284122467,0.23529411764705882,False,0
C1_2,search,512,8,8,it0000,0.547907292842865,0.585780918598175,0.15217391304347827,False,5
C1_2,search,512,8,8,it0001,0.4563030004501343,0.35151034593582153,0.6666666666666666,False,7
C1_2,search,512,8,8,it0002,0.2455025464296341,0.3523899018764496,0.4,False,2
C1_2,search,512,8,8,it0003,0.49830275774002075,0.47379493713378906,0.13333333333333333,False,7
C1_2,search,512,8,8,it0004,0.5377840399742126,0.4602075219154358,0.125,False,7
C1_2,search,512,8,8,it0005,0.44686734676361084,0.362349271774292,0.3333333333333333,False,5
C1_2,search,512,8,8,it0006,0.38734549283981323,0.3784722089767456,0.6111111111111112,False,7
C1_2,search,512,8,8,it0007,0.3083975315093994,0.3243626356124878,0.13636363636363635,False,1
C1_2,search,512,8,8,it0008,0.34426844120025635,0.38481637835502625,0.38095238095238093,False,7
C1_2,search,512,8,8,it0009,0.5335717797279358,0.61985844373703,0.3333333333333333,False,7
C1_2,search,512,8,8,it0010,0.6282419562339783,0.5602693557739258,0.3333333333333333,False,6
C1_2,search,512,8,8,it0011,0.5689265131950378,0.4851709306240082,0.08695652173913043,False,1
C1_2,search,512,8,8,it0012,0.42927318811416626,0.29998013377189636,0.8275862068965517,False,1
C1_2,search,512,8,8,it0013,0.5794674158096313,0.5799764394760132,0.037037037037037035,False,6
C1_2,search,512,8,8,it0014,0.3940293788909912,0.4417903423309326,0.06666666666666667,False,4
C1_2,search,512,8,8,it0015,0.46160200238227844,0.5841387510299683,0.23529411764705882,False,3
C1_2,search,512,8,8,it0016,0.5887956619262695,0.32799485325813293,0.20588235294117646,False,2
C1_2,search,512,8,8,it0017,0.579751193523407,0.38709259033203125,0.13333333333333333,False,7
C1_2,search,512,8,8,it0018,0.3633871078491211,0.3024742901325226,0.23529411764705882,False,3
C1_2,search,512,8,8,it0019,0.6688324809074402,0.5715253353118896,0.3695652173913043,False,2
C1_2,search,512,8,8,it0020,0.3954189121723175,0.2937912046909332,0.23076923076923078,False,2
C1_2,search,512,8,8,it0021,0.499883770942688,0.420434832572937,0.2727272727272727,False,5
C1_2,search,512,8,8,it0022,0.4293472170829773,0.45455485582351685,0.625,False,2
C1_2,search,512,8,8,it0023,0.6126910448074341,0.564311683177948,0.4444444444444444,False,4
C1_2,search,512,8,8,it0024,0.5697771906852722,0.489391952753067,0.21428571428571427,False,7
C1_2,search,512,8,8,it0025,0.6133399605751038,0.5839265584945679,0.1,False,5
C1_2,search,512,8,8,it0026,0.17319445312023163,0.2641807794570923,0.125,False,0
C1_2,search,512,8,8,it0027,0.6739197969436646,0.6184555888175964,0.25,False,6
C1_2,search,512,8,8,it0028,0.4563238024711609,0.57596355676651,0.42857142857142855,False,0
C1_2,search,512,8,8,it0029,0.11381889879703522,0.3932301998138428,0.1875,False,7
C1_2,search,512,8,8,it0030,0.5758799910545349,0.5074756145477295,0.52,False,7
C1_2,search,512,8,8,it0031,0.433595210313797,0.32650887966156006,0.2777777777777778,False,4
C1_2,search,512,8,8,it0032,0.7037867307662964,0.5734318494796753,0.2222222222222222,False,6
C1_2,search,512,8,8,it0033,0.4181913137435913,0.31768521666526794,0.38461538461538464,False,6
C1_2,search,512,8,8,it0034,0.442315936088562,0.3098744750022888,0.26666666666666666,False,4
C1_2,search,512,8,8,it0035,0.3966103792190552,0.33312585949897766,0.6153846153846154,False,4
C1_2,search,512,8,8,it0036,0.660548210144043,0.5541092157363892,0.6666666666666666,False,6
C1_2,search,512,8,8,it0037,0.509362518787384,0.5358956456184387,0.06666666666666667,False,2
C1_2,search,512,8,8,it0038,0.33954760432243347,0.2164115309715271,0.13513513513513514,False,3
C1_2,search,512,8,8,it0039,0.45409122109413147,0.4801572263240814,0.3902439024390244,False,7
C1_2,search,512,8,8,it0040,0.36284127831459045,0.2571960687637329,0.13333333333333333,False,5
C1_2,search,512,8,8,it0041,0.6522223353385925,0.5117576122283936,0.2727272727272727,False,5
C1_2,search,512,8,8,it0042,0.42160356044769287,0.4088553190231323,0.25925925925925924,False,1
C1_2,search,512,8,8,it0043,0.26971951127052307,0.29975688457489014,0.15384615384615385,False,6
C1_2,search,512,8,8,it0044,0.4796803295612335,0.6301995515823364,0.28,False,2
C1_2,search,512,8,8,it0045,0.21181660890579224,0.37883448600769043,0.23333333333333334,False,6
C1_2,search,512,8,8,it0046,0.31581911444664,0.27073192596435547,0.0625,False,2
C1_2,search,512,8,8,it0047,0.2264813333749771,0.22168491780757904,0.5,False,2
C1_2,search,512,8,8,it0048,0.5648326873779297,0.4312492609024048,0.3125,False,2
C1_2,search,512,8,8,it0049,0.23648864030838013,0.4998838007450104,0.8181818181818182,False,6
C1_2,search,512,8,8,it0050,0.28513336181640625,0.07792675495147705,0.5909090909090909,False,0
C1_2,search,512,8,8,it0051,0.1586160659790039,0.44209718704223633,0.1724137931034483,False,6
C1_2,search,512,8,8,it0052,0.24876096844673157,0.2846287488937378,0.26666666666666666,False,3
C1_2,search,512,8,8,it0053,0.320642352104187,0.3536742329597473,0.2972972972972973,False,7
C1_2,search,512,8,8,it0054,0.2107187956571579,0.2727426588535309,0.16666666666666666,False,0
C1_2,search,512,8,8,it0055,0.5525615215301514,0.5231016874313354,0.19230769230769232,False,4
C1_2,search,512,8,8,it0056,0.3564208447933197,0.2975137531757355,0.3,False,5
C1_2,search,512,8,8,it0057,0.5231069326400757,0.3059965670108795,0.29411764705882354,False,5
C1_2,search,512,8,8,it0058,0.4089779555797577,0.43547162413597107,0.4166666666666667,False,3
C1_2,search,512,8,8,it0059,0.5404822826385498,0.5506197810173035,0.21428571428571427,False,2
C1_2,search,512,8,8,it0060,0.4436367154121399,0.39593884348869324,0.058823529411764705,False,4
C1_2,search,512,8,8,it0061,0.5762591361999512,0.5935757160186768,0.05714285714285714,False,6
C1_2,search,512,8,8,it0062,0.66130530834198,0.6182011961936951,0.2857142857142857,False,5
C1_2,search,512,8,8,it0063,0.44305720925331116,0.3998384475708008,0.2413793103448276,False,4
C1_2,search,512,8,8,it0064,0.2351909875869751,0.5031925439834595,0.5,False,4
C1_2,search,512,8,8,it0065,0.6292462348937988,0.5995787382125854,0.23076923076923078,False,3
C1_2,search,512,8,8,it0066,0.2530241012573242,0.34220224618911743,0.5238095238095238,False,3
C1_2,search,512,8,8,it0067,0.37751463055610657,0.2502649426460266,0.16666666666666666,False,6
C1_2,search,512,8,8,it0068,0.6129843592643738,0.5419917702674866,0.0,False,5
C1_2,search,512,8,8,it0069,0.4469411373138428,0.3815307319164276,0.09090909090909091,False,5
C1_2,search,512,8,8,it0070,0.47576841711997986,0.6153734922409058,0.2,False,3
C1_2,search,512,8,8,it0071,0.5610159635543823,0.5249442458152771,0.39285714285714285,False,2
C1_2,search,512,8,8,it0072,0.4850994646549225,0.48756521940231323,0.045454545454545456,False,4
C1_2,search,512,8,8,it0073,0.22614306211471558,0.35464227199554443,0.27586206896551724,False,7
C1_2,search,512,8,8,it0074,0.2301652431488037,0.3004877269268036,0.3333333333333333,False,3
C1_2,search,512,8,8,it0075,0.4269244074821472,0.38600653409957886,0.391304347826087,False,7
C1_2,search,512,8,8,it0076,0.608962893486023,0.3877606987953186,0.5652173913043478,False,3
C1_2,search,512,8,8,it0077,0.4936617314815521,0.591101884841919,0.5,False,1
C1_2,search,512,8,8,it0078,0.3788087069988251,0.3942960798740387,0.2857142857142857,False,2
C1_2,search,512,8,8,it0079,0.5694780945777893,0.5093013048171997,0.3333333333333333,False,3
C1_2,search,512,8,8,it0080,0.46179619431495667,0.2562233507633209,0.5121951219512195,False,5
C1_2,search,512,8,8,it0081,0.3889162540435791,0.275872141122818,0.21428571428571427,False,4
C1_2,search,512,8,8,it0082,0.4817875623703003,0.5444143414497375,0.23529411764705882,False,5
C1_2,search,512,8,8,it0083,0.49579301476478577,0.38187915086746216,0.17647058823529413,False,3
C1_2,search,512,8,8,it0084,0.6085907220840454,0.48457321524620056,0.1111111111111111,False,7
C1_2,search,512,8,8,it0085,0.6648997068405151,0.47982117533683777,0.0,False,6
C1_2,search,512,8,8,it0086,0.554979145526886,0.6287439465522766,0.23529411764705882,False,1
C1_2,search,512,8,8,it0087,0.5670221447944641,0.6717504858970642,0.25,False,0
C1_2,search,512,8,8,it0088,0.37928342819213867,0.4109988808631897,0.19047619047619047,False,1
C1_2,search,512,8,8,it0089,0.32491186261177063,0.23722051084041595,0.041666666666666664,False,3
C1_2,search,512,8,8,it0090,0.5090136528015137,0.5728129148483276,0.47058823529411764,False,7
C1_2,search,512,8,8,it0091,0.6739076972007751,0.561962902545929,0.0967741935483871,False,2
C1_2,search,512,8,8,it0092,0.4886103868484497,0.39174672961235046,0.11428571428571428,False,5
C1_2,search,512,8,8,it0093,0.5701305866241455,0.39400169253349304,0.15789473684210525,False,3
C1_2,search,512,8,8,it0094,0.33033233880996704,0.48425909876823425,0.3076923076923077,False,5
C1_2,search,512,8,8,it0095,0.628949761390686,0.5656853318214417,0.6190476190476191,False,3
C1_2,search,512,8,8,it0096,0.48347142338752747,0.4409298002719879,0.4090909090909091,False,1
C1_2,search,512,8,8,it0097,0.6283326745033264,0.600460946559906,0.25,False,4
C1_2,search,512,8,8,it0098,0.5554422736167908,0.45555585622787476,0.18518518518518517,False,7
C1_2,search,512,8,8,it0099,0.263175368309021,0.24078433215618134,0.17391304347826086,False,1
C1_2,search,512,8,8,it0100,0.5644218921661377,0.6695469617843628,0.23076923076923078,False,6
C1_2,search,512,8,8,it0101,0.26224467158317566,0.30278995633125305,0.10526315789473684,False,1
C1_2,search,512,8,8,it0102,0.24822606146335602,0.41178348660469055,0.07692307692307693,False,3
C1_2,search,512,8,8,it0103,0.5199441313743591,0.47070786356925964,0.45454545454545453,False,0
C1_2,search,512,8,8,it0104,0.3994704782962799,0.503303587436676,0.041666666666666664,False,1
C1_2,search,512,8,8,it0105,0.3729592263698578,0.47942864894866943,0.34285714285714286,False,7
C1_2,search,512,8,8,it0106,0.4202120304107666,0.444365918636322,0.08333333333333333,False,1
C1_2,search,512,8,8,it0107,0.5327003002166748,0.5277929902076721,0.30434782608695654,False,1
C1_2,search,512,8,8,it0108,0.43216413259506226,0.33653512597084045,0.625,False,0
C1_2,search,512,8,8,it0109,0.46423226594924927,0.44703274965286255,0.21052631578947367,False,3
C1_2,search,512,8,8,it0110,0.1027955412864685,0.3011952042579651,0.4,False,3
C1_2,search,512,8,8,it0111,0.32611584663391113,0.21009300649166107,0.3333333333333333,False,1
C1_2,search,512,8,8,it0112,0.6809853315353394,0.5681177973747253,0.29545454545454547,False,2
C1_2,search,512,8,8,it0113,0.5455735325813293,0.5012888312339783,0.13636363636363635,False,4
C1_2,search,512,8,8,it0114,0.49865978956222534,0.5348542332649231,0.4444444444444444,False,0
C1_2,search,512,8,8,it0115,0.3653947114944458,0.32400014996528625,0.07142857142857142,False,3
C1_2,search,512,8,8,it0116,0.5254393219947815,0.4206103980541229,0.4117647058823529,False,7
C1_2,search,512,8,8,it0117,0.40218672156333923,0.5406436920166016,0.29411764705882354,False,0
C1_2,search,512,8,8,it0118,0.6150988340377808,0.47182175517082214,0.6346153846153846,False,7
C1_2,search,512,8,8,it0119,0.516308069229126,0.5659799575805664,0.35714285714285715,False,6
C1_2,search,512,8,8,it0120,0.6004010438919067,0.5334645509719849,0.06666666666666667,False,5
C1_2,search,512,8,8,it0121,0.49869370460510254,0.37983953952789307,0.35,False,6
C1_2,search,512,8,8,it0122,0.19624026119709015,0.357717901468277,0.36363636363636365,False,0
C1_2,search,512,8,8,it0123,0.4716212749481201,0.5782968401908875,0.29411764705882354,False,5
C1_2,search,512,8,8,it0124,0.6088396310806274,0.46751129627227783,0.6060606060606061,False,4
C1_2,search,512,8,8,it0125,0.5974100828170776,0.4497842788696289,0.23076923076923078,False,6
C1_2,search,512,8,8,it0126,0.5237426161766052,0.5389884114265442,0.0,False,5
C1_2,search,512,8,8,it0127,0.371048241853714,0.36526498198509216,0.058823529411764705,False,2
C1_2,search,512,8,8,it0128,0.5404075980186462,0.5057604312896729,0.1,False,3
C1_2,search,512,8,8,it0129,0.24072137475013733,0.25148674845695496,0.058823529411764705,False,6
C1_2,search,512,8,8,it0130,0.3489762842655182,0.35668933391571045,0.4,False,2
C1_2,search,512,8,8,it0131,0.36204835772514343,0.4586113393306732,0.3548387096774194,False,0
C1_2,search,512,8,8,it0132,0.3021138608455658,0.31702345609664917,0.07142857142857142,False,5
C1_2,search,512,8,8,it0133,0.46945178508758545,0.5049734115600586,0.07142857142857142,False,1
C1_2,search,512,8,8,it0134,0.3835052251815796,0.3302827775478363,0.13157894736842105,False,3
C1_2,search,512,8,8,it0135,0.3901464641094208,0.517548680305481,0.3076923076923077,False,4
C1_2,search,512,8,8,it0136,0.3742339611053467,0.4019652009010315,0.0,False,5
C1_2,search,512,8,8,it0137,0.6224753856658936,0.43634629249572754,0.16666666666666666,False,0
C1_2,search,512,8,8,it0138,0.4663371443748474,0.6249756217002869,0.5,False,3
C1_2,search,512,8,8,it0139,0.5991787314414978,0.5426305532455444,0.2777777777777778,False,5
C1_2,search,512,8,8,it0140,0.4250514805316925,0.39871516823768616,0.16666666666666666,False,2
C1_2,search,512,8,8,it0141,0.6767377853393555,0.6304867267608643,0.26666666666666666,False,4
C1_2,search,512,8,8,it0142,0.1384515017271042,0.2413780242204666,0.16,False,4
C1_2,search,512,8,8,it0143,0.3393687605857849,0.4692723751068115,0.0,False,7
C1_2,search,512,8,8,it0144,0.5588104724884033,0.3815779685974121,0.17857142857142858,False,2
C1_2,search,512,8,8,it0145,0.508185625076294,0.5833135843276978,0.175,False,0
C1_2,search,512,8,8,it0146,0.4795282483100891,0.4070740342140198,0.15,False,4
C1_2,search,512,8,8,it0147,0.40919676423072815,0.3873995840549469,0.17391304347826086,False,6
C1_2,search,512,8,8,it0148,0.013026004657149315,0.19624461233615875,0.32142857142857145,False,1
C1_2,search,512,8,8,it0149,0.46554034948349,0.4863666296005249,0.2857142857142857,False,7
C1_2,search,512,8,8,it0150,0.4309651255607605,0.5045802593231201,0.23076923076923078,False,1
C1_2,search,512,8,8,it0151,0.562233030796051,0.5147998332977295,0.11764705882352941,False,3
C1_2,search,512,8,8,it0152,0.49671733379364014,0.40200650691986084,0.0,False,4
C1_2,search,512,8,8,it0153,0.37001433968544006,0.46130162477493286,0.35714285714285715,False,0
C1_2,search,512,8,8,it0154,0.2749277651309967,0.18681184947490692,0.15789473684210525,False,0
C1_2,search,512,8,8,it0155,0.20475949347019196,0.26047876477241516,0.14285714285714285,False,6
C1_2,search,512,8,8,it0156,0.35598933696746826,0.3297220468521118,0.0,False,3
C1_2,search,512,8,8,it0157,0.5709406137466431,0.45936477184295654,0.16279069767441862,False,5
C1_2,search,512,8,8,it0158,0.32809433341026306,0.389370322227478,0.15789473684210525,False,2
C1_2,search,512,8,8,it0159,0.5470640063285828,0.37814465165138245,0.0,False,2
C1_2,search,512,8,8,it0160,0.528866171836853,0.4889727830886841,0.22580645161290322,False,1
C1_2,search,512,8,8,it0161,0.3124030828475952,0.31313955783843994,0.20689655172413793,False,5
C1_2,search,512,8,8,it0162,0.11994389444589615,0.3157951831817627,0.25925925925925924,False,5
C1_2,search,512,8,8,it0163,0.5582718849182129,0.37217020988464355,0.058823529411764705,False,3
C1_2,search,512,8,8,it0164,0.42584913969039917,0.27242863178253174,0.2903225806451613,False,0
C1_2,search,512,8,8,it0165,0.2940666079521179,0.3204575181007385,0.2727272727272727,False,3
C1_2,search,512,8,8,it0166,0.6349018812179565,0.4316827356815338,0.6666666666666666,False,4
C1_2,search,512,8,8,it0167,0.4559425711631775,0.5651333928108215,0.2631578947368421,False,1
C1_2,search,512,8,8,it0168,0.4492458701133728,0.3435260057449341,0.4,False,6
C1_2,search,512,8,8,it0169,0.4399006962776184,0.422847718000412,0.05,False,4
C1_2,search,512,8,8,it0170,0.4323601722717285,0.4337480962276459,0.29411764705882354,False,7
C1_2,search,512,8,8,it0171,0.6298810243606567,0.6050597429275513,0.23809523809523808,False,0
C1_2,search,512,8,8,it0172,0.24233394861221313,0.3429805636405945,0.16,False,5
C1_2,search,512,8,8,it0173,0.728688657283783,0.6296005249023438,0.06666666666666667,False,4
C1_2,search,512,8,8,it0174,0.46980422735214233,0.46105217933654785,0.1875,False,1
C1_2,search,512,8,8,it0175,0.23979268968105316,0.34374383091926575,0.4,False,1
C1_2,search,512,8,8,it0176,0.4430340528488159,0.4846222698688507,0.3333333333333333,False,0
C1_2,search,512,8,8,it0177,0.43047070503234863,0.505906879901886,0.2631578947368421,False,0
C1_2,search,512,8,8,it0178,0.31071698665618896,0.28910011053085327,0.47058823529411764,False,1
C1_2,search,512,8,8,it0179,0.6262582540512085,0.6111302971839905,0.1935483870967742,False,5
C1_2,search,512,8,8,it0180,0.45167142152786255,0.5151733160018921,0.2857142857142857,False,6
C1_2,search,512,8,8,it0181,0.5446824431419373,0.533720850944519,0.04878048780487805,False,0
C1_2,search,512,8,8,it0182,0.5230542421340942,0.43045103549957275,0.08,False,1
C1_2,search,512,8,8,it0183,0.6736574769020081,0.5913639664649963,0.36,False,7
C1_2,search,512,8,8,it0184,0.2658597528934479,0.32195961475372314,0.2,False,7
C1_2,search,512,8,8,it0185,0.49429750442504883,0.4866710901260376,0.06451612903225806,False,4
C1_2,search,512,8,8,it0186,0.5293651819229126,0.4917035698890686,0.5,False,4
C1_2,search,512,8,8,it0187,0.4273974895477295,0.38894569873809814,0.125,False,3
C1_2,search,512,8,8,it0188,0.5626395344734192,0.4572804868221283,0.2777777777777778,False,5
C1_2,search,512,8,8,it0189,0.3889543414115906,0.2996530532836914,0.3,False,1
C1_2,search,512,8,8,it0190,0.5450083017349243,0.513628363609314,0.125,False,5
C1_2,search,512,8,8,it0191,0.4530075192451477,0.41992896795272827,0.16,False,2
C1_2,search,512,8,8,it0192,0.5157899260520935,0.5626459717750549,0.18518518518518517,False,6
C1_2,search,512,8,8,it0193,0.46919724345207214,0.3359861969947815,0.3125,False,5
C1_2,search,512,8,8,it0194,0.6277371644973755,0.6094685792922974,0.09523809523809523,False,0
C1_2,search,512,8,8,it0195,0.5922210216522217,0.5965745449066162,0.46153846153846156,False,1
C1_2,search,512,8,8,it0196,0.6013249754905701,0.39681580662727356,0.2857142857142857,False,5
C1_2,search,512,8,8,it0197,0.41385945677757263,0.39168843626976013,0.36363636363636365,False,7
C1_2,search,512,8,8,it0198,0.25013113021850586,0.2890987992286682,0.0625,False,4
C1_2,search,512,8,8,it0199,0.4563426375389099,0.4578501284122467,0.23529411764705882,False,0
C1_2,refine,128,1,16,it0000,0.40560683608055115,0.4023265838623047,0.32608695652173914,False,0
C1_2,refine,128,1,16,it0001,0.42550042271614075,0.16456985473632812,0.7222222222222222,False,0
C1_2,refine,128,1,16,it0002,0.33678102493286133,0.18343313038349152,0.26666666666666666,False,0
C1_2,refine,128,1,16,it0003,0.33153021335601807,0.2160957306623459,0.2,False,0
C1_2,refine,128,1,16,it0004,0.4383847117424011,0.303720086812973,0.125,False,0
C1_2,refine,128,1,16,it0005,0.3265007734298706,0.23888333141803741,0.18518518518518517,False,0
C1_2,refine,128,1,16,it0006,0.4151131808757782,0.3070893883705139,0.2777777777777778,False,0
C1_2,refine,128,1,16,it0007,0.3031160235404968,0.24976232647895813,0.1590909090909091,False,0
C1_2,refine,128,1,16,it0008,0.22683286666870117,0.04726216197013855,0.5714285714285714,False,0
C1_2,refine,128,1,16,it0009,0.5413936972618103,0.4975942373275757,0.2222222222222222,False,0
C1_2,refine,128,1,16,it0010,0.6603878736495972,0.6151536703109741,0.16666666666666666,False,0
C1_2,refine,128,1,16,it0011,0.5460847616195679,0.4650405943393707,0.0,False,0
C1_2,refine,128,1,16,it0012,0.45651593804359436,0.35876622796058655,0.7931034482758621,False,0
C1_2,refine,128,1,16,it0013,0.5356580018997192,0.6187031865119934,0.1111111111111111,False,0
C1_2,refine,128,1,16,it0014,0.40767940878868103,0.3205831050872803,0.2,False,0
C1_2,refine,128,1,16,it0015,0.4091854989528656,0.44294196367263794,0.11764705882352941,False,0
C1_2,refine,128,1,16,it0016,0.5134855508804321,0.306219220161438,0.2647058823529412,False,0
C1_2,refine,128,1,16,it0017,0.39726099371910095,0.2245105504989624,0.0,False,0
C1_2,refine,128,1,16,it0018,0.37425434589385986,0.19588841497898102,0.20588235294117646,False,0
C1_2,refine,128,1,16,it0019,0.6750883460044861,0.549578845500946,0.30434782608695654,False,0
C1_2,refine,128,1,16,it0020,0.3384988307952881,0.31632837653160095,0.3076923076923077,False,0
C1_2,refine,128,1,16,it0021,0.5054334998130798,0.42446741461753845,0.42424242424242425,False,0
C1_2,refine,128,1,16,it0022,0.309688925743103,0.39416438341140747,0.45,False,0
C1_2,refine,128,1,16,it0023,0.6373767256736755,0.5960558652877808,0.3888888888888889,False,0
C1_2,refine,128,1,16,it0024,0.5009473562240601,0.46908605098724365,0.21428571428571427,False,0
C1_2,refine,128,1,16,it0025,0.5041115283966064,0.45451363921165466,0.4,False,0
C1_2,refine,128,1,16,it0026,0.15582679212093353,0.2562522292137146,0.0,False,0
C1_2,refine,128,1,16,it0027,0.6380210518836975,0.6203153729438782,0.0625,False,0
C1_2,refine,128,1,16,it0028,0.434736430644989,0.5075753927230835,0.2619047619047619,False,0
C1_2,refine,128,1,16,it0029,0.34723278880119324,0.26908791065216064,0.1875,False,0
C1_2,refine,128,1,16,it0030,0.5124300718307495,0.4458944797515869,0.2,False,0
C1_2,refine,128,1,16,it0031,0.197293221950531,0.2010505646467209,0.1111111111111111,False,0
C1_2,refine,128,1,16,it0032,0.5910804271697998,0.41079652309417725,0.07407407407407407,False,0
C1_2,refine,128,1,16,it0033,0.4101758897304535,0.198365718126297,0.0,False,0
C1_2,refine,128,1,16,it0034,0.3940759599208832,0.27607885003089905,0.16666666666666666,False,0
C1_2,refine,128,1,16,it0035,0.3145788609981537,0.1168784499168396,0.15384615384615385,False,0
C1_2,refine,128,1,16,it0036,0.623866617679596,0.542353630065918,0.3888888888888889,False,0
C1_2,refine,128,1,16,it0037,0.5551342368125916,0.5034880042076111,0.0,False,0
C1_2,refine,128,1,16,it0038,0.27133995294570923,0.21821361780166626,0.16216216216216217,False,0
C1_2,refine,128,1,16,it0039,0.4071144759654999,0.40392592549324036,0.4146341463414634,False,0
C1_2,refine,128,1,16,it0040,0.23347030580043793,0.11121906340122223,0.4,False,0
C1_2,refine,128,1,16,it0041,0.5668591260910034,0.3406173586845398,0.2727272727272727,False,0
C1_2,refine,128,1,16,it0042,0.34027212858200073,0.39176374673843384,0.4444444444444444,False,0
C1_2,refine,128,1,16,it0043,0.3035777509212494,0.26919427514076233,0.07692307692307693,False,0
C1_2,refine,128,1,16,it0044,0.3545231223106384,0.16214348375797272,0.16,False,0
C1_2,refine,128,1,16,it0045,0.18371854722499847,0.306608110666275,0.13333333333333333,False,0
C1_2,refine,128,1,16,it0046,0.37713223695755005,0.25590789318084717,0.0625,False,0
C1_2,refine,128,1,16,it0047,0.37223076820373535,0.23640654981136322,0.6,False,0
C1_2,refine,128,1,16,it0048,0.5444252490997314,0.4207875728607178,0.1875,False,0
C1_2,refine,128,1,16,it0049,0.35944485664367676,0.5403709411621094,0.4090909090909091,False,0
C1_2,refine,128,1,16,it0050,0.07996775954961777,0.0014135818928480148,0.5,False,0
C1_2,refine,128,1,16,it0051,0.1417768895626068,0.4509289264678955,0.2413793103448276,False,0
C1_2,refine,128,1,16,it0052,0.18646521866321564,0.3432953953742981,0.2,False,0
C1_2,refine,128,1,16,it0053,0.20662051439285278,0.20683951675891876,0.4594594594594595,False,0
C1_2,refine,128,1,16,it0054,0.3589944839477539,0.12035197764635086,0.20833333333333334,False,0
C1_2,refine,128,1,16,it0055,0.5028056502342224,0.5400702357292175,0.07692307692307693,False,0
C1_2,refine,128,1,16,it0056,0.3553200662136078,0.3213408589363098,0.1,False,0
C1_2,refine,128,1,16,it0057,0.5569775104522705,0.25628605484962463,0.17647058823529413,False,0
C1_2,refine,128,1,16,it0058,0.37454017996788025,0.22155070304870605,0.08333333333333333,False,0
C1_2,refine,128,1,16,it0059,0.5189615488052368,0.5092662572860718,0.21428571428571427,False,0
C1_2,refine,128,1,16,it0060,0.3132224678993225,0.23373639583587646,0.058823529411764705,False,0
C1_2,refine,128,1,16,it0061,0.5097570419311523,0.5435665845870972,0.0,False,0
C1_2,refine,128,1,16,it0062,0.5511325597763062,0.5421724319458008,0.09523809523809523,False,0
C1_2,refine,128,1,16,it0063,0.4643794894218445,0.281147301197052,0.2413793103448276,False,0
C1_2,refine,128,1,16,it0064,0.3089286983013153,0.5113919973373413,0.3333333333333333,False,0
C1_2,refine,128,1,16,it0065,0.5708639621734619,0.5034139156341553,0.2564102564102564,False,0
C1_2,refine,128,1,16,it0066,0.29574504494667053,0.4122481942176819,0.38095238095238093,False,0
C1_2,refine,128,1,16,it0067,0.19680726528167725,0.12411154061555862,0.3333333333333333,False,0
C1_2,refine,128,1,16,it0068,0.6621768474578857,0.5940296053886414,0.07692307692307693,False,0
C1_2,refine,128,1,16,it0069,0.3126695454120636,0.23685912787914276,0.18181818181818182,False,0
C1_2,refine,128,1,16,it0070,0.4245513081550598,0.5472313761711121,0.06666666666666667,False,0
C1_2,refine,128,1,16,it0071,0.5670220851898193,0.5790529251098633,0.2857142857142857,False,0
C1_2,refine,128,1,16,it0072,0.4833444654941559,0.49167773127555847,0.18181818181818182,False,0
C1_2,refine,128,1,16,it0073,0.21223236620426178,0.18221935629844666,0.41379310344827586,False,0
C1_2,refine,128,1,16,it0074,0.21640801429748535,0.24604421854019165,0.4,False,0
C1_2,refine,128,1,16,it0075,0.390278697013855,0.35320577025413513,0.2608695652173913,False,0
C1_2,refine,128,1,16,it0076,0.4427140951156616,0.15463471412658691,0.2608695652173913,False,0
C1_2,refine,128,1,16,it0077,0.4700644314289093,0.519751787185669,0.5,False,0
C1_2,refine,128,1,16,it0078,0.36874493956565857,0.2853137254714966,0.3333333333333333,False,0
C1_2,refine,128,1,16,it0079,0.5862566232681274,0.5336607694625854,0.16666666666666666,False,0
C1_2,refine,128,1,16,it0080,0.3846956193447113,0.25895926356315613,0.1951219512195122,False,0
C1_2,refine,128,1,16,it0081,0.2988983988761902,0.23980872333049774,0.03571428571428571,False,0
C1_2,refine,128,1,16,it0082,0.45620137453079224,0.38325393199920654,0.4117647058823529,False,0
C1_2,refine,128,1,16,it0083,0.44568243622779846,0.3338063657283783,0.3235294117647059,False,0
C1_2,refine,128,1,16,it0084,0.6162505745887756,0.5050390958786011,0.044444444444444446,False,0
C1_2,refine,128,1,16,it0085,0.5047304630279541,0.3919595777988434,0.0,False,0
C1_2,refine,128,1,16,it0086,0.5351576209068298,0.5599373579025269,0.058823529411764705,False,0
C1_2,refine,128,1,16,it0087,0.5511488914489746,0.6230035424232483,0.375,False,0
C1_2,refine,128,1,16,it0088,0.27940988540649414,0.30030757188796997,0.047619047619047616,False,0
C1_2,refine,128,1,16,it0089,0.4052756428718567,0.1657005250453949,0.041666666666666664,False,0
C1_2,refine,128,1,16,it0090,0.5483786463737488,0.49273908138275146,0.29411764705882354,False,0
C1_2,refine,128,1,16,it0091,0.4939735233783722,0.47113075852394104,0.3870967741935484,False,0
C1_2,refine,128,1,16,it0092,0.4610338509082794,0.294665664434433,0.11428571428571428,False,0
C1_2,refine,128,1,16,it0093,0.4311477243900299,0.27791741490364075,0.0,False,0
C1_2,refine,128,1,16,it0094,0.4706757962703705,0.5072927474975586,0.0,False,0
C1_2,refine,128,1,16,it0095,0.4137652516365051,0.44629964232444763,0.14285714285714285,False,0
C1_2,refine,128,1,16,it0096,0.5091128349304199,0.4823216199874878,0.36363636363636365,False,0
C1_2,refine,128,1,16,it0097,0.5433952212333679,0.42622002959251404,0.05,False,0
C1_2,refine,128,1,16,it0098,0.4520295560359955,0.35176411271095276,0.37037037037037035,False,0
C1_2,refine,128,1,16,it0099,0.14245423674583435,0.07346157729625702,0.043478260869565216,False,0
C1_2,refine,128,1,16,it0100,0.6741946935653687,0.539574921131134,0.15384615384615385,False,0
C1_2,refine,128,1,16,it0101,0.18744595348834991,0.21375060081481934,0.15789473684210525,False,0
C1_2,refine,128,1,16,it0102,0.17685672640800476,0.3206882178783417,0.23076923076923078,False,0
C1_2,refine,128,1,16,it0103,0.2606801688671112,0.33331385254859924,0.4090909090909091,False,0
C1_2,refine,128,1,16,it0104,0.5011276006698608,0.41020193696022034,0.125,False,0
C1_2,refine,128,1,16,it0105,0.25947052240371704,0.4189215302467346,0.34285714285714286,False,0
C1_2,refine,128,1,16,it0106,0.3966474235057831,0.34150469303131104,0.041666666666666664,False,0
C1_2,refine,128,1,16,it0107,0.6231234073638916,0.3932817578315735,0.30434782608695654,False,0
C1_2,refine,128,1,16,it0108,0.4814743995666504,0.3285354971885681,0.0625,False,0
C1_2,refine,128,1,16,it0109,0.4235795736312866,0.2744799852371216,0.21052631578947367,False,0
C1_2,refine,128,1,16,it0110,0.08952613174915314,0.24831317365169525,0.1,False,0
C1_2,refine,128,1,16,it0111,0.2533908784389496,0.15123116970062256,0.24242424242424243,False,0
C1_2,refine,128,1,16,it0112,0.6629761457443237,0.4643406867980957,0.11363636363636363,False,0
C1_2,refine,128,1,16,it0113,0.5462548732757568,0.47259610891342163,0.11363636363636363,False,0
C1_2,refine,128,1,16,it0114,0.3443002998828888,0.28336745500564575,0.4444444444444444,False,0
C1_2,refine,128,1,16,it0115,0.3940447270870209,0.26610875129699707,0.0,False,0
C1_2,refine,128,1,16,it0116,0.527809202671051,0.507853090763092,0.35294117647058826,False,0
C1_2,refine,128,1,16,it0117,0.41901159286499023,0.5028734803199768,0.11764705882352941,False,0
C1_2,refine,128,1,16,it0118,0.5317850112915039,0.42737647891044617,0.6153846153846154,False,0
C1_2,refine,128,1,16,it0119,0.3783401846885681,0.33662235736846924,0.14285714285714285,False,0
C1_2,refine,128,1,16,it0120,0.6033086776733398,0.4863574206829071,0.06666666666666667,False,0
C1_2,refine,128,1,16,it0121,0.5117308497428894,0.3268299996852875,0.2,False,0
C1_2,refine,128,1,16,it0122,0.1130048856139183,0.21618278324604034,0.4090909090909091,False,0
C1_2,refine,128,1,16,it0123,0.4169660806655884,0.5673996806144714,0.35294117647058826,False,0
C1_2,refine,128,1,16,it0124,0.5238257646560669,0.31680741906166077,0.21212121212121213,False,0
C1_2,refine,128,1,16,it0125,0.6020879745483398,0.49474644660949707,0.10256410256410256,False,0
C1_2,refine,128,1,16,it0126,0.45951029658317566,0.3934892416000366,0.0,False,0
C1_2,refine,128,1,16,it0127,0.18525391817092896,0.25531676411628723,0.35294117647058826,False,0
C1_2,refine,128,1,16,it0128,0.3467497229576111,0.32674551010131836,0.1,False,0
C1_2,refine,128,1,16,it0129,0.2007930874824524,0.13833630084991455,0.0,False,0
C1_2,refine,128,1,16,it0130,0.2083025574684143,0.11398471146821976,0.1,False,0
C1_2,refine,128,1,16,it0131,0.23513823747634888,0.18577641248703003,0.2903225806451613,False,0
C1_2,refine,128,1,16,it0132,0.2848210632801056,0.274034321308136,0.07142857142857142,False,0
C1_2,refine,128,1,16,it0133,0.4810064733028412,0.4350742697715759,0.0,False,0
C1_2,refine,128,1,16,it0134,0.3617159128189087,0.2207993119955063,0.13157894736842105,False,0
C1_2,refine,128,1,16,it0135,0.48366934061050415,0.5511779189109802,0.3076923076923077,False,0
C1_2,refine,128,1,16,it0136,0.5032119750976562,0.3957228362560272,0.05,False,0
C1_2,refine,128,1,16,it0137,0.519041895866394,0.35884153842926025,0.3333333333333333,False,0
C1_2,refine,128,1,16,it0138,0.5268125534057617,0.5986526012420654,0.3333333333333333,False,0
C1_2,refine,128,1,16,it0139,0.45151349902153015,0.21715906262397766,0.05555555555555555,False,0
C1_2,refine,128,1,16,it0140,0.4328503906726837,0.4361879825592041,0.16666666666666666,False,0
C1_2,refine,128,1,16,it0141,0.6201786398887634,0.6087088584899902,0.3333333333333333,False,0
C1_2,refine,128,1,16,it0142,0.12888287007808685,0.11144132912158966,0.32,False,0
C1_2,refine,128,1,16,it0143,0.26771968603134155,0.3533446192741394,0.0,False,0
C1_2,refine,128,1,16,it0144,0.6716108918190002,0.30938223004341125,0.14285714285714285,False,0
C1_2,refine,128,1,16,it0145,0.5909109115600586,0.6196175217628479,0.2,False,0
C1_2,refine,128,1,16,it0146,0.46435225009918213,0.30068790912628174,0.2,False,0
C1_2,refine,128,1,16,it0147,0.3899517357349396,0.27390187978744507,0.08695652173913043,False,0
C1_2,refine,128,1,16,it0148,-0.009807853028178215,0.008628690615296364,0.2857142857142857,False,0
C1_2,refine,128,1,16,it0149,0.3629955053329468,0.3622344732284546,0.42857142857142855,False,0
C1_2,refine,128,1,16,it0150,0.49116405844688416,0.43805527687072754,0.3076923076923077,False,0
C1_2,refine,128,1,16,it0151,0.4769738018512726,0.27186647057533264,0.058823529411764705,False,0
C1_2,refine,128,1,16,it0152,0.5255246162414551,0.3552570044994354,0.0,False,0
C1_2,refine,128,1,16,it0153,0.37199655175209045,0.43181169033050537,0.40476190476190477,False,0
C1_2,refine,128,1,16,it0154,0.1900838017463684,0.03068653866648674,0.15789473684210525,False,0
C1_2,refine,128,1,16,it0155,0.315877228975296,0.3226342797279358,0.03571428571428571,False,0
C1_2,refine,128,1,16,it0156,0.2056197226047516,0.12729528546333313,0.19047619047619047,False,0
C1_2,refine,128,1,16,it0157,0.49209949374198914,0.3903980851173401,0.13953488372093023,False,0
C1_2,refine,128,1,16,it0158,0.35130414366722107,0.17660853266716003,0.15789473684210525,False,0
C1_2,refine,128,1,16,it0159,0.407570481300354,0.36504024267196655,0.35714285714285715,False,0
C1_2,refine,128,1,16,it0160,0.4775145351886749,0.3301267623901367,0.06451612903225806,False,0
C1_2,refine,128,1,16,it0161,0.3789157271385193,0.2521689832210541,0.06896551724137931,False,0
C1_2,refine,128,1,16,it0162,0.0857841968536377,0.19458578526973724,0.25925925925925924,False,0
C1_2,refine,128,1,16,it0163,0.4509809613227844,0.393972784280777,0.0,False,0
C1_2,refine,128,1,16,it0164,0.4352801740169525,0.2735236585140228,0.3225806451612903,False,0
C1_2,refine,128,1,16,it0165,0.26933592557907104,0.1693369746208191,0.18181818181818182,False,0
C1_2,refine,128,1,16,it0166,0.5689593553543091,0.31476709246635437,0.6666666666666666,False,0
C1_2,refine,128,1,16,it0167,0.4343620538711548,0.512874960899353,0.47368421052631576,False,0
C1_2,refine,128,1,16,it0168,0.35623669624328613,0.25858786702156067,0.1,False,0
C1_2,refine,128,1,16,it0169,0.3460831046104431,0.3630918562412262,0.05,False,0
C1_2,refine,128,1,16,it0170,0.36726418137550354,0.30739182233810425,0.23529411764705882,False,0
C1_2,refine,128,1,16,it0171,0.6046102046966553,0.5561515092849731,0.23809523809523808,False,0
C1_2,refine,128,1,16,it0172,0.25257954001426697,0.2864573299884796,0.08,False,0
C1_2,refine,128,1,16,it0173,0.6649161577224731,0.5191583037376404,0.0,False,0
C1_2,refine,128,1,16,it0174,0.5581613183021545,0.38886603713035583,0.25,False,0
C1_2,refine,128,1,16,it0175,0.24143192172050476,0.19837114214897156,0.26666666666666666,False,0
C1_2,refine,128,1,16,it0176,0.3564836382865906,0.39228299260139465,0.1111111111111111,False,0
C1_2,refine,128,1,16,it0177,0.46317258477211,0.24878178536891937,0.05263157894736842,False,0
C1_2,refine,128,1,16,it0178,0.20550692081451416,0.15107640624046326,0.47058823529411764,False,0
C1_2,refine,128,1,16,it0179,0.613714873790741,0.6039568781852722,0.1935483870967742,False,0
C1_2,refine,128,1,16,it0180,0.3722783029079437,0.3524210453033447,0.07142857142857142,False,0
C1_2,refine,128,1,16,it0181,0.5812894701957703,0.5452749133110046,0.14634146341463414,False,0
C1_2,refine,128,1,16,it0182,0.5954031944274902,0.44533050060272217,0.04,False,0
C1_2,refine,128,1,16,it0183,0.5980910062789917,0.5613565444946289,0.04,False,0
C1_2,refine,128,1,16,it0184,0.26148805022239685,0.24585920572280884,0.26666666666666666,False,0
C1_2,refine,128,1,16,it0185,0.24047192931175232,0.2704002857208252,0.03225806451612903,False,0
C1_2,refine,128,1,16,it0186,0.5366137027740479,0.3599991798400879,0.08333333333333333,False,0
C1_2,refine,128,1,16,it0187,0.3855285942554474,0.4231131374835968,0.25,False,0
C1_2,refine,128,1,16,it0188,0.529557466506958,0.4422289729118347,0.2222222222222222,False,0
C1_2,refine,128,1,16,it0189,0.25591614842414856,0.1641816645860672,0.0,False,0
C1_2,refine,128,1,16,it0190,0.5664988160133362,0.48469823598861694,0.125,False,0
C1_2,refine,128,1,16,it0191,0.28735363483428955,0.22437003254890442,0.12,False,0
C1_2,refine,128,1,16,it0192,0.5406571626663208,0.4937554597854614,0.5185185185185185,False,0
C1_2,refine,128,1,16,it0193,0.4438704550266266,0.17689310014247894,0.3125,False,0
C1_2,refine,128,1,16,it0194,0.485623300075531,0.5746726989746094,0.0,False,0
C1_2,refine,128,1,16,it0195,0.5850165486335754,0.49959778785705566,0.34615384615384615,False,0
C1_2,refine,128,1,16,it0196,0.4864562749862671,0.4581770896911621,0.35714285714285715,False,0
C1_2,refine,128,1,16,it0197,0.29881176352500916,0.22460633516311646,0.2727272727272727,False,0
C1_2,refine,128,1,16,it0198,0.22231292724609375,0.1821243017911911,0.25,False,0
C1_2,refine,128,1,16,it0199,0.4693504869937897,0.4719063639640808,0.11764705882352941,False,0
C1_2,refine,256,1,32,it0000,0.47242042422294617,0.4879249036312103,0.2391304347826087,False,0
C1_2,refine,256,1,32,it0001,0.35523074865341187,0.19470037519931793,0.5,False,0
C1_2,refine,256,1,32,it0002,0.18552297353744507,0.1860387623310089,0.2,False,0
C1_2,refine,256,1,32,it0003,0.5477518439292908,0.3660511374473572,0.2,False,0
C1_2,refine,256,1,32,it0004,0.5438784956932068,0.4853234887123108,0.125,False,0
C1_2,refine,256,1,32,it0005,0.3695741891860962,0.3481576442718506,0.1111111111111111,False,0
C1_2,refine,256,1,32,it0006,0.38801929354667664,0.363363653421402,0.2222222222222222,False,0
C1_2,refine,256,1,32,it0007,0.3190823197364807,0.27828410267829895,0.20454545454545456,False,0
C1_2,refine,256,1,32,it0008,0.39469006657600403,0.2706390619277954,0.38095238095238093,False,0
C1_2,refine,256,1,32,it0009,0.551628053188324,0.5113335251808167,0.1111111111111111,False,0
C1_2,refine,256,1,32,it0010,0.6481164693832397,0.6329325437545776,0.4444444444444444,False,0
C1_2,refine,256,1,32,it0011,0.4201098680496216,0.3988310694694519,0.0,False,0
C1_2,refine,256,1,32,it0012,0.28904181718826294,0.07337965071201324,0.8620689655172413,False,0
C1_2,refine,256,1,32,it0013,0.4962978959083557,0.48749005794525146,0.037037037037037035,False,0
C1_2,refine,256,1,32,it0014,0.44146573543548584,0.25555482506752014,0.13333333333333333,False,0
C1_2,refine,256,1,32,it0015,0.3146294355392456,0.4015967845916748,0.0,False,0
C1_2,refine,256,1,32,it0016,0.47212475538253784,0.27012157440185547,0.11764705882352941,False,0
C1_2,refine,256,1,32,it0017,0.5486516356468201,0.3733416497707367,0.2,False,0
C1_2,refine,256,1,32,it0018,0.2965277135372162,0.15527398884296417,0.23529411764705882,False,0
C1_2,refine,256,1,32,it0019,0.6378262042999268,0.529377281665802,0.2391304347826087,False,0
C1_2,refine,256,1,32,it0020,0.29400834441185,0.27189385890960693,0.5384615384615384,False,0
C1_2,refine,256,1,32,it0021,0.4800758361816406,0.41281184554100037,0.09090909090909091,False,0
C1_2,refine,256,1,32,it0022,0.3161603510379791,0.3753776252269745,0.425,False,0
C1_2,refine,256,1,32,it0023,0.5849508047103882,0.495767205953598,0.1111111111111111,False,0
C1_2,refine,256,1,32,it0024,0.6008781790733337,0.5046387314796448,0.14285714285714285,False,0
C1_2,refine,256,1,32,it0025,0.626836895942688,0.5102760195732117,0.05,False,0
C1_2,refine,256,1,32,it0026,0.2738329768180847,0.16262121498584747,0.0,False,0
C1_2,refine,256,1,32,it0027,0.657888650894165,0.6240499019622803,0.0,False,0
C1_2,refine,256,1,32,it0028,0.45745766162872314,0.48567065596580505,0.07142857142857142,False,0
C1_2,refine,256,1,32,it0029,0.26170459389686584,0.4434775710105896,0.125,False,0
C1_2,refine,256,1,32,it0030,0.5146031379699707,0.32201164960861206,0.24,False,0
C1_2,refine,256,1,32,it0031,0.30429667234420776,0.3099074065685272,0.0,False,0
C1_2,refine,256,1,32,it0032,0.5935098528862,0.5098373889923096,0.14814814814814814,False,0
C1_2,refine,256,1,32,it0033,0.2582298517227173,0.08589674532413483,0.38461538461538464,False,0
C1_2,refine,256,1,32,it0034,0.37123581767082214,0.27200406789779663,0.23333333333333334,False,0
C1_2,refine,256,1,32,it0035,0.36025625467300415,0.12699145078659058,0.23076923076923078,False,0
C1_2,refine,256,1,32,it0036,0.6198121309280396,0.4327109456062317,0.0,False,0
C1_2,refine,256,1,32,it0037,0.5603000521659851,0.5314983129501343,0.26666666666666666,False,0
C1_2,refine,256,1,32,it0038,0.3430067002773285,0.13417229056358337,0.16216216216216217,False,0
C1_2,refine,256,1,32,it0039,0.4790447950363159,0.4114619493484497,0.24390243902439024,False,0
C1_2,refine,256,1,32,it0040,0.30728679895401,0.23320025205612183,0.3333333333333333,False,0
C1_2,refine,256,1,32,it0041,0.5710560083389282,0.4025866985321045,0.13636363636363635,False,0
C1_2,refine,256,1,32,it0042,0.4470904469490051,0.44751405715942383,0.07407407407407407,False,0
C1_2,refine,256,1,32,it0043,0.13674533367156982,0.12767934799194336,0.038461538461538464,False,0
C1_2,refine,256,1,32,it0044,0.4817078709602356,0.4929097294807434,0.16,False,0
C1_2,refine,256,1,32,it0045,0.09700078517198563,0.2849254906177521,0.16666666666666666,False,0
C1_2,refine,256,1,32,it0046,0.2944318652153015,0.21977484226226807,0.0,False,0
C1_2,refine,256,1,32,it0047,0.20214654505252838,0.26614853739738464,0.65,False,0
C1_2,refine,256,1,32,it0048,0.5762496590614319,0.39830052852630615,0.1875,False,0
C1_2,refine,256,1,32,it0049,0.2453499734401703,0.41778799891471863,0.18181818181818182,False,0
C1_2,refine,256,1,32,it0050,0.26641660928726196,0.03472238779067993,0.5454545454545454,False,0
C1_2,refine,256,1,32,it0051,0.20754379034042358,0.45089447498321533,0.1724137931034483,False,0
C1_2,refine,256,1,32,it0052,0.0460653081536293,0.18620732426643372,0.06666666666666667,False,0
C1_2,refine,256,1,32,it0053,0.2629462480545044,0.31884247064590454,0.16216216216216217,False,0
C1_2,refine,256,1,32,it0054,0.2790895104408264,0.1240922063589096,0.5,False,0
C1_2,refine,256,1,32,it0055,0.4543800354003906,0.5209208130836487,0.19230769230769232,False,0
C1_2,refine,256,1,32,it0056,0.37925371527671814,0.13919469714164734,0.15,False,0
C1_2,refine,256,1,32,it0057,0.5492796897888184,0.253246545791626,0.2647058823529412,False,0
C1_2,refine,256,1,32,it0058,0.3108133375644684,0.3148539662361145,0.25,False,0
C1_2,refine,256,1,32,it0059,0.5143189430236816,0.4898988902568817,0.35714285714285715,False,0
C1_2,refine,256,1,32,it0060,0.34741413593292236,0.33604222536087036,0.058823529411764705,False,0
C1_2,refine,256,1,32,it0061,0.4595065116882324,0.565214991569519,0.2,False,0
C1_2,refine,256,1,32,it0062,0.5533549189567566,0.48119187355041504,0.047619047619047616,False,0
C1_2,refine,256,1,32,it0063,0.34110844135284424,0.2896663248538971,0.10344827586206896,False,0
C1_2,refine,256,1,32,it0064,0.21144208312034607,0.41951826214790344,0.2777777777777778,False,0
C1_2,refine,256,1,32,it0065,0.5898425579071045,0.48916131258010864,0.28205128205128205,False,0
C1_2,refine,256,1,32,it0066,0.21622419357299805,0.3009549081325531,0.42857142857142855,False,0
C1_2,refine,256,1,32,it0067,0.21152746677398682,0.26361867785453796,0.1111111111111111,False,0
C1_2,refine,256,1,32,it0068,0.6804662346839905,0.6048688888549805,0.05128205128205128,False,0
C1_2,refine,256,1,32,it0069,0.3517474830150604,0.42367640137672424,0.13636363636363635,False,0
C1_2,refine,256,1,32,it0070,0.33374011516571045,0.4046802818775177,0.4666666666666667,False,0
C1_2,refine,256,1,32,it0071,0.5429967045783997,0.4772072434425354,0.5,False,0
C1_2,refine,256,1,32,it0072,0.4724988639354706,0.43326517939567566,0.3181818181818182,False,0
C1_2,refine,256,1,32,it0073,0.14724436402320862,0.1533288210630417,0.5172413793103449,False,0
C1_2,refine,256,1,32,it0074,0.26259055733680725,0.20047610998153687,0.13333333333333333,False,0
C1_2,refine,256,1,32,it0075,0.40128207206726074,0.32432249188423157,0.08695652173913043,False,0
C1_2,refine,256,1,32,it0076,0.5099139213562012,0.20616769790649414,0.30434782608695654,False,0
C1_2,refine,256,1,32,it0077,0.481998473405838,0.5308906435966492,0.3333333333333333,False,0
C1_2,refine,256,1,32,it0078,0.3579270839691162,0.2533484101295471,0.14285714285714285,False,0
C1_2,refine,256,1,32,it0079,0.5577704310417175,0.5253509879112244,0.0,False,0
C1_2,refine,256,1,32,it0080,0.4267067313194275,0.25449907779693604,0.4146341463414634,False,0
C1_2,refine,256,1,32,it0081,0.24582113325595856,0.29884982109069824,0.0,False,0
C1_2,refine,256,1,32,it0082,0.40259602665901184,0.3457426428794861,0.17647058823529413,False,0
C1_2,refine,256,1,32,it0083,0.40395891666412354,0.22257424890995026,0.5588235294117647,False,0
C1_2,refine,256,1,32,it0084,0.5363622307777405,0.3795405626296997,0.08888888888888889,False,0
C1_2,refine,256,1,32,it0085,0.49515801668167114,0.3545413315296173,0.0,False,0
C1_2,refine,256,1,32,it0086,0.4910869002342224,0.5201200246810913,0.47058823529411764,False,0
C1_2,refine,256,1,32,it0087,0.5198863744735718,0.508995532989502,0.1875,False,0
C1_2,refine,256,1,32,it0088,0.3194759488105774,0.3460201621055603,0.0,False,0
C1_2,refine,256,1,32,it0089,0.3996143639087677,0.32901591062545776,0.08333333333333333,False,0
C1_2,refine,256,1,32,it0090,0.5795832872390747,0.5552315711975098,0.17647058823529413,False,0
C1_2,refine,256,1,32,it0091,0.49411505460739136,0.4421895146369934,0.12903225806451613,False,0
C1_2,refine,256,1,32,it0092,0.5575857758522034,0.39913153648376465,0.08571428571428572,False,0
C1_2,refine,256,1,32,it0093,0.43954944610595703,0.3132333755493164,0.05263157894736842,False,0
C1_2,refine,256,1,32,it0094,0.5605340600013733,0.4174984097480774,0.15384615384615385,False,0
C1_2,refine,256,1,32,it0095,0.3482091426849365,0.4233940541744232,0.14285714285714285,False,0
C1_2,refine,256,1,32,it0096,0.4345843195915222,0.36237412691116333,0.2727272727272727,False,0
C1_2,refine,256,1,32,it0097,0.5156494379043579,0.5564311146736145,0.05,False,0
C1_2,refine,256,1,32,it0098,0.4884214699268341,0.34485551714897156,0.14814814814814814,False,0
C1_2,refine,256,1,32,it0099,0.22581137716770172,0.1608864963054657,0.08695652173913043,False,0
C1_2,refine,256,1,32,it0100,0.6001987457275391,0.5160642266273499,0.0,False,0
C1_2,refine,256,1,32,it0101,0.10468149930238724,0.1566147357225418,0.0,False,0
C1_2,refine,256,1,32,it0102,0.3066612780094147,0.3420727849006653,0.0,False,0
C1_2,refine,256,1,32,it0103,0.45492467284202576,0.348445326089859,0.22727272727272727,False,0
C1_2,refine,256,1,32,it0104,0.4439866840839386,0.36007633805274963,0.08333333333333333,False,0
C1_2,refine,256,1,32,it0105,0.19238977134227753,0.35044142603874207,0.2571428571428571,False,0
C1_2,refine,256,1,32,it0106,0.33815866708755493,0.37924179434776306,0.125,False,0
C1_2,refine,256,1,32,it0107,0.382049024105072,0.3114171326160431,0.21739130434782608,False,0
C1_2,refine,256,1,32,it0108,0.44360658526420593,0.22191070020198822,0.3125,False,0
C1_2,refine,256,1,32,it0109,0.3923386037349701,0.256936252117157,0.21052631578947367,False,0
C1_2,refine,256,1,32,it0110,0.20204474031925201,0.25048956274986267,0.23333333333333334,False,0
C1_2,refine,256,1,32,it0111,0.28505465388298035,0.1650872528553009,0.24242424242424243,False,0
C1_2,refine,256,1,32,it0112,0.6106454730033875,0.5671650767326355,0.1590909090909091,False,0
C1_2,refine,256,1,32,it0113,0.4968234896659851,0.4081781804561615,0.09090909090909091,False,0
C1_2,refine,256,1,32,it0114,0.2963027358055115,0.3537842929363251,0.16666666666666666,False,0
C1_2,refine,256,1,32,it0115,0.25472763180732727,0.14903193712234497,0.0,False,0
C1_2,refine,256,1,32,it0116,0.5332121849060059,0.3201200067996979,0.35294117647058826,False,0
C1_2,refine,256,1,32,it0117,0.3301815092563629,0.4344809055328369,0.029411764705882353,False,0
C1_2,refine,256,1,32,it0118,0.5597683787345886,0.48719367384910583,0.6153846153846154,False,0
C1_2,refine,256,1,32,it0119,0.4948863387107849,0.5415070652961731,0.2857142857142857,False,0
C1_2,refine,256,1,32,it0120,0.5006914138793945,0.42532432079315186,0.0,False,0
C1_2,refine,256,1,32,it0121,0.4668744206428528,0.3219623267650604,0.3,False,0
C1_2,refine,256,1,32,it0122,0.23574557900428772,0.2817007005214691,0.18181818181818182,False,0
C1_2,refine,256,1,32,it0123,0.4128783643245697,0.5208801627159119,0.058823529411764705,False,0
C1_2,refine,256,1,32,it0124,0.5195466876029968,0.41715118288993835,0.3333333333333333,False,0
C1_2,refine,256,1,32,it0125,0.5198616981506348,0.4881381690502167,0.28205128205128205,False,0
C1_2,refine,256,1,32,it0126,0.5207727551460266,0.47020965814590454,0.0,False,0
C1_2,refine,256,1,32,it0127,0.25692999362945557,0.19368310272693634,0.5882352941176471,False,0
C1_2,refine,256,1,32,it0128,0.3326454162597656,0.31646841764450073,0.0,False,0
C1_2,refine,256,1,32,it0129,0.21605274081230164,0.18021166324615479,0.11764705882352941,False,0
C1_2,refine,256,1,32,it0130,0.23054265975952148,0.23134222626686096,0.2,False,0
C1_2,refine,256,1,32,it0131,0.4242801070213318,0.4846712052822113,0.12903225806451613,False,0
C1_2,refine,256,1,32,it0132,0.27259525656700134,0.16699057817459106,0.07142857142857142,False,0
C1_2,refine,256,1,32,it0133,0.3795803487300873,0.45344674587249756,0.0,False,0
C1_2,refine,256,1,32,it0134,0.3869447112083435,0.3192026913166046,0.13157894736842105,False,0
C1_2,refine,256,1,32,it0135,0.4065581262111664,0.48952192068099976,0.23076923076923078,False,0
C1_2,refine,256,1,32,it0136,0.5050291419029236,0.4223073720932007,0.15,False,0
C1_2,refine,256,1,32,it0137,0.49524402618408203,0.41293400526046753,0.25,False,0
C1_2,refine,256,1,32,it0138,0.5144510865211487,0.6480844616889954,0.3888888888888889,False,0
C1_2,refine,256,1,32,it0139,0.4930940866470337,0.31928348541259766,0.1111111111111111,False,0
C1_2,refine,256,1,32,it0140,0.5549942255020142,0.4632668197154999,0.20833333333333334,False,0
C1_2,refine,256,1,32,it0141,0.4260382354259491,0.6319445967674255,0.13333333333333333,False,0
C1_2,refine,256,1,32,it0142,0.20722459256649017,0.2024846374988556,0.08,False,0
C1_2,refine,256,1,32,it0143,0.23067143559455872,0.21796785295009613,0.125,False,0
C1_2,refine,256,1,32,it0144,0.5421792268753052,0.2748289704322815,0.10714285714285714,False,0
C1_2,refine,256,1,32,it0145,0.49707460403442383,0.49290192127227783,0.0,False,0
C1_2,refine,256,1,32,it0146,0.4523116648197174,0.3874214291572571,0.05,False,0
C1_2,refine,256,1,32,it0147,0.42711272835731506,0.4325990676879883,0.13043478260869565,False,0
C1_2,refine,256,1,32,it0148,0.11349013447761536,-0.016900133341550827,0.25,False,0
C1_2,refine,256,1,32,it0149,0.49332016706466675,0.36056283116340637,0.42857142857142855,False,0
C1_2,refine,256,1,32,it0150,0.31300410628318787,0.4722643494606018,0.19230769230769232,False,0
C1_2,refine,256,1,32,it0151,0.5192517042160034,0.45689165592193604,0.058823529411764705,False,0
C1_2,refine,256,1,32,it0152,0.6211613416671753,0.4400786757469177,0.0,False,0
C1_2,refine,256,1,32,it0153,0.22000038623809814,0.2691817879676819,0.2619047619047619,False,0
C1_2,refine,256,1,32,it0154,0.19297263026237488,0.0328691340982914,0.15789473684210525,False,0
C1_2,refine,256,1,32,it0155,0.1617889553308487,0.20992012321949005,0.0,False,0
C1_2,refine,256,1,32,it0156,0.3009277880191803,0.3147818148136139,0.19047619047619047,False,0
C1_2,refine,256,1,32,it0157,0.5988338589668274,0.4824734032154083,0.20930232558139536,False,0
C1_2,refine,256,1,32,it0158,0.29414623975753784,0.19671380519866943,0.05263157894736842,False,0
C1_2,refine,256,1,32,it0159,0.4264761805534363,0.3151712715625763,0.0,False,0
C1_2,refine,256,1,32,it0160,0.49023014307022095,0.4624177813529968,0.06451612903225806,False,0
C1_2,refine,256,1,32,it0161,0.31702160835266113,0.2727299928665161,0.20689655172413793,False,0
C1_2,refine,256,1,32,it0162,0.12531903386116028,0.2719194293022156,0.25925925925925924,False,0
C1_2,refine,256,1,32,it0163,0.6204129457473755,0.4061797261238098,0.058823529411764705,False,0
C1_2,refine,256,1,32,it0164,0.4855688810348511,0.1988542079925537,0.16129032258064516,False,0
C1_2,refine,256,1,32,it0165,0.21133266389369965,0.261272132396698,0.030303030303030304,False,0
C1_2,refine,256,1,32,it0166,0.6426429748535156,0.28221559524536133,0.3333333333333333,False,0
C1_2,refine,256,1,32,it0167,0.4833347201347351,0.4435300827026367,0.42105263157894735,False,0
C1_2,refine,256,1,32,it0168,0.26821184158325195,0.20689484477043152,0.1,False,0
C1_2,refine,256,1,32,it0169,0.46454140543937683,0.4523288309574127,0.25,False,0
C1_2,refine,256,1,32,it0170,0.4230384826660156,0.4065980613231659,0.17647058823529413,False,0
C1_2,refine,256,1,32,it0171,0.5742895603179932,0.4669816493988037,0.0,False,0
C1_2,refine,256,1,32,it0172,0.22540521621704102,0.2810097932815552,0.16,False,0
C1_2,refine,256,1,32,it0173,0.6410124897956848,0.580041229724884,0.1,False,0
C1_2,refine,256,1,32,it0174,0.29383182525634766,0.30244141817092896,0.0,False,0
C1_2,refine,256,1,32,it0175,0.2082958221435547,0.1350959986448288,0.13333333333333333,False,0
C1_2,refine,256,1,32,it0176,0.2854468524456024,0.3564722537994385,0.05555555555555555,False,0
C1_2,refine,256,1,32,it0177,0.38552379608154297,0.16607002913951874,0.15789473684210525,False,0
C1_2,refine,256,1,32,it0178,0.16628150641918182,0.20526288449764252,0.11764705882352941,False,0
C1_2,refine,256,1,32,it0179,0.5708511471748352,0.5722945928573608,0.12903225806451613,False,0
C1_2,refine,256,1,32,it0180,0.4645078480243683,0.3786945044994354,0.0,False,0
C1_2,refine,256,1,32,it0181,0.4651017189025879,0.46781685948371887,0.24390243902439024,False,0
C1_2,refine,256,1,32,it0182,0.5075840950012207,0.3439730703830719,0.04,False,0
C1_2,refine,256,1,32,it0183,0.5457195043563843,0.40861064195632935,0.16,False,0
C1_2,refine,256,1,32,it0184,0.1974266916513443,0.18434461951255798,0.13333333333333333,False,0
C1_2,refine,256,1,32,it0185,0.3005028963088989,0.2896348834037781,0.12903225806451613,False,0
C1_2,refine,256,1,32,it0186,0.6123086214065552,0.4407559037208557,0.0,False,0
C1_2,refine,256,1,32,it0187,0.4467836916446686,0.29831650853157043,0.0,False,0
C1_2,refine,256,1,32,it0188,0.38663429021835327,0.2876570522785187,0.2222222222222222,False,0
C1_2,refine,256,1,32,it0189,0.32765519618988037,0.4046560525894165,0.05,False,0
C1_2,refine,256,1,32,it0190,0.5245051980018616,0.5563221573829651,0.0,False,0
C1_2,refine,256,1,32,it0191,0.40082013607025146,0.2704335153102875,0.0,False,0
C1_2,refine,256,1,32,it0192,0.5291594862937927,0.4812619090080261,0.2962962962962963,False,0
C1_2,refine,256,1,32,it0193,0.29151397943496704,0.21324613690376282,0.25,False,0
C1_2,refine,256,1,32,it0194,0.6157116889953613,0.6137274503707886,0.0,False,0
C1_2,refine,256,1,32,it0195,0.48260000348091125,0.3392961025238037,0.34615384615384615,False,0
C1_2,refine,256,1,32,it0196,0.4489997625350952,0.30837923288345337,0.42857142857142855,False,0
C1_2,refine,256,1,32,it0197,0.3503546118736267,0.29368728399276733,0.0,False,0
C1_2,refine,256,1,32,it0198,0.2658047080039978,0.2569383680820465,0.25,False,0
C1_2,refine,256,1,32,it0199,0.44999003410339355,0.5000305771827698,0.0,False,0
C1_2,refine,512,1,64,it0000,0.4945937395095825,0.47247976064682007,0.08695652173913043,False,0
C1_2,refine,512,1,64,it0001,0.4098831117153168,0.20443283021450043,0.5,False,0
C1_2,refine,512,1,64,it0002,0.47663354873657227,0.3289966285228729,0.4,False,0
C1_2,refine,512,1,64,it0003,0.36270999908447266,0.19465599954128265,0.26666666666666666,False,0
C1_2,refine,512,1,64,it0004,0.4975462853908539,0.21226766705513,0.125,False,0
C1_2,refine,512,1,64,it0005,0.460053950548172,0.42500612139701843,0.1111111111111111,False,0
C1_2,refine,512,1,64,it0006,0.2450011670589447,0.2670334577560425,0.2777777777777778,False,0
C1_2,refine,512,1,64,it0007,0.27336907386779785,0.3403733968734741,0.1590909090909091,False,0
C1_2,refine,512,1,64,it0008,0.2536846399307251,0.2916106879711151,0.42857142857142855,False,0
C1_2,refine,512,1,64,it0009,0.5419216752052307,0.5382465720176697,0.07407407407407407,False,0
C1_2,refine,512,1,64,it0010,0.5404306650161743,0.5248295068740845,0.3888888888888889,False,0
C1_2,refine,512,1,64,it0011,0.4708786606788635,0.4692821502685547,0.0,False,0
C1_2,refine,512,1,64,it0012,0.280048668384552,0.13894471526145935,0.7931034482758621,False,0
C1_2,refine,512,1,64,it0013,0.4754624664783478,0.4862612187862396,0.0,False,0
C1_2,refine,512,1,64,it0014,0.37382256984710693,0.22860835492610931,0.2,False,0
C1_2,refine,512,1,64,it0015,0.364139199256897,0.4547217786312103,0.23529411764705882,False,0
C1_2,refine,512,1,64,it0016,0.32427603006362915,0.18510179221630096,0.20588235294117646,False,0
C1_2,refine,512,1,64,it0017,0.3985910713672638,0.3544348478317261,0.26666666666666666,False,0
C1_2,refine,512,1,64,it0018,0.382970929145813,0.21598711609840393,0.11764705882352941,False,0
C1_2,refine,512,1,64,it0019,0.6119268536567688,0.6038535833358765,0.08695652173913043,False,0
C1_2,refine,512,1,64,it0020,0.33584922552108765,0.1792353093624115,0.3076923076923077,False,0
C1_2,refine,512,1,64,it0021,0.3314463794231415,0.3223111033439636,0.18181818181818182,False,0
C1_2,refine,512,1,64,it0022,0.2500048875808716,0.2924312949180603,0.25,False,0
C1_2,refine,512,1,64,it0023,0.675595223903656,0.48447123169898987,0.1111111111111111,False,0
C1_2,refine,512,1,64,it0024,0.5813684463500977,0.41052383184432983,0.14285714285714285,False,0
C1_2,refine,512,1,64,it0025,0.5832455158233643,0.510208249092102,0.15,False,0
C1_2,refine,512,1,64,it0026,0.18856562674045563,0.12407670170068741,0.0,False,0
C1_2,refine,512,1,64,it0027,0.6576805114746094,0.4980117082595825,0.25,False,0
C1_2,refine,512,1,64,it0028,0.39742130041122437,0.4319646954536438,0.3333333333333333,False,0
C1_2,refine,512,1,64,it0029,0.2756989300251007,0.3020074665546417,0.1875,False,0
C1_2,refine,512,1,64,it0030,0.48574957251548767,0.3770105838775635,0.0,False,0
C1_2,refine,512,1,64,it0031,0.4785284399986267,0.4038087725639343,0.2777777777777778,False,0
C1_2,refine,512,1,64,it0032,0.542313277721405,0.49150869250297546,0.18518518518518517,False,0
C1_2,refine,512,1,64,it0033,0.2764621078968048,0.2386355698108673,0.3076923076923077,False,0
C1_2,refine,512,1,64,it0034,0.3724869191646576,0.23294809460639954,0.13333333333333333,False,0
C1_2,refine,512,1,64,it0035,0.3093481957912445,0.12043409794569016,0.15384615384615385,False,0
C1_2,refine,512,1,64,it0036,0.6251632571220398,0.4941254258155823,0.05555555555555555,False,0
C1_2,refine,512,1,64,it0037,0.4567524194717407,0.4606868326663971,0.06666666666666667,False,0
C1_2,refine,512,1,64,it0038,0.2760433256626129,0.1831335425376892,0.08108108108108109,False,0
C1_2,refine,512,1,64,it0039,0.479054719209671,0.4037344455718994,0.14634146341463414,False,0
C1_2,refine,512,1,64,it0040,0.1795068234205246,0.11731448769569397,0.4,False,0
C1_2,refine,512,1,64,it0041,0.5267552733421326,0.43214499950408936,0.13636363636363635,False,0
C1_2,refine,512,1,64,it0042,0.3065587878227234,0.3080100417137146,0.18518518518518517,False,0
C1_2,refine,512,1,64,it0043,0.22943642735481262,0.17030411958694458,0.038461538461538464,False,0
C1_2,refine,512,1,64,it0044,0.4130971431732178,0.23156554996967316,0.16,False,0
C1_2,refine,512,1,64,it0045,0.2915878891944885,0.38195309042930603,0.2,False,0
C1_2,refine,512,1,64,it0046,0.3232790529727936,0.08544974774122238,0.1875,False,0
C1_2,refine,512,1,64,it0047,0.2480660080909729,0.2445233166217804,0.45,False,0
C1_2,refine,512,1,64,it0048,0.5594316124916077,0.4695369601249695,0.125,False,0
C1_2,refine,512,1,64,it0049,0.35510435700416565,0.446067750453949,0.7272727272727273,False,0
C1_2,refine,512,1,64,it0050,0.19508445262908936,-0.04132309556007385,0.36363636363636365,False,0
C1_2,refine,512,1,64,it0051,0.19979482889175415,0.385725200176239,0.10344827586206896,False,0
C1_2,refine,512,1,64,it0052,0.21936076879501343,0.21102562546730042,0.06666666666666667,False,0
C1_2,refine,512,1,64,it0053,0.20989641547203064,0.2761693596839905,0.10810810810810811,False,0
C1_2,refine,512,1,64,it0054,0.2662390470504761,0.13044141232967377,0.25,False,0
C1_2,refine,512,1,64,it0055,0.47115397453308105,0.5185664892196655,0.15384615384615385,False,0
C1_2,refine,512,1,64,it0056,0.2776421308517456,0.1534176915884018,0.15,False,0
C1_2,refine,512,1,64,it0057,0.43048974871635437,0.20601660013198853,0.2647058823529412,False,0
C1_2,refine,512,1,64,it0058,0.3670544922351837,0.33544379472732544,0.08333333333333333,False,0
C1_2,refine,512,1,64,it0059,0.5572725534439087,0.5753492116928101,0.25,False,0
C1_2,refine,512,1,64,it0060,0.4156535267829895,0.32979029417037964,0.29411764705882354,False,0
C1_2,refine,512,1,64,it0061,0.49788036942481995,0.5068557262420654,0.0,False,0
C1_2,refine,512,1,64,it0062,0.6024878025054932,0.49927765130996704,0.047619047619047616,False,0
C1_2,refine,512,1,64,it0063,0.3829801678657532,0.3002355992794037,0.41379310344827586,False,0
C1_2,refine,512,1,64,it0064,0.2614870071411133,0.400424599647522,0.5,False,0
C1_2,refine,512,1,64,it0065,0.5505318641662598,0.4979867935180664,0.3333333333333333,False,0
C1_2,refine,512,1,64,it0066,0.33253195881843567,0.2890508770942688,0.2857142857142857,False,0
C1_2,refine,512,1,64,it0067,0.2590632438659668,0.26531344652175903,0.2222222222222222,False,0
C1_2,refine,512,1,64,it0068,0.6255358457565308,0.6120977997779846,0.0,False,0
C1_2,refine,512,1,64,it0069,0.28033241629600525,0.20036685466766357,0.13636363636363635,False,0
C1_2,refine,512,1,64,it0070,0.4439716339111328,0.48185575008392334,0.4,False,0
C1_2,refine,512,1,64,it0071,0.5226959586143494,0.48142266273498535,0.25,False,0
C1_2,refine,512,1,64,it0072,0.45518165826797485,0.47700226306915283,0.045454545454545456,False,0
C1_2,refine,512,1,64,it0073,0.17938125133514404,0.06167033314704895,0.5862068965517241,False,0
C1_2,refine,512,1,64,it0074,0.18423216044902802,0.04705068841576576,0.3333333333333333,False,0
C1_2,refine,512,1,64,it0075,0.37704992294311523,0.3820176124572754,0.17391304347826086,False,0
C1_2,refine,512,1,64,it0076,0.45616787672042847,0.2690359950065613,0.30434782608695654,False,0
C1_2,refine,512,1,64,it0077,0.40538489818573,0.3829704523086548,0.25,False,0
C1_2,refine,512,1,64,it0078,0.2963673770427704,0.26837900280952454,0.2857142857142857,False,0
C1_2,refine,512,1,64,it0079,0.5601128935813904,0.5457854270935059,0.16666666666666666,False,0
C1_2,refine,512,1,64,it0080,0.44353199005126953,0.25595712661743164,0.24390243902439024,False,0
C1_2,refine,512,1,64,it0081,0.35288554430007935,0.2673390507698059,0.17857142857142858,False,0
C1_2,refine,512,1,64,it0082,0.4470691680908203,0.4976729154586792,0.058823529411764705,False,0
C1_2,refine,512,1,64,it0083,0.38785433769226074,0.2653639018535614,0.14705882352941177,False,0
C1_2,refine,512,1,64,it0084,0.6261110305786133,0.4605010151863098,0.26666666666666666,False,0
C1_2,refine,512,1,64,it0085,0.4143539369106293,0.46903538703918457,0.07142857142857142,False,0
C1_2,refine,512,1,64,it0086,0.6213372349739075,0.5774276256561279,0.11764705882352941,False,0
C1_2,refine,512,1,64,it0087,0.47078046202659607,0.44162413477897644,0.25,False,0
C1_2,refine,512,1,64,it0088,0.30050623416900635,0.2746621072292328,0.14285714285714285,False,0
C1_2,refine,512,1,64,it0089,0.3109550476074219,0.14197319746017456,0.041666666666666664,False,0
C1_2,refine,512,1,64,it0090,0.6026632785797119,0.5114802122116089,0.23529411764705882,False,0
C1_2,refine,512,1,64,it0091,0.5650351047515869,0.5229861736297607,0.06451612903225806,False,0
C1_2,refine,512,1,64,it0092,0.3812251091003418,0.3086295425891876,0.02857142857142857,False,0
C1_2,refine,512,1,64,it0093,0.42400431632995605,0.32535111904144287,0.0,False,0
C1_2,refine,512,1,64,it0094,0.4869409203529358,0.5382810831069946,0.0,False,0
C1_2,refine,512,1,64,it0095,0.40644046664237976,0.5713794827461243,0.2857142857142857,False,0
C1_2,refine,512,1,64,it0096,0.4659520089626312,0.46938425302505493,0.5909090909090909,False,0
C1_2,refine,512,1,64,it0097,0.549291729927063,0.5140892267227173,0.1,False,0
C1_2,refine,512,1,64,it0098,0.5494661927223206,0.31578168272972107,0.1111111111111111,False,0
C1_2,refine,512,1,64,it0099,0.2672736942768097,0.2980111837387085,0.0,False,0
C1_2,refine,512,1,64,it0100,0.6111006140708923,0.5513415932655334,0.15384615384615385,False,0
C1_2,refine,512,1,64,it0101,0.15624691545963287,0.1820991039276123,0.07894736842105263,False,0
C1_2,refine,512,1,64,it0102,0.3594081997871399,0.4732680916786194,0.07692307692307693,False,0
C1_2,refine,512,1,64,it0103,0.3655022084712982,0.38870352506637573,0.18181818181818182,False,0
C1_2,refine,512,1,64,it0104,0.4016075134277344,0.2118154615163803,0.20833333333333334,False,0
C1_2,refine,512,1,64,it0105,0.2668096125125885,0.413556307554245,0.4,False,0
C1_2,refine,512,1,64,it0106,0.34736931324005127,0.4340091049671173,0.125,False,0
C1_2,refine,512,1,64,it0107,0.3452564477920532,0.1959020048379898,0.043478260869565216,False,0
C1_2,refine,512,1,64,it0108,0.4315234422683716,0.26414674520492554,0.0625,False,0
C1_2,refine,512,1,64,it0109,0.45732381939888,0.35968294739723206,0.2631578947368421,False,0
C1_2,refine,512,1,64,it0110,0.18614062666893005,0.2765168249607086,0.5,False,0
C1_2,refine,512,1,64,it0111,0.2558557391166687,0.1581997275352478,0.30303030303030304,False,0
C1_2,refine,512,1,64,it0112,0.6648043394088745,0.5401938557624817,0.13636363636363635,False,0
C1_2,refine,512,1,64,it0113,0.4809105396270752,0.46032798290252686,0.045454545454545456,False,0
C1_2,refine,512,1,64,it0114,0.26602068543434143,0.25870615243911743,0.3888888888888889,False,0
C1_2,refine,512,1,64,it0115,0.3130950927734375,0.22818265855312347,0.0,False,0
C1_2,refine,512,1,64,it0116,0.5164719223976135,0.38333526253700256,0.29411764705882354,False,0
C1_2,refine,512,1,64,it0117,0.41044920682907104,0.4968496263027191,0.11764705882352941,False,0
C1_2,refine,512,1,64,it0118,0.45158225297927856,0.38698652386665344,0.5,False,0
C1_2,refine,512,1,64,it0119,0.41905102133750916,0.30860501527786255,0.14285714285714285,False,0
C1_2,refine,512,1,64,it0120,0.5350439548492432,0.3821156620979309,0.0,False,0
C1_2,refine,512,1,64,it0121,0.5865726470947266,0.41245654225349426,0.2,False,0
C1_2,refine,512,1,64,it0122,0.2740297317504883,0.30120736360549927,0.36363636363636365,False,0
C1_2,refine,512,1,64,it0123,0.17960494756698608,0.4140166640281677,0.47058823529411764,False,0
C1_2,refine,512,1,64,it0124,0.5789835453033447,0.47681671380996704,0.21212121212121213,False,0
C1_2,refine,512,1,64,it0125,0.53398597240448,0.45202985405921936,0.20512820512820512,False,0
C1_2,refine,512,1,64,it0126,0.5141865015029907,0.3684539794921875,0.125,False,0
C1_2,refine,512,1,64,it0127,0.31642669439315796,0.33805036544799805,0.6470588235294118,False,0
C1_2,refine,512,1,64,it0128,0.38913214206695557,0.30574336647987366,0.1,False,0
C1_2,refine,512,1,64,it0129,0.16986647248268127,0.277864545583725,0.11764705882352941,False,0
C1_2,refine,512,1,64,it0130,0.28914397954940796,0.3012334108352661,0.2,False,0
C1_2,refine,512,1,64,it0131,0.3276365399360657,0.357032835483551,0.12903225806451613,False,0
C1_2,refine,512,1,64,it0132,0.3133603036403656,0.28474104404449463,0.14285714285714285,False,0
C1_2,refine,512,1,64,it0133,0.4327465295791626,0.4599767327308655,0.21428571428571427,False,0
C1_2,refine,512,1,64,it0134,0.43837979435920715,0.38840192556381226,0.13157894736842105,False,0
C1_2,refine,512,1,64,it0135,0.3893924653530121,0.35416242480278015,0.1282051282051282,False,0
C1_2,refine,512,1,64,it0136,0.3143269419670105,0.3438749611377716,0.15,False,0
C1_2,refine,512,1,64,it0137,0.5107611417770386,0.3667411208152771,0.3333333333333333,False,0
C1_2,refine,512,1,64,it0138,0.3579776883125305,0.5300819873809814,0.3333333333333333,False,0
C1_2,refine,512,1,64,it0139,0.49716612696647644,0.2556377649307251,0.1111111111111111,False,0
C1_2,refine,512,1,64,it0140,0.219524547457695,0.15104669332504272,0.125,False,0
C1_2,refine,512,1,64,it0141,0.5080043077468872,0.6090322136878967,0.16666666666666666,False,0
C1_2,refine,512,1,64,it0142,0.19888471066951752,0.2598109841346741,0.24,False,0
C1_2,refine,512,1,64,it0143,0.29721522331237793,0.3328837454319,0.0,False,0
C1_2,refine,512,1,64,it0144,0.5834086537361145,0.38447409868240356,0.0,False,0
C1_2,refine,512,1,64,it0145,0.4805090129375458,0.5458017587661743,0.025,False,0
C1_2,refine,512,1,64,it0146,0.5192933678627014,0.46738871932029724,0.1,False,0
C1_2,refine,512,1,64,it0147,0.3851205110549927,0.41715720295906067,0.08695652173913043,False,0
C1_2,refine,512,1,64,it0148,-0.006158705335110426,0.04975394159555435,0.21428571428571427,False,0
C1_2,refine,512,1,64,it0149,0.486368864774704,0.36548787355422974,0.2857142857142857,False,0
C1_2,refine,512,1,64,it0150,0.4429877698421478,0.46119338274002075,0.15384615384615385,False,0
C1_2,refine,512,1,64,it0151,0.5134257078170776,0.48863860964775085,0.11764705882352941,False,0
C1_2,refine,512,1,64,it0152,0.4679079055786133,0.3368837833404541,0.0,False,0
C1_2,refine,512,1,64,it0153,0.22220349311828613,0.3197621703147888,0.47619047619047616,False,0
C1_2,refine,512,1,64,it0154,0.2592591345310211,0.16112321615219116,0.21052631578947367,False,0
C1_2,refine,512,1,64,it0155,0.22898142039775848,0.2885780930519104,0.0,False,0
C1_2,refine,512,1,64,it0156,0.20714642107486725,0.27261781692504883,0.14285714285714285,False,0
C1_2,refine,512,1,64,it0157,0.5283597707748413,0.4502161741256714,0.046511627906976744,False,0
C1_2,refine,512,1,64,it0158,0.47683724761009216,0.342468798160553,0.10526315789473684,False,0
C1_2,refine,512,1,64,it0159,0.46824517846107483,0.3082365095615387,0.14285714285714285,False,0
C1_2,refine,512,1,64,it0160,0.5103926062583923,0.4217577576637268,0.12903225806451613,False,0
C1_2,refine,512,1,64,it0161,0.36754167079925537,0.2649729549884796,0.10344827586206896,False,0
C1_2,refine,512,1,64,it0162,0.12364421784877777,0.29205814003944397,0.1111111111111111,False,0
C1_2,refine,512,1,64,it0163,0.5612210631370544,0.4367423355579376,0.11764705882352941,False,0
C1_2,refine,512,1,64,it0164,0.3819192051887512,0.18759849667549133,0.03225806451612903,False,0
C1_2,refine,512,1,64,it0165,0.2758771777153015,0.2625272572040558,0.2727272727272727,False,0
C1_2,refine,512,1,64,it0166,0.4861294627189636,0.1435479074716568,0.3333333333333333,False,0
C1_2,refine,512,1,64,it0167,0.4006466567516327,0.44925418496131897,0.15789473684210525,False,0
C1_2,refine,512,1,64,it0168,0.31111252307891846,0.30029457807540894,0.1,False,0
C1_2,refine,512,1,64,it0169,0.27990394830703735,0.30900612473487854,0.25,False,0
C1_2,refine,512,1,64,it0170,0.2622295618057251,0.34911882877349854,0.17647058823529413,False,0
C1_2,refine,512,1,64,it0171,0.5908831357955933,0.5058281421661377,0.09523809523809523,False,0
C1_2,refine,512,1,64,it0172,0.20441682636737823,0.223135307431221,0.0,False,0
C1_2,refine,512,1,64,it0173,0.6494267582893372,0.5925512909889221,0.1,False,0
C1_2,refine,512,1,64,it0174,0.42125630378723145,0.2386583387851715,0.0,False,0
C1_2,refine,512,1,64,it0175,0.2252759337425232,0.2687658667564392,0.13333333333333333,False,0
C1_2,refine,512,1,64,it0176,0.34898269176483154,0.4146418273448944,0.1111111111111111,False,0
C1_2,refine,512,1,64,it0177,0.3656153082847595,0.36955058574676514,0.10526315789473684,False,0
C1_2,refine,512,1,64,it0178,0.33168792724609375,0.16237270832061768,0.29411764705882354,False,0
C1_2,refine,512,1,64,it0179,0.6004217863082886,0.5633498430252075,0.25806451612903225,False,0
C1_2,refine,512,1,64,it0180,0.5311486124992371,0.5090051293373108,0.0,False,0
C1_2,refine,512,1,64,it0181,0.44570642709732056,0.4553338885307312,0.0975609756097561,False,0
C1_2,refine,512,1,64,it0182,0.5408629179000854,0.4320012331008911,0.12,False,0
C1_2,refine,512,1,64,it0183,0.5959954857826233,0.4695536494255066,0.0,False,0
C1_2,refine,512,1,64,it0184,0.2148662507534027,0.24864718317985535,0.26666666666666666,False,0
C1_2,refine,512,1,64,it0185,0.34949493408203125,0.2947680354118347,0.22580645161290322,False,0
C1_2,refine,512,1,64,it0186,0.5016863942146301,0.4720700979232788,0.20833333333333334,False,0
C1_2,refine,512,1,64,it0187,0.3450278639793396,0.3306518793106079,0.125,False,0
C1_2,refine,512,1,64,it0188,0.5079824924468994,0.3442705273628235,0.05555555555555555,False,0
C1_2,refine,512,1,64,it0189,0.3833726644515991,0.2930402159690857,0.4,False,0
C1_2,refine,512,1,64,it0190,0.5439466238021851,0.5356237292289734,0.125,False,0
C1_2,refine,512,1,64,it0191,0.3675585687160492,0.22476887702941895,0.04,False,0
C1_2,refine,512,1,64,it0192,0.3991706967353821,0.4378931224346161,0.25925925925925924,False,0
C1_2,refine,512,1,64,it0193,0.45142731070518494,0.25870978832244873,0.3125,False,0
C1_2,refine,512,1,64,it0194,0.5764162540435791,0.6859794855117798,0.047619047619047616,False,0
C1_2,refine,512,1,64,it0195,0.4853450059890747,0.4460780918598175,0.3076923076923077,False,0
C1_2,refine,512,1,64,it0196,0.47803524136543274,0.23018166422843933,0.35714285714285715,False,0
C1_2,refine,512,1,64,it0197,0.37033557891845703,0.34783685207366943,0.09090909090909091,False,0
C1_2,refine,512,1,64,it0198,0.24568194150924683,0.17325031757354736,0.1875,False,0
C1_2,refine,512,1,64,it0199,0.4261387288570404,0.39906853437423706,0.0,False,0
