run,arm,nfe,K,T,item,ecapa,wavlm,wer,degenerate,pick
C2_0,search,128,2,8,it0000,0.5304500460624695,0.4802790880203247,0.06521739130434782,False,1
C2_0,search,128,2,8,it0001,0.3680625557899475,0.34584498405456543,0.16666666666666666,False,1
C2_0,search,128,2,8,it0002,0.38595202565193176,0.43663617968559265,0.26666666666666666,False,1
C2_0,search,128,2,8,it0003,0.4345089793205261,0.2248750627040863,0.06666666666666667,False,0
C2_0,search,128,2,8,it0004,0.4455893337726593,0.2676122486591339,0.4375,False,1
C2_0,search,128,2,8,it0005,0.3998945355415344,0.41729602217674255,0.25925925925925924,False,1
C2_0,search,128,2,8,it0006,0.31410616636276245,0.39543166756629944,0.2777777777777778,False,0
C2_0,search,128,2,8,it0007,0.1933111697435379,0.36960697174072266,0.25,False,0
C2_0,search,128,2,8,it0008,0.31725093722343445,0.22886335849761963,0.47619047619047616,False,1
C2_0,search,128,2,8,it0009,0.6121670007705688,0.5444124937057495,0.14814814814814814,False,0
C2_0,search,128,2,8,it0010,0.5659219622612,0.5024598836898804,0.3333333333333333,False,0
C2_0,search,128,2,8,it0011,0.5430809259414673,0.43105950951576233,0.0,False,1
C2_0,search,128,2,8,it0012,0.5318530797958374,0.29904845356941223,0.6206896551724138,False,1
C2_0,search,128,2,8,it0013,0.538550615310669,0.5557242631912231,0.1111111111111111,False,1
C2_0,search,128,2,8,it0014,0.426486611366272,0.4805660545825958,0.2,False,0
C2_0,search,128,2,8,it0015,0.3570551872253418,0.465468168258667,0.11764705882352941,False,1
C2_0,search,128,2,8,it0016,0.5188102722167969,0.46318814158439636,0.20588235294117646,False,1
C2_0,search,128,2,8,it0017,0.5259274840354919,0.37394943833351135,0.2,False,0
C2_0,search,128,2,8,it0018,0.4176865518093109,0.2838994860649109,0.058823529411764705,False,0
C2_0,search,128,2,8,it0019,0.5870881080627441,0.4879513084888458,0.43478260869565216,False,0
C2_0,search,128,2,8,it0020,0.2771056294441223,0.1996719390153885,0.5384615384615384,False,0
C2_0,search,128,2,8,it0021,0.3776504695415497,0.3766290545463562,0.24242424242424243,False,1
C2_0,search,128,2,8,it0022,0.5088578462600708,0.4693884551525116,0.575,False,0
C2_0,search,128,2,8,it0023,0.6093931198120117,0.5469596982002258,0.3888888888888889,False,0
C2_0,search,128,2,8,it0024,0.5598928928375244,0.4803306460380554,0.07142857142857142,False,1
C2_0,search,128,2,8,it0025,0.5426149964332581,0.49940720200538635,0.55,False,0
C2_0,search,128,2,8,it0026,0.1533089131116867,0.1614837944507599,0.125,False,1
C2_0,search,128,2,8,it0027,0.7495444416999817,0.6574609279632568,0.125,False,1
C2_0,search,128,2,8,it0028,0.4917638897895813,0.5195491313934326,0.3333333333333333,False,0
C2_0,search,128,2,8,it0029,0.26145225763320923,0.2447386234998703,0.0,False,0
C2_0,search,128,2,8,it0030,0.5076648592948914,0.49191442131996155,0.24,False,1
C2_0,search,128,2,8,it0031,0.2796768546104431,0.22754956781864166,0.2777777777777778,False,0
C2_0,search,128,2,8,it0032,0.62275230884552,0.4765510559082031,0.5185185185185185,False,0
C2_0,search,128,2,8,it0033,0.4196745753288269,0.33433088660240173,0.15384615384615385,False,1
C2_0,search,128,2,8,it0034,0.45587214827537537,0.35345178842544556,0.3333333333333333,False,0
C2_0,search,128,2,8,it0035,0.3188878893852234,0.2831801772117615,0.5384615384615384,False,1
C2_0,search,128,2,8,it0036,0.6091313362121582,0.4679959714412689,0.3888888888888889,False,1
C2_0,search,128,2,8,it0037,0.5766392350196838,0.49531760811805725,0.4,False,1
C2_0,search,128,2,8,it0038,0.3177342414855957,0.24639253318309784,0.2972972972972973,False,1
C2_0,search,128,2,8,it0039,0.5253607034683228,0.4078197777271271,0.17073170731707318,False,1
C2_0,search,128,2,8,it0040,0.24714356660842896,0.1926625370979309,0.3333333333333333,False,1
C2_0,search,128,2,8,it0041,0.6355252265930176,0.30152639746665955,0.09090909090909091,False,0
C2_0,search,128,2,8,it0042,0.41456839442253113,0.3494987487792969,0.2962962962962963,False,0
C2_0,search,128,2,8,it0043,0.2943439781665802,0.21377795934677124,0.07692307692307693,False,0
C2_0,search,128,2,8,it0044,0.5228572487831116,0.6713119745254517,0.4,False,1
C2_0,search,128,2,8,it0045,0.22659200429916382,0.37726056575775146,0.06666666666666667,False,1
C2_0,search,128,2,8,it0046,0.3620356619358063,0.28886449337005615,0.125,False,0
C2_0,search,128,2,8,it0047,0.2356865108013153,0.28034502267837524,0.65,False,0
C2_0,search,128,2,8,it0048,0.39877501130104065,0.4578589200973511,0.25,False,1
C2_0,search,128,2,8,it0049,0.4152456223964691,0.5511529445648193,0.3181818181818182,False,0
C2_0,search,128,2,8,it0050,0.26737797260284424,0.05474057048559189,0.6818181818181818,False,0
C2_0,search,128,2,8,it0051,0.19152361154556274,0.4927305281162262,0.20689655172413793,False,1
C2_0,search,128,2,8,it0052,0.32042810320854187,0.3498939275741577,0.13333333333333333,False,1
C2_0,search,128,2,8,it0053,0.26109200716018677,0.17698036134243011,0.40540540540540543,False,1
C2_0,search,128,2,8,it0054,0.36235421895980835,0.2603740990161896,0.125,False,0
C2_0,search,128,2,8,it0055,0.5432246327400208,0.43327566981315613,0.19230769230769232,False,1
C2_0,search,128,2,8,it0056,0.5521838068962097,0.32012227177619934,0.25,False,1
C2_0,search,128,2,8,it0057,0.5142470002174377,0.32133036851882935,0.4117647058823529,False,0
C2_0,search,128,2,8,it0058,0.382124662399292,0.40782245993614197,0.25,False,1
C2_0,search,128,2,8,it0059,0.4997465908527374,0.5570299029350281,0.17857142857142858,False,1
C2_0,search,128,2,8,it0060,0.40033993124961853,0.3368682861328125,0.11764705882352941,False,0
C2_0,search,128,2,8,it0061,0.5627293586730957,0.608221173286438,0.02857142857142857,False,1
C2_0,search,128,2,8,it0062,0.6485154628753662,0.5813585519790649,0.047619047619047616,False,0
C2_0,search,128,2,8,it0063,0.44046151638031006,0.35345959663391113,0.1724137931034483,False,1
C2_0,search,128,2,8,it0064,0.328878790140152,0.3231801986694336,0.1111111111111111,False,1
C2_0,search,128,2,8,it0065,0.5693373680114746,0.587704598903656,0.38461538461538464,False,1
C2_0,search,128,2,8,it0066,0.17098982632160187,0.20579636096954346,0.23809523809523808,False,0
C2_0,search,128,2,8,it0067,0.2487911880016327,0.16954028606414795,0.1111111111111111,False,1
C2_0,search,128,2,8,it0068,0.6284059882164001,0.5139342546463013,0.20512820512820512,False,0
C2_0,search,128,2,8,it0069,0.2959212064743042,0.31938666105270386,0.18181818181818182,False,1
C2_0,search,128,2,8,it0070,0.5525628924369812,0.5153943300247192,0.06666666666666667,False,1
C2_0,search,128,2,8,it0071,0.5150392055511475,0.484000027179718,0.2857142857142857,False,0
C2_0,search,128,2,8,it0072,0.4442422389984131,0.45206618309020996,0.13636363636363635,False,0
C2_0,search,128,2,8,it0073,0.23660627007484436,0.2435196489095688,0.7586206896551724,False,0
C2_0,search,128,2,8,it0074,0.25991764664649963,0.37713971734046936,0.13333333333333333,False,1
C2_0,search,128,2,8,it0075,0.3160840570926666,0.3464384973049164,0.17391304347826086,False,1
C2_0,search,128,2,8,it0076,0.5871514678001404,0.2821950912475586,0.17391304347826086,False,0
C2_0,search,128,2,8,it0077,0.47417518496513367,0.5077891945838928,0.5,False,0
C2_0,search,128,2,8,it0078,0.32828831672668457,0.3113706707954407,0.38095238095238093,False,1
C2_0,search,128,2,8,it0079,0.5975091457366943,0.5574487447738647,0.16666666666666666,False,0
C2_0,search,128,2,8,it0080,0.37221449613571167,0.23814280331134796,0.2682926829268293,False,0
C2_0,search,128,2,8,it0081,0.3025073707103729,0.2876052260398865,0.10714285714285714,False,1
C2_0,search,128,2,8,it0082,0.410150945186615,0.4087539315223694,0.058823529411764705,False,0
C2_0,search,128,2,8,it0083,0.4207765460014343,0.35110917687416077,0.11764705882352941,False,0
C2_0,search,128,2,8,it0084,0.6204453706741333,0.5071920156478882,0.1111111111111111,False,1
C2_0,search,128,2,8,it0085,0.5758926868438721,0.4753323197364807,0.0,False,1
C2_0,search,128,2,8,it0086,0.5124572515487671,0.5331866145133972,0.35294117647058826,False,0
C2_0,search,128,2,8,it0087,0.5301379561424255,0.4076390266418457,0.1875,False,0
C2_0,search,128,2,8,it0088,0.35497239232063293,0.39373070001602173,0.19047619047619047,False,0
C2_0,search,128,2,8,it0089,0.41460999846458435,0.3211993873119354,0.0,False,1
C2_0,search,128,2,8,it0090,0.5299884080886841,0.550859808921814,0.0,False,1
C2_0,search,128,2,8,it0091,0.4654327630996704,0.46011802554130554,0.0967741935483871,False,0
C2_0,search,128,2,8,it0092,0.4154031276702881,0.45221343636512756,0.11428571428571428,False,0
C2_0,search,128,2,8,it0093,0.4527652859687805,0.33642613887786865,0.10526315789473684,False,0
C2_0,search,128,2,8,it0094,0.46436452865600586,0.4928992688655853,0.46153846153846156,False,1
C2_0,search,128,2,8,it0095,0.4755634665489197,0.49362748861312866,0.2857142857142857,False,0
C2_0,search,128,2,8,it0096,0.4714736342430115,0.3933943510055542,0.6363636363636364,False,1
C2_0,search,128,2,8,it0097,0.6248363256454468,0.603162407875061,0.2,False,1
C2_0,search,128,2,8,it0098,0.48441505432128906,0.4029514789581299,0.25925925925925924,False,0
C2_0,search,128,2,8,it0099,0.3457801043987274,0.30468103289604187,0.30434782608695654,False,1
C2_0,search,128,2,8,it0100,0.6561539769172668,0.5339604616165161,0.0,False,1
C2_0,search,128,2,8,it0101,0.19146206974983215,0.18900516629219055,0.21052631578947367,False,1
C2_0,search,128,2,8,it0102,0.39389127492904663,0.4524891972541809,0.0,False,0
C2_0,search,128,2,8,it0103,0.3484373390674591,0.34538328647613525,0.36363636363636365,False,0
C2_0,search,128,2,8,it0104,0.5533240437507629,0.5469674468040466,0.125,False,1
C2_0,search,128,2,8,it0105,0.3656465411186218,0.5667480230331421,0.2571428571428571,False,1
C2_0,search,128,2,8,it0106,0.32149505615234375,0.3018958568572998,0.25,False,0
C2_0,search,128,2,8,it0107,0.5986983776092529,0.5034885406494141,0.2608695652173913,False,0
C2_0,search,128,2,8,it0108,0.42473840713500977,0.44990846514701843,0.0625,False,0
C2_0,search,128,2,8,it0109,0.3788711130619049,0.351296067237854,0.10526315789473684,False,1
C2_0,search,128,2,8,it0110,0.20944491028785706,0.3733794689178467,0.5,False,1
C2_0,search,128,2,8,it0111,0.34574711322784424,0.15684974193572998,0.5454545454545454,False,0
C2_0,search,128,2,8,it0112,0.6560826897621155,0.5414013266563416,0.1590909090909091,False,0
C2_0,search,128,2,8,it0113,0.549498975276947,0.37033140659332275,0.20454545454545456,False,1
C2_0,search,128,2,8,it0114,0.4462393522262573,0.4113640785217285,0.2777777777777778,False,0
C2_0,search,128,2,8,it0115,0.2808724045753479,0.18526801466941833,0.0,False,0
C2_0,search,128,2,8,it0116,0.45366039872169495,0.32373854517936707,0.47058823529411764,False,0
C2_0,search,128,2,8,it0117,0.49070578813552856,0.5037734508514404,0.029411764705882353,False,0
C2_0,search,128,2,8,it0118,0.548957347869873,0.5133475065231323,0.36538461538461536,False,0
C2_0,search,128,2,8,it0119,0.5678403973579407,0.5452401638031006,0.14285714285714285,False,1
C2_0,search,128,2,8,it0120,0.6099073886871338,0.5082054138183594,0.06666666666666667,False,0
C2_0,search,128,2,8,it0121,0.5598350763320923,0.4589489996433258,0.3,False,1
C2_0,search,128,2,8,it0122,0.27929168939590454,0.38741233944892883,0.18181818181818182,False,1
C2_0,search,128,2,8,it0123,0.35526803135871887,0.42148125171661377,0.058823529411764705,False,0
C2_0,search,128,2,8,it0124,0.596347987651825,0.4165073037147522,0.24242424242424243,False,1
C2_0,search,128,2,8,it0125,0.5546302795410156,0.43921029567718506,0.1794871794871795,False,1
C2_0,search,128,2,8,it0126,0.4507463574409485,0.38488051295280457,0.25,False,1
C2_0,search,128,2,8,it0127,0.3525713086128235,0.4345408082008362,0.17647058823529413,False,0
C2_0,search,128,2,8,it0128,0.271632581949234,0.323278546333313,0.15,False,1
C2_0,search,128,2,8,it0129,0.22708335518836975,0.24513326585292816,0.11764705882352941,False,1
C2_0,search,128,2,8,it0130,0.32198211550712585,0.3826061189174652,0.1,False,0
C2_0,search,128,2,8,it0131,0.3353980481624603,0.3755307197570801,0.1935483870967742,False,0
C2_0,search,128,2,8,it0132,0.2727836072444916,0.30547869205474854,0.0,False,1
C2_0,search,128,2,8,it0133,0.5433711409568787,0.5940647721290588,0.03571428571428571,False,0
C2_0,search,128,2,8,it0134,0.40120264887809753,0.2554192543029785,0.13157894736842105,False,0
C2_0,search,128,2,8,it0135,0.42544227838516235,0.4071982800960541,0.28205128205128205,False,0
C2_0,search,128,2,8,it0136,0.47355830669403076,0.4773746728897095,0.35,False,0
C2_0,search,128,2,8,it0137,0.5079256296157837,0.44574806094169617,0.16666666666666666,False,0
C2_0,search,128,2,8,it0138,0.5417243838310242,0.5621045827865601,0.6111111111111112,False,1
C2_0,search,128,2,8,it0139,0.5859745144844055,0.48293542861938477,0.1111111111111111,False,1
C2_0,search,128,2,8,it0140,0.37549731135368347,0.3738865852355957,0.4166666666666667,False,0
C2_0,search,128,2,8,it0141,0.6735285520553589,0.626125693321228,0.4,False,1
C2_0,search,128,2,8,it0142,0.24282221496105194,0.20023421943187714,0.12,False,1
C2_0,search,128,2,8,it0143,0.31431257724761963,0.486055463552475,0.1875,False,0
C2_0,search,128,2,8,it0144,0.4708627462387085,0.3745664358139038,0.03571428571428571,False,0
C2_0,search,128,2,8,it0145,0.5583584308624268,0.5549026727676392,0.15,False,0
C2_0,search,128,2,8,it0146,0.4537489712238312,0.43161365389823914,0.0,False,1
C2_0,search,128,2,8,it0147,0.5465750098228455,0.3950330317020416,0.043478260869565216,False,1
C2_0,search,128,2,8,it0148,0.11367742717266083,0.12561197578907013,0.14285714285714285,False,1
C2_0,search,128,2,8,it0149,0.5034579634666443,0.4967493414878845,0.35714285714285715,False,0
C2_0,search,128,2,8,it0150,0.3899010419845581,0.39432069659233093,0.23076923076923078,False,1
C2_0,search,128,2,8,it0151,0.5602608919143677,0.5107523202896118,0.11764705882352941,False,1
C2_0,search,128,2,8,it0152,0.6107277274131775,0.4510573744773865,0.0,False,0
C2_0,search,128,2,8,it0153,0.33590811491012573,0.42398351430892944,0.7380952380952381,False,1
C2_0,search,128,2,8,it0154,0.2793438732624054,0.17114610970020294,0.3684210526315789,False,1
C2_0,search,128,2,8,it0155,0.31473323702812195,0.14916083216667175,0.14285714285714285,False,1
C2_0,search,128,2,8,it0156,0.4599186182022095,0.3430882692337036,0.047619047619047616,False,0
C2_0,search,128,2,8,it0157,0.5026392936706543,0.4765523076057434,0.046511627906976744,False,0
C2_0,search,128,2,8,it0158,0.3263055682182312,0.29686325788497925,0.21052631578947367,False,1
C2_0,search,128,2,8,it0159,0.38060593605041504,0.27077025175094604,0.21428571428571427,False,0
C2_0,search,128,2,8,it0160,0.5601189732551575,0.4222135543823242,0.41935483870967744,False,0
C2_0,search,128,2,8,it0161,0.3664747178554535,0.28008022904396057,0.20689655172413793,False,1
C2_0,search,128,2,8,it0162,0.13746854662895203,0.3078190088272095,0.4444444444444444,False,1
C2_0,search,128,2,8,it0163,0.4997575283050537,0.3395286798477173,0.0,False,0
C2_0,search,128,2,8,it0164,0.5358322858810425,0.37030255794525146,0.3870967741935484,False,0
C2_0,search,128,2,8,it0165,0.4836576282978058,0.35264623165130615,0.09090909090909091,False,1
C2_0,search,128,2,8,it0166,0.5166210532188416,0.3985224962234497,0.08333333333333333,False,0
C2_0,search,128,2,8,it0167,0.5224334001541138,0.44271010160446167,0.2631578947368421,False,1
C2_0,search,128,2,8,it0168,0.27897852659225464,0.19723941385746002,0.2,False,1
C2_0,search,128,2,8,it0169,0.3866975009441376,0.42123138904571533,0.25,False,0
C2_0,search,128,2,8,it0170,0.3794260621070862,0.37718719244003296,0.17647058823529413,False,1
C2_0,search,128,2,8,it0171,0.6509594321250916,0.6256583333015442,0.2857142857142857,False,0
C2_0,search,128,2,8,it0172,0.2655041515827179,0.32348328828811646,0.08,False,0
C2_0,search,128,2,8,it0173,0.690995991230011,0.6084510087966919,0.16666666666666666,False,0
C2_0,search,128,2,8,it0174,0.556322455406189,0.41696247458457947,0.375,False,0
C2_0,search,128,2,8,it0175,0.27973371744155884,0.35230952501296997,0.2,False,1
C2_0,search,128,2,8,it0176,0.3994138538837433,0.3197156488895416,0.1111111111111111,False,1
C2_0,search,128,2,8,it0177,0.31901460886001587,0.3581787049770355,0.05263157894736842,False,1
C2_0,search,128,2,8,it0178,0.3969389796257019,0.13062487542629242,0.9411764705882353,False,1
C2_0,search,128,2,8,it0179,0.6451796889305115,0.6256409287452698,0.22580645161290322,False,0
C2_0,search,128,2,8,it0180,0.29972976446151733,0.41031599044799805,0.14285714285714285,False,0
C2_0,search,128,2,8,it0181,0.4975372552871704,0.5849598050117493,0.12195121951219512,False,1
C2_0,search,128,2,8,it0182,0.45249179005622864,0.39752066135406494,0.28,False,0
C2_0,search,128,2,8,it0183,0.6473369598388672,0.5266297459602356,0.24,False,1
C2_0,search,128,2,8,it0184,0.29411789774894714,0.25088581442832947,0.26666666666666666,False,1
C2_0,search,128,2,8,it0185,0.45291563868522644,0.46997106075286865,0.3870967741935484,False,1
C2_0,search,128,2,8,it0186,0.6131796836853027,0.5140172243118286,0.375,False,0
C2_0,search,128,2,8,it0187,0.539804220199585,0.4319603145122528,0.25,False,1
C2_0,search,128,2,8,it0188,0.5127048492431641,0.32327699661254883,0.2222222222222222,False,1
C2_0,search,128,2,8,it0189,0.3975197374820709,0.28620779514312744,0.1,False,1
C2_0,search,128,2,8,it0190,0.5788319110870361,0.5400113463401794,0.1875,False,1
C2_0,search,128,2,8,it0191,0.3659980595111847,0.33550670742988586,0.24,False,0
C2_0,search,128,2,8,it0192,0.567549467086792,0.5683392286300659,0.25925925925925924,False,0
C2_0,search,128,2,8,it0193,0.4776100516319275,0.2906452715396881,0.3125,False,0
C2_0,search,128,2,8,it0194,0.5955142378807068,0.6203089356422424,0.09523809523809523,False,0
C2_0,search,128,2,8,it0195,0.5950747132301331,0.5103500485420227,0.4230769230769231,False,1
C2_0,search,128,2,8,it0196,0.5075876116752625,0.3570740520954132,0.07142857142857142,False,1
C2_0,search,128,2,8,it0197,0.3998323082923889,0.3429018557071686,0.18181818181818182,False,1
C2_0,search,128,2,8,it0198,0.2553625702857971,0.24614746868610382,0.125,False,1
C2_0,search,128,2,8,it0199,0.4475550055503845,0.49270108342170715,0.29411764705882354,False,0
C2_0,search,256,4,8,it0000,0.5304500460624695,0.4802790880203247,0.06521739130434782,False,1
C2_0,search,256,4,8,it0001,0.3680625557899475,0.34584498405456543,0.16666666666666666,False,1
C2_0,search,256,4,8,it0002,0.38595202565193176,0.43663617968559265,0.26666666666666666,False,1
C2_0,search,256,4,8,it0003,0.47534361481666565,0.27625811100006104,0.6,False,2
C2_0,search,256,4,8,it0004,0.42747488617897034,0.26923668384552,0.5,False,2
C2_0,search,256,4,8,it0005,0.4396379590034485,0.4219324588775635,0.07407407407407407,False,3
C2_0,search,256,4,8,it0006,0.31410616636276245,0.39543166756629944,0.2777777777777778,False,0
C2_0,search,256,4,8,it0007,0.1933111697435379,0.36960697174072266,0.25,False,0
C2_0,search,256,4,8,it0008,0.31725093722343445,0.22886335849761963,0.47619047619047616,False,1
C2_0,search,256,4,8,it0009,0.516686201095581,0.5553804636001587,0.14814814814814814,False,2
C2_0,search,256,4,8,it0010,0.6217173337936401,0.6288220882415771,0.2222222222222222,False,3
C2_0,search,256,4,8,it0011,0.5430809259414673,0.43105950951576233,0.0,False,1
C2_0,search,256,4,8,it0012,0.5737286806106567,0.4630581736564636,0.6551724137931034,False,3
C2_0,search,256,4,8,it0013,0.538550615310669,0.5557242631912231,0.1111111111111111,False,1
C2_0,search,256,4,8,it0014,0.426486611366272,0.4805660545825958,0.2,False,0
C2_0,search,256,4,8,it0015,0.3570551872253418,0.465468168258667,0.11764705882352941,False,1
C2_0,search,256,4,8,it0016,0.5188102722167969,0.46318814158439636,0.20588235294117646,False,1
C2_0,search,256,4,8,it0017,0.5259274840354919,0.37394943833351135,0.2,False,0
C2_0,search,256,4,8,it0018,0.4176865518093109,0.2838994860649109,0.058823529411764705,False,0
C2_0,search,256,4,8,it0019,0.5870881080627441,0.4879513084888458,0.43478260869565216,False,0
C2_0,search,256,4,8,it0020,0.2771056294441223,0.1996719390153885,0.5384615384615384,False,0
C2_0,search,256,4,8,it0021,0.47395059466362,0.44596150517463684,0.12121212121212122,False,3
C2_0,search,256,4,8,it0022,0.5088578462600708,0.4693884551525116,0.575,False,0
C2_0,search,256,4,8,it0023,0.6093931198120117,0.5469596982002258,0.3888888888888889,False,0
C2_0,search,256,4,8,it0024,0.5598928928375244,0.4803306460380554,0.07142857142857142,False,1
C2_0,search,256,4,8,it0025,0.5426149964332581,0.49940720200538635,0.55,False,0
C2_0,search,256,4,8,it0026,0.3014557659626007,0.3211407959461212,0.0625,False,3
C2_0,search,256,4,8,it0027,0.7495444416999817,0.6574609279632568,0.125,False,1
C2_0,search,256,4,8,it0028,0.5288437604904175,0.59577876329422,0.21428571428571427,False,2
C2_0,search,256,4,8,it0029,0.41543883085250854,0.30728068947792053,0.0,False,2
C2_0,search,256,4,8,it0030,0.5076648592948914,0.49191442131996155,0.24,False,1
C2_0,search,256,4,8,it0031,0.2796768546104431,0.22754956781864166,0.2777777777777778,False,0
C2_0,search,256,4,8,it0032,0.6150187253952026,0.5001062154769897,0.4444444444444444,False,2
C2_0,search,256,4,8,it0033,0.4196745753288269,0.33433088660240173,0.15384615384615385,False,1
C2_0,search,256,4,8,it0034,0.452834814786911,0.4890601336956024,0.16666666666666666,False,2
C2_0,search,256,4,8,it0035,0.3188878893852234,0.2831801772117615,0.5384615384615384,False,1
C2_0,search,256,4,8,it0036,0.6174024939537048,0.5464879274368286,0.1111111111111111,False,3
C2_0,search,256,4,8,it0037,0.5766392350196838,0.49531760811805725,0.4,False,1
C2_0,search,256,4,8,it0038,0.3177342414855957,0.24639253318309784,0.2972972972972973,False,1
C2_0,search,256,4,8,it0039,0.5506084561347961,0.4769759774208069,0.21951219512195122,False,2
C2_0,search,256,4,8,it0040,0.34541088342666626,0.26788124442100525,0.4,False,2
C2_0,search,256,4,8,it0041,0.6463121175765991,0.39557772874832153,0.13636363636363635,False,2
C2_0,search,256,4,8,it0042,0.4286246597766876,0.47127118706703186,0.4074074074074074,False,3
C2_0,search,256,4,8,it0043,0.2943439781665802,0.21377795934677124,0.07692307692307693,False,0
C2_0,search,256,4,8,it0044,0.5228572487831116,0.6713119745254517,0.4,False,1
C2_0,search,256,4,8,it0045,0.2514379620552063,0.4090253412723541,0.13333333333333333,False,3
C2_0,search,256,4,8,it0046,0.3620356619358063,0.28886449337005615,0.125,False,0
C2_0,search,256,4,8,it0047,0.3316541612148285,0.32264870405197144,0.55,False,3
C2_0,search,256,4,8,it0048,0.39877501130104065,0.4578589200973511,0.25,False,1
C2_0,search,256,4,8,it0049,0.4152456223964691,0.5511529445648193,0.3181818181818182,False,0
C2_0,search,256,4,8,it0050,0.21750496327877045,0.08461251854896545,0.13636363636363635,False,2
C2_0,search,256,4,8,it0051,0.19152361154556274,0.4927305281162262,0.20689655172413793,False,1
C2_0,search,256,4,8,it0052,0.34566643834114075,0.34993818402290344,0.0,False,3
C2_0,search,256,4,8,it0053,0.1742268055677414,0.22323040664196014,0.2972972972972973,False,2
C2_0,search,256,4,8,it0054,0.36235421895980835,0.2603740990161896,0.125,False,0
C2_0,search,256,4,8,it0055,0.4500633478164673,0.505821168422699,0.3076923076923077,False,3
C2_0,search,256,4,8,it0056,0.5521838068962097,0.32012227177619934,0.25,False,1
C2_0,search,256,4,8,it0057,0.5142470002174377,0.32133036851882935,0.4117647058823529,False,0
C2_0,search,256,4,8,it0058,0.382124662399292,0.40782245993614197,0.25,False,1
C2_0,search,256,4,8,it0059,0.4997465908527374,0.5570299029350281,0.17857142857142858,False,1
C2_0,search,256,4,8,it0060,0.41328001022338867,0.39848417043685913,0.11764705882352941,False,2
C2_0,search,256,4,8,it0061,0.5627293586730957,0.608221173286438,0.02857142857142857,False,1
C2_0,search,256,4,8,it0062,0.6485154628753662,0.5813585519790649,0.047619047619047616,False,0
C2_0,search,256,4,8,it0063,0.44046151638031006,0.35345959663391113,0.1724137931034483,False,1
C2_0,search,256,4,8,it0064,0.3600230813026428,0.3468306064605713,0.5,False,3
C2_0,search,256,4,8,it0065,0.5854904651641846,0.6307960748672485,0.20512820512820512,False,2
C2_0,search,256,4,8,it0066,0.2872058153152466,0.22990629076957703,0.3333333333333333,False,2
C2_0,search,256,4,8,it0067,0.28278660774230957,0.24910525977611542,0.8888888888888888,False,2
C2_0,search,256,4,8,it0068,0.6857539415359497,0.5814094543457031,0.0,False,3
C2_0,search,256,4,8,it0069,0.40581008791923523,0.3614186942577362,0.13636363636363635,False,3
C2_0,search,256,4,8,it0070,0.5525628924369812,0.5153943300247192,0.06666666666666667,False,1
C2_0,search,256,4,8,it0071,0.5150392055511475,0.484000027179718,0.2857142857142857,False,0
C2_0,search,256,4,8,it0072,0.5260304808616638,0.472057580947876,0.13636363636363635,False,2
C2_0,search,256,4,8,it0073,0.23660627007484436,0.2435196489095688,0.7586206896551724,False,0
C2_0,search,256,4,8,it0074,0.25991764664649963,0.37713971734046936,0.13333333333333333,False,1
C2_0,search,256,4,8,it0075,0.3818075954914093,0.4193817973136902,0.17391304347826086,False,3
C2_0,search,256,4,8,it0076,0.6077522039413452,0.32799431681632996,0.782608695652174,True,3
C2_0,search,256,4,8,it0077,0.5257251262664795,0.5656176805496216,0.4166666666666667,False,2
C2_0,search,256,4,8,it0078,0.32828831672668457,0.3113706707954407,0.38095238095238093,False,1
C2_0,search,256,4,8,it0079,0.5386561155319214,0.5638601779937744,0.08333333333333333,False,2
C2_0,search,256,4,8,it0080,0.37221449613571167,0.23814280331134796,0.2682926829268293,False,0
C2_0,search,256,4,8,it0081,0.44496241211891174,0.30382370948791504,0.2857142857142857,False,3
C2_0,search,256,4,8,it0082,0.4260393977165222,0.4245787560939789,0.11764705882352941,False,2
C2_0,search,256,4,8,it0083,0.4973803162574768,0.41694530844688416,0.08823529411764706,False,3
C2_0,search,256,4,8,it0084,0.6204453706741333,0.5071920156478882,0.1111111111111111,False,1
C2_0,search,256,4,8,it0085,0.5758926868438721,0.4753323197364807,0.0,False,1
C2_0,search,256,4,8,it0086,0.6974536180496216,0.6424834728240967,0.47058823529411764,False,3
C2_0,search,256,4,8,it0087,0.46522921323776245,0.65305495262146,0.1875,False,3
C2_0,search,256,4,8,it0088,0.4119480848312378,0.4258878827095032,0.19047619047619047,False,3
C2_0,search,256,4,8,it0089,0.41460999846458435,0.3211993873119354,0.0,False,1
C2_0,search,256,4,8,it0090,0.5299884080886841,0.550859808921814,0.0,False,1
C2_0,search,256,4,8,it0091,0.5735288262367249,0.5076372027397156,0.25806451612903225,False,2
C2_0,search,256,4,8,it0092,0.4154031276702881,0.45221343636512756,0.11428571428571428,False,0
C2_0,search,256,4,8,it0093,0.4896230697631836,0.40693557262420654,0.15789473684210525,False,3
C2_0,search,256,4,8,it0094,0.46436452865600586,0.4928992688655853,0.46153846153846156,False,1
C2_0,search,256,4,8,it0095,0.5281776785850525,0.49589213728904724,0.38095238095238093,False,2
C2_0,search,256,4,8,it0096,0.4837965965270996,0.4190373420715332,0.4090909090909091,False,3
C2_0,search,256,4,8,it0097,0.6353594660758972,0.6582311987876892,0.15,False,3
C2_0,search,256,4,8,it0098,0.5078065991401672,0.43607085943222046,0.4074074074074074,False,3
C2_0,search,256,4,8,it0099,0.3457801043987274,0.30468103289604187,0.30434782608695654,False,1
C2_0,search,256,4,8,it0100,0.514059841632843,0.5779464840888977,0.07692307692307693,False,3
C2_0,search,256,4,8,it0101,0.19146206974983215,0.18900516629219055,0.21052631578947367,False,1
C2_0,search,256,4,8,it0102,0.39389127492904663,0.4524891972541809,0.0,False,0
C2_0,search,256,4,8,it0103,0.26871952414512634,0.4171575903892517,0.2727272727272727,False,2
C2_0,search,256,4,8,it0104,0.5533240437507629,0.5469674468040466,0.125,False,1
C2_0,search,256,4,8,it0105,0.4906153380870819,0.616774320602417,0.14285714285714285,False,3
C2_0,search,256,4,8,it0106,0.3942042589187622,0.4277876615524292,0.25,False,3
C2_0,search,256,4,8,it0107,0.546333372592926,0.5110291838645935,0.391304347826087,False,3
C2_0,search,256,4,8,it0108,0.42473840713500977,0.44990846514701843,0.0625,False,0
C2_0,search,256,4,8,it0109,0.5092786550521851,0.4554740786552429,0.05263157894736842,False,3
C2_0,search,256,4,8,it0110,0.20944491028785706,0.3733794689178467,0.5,False,1
C2_0,search,256,4,8,it0111,0.34937784075737,0.29054129123687744,0.45454545454545453,False,3
C2_0,search,256,4,8,it0112,0.6639053821563721,0.5739863514900208,0.1590909090909091,False,3
C2_0,search,256,4,8,it0113,0.5448353886604309,0.4812667667865753,0.11363636363636363,False,2
C2_0,search,256,4,8,it0114,0.4462393522262573,0.4113640785217285,0.2777777777777778,False,0
C2_0,search,256,4,8,it0115,0.3846188187599182,0.2578834593296051,0.0,False,2
C2_0,search,256,4,8,it0116,0.5115866661071777,0.42669981718063354,0.5294117647058824,False,2
C2_0,search,256,4,8,it0117,0.5413368940353394,0.6061862707138062,0.20588235294117646,False,2
C2_0,search,256,4,8,it0118,0.548957347869873,0.5133475065231323,0.36538461538461536,False,0
C2_0,search,256,4,8,it0119,0.5678403973579407,0.5452401638031006,0.14285714285714285,False,1
C2_0,search,256,4,8,it0120,0.6099073886871338,0.5082054138183594,0.06666666666666667,False,0
C2_0,search,256,4,8,it0121,0.5598350763320923,0.4589489996433258,0.3,False,1
C2_0,search,256,4,8,it0122,0.27929168939590454,0.38741233944892883,0.18181818181818182,False,1
C2_0,search,256,4,8,it0123,0.2144068032503128,0.5039085149765015,0.29411764705882354,False,2
C2_0,search,256,4,8,it0124,0.5863932967185974,0.4531884491443634,0.09090909090909091,False,2
C2_0,search,256,4,8,it0125,0.4655330181121826,0.4421451985836029,0.07692307692307693,False,3
C2_0,search,256,4,8,it0126,0.5131496787071228,0.4408157467842102,0.25,False,2
C2_0,search,256,4,8,it0127,0.3525713086128235,0.4345408082008362,0.17647058823529413,False,0
C2_0,search,256,4,8,it0128,0.3862234354019165,0.3726561367511749,0.3,False,2
C2_0,search,256,4,8,it0129,0.16474945843219757,0.24844872951507568,0.17647058823529413,False,2
C2_0,search,256,4,8,it0130,0.32198211550712585,0.3826061189174652,0.1,False,0
C2_0,search,256,4,8,it0131,0.3353980481624603,0.3755307197570801,0.1935483870967742,False,0
C2_0,search,256,4,8,it0132,0.2727836072444916,0.30547869205474854,0.0,False,1
C2_0,search,256,4,8,it0133,0.5433711409568787,0.5940647721290588,0.03571428571428571,False,0
C2_0,search,256,4,8,it0134,0.4421314299106598,0.34323737025260925,0.21052631578947367,False,2
C2_0,search,256,4,8,it0135,0.42544227838516235,0.4071982800960541,0.28205128205128205,False,0
C2_0,search,256,4,8,it0136,0.47355830669403076,0.4773746728897095,0.35,False,0
C2_0,search,256,4,8,it0137,0.5079256296157837,0.44574806094169617,0.16666666666666666,False,0
C2_0,search,256,4,8,it0138,0.5417243838310242,0.5621045827865601,0.6111111111111112,False,1
C2_0,search,256,4,8,it0139,0.5859745144844055,0.48293542861938477,0.1111111111111111,False,1
C2_0,search,256,4,8,it0140,0.41188162565231323,0.48967424035072327,0.16666666666666666,False,2
C2_0,search,256,4,8,it0141,0.6735285520553589,0.626125693321228,0.4,False,1
C2_0,search,256,4,8,it0142,0.3745018243789673,0.2852522134780884,0.4,False,2
C2_0,search,256,4,8,it0143,0.31431257724761963,0.486055463552475,0.1875,False,0
C2_0,search,256,4,8,it0144,0.4708627462387085,0.3745664358139038,0.03571428571428571,False,0
C2_0,search,256,4,8,it0145,0.5583584308624268,0.5549026727676392,0.15,False,0
C2_0,search,256,4,8,it0146,0.5317603349685669,0.4510008990764618,0.05,False,3
C2_0,search,256,4,8,it0147,0.5465750098228455,0.3950330317020416,0.043478260869565216,False,1
C2_0,search,256,4,8,it0148,0.03161773458123207,0.24851474165916443,0.35714285714285715,False,2
C2_0,search,256,4,8,it0149,0.5034579634666443,0.4967493414878845,0.35714285714285715,False,0
C2_0,search,256,4,8,it0150,0.3899010419845581,0.39432069659233093,0.23076923076923078,False,1
C2_0,search,256,4,8,it0151,0.6312831044197083,0.5392197966575623,0.0,False,3
C2_0,search,256,4,8,it0152,0.6107277274131775,0.4510573744773865,0.0,False,0
C2_0,search,256,4,8,it0153,0.33590811491012573,0.42398351430892944,0.7380952380952381,False,1
C2_0,search,256,4,8,it0154,0.2791685461997986,0.26313987374305725,0.15789473684210525,False,3
C2_0,search,256,4,8,it0155,0.3191562294960022,0.26296892762184143,0.0,False,2
C2_0,search,256,4,8,it0156,0.4599186182022095,0.3430882692337036,0.047619047619047616,False,0
C2_0,search,256,4,8,it0157,0.5602705478668213,0.5271337628364563,0.11627906976744186,False,3
C2_0,search,256,4,8,it0158,0.4833616614341736,0.4388733506202698,0.21052631578947367,False,2
C2_0,search,256,4,8,it0159,0.38060593605041504,0.27077025175094604,0.21428571428571427,False,0
C2_0,search,256,4,8,it0160,0.5601189732551575,0.4222135543823242,0.41935483870967744,False,0
C2_0,search,256,4,8,it0161,0.3557566702365875,0.29524895548820496,0.3448275862068966,False,3
C2_0,search,256,4,8,it0162,0.13746854662895203,0.3078190088272095,0.4444444444444444,False,1
C2_0,search,256,4,8,it0163,0.5089770555496216,0.36911144852638245,0.058823529411764705,False,2
C2_0,search,256,4,8,it0164,0.5262974500656128,0.37036266922950745,0.3225806451612903,False,2
C2_0,search,256,4,8,it0165,0.4836576282978058,0.35264623165130615,0.09090909090909091,False,1
C2_0,search,256,4,8,it0166,0.5166210532188416,0.3985224962234497,0.08333333333333333,False,0
C2_0,search,256,4,8,it0167,0.40861931443214417,0.5599433183670044,0.10526315789473684,False,2
C2_0,search,256,4,8,it0168,0.2814168930053711,0.21398454904556274,0.3,False,2
C2_0,search,256,4,8,it0169,0.3866975009441376,0.42123138904571533,0.25,False,0
C2_0,search,256,4,8,it0170,0.41178619861602783,0.414301335811615,0.35294117647058826,False,2
C2_0,search,256,4,8,it0171,0.6509594321250916,0.6256583333015442,0.2857142857142857,False,0
C2_0,search,256,4,8,it0172,0.2655041515827179,0.32348328828811646,0.08,False,0
C2_0,search,256,4,8,it0173,0.690995991230011,0.6084510087966919,0.16666666666666666,False,0
C2_0,search,256,4,8,it0174,0.5314854383468628,0.4293270409107208,0.375,False,2
C2_0,search,256,4,8,it0175,0.27973371744155884,0.35230952501296997,0.2,False,1
C2_0,search,256,4,8,it0176,0.40571117401123047,0.38361918926239014,0.05555555555555555,False,3
C2_0,search,256,4,8,it0177,0.41533052921295166,0.4759101867675781,0.2631578947368421,False,2
C2_0,search,256,4,8,it0178,0.3083420991897583,0.19067499041557312,0.4117647058823529,False,2
C2_0,search,256,4,8,it0179,0.6324494481086731,0.6526128053665161,0.2903225806451613,False,3
C2_0,search,256,4,8,it0180,0.4038677513599396,0.45560118556022644,0.07142857142857142,False,3
C2_0,search,256,4,8,it0181,0.4975372552871704,0.5849598050117493,0.12195121951219512,False,1
C2_0,search,256,4,8,it0182,0.5636681318283081,0.5352475643157959,0.52,False,3
C2_0,search,256,4,8,it0183,0.5733886361122131,0.6229026317596436,0.24,False,2
C2_0,search,256,4,8,it0184,0.2534998059272766,0.2669440805912018,0.2,False,3
C2_0,search,256,4,8,it0185,0.45291563868522644,0.46997106075286865,0.3870967741935484,False,1
C2_0,search,256,4,8,it0186,0.6131796836853027,0.5140172243118286,0.375,False,0
C2_0,search,256,4,8,it0187,0.539804220199585,0.4319603145122528,0.25,False,1
C2_0,search,256,4,8,it0188,0.5322033166885376,0.47964152693748474,0.2222222222222222,False,3
C2_0,search,256,4,8,it0189,0.45262110233306885,0.30721110105514526,0.15,False,2
C2_0,search,256,4,8,it0190,0.5788319110870361,0.5400113463401794,0.1875,False,1
C2_0,search,256,4,8,it0191,0.43496865034103394,0.3526562452316284,0.16,False,2
C2_0,search,256,4,8,it0192,0.5451581478118896,0.5939237475395203,0.18518518518518517,False,2
C2_0,search,256,4,8,it0193,0.4799536466598511,0.30670851469039917,0.3125,False,2
C2_0,search,256,4,8,it0194,0.5955142378807068,0.6203089356422424,0.09523809523809523,False,0
C2_0,search,256,4,8,it0195,0.6650978326797485,0.5796187520027161,0.5,False,2
C2_0,search,256,4,8,it0196,0.367262601852417,0.4092370867729187,0.5714285714285714,False,2
C2_0,search,256,4,8,it0197,0.3998323082923889,0.3429018557071686,0.18181818181818182,False,1
C2_0,search,256,4,8,it0198,0.2553625702857971,0.24614746868610382,0.125,False,1
C2_0,search,256,4,8,it0199,0.4475550055503845,0.49270108342170715,0.29411764705882354,False,0
C2_0,search,512,8,8,it0000,0.5444347858428955,0.5104763507843018,0.2826086956521739,False,5
C2_0,search,512,8,8,it0001,0.3680625557899475,0.34584498405456543,0.16666666666666666,False,1
C2_0,search,512,8,8,it0002,0.38595202565193176,0.43663617968559265,0.26666666666666666,False,1
C2_0,search,512,8,8,it0003,0.450222373008728,0.33724403381347656,0.2,False,6
C2_0,search,512,8,8,it0004,0.4845111668109894,0.3904101848602295,0.25,False,6
C2_0,search,512,8,8,it0005,0.3359391987323761,0.42406144738197327,0.07407407407407407,False,4
C2_0,search,512,8,8,it0006,0.4477001130580902,0.4653380811214447,0.3888888888888889,False,7
C2_0,search,512,8,8,it0007,0.1933111697435379,0.36960697174072266,0.25,False,0
C2_0,search,512,8,8,it0008,0.3913969099521637,0.3463030159473419,0.38095238095238093,False,5
C2_0,search,512,8,8,it0009,0.6267817616462708,0.5940171480178833,0.1111111111111111,False,6
C2_0,search,512,8,8,it0010,0.6217173337936401,0.6288220882415771,0.2222222222222222,False,3
C2_0,search,512,8,8,it0011,0.5172491669654846,0.5570800304412842,0.21739130434782608,False,6
C2_0,search,512,8,8,it0012,0.5737286806106567,0.4630581736564636,0.6551724137931034,False,3
C2_0,search,512,8,8,it0013,0.538550615310669,0.5557242631912231,0.1111111111111111,False,1
C2_0,search,512,8,8,it0014,0.426486611366272,0.4805660545825958,0.2,False,0
C2_0,search,512,8,8,it0015,0.38592517375946045,0.5198155641555786,0.11764705882352941,False,7
C2_0,search,512,8,8,it0016,0.5188102722167969,0.46318814158439636,0.20588235294117646,False,1
C2_0,search,512,8,8,it0017,0.5259274840354919,0.37394943833351135,0.2,False,0
C2_0,search,512,8,8,it0018,0.4176865518093109,0.2838994860649109,0.058823529411764705,False,0
C2_0,search,512,8,8,it0019,0.5619199275970459,0.5165022015571594,0.2608695652173913,False,4
C2_0,search,512,8,8,it0020,0.2896760106086731,0.23850873112678528,0.5384615384615384,False,4
C2_0,search,512,8,8,it0021,0.5333994626998901,0.4706474542617798,0.24242424242424243,False,5
C2_0,search,512,8,8,it0022,0.5088578462600708,0.4693884551525116,0.575,False,0
C2_0,search,512,8,8,it0023,0.6220000982284546,0.5770995616912842,0.4444444444444444,False,4
C2_0,search,512,8,8,it0024,0.5598928928375244,0.4803306460380554,0.07142857142857142,False,1
C2_0,search,512,8,8,it0025,0.6306537389755249,0.5763733386993408,0.35,False,5
C2_0,search,512,8,8,it0026,0.3014557659626007,0.3211407959461212,0.0625,False,3
C2_0,search,512,8,8,it0027,0.7495444416999817,0.6574609279632568,0.125,False,1
C2_0,search,512,8,8,it0028,0.5288437604904175,0.59577876329422,0.21428571428571427,False,2
C2_0,search,512,8,8,it0029,0.41543883085250854,0.30728068947792053,0.0,False,2
C2_0,search,512,8,8,it0030,0.5076648592948914,0.49191442131996155,0.24,False,1
C2_0,search,512,8,8,it0031,0.4168434739112854,0.328074187040329,0.16666666666666666,False,4
C2_0,search,512,8,8,it0032,0.6066952347755432,0.6121968626976013,0.3333333333333333,False,7
C2_0,search,512,8,8,it0033,0.4196745753288269,0.33433088660240173,0.15384615384615385,False,1
C2_0,search,512,8,8,it0034,0.452834814786911,0.4890601336956024,0.16666666666666666,False,2
C2_0,search,512,8,8,it0035,0.3587237000465393,0.32068392634391785,0.5384615384615384,False,7
C2_0,search,512,8,8,it0036,0.6174024939537048,0.5464879274368286,0.1111111111111111,False,3
C2_0,search,512,8,8,it0037,0.6136614680290222,0.5058396458625793,0.06666666666666667,False,5
C2_0,search,512,8,8,it0038,0.3177342414855957,0.24639253318309784,0.2972972972972973,False,1
C2_0,search,512,8,8,it0039,0.5506084561347961,0.4769759774208069,0.21951219512195122,False,2
C2_0,search,512,8,8,it0040,0.3560698628425598,0.37359142303466797,0.06666666666666667,False,7
C2_0,search,512,8,8,it0041,0.6463121175765991,0.39557772874832153,0.13636363636363635,False,2
C2_0,search,512,8,8,it0042,0.4286246597766876,0.47127118706703186,0.4074074074074074,False,3
C2_0,search,512,8,8,it0043,0.3920924663543701,0.30269163846969604,0.19230769230769232,False,6
C2_0,search,512,8,8,it0044,0.5228572487831116,0.6713119745254517,0.4,False,1
C2_0,search,512,8,8,it0045,0.23763607442378998,0.41663509607315063,0.13333333333333333,False,6
C2_0,search,512,8,8,it0046,0.33309364318847656,0.3487370014190674,0.0625,False,5
C2_0,search,512,8,8,it0047,0.3316541612148285,0.32264870405197144,0.55,False,3
C2_0,search,512,8,8,it0048,0.5201739072799683,0.5250073075294495,0.125,False,7
C2_0,search,512,8,8,it0049,0.4152456223964691,0.5511529445648193,0.3181818181818182,False,0
C2_0,search,512,8,8,it0050,0.21750496327877045,0.08461251854896545,0.13636363636363635,False,2
C2_0,search,512,8,8,it0051,0.19152361154556274,0.4927305281162262,0.20689655172413793,False,1
C2_0,search,512,8,8,it0052,0.3433878719806671,0.4223737418651581,0.0,False,7
C2_0,search,512,8,8,it0053,0.24585771560668945,0.27815839648246765,0.35135135135135137,False,5
C2_0,search,512,8,8,it0054,0.36235421895980835,0.2603740990161896,0.125,False,0
C2_0,search,512,8,8,it0055,0.44399261474609375,0.5158911943435669,0.4230769230769231,False,6
C2_0,search,512,8,8,it0056,0.5521838068962097,0.32012227177619934,0.25,False,1
C2_0,search,512,8,8,it0057,0.5394785404205322,0.3614828884601593,0.17647058823529413,False,4
C2_0,search,512,8,8,it0058,0.382124662399292,0.40782245993614197,0.25,False,1
C2_0,search,512,8,8,it0059,0.4997465908527374,0.5570299029350281,0.17857142857142858,False,1
C2_0,search,512,8,8,it0060,0.5067082643508911,0.4493912160396576,0.11764705882352941,False,6
C2_0,search,512,8,8,it0061,0.5627293586730957,0.608221173286438,0.02857142857142857,False,1
C2_0,search,512,8,8,it0062,0.5602808594703674,0.5833795666694641,0.14285714285714285,False,6
C2_0,search,512,8,8,it0063,0.44046151638031006,0.35345959663391113,0.1724137931034483,False,1
C2_0,search,512,8,8,it0064,0.327802836894989,0.37917667627334595,0.8333333333333334,False,4
C2_0,search,512,8,8,it0065,0.6125048398971558,0.6371793150901794,0.28205128205128205,False,5
C2_0,search,512,8,8,it0066,0.3351146876811981,0.3361195921897888,0.5238095238095238,False,5
C2_0,search,512,8,8,it0067,0.28278660774230957,0.24910525977611542,0.8888888888888888,False,2
C2_0,search,512,8,8,it0068,0.65794837474823,0.6004205942153931,0.0,False,5
C2_0,search,512,8,8,it0069,0.41166651248931885,0.47984224557876587,0.22727272727272727,False,5
C2_0,search,512,8,8,it0070,0.5525628924369812,0.5153943300247192,0.06666666666666667,False,1
C2_0,search,512,8,8,it0071,0.566557765007019,0.5069430470466614,0.25,False,7
C2_0,search,512,8,8,it0072,0.5260304808616638,0.472057580947876,0.13636363636363635,False,2
C2_0,search,512,8,8,it0073,0.26629015803337097,0.36250442266464233,0.4827586206896552,False,4
C2_0,search,512,8,8,it0074,0.25991764664649963,0.37713971734046936,0.13333333333333333,False,1
C2_0,search,512,8,8,it0075,0.3644891679286957,0.46046286821365356,0.21739130434782608,False,7
C2_0,search,512,8,8,it0076,0.6308809518814087,0.381632924079895,0.34782608695652173,False,6
C2_0,search,512,8,8,it0077,0.5257251262664795,0.5656176805496216,0.4166666666666667,False,2
C2_0,search,512,8,8,it0078,0.29820534586906433,0.3700897991657257,0.2857142857142857,False,4
C2_0,search,512,8,8,it0079,0.5386561155319214,0.5638601779937744,0.08333333333333333,False,2
C2_0,search,512,8,8,it0080,0.5427819490432739,0.31059497594833374,0.2926829268292683,False,4
C2_0,search,512,8,8,it0081,0.3323996663093567,0.3315352499485016,0.25,False,7
C2_0,search,512,8,8,it0082,0.4633602797985077,0.46308770775794983,0.23529411764705882,False,6
C2_0,search,512,8,8,it0083,0.4973803162574768,0.41694530844688416,0.08823529411764706,False,3
C2_0,search,512,8,8,it0084,0.6001587510108948,0.5224059224128723,0.022222222222222223,False,5
C2_0,search,512,8,8,it0085,0.6517314314842224,0.4944201409816742,0.07142857142857142,False,6
C2_0,search,512,8,8,it0086,0.6974536180496216,0.6424834728240967,0.47058823529411764,False,3
C2_0,search,512,8,8,it0087,0.46522921323776245,0.65305495262146,0.1875,False,3
C2_0,search,512,8,8,it0088,0.3922712504863739,0.4292140305042267,0.14285714285714285,False,5
C2_0,search,512,8,8,it0089,0.46537935733795166,0.34622061252593994,0.08333333333333333,False,5
C2_0,search,512,8,8,it0090,0.6046432256698608,0.5509312748908997,0.0,False,6
C2_0,search,512,8,8,it0091,0.5735288262367249,0.5076372027397156,0.25806451612903225,False,2
C2_0,search,512,8,8,it0092,0.4900856912136078,0.4692234694957733,0.02857142857142857,False,6
C2_0,search,512,8,8,it0093,0.4896230697631836,0.40693557262420654,0.15789473684210525,False,3
C2_0,search,512,8,8,it0094,0.47098037600517273,0.5347266793251038,0.0,False,5
C2_0,search,512,8,8,it0095,0.5492295622825623,0.5101253986358643,0.19047619047619047,False,7
C2_0,search,512,8,8,it0096,0.49384552240371704,0.42083740234375,0.36363636363636365,False,4
C2_0,search,512,8,8,it0097,0.6353594660758972,0.6582311987876892,0.15,False,3
C2_0,search,512,8,8,it0098,0.5078065991401672,0.43607085943222046,0.4074074074074074,False,3
C2_0,search,512,8,8,it0099,0.3457801043987274,0.30468103289604187,0.30434782608695654,False,1
C2_0,search,512,8,8,it0100,0.685724139213562,0.6678457856178284,0.07692307692307693,False,7
C2_0,search,512,8,8,it0101,0.3435836732387543,0.304330438375473,0.23684210526315788,False,4
C2_0,search,512,8,8,it0102,0.33275070786476135,0.4818773865699768,0.0,False,5
C2_0,search,512,8,8,it0103,0.4258593022823334,0.5144339203834534,0.22727272727272727,False,4
C2_0,search,512,8,8,it0104,0.5533240437507629,0.5469674468040466,0.125,False,1
C2_0,search,512,8,8,it0105,0.4906153380870819,0.616774320602417,0.14285714285714285,False,3
C2_0,search,512,8,8,it0106,0.4264598488807678,0.43848156929016113,0.16666666666666666,False,7
C2_0,search,512,8,8,it0107,0.546333372592926,0.5110291838645935,0.391304347826087,False,3
C2_0,search,512,8,8,it0108,0.42473840713500977,0.44990846514701843,0.0625,False,0
C2_0,search,512,8,8,it0109,0.5092786550521851,0.4554740786552429,0.05263157894736842,False,3
C2_0,search,512,8,8,it0110,0.20944491028785706,0.3733794689178467,0.5,False,1
C2_0,search,512,8,8,it0111,0.34937784075737,0.29054129123687744,0.45454545454545453,False,3
C2_0,search,512,8,8,it0112,0.6639053821563721,0.5739863514900208,0.1590909090909091,False,3
C2_0,search,512,8,8,it0113,0.5448353886604309,0.4812667667865753,0.11363636363636363,False,2
C2_0,search,512,8,8,it0114,0.4871666133403778,0.5290491580963135,0.2777777777777778,False,6
C2_0,search,512,8,8,it0115,0.3846188187599182,0.2578834593296051,0.0,False,2
C2_0,search,512,8,8,it0116,0.5115866661071777,0.42669981718063354,0.5294117647058824,False,2
C2_0,search,512,8,8,it0117,0.5413368940353394,0.6061862707138062,0.20588235294117646,False,2
C2_0,search,512,8,8,it0118,0.548957347869873,0.5133475065231323,0.36538461538461536,False,0
C2_0,search,512,8,8,it0119,0.5678403973579407,0.5452401638031006,0.14285714285714285,False,1
C2_0,search,512,8,8,it0120,0.6042355298995972,0.5823588371276855,0.0,False,5
C2_0,search,512,8,8,it0121,0.5598350763320923,0.4589489996433258,0.3,False,1
C2_0,search,512,8,8,it0122,0.27929168939590454,0.38741233944892883,0.18181818181818182,False,1
C2_0,search,512,8,8,it0123,0.45127493143081665,0.5490682721138,0.17647058823529413,False,6
C2_0,search,512,8,8,it0124,0.5863932967185974,0.4531884491443634,0.09090909090909091,False,2
C2_0,search,512,8,8,it0125,0.4655330181121826,0.4421451985836029,0.07692307692307693,False,3
C2_0,search,512,8,8,it0126,0.4861401915550232,0.5800443291664124,0.25,False,4
C2_0,search,512,8,8,it0127,0.3525713086128235,0.4345408082008362,0.17647058823529413,False,0
C2_0,search,512,8,8,it0128,0.3862234354019165,0.3726561367511749,0.3,False,2
C2_0,search,512,8,8,it0129,0.23168891668319702,0.26725757122039795,0.17647058823529413,False,6
C2_0,search,512,8,8,it0130,0.32198211550712585,0.3826061189174652,0.1,False,0
C2_0,search,512,8,8,it0131,0.3353980481624603,0.3755307197570801,0.1935483870967742,False,0
C2_0,search,512,8,8,it0132,0.2727836072444916,0.30547869205474854,0.0,False,1
C2_0,search,512,8,8,it0133,0.5433711409568787,0.5940647721290588,0.03571428571428571,False,0
C2_0,search,512,8,8,it0134,0.4421314299106598,0.34323737025260925,0.21052631578947367,False,2
C2_0,search,512,8,8,it0135,0.41813820600509644,0.49618077278137207,0.3333333333333333,False,5
C2_0,search,512,8,8,it0136,0.5668713450431824,0.6117264032363892,0.15,False,7
C2_0,search,512,8,8,it0137,0.4979652762413025,0.49012911319732666,0.5833333333333334,False,7
C2_0,search,512,8,8,it0138,0.5440676808357239,0.6281349062919617,0.6111111111111112,False,6
C2_0,search,512,8,8,it0139,0.5859745144844055,0.48293542861938477,0.1111111111111111,False,1
C2_0,search,512,8,8,it0140,0.41188162565231323,0.48967424035072327,0.16666666666666666,False,2
C2_0,search,512,8,8,it0141,0.6735285520553589,0.626125693321228,0.4,False,1
C2_0,search,512,8,8,it0142,0.3745018243789673,0.2852522134780884,0.4,False,2
C2_0,search,512,8,8,it0143,0.3852551579475403,0.4925353229045868,0.125,False,5
C2_0,search,512,8,8,it0144,0.5882642865180969,0.420942485332489,0.07142857142857142,False,4
C2_0,search,512,8,8,it0145,0.6298584938049316,0.582718551158905,0.175,False,7
C2_0,search,512,8,8,it0146,0.5154125094413757,0.4623904228210449,0.0,False,7
C2_0,search,512,8,8,it0147,0.5465750098228455,0.3950330317020416,0.043478260869565216,False,1
C2_0,search,512,8,8,it0148,0.03161773458123207,0.24851474165916443,0.35714285714285715,False,2
C2_0,search,512,8,8,it0149,0.45585450530052185,0.5245831608772278,0.14285714285714285,False,5
C2_0,search,512,8,8,it0150,0.41506344079971313,0.3994206190109253,0.4230769230769231,False,5
C2_0,search,512,8,8,it0151,0.6312831044197083,0.5392197966575623,0.0,False,3
C2_0,search,512,8,8,it0152,0.5822626948356628,0.49117782711982727,0.0,False,4
C2_0,search,512,8,8,it0153,0.4544501304626465,0.4385398328304291,0.5476190476190477,False,4
C2_0,search,512,8,8,it0154,0.2791685461997986,0.26313987374305725,0.15789473684210525,False,3
C2_0,search,512,8,8,it0155,0.23663288354873657,0.29747194051742554,0.2857142857142857,False,5
C2_0,search,512,8,8,it0156,0.4599186182022095,0.3430882692337036,0.047619047619047616,False,0
C2_0,search,512,8,8,it0157,0.5602705478668213,0.5271337628364563,0.11627906976744186,False,3
C2_0,search,512,8,8,it0158,0.4833616614341736,0.4388733506202698,0.21052631578947367,False,2
C2_0,search,512,8,8,it0159,0.41980576515197754,0.3182533383369446,0.14285714285714285,False,7
C2_0,search,512,8,8,it0160,0.6362794041633606,0.45148301124572754,0.12903225806451613,False,7
C2_0,search,512,8,8,it0161,0.38822638988494873,0.3882008492946625,0.034482758620689655,False,7
C2_0,search,512,8,8,it0162,0.2049335539340973,0.3162227272987366,0.4444444444444444,False,7
C2_0,search,512,8,8,it0163,0.4460265040397644,0.41396212577819824,0.0,False,4
C2_0,search,512,8,8,it0164,0.4987318515777588,0.38681089878082275,0.22580645161290322,False,4
C2_0,search,512,8,8,it0165,0.4394668936729431,0.3863779604434967,0.21212121212121213,False,5
C2_0,search,512,8,8,it0166,0.5166210532188416,0.3985224962234497,0.08333333333333333,False,0
C2_0,search,512,8,8,it0167,0.40861931443214417,0.5599433183670044,0.10526315789473684,False,2
C2_0,search,512,8,8,it0168,0.3237551152706146,0.3261258006095886,0.1,False,6
C2_0,search,512,8,8,it0169,0.4784342646598816,0.4502873420715332,0.3,False,4
C2_0,search,512,8,8,it0170,0.41178619861602783,0.414301335811615,0.35294117647058826,False,2
C2_0,search,512,8,8,it0171,0.6509594321250916,0.6256583333015442,0.2857142857142857,False,0
C2_0,search,512,8,8,it0172,0.28798404335975647,0.3632098138332367,0.24,False,7
C2_0,search,512,8,8,it0173,0.690995991230011,0.6084510087966919,0.16666666666666666,False,0
C2_0,search,512,8,8,it0174,0.5314854383468628,0.4293270409107208,0.375,False,2
C2_0,search,512,8,8,it0175,0.27973371744155884,0.35230952501296997,0.2,False,1
C2_0,search,512,8,8,it0176,0.3376132547855377,0.45956337451934814,0.1111111111111111,False,4
C2_0,search,512,8,8,it0177,0.5202481746673584,0.5241185426712036,0.05263157894736842,False,5
C2_0,search,512,8,8,it0178,0.3083420991897583,0.19067499041557312,0.4117647058823529,False,2
C2_0,search,512,8,8,it0179,0.650553822517395,0.654080331325531,0.2903225806451613,False,5
C2_0,search,512,8,8,it0180,0.4038677513599396,0.45560118556022644,0.07142857142857142,False,3
C2_0,search,512,8,8,it0181,0.4975372552871704,0.5849598050117493,0.12195121951219512,False,1
C2_0,search,512,8,8,it0182,0.5636681318283081,0.5352475643157959,0.52,False,3
C2_0,search,512,8,8,it0183,0.5733886361122131,0.6229026317596436,0.24,False,2
C2_0,search,512,8,8,it0184,0.35337528586387634,0.44462984800338745,0.13333333333333333,False,6
C2_0,search,512,8,8,it0185,0.45291563868522644,0.46997106075286865,0.3870967741935484,False,1
C2_0,search,512,8,8,it0186,0.6131796836853027,0.5140172243118286,0.375,False,0
C2_0,search,512,8,8,it0187,0.539804220199585,0.4319603145122528,0.25,False,1
C2_0,search,512,8,8,it0188,0.5273616313934326,0.535548985004425,0.2222222222222222,False,7
C2_0,search,512,8,8,it0189,0.43902334570884705,0.31123965978622437,0.0,False,4
C2_0,search,512,8,8,it0190,0.5788319110870361,0.5400113463401794,0.1875,False,1
C2_0,search,512,8,8,it0191,0.43496865034103394,0.3526562452316284,0.16,False,2
C2_0,search,512,8,8,it0192,0.5451581478118896,0.5939237475395203,0.18518518518518517,False,2
C2_0,search,512,8,8,it0193,0.552486777305603,0.3680724799633026,0.3125,False,5
C2_0,search,512,8,8,it0194,0.5955142378807068,0.6203089356422424,0.09523809523809523,False,0
C2_0,search,512,8,8,it0195,0.6650978326797485,0.5796187520027161,0.5,False,2
C2_0,search,512,8,8,it0196,0.49077126383781433,0.4336138963699341,0.07142857142857142,False,5
C2_0,search,512,8,8,it0197,0.3998323082923889,0.3429018557071686,0.18181818181818182,False,1
C2_0,search,512,8,8,it0198,0.37785762548446655,0.2508545219898224,0.0,False,6
C2_0,search,512,8,8,it0199,0.4475550055503845,0.49270108342170715,0.29411764705882354,False,0
C2_0,refine,128,1,16,it0000,0.3771350383758545,0.3432357609272003,0.10869565217391304,False,0
C2_0,refine,128,1,16,it0001,0.39097779989242554,0.2206248641014099,0.2777777777777778,False,0
C2_0,refine,128,1,16,it0002,0.33134108781814575,0.2645590901374817,0.2,False,0
C2_0,refine,128,1,16,it0003,0.4472947418689728,0.26501914858818054,0.06666666666666667,False,0
C2_0,refine,128,1,16,it0004,0.469997376203537,0.29323914647102356,0.125,False,0
C2_0,refine,128,1,16,it0005,0.44736915826797485,0.43301135301589966,0.0,False,0
C2_0,refine,128,1,16,it0006,0.2872324585914612,0.24272125959396362,0.05555555555555555,False,0
C2_0,refine,128,1,16,it0007,0.27346742153167725,0.4089713990688324,0.09090909090909091,False,0
C2_0,refine,128,1,16,it0008,0.36735546588897705,0.1679442673921585,0.2857142857142857,False,0
C2_0,refine,128,1,16,it0009,0.4998578429222107,0.5139631032943726,0.0,False,0
C2_0,refine,128,1,16,it0010,0.5604334473609924,0.504974901676178,0.16666666666666666,False,0
C2_0,refine,128,1,16,it0011,0.38845720887184143,0.3584725260734558,0.043478260869565216,False,0
C2_0,refine,128,1,16,it0012,0.4801081120967865,0.3057059943675995,0.6551724137931034,False,0
C2_0,refine,128,1,16,it0013,0.6096941232681274,0.5912042856216431,0.1111111111111111,False,0
C2_0,refine,128,1,16,it0014,0.4151467978954315,0.32862627506256104,0.0,False,0
C2_0,refine,128,1,16,it0015,0.4711421728134155,0.4534267485141754,0.11764705882352941,False,0
C2_0,refine,128,1,16,it0016,0.5133033394813538,0.3114992380142212,0.17647058823529413,False,0
C2_0,refine,128,1,16,it0017,0.4497258961200714,0.35988083481788635,0.06666666666666667,False,0
C2_0,refine,128,1,16,it0018,0.28560537099838257,0.1260095238685608,0.029411764705882353,False,0
C2_0,refine,128,1,16,it0019,0.6358966827392578,0.519792914390564,0.043478260869565216,False,0
C2_0,refine,128,1,16,it0020,0.22248151898384094,0.07263250648975372,0.7692307692307693,False,0
C2_0,refine,128,1,16,it0021,0.4286682903766632,0.47630590200424194,0.24242424242424243,False,0
C2_0,refine,128,1,16,it0022,0.43599531054496765,0.4249454438686371,0.45,False,0
C2_0,refine,128,1,16,it0023,0.601351261138916,0.559465229511261,0.3888888888888889,False,0
C2_0,refine,128,1,16,it0024,0.5204122066497803,0.4117242693901062,0.21428571428571427,False,0
C2_0,refine,128,1,16,it0025,0.605551540851593,0.5434697866439819,0.3,False,0
C2_0,refine,128,1,16,it0026,0.2745617926120758,0.2587137520313263,0.125,False,0
C2_0,refine,128,1,16,it0027,0.6738594770431519,0.49131661653518677,0.0625,False,0
C2_0,refine,128,1,16,it0028,0.5317898988723755,0.558462917804718,0.23809523809523808,False,0
C2_0,refine,128,1,16,it0029,0.2673635482788086,0.4660550057888031,0.0,False,0
C2_0,refine,128,1,16,it0030,0.4266582131385803,0.34705060720443726,0.2,False,0
C2_0,refine,128,1,16,it0031,0.2935470938682556,0.2478821873664856,0.16666666666666666,False,0
C2_0,refine,128,1,16,it0032,0.6241039633750916,0.5940796732902527,0.4074074074074074,False,0
C2_0,refine,128,1,16,it0033,0.3312709927558899,0.013719204813241959,0.15384615384615385,False,0
C2_0,refine,128,1,16,it0034,0.4824453890323639,0.40332961082458496,0.4,False,0
C2_0,refine,128,1,16,it0035,0.28030139207839966,0.15655533969402313,1.0,False,0
C2_0,refine,128,1,16,it0036,0.5603244304656982,0.4795961380004883,0.0,False,0
C2_0,refine,128,1,16,it0037,0.564657986164093,0.4937364459037781,0.06666666666666667,False,0
C2_0,refine,128,1,16,it0038,0.44850701093673706,0.22444888949394226,0.2702702702702703,False,0
C2_0,refine,128,1,16,it0039,0.5441914796829224,0.44865894317626953,0.36585365853658536,False,0
C2_0,refine,128,1,16,it0040,0.3190000653266907,0.2844179570674896,0.26666666666666666,False,0
C2_0,refine,128,1,16,it0041,0.6360948085784912,0.2971667945384979,0.13636363636363635,False,0
C2_0,refine,128,1,16,it0042,0.4109058380126953,0.3378036320209503,0.5185185185185185,False,0
C2_0,refine,128,1,16,it0043,0.21859709918498993,0.05404965579509735,0.3076923076923077,False,0
C2_0,refine,128,1,16,it0044,0.37363600730895996,0.36380818486213684,0.68,False,0
C2_0,refine,128,1,16,it0045,0.2748335003852844,0.3209783434867859,0.23333333333333334,False,0
C2_0,refine,128,1,16,it0046,0.30609333515167236,0.22030410170555115,0.125,False,0
C2_0,refine,128,1,16,it0047,0.3209962546825409,0.35870689153671265,0.55,False,0
C2_0,refine,128,1,16,it0048,0.47104501724243164,0.479158490896225,0.125,False,0
C2_0,refine,128,1,16,it0049,0.32577967643737793,0.5063682794570923,0.45454545454545453,False,0
C2_0,refine,128,1,16,it0050,0.12539350986480713,-0.05948587879538536,0.36363636363636365,False,0
C2_0,refine,128,1,16,it0051,0.23842282593250275,0.432114839553833,0.10344827586206896,False,0
C2_0,refine,128,1,16,it0052,0.3591002821922302,0.29430532455444336,0.0,False,0
C2_0,refine,128,1,16,it0053,0.2895377576351166,0.2549644708633423,0.3783783783783784,False,0
C2_0,refine,128,1,16,it0054,0.3677096366882324,0.1299617439508438,0.0,False,0
C2_0,refine,128,1,16,it0055,0.5466586351394653,0.5114392638206482,0.11538461538461539,False,0
C2_0,refine,128,1,16,it0056,0.37425172328948975,0.262516587972641,0.25,False,0
C2_0,refine,128,1,16,it0057,0.47436708211898804,0.3098791837692261,0.35294117647058826,False,0
C2_0,refine,128,1,16,it0058,0.2774476110935211,0.28584903478622437,0.25,False,0
C2_0,refine,128,1,16,it0059,0.5014535188674927,0.4821835458278656,0.10714285714285714,False,0
C2_0,refine,128,1,16,it0060,0.41817164421081543,0.3593149483203888,0.058823529411764705,False,0
C2_0,refine,128,1,16,it0061,0.5483495593070984,0.6292902231216431,0.05714285714285714,False,0
C2_0,refine,128,1,16,it0062,0.6015776991844177,0.5057579278945923,0.047619047619047616,False,0
C2_0,refine,128,1,16,it0063,0.41067421436309814,0.30839499831199646,0.27586206896551724,False,0
C2_0,refine,128,1,16,it0064,0.36488085985183716,0.41759559512138367,0.7222222222222222,False,0
C2_0,refine,128,1,16,it0065,0.5930928587913513,0.481436550617218,0.3076923076923077,False,0
C2_0,refine,128,1,16,it0066,0.2710625231266022,0.39670583605766296,0.6666666666666666,False,0
C2_0,refine,128,1,16,it0067,0.22836358845233917,0.2234054058790207,0.5555555555555556,False,0
C2_0,refine,128,1,16,it0068,0.6580262780189514,0.5134683847427368,0.0,False,0
C2_0,refine,128,1,16,it0069,0.4535982012748718,0.46400249004364014,0.045454545454545456,False,0
C2_0,refine,128,1,16,it0070,0.3434229791164398,0.29512807726860046,0.0,False,0
C2_0,refine,128,1,16,it0071,0.556300163269043,0.5016697645187378,0.21428571428571427,False,0
C2_0,refine,128,1,16,it0072,0.5000686645507812,0.41806560754776,0.18181818181818182,False,0
C2_0,refine,128,1,16,it0073,0.186898872256279,0.23294736444950104,0.3448275862068966,False,0
C2_0,refine,128,1,16,it0074,0.20780053734779358,0.30439087748527527,0.13333333333333333,False,0
C2_0,refine,128,1,16,it0075,0.4221785366535187,0.4265393614768982,0.08695652173913043,False,0
C2_0,refine,128,1,16,it0076,0.39765647053718567,0.07276055961847305,0.2608695652173913,False,0
C2_0,refine,128,1,16,it0077,0.5304086804389954,0.5450992584228516,0.3333333333333333,False,0
C2_0,refine,128,1,16,it0078,0.3490245044231415,0.27204930782318115,0.3333333333333333,False,0
C2_0,refine,128,1,16,it0079,0.6107758283615112,0.5939245820045471,0.16666666666666666,False,0
C2_0,refine,128,1,16,it0080,0.38828301429748535,0.19103606045246124,0.21951219512195122,False,0
C2_0,refine,128,1,16,it0081,0.30578768253326416,0.17709049582481384,0.07142857142857142,False,0
C2_0,refine,128,1,16,it0082,0.44886094331741333,0.41088753938674927,0.11764705882352941,False,0
C2_0,refine,128,1,16,it0083,0.4425645172595978,0.4085392653942108,0.0,False,0
C2_0,refine,128,1,16,it0084,0.5990108847618103,0.47008535265922546,0.08888888888888889,False,0
C2_0,refine,128,1,16,it0085,0.44158735871315,0.38207125663757324,0.42857142857142855,False,0
C2_0,refine,128,1,16,it0086,0.5436540842056274,0.5087947845458984,0.058823529411764705,False,0
C2_0,refine,128,1,16,it0087,0.5581181049346924,0.6780425310134888,0.1875,False,0
C2_0,refine,128,1,16,it0088,0.2559291124343872,0.11574918776750565,0.2857142857142857,False,0
C2_0,refine,128,1,16,it0089,0.41227665543556213,0.21845324337482452,0.0,False,0
C2_0,refine,128,1,16,it0090,0.5315759778022766,0.46567603945732117,0.11764705882352941,False,0
C2_0,refine,128,1,16,it0091,0.3292374610900879,0.4201643764972687,0.12903225806451613,False,0
C2_0,refine,128,1,16,it0092,0.5393051505088806,0.4301565885543823,0.08571428571428572,False,0
C2_0,refine,128,1,16,it0093,0.41242918372154236,0.31156498193740845,0.0,False,0
C2_0,refine,128,1,16,it0094,0.5178093314170837,0.5115563273429871,0.07692307692307693,False,0
C2_0,refine,128,1,16,it0095,0.507178008556366,0.5294591188430786,0.14285714285714285,False,0
C2_0,refine,128,1,16,it0096,0.5616661906242371,0.30262482166290283,0.5,False,0
C2_0,refine,128,1,16,it0097,0.5233379006385803,0.5301076173782349,0.0,False,0
C2_0,refine,128,1,16,it0098,0.5329614877700806,0.3803097605705261,0.14814814814814814,False,0
C2_0,refine,128,1,16,it0099,0.1642822027206421,0.2028171420097351,0.13043478260869565,False,0
C2_0,refine,128,1,16,it0100,0.6820117831230164,0.5736003518104553,0.0,False,0
C2_0,refine,128,1,16,it0101,0.19646941125392914,0.2952749729156494,0.10526315789473684,False,0
C2_0,refine,128,1,16,it0102,0.2912140488624573,0.404998242855072,0.0,False,0
C2_0,refine,128,1,16,it0103,0.5018974542617798,0.42362263798713684,0.13636363636363635,False,0
C2_0,refine,128,1,16,it0104,0.535882830619812,0.41522538661956787,0.25,False,0
C2_0,refine,128,1,16,it0105,0.3406360149383545,0.5894889235496521,0.2571428571428571,False,0
C2_0,refine,128,1,16,it0106,0.2616211175918579,0.26132693886756897,0.3333333333333333,False,0
C2_0,refine,128,1,16,it0107,0.6082696914672852,0.5007597208023071,0.34782608695652173,False,0
C2_0,refine,128,1,16,it0108,0.3357140123844147,0.27390432357788086,0.0,False,0
C2_0,refine,128,1,16,it0109,0.4171763062477112,0.36255836486816406,0.2631578947368421,False,0
C2_0,refine,128,1,16,it0110,0.2296553999185562,0.34537073969841003,0.3,False,0
C2_0,refine,128,1,16,it0111,0.2463843673467636,0.1373744010925293,0.3333333333333333,False,0
C2_0,refine,128,1,16,it0112,0.6370964646339417,0.6098673343658447,0.0,False,0
C2_0,refine,128,1,16,it0113,0.49682122468948364,0.4335878789424896,0.09090909090909091,False,0
C2_0,refine,128,1,16,it0114,0.42267802357673645,0.457846999168396,0.3888888888888889,False,0
C2_0,refine,128,1,16,it0115,0.4137077331542969,0.26945340633392334,0.0,False,0
C2_0,refine,128,1,16,it0116,0.5616168975830078,0.27465999126434326,0.11764705882352941,False,0
C2_0,refine,128,1,16,it0117,0.4663257598876953,0.5638120174407959,0.058823529411764705,False,0
C2_0,refine,128,1,16,it0118,0.5512404441833496,0.4243582487106323,0.17307692307692307,False,0
C2_0,refine,128,1,16,it0119,0.4439365267753601,0.39846134185791016,0.21428571428571427,False,0
C2_0,refine,128,1,16,it0120,0.6053495407104492,0.5248375535011292,0.06666666666666667,False,0
C2_0,refine,128,1,16,it0121,0.3528510630130768,0.27833688259124756,0.25,False,0
C2_0,refine,128,1,16,it0122,0.23121263086795807,0.29378247261047363,0.36363636363636365,False,0
C2_0,refine,128,1,16,it0123,0.31720277667045593,0.5386717915534973,0.058823529411764705,False,0
C2_0,refine,128,1,16,it0124,0.592990517616272,0.3825536072254181,0.5454545454545454,False,0
C2_0,refine,128,1,16,it0125,0.5365421772003174,0.42835748195648193,0.20512820512820512,False,0
C2_0,refine,128,1,16,it0126,0.5065943002700806,0.334354430437088,0.0,False,0
C2_0,refine,128,1,16,it0127,0.2924872636795044,0.24206577241420746,0.23529411764705882,False,0
C2_0,refine,128,1,16,it0128,0.2700061798095703,0.33146682381629944,0.2,False,0
C2_0,refine,128,1,16,it0129,0.2466941624879837,0.24822334945201874,0.0,False,0
C2_0,refine,128,1,16,it0130,0.2794452905654907,0.31710585951805115,0.1,False,0
C2_0,refine,128,1,16,it0131,0.23140935599803925,0.36894819140434265,0.22580645161290322,False,0
C2_0,refine,128,1,16,it0132,0.3008807897567749,0.21132516860961914,0.14285714285714285,False,0
C2_0,refine,128,1,16,it0133,0.47165465354919434,0.4988262951374054,0.0,False,0
C2_0,refine,128,1,16,it0134,0.46157127618789673,0.35557010769844055,0.0,False,0
C2_0,refine,128,1,16,it0135,0.2889881730079651,0.23384977877140045,0.2564102564102564,False,0
C2_0,refine,128,1,16,it0136,0.4029073715209961,0.5591866374015808,0.0,False,0
C2_0,refine,128,1,16,it0137,0.3590570390224457,0.41385453939437866,0.16666666666666666,False,0
C2_0,refine,128,1,16,it0138,0.4933147430419922,0.6018001437187195,0.5555555555555556,False,0
C2_0,refine,128,1,16,it0139,0.523452639579773,0.37892284989356995,0.1111111111111111,False,0
C2_0,refine,128,1,16,it0140,0.3775211572647095,0.3029671311378479,0.375,False,0
C2_0,refine,128,1,16,it0141,0.5533153414726257,0.6557836532592773,0.13333333333333333,False,0
C2_0,refine,128,1,16,it0142,0.19321772456169128,0.1748637706041336,0.24,False,0
C2_0,refine,128,1,16,it0143,0.3509787321090698,0.4208489656448364,0.0625,False,0
C2_0,refine,128,1,16,it0144,0.5331110954284668,0.4499766230583191,0.2857142857142857,False,0
C2_0,refine,128,1,16,it0145,0.516033947467804,0.5033705234527588,0.075,False,0
C2_0,refine,128,1,16,it0146,0.5331969261169434,0.3561517596244812,0.15,False,0
C2_0,refine,128,1,16,it0147,0.4056538939476013,0.2848748564720154,0.0,False,0
C2_0,refine,128,1,16,it0148,0.15445654094219208,0.07557633519172668,0.14285714285714285,False,0
C2_0,refine,128,1,16,it0149,0.40017634630203247,0.40177416801452637,0.21428571428571427,False,0
C2_0,refine,128,1,16,it0150,0.44839879870414734,0.30488401651382446,0.5,False,0
C2_0,refine,128,1,16,it0151,0.5588414669036865,0.486077219247818,0.23529411764705882,False,0
C2_0,refine,128,1,16,it0152,0.4498610198497772,0.31255659461021423,0.11764705882352941,False,0
C2_0,refine,128,1,16,it0153,0.3289060890674591,0.30292096734046936,0.42857142857142855,False,0
C2_0,refine,128,1,16,it0154,0.2357655167579651,0.12397569417953491,0.05263157894736842,False,0
C2_0,refine,128,1,16,it0155,0.3651753067970276,0.36542096734046936,0.07142857142857142,False,0
C2_0,refine,128,1,16,it0156,0.39748841524124146,0.3399689793586731,0.09523809523809523,False,0
C2_0,refine,128,1,16,it0157,0.5194007158279419,0.4507242441177368,0.4883720930232558,False,0
C2_0,refine,128,1,16,it0158,0.315399169921875,0.3059542775154114,0.2631578947368421,False,0
C2_0,refine,128,1,16,it0159,0.4134538769721985,0.3465076982975006,0.14285714285714285,False,0
C2_0,refine,128,1,16,it0160,0.4979477524757385,0.3713334798812866,0.22580645161290322,False,0
C2_0,refine,128,1,16,it0161,0.4318002760410309,0.39302927255630493,0.06896551724137931,False,0
C2_0,refine,128,1,16,it0162,0.21404136717319489,0.33884453773498535,0.2962962962962963,False,0
C2_0,refine,128,1,16,it0163,0.3527575135231018,0.3573080599308014,0.11764705882352941,False,0
C2_0,refine,128,1,16,it0164,0.5127920508384705,0.26894840598106384,0.06451612903225806,False,0
C2_0,refine,128,1,16,it0165,0.28870442509651184,0.17586921155452728,0.15151515151515152,False,0
C2_0,refine,128,1,16,it0166,0.4336898922920227,0.3705286383628845,0.5,False,0
C2_0,refine,128,1,16,it0167,0.5131673216819763,0.4694451689720154,0.0,False,0
C2_0,refine,128,1,16,it0168,0.3665894567966461,0.23925194144248962,0.1,False,0
C2_0,refine,128,1,16,it0169,0.39101123809814453,0.32449430227279663,0.05,False,0
C2_0,refine,128,1,16,it0170,0.3340957760810852,0.34556815028190613,0.23529411764705882,False,0
C2_0,refine,128,1,16,it0171,0.7078148722648621,0.6332196593284607,0.047619047619047616,False,0
C2_0,refine,128,1,16,it0172,0.12485561519861221,0.2277224212884903,0.04,False,0
C2_0,refine,128,1,16,it0173,0.6265260577201843,0.5473842620849609,0.03333333333333333,False,0
C2_0,refine,128,1,16,it0174,0.44823184609413147,0.34062519669532776,0.0,False,0
C2_0,refine,128,1,16,it0175,0.19858621060848236,0.4155106544494629,0.06666666666666667,False,0
C2_0,refine,128,1,16,it0176,0.28906136751174927,0.25983431935310364,0.4444444444444444,False,0
C2_0,refine,128,1,16,it0177,0.40379059314727783,0.5094202160835266,0.05263157894736842,False,0
C2_0,refine,128,1,16,it0178,0.11209209263324738,0.034584108740091324,0.5294117647058824,False,0
C2_0,refine,128,1,16,it0179,0.6003394722938538,0.5284357070922852,0.25806451612903225,False,0
C2_0,refine,128,1,16,it0180,0.42448684573173523,0.4384079575538635,0.07142857142857142,False,0
C2_0,refine,128,1,16,it0181,0.5020111799240112,0.49708208441734314,0.07317073170731707,False,0
C2_0,refine,128,1,16,it0182,0.4969698488712311,0.3930699825286865,0.16,False,0
C2_0,refine,128,1,16,it0183,0.5818958878517151,0.5498720407485962,0.04,False,0
C2_0,refine,128,1,16,it0184,0.32797279953956604,0.31683260202407837,0.13333333333333333,False,0
C2_0,refine,128,1,16,it0185,0.3989001512527466,0.40033453702926636,0.3870967741935484,False,0
C2_0,refine,128,1,16,it0186,0.534558117389679,0.33599770069122314,0.041666666666666664,False,0
C2_0,refine,128,1,16,it0187,0.356813907623291,0.3097423017024994,0.1875,False,0
C2_0,refine,128,1,16,it0188,0.4209332764148712,0.39414548873901367,0.16666666666666666,False,0
C2_0,refine,128,1,16,it0189,0.156304270029068,0.1746821403503418,0.05,False,0
C2_0,refine,128,1,16,it0190,0.5780991315841675,0.5637754797935486,0.0625,False,0
C2_0,refine,128,1,16,it0191,0.34216782450675964,0.28291869163513184,0.16,False,0
C2_0,refine,128,1,16,it0192,0.5553340315818787,0.6090816259384155,0.2962962962962963,False,0
C2_0,refine,128,1,16,it0193,0.42728304862976074,0.13347333669662476,0.375,False,0
C2_0,refine,128,1,16,it0194,0.6220031976699829,0.638764500617981,0.0,False,0
C2_0,refine,128,1,16,it0195,0.5793537497520447,0.45057570934295654,0.46153846153846156,False,0
C2_0,refine,128,1,16,it0196,0.49095970392227173,0.38831329345703125,0.21428571428571427,False,0
C2_0,refine,128,1,16,it0197,0.34470415115356445,0.2820740342140198,0.09090909090909091,False,0
C2_0,refine,128,1,16,it0198,0.3432200253009796,0.22628608345985413,0.125,False,0
C2_0,refine,128,1,16,it0199,0.42261964082717896,0.31121084094047546,0.058823529411764705,False,0
C2_0,refine,256,1,32,it0000,0.4409976303577423,0.4530158042907715,0.1956521739130435,False,0
C2_0,refine,256,1,32,it0001,0.364210844039917,0.2069578766822815,0.5555555555555556,False,0
C2_0,refine,256,1,32,it0002,0.4250209629535675,0.2990342676639557,0.2,False,0
C2_0,refine,256,1,32,it0003,0.5003266334533691,0.31986188888549805,0.06666666666666667,False,0
C2_0,refine,256,1,32,it0004,0.4785974323749542,0.2733994722366333,0.125,False,0
C2_0,refine,256,1,32,it0005,0.4611760973930359,0.432295024394989,0.07407407407407407,False,0
C2_0,refine,256,1,32,it0006,0.4244590103626251,0.3710026741027832,0.16666666666666666,False,0
C2_0,refine,256,1,32,it0007,0.1438123732805252,0.14805127680301666,0.4090909090909091,False,0
C2_0,refine,256,1,32,it0008,0.43212854862213135,0.1415221393108368,0.09523809523809523,False,0
C2_0,refine,256,1,32,it0009,0.5260223150253296,0.4621908366680145,0.0,False,0
C2_0,refine,256,1,32,it0010,0.5926933288574219,0.5882886648178101,0.2777777777777778,False,0
C2_0,refine,256,1,32,it0011,0.547089695930481,0.43526849150657654,0.0,False,0
C2_0,refine,256,1,32,it0012,0.4960244297981262,0.35062915086746216,0.5517241379310345,False,0
C2_0,refine,256,1,32,it0013,0.41277015209198,0.3808111250400543,0.0,False,0
C2_0,refine,256,1,32,it0014,0.4323766827583313,0.3367590308189392,0.0,False,0
C2_0,refine,256,1,32,it0015,0.5163627862930298,0.5196762084960938,0.17647058823529413,False,0
C2_0,refine,256,1,32,it0016,0.6306630373001099,0.4888670742511749,0.11764705882352941,False,0
C2_0,refine,256,1,32,it0017,0.4453469216823578,0.30750903487205505,0.13333333333333333,False,0
C2_0,refine,256,1,32,it0018,0.3290357291698456,0.15281501412391663,0.058823529411764705,False,0
C2_0,refine,256,1,32,it0019,0.5965172648429871,0.5219497084617615,0.6521739130434783,False,0
C2_0,refine,256,1,32,it0020,0.2640542984008789,0.24240779876708984,0.15384615384615385,False,0
C2_0,refine,256,1,32,it0021,0.5218298435211182,0.4184560179710388,0.12121212121212122,False,0
C2_0,refine,256,1,32,it0022,0.38877561688423157,0.44001856446266174,0.525,False,0
C2_0,refine,256,1,32,it0023,0.5852241516113281,0.6037052273750305,0.1111111111111111,False,0
C2_0,refine,256,1,32,it0024,0.6242589950561523,0.42359915375709534,0.14285714285714285,False,0
C2_0,refine,256,1,32,it0025,0.5593191385269165,0.4415634572505951,0.05,False,0
C2_0,refine,256,1,32,it0026,0.3405878245830536,0.27072980999946594,0.0625,False,0
C2_0,refine,256,1,32,it0027,0.6354032754898071,0.5762892365455627,0.4375,False,0
C2_0,refine,256,1,32,it0028,0.49739694595336914,0.5426858067512512,0.19047619047619047,False,0
C2_0,refine,256,1,32,it0029,0.19174514710903168,0.14937058091163635,0.0,False,0
C2_0,refine,256,1,32,it0030,0.5668773055076599,0.4490613341331482,0.24,False,0
C2_0,refine,256,1,32,it0031,0.3120824694633484,0.30167725682258606,0.3333333333333333,False,0
C2_0,refine,256,1,32,it0032,0.5317306518554688,0.4882805347442627,0.1111111111111111,False,0
C2_0,refine,256,1,32,it0033,0.36269405484199524,0.1245540976524353,0.3076923076923077,False,0
C2_0,refine,256,1,32,it0034,0.4509005844593048,0.25264808535575867,0.5,False,0
C2_0,refine,256,1,32,it0035,0.34020155668258667,0.20085544884204865,0.15384615384615385,False,0
C2_0,refine,256,1,32,it0036,0.5631504058837891,0.48833024501800537,0.1111111111111111,False,0
C2_0,refine,256,1,32,it0037,0.5251047611236572,0.4173772931098938,0.06666666666666667,False,0
C2_0,refine,256,1,32,it0038,0.3491184711456299,0.24938687682151794,0.21621621621621623,False,0
C2_0,refine,256,1,32,it0039,0.5282536149024963,0.4461160898208618,0.17073170731707318,False,0
C2_0,refine,256,1,32,it0040,0.3890414535999298,0.14812469482421875,0.06666666666666667,False,0
C2_0,refine,256,1,32,it0041,0.5915243625640869,0.3155648410320282,0.4090909090909091,False,0
C2_0,refine,256,1,32,it0042,0.4663286507129669,0.37337982654571533,0.4444444444444444,False,0
C2_0,refine,256,1,32,it0043,0.16299337148666382,0.12267877906560898,0.2692307692307692,False,0
C2_0,refine,256,1,32,it0044,0.42107337713241577,0.40863236784935,0.8,False,0
C2_0,refine,256,1,32,it0045,0.28762537240982056,0.3418768346309662,0.13333333333333333,False,0
C2_0,refine,256,1,32,it0046,0.39711666107177734,0.40887242555618286,0.3125,False,0
C2_0,refine,256,1,32,it0047,0.27115166187286377,0.34405815601348877,0.85,False,0
C2_0,refine,256,1,32,it0048,0.529698371887207,0.43245404958724976,0.0,False,0
C2_0,refine,256,1,32,it0049,0.4379293620586395,0.4613263010978699,0.45454545454545453,False,0
C2_0,refine,256,1,32,it0050,-0.020046541467308998,0.03681662306189537,0.45454545454545453,False,0
C2_0,refine,256,1,32,it0051,0.20197056233882904,0.4284801483154297,0.10344827586206896,False,0
C2_0,refine,256,1,32,it0052,0.40885302424430847,0.4262356460094452,0.2,False,0
C2_0,refine,256,1,32,it0053,0.21685287356376648,0.23345708847045898,0.43243243243243246,False,0
C2_0,refine,256,1,32,it0054,0.23878008127212524,0.08459477126598358,0.041666666666666664,False,0
C2_0,refine,256,1,32,it0055,0.47206729650497437,0.48898380994796753,0.3076923076923077,False,0
C2_0,refine,256,1,32,it0056,0.3225852847099304,0.10369837284088135,0.2,False,0
C2_0,refine,256,1,32,it0057,0.4478945732116699,0.3232296109199524,0.29411764705882354,False,0
C2_0,refine,256,1,32,it0058,0.2386530190706253,0.4191198945045471,0.08333333333333333,False,0
C2_0,refine,256,1,32,it0059,0.5124986171722412,0.47332656383514404,0.0,False,0
C2_0,refine,256,1,32,it0060,0.4351254105567932,0.3153282403945923,0.058823529411764705,False,0
C2_0,refine,256,1,32,it0061,0.5108823776245117,0.6124571561813354,0.0,False,0
C2_0,refine,256,1,32,it0062,0.6682184934616089,0.5406878590583801,0.38095238095238093,False,0
C2_0,refine,256,1,32,it0063,0.3863994777202606,0.2799917459487915,0.3103448275862069,False,0
C2_0,refine,256,1,32,it0064,0.3819325864315033,0.46925902366638184,0.05555555555555555,False,0
C2_0,refine,256,1,32,it0065,0.6246767044067383,0.6040631532669067,0.23076923076923078,False,0
C2_0,refine,256,1,32,it0066,0.21307702362537384,0.33828452229499817,0.6190476190476191,False,0
C2_0,refine,256,1,32,it0067,0.14559964835643768,0.13794472813606262,0.1111111111111111,False,0
C2_0,refine,256,1,32,it0068,0.6670781373977661,0.5697322487831116,0.02564102564102564,False,0
C2_0,refine,256,1,32,it0069,0.20667800307273865,0.26862597465515137,0.22727272727272727,False,0
C2_0,refine,256,1,32,it0070,0.22780318558216095,0.14173826575279236,0.13333333333333333,False,0
C2_0,refine,256,1,32,it0071,0.46887868642807007,0.40812551975250244,0.14285714285714285,False,0
C2_0,refine,256,1,32,it0072,0.48366034030914307,0.42694157361984253,0.13636363636363635,False,0
C2_0,refine,256,1,32,it0073,0.14516796171665192,0.08596210181713104,0.3793103448275862,False,0
C2_0,refine,256,1,32,it0074,0.34960678219795227,0.2361263632774353,0.26666666666666666,False,0
C2_0,refine,256,1,32,it0075,0.4115579426288605,0.43475791811943054,0.0,False,0
C2_0,refine,256,1,32,it0076,0.49622663855552673,0.11929239332675934,0.34782608695652173,False,0
C2_0,refine,256,1,32,it0077,0.563262939453125,0.4400098919868469,0.16666666666666666,False,0
C2_0,refine,256,1,32,it0078,0.25532248616218567,0.19290253520011902,0.047619047619047616,False,0
C2_0,refine,256,1,32,it0079,0.6390072107315063,0.6341984868049622,0.08333333333333333,False,0
C2_0,refine,256,1,32,it0080,0.24878674745559692,0.1422748863697052,0.3170731707317073,False,0
C2_0,refine,256,1,32,it0081,0.29860058426856995,0.3114272952079773,0.17857142857142858,False,0
C2_0,refine,256,1,32,it0082,0.34634461998939514,0.2892076373100281,0.058823529411764705,False,0
C2_0,refine,256,1,32,it0083,0.4663487672805786,0.36581549048423767,0.058823529411764705,False,0
C2_0,refine,256,1,32,it0084,0.5281447172164917,0.3923458456993103,0.06666666666666667,False,0
C2_0,refine,256,1,32,it0085,0.47971415519714355,0.4532912075519562,0.07142857142857142,False,0
C2_0,refine,256,1,32,it0086,0.632283091545105,0.573388934135437,0.0,False,0
C2_0,refine,256,1,32,it0087,0.5145533680915833,0.5293922424316406,0.1875,False,0
C2_0,refine,256,1,32,it0088,0.3994501531124115,0.3637511730194092,0.14285714285714285,False,0
C2_0,refine,256,1,32,it0089,0.3335464298725128,0.24188387393951416,0.08333333333333333,False,0
C2_0,refine,256,1,32,it0090,0.5819395184516907,0.4881575405597687,0.11764705882352941,False,0
C2_0,refine,256,1,32,it0091,0.3810705244541168,0.41500234603881836,0.1935483870967742,False,0
C2_0,refine,256,1,32,it0092,0.4924182891845703,0.38470807671546936,0.22857142857142856,False,0
C2_0,refine,256,1,32,it0093,0.43136167526245117,0.36492738127708435,0.21052631578947367,False,0
C2_0,refine,256,1,32,it0094,0.4493029713630676,0.45793816447257996,0.15384615384615385,False,0
C2_0,refine,256,1,32,it0095,0.3784582316875458,0.44983550906181335,0.2857142857142857,False,0
C2_0,refine,256,1,32,it0096,0.5129433870315552,0.5002827644348145,0.18181818181818182,False,0
C2_0,refine,256,1,32,it0097,0.5593295693397522,0.6075156927108765,0.1,False,0
C2_0,refine,256,1,32,it0098,0.5168238878250122,0.35906708240509033,0.18518518518518517,False,0
C2_0,refine,256,1,32,it0099,0.25396403670310974,0.19435885548591614,0.21739130434782608,False,0
C2_0,refine,256,1,32,it0100,0.659833550453186,0.5645055174827576,0.0,False,0
C2_0,refine,256,1,32,it0101,0.4146057963371277,0.2753106951713562,0.15789473684210525,False,0
C2_0,refine,256,1,32,it0102,0.28168347477912903,0.4408795237541199,0.07692307692307693,False,0
C2_0,refine,256,1,32,it0103,0.32951778173446655,0.4018740653991699,0.09090909090909091,False,0
C2_0,refine,256,1,32,it0104,0.4961101710796356,0.5330832004547119,0.041666666666666664,False,0
C2_0,refine,256,1,32,it0105,0.29805999994277954,0.515922486782074,0.11428571428571428,False,0
C2_0,refine,256,1,32,it0106,0.35617905855178833,0.3792559504508972,0.20833333333333334,False,0
C2_0,refine,256,1,32,it0107,0.6079762578010559,0.5039323568344116,0.2608695652173913,False,0
C2_0,refine,256,1,32,it0108,0.42131665349006653,0.20856785774230957,0.1875,False,0
C2_0,refine,256,1,32,it0109,0.49311813712120056,0.497943639755249,0.05263157894736842,False,0
C2_0,refine,256,1,32,it0110,0.1461753398180008,0.272821843624115,0.3333333333333333,False,0
C2_0,refine,256,1,32,it0111,0.3851037621498108,0.21574097871780396,0.24242424242424243,False,0
C2_0,refine,256,1,32,it0112,0.617556631565094,0.5410770177841187,0.3181818181818182,False,0
C2_0,refine,256,1,32,it0113,0.5252507925033569,0.4358365535736084,0.09090909090909091,False,0
C2_0,refine,256,1,32,it0114,0.42441636323928833,0.4371030330657959,0.05555555555555555,False,0
C2_0,refine,256,1,32,it0115,0.2173171043395996,0.1675192266702652,0.07142857142857142,False,0
C2_0,refine,256,1,32,it0116,0.461390882730484,0.29606151580810547,0.058823529411764705,False,0
C2_0,refine,256,1,32,it0117,0.45421507954597473,0.5426547527313232,0.0,False,0
C2_0,refine,256,1,32,it0118,0.43784525990486145,0.460684597492218,0.11538461538461539,False,0
C2_0,refine,256,1,32,it0119,0.5053877234458923,0.5209683775901794,0.14285714285714285,False,0
C2_0,refine,256,1,32,it0120,0.5312222242355347,0.47468554973602295,0.26666666666666666,False,0
C2_0,refine,256,1,32,it0121,0.5724647641181946,0.3795695900917053,0.2,False,0
C2_0,refine,256,1,32,it0122,0.23864933848381042,0.343220591545105,0.3181818181818182,False,0
C2_0,refine,256,1,32,it0123,0.3424982726573944,0.5947542190551758,0.17647058823529413,False,0
C2_0,refine,256,1,32,it0124,0.5797597169876099,0.4222959280014038,0.21212121212121213,False,0
C2_0,refine,256,1,32,it0125,0.45443642139434814,0.4151589274406433,0.15384615384615385,False,0
C2_0,refine,256,1,32,it0126,0.4916744530200958,0.37218305468559265,0.0,False,0
C2_0,refine,256,1,32,it0127,0.35828733444213867,0.4703095257282257,0.058823529411764705,False,0
C2_0,refine,256,1,32,it0128,0.2889498472213745,0.25847673416137695,0.05,False,0
C2_0,refine,256,1,32,it0129,0.3007056713104248,0.30535638332366943,0.0,False,0
C2_0,refine,256,1,32,it0130,0.17697885632514954,0.32844191789627075,0.1,False,0
C2_0,refine,256,1,32,it0131,0.10372859984636307,0.20797249674797058,0.06451612903225806,False,0
C2_0,refine,256,1,32,it0132,0.22386057674884796,0.10524170100688934,0.14285714285714285,False,0
C2_0,refine,256,1,32,it0133,0.4448796212673187,0.5023669600486755,0.07142857142857142,False,0
C2_0,refine,256,1,32,it0134,0.315390020608902,0.2602894604206085,0.05263157894736842,False,0
C2_0,refine,256,1,32,it0135,0.28376007080078125,0.3365986943244934,0.15384615384615385,False,0
C2_0,refine,256,1,32,it0136,0.4122708737850189,0.5257275700569153,0.0,False,0
C2_0,refine,256,1,32,it0137,0.437313437461853,0.5086864829063416,0.16666666666666666,False,0
C2_0,refine,256,1,32,it0138,0.45679354667663574,0.35038167238235474,0.2222222222222222,False,0
C2_0,refine,256,1,32,it0139,0.577982485294342,0.39070412516593933,0.2222222222222222,False,0
C2_0,refine,256,1,32,it0140,0.4193664491176605,0.32096225023269653,0.3333333333333333,False,0
C2_0,refine,256,1,32,it0141,0.5749670267105103,0.6327602863311768,0.23333333333333334,False,0
C2_0,refine,256,1,32,it0142,0.2495923936367035,0.19612063467502594,0.12,False,0
C2_0,refine,256,1,32,it0143,0.33716899156570435,0.45003649592399597,0.0,False,0
C2_0,refine,256,1,32,it0144,0.4978870153427124,0.3004647195339203,0.17857142857142858,False,0
C2_0,refine,256,1,32,it0145,0.4610709547996521,0.46840232610702515,0.15,False,0
C2_0,refine,256,1,32,it0146,0.5591652393341064,0.3583052158355713,0.0,False,0
C2_0,refine,256,1,32,it0147,0.2890622913837433,0.27357596158981323,0.043478260869565216,False,0
C2_0,refine,256,1,32,it0148,0.03299529105424881,0.14589923620224,0.07142857142857142,False,0
C2_0,refine,256,1,32,it0149,0.4831806421279907,0.5109943747520447,0.14285714285714285,False,0
C2_0,refine,256,1,32,it0150,0.3895707130432129,0.35276350378990173,0.19230769230769232,False,0
C2_0,refine,256,1,32,it0151,0.5326393842697144,0.4705149233341217,0.17647058823529413,False,0
C2_0,refine,256,1,32,it0152,0.5383161902427673,0.4275014400482178,0.0,False,0
C2_0,refine,256,1,32,it0153,0.37952563166618347,0.36677664518356323,0.2619047619047619,False,0
C2_0,refine,256,1,32,it0154,0.27091458439826965,0.12150821089744568,0.3157894736842105,False,0
C2_0,refine,256,1,32,it0155,0.18230557441711426,0.17638812959194183,0.07142857142857142,False,0
C2_0,refine,256,1,32,it0156,0.2804751694202423,0.2512494623661041,0.09523809523809523,False,0
C2_0,refine,256,1,32,it0157,0.5681858062744141,0.4996339678764343,0.06976744186046512,False,0
C2_0,refine,256,1,32,it0158,0.3066997528076172,0.2225307822227478,0.05263157894736842,False,0
C2_0,refine,256,1,32,it0159,0.37072598934173584,0.38869819045066833,0.14285714285714285,False,0
C2_0,refine,256,1,32,it0160,0.63704913854599,0.43922072649002075,0.0967741935483871,False,0
C2_0,refine,256,1,32,it0161,0.345983624458313,0.3336179554462433,0.10344827586206896,False,0
C2_0,refine,256,1,32,it0162,0.08714768290519714,0.25547802448272705,0.1111111111111111,False,0
C2_0,refine,256,1,32,it0163,0.5008506774902344,0.39711499214172363,0.0,False,0
C2_0,refine,256,1,32,it0164,0.5169493556022644,0.35486382246017456,0.0967741935483871,False,0
C2_0,refine,256,1,32,it0165,0.30216193199157715,0.20487141609191895,0.15151515151515152,False,0
C2_0,refine,256,1,32,it0166,0.533207356929779,0.26041179895401,0.08333333333333333,False,0
C2_0,refine,256,1,32,it0167,0.48283058404922485,0.6397687792778015,0.0,False,0
C2_0,refine,256,1,32,it0168,0.3520788550376892,0.3400624692440033,0.4,False,0
C2_0,refine,256,1,32,it0169,0.3185725808143616,0.2014700472354889,0.25,False,0
C2_0,refine,256,1,32,it0170,0.41454899311065674,0.349503755569458,0.23529411764705882,False,0
C2_0,refine,256,1,32,it0171,0.6992437243461609,0.607069730758667,0.0,False,0
C2_0,refine,256,1,32,it0172,0.20082932710647583,0.1821235865354538,0.0,False,0
C2_0,refine,256,1,32,it0173,0.6360088586807251,0.5568608641624451,0.16666666666666666,False,0
C2_0,refine,256,1,32,it0174,0.42926985025405884,0.31634217500686646,0.0,False,0
C2_0,refine,256,1,32,it0175,0.1642109751701355,0.10609501600265503,0.2,False,0
C2_0,refine,256,1,32,it0176,0.33855533599853516,0.3363567292690277,0.0,False,0
C2_0,refine,256,1,32,it0177,0.45048171281814575,0.4338177442550659,0.05263157894736842,False,0
C2_0,refine,256,1,32,it0178,0.2026008665561676,0.17429953813552856,0.6470588235294118,False,0
C2_0,refine,256,1,32,it0179,0.6532790660858154,0.6142102479934692,0.16129032258064516,False,0
C2_0,refine,256,1,32,it0180,0.2771700322628021,0.20881251990795135,0.07142857142857142,False,0
C2_0,refine,256,1,32,it0181,0.6350053548812866,0.5335644483566284,0.14634146341463414,False,0
C2_0,refine,256,1,32,it0182,0.5761601328849792,0.5584640502929688,0.28,False,0
C2_0,refine,256,1,32,it0183,0.6082047820091248,0.487375408411026,0.28,False,0
C2_0,refine,256,1,32,it0184,0.23814715445041656,0.2105170041322708,0.4666666666666667,False,0
C2_0,refine,256,1,32,it0185,0.45643121004104614,0.41130682826042175,0.16129032258064516,False,0
C2_0,refine,256,1,32,it0186,0.5276423692703247,0.44817042350769043,0.08333333333333333,False,0
C2_0,refine,256,1,32,it0187,0.3576141595840454,0.331766813993454,0.375,False,0
C2_0,refine,256,1,32,it0188,0.5125676989555359,0.4600168466567993,0.1111111111111111,False,0
C2_0,refine,256,1,32,it0189,0.4334924519062042,0.327045202255249,0.0,False,0
C2_0,refine,256,1,32,it0190,0.5403106808662415,0.4663047790527344,0.1875,False,0
C2_0,refine,256,1,32,it0191,0.3780253231525421,0.3185005784034729,0.04,False,0
C2_0,refine,256,1,32,it0192,0.5798279047012329,0.6094288229942322,0.2222222222222222,False,0
C2_0,refine,256,1,32,it0193,0.46911394596099854,0.31352442502975464,0.5625,False,0
C2_0,refine,256,1,32,it0194,0.6251012086868286,0.5639820098876953,0.047619047619047616,False,0
C2_0,refine,256,1,32,it0195,0.6359447240829468,0.5312501192092896,0.34615384615384615,False,0
C2_0,refine,256,1,32,it0196,0.4773826599121094,0.441803902387619,0.42857142857142855,False,0
C2_0,refine,256,1,32,it0197,0.4189164340496063,0.3417447507381439,0.0,False,0
C2_0,refine,256,1,32,it0198,0.3833991587162018,0.27162447571754456,0.1875,False,0
C2_0,refine,256,1,32,it0199,0.4446021020412445,0.4609898328781128,0.058823529411764705,False,0
C2_0,refine,512,1,64,it0000,0.3412952423095703,0.26400524377822876,0.15217391304347827,False,0
C2_0,refine,512,1,64,it0001,0.4650286138057709,0.22988374531269073,0.6666666666666666,False,0
C2_0,refine,512,1,64,it0002,0.37405699491500854,0.32364422082901,0.2,False,0
C2_0,refine,512,1,64,it0003,0.35679665207862854,0.2399110645055771,0.06666666666666667,False,0
C2_0,refine,512,1,64,it0004,0.4599926769733429,0.408605694770813,0.1875,False,0
C2_0,refine,512,1,64,it0005,0.45239540934562683,0.4715174436569214,0.07407407407407407,False,0
C2_0,refine,512,1,64,it0006,0.4040098190307617,0.2129470258951187,0.05555555555555555,False,0
C2_0,refine,512,1,64,it0007,0.14965936541557312,0.16035670042037964,0.022727272727272728,False,0
C2_0,refine,512,1,64,it0008,0.390944242477417,0.2375286966562271,0.14285714285714285,False,0
C2_0,refine,512,1,64,it0009,0.5450127124786377,0.49057722091674805,0.037037037037037035,False,0
C2_0,refine,512,1,64,it0010,0.6238495707511902,0.6373672485351562,0.1111111111111111,False,0
C2_0,refine,512,1,64,it0011,0.4480522572994232,0.4532453119754791,0.0,False,0
C2_0,refine,512,1,64,it0012,0.42741161584854126,0.34265801310539246,0.7241379310344828,False,0
C2_0,refine,512,1,64,it0013,0.5475249290466309,0.48014476895332336,0.0,False,0
C2_0,refine,512,1,64,it0014,0.415077805519104,0.36271703243255615,0.0,False,0
C2_0,refine,512,1,64,it0015,0.4292862117290497,0.5420271158218384,0.0,False,0
C2_0,refine,512,1,64,it0016,0.5689982771873474,0.3950292766094208,0.058823529411764705,False,0
C2_0,refine,512,1,64,it0017,0.5600345730781555,0.46012312173843384,0.06666666666666667,False,0
C2_0,refine,512,1,64,it0018,0.28574541211128235,0.21439974009990692,0.058823529411764705,False,0
C2_0,refine,512,1,64,it0019,0.6019785404205322,0.5003221035003662,0.2391304347826087,False,0
C2_0,refine,512,1,64,it0020,0.2903759479522705,0.26643574237823486,0.46153846153846156,False,0
C2_0,refine,512,1,64,it0021,0.4882136881351471,0.44100263714790344,0.06060606060606061,False,0
C2_0,refine,512,1,64,it0022,0.2850211262702942,0.3752949833869934,0.35,False,0
C2_0,refine,512,1,64,it0023,0.6794342994689941,0.5886663198471069,0.1111111111111111,False,0
C2_0,refine,512,1,64,it0024,0.5517792105674744,0.413540244102478,0.21428571428571427,False,0
C2_0,refine,512,1,64,it0025,0.5689206123352051,0.5353956818580627,0.15,False,0
C2_0,refine,512,1,64,it0026,0.286744087934494,0.3003702759742737,0.0,False,0
C2_0,refine,512,1,64,it0027,0.6940492987632751,0.648227870464325,0.125,False,0
C2_0,refine,512,1,64,it0028,0.5020990967750549,0.5131401419639587,0.14285714285714285,False,0
C2_0,refine,512,1,64,it0029,0.17672371864318848,0.2679000198841095,0.0,False,0
C2_0,refine,512,1,64,it0030,0.5324004292488098,0.4180070161819458,0.12,False,0
C2_0,refine,512,1,64,it0031,0.35217469930648804,0.30478566884994507,0.2777777777777778,False,0
C2_0,refine,512,1,64,it0032,0.6249593496322632,0.5600661039352417,0.07407407407407407,False,0
C2_0,refine,512,1,64,it0033,0.4043024182319641,0.2856959104537964,0.0,False,0
C2_0,refine,512,1,64,it0034,0.46189287304878235,0.49414801597595215,0.23333333333333334,False,0
C2_0,refine,512,1,64,it0035,0.22061201930046082,0.17303267121315002,0.6153846153846154,False,0
C2_0,refine,512,1,64,it0036,0.5910834670066833,0.4278300404548645,0.0,False,0
C2_0,refine,512,1,64,it0037,0.5048348903656006,0.4366133213043213,0.0,False,0
C2_0,refine,512,1,64,it0038,0.37707096338272095,0.16540509462356567,0.24324324324324326,False,0
C2_0,refine,512,1,64,it0039,0.44051969051361084,0.38196855783462524,0.17073170731707318,False,0
C2_0,refine,512,1,64,it0040,0.2461572289466858,0.1570941060781479,0.13333333333333333,False,0
C2_0,refine,512,1,64,it0041,0.6506414413452148,0.25844794511795044,0.4090909090909091,False,0
C2_0,refine,512,1,64,it0042,0.40212756395339966,0.2832033038139343,0.2962962962962963,False,0
C2_0,refine,512,1,64,it0043,0.2007172405719757,0.15581777691841125,0.0,False,0
C2_0,refine,512,1,64,it0044,0.30800706148147583,0.26694926619529724,0.84,False,0
C2_0,refine,512,1,64,it0045,0.23718544840812683,0.3263481855392456,0.1,False,0
C2_0,refine,512,1,64,it0046,0.32318243384361267,0.23919400572776794,0.125,False,0
C2_0,refine,512,1,64,it0047,0.22706922888755798,0.23766595125198364,0.8,False,0
C2_0,refine,512,1,64,it0048,0.5639132261276245,0.40833693742752075,0.0625,False,0
C2_0,refine,512,1,64,it0049,0.4561627209186554,0.4332549273967743,0.22727272727272727,False,0
C2_0,refine,512,1,64,it0050,0.14592015743255615,-0.0665682777762413,0.3181818181818182,False,0
C2_0,refine,512,1,64,it0051,0.29109692573547363,0.4703435003757477,0.3448275862068966,False,0
C2_0,refine,512,1,64,it0052,0.41754376888275146,0.4001239836215973,0.0,False,0
C2_0,refine,512,1,64,it0053,0.17007070779800415,0.22976532578468323,0.32432432432432434,False,0
C2_0,refine,512,1,64,it0054,0.3011753261089325,0.22263364493846893,0.0,False,0
C2_0,refine,512,1,64,it0055,0.4329425096511841,0.5287312865257263,0.038461538461538464,False,0
C2_0,refine,512,1,64,it0056,0.2512809634208679,0.22059637308120728,0.2,False,0
C2_0,refine,512,1,64,it0057,0.4309292435646057,0.1905401647090912,0.2647058823529412,False,0
C2_0,refine,512,1,64,it0058,0.23524273931980133,0.31750497221946716,0.25,False,0
C2_0,refine,512,1,64,it0059,0.5967319011688232,0.5323024392127991,0.07142857142857142,False,0
C2_0,refine,512,1,64,it0060,0.3908355236053467,0.33126282691955566,0.0,False,0
C2_0,refine,512,1,64,it0061,0.5712890625,0.5569507479667664,0.14285714285714285,False,0
C2_0,refine,512,1,64,it0062,0.5845169425010681,0.5412126183509827,0.23809523809523808,False,0
C2_0,refine,512,1,64,it0063,0.41997030377388,0.24534858763217926,0.3793103448275862,False,0
C2_0,refine,512,1,64,it0064,0.47080814838409424,0.41567426919937134,0.1111111111111111,False,0
C2_0,refine,512,1,64,it0065,0.5582687258720398,0.5629138946533203,0.2564102564102564,False,0
C2_0,refine,512,1,64,it0066,0.25082480907440186,0.2910836338996887,0.19047619047619047,False,0
C2_0,refine,512,1,64,it0067,0.2618138790130615,0.18488095700740814,0.2222222222222222,False,0
C2_0,refine,512,1,64,it0068,0.6235255002975464,0.5959314703941345,0.05128205128205128,False,0
C2_0,refine,512,1,64,it0069,0.2540428936481476,0.3675763010978699,0.13636363636363635,False,0
C2_0,refine,512,1,64,it0070,0.3178514540195465,0.37422773241996765,0.06666666666666667,False,0
C2_0,refine,512,1,64,it0071,0.4820447564125061,0.4979438781738281,0.25,False,0
C2_0,refine,512,1,64,it0072,0.44490694999694824,0.43084418773651123,0.09090909090909091,False,0
C2_0,refine,512,1,64,it0073,0.1099429503083229,0.1442146599292755,0.4827586206896552,False,0
C2_0,refine,512,1,64,it0074,0.18776781857013702,0.1628340482711792,0.2,False,0
C2_0,refine,512,1,64,it0075,0.3454976975917816,0.4500004053115845,0.043478260869565216,False,0
C2_0,refine,512,1,64,it0076,0.4951357841491699,0.18778376281261444,0.13043478260869565,False,0
C2_0,refine,512,1,64,it0077,0.5341076254844666,0.3477833569049835,0.4166666666666667,False,0
C2_0,refine,512,1,64,it0078,0.3574810028076172,0.27954649925231934,0.047619047619047616,False,0
C2_0,refine,512,1,64,it0079,0.5942032337188721,0.6304709911346436,0.0,False,0
C2_0,refine,512,1,64,it0080,0.41663914918899536,0.24562260508537292,0.17073170731707318,False,0
C2_0,refine,512,1,64,it0081,0.3272833526134491,0.24369193613529205,0.10714285714285714,False,0
C2_0,refine,512,1,64,it0082,0.2949373126029968,0.2884765565395355,0.11764705882352941,False,0
C2_0,refine,512,1,64,it0083,0.5419711470603943,0.3309384286403656,0.11764705882352941,False,0
C2_0,refine,512,1,64,it0084,0.5741517543792725,0.4488210082054138,0.08888888888888889,False,0
C2_0,refine,512,1,64,it0085,0.4316164553165436,0.2790932059288025,0.14285714285714285,False,0
C2_0,refine,512,1,64,it0086,0.601735532283783,0.5593011379241943,0.4117647058823529,False,0
C2_0,refine,512,1,64,it0087,0.5471171736717224,0.5162142515182495,0.1875,False,0
C2_0,refine,512,1,64,it0088,0.41898563504219055,0.4583372175693512,0.0,False,0
C2_0,refine,512,1,64,it0089,0.29646238684654236,0.14012812077999115,0.041666666666666664,False,0
C2_0,refine,512,1,64,it0090,0.5933937430381775,0.5251124501228333,0.0,False,0
C2_0,refine,512,1,64,it0091,0.34431231021881104,0.4100993573665619,0.12903225806451613,False,0
C2_0,refine,512,1,64,it0092,0.4566260576248169,0.4062456488609314,0.0,False,0
C2_0,refine,512,1,64,it0093,0.48151135444641113,0.32665544748306274,0.0,False,0
C2_0,refine,512,1,64,it0094,0.4591660499572754,0.391889750957489,0.07692307692307693,False,0
C2_0,refine,512,1,64,it0095,0.4849279224872589,0.45675382018089294,0.19047619047619047,False,0
C2_0,refine,512,1,64,it0096,0.44011157751083374,0.4049433469772339,0.3181818181818182,False,0
C2_0,refine,512,1,64,it0097,0.5211512446403503,0.4894799590110779,0.25,False,0
C2_0,refine,512,1,64,it0098,0.46334952116012573,0.3697831630706787,0.2222222222222222,False,0
C2_0,refine,512,1,64,it0099,0.29002633690834045,0.1555936187505722,0.043478260869565216,False,0
C2_0,refine,512,1,64,it0100,0.6058857440948486,0.5758287906646729,0.0,False,0
C2_0,refine,512,1,64,it0101,0.16067130863666534,0.24748502671718597,0.0,False,0
C2_0,refine,512,1,64,it0102,0.33248984813690186,0.3989962339401245,0.15384615384615385,False,0
C2_0,refine,512,1,64,it0103,0.2962302565574646,0.3444480299949646,0.2727272727272727,False,0
C2_0,refine,512,1,64,it0104,0.4686749577522278,0.4780395030975342,0.16666666666666666,False,0
C2_0,refine,512,1,64,it0105,0.2880897521972656,0.41964712738990784,0.11428571428571428,False,0
C2_0,refine,512,1,64,it0106,0.47318169474601746,0.4059809446334839,0.4166666666666667,False,0
C2_0,refine,512,1,64,it0107,0.5471532344818115,0.34668076038360596,0.08695652173913043,False,0
C2_0,refine,512,1,64,it0108,0.44845202565193176,0.2767781615257263,0.0,False,0
C2_0,refine,512,1,64,it0109,0.42478570342063904,0.38163697719573975,0.05263157894736842,False,0
C2_0,refine,512,1,64,it0110,0.14839760959148407,0.2720361649990082,0.26666666666666666,False,0
C2_0,refine,512,1,64,it0111,0.34409576654434204,0.23097023367881775,0.3333333333333333,False,0
C2_0,refine,512,1,64,it0112,0.5748080015182495,0.5077003836631775,0.20454545454545456,False,0
C2_0,refine,512,1,64,it0113,0.5083571672439575,0.38138318061828613,0.09090909090909091,False,0
C2_0,refine,512,1,64,it0114,0.4942203760147095,0.42890456318855286,0.2222222222222222,False,0
C2_0,refine,512,1,64,it0115,0.3873932659626007,0.24811777472496033,0.0,False,0
C2_0,refine,512,1,64,it0116,0.48310577869415283,0.27949509024620056,0.4117647058823529,False,0
C2_0,refine,512,1,64,it0117,0.3774743378162384,0.46289774775505066,0.058823529411764705,False,0
C2_0,refine,512,1,64,it0118,0.35409635305404663,0.3818301558494568,0.25,False,0
C2_0,refine,512,1,64,it0119,0.6067692041397095,0.5861042141914368,0.21428571428571427,False,0
C2_0,refine,512,1,64,it0120,0.6189693808555603,0.5201904773712158,0.0,False,0
C2_0,refine,512,1,64,it0121,0.47371137142181396,0.2756701409816742,0.4,False,0
C2_0,refine,512,1,64,it0122,0.29281359910964966,0.20141346752643585,0.2727272727272727,False,0
C2_0,refine,512,1,64,it0123,0.2668860852718353,0.5096904039382935,0.11764705882352941,False,0
C2_0,refine,512,1,64,it0124,0.5580145120620728,0.34913158416748047,0.030303030303030304,False,0
C2_0,refine,512,1,64,it0125,0.5258657336235046,0.44849905371665955,0.28205128205128205,False,0
C2_0,refine,512,1,64,it0126,0.37291550636291504,0.49464151263237,0.0625,False,0
C2_0,refine,512,1,64,it0127,0.3297722637653351,0.3594326078891754,0.0,False,0
C2_0,refine,512,1,64,it0128,0.36077189445495605,0.3334583640098572,0.05,False,0
C2_0,refine,512,1,64,it0129,0.1848924607038498,0.165392205119133,0.0,False,0
C2_0,refine,512,1,64,it0130,0.40599489212036133,0.3998025059700012,0.1,False,0
C2_0,refine,512,1,64,it0131,0.20173923671245575,0.2949734330177307,0.06451612903225806,False,0
C2_0,refine,512,1,64,it0132,0.2667202949523926,0.13489918410778046,0.21428571428571427,False,0
C2_0,refine,512,1,64,it0133,0.3955824673175812,0.4346025586128235,0.07142857142857142,False,0
C2_0,refine,512,1,64,it0134,0.41812142729759216,0.2734445631504059,0.2894736842105263,False,0
C2_0,refine,512,1,64,it0135,0.41124603152275085,0.39885008335113525,0.2564102564102564,False,0
C2_0,refine,512,1,64,it0136,0.4894264042377472,0.5383622646331787,0.0,False,0
C2_0,refine,512,1,64,it0137,0.3661012351512909,0.28237098455429077,0.3333333333333333,False,0
C2_0,refine,512,1,64,it0138,0.471881628036499,0.5320029258728027,0.2222222222222222,False,0
C2_0,refine,512,1,64,it0139,0.561832845211029,0.516045093536377,0.0,False,0
C2_0,refine,512,1,64,it0140,0.40873008966445923,0.31685978174209595,0.5833333333333334,False,0
C2_0,refine,512,1,64,it0141,0.5405790209770203,0.6375605463981628,0.16666666666666666,False,0
C2_0,refine,512,1,64,it0142,0.18905305862426758,0.08936993777751923,0.12,False,0
C2_0,refine,512,1,64,it0143,0.3109293580055237,0.5034064054489136,0.0,False,0
C2_0,refine,512,1,64,it0144,0.6228414177894592,0.2715076506137848,0.35714285714285715,False,0
C2_0,refine,512,1,64,it0145,0.4277805685997009,0.5436059832572937,0.075,False,0
C2_0,refine,512,1,64,it0146,0.5191702842712402,0.43030646443367004,0.0,False,0
C2_0,refine,512,1,64,it0147,0.4373747706413269,0.37799304723739624,0.0,False,0
C2_0,refine,512,1,64,it0148,0.17225998640060425,0.16815806925296783,0.17857142857142858,False,0
C2_0,refine,512,1,64,it0149,0.4000775218009949,0.38967806100845337,0.21428571428571427,False,0
C2_0,refine,512,1,64,it0150,0.24601706862449646,0.23482027649879456,0.3076923076923077,False,0
C2_0,refine,512,1,64,it0151,0.5726640820503235,0.5120002031326294,0.0,False,0
C2_0,refine,512,1,64,it0152,0.5934903621673584,0.39087215065956116,0.0,False,0
C2_0,refine,512,1,64,it0153,0.3279477655887604,0.43192312121391296,0.2619047619047619,False,0
C2_0,refine,512,1,64,it0154,0.24269282817840576,0.11531497538089752,0.15789473684210525,False,0
C2_0,refine,512,1,64,it0155,0.37880346179008484,0.3080332577228546,0.03571428571428571,False,0
C2_0,refine,512,1,64,it0156,0.33094072341918945,0.3993830382823944,0.047619047619047616,False,0
C2_0,refine,512,1,64,it0157,0.4935604929924011,0.5093164443969727,0.023255813953488372,False,0
C2_0,refine,512,1,64,it0158,0.26942744851112366,0.18995854258537292,0.05263157894736842,False,0
C2_0,refine,512,1,64,it0159,0.34185725450515747,0.19310925900936127,0.14285714285714285,False,0
C2_0,refine,512,1,64,it0160,0.6016022562980652,0.3437235355377197,0.1935483870967742,False,0
C2_0,refine,512,1,64,it0161,0.3119749426841736,0.3504427671432495,0.06896551724137931,False,0
C2_0,refine,512,1,64,it0162,0.03184354677796364,0.18872106075286865,0.37037037037037035,False,0
C2_0,refine,512,1,64,it0163,0.48343706130981445,0.35024604201316833,0.0,False,0
C2_0,refine,512,1,64,it0164,0.4744305908679962,0.29671815037727356,0.0967741935483871,False,0
C2_0,refine,512,1,64,it0165,0.28613999485969543,0.20482909679412842,0.09090909090909091,False,0
C2_0,refine,512,1,64,it0166,0.47466644644737244,0.3235352337360382,0.08333333333333333,False,0
C2_0,refine,512,1,64,it0167,0.3651750385761261,0.4806557893753052,0.21052631578947367,False,0
C2_0,refine,512,1,64,it0168,0.22367721796035767,0.16118663549423218,0.1,False,0
C2_0,refine,512,1,64,it0169,0.33174654841423035,0.32810771465301514,0.05,False,0
C2_0,refine,512,1,64,it0170,0.45114320516586304,0.32524821162223816,0.35294117647058826,False,0
C2_0,refine,512,1,64,it0171,0.6456476449966431,0.5591034293174744,0.09523809523809523,False,0
C2_0,refine,512,1,64,it0172,0.18347303569316864,0.1823713779449463,0.0,False,0
C2_0,refine,512,1,64,it0173,0.5982851982116699,0.5159657001495361,0.1,False,0
C2_0,refine,512,1,64,it0174,0.43724262714385986,0.22566652297973633,0.4375,False,0
C2_0,refine,512,1,64,it0175,0.25716885924339294,0.32662197947502136,0.13333333333333333,False,0
C2_0,refine,512,1,64,it0176,0.42078545689582825,0.3518950343132019,0.0,False,0
C2_0,refine,512,1,64,it0177,0.3738245964050293,0.4075468182563782,0.05263157894736842,False,0
C2_0,refine,512,1,64,it0178,0.26792049407958984,0.20605269074440002,0.5882352941176471,False,0
C2_0,refine,512,1,64,it0179,0.5778086185455322,0.5840209722518921,0.12903225806451613,False,0
C2_0,refine,512,1,64,it0180,0.4984514117240906,0.37659716606140137,0.07142857142857142,False,0
C2_0,refine,512,1,64,it0181,0.4973095953464508,0.5006688237190247,0.07317073170731707,False,0
C2_0,refine,512,1,64,it0182,0.5918807983398438,0.5162192583084106,0.04,False,0
C2_0,refine,512,1,64,it0183,0.5410413146018982,0.6103156208992004,0.36,False,0
C2_0,refine,512,1,64,it0184,0.24230794608592987,0.2521343529224396,0.13333333333333333,False,0
C2_0,refine,512,1,64,it0185,0.3184431791305542,0.34081098437309265,0.1935483870967742,False,0
C2_0,refine,512,1,64,it0186,0.5165930986404419,0.4740011692047119,0.041666666666666664,False,0
C2_0,refine,512,1,64,it0187,0.37256747484207153,0.32163068652153015,0.125,False,0
C2_0,refine,512,1,64,it0188,0.42440712451934814,0.44320744276046753,0.1111111111111111,False,0
C2_0,refine,512,1,64,it0189,0.36782482266426086,0.36829254031181335,0.0,False,0
C2_0,refine,512,1,64,it0190,0.5369458794593811,0.5599263310432434,0.25,False,0
C2_0,refine,512,1,64,it0191,0.4138457179069519,0.26728782057762146,0.0,False,0
C2_0,refine,512,1,64,it0192,0.6017791628837585,0.5822129845619202,0.25925925925925924,False,0
C2_0,refine,512,1,64,it0193,0.3626289963722229,0.08271640539169312,0.25,False,0
C2_0,refine,512,1,64,it0194,0.6357449293136597,0.6314149498939514,0.09523809523809523,False,0
C2_0,refine,512,1,64,it0195,0.597404420375824,0.5064466595649719,0.38461538461538464,False,0
C2_0,refine,512,1,64,it0196,0.3909280002117157,0.2881348729133606,0.5,False,0
C2_0,refine,512,1,64,it0197,0.3842300772666931,0.3705487847328186,0.18181818181818182,False,0
C2_0,refine,512,1,64,it0198,0.3495434522628784,0.17694136500358582,0.125,False,0
C2_0,refine,512,1,64,it0199,0.36935004591941833,0.39383605122566223,0.058823529411764705,False,0
