run,arm,nfe,K,T,item,ecapa,wavlm,wer,degenerate,pick
C2_1,search,128,2,8,it0000,0.37153172492980957,0.3561299443244934,0.2608695652173913,False,1
C2_1,search,128,2,8,it0001,0.46120837330818176,0.24519643187522888,0.3888888888888889,False,0
C2_1,search,128,2,8,it0002,0.4157443046569824,0.36356937885284424,0.26666666666666666,False,1
C2_1,search,128,2,8,it0003,0.4365611672401428,0.32401877641677856,0.4,False,0
C2_1,search,128,2,8,it0004,0.5475614070892334,0.38627979159355164,0.125,False,1
C2_1,search,128,2,8,it0005,0.5028980374336243,0.374216228723526,0.037037037037037035,False,0
C2_1,search,128,2,8,it0006,0.28943130373954773,0.2775545120239258,0.2777777777777778,False,1
C2_1,search,128,2,8,it0007,0.34255877137184143,0.3645513653755188,0.1590909090909091,False,1
C2_1,search,128,2,8,it0008,0.4333319067955017,0.2887931168079376,0.14285714285714285,False,0
C2_1,search,128,2,8,it0009,0.485792875289917,0.5749750137329102,0.18518518518518517,False,0
C2_1,search,128,2,8,it0010,0.5528467893600464,0.6121912598609924,0.2777777777777778,False,1
C2_1,search,128,2,8,it0011,0.5470479130744934,0.4655953347682953,0.13043478260869565,False,1
C2_1,search,128,2,8,it0012,0.3396233320236206,0.20115819573402405,0.6896551724137931,False,1
C2_1,search,128,2,8,it0013,0.5117918252944946,0.4542222321033478,0.037037037037037035,False,1
C2_1,search,128,2,8,it0014,0.35216838121414185,0.381398469209671,0.4666666666666667,False,1
C2_1,search,128,2,8,it0015,0.4639088809490204,0.5453711748123169,0.7058823529411765,False,0
C2_1,search,128,2,8,it0016,0.5863054394721985,0.45049649477005005,0.20588235294117646,False,1
C2_1,search,128,2,8,it0017,0.49581584334373474,0.3629322648048401,0.2,False,1
C2_1,search,128,2,8,it0018,0.35989028215408325,0.3549233078956604,0.20588235294117646,False,1
C2_1,search,128,2,8,it0019,0.519695520401001,0.48094677925109863,0.2391304347826087,False,0
C2_1,search,128,2,8,it0020,0.49960631132125854,0.3090423345565796,0.46153846153846156,False,1
C2_1,search,128,2,8,it0021,0.49286070466041565,0.43585097789764404,0.2727272727272727,False,1
C2_1,search,128,2,8,it0022,0.45436134934425354,0.391476035118103,0.625,False,1
C2_1,search,128,2,8,it0023,0.5649635791778564,0.4276818633079529,0.5555555555555556,False,0
C2_1,search,128,2,8,it0024,0.5806029438972473,0.4619768261909485,0.14285714285714285,False,1
C2_1,search,128,2,8,it0025,0.6226878762245178,0.5153656601905823,0.3,False,0
C2_1,search,128,2,8,it0026,0.32225340604782104,0.33829185366630554,0.3125,False,1
C2_1,search,128,2,8,it0027,0.690596342086792,0.5358514785766602,0.1875,False,1
C2_1,search,128,2,8,it0028,0.5221734642982483,0.5735378861427307,0.3333333333333333,False,0
C2_1,search,128,2,8,it0029,0.1504969298839569,0.17472156882286072,0.3125,False,0
C2_1,search,128,2,8,it0030,0.5921981334686279,0.3944851756095886,0.96,True,0
C2_1,search,128,2,8,it0031,0.3748374283313751,0.32428330183029175,0.3888888888888889,False,1
C2_1,search,128,2,8,it0032,0.5294927954673767,0.40027695894241333,0.37037037037037035,False,1
C2_1,search,128,2,8,it0033,0.40509599447250366,0.4133148789405823,0.3076923076923077,False,1
C2_1,search,128,2,8,it0034,0.39715713262557983,0.29188185930252075,0.23333333333333334,False,0
C2_1,search,128,2,8,it0035,0.2761029005050659,0.12295804172754288,1.0,False,1
C2_1,search,128,2,8,it0036,0.570186972618103,0.4497377872467041,0.2222222222222222,False,0
C2_1,search,128,2,8,it0037,0.5810320377349854,0.5386662483215332,0.06666666666666667,False,1
C2_1,search,128,2,8,it0038,0.2883434295654297,0.2022412121295929,0.4864864864864865,False,1
C2_1,search,128,2,8,it0039,0.4769851565361023,0.4028796851634979,0.34146341463414637,False,1
C2_1,search,128,2,8,it0040,0.359077513217926,0.31076115369796753,0.26666666666666666,False,1
C2_1,search,128,2,8,it0041,0.5035971403121948,0.3277106285095215,0.18181818181818182,False,0
C2_1,search,128,2,8,it0042,0.3983607292175293,0.33665889501571655,0.3333333333333333,False,0
C2_1,search,128,2,8,it0043,0.22313684225082397,0.2288743257522583,0.038461538461538464,False,0
C2_1,search,128,2,8,it0044,0.42201972007751465,0.34149107336997986,0.84,False,0
C2_1,search,128,2,8,it0045,0.27178630232810974,0.3369580805301666,0.2,False,1
C2_1,search,128,2,8,it0046,0.35148927569389343,0.2749476432800293,0.3125,False,1
C2_1,search,128,2,8,it0047,0.2349783182144165,0.18951985239982605,0.75,False,1
C2_1,search,128,2,8,it0048,0.4449211359024048,0.5052793622016907,0.125,False,0
C2_1,search,128,2,8,it0049,0.34954699873924255,0.5571748614311218,0.3181818181818182,False,0
C2_1,search,128,2,8,it0050,0.2535052001476288,0.12307882308959961,0.36363636363636365,False,1
C2_1,search,128,2,8,it0051,0.1945415735244751,0.46745070815086365,0.10344827586206896,False,1
C2_1,search,128,2,8,it0052,0.32526540756225586,0.3098478317260742,0.06666666666666667,False,0
C2_1,search,128,2,8,it0053,0.2196701467037201,0.3666921854019165,0.4864864864864865,False,0
C2_1,search,128,2,8,it0054,0.36787235736846924,0.4161131978034973,0.4583333333333333,False,1
C2_1,search,128,2,8,it0055,0.48327285051345825,0.47667014598846436,0.3076923076923077,False,1
C2_1,search,128,2,8,it0056,0.3122952878475189,0.22897294163703918,0.6,False,1
C2_1,search,128,2,8,it0057,0.5786982774734497,0.4310976564884186,0.5294117647058824,False,0
C2_1,search,128,2,8,it0058,0.2658897340297699,0.4145250618457794,0.25,False,1
C2_1,search,128,2,8,it0059,0.48363614082336426,0.5035483241081238,0.2857142857142857,False,0
C2_1,search,128,2,8,it0060,0.41180527210235596,0.3728260099887848,0.058823529411764705,False,0
C2_1,search,128,2,8,it0061,0.5381170511245728,0.5680848956108093,0.0,False,1
C2_1,search,128,2,8,it0062,0.6042847037315369,0.5225307941436768,0.14285714285714285,False,0
C2_1,search,128,2,8,it0063,0.4049295485019684,0.3210741877555847,0.41379310344827586,False,1
C2_1,search,128,2,8,it0064,0.34364157915115356,0.3762528598308563,0.2777777777777778,False,0
C2_1,search,128,2,8,it0065,0.5456959009170532,0.5880319476127625,0.48717948717948717,False,0
C2_1,search,128,2,8,it0066,0.2556855082511902,0.33353450894355774,0.23809523809523808,False,1
C2_1,search,128,2,8,it0067,0.243107408285141,0.24003340303897858,0.3888888888888889,False,1
C2_1,search,128,2,8,it0068,0.7083093523979187,0.597050666809082,0.05128205128205128,False,1
C2_1,search,128,2,8,it0069,0.39220452308654785,0.4239116311073303,0.36363636363636365,False,0
C2_1,search,128,2,8,it0070,0.5080225467681885,0.45608288049697876,0.13333333333333333,False,1
C2_1,search,128,2,8,it0071,0.4806864857673645,0.42036598920822144,0.4642857142857143,False,1
C2_1,search,128,2,8,it0072,0.43590977787971497,0.47577965259552,0.09090909090909091,False,1
C2_1,search,128,2,8,it0073,0.19858188927173615,0.24302799999713898,0.5517241379310345,False,1
C2_1,search,128,2,8,it0074,0.26970481872558594,0.14520351588726044,0.06666666666666667,False,0
C2_1,search,128,2,8,it0075,0.40700727701187134,0.29823583364486694,0.08695652173913043,False,1
C2_1,search,128,2,8,it0076,0.5935438275337219,0.2727421224117279,0.13043478260869565,False,1
C2_1,search,128,2,8,it0077,0.3879769444465637,0.39856523275375366,0.5,False,0
C2_1,search,128,2,8,it0078,0.3924081325531006,0.2911878824234009,0.3333333333333333,False,1
C2_1,search,128,2,8,it0079,0.550722062587738,0.49648070335388184,0.041666666666666664,False,0
C2_1,search,128,2,8,it0080,0.3123028874397278,0.20521898567676544,0.4146341463414634,False,0
C2_1,search,128,2,8,it0081,0.3152666687965393,0.32342541217803955,0.21428571428571427,False,1
C2_1,search,128,2,8,it0082,0.5331989526748657,0.41971734166145325,0.0,False,0
C2_1,search,128,2,8,it0083,0.5276321172714233,0.38654571771621704,0.08823529411764706,False,0
C2_1,search,128,2,8,it0084,0.6078162789344788,0.43430250883102417,0.1111111111111111,False,0
C2_1,search,128,2,8,it0085,0.4940154552459717,0.34290021657943726,0.07142857142857142,False,1
C2_1,search,128,2,8,it0086,0.5445273518562317,0.4830167889595032,0.5882352941176471,False,1
C2_1,search,128,2,8,it0087,0.5076944231987,0.6133991479873657,0.1875,False,0
C2_1,search,128,2,8,it0088,0.23766963183879852,0.30820149183273315,0.3333333333333333,False,1
C2_1,search,128,2,8,it0089,0.5071967244148254,0.31959933042526245,0.041666666666666664,False,1
C2_1,search,128,2,8,it0090,0.5652127265930176,0.5481953620910645,0.0,False,0
C2_1,search,128,2,8,it0091,0.5818206071853638,0.5546196103096008,0.0967741935483871,False,1
C2_1,search,128,2,8,it0092,0.4116417169570923,0.46342313289642334,0.11428571428571428,False,0
C2_1,search,128,2,8,it0093,0.5820397138595581,0.4752546548843384,0.42105263157894735,False,1
C2_1,search,128,2,8,it0094,0.5804175138473511,0.5328338146209717,0.0,False,1
C2_1,search,128,2,8,it0095,0.452728271484375,0.44419461488723755,0.3333333333333333,False,0
C2_1,search,128,2,8,it0096,0.4545460343360901,0.3590630292892456,0.5454545454545454,False,0
C2_1,search,128,2,8,it0097,0.5547934174537659,0.47265759110450745,0.15,False,0
C2_1,search,128,2,8,it0098,0.5008488297462463,0.39368700981140137,0.14814814814814814,False,0
C2_1,search,128,2,8,it0099,0.301460862159729,0.17263135313987732,0.0,False,1
C2_1,search,128,2,8,it0100,0.6227156519889832,0.5537240505218506,0.0,False,0
C2_1,search,128,2,8,it0101,0.28853312134742737,0.22667734324932098,0.18421052631578946,False,0
C2_1,search,128,2,8,it0102,0.34664618968963623,0.4450992941856384,0.0,False,0
C2_1,search,128,2,8,it0103,0.3869098126888275,0.3757271468639374,0.18181818181818182,False,1
C2_1,search,128,2,8,it0104,0.4767361879348755,0.47352316975593567,0.0,False,1
C2_1,search,128,2,8,it0105,0.438463032245636,0.4865465760231018,0.2,False,0
C2_1,search,128,2,8,it0106,0.4462696313858032,0.4675120711326599,0.16666666666666666,False,1
C2_1,search,128,2,8,it0107,0.602295994758606,0.5383573174476624,0.13043478260869565,False,0
C2_1,search,128,2,8,it0108,0.33030468225479126,0.30217641592025757,0.1875,False,1
C2_1,search,128,2,8,it0109,0.4931091368198395,0.46368807554244995,0.3684210526315789,False,0
C2_1,search,128,2,8,it0110,0.1679714024066925,0.2828212082386017,0.3,False,0
C2_1,search,128,2,8,it0111,0.20286069810390472,0.14442530274391174,0.5454545454545454,False,1
C2_1,search,128,2,8,it0112,0.6319103837013245,0.5197381377220154,0.11363636363636363,False,1
C2_1,search,128,2,8,it0113,0.580730140209198,0.5386043190956116,0.13636363636363635,False,0
C2_1,search,128,2,8,it0114,0.3748070001602173,0.3552888333797455,0.4444444444444444,False,1
C2_1,search,128,2,8,it0115,0.29425495862960815,0.24276427924633026,0.14285714285714285,False,0
C2_1,search,128,2,8,it0116,0.49141111969947815,0.3682337999343872,0.4117647058823529,False,1
C2_1,search,128,2,8,it0117,0.5475903749465942,0.5613659024238586,0.20588235294117646,False,1
C2_1,search,128,2,8,it0118,0.5624041557312012,0.5101390480995178,0.3076923076923077,False,1
C2_1,search,128,2,8,it0119,0.37881892919540405,0.4809616208076477,0.35714285714285715,False,0
C2_1,search,128,2,8,it0120,0.6157918572425842,0.5592470169067383,0.13333333333333333,False,1
C2_1,search,128,2,8,it0121,0.4913281798362732,0.41585788130760193,0.8,False,0
C2_1,search,128,2,8,it0122,0.2218274474143982,0.2835363745689392,0.5,False,1
C2_1,search,128,2,8,it0123,0.2466760277748108,0.20294614136219025,0.29411764705882354,False,1
C2_1,search,128,2,8,it0124,0.5611255168914795,0.447799950838089,0.5151515151515151,False,1
C2_1,search,128,2,8,it0125,0.45958223938941956,0.41572657227516174,0.28205128205128205,False,1
C2_1,search,128,2,8,it0126,0.43981221318244934,0.3938516676425934,0.25,False,1
C2_1,search,128,2,8,it0127,0.4245782792568207,0.24646738171577454,0.29411764705882354,False,0
C2_1,search,128,2,8,it0128,0.2111102044582367,0.24898894131183624,0.25,False,0
C2_1,search,128,2,8,it0129,0.3647635877132416,0.31145179271698,0.23529411764705882,False,1
C2_1,search,128,2,8,it0130,0.2946491837501526,0.3329411447048187,0.1,False,1
C2_1,search,128,2,8,it0131,0.2873198986053467,0.35390761494636536,0.5161290322580645,False,0
C2_1,search,128,2,8,it0132,0.3701416552066803,0.2305932343006134,0.2857142857142857,False,1
C2_1,search,128,2,8,it0133,0.5671241283416748,0.5098680257797241,0.14285714285714285,False,0
C2_1,search,128,2,8,it0134,0.3769802749156952,0.3019837439060211,0.23684210526315788,False,0
C2_1,search,128,2,8,it0135,0.3717997968196869,0.34365037083625793,0.23076923076923078,False,0
C2_1,search,128,2,8,it0136,0.38650262355804443,0.3121276795864105,0.0,False,0
C2_1,search,128,2,8,it0137,0.6098634600639343,0.36473092436790466,0.3333333333333333,False,0
C2_1,search,128,2,8,it0138,0.5722695589065552,0.5696630477905273,0.6111111111111112,False,1
C2_1,search,128,2,8,it0139,0.5797597169876099,0.43864941596984863,0.0,False,1
C2_1,search,128,2,8,it0140,0.4329303503036499,0.26861464977264404,0.4583333333333333,False,0
C2_1,search,128,2,8,it0141,0.5935085415840149,0.6803536415100098,0.4,False,0
C2_1,search,128,2,8,it0142,0.21667741239070892,0.166218101978302,0.28,False,1
C2_1,search,128,2,8,it0143,0.2593333125114441,0.3640826344490051,0.0,False,1
C2_1,search,128,2,8,it0144,0.6099996566772461,0.42774152755737305,0.32142857142857145,False,1
C2_1,search,128,2,8,it0145,0.5266411304473877,0.5883654952049255,0.35,False,1
C2_1,search,128,2,8,it0146,0.46601805090904236,0.3972459137439728,0.0,False,1
C2_1,search,128,2,8,it0147,0.46034297347068787,0.3156426250934601,0.17391304347826086,False,0
C2_1,search,128,2,8,it0148,0.08756464719772339,0.16058261692523956,0.10714285714285714,False,0
C2_1,search,128,2,8,it0149,0.5103074312210083,0.4223274290561676,0.14285714285714285,False,0
C2_1,search,128,2,8,it0150,0.34033679962158203,0.4053875803947449,0.19230769230769232,False,1
C2_1,search,128,2,8,it0151,0.6188305616378784,0.49814173579216003,0.0,False,1
C2_1,search,128,2,8,it0152,0.5500456094741821,0.42897289991378784,0.0,False,1
C2_1,search,128,2,8,it0153,0.32872310280799866,0.3329756557941437,0.16666666666666666,False,0
C2_1,search,128,2,8,it0154,0.19175568222999573,0.10598504543304443,0.10526315789473684,False,0
C2_1,search,128,2,8,it0155,0.25643858313560486,0.3277042508125305,0.17857142857142858,False,0
C2_1,search,128,2,8,it0156,0.25867754220962524,0.1820266991853714,0.38095238095238093,False,0
C2_1,search,128,2,8,it0157,0.5695191025733948,0.41939565539360046,0.37209302325581395,False,1
C2_1,search,128,2,8,it0158,0.23483456671237946,0.29555967450141907,0.10526315789473684,False,1
C2_1,search,128,2,8,it0159,0.4550876021385193,0.2961590588092804,0.21428571428571427,False,1
C2_1,search,128,2,8,it0160,0.6092191338539124,0.428718626499176,0.0967741935483871,False,1
C2_1,search,128,2,8,it0161,0.37321674823760986,0.3803931474685669,0.06896551724137931,False,0
C2_1,search,128,2,8,it0162,0.19520366191864014,0.3075273334980011,0.6666666666666666,False,1
C2_1,search,128,2,8,it0163,0.4948713779449463,0.3961111605167389,0.0,False,0
C2_1,search,128,2,8,it0164,0.516237735748291,0.35734057426452637,0.16129032258064516,False,1
C2_1,search,128,2,8,it0165,0.4070345163345337,0.36525633931159973,0.30303030303030304,False,1
C2_1,search,128,2,8,it0166,0.45572954416275024,0.261264443397522,0.16666666666666666,False,0
C2_1,search,128,2,8,it0167,0.41224929690361023,0.4557337760925293,0.3157894736842105,False,1
C2_1,search,128,2,8,it0168,0.3463630676269531,0.28814437985420227,0.2,False,1
C2_1,search,128,2,8,it0169,0.3998042643070221,0.29696324467658997,0.35,False,0
C2_1,search,128,2,8,it0170,0.3755760192871094,0.32092350721359253,0.29411764705882354,False,1
C2_1,search,128,2,8,it0171,0.7236875295639038,0.5544335842132568,0.2857142857142857,False,1
C2_1,search,128,2,8,it0172,0.2778186798095703,0.37794679403305054,0.08,False,0
C2_1,search,128,2,8,it0173,0.6765602231025696,0.6073943972587585,0.23333333333333334,False,0
C2_1,search,128,2,8,it0174,0.44787177443504333,0.37980684638023376,0.25,False,0
C2_1,search,128,2,8,it0175,0.17675215005874634,0.16437499225139618,0.26666666666666666,False,1
C2_1,search,128,2,8,it0176,0.27916038036346436,0.3207100033760071,0.2777777777777778,False,1
C2_1,search,128,2,8,it0177,0.43246322870254517,0.4504568576812744,0.05263157894736842,False,0
C2_1,search,128,2,8,it0178,0.42601126432418823,0.2130482792854309,0.8823529411764706,False,0
C2_1,search,128,2,8,it0179,0.5948094725608826,0.5762367248535156,0.41935483870967744,False,1
C2_1,search,128,2,8,it0180,0.34638774394989014,0.43008989095687866,0.14285714285714285,False,0
C2_1,search,128,2,8,it0181,0.48974063992500305,0.5411627888679504,0.12195121951219512,False,1
C2_1,search,128,2,8,it0182,0.5679109692573547,0.3944132924079895,0.44,False,1
C2_1,search,128,2,8,it0183,0.4940849244594574,0.4905461072921753,0.56,False,1
C2_1,search,128,2,8,it0184,0.22107578814029694,0.31987324357032776,0.5333333333333333,False,1
C2_1,search,128,2,8,it0185,0.41198796033859253,0.4282952845096588,0.41935483870967744,False,0
C2_1,search,128,2,8,it0186,0.5890687108039856,0.48419490456581116,0.3333333333333333,False,0
C2_1,search,128,2,8,it0187,0.5516916513442993,0.5272588133811951,0.4375,False,1
C2_1,search,128,2,8,it0188,0.5121200084686279,0.4738514721393585,0.6111111111111112,False,0
C2_1,search,128,2,8,it0189,0.33616697788238525,0.28036174178123474,0.15,False,1
C2_1,search,128,2,8,it0190,0.5656240582466125,0.5130975246429443,0.25,False,0
C2_1,search,128,2,8,it0191,0.44256919622421265,0.31092795729637146,0.16,False,1
C2_1,search,128,2,8,it0192,0.5374708771705627,0.5257889032363892,0.3333333333333333,False,0
C2_1,search,128,2,8,it0193,0.4399881660938263,0.21133261919021606,0.875,False,1
C2_1,search,128,2,8,it0194,0.6165461540222168,0.6095388531684875,0.0,False,0
C2_1,search,128,2,8,it0195,0.5775521993637085,0.5537952184677124,0.3076923076923077,False,0
C2_1,search,128,2,8,it0196,0.5165565013885498,0.3906862437725067,0.35714285714285715,False,1
C2_1,search,128,2,8,it0197,0.415759801864624,0.4284641444683075,0.0,False,0
C2_1,search,128,2,8,it0198,0.17307987809181213,0.048639990389347076,0.0,False,1
C2_1,search,128,2,8,it0199,0.3590930700302124,0.40697580575942993,0.058823529411764705,False,1
C2_1,search,256,4,8,it0000,0.5565080642700195,0.4156322777271271,0.3695652173913043,False,3
C2_1,search,256,4,8,it0001,0.4288460612297058,0.29223155975341797,0.5,False,3
C2_1,search,256,4,8,it0002,0.4157443046569824,0.36356937885284424,0.26666666666666666,False,1
C2_1,search,256,4,8,it0003,0.4365611672401428,0.32401877641677856,0.4,False,0
C2_1,search,256,4,8,it0004,0.4161779582500458,0.4168453514575958,0.375,False,3
C2_1,search,256,4,8,it0005,0.5028980374336243,0.374216228723526,0.037037037037037035,False,0
C2_1,search,256,4,8,it0006,0.2765202820301056,0.37904247641563416,0.6111111111111112,False,3
C2_1,search,256,4,8,it0007,0.28961655497550964,0.41399461030960083,0.4318181818181818,False,3
C2_1,search,256,4,8,it0008,0.4333319067955017,0.2887931168079376,0.14285714285714285,False,0
C2_1,search,256,4,8,it0009,0.485792875289917,0.5749750137329102,0.18518518518518517,False,0
C2_1,search,256,4,8,it0010,0.5528467893600464,0.6121912598609924,0.2777777777777778,False,1
C2_1,search,256,4,8,it0011,0.5470479130744934,0.4655953347682953,0.13043478260869565,False,1
C2_1,search,256,4,8,it0012,0.41963765025138855,0.3591036796569824,0.7931034482758621,False,2
C2_1,search,256,4,8,it0013,0.5962390303611755,0.5600504875183105,0.07407407407407407,False,2
C2_1,search,256,4,8,it0014,0.381950318813324,0.4070318639278412,0.2,False,3
C2_1,search,256,4,8,it0015,0.4639088809490204,0.5453711748123169,0.7058823529411765,False,0
C2_1,search,256,4,8,it0016,0.5863054394721985,0.45049649477005005,0.20588235294117646,False,1
C2_1,search,256,4,8,it0017,0.45504873991012573,0.3879249691963196,0.13333333333333333,False,2
C2_1,search,256,4,8,it0018,0.35989028215408325,0.3549233078956604,0.20588235294117646,False,1
C2_1,search,256,4,8,it0019,0.5284976959228516,0.539533257484436,0.3695652173913043,False,3
C2_1,search,256,4,8,it0020,0.49960631132125854,0.3090423345565796,0.46153846153846156,False,1
C2_1,search,256,4,8,it0021,0.49286070466041565,0.43585097789764404,0.2727272727272727,False,1
C2_1,search,256,4,8,it0022,0.3620263636112213,0.3970853388309479,0.45,False,2
C2_1,search,256,4,8,it0023,0.6116634607315063,0.4583635926246643,0.5,False,2
C2_1,search,256,4,8,it0024,0.5911988019943237,0.476762592792511,0.14285714285714285,False,2
C2_1,search,256,4,8,it0025,0.57499098777771,0.5525240898132324,0.0,False,3
C2_1,search,256,4,8,it0026,0.32225340604782104,0.33829185366630554,0.3125,False,1
C2_1,search,256,4,8,it0027,0.6965543627738953,0.6138691902160645,0.125,False,3
C2_1,search,256,4,8,it0028,0.5221734642982483,0.5735378861427307,0.3333333333333333,False,0
C2_1,search,256,4,8,it0029,0.26796039938926697,0.29527032375335693,0.125,False,2
C2_1,search,256,4,8,it0030,0.5921981334686279,0.3944851756095886,0.96,True,0
C2_1,search,256,4,8,it0031,0.3748374283313751,0.32428330183029175,0.3888888888888889,False,1
C2_1,search,256,4,8,it0032,0.6768558621406555,0.5465674996376038,0.37037037037037035,False,2
C2_1,search,256,4,8,it0033,0.40509599447250366,0.4133148789405823,0.3076923076923077,False,1
C2_1,search,256,4,8,it0034,0.37485775351524353,0.3005155324935913,0.23333333333333334,False,2
C2_1,search,256,4,8,it0035,0.32389411330223083,0.19535143673419952,0.38461538461538464,False,2
C2_1,search,256,4,8,it0036,0.5489702820777893,0.5017765760421753,0.3888888888888889,False,2
C2_1,search,256,4,8,it0037,0.5810320377349854,0.5386662483215332,0.06666666666666667,False,1
C2_1,search,256,4,8,it0038,0.3023661971092224,0.2033787965774536,0.1891891891891892,False,3
C2_1,search,256,4,8,it0039,0.484531044960022,0.43343570828437805,0.2682926829268293,False,2
C2_1,search,256,4,8,it0040,0.39150649309158325,0.3130906820297241,0.3333333333333333,False,3
C2_1,search,256,4,8,it0041,0.6161652207374573,0.3724234104156494,0.2727272727272727,False,2
C2_1,search,256,4,8,it0042,0.4665238559246063,0.36963731050491333,0.37037037037037035,False,2
C2_1,search,256,4,8,it0043,0.22313684225082397,0.2288743257522583,0.038461538461538464,False,0
C2_1,search,256,4,8,it0044,0.49030208587646484,0.5370464324951172,0.76,False,2
C2_1,search,256,4,8,it0045,0.18276885151863098,0.3373243510723114,0.3333333333333333,False,2
C2_1,search,256,4,8,it0046,0.3510262668132782,0.3368375897407532,0.125,False,2
C2_1,search,256,4,8,it0047,0.31047534942626953,0.2299189418554306,0.65,False,2
C2_1,search,256,4,8,it0048,0.4449211359024048,0.5052793622016907,0.125,False,0
C2_1,search,256,4,8,it0049,0.34954699873924255,0.5571748614311218,0.3181818181818182,False,0
C2_1,search,256,4,8,it0050,0.2535052001476288,0.12307882308959961,0.36363636363636365,False,1
C2_1,search,256,4,8,it0051,0.1945415735244751,0.46745070815086365,0.10344827586206896,False,1
C2_1,search,256,4,8,it0052,0.32526540756225586,0.3098478317260742,0.06666666666666667,False,0
C2_1,search,256,4,8,it0053,0.2196701467037201,0.3666921854019165,0.4864864864864865,False,0
C2_1,search,256,4,8,it0054,0.36787235736846924,0.4161131978034973,0.4583333333333333,False,1
C2_1,search,256,4,8,it0055,0.48327285051345825,0.47667014598846436,0.3076923076923077,False,1
C2_1,search,256,4,8,it0056,0.3122952878475189,0.22897294163703918,0.6,False,1
C2_1,search,256,4,8,it0057,0.5786982774734497,0.4310976564884186,0.5294117647058824,False,0
C2_1,search,256,4,8,it0058,0.2658897340297699,0.4145250618457794,0.25,False,1
C2_1,search,256,4,8,it0059,0.5522153973579407,0.5568003058433533,0.21428571428571427,False,2
C2_1,search,256,4,8,it0060,0.41180527210235596,0.3728260099887848,0.058823529411764705,False,0
C2_1,search,256,4,8,it0061,0.549034595489502,0.5931593179702759,0.0,False,3
C2_1,search,256,4,8,it0062,0.6313048601150513,0.6365190148353577,0.14285714285714285,False,2
C2_1,search,256,4,8,it0063,0.4049295485019684,0.3210741877555847,0.41379310344827586,False,1
C2_1,search,256,4,8,it0064,0.3791516423225403,0.4700649380683899,0.16666666666666666,False,2
C2_1,search,256,4,8,it0065,0.5456959009170532,0.5880319476127625,0.48717948717948717,False,0
C2_1,search,256,4,8,it0066,0.2556855082511902,0.33353450894355774,0.23809523809523808,False,1
C2_1,search,256,4,8,it0067,0.2182956337928772,0.2690993845462799,0.5555555555555556,False,2
C2_1,search,256,4,8,it0068,0.692527711391449,0.6007829308509827,0.0,False,3
C2_1,search,256,4,8,it0069,0.39220452308654785,0.4239116311073303,0.36363636363636365,False,0
C2_1,search,256,4,8,it0070,0.5080225467681885,0.45608288049697876,0.13333333333333333,False,1
C2_1,search,256,4,8,it0071,0.4806864857673645,0.42036598920822144,0.4642857142857143,False,1
C2_1,search,256,4,8,it0072,0.43590977787971497,0.47577965259552,0.09090909090909091,False,1
C2_1,search,256,4,8,it0073,0.16391180455684662,0.2752769887447357,0.41379310344827586,False,2
C2_1,search,256,4,8,it0074,0.14217571914196014,0.19117701053619385,0.5333333333333333,False,2
C2_1,search,256,4,8,it0075,0.3509805202484131,0.47137242555618286,0.043478260869565216,False,3
C2_1,search,256,4,8,it0076,0.5693144202232361,0.4179311990737915,0.391304347826087,False,2
C2_1,search,256,4,8,it0077,0.3879769444465637,0.39856523275375366,0.5,False,0
C2_1,search,256,4,8,it0078,0.3924081325531006,0.2911878824234009,0.3333333333333333,False,1
C2_1,search,256,4,8,it0079,0.6054949164390564,0.5042267441749573,0.20833333333333334,False,3
C2_1,search,256,4,8,it0080,0.5493130683898926,0.22610169649124146,0.4878048780487805,False,2
C2_1,search,256,4,8,it0081,0.3152666687965393,0.32342541217803955,0.21428571428571427,False,1
C2_1,search,256,4,8,it0082,0.5331989526748657,0.41971734166145325,0.0,False,0
C2_1,search,256,4,8,it0083,0.5276321172714233,0.38654571771621704,0.08823529411764706,False,0
C2_1,search,256,4,8,it0084,0.6750806570053101,0.45408764481544495,0.2,False,2
C2_1,search,256,4,8,it0085,0.6180112361907959,0.45090416073799133,0.35714285714285715,False,3
C2_1,search,256,4,8,it0086,0.5445273518562317,0.4830167889595032,0.5882352941176471,False,1
C2_1,search,256,4,8,it0087,0.5076944231987,0.6133991479873657,0.1875,False,0
C2_1,search,256,4,8,it0088,0.4023702144622803,0.3201325833797455,0.0,False,3
C2_1,search,256,4,8,it0089,0.5071967244148254,0.31959933042526245,0.041666666666666664,False,1
C2_1,search,256,4,8,it0090,0.5652127265930176,0.5481953620910645,0.0,False,0
C2_1,search,256,4,8,it0091,0.60789555311203,0.6390471458435059,0.1935483870967742,False,2
C2_1,search,256,4,8,it0092,0.4116417169570923,0.46342313289642334,0.11428571428571428,False,0
C2_1,search,256,4,8,it0093,0.5820397138595581,0.4752546548843384,0.42105263157894735,False,1
C2_1,search,256,4,8,it0094,0.5804175138473511,0.5328338146209717,0.0,False,1
C2_1,search,256,4,8,it0095,0.452728271484375,0.44419461488723755,0.3333333333333333,False,0
C2_1,search,256,4,8,it0096,0.4545460343360901,0.3590630292892456,0.5454545454545454,False,0
C2_1,search,256,4,8,it0097,0.6193006038665771,0.6773896813392639,0.15,False,3
C2_1,search,256,4,8,it0098,0.5008488297462463,0.39368700981140137,0.14814814814814814,False,0
C2_1,search,256,4,8,it0099,0.301460862159729,0.17263135313987732,0.0,False,1
C2_1,search,256,4,8,it0100,0.5908984541893005,0.5824132561683655,0.0,False,2
C2_1,search,256,4,8,it0101,0.28853312134742737,0.22667734324932098,0.18421052631578946,False,0
C2_1,search,256,4,8,it0102,0.34664618968963623,0.4450992941856384,0.0,False,0
C2_1,search,256,4,8,it0103,0.3882318437099457,0.41264626383781433,0.2727272727272727,False,2
C2_1,search,256,4,8,it0104,0.4767361879348755,0.47352316975593567,0.0,False,1
C2_1,search,256,4,8,it0105,0.41520747542381287,0.5017824172973633,0.34285714285714286,False,2
C2_1,search,256,4,8,it0106,0.4462696313858032,0.4675120711326599,0.16666666666666666,False,1
C2_1,search,256,4,8,it0107,0.602295994758606,0.5383573174476624,0.13043478260869565,False,0
C2_1,search,256,4,8,it0108,0.4243945777416229,0.33459416031837463,0.375,False,3
C2_1,search,256,4,8,it0109,0.4931091368198395,0.46368807554244995,0.3684210526315789,False,0
C2_1,search,256,4,8,it0110,0.1422196477651596,0.32502731680870056,0.4666666666666667,False,3
C2_1,search,256,4,8,it0111,0.2794356942176819,0.1738286018371582,0.21212121212121213,False,3
C2_1,search,256,4,8,it0112,0.6636748909950256,0.595349133014679,0.3181818181818182,False,2
C2_1,search,256,4,8,it0113,0.580730140209198,0.5386043190956116,0.13636363636363635,False,0
C2_1,search,256,4,8,it0114,0.5178592801094055,0.36515605449676514,0.3888888888888889,False,2
C2_1,search,256,4,8,it0115,0.29276978969573975,0.2677208483219147,0.0,False,3
C2_1,search,256,4,8,it0116,0.5025327205657959,0.40954113006591797,0.47058823529411764,False,2
C2_1,search,256,4,8,it0117,0.5475903749465942,0.5613659024238586,0.20588235294117646,False,1
C2_1,search,256,4,8,it0118,0.5624041557312012,0.5101390480995178,0.3076923076923077,False,1
C2_1,search,256,4,8,it0119,0.4879567325115204,0.5938239097595215,0.14285714285714285,False,2
C2_1,search,256,4,8,it0120,0.6157918572425842,0.5592470169067383,0.13333333333333333,False,1
C2_1,search,256,4,8,it0121,0.4913281798362732,0.41585788130760193,0.8,False,0
C2_1,search,256,4,8,it0122,0.2218274474143982,0.2835363745689392,0.5,False,1
C2_1,search,256,4,8,it0123,0.37597334384918213,0.44859030842781067,0.11764705882352941,False,3
C2_1,search,256,4,8,it0124,0.5611255168914795,0.447799950838089,0.5151515151515151,False,1
C2_1,search,256,4,8,it0125,0.45958223938941956,0.41572657227516174,0.28205128205128205,False,1
C2_1,search,256,4,8,it0126,0.4095866084098816,0.4919869303703308,0.125,False,3
C2_1,search,256,4,8,it0127,0.37227779626846313,0.4732034504413605,0.0,False,3
C2_1,search,256,4,8,it0128,0.2111102044582367,0.24898894131183624,0.25,False,0
C2_1,search,256,4,8,it0129,0.3647635877132416,0.31145179271698,0.23529411764705882,False,1
C2_1,search,256,4,8,it0130,0.2946491837501526,0.3329411447048187,0.1,False,1
C2_1,search,256,4,8,it0131,0.3174445629119873,0.3907603621482849,0.2903225806451613,False,3
C2_1,search,256,4,8,it0132,0.338642418384552,0.3119913339614868,0.07142857142857142,False,2
C2_1,search,256,4,8,it0133,0.47114038467407227,0.5185422897338867,0.14285714285714285,False,3
C2_1,search,256,4,8,it0134,0.3769802749156952,0.3019837439060211,0.23684210526315788,False,0
C2_1,search,256,4,8,it0135,0.3717997968196869,0.34365037083625793,0.23076923076923078,False,0
C2_1,search,256,4,8,it0136,0.35953670740127563,0.38027438521385193,0.2,False,2
C2_1,search,256,4,8,it0137,0.6098634600639343,0.36473092436790466,0.3333333333333333,False,0
C2_1,search,256,4,8,it0138,0.5722695589065552,0.5696630477905273,0.6111111111111112,False,1
C2_1,search,256,4,8,it0139,0.5797597169876099,0.43864941596984863,0.0,False,1
C2_1,search,256,4,8,it0140,0.43954721093177795,0.36869561672210693,0.3333333333333333,False,2
C2_1,search,256,4,8,it0141,0.5935085415840149,0.6803536415100098,0.4,False,0
C2_1,search,256,4,8,it0142,0.21649059653282166,0.18455694615840912,0.2,False,3
C2_1,search,256,4,8,it0143,0.30952757596969604,0.4535670280456543,0.125,False,2
C2_1,search,256,4,8,it0144,0.6099996566772461,0.42774152755737305,0.32142857142857145,False,1
C2_1,search,256,4,8,it0145,0.5266411304473877,0.5883654952049255,0.35,False,1
C2_1,search,256,4,8,it0146,0.4885982275009155,0.5343267917633057,0.2,False,2
C2_1,search,256,4,8,it0147,0.5043601393699646,0.41538694500923157,0.0,False,3
C2_1,search,256,4,8,it0148,0.22833660244941711,0.23643402755260468,0.2857142857142857,False,2
C2_1,search,256,4,8,it0149,0.5103074312210083,0.4223274290561676,0.14285714285714285,False,0
C2_1,search,256,4,8,it0150,0.40810084342956543,0.44270938634872437,0.2692307692307692,False,2
C2_1,search,256,4,8,it0151,0.6188305616378784,0.49814173579216003,0.0,False,1
C2_1,search,256,4,8,it0152,0.5016828775405884,0.49338850378990173,0.0,False,3
C2_1,search,256,4,8,it0153,0.3113252818584442,0.36765211820602417,0.21428571428571427,False,3
C2_1,search,256,4,8,it0154,0.20050330460071564,0.16825459897518158,0.0,False,2
C2_1,search,256,4,8,it0155,0.25643858313560486,0.3277042508125305,0.17857142857142858,False,0
C2_1,search,256,4,8,it0156,0.25867754220962524,0.1820266991853714,0.38095238095238093,False,0
C2_1,search,256,4,8,it0157,0.5216267704963684,0.5600700974464417,0.18604651162790697,False,3
C2_1,search,256,4,8,it0158,0.4388417601585388,0.46458297967910767,0.3684210526315789,False,2
C2_1,search,256,4,8,it0159,0.4550876021385193,0.2961590588092804,0.21428571428571427,False,1
C2_1,search,256,4,8,it0160,0.6092191338539124,0.428718626499176,0.0967741935483871,False,1
C2_1,search,256,4,8,it0161,0.37321674823760986,0.3803931474685669,0.06896551724137931,False,0
C2_1,search,256,4,8,it0162,0.15090158581733704,0.31035637855529785,0.4074074074074074,False,2
C2_1,search,256,4,8,it0163,0.4948713779449463,0.3961111605167389,0.0,False,0
C2_1,search,256,4,8,it0164,0.5451653003692627,0.36772724986076355,0.0967741935483871,False,3
C2_1,search,256,4,8,it0165,0.4070345163345337,0.36525633931159973,0.30303030303030304,False,1
C2_1,search,256,4,8,it0166,0.45572954416275024,0.261264443397522,0.16666666666666666,False,0
C2_1,search,256,4,8,it0167,0.49308228492736816,0.455935001373291,0.15789473684210525,False,2
C2_1,search,256,4,8,it0168,0.3463630676269531,0.28814437985420227,0.2,False,1
C2_1,search,256,4,8,it0169,0.4935343563556671,0.473368376493454,0.4,False,3
C2_1,search,256,4,8,it0170,0.47868436574935913,0.41506093740463257,0.29411764705882354,False,3
C2_1,search,256,4,8,it0171,0.678694486618042,0.5832711458206177,0.3333333333333333,False,2
C2_1,search,256,4,8,it0172,0.315104216337204,0.4200548529624939,0.2,False,2
C2_1,search,256,4,8,it0173,0.6765602231025696,0.6073943972587585,0.23333333333333334,False,0
C2_1,search,256,4,8,it0174,0.44787177443504333,0.37980684638023376,0.25,False,0
C2_1,search,256,4,8,it0175,0.25856339931488037,0.23435430228710175,0.13333333333333333,False,2
C2_1,search,256,4,8,it0176,0.27916038036346436,0.3207100033760071,0.2777777777777778,False,1
C2_1,search,256,4,8,it0177,0.4915679097175598,0.5080667734146118,0.47368421052631576,False,2
C2_1,search,256,4,8,it0178,0.42601126432418823,0.2130482792854309,0.8823529411764706,False,0
C2_1,search,256,4,8,it0179,0.5596688389778137,0.6854987144470215,0.3548387096774194,False,3
C2_1,search,256,4,8,it0180,0.36058947443962097,0.4811425805091858,0.35714285714285715,False,3
C2_1,search,256,4,8,it0181,0.5310536623001099,0.550849437713623,0.12195121951219512,False,2
C2_1,search,256,4,8,it0182,0.5361313819885254,0.43919894099235535,0.52,False,2
C2_1,search,256,4,8,it0183,0.4940849244594574,0.4905461072921753,0.56,False,1
C2_1,search,256,4,8,it0184,0.22107578814029694,0.31987324357032776,0.5333333333333333,False,1
C2_1,search,256,4,8,it0185,0.5229983925819397,0.5212875604629517,0.41935483870967744,False,2
C2_1,search,256,4,8,it0186,0.5890687108039856,0.48419490456581116,0.3333333333333333,False,0
C2_1,search,256,4,8,it0187,0.5516916513442993,0.5272588133811951,0.4375,False,1
C2_1,search,256,4,8,it0188,0.5121200084686279,0.4738514721393585,0.6111111111111112,False,0
C2_1,search,256,4,8,it0189,0.33616697788238525,0.28036174178123474,0.15,False,1
C2_1,search,256,4,8,it0190,0.6266915202140808,0.5327620506286621,0.1875,False,3
C2_1,search,256,4,8,it0191,0.4595770239830017,0.32172688841819763,0.0,False,3
C2_1,search,256,4,8,it0192,0.5374708771705627,0.5257889032363892,0.3333333333333333,False,0
C2_1,search,256,4,8,it0193,0.4586206376552582,0.2761499881744385,0.625,False,2
C2_1,search,256,4,8,it0194,0.6165461540222168,0.6095388531684875,0.0,False,0
C2_1,search,256,4,8,it0195,0.5775521993637085,0.5537952184677124,0.3076923076923077,False,0
C2_1,search,256,4,8,it0196,0.5165565013885498,0.3906862437725067,0.35714285714285715,False,1
C2_1,search,256,4,8,it0197,0.415759801864624,0.4284641444683075,0.0,False,0
C2_1,search,256,4,8,it0198,0.4097248911857605,0.20992350578308105,0.4375,False,3
C2_1,search,256,4,8,it0199,0.3590930700302124,0.40697580575942993,0.058823529411764705,False,1
C2_1,search,512,8,8,it0000,0.47671306133270264,0.5124379396438599,0.10869565217391304,False,4
C2_1,search,512,8,8,it0001,0.45271527767181396,0.3154897689819336,0.16666666666666666,False,6
C2_1,search,512,8,8,it0002,0.4157443046569824,0.36356937885284424,0.26666666666666666,False,1
C2_1,search,512,8,8,it0003,0.4365611672401428,0.32401877641677856,0.4,False,0
C2_1,search,512,8,8,it0004,0.5469629764556885,0.43277835845947266,0.1875,False,6
C2_1,search,512,8,8,it0005,0.5795336365699768,0.46825283765792847,0.2222222222222222,False,4
C2_1,search,512,8,8,it0006,0.2765202820301056,0.37904247641563416,0.6111111111111112,False,3
C2_1,search,512,8,8,it0007,0.28961655497550964,0.41399461030960083,0.4318181818181818,False,3
C2_1,search,512,8,8,it0008,0.4333319067955017,0.2887931168079376,0.14285714285714285,False,0
C2_1,search,512,8,8,it0009,0.485792875289917,0.5749750137329102,0.18518518518518517,False,0
C2_1,search,512,8,8,it0010,0.5528467893600464,0.6121912598609924,0.2777777777777778,False,1
C2_1,search,512,8,8,it0011,0.4933299124240875,0.4988878667354584,0.043478260869565216,False,5
C2_1,search,512,8,8,it0012,0.41963765025138855,0.3591036796569824,0.7931034482758621,False,2
C2_1,search,512,8,8,it0013,0.5062958598136902,0.5799703598022461,0.0,False,6
C2_1,search,512,8,8,it0014,0.381950318813324,0.4070318639278412,0.2,False,3
C2_1,search,512,8,8,it0015,0.45172393321990967,0.5489401817321777,0.47058823529411764,False,4
C2_1,search,512,8,8,it0016,0.5863054394721985,0.45049649477005005,0.20588235294117646,False,1
C2_1,search,512,8,8,it0017,0.5173317193984985,0.3931468427181244,0.06666666666666667,False,4
C2_1,search,512,8,8,it0018,0.35989028215408325,0.3549233078956604,0.20588235294117646,False,1
C2_1,search,512,8,8,it0019,0.5284976959228516,0.539533257484436,0.3695652173913043,False,3
C2_1,search,512,8,8,it0020,0.49960631132125854,0.3090423345565796,0.46153846153846156,False,1
C2_1,search,512,8,8,it0021,0.4528496563434601,0.49788305163383484,0.15151515151515152,False,5
C2_1,search,512,8,8,it0022,0.4507352113723755,0.4670819044113159,0.55,False,7
C2_1,search,512,8,8,it0023,0.6100472211837769,0.5010232329368591,0.4444444444444444,False,4
C2_1,search,512,8,8,it0024,0.5911988019943237,0.476762592792511,0.14285714285714285,False,2
C2_1,search,512,8,8,it0025,0.57499098777771,0.5525240898132324,0.0,False,3
C2_1,search,512,8,8,it0026,0.32225340604782104,0.33829185366630554,0.3125,False,1
C2_1,search,512,8,8,it0027,0.6635419130325317,0.6519995331764221,0.125,False,6
C2_1,search,512,8,8,it0028,0.5221734642982483,0.5735378861427307,0.3333333333333333,False,0
C2_1,search,512,8,8,it0029,0.38508039712905884,0.42263364791870117,0.3125,False,7
C2_1,search,512,8,8,it0030,0.573318600654602,0.45617160201072693,0.16,False,4
C2_1,search,512,8,8,it0031,0.4399547278881073,0.3847149610519409,0.2777777777777778,False,6
C2_1,search,512,8,8,it0032,0.6768558621406555,0.5465674996376038,0.37037037037037035,False,2
C2_1,search,512,8,8,it0033,0.40509599447250366,0.4133148789405823,0.3076923076923077,False,1
C2_1,search,512,8,8,it0034,0.37485775351524353,0.3005155324935913,0.23333333333333334,False,2
C2_1,search,512,8,8,it0035,0.23100176453590393,0.20887333154678345,0.8461538461538461,False,5
C2_1,search,512,8,8,it0036,0.5489702820777893,0.5017765760421753,0.3888888888888889,False,2
C2_1,search,512,8,8,it0037,0.5810320377349854,0.5386662483215332,0.06666666666666667,False,1
C2_1,search,512,8,8,it0038,0.3206038773059845,0.2390563189983368,0.16216216216216217,False,4
C2_1,search,512,8,8,it0039,0.4288354218006134,0.4447193741798401,0.0975609756097561,False,7
C2_1,search,512,8,8,it0040,0.3086489140987396,0.3367880582809448,0.4,False,4
C2_1,search,512,8,8,it0041,0.6506494879722595,0.384262353181839,0.18181818181818182,False,5
C2_1,search,512,8,8,it0042,0.4692530035972595,0.41864514350891113,0.4074074074074074,False,7
C2_1,search,512,8,8,it0043,0.38523054122924805,0.273423433303833,0.07692307692307693,False,5
C2_1,search,512,8,8,it0044,0.4798763394355774,0.6041349768638611,0.52,False,6
C2_1,search,512,8,8,it0045,0.30633682012557983,0.44697320461273193,0.13333333333333333,False,7
C2_1,search,512,8,8,it0046,0.35559266805648804,0.38180381059646606,0.3125,False,4
C2_1,search,512,8,8,it0047,0.31047534942626953,0.2299189418554306,0.65,False,2
C2_1,search,512,8,8,it0048,0.4449211359024048,0.5052793622016907,0.125,False,0
C2_1,search,512,8,8,it0049,0.34954699873924255,0.5571748614311218,0.3181818181818182,False,0
C2_1,search,512,8,8,it0050,0.13882681727409363,0.12799349427223206,0.4090909090909091,False,4
C2_1,search,512,8,8,it0051,0.1945415735244751,0.46745070815086365,0.10344827586206896,False,1
C2_1,search,512,8,8,it0052,0.32526540756225586,0.3098478317260742,0.06666666666666667,False,0
C2_1,search,512,8,8,it0053,0.2196701467037201,0.3666921854019165,0.4864864864864865,False,0
C2_1,search,512,8,8,it0054,0.36787235736846924,0.4161131978034973,0.4583333333333333,False,1
C2_1,search,512,8,8,it0055,0.5465607047080994,0.5278543829917908,0.3076923076923077,False,6
C2_1,search,512,8,8,it0056,0.276733934879303,0.26118379831314087,0.25,False,5
C2_1,search,512,8,8,it0057,0.5786982774734497,0.4310976564884186,0.5294117647058824,False,0
C2_1,search,512,8,8,it0058,0.25286436080932617,0.4244937598705292,0.25,False,6
C2_1,search,512,8,8,it0059,0.5522153973579407,0.5568003058433533,0.21428571428571427,False,2
C2_1,search,512,8,8,it0060,0.41180527210235596,0.3728260099887848,0.058823529411764705,False,0
C2_1,search,512,8,8,it0061,0.549034595489502,0.5931593179702759,0.0,False,3
C2_1,search,512,8,8,it0062,0.6313048601150513,0.6365190148353577,0.14285714285714285,False,2
C2_1,search,512,8,8,it0063,0.3909446597099304,0.35491085052490234,0.5517241379310345,False,5
C2_1,search,512,8,8,it0064,0.3791516423225403,0.4700649380683899,0.16666666666666666,False,2
C2_1,search,512,8,8,it0065,0.6302425265312195,0.6059656739234924,0.20512820512820512,False,7
C2_1,search,512,8,8,it0066,0.36288687586784363,0.4049053490161896,0.5238095238095238,False,7
C2_1,search,512,8,8,it0067,0.2797170877456665,0.2963104844093323,0.4444444444444444,False,6
C2_1,search,512,8,8,it0068,0.692527711391449,0.6007829308509827,0.0,False,3
C2_1,search,512,8,8,it0069,0.39220452308654785,0.4239116311073303,0.36363636363636365,False,0
C2_1,search,512,8,8,it0070,0.5131309628486633,0.5536726117134094,0.4,False,6
C2_1,search,512,8,8,it0071,0.45384785532951355,0.4599485397338867,0.42857142857142855,False,6
C2_1,search,512,8,8,it0072,0.562308669090271,0.5054610967636108,0.18181818181818182,False,4
C2_1,search,512,8,8,it0073,0.15012221038341522,0.36055031418800354,0.4827586206896552,False,7
C2_1,search,512,8,8,it0074,0.1390269249677658,0.23773148655891418,0.4666666666666667,False,5
C2_1,search,512,8,8,it0075,0.3509805202484131,0.47137242555618286,0.043478260869565216,False,3
C2_1,search,512,8,8,it0076,0.5693144202232361,0.4179311990737915,0.391304347826087,False,2
C2_1,search,512,8,8,it0077,0.4135197103023529,0.6380301117897034,0.3333333333333333,False,5
C2_1,search,512,8,8,it0078,0.3924081325531006,0.2911878824234009,0.3333333333333333,False,1
C2_1,search,512,8,8,it0079,0.6537904143333435,0.5947726964950562,0.16666666666666666,False,6
C2_1,search,512,8,8,it0080,0.4661875069141388,0.2486381083726883,0.3170731707317073,False,4
C2_1,search,512,8,8,it0081,0.3747638165950775,0.37053996324539185,0.21428571428571427,False,4
C2_1,search,512,8,8,it0082,0.42986515164375305,0.4735078811645508,0.11764705882352941,False,4
C2_1,search,512,8,8,it0083,0.5276321172714233,0.38654571771621704,0.08823529411764706,False,0
C2_1,search,512,8,8,it0084,0.6574006080627441,0.4558517634868622,0.17777777777777778,False,7
C2_1,search,512,8,8,it0085,0.5438676476478577,0.5480955243110657,0.07142857142857142,False,6
C2_1,search,512,8,8,it0086,0.5382416844367981,0.5465547442436218,0.29411764705882354,False,7
C2_1,search,512,8,8,it0087,0.5439492464065552,0.6985937356948853,0.4375,False,7
C2_1,search,512,8,8,it0088,0.3639766573905945,0.3952590227127075,0.09523809523809523,False,6
C2_1,search,512,8,8,it0089,0.5071967244148254,0.31959933042526245,0.041666666666666664,False,1
C2_1,search,512,8,8,it0090,0.5352602601051331,0.5530638694763184,0.058823529411764705,False,5
C2_1,search,512,8,8,it0091,0.60789555311203,0.6390471458435059,0.1935483870967742,False,2
C2_1,search,512,8,8,it0092,0.4116417169570923,0.46342313289642334,0.11428571428571428,False,0
C2_1,search,512,8,8,it0093,0.5820397138595581,0.4752546548843384,0.42105263157894735,False,1
C2_1,search,512,8,8,it0094,0.5402329564094543,0.536694347858429,0.0,False,5
C2_1,search,512,8,8,it0095,0.4078075885772705,0.4704139828681946,0.47619047619047616,False,5
C2_1,search,512,8,8,it0096,0.4545460343360901,0.3590630292892456,0.5454545454545454,False,0
C2_1,search,512,8,8,it0097,0.6193006038665771,0.6773896813392639,0.15,False,3
C2_1,search,512,8,8,it0098,0.5120055675506592,0.44648411870002747,0.2222222222222222,False,7
C2_1,search,512,8,8,it0099,0.301460862159729,0.17263135313987732,0.0,False,1
C2_1,search,512,8,8,it0100,0.6120383739471436,0.6380558609962463,0.0,False,6
C2_1,search,512,8,8,it0101,0.2082865834236145,0.23834174871444702,0.07894736842105263,False,6
C2_1,search,512,8,8,it0102,0.43589237332344055,0.4921628534793854,0.38461538461538464,False,6
C2_1,search,512,8,8,it0103,0.2145228087902069,0.4967668652534485,0.2727272727272727,False,7
C2_1,search,512,8,8,it0104,0.4767361879348755,0.47352316975593567,0.0,False,1
C2_1,search,512,8,8,it0105,0.41520747542381287,0.5017824172973633,0.34285714285714286,False,2
C2_1,search,512,8,8,it0106,0.3864896893501282,0.4693945646286011,0.375,False,5
C2_1,search,512,8,8,it0107,0.602295994758606,0.5383573174476624,0.13043478260869565,False,0
C2_1,search,512,8,8,it0108,0.453230619430542,0.4156455993652344,0.3125,False,4
C2_1,search,512,8,8,it0109,0.4931091368198395,0.46368807554244995,0.3684210526315789,False,0
C2_1,search,512,8,8,it0110,0.21365924179553986,0.4230550229549408,0.5666666666666667,False,4
C2_1,search,512,8,8,it0111,0.2614281177520752,0.18111079931259155,0.6666666666666666,False,6
C2_1,search,512,8,8,it0112,0.6636748909950256,0.595349133014679,0.3181818181818182,False,2
C2_1,search,512,8,8,it0113,0.580730140209198,0.5386043190956116,0.13636363636363635,False,0
C2_1,search,512,8,8,it0114,0.5178592801094055,0.36515605449676514,0.3888888888888889,False,2
C2_1,search,512,8,8,it0115,0.3759223520755768,0.35421377420425415,0.07142857142857142,False,4
C2_1,search,512,8,8,it0116,0.5501124262809753,0.4522363841533661,0.7058823529411765,False,4
C2_1,search,512,8,8,it0117,0.5475903749465942,0.5613659024238586,0.20588235294117646,False,1
C2_1,search,512,8,8,it0118,0.5997917652130127,0.5359439849853516,0.36538461538461536,False,7
C2_1,search,512,8,8,it0119,0.4879567325115204,0.5938239097595215,0.14285714285714285,False,2
C2_1,search,512,8,8,it0120,0.6157918572425842,0.5592470169067383,0.13333333333333333,False,1
C2_1,search,512,8,8,it0121,0.4913281798362732,0.41585788130760193,0.8,False,0
C2_1,search,512,8,8,it0122,0.3431302607059479,0.31035688519477844,0.4090909090909091,False,4
C2_1,search,512,8,8,it0123,0.3051520586013794,0.45798102021217346,0.17647058823529413,False,6
C2_1,search,512,8,8,it0124,0.5380789041519165,0.4482262432575226,0.48484848484848486,False,6
C2_1,search,512,8,8,it0125,0.5382241010665894,0.48174238204956055,0.23076923076923078,False,7
C2_1,search,512,8,8,it0126,0.4095866084098816,0.4919869303703308,0.125,False,3
C2_1,search,512,8,8,it0127,0.37227779626846313,0.4732034504413605,0.0,False,3
C2_1,search,512,8,8,it0128,0.2111102044582367,0.24898894131183624,0.25,False,0
C2_1,search,512,8,8,it0129,0.3647635877132416,0.31145179271698,0.23529411764705882,False,1
C2_1,search,512,8,8,it0130,0.2946491837501526,0.3329411447048187,0.1,False,1
C2_1,search,512,8,8,it0131,0.4342779815196991,0.502494215965271,0.4838709677419355,False,7
C2_1,search,512,8,8,it0132,0.338642418384552,0.3119913339614868,0.07142857142857142,False,2
C2_1,search,512,8,8,it0133,0.6139547824859619,0.6067037582397461,0.03571428571428571,False,5
C2_1,search,512,8,8,it0134,0.3769802749156952,0.3019837439060211,0.23684210526315788,False,0
C2_1,search,512,8,8,it0135,0.3591536581516266,0.37252962589263916,0.1282051282051282,False,7
C2_1,search,512,8,8,it0136,0.35953670740127563,0.38027438521385193,0.2,False,2
C2_1,search,512,8,8,it0137,0.6012368202209473,0.37007367610931396,0.25,False,7
C2_1,search,512,8,8,it0138,0.5731970071792603,0.6374817490577698,0.3333333333333333,False,7
C2_1,search,512,8,8,it0139,0.5797597169876099,0.43864941596984863,0.0,False,1
C2_1,search,512,8,8,it0140,0.35272324085235596,0.37468940019607544,0.16666666666666666,False,6
C2_1,search,512,8,8,it0141,0.5882329940795898,0.7100387215614319,0.5666666666666667,False,7
C2_1,search,512,8,8,it0142,0.2900170385837555,0.28751611709594727,0.32,False,6
C2_1,search,512,8,8,it0143,0.33621883392333984,0.472027063369751,0.0,False,7
C2_1,search,512,8,8,it0144,0.6099996566772461,0.42774152755737305,0.32142857142857145,False,1
C2_1,search,512,8,8,it0145,0.5266411304473877,0.5883654952049255,0.35,False,1
C2_1,search,512,8,8,it0146,0.4885982275009155,0.5343267917633057,0.2,False,2
C2_1,search,512,8,8,it0147,0.5043601393699646,0.41538694500923157,0.0,False,3
C2_1,search,512,8,8,it0148,0.22833660244941711,0.23643402755260468,0.2857142857142857,False,2
C2_1,search,512,8,8,it0149,0.5355358123779297,0.5768177509307861,0.42857142857142855,False,4
C2_1,search,512,8,8,it0150,0.49041157960891724,0.4716768264770508,0.3076923076923077,False,7
C2_1,search,512,8,8,it0151,0.6188305616378784,0.49814173579216003,0.0,False,1
C2_1,search,512,8,8,it0152,0.5016828775405884,0.49338850378990173,0.0,False,3
C2_1,search,512,8,8,it0153,0.3834461271762848,0.3936293125152588,0.21428571428571427,False,5
C2_1,search,512,8,8,it0154,0.2952950596809387,0.199603870511055,0.0,False,5
C2_1,search,512,8,8,it0155,0.25643858313560486,0.3277042508125305,0.17857142857142858,False,0
C2_1,search,512,8,8,it0156,0.3189709484577179,0.28240853548049927,0.2857142857142857,False,5
C2_1,search,512,8,8,it0157,0.5216267704963684,0.5600700974464417,0.18604651162790697,False,3
C2_1,search,512,8,8,it0158,0.4388417601585388,0.46458297967910767,0.3684210526315789,False,2
C2_1,search,512,8,8,it0159,0.4550876021385193,0.2961590588092804,0.21428571428571427,False,1
C2_1,search,512,8,8,it0160,0.5383918881416321,0.4721139073371887,0.3225806451612903,False,6
C2_1,search,512,8,8,it0161,0.4582553505897522,0.4716324508190155,0.27586206896551724,False,6
C2_1,search,512,8,8,it0162,0.2344917207956314,0.3820204734802246,0.37037037037037035,False,5
C2_1,search,512,8,8,it0163,0.2738327383995056,0.40444493293762207,0.0,False,6
C2_1,search,512,8,8,it0164,0.5451653003692627,0.36772724986076355,0.0967741935483871,False,3
C2_1,search,512,8,8,it0165,0.4045616090297699,0.4393870234489441,0.15151515151515152,False,4
C2_1,search,512,8,8,it0166,0.5496283769607544,0.3250446617603302,0.3333333333333333,False,6
C2_1,search,512,8,8,it0167,0.3748866319656372,0.5080053210258484,0.15789473684210525,False,7
C2_1,search,512,8,8,it0168,0.3928690552711487,0.37205561995506287,0.3,False,6
C2_1,search,512,8,8,it0169,0.4935343563556671,0.473368376493454,0.4,False,3
C2_1,search,512,8,8,it0170,0.47868436574935913,0.41506093740463257,0.29411764705882354,False,3
C2_1,search,512,8,8,it0171,0.6628276109695435,0.6371123790740967,0.3333333333333333,False,5
C2_1,search,512,8,8,it0172,0.315104216337204,0.4200548529624939,0.2,False,2
C2_1,search,512,8,8,it0173,0.7081127166748047,0.6234058141708374,0.06666666666666667,False,5
C2_1,search,512,8,8,it0174,0.5224013924598694,0.3860832154750824,0.5,False,7
C2_1,search,512,8,8,it0175,0.19751638174057007,0.37888920307159424,0.2,False,6
C2_1,search,512,8,8,it0176,0.3182300925254822,0.4114081561565399,0.3888888888888889,False,4
C2_1,search,512,8,8,it0177,0.4915679097175598,0.5080667734146118,0.47368421052631576,False,2
C2_1,search,512,8,8,it0178,0.3175051212310791,0.29059115052223206,1.0,False,7
C2_1,search,512,8,8,it0179,0.5596688389778137,0.6854987144470215,0.3548387096774194,False,3
C2_1,search,512,8,8,it0180,0.36058947443962097,0.4811425805091858,0.35714285714285715,False,3
C2_1,search,512,8,8,it0181,0.5066842436790466,0.5524565577507019,0.04878048780487805,False,7
C2_1,search,512,8,8,it0182,0.5361313819885254,0.43919894099235535,0.52,False,2
C2_1,search,512,8,8,it0183,0.4940849244594574,0.4905461072921753,0.56,False,1
C2_1,search,512,8,8,it0184,0.22107578814029694,0.31987324357032776,0.5333333333333333,False,1
C2_1,search,512,8,8,it0185,0.5229983925819397,0.5212875604629517,0.41935483870967744,False,2
C2_1,search,512,8,8,it0186,0.5549972057342529,0.5031294822692871,0.4583333333333333,False,4
C2_1,search,512,8,8,it0187,0.5516916513442993,0.5272588133811951,0.4375,False,1
C2_1,search,512,8,8,it0188,0.5121200084686279,0.4738514721393585,0.6111111111111112,False,0
C2_1,search,512,8,8,it0189,0.4412860870361328,0.30780860781669617,0.1,False,6
C2_1,search,512,8,8,it0190,0.5753486752510071,0.580420196056366,0.125,False,6
C2_1,search,512,8,8,it0191,0.4595770239830017,0.32172688841819763,0.0,False,3
C2_1,search,512,8,8,it0192,0.5780034065246582,0.622602105140686,0.4074074074074074,False,4
C2_1,search,512,8,8,it0193,0.4586206376552582,0.2761499881744385,0.625,False,2
C2_1,search,512,8,8,it0194,0.6165461540222168,0.6095388531684875,0.0,False,0
C2_1,search,512,8,8,it0195,0.5775521993637085,0.5537952184677124,0.3076923076923077,False,0
C2_1,search,512,8,8,it0196,0.5165565013885498,0.3906862437725067,0.35714285714285715,False,1
C2_1,search,512,8,8,it0197,0.415759801864624,0.4284641444683075,0.0,False,0
C2_1,search,512,8,8,it0198,0.2659194767475128,0.2174539715051651,0.125,False,5
C2_1,search,512,8,8,it0199,0.36711692810058594,0.4243625998497009,0.23529411764705882,False,7
C2_1,refine,128,1,16,it0000,0.3242467939853668,0.3446873426437378,0.4782608695652174,False,0
C2_1,refine,128,1,16,it0001,0.3312981128692627,0.1765621453523636,0.3888888888888889,False,0
C2_1,refine,128,1,16,it0002,0.4190707206726074,0.2614896595478058,0.4,False,0
C2_1,refine,128,1,16,it0003,0.28286993503570557,0.11124556511640549,0.06666666666666667,False,0
C2_1,refine,128,1,16,it0004,0.4790590703487396,0.23603954911231995,0.125,False,0
C2_1,refine,128,1,16,it0005,0.39161354303359985,0.4642620086669922,0.14814814814814814,False,0
C2_1,refine,128,1,16,it0006,0.3753894567489624,0.3232690691947937,0.5,False,0
C2_1,refine,128,1,16,it0007,0.2957049310207367,0.3532814681529999,0.25,False,0
C2_1,refine,128,1,16,it0008,0.4136292040348053,0.25158998370170593,0.2857142857142857,False,0
C2_1,refine,128,1,16,it0009,0.551371157169342,0.5098651647567749,0.14814814814814814,False,0
C2_1,refine,128,1,16,it0010,0.5298447608947754,0.5483170747756958,0.3333333333333333,False,0
C2_1,refine,128,1,16,it0011,0.5211396217346191,0.39797937870025635,0.0,False,0
C2_1,refine,128,1,16,it0012,0.3481695055961609,0.3383544087409973,0.6896551724137931,False,0
C2_1,refine,128,1,16,it0013,0.3968732953071594,0.3945716917514801,0.14814814814814814,False,0
C2_1,refine,128,1,16,it0014,0.4067266285419464,0.38015300035476685,0.2,False,0
C2_1,refine,128,1,16,it0015,0.47223782539367676,0.5901880264282227,0.29411764705882354,False,0
C2_1,refine,128,1,16,it0016,0.60422682762146,0.47717148065567017,0.20588235294117646,False,0
C2_1,refine,128,1,16,it0017,0.5608755350112915,0.343318372964859,0.2,False,0
C2_1,refine,128,1,16,it0018,0.46212413907051086,0.30744415521621704,0.2647058823529412,False,0
C2_1,refine,128,1,16,it0019,0.5038501620292664,0.5074402093887329,0.391304347826087,False,0
C2_1,refine,128,1,16,it0020,0.37732818722724915,0.26222512125968933,0.38461538461538464,False,0
C2_1,refine,128,1,16,it0021,0.4937719702720642,0.46651825308799744,0.36363636363636365,False,0
C2_1,refine,128,1,16,it0022,0.319998174905777,0.3876013159751892,0.45,False,0
C2_1,refine,128,1,16,it0023,0.6713792681694031,0.4867106080055237,0.2222222222222222,False,0
C2_1,refine,128,1,16,it0024,0.5690784454345703,0.45516854524612427,0.21428571428571427,False,0
C2_1,refine,128,1,16,it0025,0.5260232090950012,0.5071726441383362,0.25,False,0
C2_1,refine,128,1,16,it0026,0.3353411853313446,0.2713789641857147,0.1875,False,0
C2_1,refine,128,1,16,it0027,0.6985409259796143,0.592993974685669,0.125,False,0
C2_1,refine,128,1,16,it0028,0.46833279728889465,0.5110281109809875,0.14285714285714285,False,0
C2_1,refine,128,1,16,it0029,0.2896035313606262,0.39542219042778015,0.125,False,0
C2_1,refine,128,1,16,it0030,0.5725064873695374,0.44373077154159546,0.0,False,0
C2_1,refine,128,1,16,it0031,0.37641412019729614,0.3728705048561096,0.3888888888888889,False,0
C2_1,refine,128,1,16,it0032,0.44633954763412476,0.3578304350376129,0.3333333333333333,False,0
C2_1,refine,128,1,16,it0033,0.34256118535995483,0.3618404269218445,0.15384615384615385,False,0
C2_1,refine,128,1,16,it0034,0.25766080617904663,0.14629535377025604,0.16666666666666666,False,0
C2_1,refine,128,1,16,it0035,0.24368911981582642,0.03660520166158676,0.46153846153846156,False,0
C2_1,refine,128,1,16,it0036,0.6331601738929749,0.5490404367446899,0.2777777777777778,False,0
C2_1,refine,128,1,16,it0037,0.579492449760437,0.5389679074287415,0.0,False,0
C2_1,refine,128,1,16,it0038,0.2760555148124695,0.18465152382850647,0.10810810810810811,False,0
C2_1,refine,128,1,16,it0039,0.44325023889541626,0.4348364770412445,0.3902439024390244,False,0
C2_1,refine,128,1,16,it0040,0.4864635765552521,0.3382304906845093,0.4,False,0
C2_1,refine,128,1,16,it0041,0.5811737179756165,0.31889355182647705,0.09090909090909091,False,0
C2_1,refine,128,1,16,it0042,0.30426979064941406,0.17344360053539276,0.2962962962962963,False,0
C2_1,refine,128,1,16,it0043,0.14788630604743958,0.14814943075180054,0.0,False,0
C2_1,refine,128,1,16,it0044,0.4925033450126648,0.3473491668701172,0.4,False,0
C2_1,refine,128,1,16,it0045,0.24933546781539917,0.40370041131973267,0.23333333333333334,False,0
C2_1,refine,128,1,16,it0046,0.44152143597602844,0.30777332186698914,0.3125,False,0
C2_1,refine,128,1,16,it0047,0.23627157509326935,0.11528342217206955,0.35,False,0
C2_1,refine,128,1,16,it0048,0.4378514885902405,0.3988977074623108,0.25,False,0
C2_1,refine,128,1,16,it0049,0.21091541647911072,0.2734041213989258,0.18181818181818182,False,0
C2_1,refine,128,1,16,it0050,0.1441604644060135,-0.05812310054898262,0.5,False,0
C2_1,refine,128,1,16,it0051,0.24995329976081848,0.3846811354160309,0.1724137931034483,False,0
C2_1,refine,128,1,16,it0052,0.37924912571907043,0.42921948432922363,0.06666666666666667,False,0
C2_1,refine,128,1,16,it0053,0.2700834274291992,0.35092633962631226,0.40540540540540543,False,0
C2_1,refine,128,1,16,it0054,0.2508486211299896,0.06616881489753723,0.625,False,0
C2_1,refine,128,1,16,it0055,0.5694146156311035,0.4836388826370239,0.15384615384615385,False,0
C2_1,refine,128,1,16,it0056,0.27639925479888916,0.19213667511940002,0.15,False,0
C2_1,refine,128,1,16,it0057,0.50263911485672,0.1956651210784912,0.29411764705882354,False,0
C2_1,refine,128,1,16,it0058,0.3575288951396942,0.35289186239242554,0.16666666666666666,False,0
C2_1,refine,128,1,16,it0059,0.5501015782356262,0.5055605173110962,0.21428571428571427,False,0
C2_1,refine,128,1,16,it0060,0.32351920008659363,0.2910877764225006,0.29411764705882354,False,0
C2_1,refine,128,1,16,it0061,0.40319040417671204,0.5056841373443604,0.14285714285714285,False,0
C2_1,refine,128,1,16,it0062,0.6081492900848389,0.5463529229164124,0.19047619047619047,False,0
C2_1,refine,128,1,16,it0063,0.3946046233177185,0.24886728823184967,0.2413793103448276,False,0
C2_1,refine,128,1,16,it0064,0.4401375949382782,0.44817739725112915,0.1111111111111111,False,0
C2_1,refine,128,1,16,it0065,0.5816671252250671,0.544209897518158,0.1282051282051282,False,0
C2_1,refine,128,1,16,it0066,0.26646265387535095,0.37713509798049927,0.3333333333333333,False,0
C2_1,refine,128,1,16,it0067,0.1640269011259079,0.19412051141262054,0.05555555555555555,False,0
C2_1,refine,128,1,16,it0068,0.6834390163421631,0.6069573163986206,0.05128205128205128,False,0
C2_1,refine,128,1,16,it0069,0.25333622097969055,0.26417607069015503,0.13636363636363635,False,0
C2_1,refine,128,1,16,it0070,0.3778383135795593,0.3465909957885742,0.2,False,0
C2_1,refine,128,1,16,it0071,0.4918202757835388,0.4159693717956543,0.2857142857142857,False,0
C2_1,refine,128,1,16,it0072,0.4679124653339386,0.4863320589065552,0.13636363636363635,False,0
C2_1,refine,128,1,16,it0073,0.15655286610126495,0.2589832842350006,0.5517241379310345,False,0
C2_1,refine,128,1,16,it0074,0.23363849520683289,0.3101484477519989,0.13333333333333333,False,0
C2_1,refine,128,1,16,it0075,0.2736806273460388,0.24861083924770355,0.08695652173913043,False,0
C2_1,refine,128,1,16,it0076,0.5074905157089233,0.2685314416885376,0.30434782608695654,False,0
C2_1,refine,128,1,16,it0077,0.4774027466773987,0.2666947543621063,0.3333333333333333,False,0
C2_1,refine,128,1,16,it0078,0.3306855857372284,0.24980349838733673,0.09523809523809523,False,0
C2_1,refine,128,1,16,it0079,0.57318115234375,0.4958890676498413,0.16666666666666666,False,0
C2_1,refine,128,1,16,it0080,0.35445964336395264,0.19946633279323578,0.34146341463414637,False,0
C2_1,refine,128,1,16,it0081,0.352891743183136,0.35636287927627563,0.21428571428571427,False,0
C2_1,refine,128,1,16,it0082,0.4745304584503174,0.46431538462638855,0.17647058823529413,False,0
C2_1,refine,128,1,16,it0083,0.4654173254966736,0.37423479557037354,0.08823529411764706,False,0
C2_1,refine,128,1,16,it0084,0.533906102180481,0.440467894077301,0.28888888888888886,False,0
C2_1,refine,128,1,16,it0085,0.5744442939758301,0.3762514889240265,0.14285714285714285,False,0
C2_1,refine,128,1,16,it0086,0.6714445948600769,0.5638278722763062,0.17647058823529413,False,0
C2_1,refine,128,1,16,it0087,0.4963304102420807,0.5775442123413086,0.1875,False,0
C2_1,refine,128,1,16,it0088,0.3159887492656708,0.2956850528717041,0.0,False,0
C2_1,refine,128,1,16,it0089,0.4009818434715271,0.15750546753406525,0.041666666666666664,False,0
C2_1,refine,128,1,16,it0090,0.5642257332801819,0.47050243616104126,0.11764705882352941,False,0
C2_1,refine,128,1,16,it0091,0.551047682762146,0.4902474284172058,0.16129032258064516,False,0
C2_1,refine,128,1,16,it0092,0.40786507725715637,0.3413694202899933,0.02857142857142857,False,0
C2_1,refine,128,1,16,it0093,0.4114990532398224,0.20171549916267395,0.21052631578947367,False,0
C2_1,refine,128,1,16,it0094,0.4121708869934082,0.44118350744247437,0.0,False,0
C2_1,refine,128,1,16,it0095,0.39739227294921875,0.4186389446258545,0.38095238095238093,False,0
C2_1,refine,128,1,16,it0096,0.4768369793891907,0.40797722339630127,0.5,False,0
C2_1,refine,128,1,16,it0097,0.6193162798881531,0.5227321982383728,0.15,False,0
C2_1,refine,128,1,16,it0098,0.4968338906764984,0.3963962197303772,0.2222222222222222,False,0
C2_1,refine,128,1,16,it0099,0.22437548637390137,0.11166729778051376,0.17391304347826086,False,0
C2_1,refine,128,1,16,it0100,0.6701167821884155,0.6136135458946228,0.0,False,0
C2_1,refine,128,1,16,it0101,0.22149603068828583,0.21309144794940948,0.18421052631578946,False,0
C2_1,refine,128,1,16,it0102,0.1937750279903412,0.22121606767177582,0.23076923076923078,False,0
C2_1,refine,128,1,16,it0103,0.39116835594177246,0.3369266986846924,0.36363636363636365,False,0
C2_1,refine,128,1,16,it0104,0.5193555951118469,0.4603632688522339,0.0,False,0
C2_1,refine,128,1,16,it0105,0.41820722818374634,0.4567817449569702,0.2571428571428571,False,0
C2_1,refine,128,1,16,it0106,0.2941274642944336,0.32453155517578125,0.375,False,0
C2_1,refine,128,1,16,it0107,0.48061689734458923,0.4560917317867279,0.21739130434782608,False,0
C2_1,refine,128,1,16,it0108,0.48198211193084717,0.19232887029647827,0.1875,False,0
C2_1,refine,128,1,16,it0109,0.45882874727249146,0.37919753789901733,0.21052631578947367,False,0
C2_1,refine,128,1,16,it0110,0.1128513365983963,0.18141105771064758,0.4,False,0
C2_1,refine,128,1,16,it0111,0.1989196240901947,0.2055126428604126,0.42424242424242425,False,0
C2_1,refine,128,1,16,it0112,0.6380554437637329,0.5929067730903625,0.13636363636363635,False,0
C2_1,refine,128,1,16,it0113,0.5163896679878235,0.48219436407089233,0.22727272727272727,False,0
C2_1,refine,128,1,16,it0114,0.46950358152389526,0.4849555790424347,0.5,False,0
C2_1,refine,128,1,16,it0115,0.29039904475212097,0.1889203041791916,0.07142857142857142,False,0
C2_1,refine,128,1,16,it0116,0.515177845954895,0.27701622247695923,0.29411764705882354,False,0
C2_1,refine,128,1,16,it0117,0.41124212741851807,0.47890064120292664,0.08823529411764706,False,0
C2_1,refine,128,1,16,it0118,0.6706794500350952,0.529701292514801,0.28846153846153844,False,0
C2_1,refine,128,1,16,it0119,0.5074038505554199,0.4655393958091736,0.21428571428571427,False,0
C2_1,refine,128,1,16,it0120,0.5421714186668396,0.4725901782512665,0.0,False,0
C2_1,refine,128,1,16,it0121,0.5375844240188599,0.4154473543167114,0.4,False,0
C2_1,refine,128,1,16,it0122,0.20523566007614136,0.34077733755111694,0.3181818181818182,False,0
C2_1,refine,128,1,16,it0123,0.2626670300960541,0.28567835688591003,0.17647058823529413,False,0
C2_1,refine,128,1,16,it0124,0.5225026607513428,0.42201706767082214,0.24242424242424243,False,0
C2_1,refine,128,1,16,it0125,0.478300005197525,0.3978498876094818,0.1282051282051282,False,0
C2_1,refine,128,1,16,it0126,0.41945216059684753,0.5518355369567871,0.1875,False,0
C2_1,refine,128,1,16,it0127,0.3342941701412201,0.2968091368675232,0.23529411764705882,False,0
C2_1,refine,128,1,16,it0128,0.2154296487569809,0.26635026931762695,0.15,False,0
C2_1,refine,128,1,16,it0129,0.297026127576828,0.22570595145225525,0.23529411764705882,False,0
C2_1,refine,128,1,16,it0130,0.3068031966686249,0.34290754795074463,0.2,False,0
C2_1,refine,128,1,16,it0131,0.26620417833328247,0.4151655435562134,0.1935483870967742,False,0
C2_1,refine,128,1,16,it0132,0.366426944732666,0.21519163250923157,0.07142857142857142,False,0
C2_1,refine,128,1,16,it0133,0.473372220993042,0.48154741525650024,0.03571428571428571,False,0
C2_1,refine,128,1,16,it0134,0.42352184653282166,0.38949698209762573,0.23684210526315788,False,0
C2_1,refine,128,1,16,it0135,0.27352023124694824,0.2764934301376343,0.10256410256410256,False,0
C2_1,refine,128,1,16,it0136,0.37493255734443665,0.34304243326187134,0.15,False,0
C2_1,refine,128,1,16,it0137,0.5031411051750183,0.46944770216941833,0.25,False,0
C2_1,refine,128,1,16,it0138,0.6484416723251343,0.6264913082122803,0.6111111111111112,False,0
C2_1,refine,128,1,16,it0139,0.5664582252502441,0.45979467034339905,0.16666666666666666,False,0
C2_1,refine,128,1,16,it0140,0.30455341935157776,0.16877397894859314,0.08333333333333333,False,0
C2_1,refine,128,1,16,it0141,0.5636717677116394,0.6041473746299744,0.5666666666666667,False,0
C2_1,refine,128,1,16,it0142,0.24858972430229187,0.2939939498901367,0.2,False,0
C2_1,refine,128,1,16,it0143,0.29577985405921936,0.3561083674430847,0.0625,False,0
C2_1,refine,128,1,16,it0144,0.46887797117233276,0.34502536058425903,0.21428571428571427,False,0
C2_1,refine,128,1,16,it0145,0.47633427381515503,0.5799012780189514,0.05,False,0
C2_1,refine,128,1,16,it0146,0.4642913341522217,0.4067160487174988,0.1,False,0
C2_1,refine,128,1,16,it0147,0.35075077414512634,0.33542993664741516,0.043478260869565216,False,0
C2_1,refine,128,1,16,it0148,0.11280768364667892,0.13592909276485443,0.10714285714285714,False,0
C2_1,refine,128,1,16,it0149,0.4657233655452728,0.41566210985183716,0.21428571428571427,False,0
C2_1,refine,128,1,16,it0150,0.37555521726608276,0.4317358732223511,0.15384615384615385,False,0
C2_1,refine,128,1,16,it0151,0.6199136972427368,0.5890175104141235,0.0,False,0
C2_1,refine,128,1,16,it0152,0.4137137830257416,0.26579147577285767,0.0,False,0
C2_1,refine,128,1,16,it0153,0.27999505400657654,0.3792456388473511,0.14285714285714285,False,0
C2_1,refine,128,1,16,it0154,0.24244415760040283,-0.017218057066202164,0.0,False,0
C2_1,refine,128,1,16,it0155,0.19735407829284668,0.3262285590171814,0.14285714285714285,False,0
C2_1,refine,128,1,16,it0156,0.26525986194610596,0.2936176061630249,0.23809523809523808,False,0
C2_1,refine,128,1,16,it0157,0.5496947765350342,0.4298326373100281,0.18604651162790697,False,0
C2_1,refine,128,1,16,it0158,0.2575698494911194,0.29073458909988403,0.10526315789473684,False,0
C2_1,refine,128,1,16,it0159,0.4585410952568054,0.30822938680648804,0.07142857142857142,False,0
C2_1,refine,128,1,16,it0160,0.5493758916854858,0.47695669531822205,0.16129032258064516,False,0
C2_1,refine,128,1,16,it0161,0.3683842718601227,0.34449923038482666,0.10344827586206896,False,0
C2_1,refine,128,1,16,it0162,0.07740838825702667,0.18487101793289185,0.2222222222222222,False,0
C2_1,refine,128,1,16,it0163,0.45581647753715515,0.2609385848045349,0.058823529411764705,False,0
C2_1,refine,128,1,16,it0164,0.5600477457046509,0.35452356934547424,0.0967741935483871,False,0
C2_1,refine,128,1,16,it0165,0.36971694231033325,0.35233449935913086,0.21212121212121213,False,0
C2_1,refine,128,1,16,it0166,0.5096482038497925,0.20076635479927063,0.3333333333333333,False,0
C2_1,refine,128,1,16,it0167,0.44597816467285156,0.4350607991218567,0.2631578947368421,False,0
C2_1,refine,128,1,16,it0168,0.2819235622882843,0.3043019771575928,0.3,False,0
C2_1,refine,128,1,16,it0169,0.40109193325042725,0.39352694153785706,0.2,False,0
C2_1,refine,128,1,16,it0170,0.27547284960746765,0.21681272983551025,0.29411764705882354,False,0
C2_1,refine,128,1,16,it0171,0.6557552218437195,0.5663096904754639,0.047619047619047616,False,0
C2_1,refine,128,1,16,it0172,0.26153165102005005,0.21698957681655884,0.04,False,0
C2_1,refine,128,1,16,it0173,0.6663762927055359,0.5177738666534424,0.03333333333333333,False,0
C2_1,refine,128,1,16,it0174,0.5778855085372925,0.33329081535339355,0.1875,False,0
C2_1,refine,128,1,16,it0175,0.24625541269779205,0.15332196652889252,0.2,False,0
C2_1,refine,128,1,16,it0176,0.367684543132782,0.25305047631263733,0.16666666666666666,False,0
C2_1,refine,128,1,16,it0177,0.4004555642604828,0.44708186388015747,0.15789473684210525,False,0
C2_1,refine,128,1,16,it0178,0.366252064704895,0.14674247801303864,0.8823529411764706,False,0
C2_1,refine,128,1,16,it0179,0.5807476043701172,0.6714861392974854,0.12903225806451613,False,0
C2_1,refine,128,1,16,it0180,0.49823594093322754,0.5051034092903137,0.0,False,0
C2_1,refine,128,1,16,it0181,0.45352816581726074,0.42302006483078003,0.024390243902439025,False,0
C2_1,refine,128,1,16,it0182,0.5420354604721069,0.438549667596817,0.36,False,0
C2_1,refine,128,1,16,it0183,0.4340415298938751,0.37247928977012634,0.08,False,0
C2_1,refine,128,1,16,it0184,0.3369203209877014,0.14099128544330597,0.13333333333333333,False,0
C2_1,refine,128,1,16,it0185,0.4737941026687622,0.5085713863372803,0.22580645161290322,False,0
C2_1,refine,128,1,16,it0186,0.5395174026489258,0.405756413936615,0.3333333333333333,False,0
C2_1,refine,128,1,16,it0187,0.45725664496421814,0.44865286350250244,0.25,False,0
C2_1,refine,128,1,16,it0188,0.4309404790401459,0.39688873291015625,0.3888888888888889,False,0
C2_1,refine,128,1,16,it0189,0.3796738386154175,0.18770211935043335,0.3,False,0
C2_1,refine,128,1,16,it0190,0.5909169912338257,0.4594227373600006,0.0625,False,0
C2_1,refine,128,1,16,it0191,0.4903576076030731,0.31243449449539185,0.2,False,0
C2_1,refine,128,1,16,it0192,0.5568583011627197,0.46412280201911926,0.2962962962962963,False,0
C2_1,refine,128,1,16,it0193,0.40092140436172485,0.24809062480926514,0.1875,False,0
C2_1,refine,128,1,16,it0194,0.6334255933761597,0.5875768065452576,0.047619047619047616,False,0
C2_1,refine,128,1,16,it0195,0.5489883422851562,0.37409085035324097,0.46153846153846156,False,0
C2_1,refine,128,1,16,it0196,0.5028183460235596,0.402726411819458,0.2857142857142857,False,0
C2_1,refine,128,1,16,it0197,0.2716187834739685,0.27078041434288025,0.18181818181818182,False,0
C2_1,refine,128,1,16,it0198,0.26544302701950073,0.11528138816356659,0.0625,False,0
C2_1,refine,128,1,16,it0199,0.4254491627216339,0.41984325647354126,0.11764705882352941,False,0
C2_1,refine,256,1,32,it0000,0.5467726588249207,0.5256108641624451,0.2608695652173913,False,0
C2_1,refine,256,1,32,it0001,0.4673919975757599,0.28536009788513184,0.4444444444444444,False,0
C2_1,refine,256,1,32,it0002,0.3105105757713318,0.23019038140773773,0.26666666666666666,False,0
C2_1,refine,256,1,32,it0003,0.4476546049118042,0.29802435636520386,0.13333333333333333,False,0
C2_1,refine,256,1,32,it0004,0.4531314969062805,0.33225101232528687,0.125,False,0
C2_1,refine,256,1,32,it0005,0.4138906002044678,0.4552319645881653,0.07407407407407407,False,0
C2_1,refine,256,1,32,it0006,0.3914611339569092,0.31359630823135376,0.2222222222222222,False,0
C2_1,refine,256,1,32,it0007,0.2130393385887146,0.24655398726463318,0.3409090909090909,False,0
C2_1,refine,256,1,32,it0008,0.3168048858642578,0.25067687034606934,0.2857142857142857,False,0
C2_1,refine,256,1,32,it0009,0.5128764510154724,0.5424787998199463,0.2962962962962963,False,0
C2_1,refine,256,1,32,it0010,0.6264954209327698,0.511092483997345,0.16666666666666666,False,0
C2_1,refine,256,1,32,it0011,0.42112135887145996,0.30920442938804626,0.0,False,0
C2_1,refine,256,1,32,it0012,0.3944397270679474,0.26669034361839294,0.5862068965517241,False,0
C2_1,refine,256,1,32,it0013,0.5759400725364685,0.5307402610778809,0.0,False,0
C2_1,refine,256,1,32,it0014,0.3149346113204956,0.2362535148859024,0.2,False,0
C2_1,refine,256,1,32,it0015,0.5449852347373962,0.46065109968185425,0.5294117647058824,False,0
C2_1,refine,256,1,32,it0016,0.5213918685913086,0.3992707431316376,0.08823529411764706,False,0
C2_1,refine,256,1,32,it0017,0.3803579807281494,0.275663286447525,0.13333333333333333,False,0
C2_1,refine,256,1,32,it0018,0.3763594627380371,0.33184292912483215,0.08823529411764706,False,0
C2_1,refine,256,1,32,it0019,0.5744789242744446,0.4921268820762634,0.021739130434782608,False,0
C2_1,refine,256,1,32,it0020,0.40934136509895325,0.21032224595546722,0.46153846153846156,False,0
C2_1,refine,256,1,32,it0021,0.4786495268344879,0.40975508093833923,0.06060606060606061,False,0
C2_1,refine,256,1,32,it0022,0.37138891220092773,0.2903597950935364,0.5,False,0
C2_1,refine,256,1,32,it0023,0.6597577333450317,0.5826152563095093,0.16666666666666666,False,0
C2_1,refine,256,1,32,it0024,0.6429753303527832,0.4579852819442749,0.21428571428571427,False,0
C2_1,refine,256,1,32,it0025,0.5899195671081543,0.5806621313095093,0.05,False,0
C2_1,refine,256,1,32,it0026,0.17754346132278442,0.07797175645828247,0.1875,False,0
C2_1,refine,256,1,32,it0027,0.6899101734161377,0.5741244554519653,0.0625,False,0
C2_1,refine,256,1,32,it0028,0.4973106384277344,0.5244362354278564,0.19047619047619047,False,0
C2_1,refine,256,1,32,it0029,0.19908283650875092,0.23831668496131897,0.0625,False,0
C2_1,refine,256,1,32,it0030,0.5145525932312012,0.42731785774230957,0.08,False,0
C2_1,refine,256,1,32,it0031,0.29499542713165283,0.08648563176393509,0.6111111111111112,False,0
C2_1,refine,256,1,32,it0032,0.6113346815109253,0.5535143613815308,0.2222222222222222,False,0
C2_1,refine,256,1,32,it0033,0.3542381823062897,0.29170989990234375,0.38461538461538464,False,0
C2_1,refine,256,1,32,it0034,0.29022857546806335,0.22574585676193237,0.13333333333333333,False,0
C2_1,refine,256,1,32,it0035,0.2763245105743408,0.21311329305171967,0.15384615384615385,False,0
C2_1,refine,256,1,32,it0036,0.5401560068130493,0.3650756776332855,0.2222222222222222,False,0
C2_1,refine,256,1,32,it0037,0.5216155052185059,0.4483291208744049,0.0,False,0
C2_1,refine,256,1,32,it0038,0.2855510711669922,0.11735373735427856,0.02702702702702703,False,0
C2_1,refine,256,1,32,it0039,0.4625381529331207,0.4741264581680298,0.12195121951219512,False,0
C2_1,refine,256,1,32,it0040,0.34295204281806946,0.2113111913204193,0.5333333333333333,False,0
C2_1,refine,256,1,32,it0041,0.531660258769989,0.29471638798713684,0.2727272727272727,False,0
C2_1,refine,256,1,32,it0042,0.4038149416446686,0.41612017154693604,0.1111111111111111,False,0
C2_1,refine,256,1,32,it0043,0.2828139364719391,0.22521288692951202,0.07692307692307693,False,0
C2_1,refine,256,1,32,it0044,0.46915966272354126,0.5767043232917786,0.36,False,0
C2_1,refine,256,1,32,it0045,0.2016504555940628,0.2957286536693573,0.13333333333333333,False,0
C2_1,refine,256,1,32,it0046,0.39676183462142944,0.2510188817977905,0.1875,False,0
C2_1,refine,256,1,32,it0047,0.3504025340080261,0.344749391078949,0.55,False,0
C2_1,refine,256,1,32,it0048,0.4261881709098816,0.43582767248153687,0.125,False,0
C2_1,refine,256,1,32,it0049,0.25144198536872864,0.4363614022731781,0.09090909090909091,False,0
C2_1,refine,256,1,32,it0050,0.16178764402866364,-0.12001032382249832,0.13636363636363635,False,0
C2_1,refine,256,1,32,it0051,0.2134440690279007,0.3420906662940979,0.20689655172413793,False,0
C2_1,refine,256,1,32,it0052,0.17793001234531403,0.25134503841400146,0.0,False,0
C2_1,refine,256,1,32,it0053,0.26427769660949707,0.27989041805267334,0.5135135135135135,False,0
C2_1,refine,256,1,32,it0054,0.1496126353740692,0.20438753068447113,0.4166666666666667,False,0
C2_1,refine,256,1,32,it0055,0.4131799042224884,0.2891116142272949,0.2692307692307692,False,0
C2_1,refine,256,1,32,it0056,0.36934444308280945,0.23949480056762695,0.25,False,0
C2_1,refine,256,1,32,it0057,0.35951995849609375,0.17731033265590668,0.2647058823529412,False,0
C2_1,refine,256,1,32,it0058,0.2743559181690216,0.2471359670162201,0.08333333333333333,False,0
C2_1,refine,256,1,32,it0059,0.5838823914527893,0.5719413757324219,0.14285714285714285,False,0
C2_1,refine,256,1,32,it0060,0.3513002395629883,0.27953609824180603,0.0,False,0
C2_1,refine,256,1,32,it0061,0.49331027269363403,0.5118869543075562,0.14285714285714285,False,0
C2_1,refine,256,1,32,it0062,0.4884721040725708,0.47058355808258057,0.047619047619047616,False,0
C2_1,refine,256,1,32,it0063,0.3799392282962799,0.19592714309692383,0.3448275862068966,False,0
C2_1,refine,256,1,32,it0064,0.3196853697299957,0.40943700075149536,0.1111111111111111,False,0
C2_1,refine,256,1,32,it0065,0.5646096467971802,0.49502015113830566,0.10256410256410256,False,0
C2_1,refine,256,1,32,it0066,0.277779221534729,0.397824227809906,0.42857142857142855,False,0
C2_1,refine,256,1,32,it0067,0.3258313536643982,0.2512251138687134,0.16666666666666666,False,0
C2_1,refine,256,1,32,it0068,0.6592524647712708,0.5931695699691772,0.0,False,0
C2_1,refine,256,1,32,it0069,0.38429951667785645,0.3867487609386444,0.22727272727272727,False,0
C2_1,refine,256,1,32,it0070,0.31654056906700134,0.34753280878067017,0.2,False,0
C2_1,refine,256,1,32,it0071,0.5230014324188232,0.35732266306877136,0.2857142857142857,False,0
C2_1,refine,256,1,32,it0072,0.39307719469070435,0.44999754428863525,0.13636363636363635,False,0
C2_1,refine,256,1,32,it0073,0.22327972948551178,0.2564884424209595,0.41379310344827586,False,0
C2_1,refine,256,1,32,it0074,0.25309646129608154,0.19274260103702545,0.7333333333333333,False,0
C2_1,refine,256,1,32,it0075,0.3640229105949402,0.4776526689529419,0.043478260869565216,False,0
C2_1,refine,256,1,32,it0076,0.5420441627502441,0.26467567682266235,0.21739130434782608,False,0
C2_1,refine,256,1,32,it0077,0.4807925522327423,0.6235076785087585,0.3333333333333333,False,0
C2_1,refine,256,1,32,it0078,0.3241853713989258,0.26056572794914246,0.23809523809523808,False,0
C2_1,refine,256,1,32,it0079,0.6414664387702942,0.5797919631004333,0.16666666666666666,False,0
C2_1,refine,256,1,32,it0080,0.38292545080184937,0.16884683072566986,0.3170731707317073,False,0
C2_1,refine,256,1,32,it0081,0.2860073447227478,0.2251065969467163,0.10714285714285714,False,0
C2_1,refine,256,1,32,it0082,0.4814716577529907,0.34660452604293823,0.058823529411764705,False,0
C2_1,refine,256,1,32,it0083,0.4785299599170685,0.34341034293174744,0.11764705882352941,False,0
C2_1,refine,256,1,32,it0084,0.6344255208969116,0.5005133152008057,0.044444444444444446,False,0
C2_1,refine,256,1,32,it0085,0.6175057888031006,0.4213795065879822,0.21428571428571427,False,0
C2_1,refine,256,1,32,it0086,0.6936366558074951,0.4758710265159607,0.29411764705882354,False,0
C2_1,refine,256,1,32,it0087,0.4805780053138733,0.6640964150428772,0.1875,False,0
C2_1,refine,256,1,32,it0088,0.30951452255249023,0.3990155756473541,0.09523809523809523,False,0
C2_1,refine,256,1,32,it0089,0.3735516369342804,0.34127628803253174,0.0,False,0
C2_1,refine,256,1,32,it0090,0.6326625943183899,0.5888879299163818,0.11764705882352941,False,0
C2_1,refine,256,1,32,it0091,0.46712589263916016,0.41671955585479736,0.0967741935483871,False,0
C2_1,refine,256,1,32,it0092,0.41917872428894043,0.30596891045570374,0.2571428571428571,False,0
C2_1,refine,256,1,32,it0093,0.4780113101005554,0.32196715474128723,0.10526315789473684,False,0
C2_1,refine,256,1,32,it0094,0.35572952032089233,0.3572118878364563,0.15384615384615385,False,0
C2_1,refine,256,1,32,it0095,0.2574298679828644,0.31984859704971313,0.47619047619047616,False,0
C2_1,refine,256,1,32,it0096,0.5376701354980469,0.3330993354320526,0.3181818181818182,False,0
C2_1,refine,256,1,32,it0097,0.6205819249153137,0.5197271108627319,0.1,False,0
C2_1,refine,256,1,32,it0098,0.4401279389858246,0.4061778783798218,0.1111111111111111,False,0
C2_1,refine,256,1,32,it0099,0.2610544264316559,0.2058049738407135,0.13043478260869565,False,0
C2_1,refine,256,1,32,it0100,0.6441925168037415,0.5368495583534241,0.0,False,0
C2_1,refine,256,1,32,it0101,0.27699312567710876,0.2491215467453003,0.15789473684210525,False,0
C2_1,refine,256,1,32,it0102,0.35086125135421753,0.34710803627967834,0.15384615384615385,False,0
C2_1,refine,256,1,32,it0103,0.2314869463443756,0.37584996223449707,0.22727272727272727,False,0
C2_1,refine,256,1,32,it0104,0.4049495458602905,0.3911300003528595,0.08333333333333333,False,0
C2_1,refine,256,1,32,it0105,0.43959498405456543,0.6068618297576904,0.22857142857142856,False,0
C2_1,refine,256,1,32,it0106,0.2924782335758209,0.3992953598499298,0.125,False,0
C2_1,refine,256,1,32,it0107,0.5373119115829468,0.5141128897666931,0.34782608695652173,False,0
C2_1,refine,256,1,32,it0108,0.400751531124115,0.17809990048408508,0.4375,False,0
C2_1,refine,256,1,32,it0109,0.4720211625099182,0.452791303396225,0.2631578947368421,False,0
C2_1,refine,256,1,32,it0110,0.1927458494901657,0.3800426125526428,0.4,False,0
C2_1,refine,256,1,32,it0111,0.1544133573770523,0.041711676865816116,0.15151515151515152,False,0
C2_1,refine,256,1,32,it0112,0.600125789642334,0.47913727164268494,0.13636363636363635,False,0
C2_1,refine,256,1,32,it0113,0.5392420887947083,0.46965521574020386,0.06818181818181818,False,0
C2_1,refine,256,1,32,it0114,0.4516904354095459,0.27593082189559937,0.3888888888888889,False,0
C2_1,refine,256,1,32,it0115,0.2953476011753082,0.261115163564682,0.07142857142857142,False,0
C2_1,refine,256,1,32,it0116,0.5139941573143005,0.38055095076560974,0.058823529411764705,False,0
C2_1,refine,256,1,32,it0117,0.4717090427875519,0.5664972066879272,0.20588235294117646,False,0
C2_1,refine,256,1,32,it0118,0.5246828198432922,0.567824125289917,0.36538461538461536,False,0
C2_1,refine,256,1,32,it0119,0.5779178142547607,0.6093178391456604,0.14285714285714285,False,0
C2_1,refine,256,1,32,it0120,0.5558634996414185,0.5087579488754272,0.0,False,0
C2_1,refine,256,1,32,it0121,0.5525783896446228,0.32814815640449524,0.5,False,0
C2_1,refine,256,1,32,it0122,0.2134973555803299,0.260169118642807,0.36363636363636365,False,0
C2_1,refine,256,1,32,it0123,0.20136220753192902,0.16182304918766022,0.23529411764705882,False,0
C2_1,refine,256,1,32,it0124,0.5368664860725403,0.38199639320373535,0.18181818181818182,False,0
C2_1,refine,256,1,32,it0125,0.48860999941825867,0.4100011885166168,0.1282051282051282,False,0
C2_1,refine,256,1,32,it0126,0.5554668307304382,0.45588430762290955,0.125,False,0
C2_1,refine,256,1,32,it0127,0.32389533519744873,0.2976473569869995,0.058823529411764705,False,0
C2_1,refine,256,1,32,it0128,0.20673872530460358,0.1837378740310669,0.05,False,0
C2_1,refine,256,1,32,it0129,0.2631569504737854,0.23227949440479279,0.058823529411764705,False,0
C2_1,refine,256,1,32,it0130,0.2921382486820221,0.25252288579940796,0.2,False,0
C2_1,refine,256,1,32,it0131,0.2888508141040802,0.38093191385269165,0.45161290322580644,False,0
C2_1,refine,256,1,32,it0132,0.301784485578537,0.2485121786594391,0.07142857142857142,False,0
C2_1,refine,256,1,32,it0133,0.562747061252594,0.5444780588150024,0.0,False,0
C2_1,refine,256,1,32,it0134,0.4565160274505615,0.29680171608924866,0.18421052631578946,False,0
C2_1,refine,256,1,32,it0135,0.2996367812156677,0.3491707742214203,0.1794871794871795,False,0
C2_1,refine,256,1,32,it0136,0.3335815668106079,0.27591514587402344,0.15,False,0
C2_1,refine,256,1,32,it0137,0.45368364453315735,0.4707733392715454,0.3333333333333333,False,0
C2_1,refine,256,1,32,it0138,0.5021945238113403,0.6356714963912964,0.2222222222222222,False,0
C2_1,refine,256,1,32,it0139,0.5728448033332825,0.4462680220603943,0.0,False,0
C2_1,refine,256,1,32,it0140,0.2421169877052307,0.2663983106613159,0.25,False,0
C2_1,refine,256,1,32,it0141,0.6440587639808655,0.5871009826660156,0.3333333333333333,False,0
C2_1,refine,256,1,32,it0142,0.21737448871135712,0.3234730660915375,0.28,False,0
C2_1,refine,256,1,32,it0143,0.1908465027809143,0.2744618058204651,0.0,False,0
C2_1,refine,256,1,32,it0144,0.5725908875465393,0.24988681077957153,0.0,False,0
C2_1,refine,256,1,32,it0145,0.5389196276664734,0.6301313042640686,0.05,False,0
C2_1,refine,256,1,32,it0146,0.46480792760849,0.3601702153682709,0.0,False,0
C2_1,refine,256,1,32,it0147,0.41787001490592957,0.37550413608551025,0.043478260869565216,False,0
C2_1,refine,256,1,32,it0148,0.18897618353366852,0.18335826694965363,0.17857142857142858,False,0
C2_1,refine,256,1,32,it0149,0.4945908188819885,0.3563331961631775,0.14285714285714285,False,0
C2_1,refine,256,1,32,it0150,0.3726224899291992,0.36671531200408936,0.11538461538461539,False,0
C2_1,refine,256,1,32,it0151,0.5828536748886108,0.4680376350879669,0.0,False,0
C2_1,refine,256,1,32,it0152,0.46548891067504883,0.2736213803291321,0.0,False,0
C2_1,refine,256,1,32,it0153,0.2912963032722473,0.37066543102264404,0.14285714285714285,False,0
C2_1,refine,256,1,32,it0154,0.2870016098022461,0.12796801328659058,0.05263157894736842,False,0
C2_1,refine,256,1,32,it0155,0.31214624643325806,0.32368695735931396,0.25,False,0
C2_1,refine,256,1,32,it0156,0.19697682559490204,0.2447541505098343,0.2857142857142857,False,0
C2_1,refine,256,1,32,it0157,0.5311558842658997,0.5424106121063232,0.046511627906976744,False,0
C2_1,refine,256,1,32,it0158,0.31269749999046326,0.27054375410079956,0.21052631578947367,False,0
C2_1,refine,256,1,32,it0159,0.39478856325149536,0.26760125160217285,0.14285714285714285,False,0
C2_1,refine,256,1,32,it0160,0.5118539929389954,0.4504511058330536,0.22580645161290322,False,0
C2_1,refine,256,1,32,it0161,0.36004993319511414,0.3018918037414551,0.06896551724137931,False,0
C2_1,refine,256,1,32,it0162,0.14510326087474823,0.1570267677307129,0.07407407407407407,False,0
C2_1,refine,256,1,32,it0163,0.5536773800849915,0.35337722301483154,0.058823529411764705,False,0
C2_1,refine,256,1,32,it0164,0.47916847467422485,0.3096848428249359,0.16129032258064516,False,0
C2_1,refine,256,1,32,it0165,0.38981443643569946,0.3502301573753357,0.09090909090909091,False,0
C2_1,refine,256,1,32,it0166,0.35138583183288574,0.05006181821227074,0.16666666666666666,False,0
C2_1,refine,256,1,32,it0167,0.3957242965698242,0.4179534316062927,0.15789473684210525,False,0
C2_1,refine,256,1,32,it0168,0.24318504333496094,0.3081853687763214,0.1,False,0
C2_1,refine,256,1,32,it0169,0.42595532536506653,0.3687686026096344,0.2,False,0
C2_1,refine,256,1,32,it0170,0.3272072970867157,0.28747838735580444,0.17647058823529413,False,0
C2_1,refine,256,1,32,it0171,0.6946451663970947,0.5624220967292786,0.19047619047619047,False,0
C2_1,refine,256,1,32,it0172,0.28362414240837097,0.4000397324562073,0.08,False,0
C2_1,refine,256,1,32,it0173,0.6859362721443176,0.6058040857315063,0.0,False,0
C2_1,refine,256,1,32,it0174,0.5550509095191956,0.2829785943031311,0.3125,False,0
C2_1,refine,256,1,32,it0175,0.0770140141248703,0.051870666444301605,0.0,False,0
C2_1,refine,256,1,32,it0176,0.2857741713523865,0.24691089987754822,0.1111111111111111,False,0
C2_1,refine,256,1,32,it0177,0.3753417730331421,0.4401453137397766,0.0,False,0
C2_1,refine,256,1,32,it0178,0.22945231199264526,0.1578252911567688,0.35294117647058826,False,0
C2_1,refine,256,1,32,it0179,0.6150872707366943,0.5657103657722473,0.16129032258064516,False,0
C2_1,refine,256,1,32,it0180,0.47186756134033203,0.4157765507698059,0.07142857142857142,False,0
C2_1,refine,256,1,32,it0181,0.5353526473045349,0.48429781198501587,0.0,False,0
C2_1,refine,256,1,32,it0182,0.5759373903274536,0.3642992377281189,0.2,False,0
C2_1,refine,256,1,32,it0183,0.6000264286994934,0.5354182124137878,0.0,False,0
C2_1,refine,256,1,32,it0184,0.35393866896629333,0.18153740465641022,0.5333333333333333,False,0
C2_1,refine,256,1,32,it0185,0.3528272211551666,0.400727778673172,0.25806451612903225,False,0
C2_1,refine,256,1,32,it0186,0.4629896879196167,0.41382044553756714,0.5,False,0
C2_1,refine,256,1,32,it0187,0.5075318813323975,0.4763304889202118,0.125,False,0
C2_1,refine,256,1,32,it0188,0.5517278909683228,0.47455230355262756,0.1111111111111111,False,0
C2_1,refine,256,1,32,it0189,0.4467867612838745,0.2254500538110733,0.15,False,0
C2_1,refine,256,1,32,it0190,0.6250181198120117,0.4863525629043579,0.0,False,0
C2_1,refine,256,1,32,it0191,0.4084429144859314,0.25268593430519104,0.16,False,0
C2_1,refine,256,1,32,it0192,0.5578499436378479,0.49517717957496643,0.37037037037037035,False,0
C2_1,refine,256,1,32,it0193,0.42691314220428467,0.19944316148757935,0.375,False,0
C2_1,refine,256,1,32,it0194,0.6272969245910645,0.5946381092071533,0.09523809523809523,False,0
C2_1,refine,256,1,32,it0195,0.5570690631866455,0.38857096433639526,0.15384615384615385,False,0
C2_1,refine,256,1,32,it0196,0.4267362952232361,0.21961155533790588,0.2857142857142857,False,0
C2_1,refine,256,1,32,it0197,0.3829450011253357,0.33782777190208435,0.18181818181818182,False,0
C2_1,refine,256,1,32,it0198,0.1271374225616455,0.1664351373910904,0.0625,False,0
C2_1,refine,256,1,32,it0199,0.46568143367767334,0.5805997848510742,0.17647058823529413,False,0
C2_1,refine,512,1,64,it0000,0.5010946393013,0.46150845289230347,0.1956521739130435,False,0
C2_1,refine,512,1,64,it0001,0.4604336619377136,0.34042784571647644,0.3888888888888889,False,0
C2_1,refine,512,1,64,it0002,0.3489449918270111,0.19215649366378784,0.26666666666666666,False,0
C2_1,refine,512,1,64,it0003,0.36405399441719055,0.23740559816360474,0.06666666666666667,False,0
C2_1,refine,512,1,64,it0004,0.5724260807037354,0.41465896368026733,0.125,False,0
C2_1,refine,512,1,64,it0005,0.4164600968360901,0.49634116888046265,0.07407407407407407,False,0
C2_1,refine,512,1,64,it0006,0.42093193531036377,0.3365556597709656,0.4444444444444444,False,0
C2_1,refine,512,1,64,it0007,0.2572612762451172,0.3231692910194397,0.25,False,0
C2_1,refine,512,1,64,it0008,0.37493830919265747,0.17189542949199677,0.23809523809523808,False,0
C2_1,refine,512,1,64,it0009,0.49480965733528137,0.5294783115386963,0.18518518518518517,False,0
C2_1,refine,512,1,64,it0010,0.4940999746322632,0.5001733303070068,0.2777777777777778,False,0
C2_1,refine,512,1,64,it0011,0.3940834105014801,0.3744926154613495,0.0,False,0
C2_1,refine,512,1,64,it0012,0.3693694472312927,0.29212188720703125,0.7586206896551724,False,0
C2_1,refine,512,1,64,it0013,0.5605633854866028,0.6273330450057983,0.037037037037037035,False,0
C2_1,refine,512,1,64,it0014,0.34792470932006836,0.294936865568161,0.13333333333333333,False,0
C2_1,refine,512,1,64,it0015,0.3705770969390869,0.40761029720306396,0.5882352941176471,False,0
C2_1,refine,512,1,64,it0016,0.48410603404045105,0.34212279319763184,0.35294117647058826,False,0
C2_1,refine,512,1,64,it0017,0.4702579379081726,0.3221334218978882,0.06666666666666667,False,0
C2_1,refine,512,1,64,it0018,0.36349597573280334,0.300441712141037,0.08823529411764706,False,0
C2_1,refine,512,1,64,it0019,0.5621076226234436,0.4851338565349579,0.30434782608695654,False,0
C2_1,refine,512,1,64,it0020,0.2726139426231384,0.17569483816623688,0.23076923076923078,False,0
C2_1,refine,512,1,64,it0021,0.4937201738357544,0.4202762246131897,0.09090909090909091,False,0
C2_1,refine,512,1,64,it0022,0.42932629585266113,0.35421016812324524,0.475,False,0
C2_1,refine,512,1,64,it0023,0.6373162269592285,0.5900260210037231,0.16666666666666666,False,0
C2_1,refine,512,1,64,it0024,0.6517822742462158,0.4968438744544983,0.21428571428571427,False,0
C2_1,refine,512,1,64,it0025,0.5328727960586548,0.43574315309524536,0.05,False,0
C2_1,refine,512,1,64,it0026,0.2683223485946655,0.2613086700439453,0.25,False,0
C2_1,refine,512,1,64,it0027,0.6528464555740356,0.5808362364768982,0.3125,False,0
C2_1,refine,512,1,64,it0028,0.5160232782363892,0.4845302104949951,0.23809523809523808,False,0
C2_1,refine,512,1,64,it0029,0.2097247689962387,0.3025858998298645,0.125,False,0
C2_1,refine,512,1,64,it0030,0.5688656568527222,0.5217155814170837,0.32,False,0
C2_1,refine,512,1,64,it0031,0.2949428856372833,0.33093053102493286,0.2777777777777778,False,0
C2_1,refine,512,1,64,it0032,0.5727287530899048,0.46006447076797485,0.2222222222222222,False,0
C2_1,refine,512,1,64,it0033,0.343203604221344,0.27181655168533325,0.3076923076923077,False,0
C2_1,refine,512,1,64,it0034,0.3597475290298462,0.25613999366760254,0.13333333333333333,False,0
C2_1,refine,512,1,64,it0035,0.20021776854991913,0.2588229179382324,0.3076923076923077,False,0
C2_1,refine,512,1,64,it0036,0.5669687986373901,0.4626937508583069,0.2777777777777778,False,0
C2_1,refine,512,1,64,it0037,0.5307151079177856,0.4132296144962311,0.13333333333333333,False,0
C2_1,refine,512,1,64,it0038,0.35762664675712585,0.2708141803741455,0.13513513513513514,False,0
C2_1,refine,512,1,64,it0039,0.34730398654937744,0.38763129711151123,0.17073170731707318,False,0
C2_1,refine,512,1,64,it0040,0.25998979806900024,0.24777907133102417,0.4666666666666667,False,0
C2_1,refine,512,1,64,it0041,0.5730397701263428,0.4237765073776245,0.18181818181818182,False,0
C2_1,refine,512,1,64,it0042,0.3761376738548279,0.38637223839759827,0.2222222222222222,False,0
C2_1,refine,512,1,64,it0043,0.17651644349098206,0.08288447558879852,0.11538461538461539,False,0
C2_1,refine,512,1,64,it0044,0.4487675428390503,0.4004949629306793,0.4,False,0
C2_1,refine,512,1,64,it0045,0.2758595645427704,0.3656742572784424,0.23333333333333334,False,0
C2_1,refine,512,1,64,it0046,0.3499695062637329,0.2770419716835022,0.125,False,0
C2_1,refine,512,1,64,it0047,0.2183859646320343,0.21154148876667023,0.55,False,0
C2_1,refine,512,1,64,it0048,0.4777928590774536,0.34939637780189514,0.3125,False,0
C2_1,refine,512,1,64,it0049,0.31774383783340454,0.44889509677886963,0.2727272727272727,False,0
C2_1,refine,512,1,64,it0050,0.17001664638519287,-0.09424306452274323,0.3181818181818182,False,0
C2_1,refine,512,1,64,it0051,0.15147554874420166,0.27963680028915405,0.1724137931034483,False,0
C2_1,refine,512,1,64,it0052,0.09837450832128525,0.3312307298183441,0.0,False,0
C2_1,refine,512,1,64,it0053,0.18617640435695648,0.23564794659614563,0.7297297297297297,False,0
C2_1,refine,512,1,64,it0054,0.27295398712158203,0.1836874783039093,0.375,False,0
C2_1,refine,512,1,64,it0055,0.5999595522880554,0.6133427619934082,0.4230769230769231,False,0
C2_1,refine,512,1,64,it0056,0.25246262550354004,0.1909617930650711,0.2,False,0
C2_1,refine,512,1,64,it0057,0.42966705560684204,0.23718062043190002,0.2647058823529412,False,0
C2_1,refine,512,1,64,it0058,0.1339600384235382,0.1799072027206421,0.3333333333333333,False,0
C2_1,refine,512,1,64,it0059,0.5580978989601135,0.5066573619842529,0.07142857142857142,False,0
C2_1,refine,512,1,64,it0060,0.38926830887794495,0.2686816453933716,0.17647058823529413,False,0
C2_1,refine,512,1,64,it0061,0.5020109415054321,0.5649093389511108,0.11428571428571428,False,0
C2_1,refine,512,1,64,it0062,0.567460834980011,0.4328745901584625,0.14285714285714285,False,0
C2_1,refine,512,1,64,it0063,0.35651785135269165,0.3094976246356964,0.3103448275862069,False,0
C2_1,refine,512,1,64,it0064,0.3894829750061035,0.4941648244857788,0.1111111111111111,False,0
C2_1,refine,512,1,64,it0065,0.5580625534057617,0.4239853024482727,0.10256410256410256,False,0
C2_1,refine,512,1,64,it0066,0.22752423584461212,0.3947618007659912,0.42857142857142855,False,0
C2_1,refine,512,1,64,it0067,0.28999027609825134,0.1994851976633072,0.3888888888888889,False,0
C2_1,refine,512,1,64,it0068,0.6075830459594727,0.5224063992500305,0.0,False,0
C2_1,refine,512,1,64,it0069,0.3863529562950134,0.3260679244995117,0.09090909090909091,False,0
C2_1,refine,512,1,64,it0070,0.3019077777862549,0.183599591255188,0.2,False,0
C2_1,refine,512,1,64,it0071,0.5362262725830078,0.4757198095321655,0.17857142857142858,False,0
C2_1,refine,512,1,64,it0072,0.524117648601532,0.5134080052375793,0.09090909090909091,False,0
C2_1,refine,512,1,64,it0073,0.19561076164245605,0.1337624192237854,0.41379310344827586,False,0
C2_1,refine,512,1,64,it0074,0.26551979780197144,0.39445698261260986,0.4,False,0
C2_1,refine,512,1,64,it0075,0.25456905364990234,0.37775543332099915,0.43478260869565216,False,0
C2_1,refine,512,1,64,it0076,0.49297142028808594,0.15060542523860931,0.30434782608695654,False,0
C2_1,refine,512,1,64,it0077,0.4331474304199219,0.30173414945602417,0.3333333333333333,False,0
C2_1,refine,512,1,64,it0078,0.4536978304386139,0.2829030156135559,0.3333333333333333,False,0
C2_1,refine,512,1,64,it0079,0.587835431098938,0.49750351905822754,0.125,False,0
C2_1,refine,512,1,64,it0080,0.44842901825904846,0.22874772548675537,0.0975609756097561,False,0
C2_1,refine,512,1,64,it0081,0.3551238775253296,0.2656058967113495,0.14285714285714285,False,0
C2_1,refine,512,1,64,it0082,0.4131295680999756,0.30978310108184814,0.29411764705882354,False,0
C2_1,refine,512,1,64,it0083,0.4755331873893738,0.3711526095867157,0.14705882352941177,False,0
C2_1,refine,512,1,64,it0084,0.5116543769836426,0.3810325860977173,0.17777777777777778,False,0
C2_1,refine,512,1,64,it0085,0.5211841464042664,0.40079405903816223,0.0,False,0
C2_1,refine,512,1,64,it0086,0.614481508731842,0.5559772253036499,0.5294117647058824,False,0
C2_1,refine,512,1,64,it0087,0.5520708560943604,0.5749270915985107,0.1875,False,0
C2_1,refine,512,1,64,it0088,0.3957311511039734,0.38938817381858826,0.0,False,0
C2_1,refine,512,1,64,it0089,0.45549315214157104,0.3212988078594208,0.08333333333333333,False,0
C2_1,refine,512,1,64,it0090,0.5061529874801636,0.4275997281074524,0.0,False,0
C2_1,refine,512,1,64,it0091,0.5013749599456787,0.4825129508972168,0.1935483870967742,False,0
C2_1,refine,512,1,64,it0092,0.4487127661705017,0.39471304416656494,0.02857142857142857,False,0
C2_1,refine,512,1,64,it0093,0.5080505609512329,0.42712339758872986,0.0,False,0
C2_1,refine,512,1,64,it0094,0.3872772753238678,0.4547014832496643,0.07692307692307693,False,0
C2_1,refine,512,1,64,it0095,0.3342069983482361,0.4780711531639099,0.5238095238095238,False,0
C2_1,refine,512,1,64,it0096,0.4590536952018738,0.42520877718925476,0.36363636363636365,False,0
C2_1,refine,512,1,64,it0097,0.5118777751922607,0.43695321679115295,0.0,False,0
C2_1,refine,512,1,64,it0098,0.5588921904563904,0.4936337172985077,0.25925925925925924,False,0
C2_1,refine,512,1,64,it0099,0.21209818124771118,0.18813864886760712,0.0,False,0
C2_1,refine,512,1,64,it0100,0.6168290376663208,0.6689848899841309,0.0,False,0
C2_1,refine,512,1,64,it0101,0.20373766124248505,0.24847303330898285,0.15789473684210525,False,0
C2_1,refine,512,1,64,it0102,0.3518555462360382,0.41389432549476624,0.0,False,0
C2_1,refine,512,1,64,it0103,0.2573762536048889,0.2103501409292221,0.045454545454545456,False,0
C2_1,refine,512,1,64,it0104,0.5198559165000916,0.5409485697746277,0.125,False,0
C2_1,refine,512,1,64,it0105,0.4481937885284424,0.4865362048149109,0.34285714285714286,False,0
C2_1,refine,512,1,64,it0106,0.37836575508117676,0.3350374400615692,0.08333333333333333,False,0
C2_1,refine,512,1,64,it0107,0.5598530173301697,0.4643562436103821,0.21739130434782608,False,0
C2_1,refine,512,1,64,it0108,0.36973366141319275,0.22321613132953644,0.3125,False,0
C2_1,refine,512,1,64,it0109,0.40828701853752136,0.38498455286026,0.21052631578947367,False,0
C2_1,refine,512,1,64,it0110,0.1135692298412323,0.18257009983062744,0.23333333333333334,False,0
C2_1,refine,512,1,64,it0111,0.13892726600170135,0.08371314406394958,0.2727272727272727,False,0
C2_1,refine,512,1,64,it0112,0.6311100125312805,0.5260003805160522,0.20454545454545456,False,0
C2_1,refine,512,1,64,it0113,0.5393718481063843,0.45577433705329895,0.045454545454545456,False,0
C2_1,refine,512,1,64,it0114,0.4833248257637024,0.37682563066482544,0.6111111111111112,False,0
C2_1,refine,512,1,64,it0115,0.32449066638946533,0.11095259338617325,0.07142857142857142,False,0
C2_1,refine,512,1,64,it0116,0.432382732629776,0.2054194062948227,0.17647058823529413,False,0
C2_1,refine,512,1,64,it0117,0.5203332901000977,0.5842898488044739,0.4117647058823529,False,0
C2_1,refine,512,1,64,it0118,0.35077959299087524,0.4185975193977356,0.3076923076923077,False,0
C2_1,refine,512,1,64,it0119,0.4403528869152069,0.58390873670578,0.21428571428571427,False,0
C2_1,refine,512,1,64,it0120,0.590763509273529,0.5913748145103455,0.0,False,0
C2_1,refine,512,1,64,it0121,0.49115490913391113,0.3925350606441498,0.8,True,0
C2_1,refine,512,1,64,it0122,0.2696266770362854,0.2886883616447449,0.3181818181818182,False,0
C2_1,refine,512,1,64,it0123,0.33204126358032227,0.30936452746391296,0.058823529411764705,False,0
C2_1,refine,512,1,64,it0124,0.5501863956451416,0.3817048668861389,0.09090909090909091,False,0
C2_1,refine,512,1,64,it0125,0.3861463963985443,0.3457053303718567,0.23076923076923078,False,0
C2_1,refine,512,1,64,it0126,0.4442448914051056,0.42469102144241333,0.0625,False,0
C2_1,refine,512,1,64,it0127,0.36837711930274963,0.21458309888839722,0.0,False,0
C2_1,refine,512,1,64,it0128,0.21701620519161224,0.1906464546918869,0.55,False,0
C2_1,refine,512,1,64,it0129,0.23277221620082855,0.15594007074832916,0.058823529411764705,False,0
C2_1,refine,512,1,64,it0130,0.3429461121559143,0.41533738374710083,0.1,False,0
C2_1,refine,512,1,64,it0131,0.15432053804397583,0.3259093165397644,0.25806451612903225,False,0
C2_1,refine,512,1,64,it0132,0.31574735045433044,0.2595106363296509,0.14285714285714285,False,0
C2_1,refine,512,1,64,it0133,0.4917261600494385,0.5328938364982605,0.07142857142857142,False,0
C2_1,refine,512,1,64,it0134,0.39096516370773315,0.31969770789146423,0.05263157894736842,False,0
C2_1,refine,512,1,64,it0135,0.29479122161865234,0.25444522500038147,0.05128205128205128,False,0
C2_1,refine,512,1,64,it0136,0.41033077239990234,0.30024391412734985,0.0,False,0
C2_1,refine,512,1,64,it0137,0.5233643651008606,0.32175907492637634,0.3333333333333333,False,0
C2_1,refine,512,1,64,it0138,0.5655466318130493,0.6523431539535522,0.16666666666666666,False,0
C2_1,refine,512,1,64,it0139,0.4296417236328125,0.2063964456319809,0.05555555555555555,False,0
C2_1,refine,512,1,64,it0140,0.49385929107666016,0.4647875428199768,0.16666666666666666,False,0
C2_1,refine,512,1,64,it0141,0.6311063766479492,0.6045652031898499,0.43333333333333335,False,0
C2_1,refine,512,1,64,it0142,0.1977924406528473,0.3873242139816284,0.28,False,0
C2_1,refine,512,1,64,it0143,0.3207174837589264,0.3348294198513031,0.0625,False,0
C2_1,refine,512,1,64,it0144,0.5420425534248352,0.3542897403240204,0.25,False,0
C2_1,refine,512,1,64,it0145,0.41164740920066833,0.5231600999832153,0.025,False,0
C2_1,refine,512,1,64,it0146,0.4626803398132324,0.4021866023540497,0.1,False,0
C2_1,refine,512,1,64,it0147,0.41480156779289246,0.5593655705451965,0.13043478260869565,False,0
C2_1,refine,512,1,64,it0148,0.15892146527767181,0.3134050667285919,0.35714285714285715,False,0
C2_1,refine,512,1,64,it0149,0.43772628903388977,0.3097902238368988,0.2857142857142857,False,0
C2_1,refine,512,1,64,it0150,0.3537214994430542,0.39970406889915466,0.15384615384615385,False,0
C2_1,refine,512,1,64,it0151,0.5706234574317932,0.5013953447341919,0.0,False,0
C2_1,refine,512,1,64,it0152,0.467368483543396,0.3390834331512451,0.0,False,0
C2_1,refine,512,1,64,it0153,0.3349553942680359,0.35758182406425476,0.16666666666666666,False,0
C2_1,refine,512,1,64,it0154,0.19925986230373383,0.012509198859333992,0.0,False,0
C2_1,refine,512,1,64,it0155,0.4169805645942688,0.3468478322029114,0.10714285714285714,False,0
C2_1,refine,512,1,64,it0156,0.15349939465522766,0.21677325665950775,0.2857142857142857,False,0
C2_1,refine,512,1,64,it0157,0.5002649426460266,0.4705374240875244,0.13953488372093023,False,0
C2_1,refine,512,1,64,it0158,0.3798564672470093,0.28159332275390625,0.10526315789473684,False,0
C2_1,refine,512,1,64,it0159,0.3510989546775818,0.29580649733543396,0.14285714285714285,False,0
C2_1,refine,512,1,64,it0160,0.5711290836334229,0.46124356985092163,0.1935483870967742,False,0
C2_1,refine,512,1,64,it0161,0.3051360845565796,0.2343384474515915,0.10344827586206896,False,0
C2_1,refine,512,1,64,it0162,0.08875152468681335,0.2722221314907074,0.2222222222222222,False,0
C2_1,refine,512,1,64,it0163,0.4994398355484009,0.3286295235157013,0.0,False,0
C2_1,refine,512,1,64,it0164,0.5686265826225281,0.36505329608917236,0.1935483870967742,False,0
C2_1,refine,512,1,64,it0165,0.34706732630729675,0.35695505142211914,0.030303030303030304,False,0
C2_1,refine,512,1,64,it0166,0.522822916507721,0.283121258020401,0.25,False,0
C2_1,refine,512,1,64,it0167,0.26439565420150757,0.2947623133659363,0.05263157894736842,False,0
C2_1,refine,512,1,64,it0168,0.23970773816108704,0.22268934547901154,0.1,False,0
C2_1,refine,512,1,64,it0169,0.4666815996170044,0.3897818326950073,0.05,False,0
C2_1,refine,512,1,64,it0170,0.34577009081840515,0.42738452553749084,0.17647058823529413,False,0
C2_1,refine,512,1,64,it0171,0.7100874781608582,0.6060977578163147,0.047619047619047616,False,0
C2_1,refine,512,1,64,it0172,0.15001744031906128,0.27189525961875916,0.0,False,0
C2_1,refine,512,1,64,it0173,0.6367042660713196,0.5814385414123535,0.1,False,0
C2_1,refine,512,1,64,it0174,0.618647575378418,0.360981285572052,0.125,False,0
C2_1,refine,512,1,64,it0175,0.25098761916160583,0.26414212584495544,0.06666666666666667,False,0
C2_1,refine,512,1,64,it0176,0.39716029167175293,0.4316139817237854,0.0,False,0
C2_1,refine,512,1,64,it0177,0.37525177001953125,0.42652377486228943,0.10526315789473684,False,0
C2_1,refine,512,1,64,it0178,0.3902636170387268,0.12674292922019958,0.35294117647058826,False,0
C2_1,refine,512,1,64,it0179,0.6250177621841431,0.673438549041748,0.16129032258064516,False,0
C2_1,refine,512,1,64,it0180,0.3410916030406952,0.39033016562461853,0.14285714285714285,False,0
C2_1,refine,512,1,64,it0181,0.5195717811584473,0.49484264850616455,0.024390243902439025,False,0
C2_1,refine,512,1,64,it0182,0.5389127135276794,0.4602355659008026,0.36,False,0
C2_1,refine,512,1,64,it0183,0.5680612921714783,0.45130282640457153,0.04,False,0
C2_1,refine,512,1,64,it0184,0.26339590549468994,0.16569368541240692,0.6,False,0
C2_1,refine,512,1,64,it0185,0.41520291566848755,0.38540709018707275,0.25806451612903225,False,0
C2_1,refine,512,1,64,it0186,0.5799431204795837,0.32574042677879333,0.08333333333333333,False,0
C2_1,refine,512,1,64,it0187,0.4809397757053375,0.3793790340423584,0.1875,False,0
C2_1,refine,512,1,64,it0188,0.5242398977279663,0.5079360604286194,0.2777777777777778,False,0
C2_1,refine,512,1,64,it0189,0.35526224970817566,0.25471606850624084,0.15,False,0
C2_1,refine,512,1,64,it0190,0.6627007722854614,0.5126956701278687,0.0,False,0
C2_1,refine,512,1,64,it0191,0.36516711115837097,0.3357688784599304,0.0,False,0
C2_1,refine,512,1,64,it0192,0.4810311794281006,0.5068286657333374,0.37037037037037035,False,0
C2_1,refine,512,1,64,it0193,0.5099250078201294,0.3084222972393036,0.4375,False,0
C2_1,refine,512,1,64,it0194,0.6224376559257507,0.6001542806625366,0.14285714285714285,False,0
C2_1,refine,512,1,64,it0195,0.5688710808753967,0.46893376111984253,0.19230769230769232,False,0
C2_1,refine,512,1,64,it0196,0.468711256980896,0.44097211956977844,0.2857142857142857,False,0
C2_1,refine,512,1,64,it0197,0.41074711084365845,0.40035298466682434,0.09090909090909091,False,0
C2_1,refine,512,1,64,it0198,0.2886390686035156,0.08323464542627335,0.125,False,0
C2_1,refine,512,1,64,it0199,0.470586895942688,0.48539915680885315,0.11764705882352941,False,0
