run,arm,nfe,K,T,item,ecapa,wavlm,wer,degenerate,pick
C2_2,search,128,2,8,it0000,0.48738691210746765,0.4749414622783661,0.2391304347826087,False,0
C2_2,search,128,2,8,it0001,0.29435431957244873,0.18558716773986816,0.3888888888888889,False,1
C2_2,search,128,2,8,it0002,0.2571590840816498,0.26335591077804565,0.26666666666666666,False,0
C2_2,search,128,2,8,it0003,0.39320069551467896,0.3172263503074646,0.3333333333333333,False,1
C2_2,search,128,2,8,it0004,0.5604992508888245,0.30621734261512756,0.125,False,0
C2_2,search,128,2,8,it0005,0.38350123167037964,0.31153759360313416,0.07407407407407407,False,1
C2_2,search,128,2,8,it0006,0.32480984926223755,0.4089196026325226,0.4444444444444444,False,1
C2_2,search,128,2,8,it0007,0.3836384415626526,0.3131745159626007,0.22727272727272727,False,0
C2_2,search,128,2,8,it0008,0.4226296544075012,0.29144543409347534,0.42857142857142855,False,0
C2_2,search,128,2,8,it0009,0.539506733417511,0.4998350739479065,0.2222222222222222,False,1
C2_2,search,128,2,8,it0010,0.5218888521194458,0.570196807384491,0.3333333333333333,False,1
C2_2,search,128,2,8,it0011,0.49919235706329346,0.4943944811820984,0.08695652173913043,False,1
C2_2,search,128,2,8,it0012,0.4584457278251648,0.29451578855514526,0.4827586206896552,False,0
C2_2,search,128,2,8,it0013,0.5482155680656433,0.5929230451583862,0.0,False,1
C2_2,search,128,2,8,it0014,0.4005601406097412,0.4573456346988678,0.06666666666666667,False,1
C2_2,search,128,2,8,it0015,0.4877105951309204,0.5927072763442993,0.11764705882352941,False,0
C2_2,search,128,2,8,it0016,0.5178366303443909,0.39794909954071045,0.20588235294117646,False,1
C2_2,search,128,2,8,it0017,0.5082268118858337,0.33537769317626953,0.06666666666666667,False,0
C2_2,search,128,2,8,it0018,0.3472171127796173,0.2348702847957611,0.2647058823529412,False,1
C2_2,search,128,2,8,it0019,0.6580427289009094,0.569000244140625,0.2391304347826087,False,0
C2_2,search,128,2,8,it0020,0.36594632267951965,0.3063051104545593,0.38461538461538464,False,1
C2_2,search,128,2,8,it0021,0.48106375336647034,0.46631738543510437,0.3939393939393939,False,1
C2_2,search,128,2,8,it0022,0.3509277105331421,0.45306646823883057,0.425,False,0
C2_2,search,128,2,8,it0023,0.5426766872406006,0.5222975015640259,0.5555555555555556,False,0
C2_2,search,128,2,8,it0024,0.5848400592803955,0.4789293110370636,0.14285714285714285,False,0
C2_2,search,128,2,8,it0025,0.47219836711883545,0.47788405418395996,0.15,False,0
C2_2,search,128,2,8,it0026,0.2992744445800781,0.24836860597133636,0.3125,False,0
C2_2,search,128,2,8,it0027,0.6284937858581543,0.5056653618812561,0.1875,False,0
C2_2,search,128,2,8,it0028,0.5138788223266602,0.5635125637054443,0.19047619047619047,False,1
C2_2,search,128,2,8,it0029,0.34852835536003113,0.24706874787807465,0.1875,False,0
C2_2,search,128,2,8,it0030,0.5317455530166626,0.37446528673171997,0.16,False,1
C2_2,search,128,2,8,it0031,0.46805185079574585,0.2672029733657837,0.16666666666666666,False,0
C2_2,search,128,2,8,it0032,0.6437618732452393,0.5308875441551208,0.14814814814814814,False,1
C2_2,search,128,2,8,it0033,0.33964231610298157,0.2828544080257416,0.15384615384615385,False,0
C2_2,search,128,2,8,it0034,0.3979628384113312,0.32491621375083923,0.03333333333333333,False,1
C2_2,search,128,2,8,it0035,0.2590685784816742,0.18013882637023926,0.15384615384615385,False,0
C2_2,search,128,2,8,it0036,0.6277909278869629,0.5077651739120483,0.4444444444444444,False,1
C2_2,search,128,2,8,it0037,0.5731341242790222,0.5176869630813599,0.06666666666666667,False,1
C2_2,search,128,2,8,it0038,0.3612716794013977,0.20016160607337952,0.05405405405405406,False,0
C2_2,search,128,2,8,it0039,0.4325820803642273,0.41163504123687744,0.1951219512195122,False,1
C2_2,search,128,2,8,it0040,0.23282819986343384,0.13369904458522797,0.2,False,1
C2_2,search,128,2,8,it0041,0.5970907211303711,0.3670838177204132,0.45454545454545453,False,0
C2_2,search,128,2,8,it0042,0.5141395330429077,0.5104466080665588,0.37037037037037035,False,0
C2_2,search,128,2,8,it0043,0.2197035551071167,0.25370538234710693,0.07692307692307693,False,0
C2_2,search,128,2,8,it0044,0.4528704285621643,0.6556107401847839,0.6,False,0
C2_2,search,128,2,8,it0045,0.21943798661231995,0.3243272006511688,0.1,False,1
C2_2,search,128,2,8,it0046,0.2780159115791321,0.32998931407928467,0.1875,False,1
C2_2,search,128,2,8,it0047,0.21040180325508118,0.3009265661239624,0.8,False,0
C2_2,search,128,2,8,it0048,0.5206335186958313,0.494297057390213,0.5625,False,1
C2_2,search,128,2,8,it0049,0.4183562397956848,0.5401115417480469,0.5454545454545454,False,0
C2_2,search,128,2,8,it0050,0.30666717886924744,0.1301305741071701,0.36363636363636365,False,1
C2_2,search,128,2,8,it0051,0.24982792139053345,0.41838690638542175,0.5172413793103449,False,1
C2_2,search,128,2,8,it0052,0.21662691235542297,0.32782408595085144,0.0,False,0
C2_2,search,128,2,8,it0053,0.23641981184482574,0.28658023476600647,0.1891891891891892,False,0
C2_2,search,128,2,8,it0054,0.3240688741207123,0.27157291769981384,0.08333333333333333,False,1
C2_2,search,128,2,8,it0055,0.5034621953964233,0.5161530375480652,0.2692307692307692,False,0
C2_2,search,128,2,8,it0056,0.4534726142883301,0.22196534276008606,0.3,False,1
C2_2,search,128,2,8,it0057,0.48231783509254456,0.2978074252605438,0.08823529411764706,False,1
C2_2,search,128,2,8,it0058,0.3954169750213623,0.3348797857761383,0.5,False,1
C2_2,search,128,2,8,it0059,0.5744078159332275,0.5607168078422546,0.21428571428571427,False,0
C2_2,search,128,2,8,it0060,0.5244116187095642,0.4001460075378418,0.11764705882352941,False,1
C2_2,search,128,2,8,it0061,0.5104323625564575,0.5460748076438904,0.2,False,1
C2_2,search,128,2,8,it0062,0.518081784248352,0.48317426443099976,0.0,False,0
C2_2,search,128,2,8,it0063,0.43282395601272583,0.38895002007484436,0.13793103448275862,False,1
C2_2,search,128,2,8,it0064,0.3939800560474396,0.3896937966346741,0.2222222222222222,False,1
C2_2,search,128,2,8,it0065,0.5782909393310547,0.6177371144294739,0.1794871794871795,False,0
C2_2,search,128,2,8,it0066,0.22420227527618408,0.31608787178993225,0.23809523809523808,False,0
C2_2,search,128,2,8,it0067,0.4414311647415161,0.3548746407032013,0.4444444444444444,False,0
C2_2,search,128,2,8,it0068,0.6736781597137451,0.5835524201393127,0.02564102564102564,False,1
C2_2,search,128,2,8,it0069,0.3842329978942871,0.3458769619464874,0.18181818181818182,False,0
C2_2,search,128,2,8,it0070,0.41913720965385437,0.3963592052459717,0.26666666666666666,False,0
C2_2,search,128,2,8,it0071,0.5613449215888977,0.47676631808280945,0.32142857142857145,False,0
C2_2,search,128,2,8,it0072,0.5213114023208618,0.4899868667125702,0.045454545454545456,False,0
C2_2,search,128,2,8,it0073,0.16074499487876892,0.24015159904956818,0.3448275862068966,False,0
C2_2,search,128,2,8,it0074,0.2836804687976837,0.19943591952323914,0.2,False,1
C2_2,search,128,2,8,it0075,0.44007408618927,0.3175247609615326,0.17391304347826086,False,0
C2_2,search,128,2,8,it0076,0.5630992650985718,0.30689331889152527,0.4782608695652174,False,1
C2_2,search,128,2,8,it0077,0.4639773666858673,0.5626763105392456,0.3333333333333333,False,0
C2_2,search,128,2,8,it0078,0.2649015784263611,0.32718491554260254,0.38095238095238093,False,0
C2_2,search,128,2,8,it0079,0.5325976610183716,0.5128054022789001,0.25,False,0
C2_2,search,128,2,8,it0080,0.5005160570144653,0.20374053716659546,0.34146341463414637,False,1
C2_2,search,128,2,8,it0081,0.31562089920043945,0.2784365713596344,0.10714285714285714,False,1
C2_2,search,128,2,8,it0082,0.4753340482711792,0.5376940369606018,0.35294117647058826,False,0
C2_2,search,128,2,8,it0083,0.4731788635253906,0.3531660735607147,0.08823529411764706,False,0
C2_2,search,128,2,8,it0084,0.5695361495018005,0.38581329584121704,0.08888888888888889,False,1
C2_2,search,128,2,8,it0085,0.4962075650691986,0.4020923674106598,0.14285714285714285,False,1
C2_2,search,128,2,8,it0086,0.6233729124069214,0.5200006365776062,0.5882352941176471,False,1
C2_2,search,128,2,8,it0087,0.5090487599372864,0.5397894978523254,0.1875,False,0
C2_2,search,128,2,8,it0088,0.25854596495628357,0.2673094868659973,0.047619047619047616,False,0
C2_2,search,128,2,8,it0089,0.4607655107975006,0.23917502164840698,0.0,False,1
C2_2,search,128,2,8,it0090,0.48475563526153564,0.5738475918769836,0.058823529411764705,False,1
C2_2,search,128,2,8,it0091,0.5882898569107056,0.5157857537269592,0.3548387096774194,False,1
C2_2,search,128,2,8,it0092,0.5737434029579163,0.4547092616558075,0.02857142857142857,False,0
C2_2,search,128,2,8,it0093,0.5427515506744385,0.40476083755493164,0.15789473684210525,False,0
C2_2,search,128,2,8,it0094,0.5154781341552734,0.39757317304611206,0.0,False,0
C2_2,search,128,2,8,it0095,0.42497262358665466,0.48969370126724243,0.38095238095238093,False,1
C2_2,search,128,2,8,it0096,0.5555770397186279,0.34119918942451477,0.18181818181818182,False,1
C2_2,search,128,2,8,it0097,0.5001454949378967,0.5727890729904175,0.15,False,1
C2_2,search,128,2,8,it0098,0.5264285802841187,0.42213642597198486,0.037037037037037035,False,1
C2_2,search,128,2,8,it0099,0.2341083437204361,0.17186293005943298,0.17391304347826086,False,1
C2_2,search,128,2,8,it0100,0.6005350947380066,0.5836194753646851,0.0,False,1
C2_2,search,128,2,8,it0101,0.34474095702171326,0.257481187582016,0.21052631578947367,False,1
C2_2,search,128,2,8,it0102,0.4418390989303589,0.48985275626182556,0.15384615384615385,False,0
C2_2,search,128,2,8,it0103,0.3908189535140991,0.37245887517929077,0.22727272727272727,False,1
C2_2,search,128,2,8,it0104,0.45382630825042725,0.41512686014175415,0.08333333333333333,False,0
C2_2,search,128,2,8,it0105,0.3497401475906372,0.51795494556427,0.17142857142857143,False,0
C2_2,search,128,2,8,it0106,0.41326382756233215,0.4713706970214844,0.20833333333333334,False,1
C2_2,search,128,2,8,it0107,0.5816792249679565,0.4958054721355438,0.30434782608695654,False,1
C2_2,search,128,2,8,it0108,0.5224159955978394,0.3819342255592346,0.125,False,0
C2_2,search,128,2,8,it0109,0.46059608459472656,0.3795735836029053,0.15789473684210525,False,0
C2_2,search,128,2,8,it0110,0.14202699065208435,0.37480998039245605,0.8666666666666667,False,0
C2_2,search,128,2,8,it0111,0.21907976269721985,0.1912645846605301,0.5757575757575758,False,1
C2_2,search,128,2,8,it0112,0.6501306891441345,0.545113742351532,0.18181818181818182,False,0
C2_2,search,128,2,8,it0113,0.5374634265899658,0.42562335729599,0.25,False,0
C2_2,search,128,2,8,it0114,0.4036298394203186,0.48462241888046265,0.2222222222222222,False,0
C2_2,search,128,2,8,it0115,0.24110518395900726,0.3003733158111572,0.0,False,0
C2_2,search,128,2,8,it0116,0.5242429375648499,0.4683104157447815,0.23529411764705882,False,0
C2_2,search,128,2,8,it0117,0.4365425705909729,0.5178651809692383,0.029411764705882353,False,1
C2_2,search,128,2,8,it0118,0.6309170722961426,0.5117531418800354,0.3269230769230769,False,0
C2_2,search,128,2,8,it0119,0.48865747451782227,0.4321981966495514,0.2857142857142857,False,1
C2_2,search,128,2,8,it0120,0.6763685345649719,0.5500288605690002,0.0,False,1
C2_2,search,128,2,8,it0121,0.4706476330757141,0.39267969131469727,0.45,False,1
C2_2,search,128,2,8,it0122,0.1630217432975769,0.2589077353477478,0.3181818181818182,False,1
C2_2,search,128,2,8,it0123,0.4482111930847168,0.4436221420764923,0.23529411764705882,False,0
C2_2,search,128,2,8,it0124,0.6098180413246155,0.5002491474151611,0.21212121212121213,False,1
C2_2,search,128,2,8,it0125,0.5392072200775146,0.3480808734893799,0.3333333333333333,False,1
C2_2,search,128,2,8,it0126,0.4460049271583557,0.4471536874771118,0.0625,False,1
C2_2,search,128,2,8,it0127,0.2938831150531769,0.3254433274269104,0.058823529411764705,False,0
C2_2,search,128,2,8,it0128,0.4428848922252655,0.4410248398780823,0.1,False,0
C2_2,search,128,2,8,it0129,0.3446359634399414,0.31037038564682007,0.11764705882352941,False,1
C2_2,search,128,2,8,it0130,0.17371299862861633,0.3081185817718506,0.1,False,0
C2_2,search,128,2,8,it0131,0.37087294459342957,0.4088149666786194,0.3225806451612903,False,0
C2_2,search,128,2,8,it0132,0.2849642038345337,0.28386032581329346,0.0,False,0
C2_2,search,128,2,8,it0133,0.506740152835846,0.4884415566921234,0.0,False,0
C2_2,search,128,2,8,it0134,0.4289620518684387,0.40148288011550903,0.0,False,1
C2_2,search,128,2,8,it0135,0.41628900170326233,0.38180530071258545,0.28205128205128205,False,0
C2_2,search,128,2,8,it0136,0.33036303520202637,0.35190150141716003,0.0,False,0
C2_2,search,128,2,8,it0137,0.5171820521354675,0.36082735657691956,0.5,False,1
C2_2,search,128,2,8,it0138,0.5171733498573303,0.5715062022209167,0.3333333333333333,False,1
C2_2,search,128,2,8,it0139,0.580664873123169,0.42898574471473694,0.0,False,0
C2_2,search,128,2,8,it0140,0.4350310266017914,0.4633901119232178,0.25,False,0
C2_2,search,128,2,8,it0141,0.5664393901824951,0.6801806092262268,0.26666666666666666,False,1
C2_2,search,128,2,8,it0142,0.26915159821510315,0.3077368140220642,0.24,False,0
C2_2,search,128,2,8,it0143,0.21882103383541107,0.413769394159317,0.0,False,1
C2_2,search,128,2,8,it0144,0.4657447040081024,0.16996175050735474,0.07142857142857142,False,1
C2_2,search,128,2,8,it0145,0.6052666306495667,0.5638132095336914,0.1,False,0
C2_2,search,128,2,8,it0146,0.519600510597229,0.4467790722846985,0.4,False,1
C2_2,search,128,2,8,it0147,0.463678240776062,0.33514857292175293,0.043478260869565216,False,1
C2_2,search,128,2,8,it0148,0.1329280287027359,0.09141416847705841,0.25,False,1
C2_2,search,128,2,8,it0149,0.5042700171470642,0.5129536986351013,0.21428571428571427,False,1
C2_2,search,128,2,8,it0150,0.5364575982093811,0.40231940150260925,0.0,False,0
C2_2,search,128,2,8,it0151,0.632131040096283,0.5205767154693604,0.17647058823529413,False,0
C2_2,search,128,2,8,it0152,0.572531521320343,0.40583354234695435,0.0,False,1
C2_2,search,128,2,8,it0153,0.4380706548690796,0.48868122696876526,0.19047619047619047,False,0
C2_2,search,128,2,8,it0154,0.25090858340263367,0.1526508629322052,0.15789473684210525,False,1
C2_2,search,128,2,8,it0155,0.21369290351867676,0.24324804544448853,0.17857142857142858,False,1
C2_2,search,128,2,8,it0156,0.24975822865962982,0.2801553010940552,0.09523809523809523,False,1
C2_2,search,128,2,8,it0157,0.5478918552398682,0.517210841178894,0.4186046511627907,False,1
C2_2,search,128,2,8,it0158,0.20962081849575043,0.3244045674800873,0.21052631578947367,False,1
C2_2,search,128,2,8,it0159,0.4824918806552887,0.30202755331993103,0.07142857142857142,False,0
C2_2,search,128,2,8,it0160,0.5425090193748474,0.43965035676956177,0.12903225806451613,False,1
C2_2,search,128,2,8,it0161,0.3108941316604614,0.3689194619655609,0.2413793103448276,False,0
C2_2,search,128,2,8,it0162,0.11708083748817444,0.32037028670310974,0.2222222222222222,False,1
C2_2,search,128,2,8,it0163,0.539208173751831,0.6420059204101562,0.0,False,0
C2_2,search,128,2,8,it0164,0.5331252813339233,0.35754168033599854,0.16129032258064516,False,0
C2_2,search,128,2,8,it0165,0.26848721504211426,0.3323422372341156,0.15151515151515152,False,0
C2_2,search,128,2,8,it0166,0.6185228824615479,0.33497828245162964,0.08333333333333333,False,0
C2_2,search,128,2,8,it0167,0.45006245374679565,0.42438697814941406,0.2631578947368421,False,0
C2_2,search,128,2,8,it0168,0.4059288501739502,0.3694637417793274,0.2,False,1
C2_2,search,128,2,8,it0169,0.4345092475414276,0.3368903398513794,0.0,False,1
C2_2,search,128,2,8,it0170,0.4976251721382141,0.4385005831718445,0.17647058823529413,False,0
C2_2,search,128,2,8,it0171,0.6946895718574524,0.5762620568275452,0.19047619047619047,False,0
C2_2,search,128,2,8,it0172,0.21048066020011902,0.36720579862594604,0.08,False,1
C2_2,search,128,2,8,it0173,0.6536905169487,0.6763297915458679,0.06666666666666667,False,0
C2_2,search,128,2,8,it0174,0.4722977578639984,0.42237588763237,0.375,False,0
C2_2,search,128,2,8,it0175,0.22750185430049896,0.3462069630622864,0.26666666666666666,False,1
C2_2,search,128,2,8,it0176,0.3964814841747284,0.31157079339027405,0.16666666666666666,False,0
C2_2,search,128,2,8,it0177,0.4114142954349518,0.358311265707016,0.0,False,1
C2_2,search,128,2,8,it0178,0.271729439496994,0.27372533082962036,0.5294117647058824,False,0
C2_2,search,128,2,8,it0179,0.6299349069595337,0.6240116357803345,0.0967741935483871,False,0
C2_2,search,128,2,8,it0180,0.42106354236602783,0.376064658164978,0.07142857142857142,False,0
C2_2,search,128,2,8,it0181,0.5721921920776367,0.5522451400756836,0.24390243902439024,False,1
C2_2,search,128,2,8,it0182,0.5101693868637085,0.4866207242012024,0.36,False,1
C2_2,search,128,2,8,it0183,0.6604197025299072,0.48920881748199463,0.36,False,1
C2_2,search,128,2,8,it0184,0.1833353340625763,0.23672734200954437,0.13333333333333333,False,1
C2_2,search,128,2,8,it0185,0.2889663875102997,0.3570283353328705,0.03225806451612903,False,1
C2_2,search,128,2,8,it0186,0.6114746928215027,0.5368081331253052,0.3333333333333333,False,1
C2_2,search,128,2,8,it0187,0.5031841993331909,0.47421765327453613,0.0625,False,1
C2_2,search,128,2,8,it0188,0.5775972008705139,0.5198326110839844,0.1111111111111111,False,1
C2_2,search,128,2,8,it0189,0.356015682220459,0.32499977946281433,0.15,False,0
C2_2,search,128,2,8,it0190,0.5493758916854858,0.5046212077140808,0.125,False,1
C2_2,search,128,2,8,it0191,0.4142491817474365,0.32967931032180786,0.16,False,1
C2_2,search,128,2,8,it0192,0.5420656800270081,0.48049071431159973,0.18518518518518517,False,0
C2_2,search,128,2,8,it0193,0.41139793395996094,0.2395590990781784,0.3125,False,0
C2_2,search,128,2,8,it0194,0.5338075160980225,0.5246599912643433,0.0,False,1
C2_2,search,128,2,8,it0195,0.5820772051811218,0.5249341130256653,0.46153846153846156,False,1
C2_2,search,128,2,8,it0196,0.5249260663986206,0.4213561415672302,0.0,False,0
C2_2,search,128,2,8,it0197,0.4640328288078308,0.3893625736236572,0.09090909090909091,False,0
C2_2,search,128,2,8,it0198,0.33545035123825073,0.25560876727104187,0.125,False,1
C2_2,search,128,2,8,it0199,0.31171897053718567,0.41264262795448303,0.17647058823529413,False,1
C2_2,search,256,4,8,it0000,0.49890777468681335,0.5139790773391724,0.06521739130434782,False,3
C2_2,search,256,4,8,it0001,0.29435431957244873,0.18558716773986816,0.3888888888888889,False,1
C2_2,search,256,4,8,it0002,0.33308497071266174,0.3027099072933197,0.26666666666666666,False,2
C2_2,search,256,4,8,it0003,0.39320069551467896,0.3172263503074646,0.3333333333333333,False,1
C2_2,search,256,4,8,it0004,0.3994843661785126,0.31076210737228394,0.125,False,2
C2_2,search,256,4,8,it0005,0.4347958266735077,0.32946741580963135,0.07407407407407407,False,2
C2_2,search,256,4,8,it0006,0.32480984926223755,0.4089196026325226,0.4444444444444444,False,1
C2_2,search,256,4,8,it0007,0.3422720432281494,0.42535117268562317,0.3181818181818182,False,3
C2_2,search,256,4,8,it0008,0.4226296544075012,0.29144543409347534,0.42857142857142855,False,0
C2_2,search,256,4,8,it0009,0.5157808065414429,0.5457839965820312,0.0,False,3
C2_2,search,256,4,8,it0010,0.6071546077728271,0.5800808668136597,0.4444444444444444,False,2
C2_2,search,256,4,8,it0011,0.49919235706329346,0.4943944811820984,0.08695652173913043,False,1
C2_2,search,256,4,8,it0012,0.4584457278251648,0.29451578855514526,0.4827586206896552,False,0
C2_2,search,256,4,8,it0013,0.5482155680656433,0.5929230451583862,0.0,False,1
C2_2,search,256,4,8,it0014,0.4005601406097412,0.4573456346988678,0.06666666666666667,False,1
C2_2,search,256,4,8,it0015,0.4877105951309204,0.5927072763442993,0.11764705882352941,False,0
C2_2,search,256,4,8,it0016,0.5178366303443909,0.39794909954071045,0.20588235294117646,False,1
C2_2,search,256,4,8,it0017,0.5145518183708191,0.4467472732067108,0.0,False,3
C2_2,search,256,4,8,it0018,0.3472171127796173,0.2348702847957611,0.2647058823529412,False,1
C2_2,search,256,4,8,it0019,0.6580427289009094,0.569000244140625,0.2391304347826087,False,0
C2_2,search,256,4,8,it0020,0.3836787939071655,0.3248339295387268,0.15384615384615385,False,3
C2_2,search,256,4,8,it0021,0.5467166900634766,0.47071731090545654,0.12121212121212122,False,2
C2_2,search,256,4,8,it0022,0.3509277105331421,0.45306646823883057,0.425,False,0
C2_2,search,256,4,8,it0023,0.5426766872406006,0.5222975015640259,0.5555555555555556,False,0
C2_2,search,256,4,8,it0024,0.5848400592803955,0.4789293110370636,0.14285714285714285,False,0
C2_2,search,256,4,8,it0025,0.5679159164428711,0.5114513635635376,0.1,False,3
C2_2,search,256,4,8,it0026,0.2992744445800781,0.24836860597133636,0.3125,False,0
C2_2,search,256,4,8,it0027,0.6814448237419128,0.6697616577148438,0.375,False,3
C2_2,search,256,4,8,it0028,0.5138788223266602,0.5635125637054443,0.19047619047619047,False,1
C2_2,search,256,4,8,it0029,0.3126114010810852,0.34388428926467896,0.0625,False,2
C2_2,search,256,4,8,it0030,0.5461543202400208,0.43403738737106323,0.12,False,3
C2_2,search,256,4,8,it0031,0.46805185079574585,0.2672029733657837,0.16666666666666666,False,0
C2_2,search,256,4,8,it0032,0.6437618732452393,0.5308875441551208,0.14814814814814814,False,1
C2_2,search,256,4,8,it0033,0.33964231610298157,0.2828544080257416,0.15384615384615385,False,0
C2_2,search,256,4,8,it0034,0.3979628384113312,0.32491621375083923,0.03333333333333333,False,1
C2_2,search,256,4,8,it0035,0.26164957880973816,0.20360851287841797,0.38461538461538464,False,2
C2_2,search,256,4,8,it0036,0.6277909278869629,0.5077651739120483,0.4444444444444444,False,1
C2_2,search,256,4,8,it0037,0.5731341242790222,0.5176869630813599,0.06666666666666667,False,1
C2_2,search,256,4,8,it0038,0.3612716794013977,0.20016160607337952,0.05405405405405406,False,0
C2_2,search,256,4,8,it0039,0.5157945156097412,0.4884321093559265,0.14634146341463414,False,3
C2_2,search,256,4,8,it0040,0.3733593225479126,0.17398381233215332,0.3333333333333333,False,3
C2_2,search,256,4,8,it0041,0.6055317521095276,0.4076056182384491,0.3181818181818182,False,3
C2_2,search,256,4,8,it0042,0.5141395330429077,0.5104466080665588,0.37037037037037035,False,0
C2_2,search,256,4,8,it0043,0.2197035551071167,0.25370538234710693,0.07692307692307693,False,0
C2_2,search,256,4,8,it0044,0.4528704285621643,0.6556107401847839,0.6,False,0
C2_2,search,256,4,8,it0045,0.21646276116371155,0.39681199193000793,0.13333333333333333,False,2
C2_2,search,256,4,8,it0046,0.2780159115791321,0.32998931407928467,0.1875,False,1
C2_2,search,256,4,8,it0047,0.21040180325508118,0.3009265661239624,0.8,False,0
C2_2,search,256,4,8,it0048,0.5336489081382751,0.5394919514656067,0.1875,False,2
C2_2,search,256,4,8,it0049,0.4183562397956848,0.5401115417480469,0.5454545454545454,False,0
C2_2,search,256,4,8,it0050,0.30666717886924744,0.1301305741071701,0.36363636363636365,False,1
C2_2,search,256,4,8,it0051,0.20211616158485413,0.4694967269897461,0.3448275862068966,False,2
C2_2,search,256,4,8,it0052,0.21662691235542297,0.32782408595085144,0.0,False,0
C2_2,search,256,4,8,it0053,0.2764340937137604,0.3334585726261139,0.40540540540540543,False,2
C2_2,search,256,4,8,it0054,0.3240688741207123,0.27157291769981384,0.08333333333333333,False,1
C2_2,search,256,4,8,it0055,0.5034621953964233,0.5161530375480652,0.2692307692307692,False,0
C2_2,search,256,4,8,it0056,0.4276900887489319,0.22457295656204224,0.2,False,2
C2_2,search,256,4,8,it0057,0.5575689077377319,0.333571195602417,0.2647058823529412,False,3
C2_2,search,256,4,8,it0058,0.3179744482040405,0.4038446545600891,0.25,False,2
C2_2,search,256,4,8,it0059,0.6198480725288391,0.6094210743904114,0.21428571428571427,False,3
C2_2,search,256,4,8,it0060,0.5244116187095642,0.4001460075378418,0.11764705882352941,False,1
C2_2,search,256,4,8,it0061,0.43863701820373535,0.5727253556251526,0.02857142857142857,False,3
C2_2,search,256,4,8,it0062,0.518081784248352,0.48317426443099976,0.0,False,0
C2_2,search,256,4,8,it0063,0.43282395601272583,0.38895002007484436,0.13793103448275862,False,1
C2_2,search,256,4,8,it0064,0.40065285563468933,0.45364198088645935,0.1111111111111111,False,2
C2_2,search,256,4,8,it0065,0.7015841007232666,0.6233303546905518,0.28205128205128205,False,2
C2_2,search,256,4,8,it0066,0.22420227527618408,0.31608787178993225,0.23809523809523808,False,0
C2_2,search,256,4,8,it0067,0.4414311647415161,0.3548746407032013,0.4444444444444444,False,0
C2_2,search,256,4,8,it0068,0.6697877645492554,0.6092856526374817,0.1282051282051282,False,3
C2_2,search,256,4,8,it0069,0.3485703766345978,0.3613940179347992,0.18181818181818182,False,3
C2_2,search,256,4,8,it0070,0.41115519404411316,0.41332492232322693,0.13333333333333333,False,3
C2_2,search,256,4,8,it0071,0.5613449215888977,0.47676631808280945,0.32142857142857145,False,0
C2_2,search,256,4,8,it0072,0.5213114023208618,0.4899868667125702,0.045454545454545456,False,0
C2_2,search,256,4,8,it0073,0.16687875986099243,0.2649449408054352,0.41379310344827586,False,3
C2_2,search,256,4,8,it0074,0.2528698444366455,0.2605860233306885,0.3333333333333333,False,2
C2_2,search,256,4,8,it0075,0.44007408618927,0.3175247609615326,0.17391304347826086,False,0
C2_2,search,256,4,8,it0076,0.5630992650985718,0.30689331889152527,0.4782608695652174,False,1
C2_2,search,256,4,8,it0077,0.4639773666858673,0.5626763105392456,0.3333333333333333,False,0
C2_2,search,256,4,8,it0078,0.2649015784263611,0.32718491554260254,0.38095238095238093,False,0
C2_2,search,256,4,8,it0079,0.5694209337234497,0.5532150864601135,0.20833333333333334,False,3
C2_2,search,256,4,8,it0080,0.4131532311439514,0.24609962105751038,0.34146341463414637,False,2
C2_2,search,256,4,8,it0081,0.39170193672180176,0.2963178753852844,0.17857142857142858,False,3
C2_2,search,256,4,8,it0082,0.4753340482711792,0.5376940369606018,0.35294117647058826,False,0
C2_2,search,256,4,8,it0083,0.4731788635253906,0.3531660735607147,0.08823529411764706,False,0
C2_2,search,256,4,8,it0084,0.5695361495018005,0.38581329584121704,0.08888888888888889,False,1
C2_2,search,256,4,8,it0085,0.4962075650691986,0.4020923674106598,0.14285714285714285,False,1
C2_2,search,256,4,8,it0086,0.6345804929733276,0.6277661919593811,0.11764705882352941,False,2
C2_2,search,256,4,8,it0087,0.5229390263557434,0.6343603730201721,0.1875,False,2
C2_2,search,256,4,8,it0088,0.412693589925766,0.26892223954200745,0.047619047619047616,False,2
C2_2,search,256,4,8,it0089,0.4543013274669647,0.2713901996612549,0.041666666666666664,False,3
C2_2,search,256,4,8,it0090,0.48475563526153564,0.5738475918769836,0.058823529411764705,False,1
C2_2,search,256,4,8,it0091,0.5882898569107056,0.5157857537269592,0.3548387096774194,False,1
C2_2,search,256,4,8,it0092,0.5737434029579163,0.4547092616558075,0.02857142857142857,False,0
C2_2,search,256,4,8,it0093,0.5427515506744385,0.40476083755493164,0.15789473684210525,False,0
C2_2,search,256,4,8,it0094,0.42243069410324097,0.4629276990890503,0.07692307692307693,False,2
C2_2,search,256,4,8,it0095,0.42497262358665466,0.48969370126724243,0.38095238095238093,False,1
C2_2,search,256,4,8,it0096,0.5441498756408691,0.4287024736404419,0.22727272727272727,False,2
C2_2,search,256,4,8,it0097,0.5959136486053467,0.6475658416748047,0.25,False,3
C2_2,search,256,4,8,it0098,0.5264285802841187,0.42213642597198486,0.037037037037037035,False,1
C2_2,search,256,4,8,it0099,0.2704934775829315,0.23289239406585693,0.13043478260869565,False,2
C2_2,search,256,4,8,it0100,0.678495466709137,0.6099892854690552,0.0,False,2
C2_2,search,256,4,8,it0101,0.24308127164840698,0.3235553801059723,0.15789473684210525,False,2
C2_2,search,256,4,8,it0102,0.4418390989303589,0.48985275626182556,0.15384615384615385,False,0
C2_2,search,256,4,8,it0103,0.450439989566803,0.40350794792175293,0.13636363636363635,False,3
C2_2,search,256,4,8,it0104,0.5143342614173889,0.4740895926952362,0.0,False,2
C2_2,search,256,4,8,it0105,0.3497401475906372,0.51795494556427,0.17142857142857143,False,0
C2_2,search,256,4,8,it0106,0.41326382756233215,0.4713706970214844,0.20833333333333334,False,1
C2_2,search,256,4,8,it0107,0.5816792249679565,0.4958054721355438,0.30434782608695654,False,1
C2_2,search,256,4,8,it0108,0.5224159955978394,0.3819342255592346,0.125,False,0
C2_2,search,256,4,8,it0109,0.49084585905075073,0.4494171440601349,0.3157894736842105,False,3
C2_2,search,256,4,8,it0110,0.14202699065208435,0.37480998039245605,0.8666666666666667,False,0
C2_2,search,256,4,8,it0111,0.21907976269721985,0.1912645846605301,0.5757575757575758,False,1
C2_2,search,256,4,8,it0112,0.6501306891441345,0.545113742351532,0.18181818181818182,False,0
C2_2,search,256,4,8,it0113,0.5358860492706299,0.4468895494937897,0.06818181818181818,False,2
C2_2,search,256,4,8,it0114,0.4036298394203186,0.48462241888046265,0.2222222222222222,False,0
C2_2,search,256,4,8,it0115,0.24110518395900726,0.3003733158111572,0.0,False,0
C2_2,search,256,4,8,it0116,0.5242429375648499,0.4683104157447815,0.23529411764705882,False,0
C2_2,search,256,4,8,it0117,0.4365425705909729,0.5178651809692383,0.029411764705882353,False,1
C2_2,search,256,4,8,it0118,0.6309170722961426,0.5117531418800354,0.3269230769230769,False,0
C2_2,search,256,4,8,it0119,0.5271444916725159,0.546479344367981,0.8571428571428571,False,2
C2_2,search,256,4,8,it0120,0.6763685345649719,0.5500288605690002,0.0,False,1
C2_2,search,256,4,8,it0121,0.4706476330757141,0.39267969131469727,0.45,False,1
C2_2,search,256,4,8,it0122,0.3240221440792084,0.28719478845596313,0.36363636363636365,False,2
C2_2,search,256,4,8,it0123,0.46168768405914307,0.5119990706443787,0.17647058823529413,False,3
C2_2,search,256,4,8,it0124,0.6098180413246155,0.5002491474151611,0.21212121212121213,False,1
C2_2,search,256,4,8,it0125,0.4923599660396576,0.35038724541664124,0.23076923076923078,False,3
C2_2,search,256,4,8,it0126,0.4460049271583557,0.4471536874771118,0.0625,False,1
C2_2,search,256,4,8,it0127,0.2938831150531769,0.3254433274269104,0.058823529411764705,False,0
C2_2,search,256,4,8,it0128,0.42018771171569824,0.44888603687286377,0.0,False,3
C2_2,search,256,4,8,it0129,0.34042346477508545,0.33834418654441833,0.0,False,3
C2_2,search,256,4,8,it0130,0.17371299862861633,0.3081185817718506,0.1,False,0
C2_2,search,256,4,8,it0131,0.37087294459342957,0.4088149666786194,0.3225806451612903,False,0
C2_2,search,256,4,8,it0132,0.2849642038345337,0.28386032581329346,0.0,False,0
C2_2,search,256,4,8,it0133,0.5705806016921997,0.5479384064674377,0.0,False,2
C2_2,search,256,4,8,it0134,0.4289620518684387,0.40148288011550903,0.0,False,1
C2_2,search,256,4,8,it0135,0.36688026785850525,0.392380028963089,0.41025641025641024,False,3
C2_2,search,256,4,8,it0136,0.4230246841907501,0.5159538984298706,0.0,False,2
C2_2,search,256,4,8,it0137,0.5748408436775208,0.49398937821388245,0.5,False,2
C2_2,search,256,4,8,it0138,0.6202753782272339,0.6093825101852417,0.5555555555555556,False,2
C2_2,search,256,4,8,it0139,0.580664873123169,0.42898574471473694,0.0,False,0
C2_2,search,256,4,8,it0140,0.4350310266017914,0.4633901119232178,0.25,False,0
C2_2,search,256,4,8,it0141,0.5664393901824951,0.6801806092262268,0.26666666666666666,False,1
C2_2,search,256,4,8,it0142,0.26915159821510315,0.3077368140220642,0.24,False,0
C2_2,search,256,4,8,it0143,0.3391154408454895,0.471353679895401,0.0625,False,2
C2_2,search,256,4,8,it0144,0.5656663775444031,0.4307870864868164,0.14285714285714285,False,3
C2_2,search,256,4,8,it0145,0.5804859399795532,0.5964316725730896,0.1,False,2
C2_2,search,256,4,8,it0146,0.519600510597229,0.4467790722846985,0.4,False,1
C2_2,search,256,4,8,it0147,0.463678240776062,0.33514857292175293,0.043478260869565216,False,1
C2_2,search,256,4,8,it0148,0.1329280287027359,0.09141416847705841,0.25,False,1
C2_2,search,256,4,8,it0149,0.5826720595359802,0.5711597800254822,0.21428571428571427,False,3
C2_2,search,256,4,8,it0150,0.5364575982093811,0.40231940150260925,0.0,False,0
C2_2,search,256,4,8,it0151,0.632131040096283,0.5205767154693604,0.17647058823529413,False,0
C2_2,search,256,4,8,it0152,0.572531521320343,0.40583354234695435,0.0,False,1
C2_2,search,256,4,8,it0153,0.4380706548690796,0.48868122696876526,0.19047619047619047,False,0
C2_2,search,256,4,8,it0154,0.25090858340263367,0.1526508629322052,0.15789473684210525,False,1
C2_2,search,256,4,8,it0155,0.21369290351867676,0.24324804544448853,0.17857142857142858,False,1
C2_2,search,256,4,8,it0156,0.2246541529893875,0.32312098145484924,0.09523809523809523,False,2
C2_2,search,256,4,8,it0157,0.6075611710548401,0.5324416756629944,0.06976744186046512,False,3
C2_2,search,256,4,8,it0158,0.31239479780197144,0.3688499927520752,0.10526315789473684,False,2
C2_2,search,256,4,8,it0159,0.4824918806552887,0.30202755331993103,0.07142857142857142,False,0
C2_2,search,256,4,8,it0160,0.5425090193748474,0.43965035676956177,0.12903225806451613,False,1
C2_2,search,256,4,8,it0161,0.3108941316604614,0.3689194619655609,0.2413793103448276,False,0
C2_2,search,256,4,8,it0162,0.11708083748817444,0.32037028670310974,0.2222222222222222,False,1
C2_2,search,256,4,8,it0163,0.539208173751831,0.6420059204101562,0.0,False,0
C2_2,search,256,4,8,it0164,0.5331252813339233,0.35754168033599854,0.16129032258064516,False,0
C2_2,search,256,4,8,it0165,0.26848721504211426,0.3323422372341156,0.15151515151515152,False,0
C2_2,search,256,4,8,it0166,0.5974066257476807,0.378007709980011,0.08333333333333333,False,2
C2_2,search,256,4,8,it0167,0.45006245374679565,0.42438697814941406,0.2631578947368421,False,0
C2_2,search,256,4,8,it0168,0.4059288501739502,0.3694637417793274,0.2,False,1
C2_2,search,256,4,8,it0169,0.4345092475414276,0.3368903398513794,0.0,False,1
C2_2,search,256,4,8,it0170,0.4976251721382141,0.4385005831718445,0.17647058823529413,False,0
C2_2,search,256,4,8,it0171,0.6873815655708313,0.6770668029785156,0.14285714285714285,False,3
C2_2,search,256,4,8,it0172,0.21048066020011902,0.36720579862594604,0.08,False,1
C2_2,search,256,4,8,it0173,0.6536905169487,0.6763297915458679,0.06666666666666667,False,0
C2_2,search,256,4,8,it0174,0.4722977578639984,0.42237588763237,0.375,False,0
C2_2,search,256,4,8,it0175,0.22750185430049896,0.3462069630622864,0.26666666666666666,False,1
C2_2,search,256,4,8,it0176,0.33928394317626953,0.3280872702598572,0.2222222222222222,False,3
C2_2,search,256,4,8,it0177,0.5063400268554688,0.4106089472770691,0.15789473684210525,False,2
C2_2,search,256,4,8,it0178,0.3230646252632141,0.2936818301677704,0.6470588235294118,False,2
C2_2,search,256,4,8,it0179,0.6299349069595337,0.6240116357803345,0.0967741935483871,False,0
C2_2,search,256,4,8,it0180,0.4705665111541748,0.4723452627658844,0.07142857142857142,False,2
C2_2,search,256,4,8,it0181,0.5721921920776367,0.5522451400756836,0.24390243902439024,False,1
C2_2,search,256,4,8,it0182,0.5101693868637085,0.4866207242012024,0.36,False,1
C2_2,search,256,4,8,it0183,0.5602236390113831,0.499127060174942,0.16,False,3
C2_2,search,256,4,8,it0184,0.30338090658187866,0.3007524311542511,0.06666666666666667,False,2
C2_2,search,256,4,8,it0185,0.3074655532836914,0.3873674273490906,0.22580645161290322,False,2
C2_2,search,256,4,8,it0186,0.6114746928215027,0.5368081331253052,0.3333333333333333,False,1
C2_2,search,256,4,8,it0187,0.5031841993331909,0.47421765327453613,0.0625,False,1
C2_2,search,256,4,8,it0188,0.5775972008705139,0.5198326110839844,0.1111111111111111,False,1
C2_2,search,256,4,8,it0189,0.47120845317840576,0.44915029406547546,0.0,False,3
C2_2,search,256,4,8,it0190,0.52431321144104,0.5644397139549255,0.1875,False,3
C2_2,search,256,4,8,it0191,0.4142491817474365,0.32967931032180786,0.16,False,1
C2_2,search,256,4,8,it0192,0.5433739423751831,0.5958328247070312,0.18518518518518517,False,2
C2_2,search,256,4,8,it0193,0.41139793395996094,0.2395590990781784,0.3125,False,0
C2_2,search,256,4,8,it0194,0.6286188960075378,0.6217775344848633,0.19047619047619047,False,3
C2_2,search,256,4,8,it0195,0.621518611907959,0.5768749713897705,0.34615384615384615,False,3
C2_2,search,256,4,8,it0196,0.5249260663986206,0.4213561415672302,0.0,False,0
C2_2,search,256,4,8,it0197,0.4640328288078308,0.3893625736236572,0.09090909090909091,False,0
C2_2,search,256,4,8,it0198,0.33545035123825073,0.25560876727104187,0.125,False,1
C2_2,search,256,4,8,it0199,0.41403552889823914,0.4926486909389496,0.0,False,3
C2_2,search,512,8,8,it0000,0.49890777468681335,0.5139790773391724,0.06521739130434782,False,3
C2_2,search,512,8,8,it0001,0.39574941992759705,0.2587408721446991,0.4444444444444444,False,7
C2_2,search,512,8,8,it0002,0.33308497071266174,0.3027099072933197,0.26666666666666666,False,2
C2_2,search,512,8,8,it0003,0.4206072986125946,0.34834033250808716,0.06666666666666667,False,5
C2_2,search,512,8,8,it0004,0.5630273818969727,0.42928701639175415,0.1875,False,4
C2_2,search,512,8,8,it0005,0.4389575719833374,0.34611275792121887,0.0,False,6
C2_2,search,512,8,8,it0006,0.32480984926223755,0.4089196026325226,0.4444444444444444,False,1
C2_2,search,512,8,8,it0007,0.3422720432281494,0.42535117268562317,0.3181818181818182,False,3
C2_2,search,512,8,8,it0008,0.3727220296859741,0.2967444062232971,0.47619047619047616,False,4
C2_2,search,512,8,8,it0009,0.5199200510978699,0.5596545338630676,0.4444444444444444,False,5
C2_2,search,512,8,8,it0010,0.6071546077728271,0.5800808668136597,0.4444444444444444,False,2
C2_2,search,512,8,8,it0011,0.49919235706329346,0.4943944811820984,0.08695652173913043,False,1
C2_2,search,512,8,8,it0012,0.4358290731906891,0.34694334864616394,0.4827586206896552,False,5
C2_2,search,512,8,8,it0013,0.5482155680656433,0.5929230451583862,0.0,False,1
C2_2,search,512,8,8,it0014,0.4005601406097412,0.4573456346988678,0.06666666666666667,False,1
C2_2,search,512,8,8,it0015,0.4877105951309204,0.5927072763442993,0.11764705882352941,False,0
C2_2,search,512,8,8,it0016,0.5178366303443909,0.39794909954071045,0.20588235294117646,False,1
C2_2,search,512,8,8,it0017,0.5145518183708191,0.4467472732067108,0.0,False,3
C2_2,search,512,8,8,it0018,0.33933863043785095,0.29861748218536377,0.029411764705882353,False,6
C2_2,search,512,8,8,it0019,0.69419264793396,0.59879469871521,0.32608695652173914,False,7
C2_2,search,512,8,8,it0020,0.3836787939071655,0.3248339295387268,0.15384615384615385,False,3
C2_2,search,512,8,8,it0021,0.5467166900634766,0.47071731090545654,0.12121212121212122,False,2
C2_2,search,512,8,8,it0022,0.48340675234794617,0.45992347598075867,0.475,False,4
C2_2,search,512,8,8,it0023,0.588134765625,0.5691179633140564,0.4444444444444444,False,4
C2_2,search,512,8,8,it0024,0.5848400592803955,0.4789293110370636,0.14285714285714285,False,0
C2_2,search,512,8,8,it0025,0.6160349249839783,0.5602414011955261,0.1,False,5
C2_2,search,512,8,8,it0026,0.2992744445800781,0.24836860597133636,0.3125,False,0
C2_2,search,512,8,8,it0027,0.6814448237419128,0.6697616577148438,0.375,False,3
C2_2,search,512,8,8,it0028,0.5177161693572998,0.5780131816864014,0.38095238095238093,False,5
C2_2,search,512,8,8,it0029,0.3929204046726227,0.40427348017692566,0.0625,False,6
C2_2,search,512,8,8,it0030,0.6865354776382446,0.5234254598617554,0.2,False,4
C2_2,search,512,8,8,it0031,0.4422214925289154,0.2856130003929138,0.0,False,6
C2_2,search,512,8,8,it0032,0.6000661849975586,0.5505052208900452,0.5185185185185185,False,5
C2_2,search,512,8,8,it0033,0.33964231610298157,0.2828544080257416,0.15384615384615385,False,0
C2_2,search,512,8,8,it0034,0.3979628384113312,0.32491621375083923,0.03333333333333333,False,1
C2_2,search,512,8,8,it0035,0.3426198959350586,0.26071473956108093,0.6923076923076923,False,7
C2_2,search,512,8,8,it0036,0.6067538261413574,0.5271893739700317,0.16666666666666666,False,7
C2_2,search,512,8,8,it0037,0.4870928227901459,0.5678293108940125,0.2,False,5
C2_2,search,512,8,8,it0038,0.32777607440948486,0.2181030511856079,0.13513513513513514,False,7
C2_2,search,512,8,8,it0039,0.5157945156097412,0.4884321093559265,0.14634146341463414,False,3
C2_2,search,512,8,8,it0040,0.34686848521232605,0.2624134421348572,0.06666666666666667,False,4
C2_2,search,512,8,8,it0041,0.6374300122261047,0.4287249743938446,0.13636363636363635,False,7
C2_2,search,512,8,8,it0042,0.5141395330429077,0.5104466080665588,0.37037037037037035,False,0
C2_2,search,512,8,8,it0043,0.2197035551071167,0.25370538234710693,0.07692307692307693,False,0
C2_2,search,512,8,8,it0044,0.4528704285621643,0.6556107401847839,0.6,False,0
C2_2,search,512,8,8,it0045,0.21646276116371155,0.39681199193000793,0.13333333333333333,False,2
C2_2,search,512,8,8,it0046,0.39288783073425293,0.3819217085838318,0.125,False,7
C2_2,search,512,8,8,it0047,0.3353291153907776,0.4010542333126068,0.6,False,6
C2_2,search,512,8,8,it0048,0.5336489081382751,0.5394919514656067,0.1875,False,2
C2_2,search,512,8,8,it0049,0.4183562397956848,0.5401115417480469,0.5454545454545454,False,0
C2_2,search,512,8,8,it0050,0.15564459562301636,0.23611165583133698,0.45454545454545453,False,7
C2_2,search,512,8,8,it0051,0.1947794407606125,0.5176287293434143,0.27586206896551724,False,6
C2_2,search,512,8,8,it0052,0.21662691235542297,0.32782408595085144,0.0,False,0
C2_2,search,512,8,8,it0053,0.2903534173965454,0.36145851016044617,0.43243243243243246,False,6
C2_2,search,512,8,8,it0054,0.40468642115592957,0.30231744050979614,0.25,False,7
C2_2,search,512,8,8,it0055,0.5034621953964233,0.5161530375480652,0.2692307692307692,False,0
C2_2,search,512,8,8,it0056,0.4050487279891968,0.26403528451919556,0.3,False,6
C2_2,search,512,8,8,it0057,0.5575689077377319,0.333571195602417,0.2647058823529412,False,3
C2_2,search,512,8,8,it0058,0.48654410243034363,0.4451095461845398,0.16666666666666666,False,4
C2_2,search,512,8,8,it0059,0.6198480725288391,0.6094210743904114,0.21428571428571427,False,3
C2_2,search,512,8,8,it0060,0.32180508971214294,0.43287593126296997,0.4117647058823529,False,6
C2_2,search,512,8,8,it0061,0.5038735866546631,0.5742607712745667,0.2,False,4
C2_2,search,512,8,8,it0062,0.6142975091934204,0.5451869964599609,0.047619047619047616,False,4
C2_2,search,512,8,8,it0063,0.47170770168304443,0.396192342042923,0.20689655172413793,False,5
C2_2,search,512,8,8,it0064,0.46028071641921997,0.47126781940460205,0.2222222222222222,False,5
C2_2,search,512,8,8,it0065,0.6624506711959839,0.6386042833328247,0.20512820512820512,False,6
C2_2,search,512,8,8,it0066,0.3133925497531891,0.49975863099098206,5.333333333333333,True,7
C2_2,search,512,8,8,it0067,0.4414311647415161,0.3548746407032013,0.4444444444444444,False,0
C2_2,search,512,8,8,it0068,0.6697877645492554,0.6092856526374817,0.1282051282051282,False,3
C2_2,search,512,8,8,it0069,0.37414997816085815,0.36473771929740906,0.18181818181818182,False,6
C2_2,search,512,8,8,it0070,0.5271521210670471,0.4834732413291931,0.06666666666666667,False,4
C2_2,search,512,8,8,it0071,0.5746757984161377,0.5056086778640747,0.4642857142857143,False,4
C2_2,search,512,8,8,it0072,0.5810801982879639,0.501761794090271,0.13636363636363635,False,4
C2_2,search,512,8,8,it0073,0.14538724720478058,0.2759101688861847,0.2413793103448276,False,6
C2_2,search,512,8,8,it0074,0.2736045718193054,0.2807689905166626,0.26666666666666666,False,5
C2_2,search,512,8,8,it0075,0.38816654682159424,0.44121772050857544,0.13043478260869565,False,6
C2_2,search,512,8,8,it0076,0.5658773183822632,0.32450926303863525,0.391304347826087,False,5
C2_2,search,512,8,8,it0077,0.4879675507545471,0.6427593231201172,0.4166666666666667,False,5
C2_2,search,512,8,8,it0078,0.2649015784263611,0.32718491554260254,0.38095238095238093,False,0
C2_2,search,512,8,8,it0079,0.6033338904380798,0.5838955044746399,0.08333333333333333,False,4
C2_2,search,512,8,8,it0080,0.4131532311439514,0.24609962105751038,0.34146341463414637,False,2
C2_2,search,512,8,8,it0081,0.34090518951416016,0.3748430907726288,0.10714285714285714,False,7
C2_2,search,512,8,8,it0082,0.4753340482711792,0.5376940369606018,0.35294117647058826,False,0
C2_2,search,512,8,8,it0083,0.4924781322479248,0.37110811471939087,0.14705882352941177,False,5
C2_2,search,512,8,8,it0084,0.6017035245895386,0.4891901910305023,0.08888888888888889,False,4
C2_2,search,512,8,8,it0085,0.6309114098548889,0.4848567843437195,0.21428571428571427,False,5
C2_2,search,512,8,8,it0086,0.6345804929733276,0.6277661919593811,0.11764705882352941,False,2
C2_2,search,512,8,8,it0087,0.5401080846786499,0.6565837264060974,0.3125,False,4
C2_2,search,512,8,8,it0088,0.35652047395706177,0.381240576505661,0.0,False,5
C2_2,search,512,8,8,it0089,0.4116138815879822,0.29693785309791565,0.08333333333333333,False,5
C2_2,search,512,8,8,it0090,0.636049747467041,0.5927221775054932,0.11764705882352941,False,5
C2_2,search,512,8,8,it0091,0.5399445295333862,0.5162100791931152,0.0967741935483871,False,7
C2_2,search,512,8,8,it0092,0.5737434029579163,0.4547092616558075,0.02857142857142857,False,0
C2_2,search,512,8,8,it0093,0.43095386028289795,0.4267085790634155,0.10526315789473684,False,6
C2_2,search,512,8,8,it0094,0.5116324424743652,0.5653548240661621,0.0,False,4
C2_2,search,512,8,8,it0095,0.4609346091747284,0.4963942766189575,0.19047619047619047,False,4
C2_2,search,512,8,8,it0096,0.5441498756408691,0.4287024736404419,0.22727272727272727,False,2
C2_2,search,512,8,8,it0097,0.6456314921379089,0.6555421352386475,0.0,False,5
C2_2,search,512,8,8,it0098,0.5264285802841187,0.42213642597198486,0.037037037037037035,False,1
C2_2,search,512,8,8,it0099,0.2704934775829315,0.23289239406585693,0.13043478260869565,False,2
C2_2,search,512,8,8,it0100,0.678495466709137,0.6099892854690552,0.0,False,2
C2_2,search,512,8,8,it0101,0.37548279762268066,0.3473159372806549,0.21052631578947367,False,4
C2_2,search,512,8,8,it0102,0.4418390989303589,0.48985275626182556,0.15384615384615385,False,0
C2_2,search,512,8,8,it0103,0.450439989566803,0.40350794792175293,0.13636363636363635,False,3
C2_2,search,512,8,8,it0104,0.5856846570968628,0.5415697693824768,0.08333333333333333,False,7
C2_2,search,512,8,8,it0105,0.48996075987815857,0.6030575037002563,0.2571428571428571,False,6
C2_2,search,512,8,8,it0106,0.41326382756233215,0.4713706970214844,0.20833333333333334,False,1
C2_2,search,512,8,8,it0107,0.5816792249679565,0.4958054721355438,0.30434782608695654,False,1
C2_2,search,512,8,8,it0108,0.5224159955978394,0.3819342255592346,0.125,False,0
C2_2,search,512,8,8,it0109,0.49084585905075073,0.4494171440601349,0.3157894736842105,False,3
C2_2,search,512,8,8,it0110,0.20541837811470032,0.4224259853363037,0.5666666666666667,False,7
C2_2,search,512,8,8,it0111,0.3538704812526703,0.22663255035877228,0.36363636363636365,False,6
C2_2,search,512,8,8,it0112,0.6501306891441345,0.545113742351532,0.18181818181818182,False,0
C2_2,search,512,8,8,it0113,0.5772112607955933,0.4794043004512787,0.20454545454545456,False,6
C2_2,search,512,8,8,it0114,0.4036298394203186,0.48462241888046265,0.2222222222222222,False,0
C2_2,search,512,8,8,it0115,0.3651364743709564,0.3049282729625702,0.07142857142857142,False,6
C2_2,search,512,8,8,it0116,0.5215061902999878,0.4695184528827667,0.23529411764705882,False,7
C2_2,search,512,8,8,it0117,0.4365425705909729,0.5178651809692383,0.029411764705882353,False,1
C2_2,search,512,8,8,it0118,0.6608323454856873,0.5430049300193787,0.40384615384615385,False,4
C2_2,search,512,8,8,it0119,0.5271444916725159,0.546479344367981,0.8571428571428571,False,2
C2_2,search,512,8,8,it0120,0.6763685345649719,0.5500288605690002,0.0,False,1
C2_2,search,512,8,8,it0121,0.5130198001861572,0.5159048438072205,0.1,False,4
C2_2,search,512,8,8,it0122,0.3240221440792084,0.28719478845596313,0.36363636363636365,False,2
C2_2,search,512,8,8,it0123,0.46168768405914307,0.5119990706443787,0.17647058823529413,False,3
C2_2,search,512,8,8,it0124,0.6098180413246155,0.5002491474151611,0.21212121212121213,False,1
C2_2,search,512,8,8,it0125,0.5833682417869568,0.3911210000514984,0.23076923076923078,False,5
C2_2,search,512,8,8,it0126,0.4523514211177826,0.5465996861457825,0.0625,False,6
C2_2,search,512,8,8,it0127,0.2944745719432831,0.3512183427810669,0.058823529411764705,False,7
C2_2,search,512,8,8,it0128,0.42018771171569824,0.44888603687286377,0.0,False,3
C2_2,search,512,8,8,it0129,0.34042346477508545,0.33834418654441833,0.0,False,3
C2_2,search,512,8,8,it0130,0.17371299862861633,0.3081185817718506,0.1,False,0
C2_2,search,512,8,8,it0131,0.37087294459342957,0.4088149666786194,0.3225806451612903,False,0
C2_2,search,512,8,8,it0132,0.3451298773288727,0.3109562397003174,0.07142857142857142,False,6
C2_2,search,512,8,8,it0133,0.5588164925575256,0.584148108959198,0.0,False,6
C2_2,search,512,8,8,it0134,0.37689125537872314,0.4160989820957184,0.07894736842105263,False,5
C2_2,search,512,8,8,it0135,0.43665871024131775,0.4431190490722656,0.10256410256410256,False,7
C2_2,search,512,8,8,it0136,0.4230246841907501,0.5159538984298706,0.0,False,2
C2_2,search,512,8,8,it0137,0.5748408436775208,0.49398937821388245,0.5,False,2
C2_2,search,512,8,8,it0138,0.6276481747627258,0.6627447605133057,0.2222222222222222,False,5
C2_2,search,512,8,8,it0139,0.5979987382888794,0.5286737084388733,0.05555555555555555,False,4
C2_2,search,512,8,8,it0140,0.4350310266017914,0.4633901119232178,0.25,False,0
C2_2,search,512,8,8,it0141,0.5664393901824951,0.6801806092262268,0.26666666666666666,False,1
C2_2,search,512,8,8,it0142,0.26915159821510315,0.3077368140220642,0.24,False,0
C2_2,search,512,8,8,it0143,0.4550219178199768,0.4988667070865631,0.0,False,5
C2_2,search,512,8,8,it0144,0.5656663775444031,0.4307870864868164,0.14285714285714285,False,3
C2_2,search,512,8,8,it0145,0.5595961213111877,0.6262781620025635,0.15,False,5
C2_2,search,512,8,8,it0146,0.49164125323295593,0.4499114155769348,0.5,False,6
C2_2,search,512,8,8,it0147,0.43018633127212524,0.3970261216163635,0.08695652173913043,False,5
C2_2,search,512,8,8,it0148,0.1434110403060913,0.17458026111125946,0.35714285714285715,False,6
C2_2,search,512,8,8,it0149,0.5826720595359802,0.5711597800254822,0.21428571428571427,False,3
C2_2,search,512,8,8,it0150,0.4915491044521332,0.4397861361503601,0.11538461538461539,False,6
C2_2,search,512,8,8,it0151,0.6388567686080933,0.5314078330993652,0.0,False,5
C2_2,search,512,8,8,it0152,0.51753830909729,0.46995121240615845,0.0,False,4
C2_2,search,512,8,8,it0153,0.4380706548690796,0.48868122696876526,0.19047619047619047,False,0
C2_2,search,512,8,8,it0154,0.25090858340263367,0.1526508629322052,0.15789473684210525,False,1
C2_2,search,512,8,8,it0155,0.15494748950004578,0.2990265190601349,0.03571428571428571,False,7
C2_2,search,512,8,8,it0156,0.2246541529893875,0.32312098145484924,0.09523809523809523,False,2
C2_2,search,512,8,8,it0157,0.5904741287231445,0.5550147891044617,0.2558139534883721,False,6
C2_2,search,512,8,8,it0158,0.31239479780197144,0.3688499927520752,0.10526315789473684,False,2
C2_2,search,512,8,8,it0159,0.4534391164779663,0.41387757658958435,0.0,False,4
C2_2,search,512,8,8,it0160,0.5069207549095154,0.4455174207687378,0.06451612903225806,False,6
C2_2,search,512,8,8,it0161,0.3108941316604614,0.3689194619655609,0.2413793103448276,False,0
C2_2,search,512,8,8,it0162,0.11708083748817444,0.32037028670310974,0.2222222222222222,False,1
C2_2,search,512,8,8,it0163,0.539208173751831,0.6420059204101562,0.0,False,0
C2_2,search,512,8,8,it0164,0.5331252813339233,0.35754168033599854,0.16129032258064516,False,0
C2_2,search,512,8,8,it0165,0.26848721504211426,0.3323422372341156,0.15151515151515152,False,0
C2_2,search,512,8,8,it0166,0.5974066257476807,0.378007709980011,0.08333333333333333,False,2
C2_2,search,512,8,8,it0167,0.5235216617584229,0.545846700668335,0.21052631578947367,False,4
C2_2,search,512,8,8,it0168,0.4059288501739502,0.3694637417793274,0.2,False,1
C2_2,search,512,8,8,it0169,0.3226791024208069,0.4110408127307892,0.2,False,6
C2_2,search,512,8,8,it0170,0.4976251721382141,0.4385005831718445,0.17647058823529413,False,0
C2_2,search,512,8,8,it0171,0.6873815655708313,0.6770668029785156,0.14285714285714285,False,3
C2_2,search,512,8,8,it0172,0.21048066020011902,0.36720579862594604,0.08,False,1
C2_2,search,512,8,8,it0173,0.6536905169487,0.6763297915458679,0.06666666666666667,False,0
C2_2,search,512,8,8,it0174,0.4126349091529846,0.44647032022476196,0.125,False,5
C2_2,search,512,8,8,it0175,0.22750185430049896,0.3462069630622864,0.26666666666666666,False,1
C2_2,search,512,8,8,it0176,0.28691375255584717,0.39600786566734314,0.2222222222222222,False,6
C2_2,search,512,8,8,it0177,0.5433703660964966,0.4350966215133667,0.0,False,7
C2_2,search,512,8,8,it0178,0.3230646252632141,0.2936818301677704,0.6470588235294118,False,2
C2_2,search,512,8,8,it0179,0.6299349069595337,0.6240116357803345,0.0967741935483871,False,0
C2_2,search,512,8,8,it0180,0.42005079984664917,0.49954283237457275,0.0,False,6
C2_2,search,512,8,8,it0181,0.5721921920776367,0.5522451400756836,0.24390243902439024,False,1
C2_2,search,512,8,8,it0182,0.5101693868637085,0.4866207242012024,0.36,False,1
C2_2,search,512,8,8,it0183,0.5602236390113831,0.499127060174942,0.16,False,3
C2_2,search,512,8,8,it0184,0.30338090658187866,0.3007524311542511,0.06666666666666667,False,2
C2_2,search,512,8,8,it0185,0.4962300956249237,0.5174940824508667,0.5483870967741935,False,4
C2_2,search,512,8,8,it0186,0.6114746928215027,0.5368081331253052,0.3333333333333333,False,1
C2_2,search,512,8,8,it0187,0.5639635324478149,0.4781540036201477,0.3125,False,5
C2_2,search,512,8,8,it0188,0.6101645827293396,0.6114017367362976,0.2777777777777778,False,6
C2_2,search,512,8,8,it0189,0.47120845317840576,0.44915029406547546,0.0,False,3
C2_2,search,512,8,8,it0190,0.52431321144104,0.5644397139549255,0.1875,False,3
C2_2,search,512,8,8,it0191,0.5529932379722595,0.3622957468032837,0.32,False,6
C2_2,search,512,8,8,it0192,0.5433739423751831,0.5958328247070312,0.18518518518518517,False,2
C2_2,search,512,8,8,it0193,0.5012415051460266,0.2723737359046936,0.375,False,7
C2_2,search,512,8,8,it0194,0.6286188960075378,0.6217775344848633,0.19047619047619047,False,3
C2_2,search,512,8,8,it0195,0.621518611907959,0.5768749713897705,0.34615384615384615,False,3
C2_2,search,512,8,8,it0196,0.5249260663986206,0.4213561415672302,0.0,False,0
C2_2,search,512,8,8,it0197,0.4640328288078308,0.3893625736236572,0.09090909090909091,False,0
C2_2,search,512,8,8,it0198,0.2018253207206726,0.3116800785064697,0.1875,False,4
C2_2,search,512,8,8,it0199,0.41403552889823914,0.4926486909389496,0.0,False,3
C2_2,refine,128,1,16,it0000,0.5477875471115112,0.5616641044616699,0.21739130434782608,False,0
C2_2,refine,128,1,16,it0001,0.3647969663143158,0.31411999464035034,0.4444444444444444,False,0
C2_2,refine,128,1,16,it0002,0.2811238765716553,0.16354507207870483,0.2,False,0
C2_2,refine,128,1,16,it0003,0.32011985778808594,0.1532505303621292,0.6666666666666666,False,0
C2_2,refine,128,1,16,it0004,0.4316658079624176,0.3059874475002289,0.125,False,0
C2_2,refine,128,1,16,it0005,0.3833191394805908,0.2681353986263275,0.037037037037037035,False,0
C2_2,refine,128,1,16,it0006,0.2808839678764343,0.32159554958343506,0.05555555555555555,False,0
C2_2,refine,128,1,16,it0007,0.3624893128871918,0.4422190189361572,0.29545454545454547,False,0
C2_2,refine,128,1,16,it0008,0.17659305036067963,0.3079087734222412,0.2857142857142857,False,0
C2_2,refine,128,1,16,it0009,0.5622609257698059,0.53193199634552,0.2962962962962963,False,0
C2_2,refine,128,1,16,it0010,0.6056225895881653,0.5203574299812317,0.2222222222222222,False,0
C2_2,refine,128,1,16,it0011,0.4713137447834015,0.45258620381355286,0.043478260869565216,False,0
C2_2,refine,128,1,16,it0012,0.38167351484298706,0.16042108833789825,0.6896551724137931,False,0
C2_2,refine,128,1,16,it0013,0.508375883102417,0.5263643264770508,0.037037037037037035,False,0
C2_2,refine,128,1,16,it0014,0.35067248344421387,0.3921295404434204,0.0,False,0
C2_2,refine,128,1,16,it0015,0.5557690858840942,0.5062821507453918,0.17647058823529413,False,0
C2_2,refine,128,1,16,it0016,0.6239011287689209,0.42568451166152954,0.14705882352941177,False,0
C2_2,refine,128,1,16,it0017,0.5236045718193054,0.36501795053482056,0.06666666666666667,False,0
C2_2,refine,128,1,16,it0018,0.2836577892303467,0.2119934856891632,0.029411764705882353,False,0
C2_2,refine,128,1,16,it0019,0.6563246250152588,0.5607719421386719,0.15217391304347827,False,0
C2_2,refine,128,1,16,it0020,0.2699861526489258,0.15713584423065186,0.7692307692307693,False,0
C2_2,refine,128,1,16,it0021,0.5375787615776062,0.4715174436569214,0.15151515151515152,False,0
C2_2,refine,128,1,16,it0022,0.2439318150281906,0.3387663662433624,0.4,False,0
C2_2,refine,128,1,16,it0023,0.45878833532333374,0.31682807207107544,0.16666666666666666,False,0
C2_2,refine,128,1,16,it0024,0.6429153084754944,0.5291303992271423,0.21428571428571427,False,0
C2_2,refine,128,1,16,it0025,0.5746829509735107,0.5050913095474243,0.25,False,0
C2_2,refine,128,1,16,it0026,0.14083176851272583,0.16907542943954468,0.0,False,0
C2_2,refine,128,1,16,it0027,0.6834411025047302,0.5897125005722046,0.3125,False,0
C2_2,refine,128,1,16,it0028,0.48103955388069153,0.5043643116950989,0.2619047619047619,False,0
C2_2,refine,128,1,16,it0029,0.2817983627319336,0.26684337854385376,0.0625,False,0
C2_2,refine,128,1,16,it0030,0.5216848254203796,0.40956518054008484,0.2,False,0
C2_2,refine,128,1,16,it0031,0.30796071887016296,0.13118988275527954,0.3888888888888889,False,0
C2_2,refine,128,1,16,it0032,0.5902221202850342,0.5111395716667175,0.18518518518518517,False,0
C2_2,refine,128,1,16,it0033,0.3765227794647217,0.28305795788764954,0.15384615384615385,False,0
C2_2,refine,128,1,16,it0034,0.41283538937568665,0.2828616499900818,0.16666666666666666,False,0
C2_2,refine,128,1,16,it0035,0.325833261013031,0.1952926218509674,0.38461538461538464,False,0
C2_2,refine,128,1,16,it0036,0.6211422681808472,0.5682255029678345,0.1111111111111111,False,0
C2_2,refine,128,1,16,it0037,0.5043402910232544,0.40863361954689026,0.0,False,0
C2_2,refine,128,1,16,it0038,0.2818334996700287,0.2067735344171524,0.16216216216216217,False,0
C2_2,refine,128,1,16,it0039,0.4752916395664215,0.516495406627655,0.21951219512195122,False,0
C2_2,refine,128,1,16,it0040,0.4106592535972595,0.3227510154247284,0.4,False,0
C2_2,refine,128,1,16,it0041,0.6593692302703857,0.4085596799850464,0.18181818181818182,False,0
C2_2,refine,128,1,16,it0042,0.47290968894958496,0.4412171244621277,0.3333333333333333,False,0
C2_2,refine,128,1,16,it0043,0.1735001653432846,0.029928695410490036,0.0,False,0
C2_2,refine,128,1,16,it0044,0.4336950480937958,0.5243809819221497,0.32,False,0
C2_2,refine,128,1,16,it0045,0.29251837730407715,0.33425384759902954,0.16666666666666666,False,0
C2_2,refine,128,1,16,it0046,0.34465256333351135,0.18742121756076813,0.375,False,0
C2_2,refine,128,1,16,it0047,0.22381137311458588,0.23247985541820526,0.55,False,0
C2_2,refine,128,1,16,it0048,0.44536423683166504,0.3339739739894867,0.1875,False,0
C2_2,refine,128,1,16,it0049,0.2748992443084717,0.5270431637763977,0.3181818181818182,False,0
C2_2,refine,128,1,16,it0050,0.1492002010345459,-0.13154661655426025,0.45454545454545453,False,0
C2_2,refine,128,1,16,it0051,0.18141122162342072,0.4148957133293152,0.2413793103448276,False,0
C2_2,refine,128,1,16,it0052,0.27562710642814636,0.27394533157348633,0.06666666666666667,False,0
C2_2,refine,128,1,16,it0053,0.2595726251602173,0.3136800527572632,0.32432432432432434,False,0
C2_2,refine,128,1,16,it0054,0.22761833667755127,0.06949923932552338,0.0,False,0
C2_2,refine,128,1,16,it0055,0.6437705159187317,0.5453408360481262,0.4230769230769231,False,0
C2_2,refine,128,1,16,it0056,0.4113163948059082,0.32133927941322327,0.25,False,0
C2_2,refine,128,1,16,it0057,0.5055918097496033,0.30540168285369873,0.3235294117647059,False,0
C2_2,refine,128,1,16,it0058,0.4578344523906708,0.3181060254573822,0.5833333333333334,False,0
C2_2,refine,128,1,16,it0059,0.542435884475708,0.5683889985084534,0.2857142857142857,False,0
C2_2,refine,128,1,16,it0060,0.4785650968551636,0.39453139901161194,0.058823529411764705,False,0
C2_2,refine,128,1,16,it0061,0.4671342968940735,0.4800434112548828,0.11428571428571428,False,0
C2_2,refine,128,1,16,it0062,0.5357958078384399,0.4944377541542053,0.09523809523809523,False,0
C2_2,refine,128,1,16,it0063,0.3329826593399048,0.2840576767921448,0.13793103448275862,False,0
C2_2,refine,128,1,16,it0064,0.32505863904953003,0.39200350642204285,0.1111111111111111,False,0
C2_2,refine,128,1,16,it0065,0.6318861246109009,0.6131108999252319,0.20512820512820512,False,0
C2_2,refine,128,1,16,it0066,0.26115739345550537,0.34325695037841797,0.23809523809523808,False,0
C2_2,refine,128,1,16,it0067,0.3111748993396759,0.23427554965019226,0.4444444444444444,False,0
C2_2,refine,128,1,16,it0068,0.6286691427230835,0.5203944444656372,0.1794871794871795,False,0
C2_2,refine,128,1,16,it0069,0.3704710900783539,0.36713463068008423,0.045454545454545456,False,0
C2_2,refine,128,1,16,it0070,0.3219097852706909,0.3958473205566406,0.06666666666666667,False,0
C2_2,refine,128,1,16,it0071,0.5290823578834534,0.45000526309013367,0.4642857142857143,False,0
C2_2,refine,128,1,16,it0072,0.48138654232025146,0.5170444250106812,0.09090909090909091,False,0
C2_2,refine,128,1,16,it0073,0.20684786140918732,0.10820405185222626,0.3103448275862069,False,0
C2_2,refine,128,1,16,it0074,0.32026129961013794,0.24591131508350372,0.5333333333333333,False,0
C2_2,refine,128,1,16,it0075,0.28110891580581665,0.24339477717876434,0.17391304347826086,False,0
C2_2,refine,128,1,16,it0076,0.4444229006767273,0.2606804668903351,0.21739130434782608,False,0
C2_2,refine,128,1,16,it0077,0.5623738765716553,0.6511494517326355,0.3333333333333333,False,0
C2_2,refine,128,1,16,it0078,0.25506043434143066,0.24104689061641693,0.2857142857142857,False,0
C2_2,refine,128,1,16,it0079,0.5783040523529053,0.522469162940979,0.0,False,0
C2_2,refine,128,1,16,it0080,0.19649606943130493,0.11032357811927795,0.2682926829268293,False,0
C2_2,refine,128,1,16,it0081,0.305900901556015,0.24916812777519226,0.07142857142857142,False,0
C2_2,refine,128,1,16,it0082,0.511992871761322,0.46056073904037476,0.058823529411764705,False,0
C2_2,refine,128,1,16,it0083,0.5449855327606201,0.39109522104263306,0.08823529411764706,False,0
C2_2,refine,128,1,16,it0084,0.642255961894989,0.4467976689338684,0.1111111111111111,False,0
C2_2,refine,128,1,16,it0085,0.5107823610305786,0.4499056041240692,0.14285714285714285,False,0
C2_2,refine,128,1,16,it0086,0.6051041483879089,0.44914481043815613,0.35294117647058826,False,0
C2_2,refine,128,1,16,it0087,0.5380930304527283,0.6091994643211365,0.25,False,0
C2_2,refine,128,1,16,it0088,0.3148603141307831,0.22959627211093903,0.09523809523809523,False,0
C2_2,refine,128,1,16,it0089,0.3713209629058838,0.15444259345531464,0.0,False,0
C2_2,refine,128,1,16,it0090,0.5203938484191895,0.47205761075019836,0.0,False,0
C2_2,refine,128,1,16,it0091,0.45217734575271606,0.357464462518692,0.0967741935483871,False,0
C2_2,refine,128,1,16,it0092,0.5018412470817566,0.293595552444458,0.17142857142857143,False,0
C2_2,refine,128,1,16,it0093,0.49856024980545044,0.30223265290260315,0.15789473684210525,False,0
C2_2,refine,128,1,16,it0094,0.5108873248100281,0.517951488494873,0.23076923076923078,False,0
C2_2,refine,128,1,16,it0095,0.35871782898902893,0.4717874228954315,0.38095238095238093,False,0
C2_2,refine,128,1,16,it0096,0.5421935319900513,0.37192606925964355,0.6363636363636364,False,0
C2_2,refine,128,1,16,it0097,0.6129226088523865,0.49238258600234985,0.05,False,0
C2_2,refine,128,1,16,it0098,0.4297633469104767,0.3609132170677185,0.07407407407407407,False,0
C2_2,refine,128,1,16,it0099,0.2723396122455597,0.16789165139198303,0.08695652173913043,False,0
C2_2,refine,128,1,16,it0100,0.6986878514289856,0.6016029715538025,0.0,False,0
C2_2,refine,128,1,16,it0101,0.25248146057128906,0.29595497250556946,0.10526315789473684,False,0
C2_2,refine,128,1,16,it0102,0.20260024070739746,0.3304249346256256,0.0,False,0
C2_2,refine,128,1,16,it0103,0.3359876871109009,0.39622482657432556,0.13636363636363635,False,0
C2_2,refine,128,1,16,it0104,0.4690583050251007,0.4854854643344879,0.25,False,0
C2_2,refine,128,1,16,it0105,0.4729779362678528,0.6001663208007812,0.17142857142857143,False,0
C2_2,refine,128,1,16,it0106,0.30346906185150146,0.348410964012146,0.08333333333333333,False,0
C2_2,refine,128,1,16,it0107,0.5267932415008545,0.383194237947464,0.2608695652173913,False,0
C2_2,refine,128,1,16,it0108,0.4729454517364502,0.4649779796600342,0.25,False,0
C2_2,refine,128,1,16,it0109,0.4938492178916931,0.3763154149055481,0.3157894736842105,False,0
C2_2,refine,128,1,16,it0110,0.21369968354701996,0.39581024646759033,0.16666666666666666,False,0
C2_2,refine,128,1,16,it0111,0.17665600776672363,0.1231507733464241,0.24242424242424243,False,0
C2_2,refine,128,1,16,it0112,0.6412248611450195,0.5148446559906006,0.09090909090909091,False,0
C2_2,refine,128,1,16,it0113,0.5485699772834778,0.3630904257297516,0.045454545454545456,False,0
C2_2,refine,128,1,16,it0114,0.4480368494987488,0.4030723571777344,0.4444444444444444,False,0
C2_2,refine,128,1,16,it0115,0.27986013889312744,0.18960724771022797,0.07142857142857142,False,0
C2_2,refine,128,1,16,it0116,0.5502742528915405,0.26372215151786804,0.17647058823529413,False,0
C2_2,refine,128,1,16,it0117,0.3789680004119873,0.44185301661491394,0.0,False,0
C2_2,refine,128,1,16,it0118,0.5016103982925415,0.40250054001808167,0.4230769230769231,False,0
C2_2,refine,128,1,16,it0119,0.3947066366672516,0.421783983707428,0.8571428571428571,False,0
C2_2,refine,128,1,16,it0120,0.6930609941482544,0.4818096160888672,0.0,False,0
C2_2,refine,128,1,16,it0121,0.44749560952186584,0.3362036347389221,0.4,False,0
C2_2,refine,128,1,16,it0122,0.25337618589401245,0.24793457984924316,0.2727272727272727,False,0
C2_2,refine,128,1,16,it0123,0.3794642984867096,0.5315591096878052,0.17647058823529413,False,0
C2_2,refine,128,1,16,it0124,0.58990079164505,0.43634268641471863,0.2727272727272727,False,0
C2_2,refine,128,1,16,it0125,0.5218120813369751,0.40357542037963867,0.2564102564102564,False,0
C2_2,refine,128,1,16,it0126,0.4267805814743042,0.2105262130498886,0.0625,False,0
C2_2,refine,128,1,16,it0127,0.28890669345855713,0.17437943816184998,0.0,False,0
C2_2,refine,128,1,16,it0128,0.4230610132217407,0.39240360260009766,0.05,False,0
C2_2,refine,128,1,16,it0129,0.17119669914245605,0.3260931670665741,0.11764705882352941,False,0
C2_2,refine,128,1,16,it0130,0.16643093526363373,0.33735179901123047,0.1,False,0
C2_2,refine,128,1,16,it0131,0.40419110655784607,0.31718236207962036,0.16129032258064516,False,0
C2_2,refine,128,1,16,it0132,0.3281150758266449,0.3183816969394684,0.21428571428571427,False,0
C2_2,refine,128,1,16,it0133,0.5093015432357788,0.5038430690765381,0.03571428571428571,False,0
C2_2,refine,128,1,16,it0134,0.332232803106308,0.4533178210258484,0.0,False,0
C2_2,refine,128,1,16,it0135,0.3984585702419281,0.4117951989173889,0.3333333333333333,False,0
C2_2,refine,128,1,16,it0136,0.37860074639320374,0.42500758171081543,0.05,False,0
C2_2,refine,128,1,16,it0137,0.5511873960494995,0.47356554865837097,0.16666666666666666,False,0
C2_2,refine,128,1,16,it0138,0.4855727255344391,0.47541892528533936,0.2777777777777778,False,0
C2_2,refine,128,1,16,it0139,0.5646947622299194,0.38551825284957886,0.0,False,0
C2_2,refine,128,1,16,it0140,0.4078025817871094,0.28027504682540894,0.25,False,0
C2_2,refine,128,1,16,it0141,0.48892176151275635,0.6161164045333862,0.23333333333333334,False,0
C2_2,refine,128,1,16,it0142,0.16343119740486145,0.11861159652471542,0.12,False,0
C2_2,refine,128,1,16,it0143,0.3355105519294739,0.2967284321784973,0.0,False,0
C2_2,refine,128,1,16,it0144,0.4638057351112366,0.046496786177158356,0.03571428571428571,False,0
C2_2,refine,128,1,16,it0145,0.544816255569458,0.6437341570854187,0.025,False,0
C2_2,refine,128,1,16,it0146,0.4757844805717468,0.3057735562324524,0.0,False,0
C2_2,refine,128,1,16,it0147,0.4522918164730072,0.45325708389282227,0.0,False,0
C2_2,refine,128,1,16,it0148,0.08540882170200348,0.1260564625263214,0.14285714285714285,False,0
C2_2,refine,128,1,16,it0149,0.5154051780700684,0.35714954137802124,0.14285714285714285,False,0
C2_2,refine,128,1,16,it0150,0.2739563286304474,0.34224602580070496,0.23076923076923078,False,0
C2_2,refine,128,1,16,it0151,0.5845801830291748,0.4247264564037323,0.11764705882352941,False,0
C2_2,refine,128,1,16,it0152,0.519527792930603,0.27756407856941223,0.0,False,0
C2_2,refine,128,1,16,it0153,0.2892554998397827,0.37072068452835083,0.19047619047619047,False,0
C2_2,refine,128,1,16,it0154,0.2379748821258545,0.04295992851257324,0.10526315789473684,False,0
C2_2,refine,128,1,16,it0155,0.26111796498298645,0.38114774227142334,0.0,False,0
C2_2,refine,128,1,16,it0156,0.23308983445167542,0.27548864483833313,0.14285714285714285,False,0
C2_2,refine,128,1,16,it0157,0.4987245202064514,0.5277174115180969,0.3023255813953488,False,0
C2_2,refine,128,1,16,it0158,0.34420013427734375,0.27295613288879395,0.10526315789473684,False,0
C2_2,refine,128,1,16,it0159,0.42325013875961304,0.3537687063217163,0.0,False,0
C2_2,refine,128,1,16,it0160,0.5613999962806702,0.39909252524375916,0.0,False,0
C2_2,refine,128,1,16,it0161,0.260366827249527,0.20586490631103516,0.13793103448275862,False,0
C2_2,refine,128,1,16,it0162,0.11122581362724304,0.29451364278793335,0.2962962962962963,False,0
C2_2,refine,128,1,16,it0163,0.48595738410949707,0.3269643485546112,0.0,False,0
C2_2,refine,128,1,16,it0164,0.45718371868133545,0.1565181463956833,0.03225806451612903,False,0
C2_2,refine,128,1,16,it0165,0.24240794777870178,0.14924004673957825,0.18181818181818182,False,0
C2_2,refine,128,1,16,it0166,0.5446629524230957,0.15173272788524628,0.4166666666666667,False,0
C2_2,refine,128,1,16,it0167,0.4507439136505127,0.4873119294643402,0.10526315789473684,False,0
C2_2,refine,128,1,16,it0168,0.21351751685142517,0.12920883297920227,0.1,False,0
C2_2,refine,128,1,16,it0169,0.38494858145713806,0.33151790499687195,0.05,False,0
C2_2,refine,128,1,16,it0170,0.3725773096084595,0.3807746171951294,0.17647058823529413,False,0
C2_2,refine,128,1,16,it0171,0.6338077187538147,0.5728364586830139,0.09523809523809523,False,0
C2_2,refine,128,1,16,it0172,0.21637634932994843,0.3732035160064697,0.0,False,0
C2_2,refine,128,1,16,it0173,0.6843185424804688,0.6373220682144165,0.0,False,0
C2_2,refine,128,1,16,it0174,0.49472126364707947,0.3549289405345917,0.125,False,0
C2_2,refine,128,1,16,it0175,0.17522947490215302,0.024354977533221245,0.06666666666666667,False,0
C2_2,refine,128,1,16,it0176,0.33601829409599304,0.2984100878238678,0.16666666666666666,False,0
C2_2,refine,128,1,16,it0177,0.4139690399169922,0.3416227400302887,0.05263157894736842,False,0
C2_2,refine,128,1,16,it0178,0.3223162889480591,0.2625584602355957,0.8235294117647058,False,0
C2_2,refine,128,1,16,it0179,0.5849533677101135,0.622725248336792,0.22580645161290322,False,0
C2_2,refine,128,1,16,it0180,0.5307276248931885,0.5511121153831482,0.07142857142857142,False,0
C2_2,refine,128,1,16,it0181,0.49996596574783325,0.4823107123374939,0.0,False,0
C2_2,refine,128,1,16,it0182,0.584632396697998,0.3089408576488495,0.04,False,0
C2_2,refine,128,1,16,it0183,0.6404767036437988,0.5895078778266907,0.32,False,0
C2_2,refine,128,1,16,it0184,0.3150801658630371,0.3662884533405304,0.4,False,0
C2_2,refine,128,1,16,it0185,0.2947632968425751,0.32871711254119873,0.06451612903225806,False,0
C2_2,refine,128,1,16,it0186,0.38779640197753906,0.2118654102087021,0.0,False,0
C2_2,refine,128,1,16,it0187,0.497894287109375,0.5938619375228882,0.25,False,0
C2_2,refine,128,1,16,it0188,0.5694279074668884,0.4742608666419983,0.1111111111111111,False,0
C2_2,refine,128,1,16,it0189,0.3680906593799591,0.30735892057418823,0.0,False,0
C2_2,refine,128,1,16,it0190,0.5619158744812012,0.4904383420944214,0.125,False,0
C2_2,refine,128,1,16,it0191,0.3945430815219879,0.2625178098678589,0.08,False,0
C2_2,refine,128,1,16,it0192,0.4719065725803375,0.484079509973526,0.2222222222222222,False,0
C2_2,refine,128,1,16,it0193,0.303455114364624,0.11886955052614212,0.3125,False,0
C2_2,refine,128,1,16,it0194,0.560997486114502,0.6397935748100281,0.09523809523809523,False,0
C2_2,refine,128,1,16,it0195,0.6527720093727112,0.4932008981704712,0.19230769230769232,False,0
C2_2,refine,128,1,16,it0196,0.4499756693840027,0.35605388879776,0.0,False,0
C2_2,refine,128,1,16,it0197,0.2787448763847351,0.2686637341976166,0.0,False,0
C2_2,refine,128,1,16,it0198,0.3436540961265564,0.23183555901050568,0.0,False,0
C2_2,refine,128,1,16,it0199,0.4252502918243408,0.42688578367233276,0.058823529411764705,False,0
C2_2,refine,256,1,32,it0000,0.5895555019378662,0.5138264894485474,0.06521739130434782,False,0
C2_2,refine,256,1,32,it0001,0.4210675358772278,0.24243950843811035,0.6111111111111112,False,0
C2_2,refine,256,1,32,it0002,0.2876836061477661,0.2057979702949524,0.2,False,0
C2_2,refine,256,1,32,it0003,0.3666765093803406,0.08947278559207916,0.2,False,0
C2_2,refine,256,1,32,it0004,0.4191707968711853,0.3092658519744873,0.1875,False,0
C2_2,refine,256,1,32,it0005,0.4247904419898987,0.3153895139694214,0.0,False,0
C2_2,refine,256,1,32,it0006,0.34065133333206177,0.254450261592865,0.0,False,0
C2_2,refine,256,1,32,it0007,0.3004515767097473,0.2523117661476135,0.2727272727272727,False,0
C2_2,refine,256,1,32,it0008,0.32572251558303833,0.20073728263378143,0.2857142857142857,False,0
C2_2,refine,256,1,32,it0009,0.58500736951828,0.51780104637146,0.037037037037037035,False,0
C2_2,refine,256,1,32,it0010,0.5934975147247314,0.5019052028656006,0.1111111111111111,False,0
C2_2,refine,256,1,32,it0011,0.4980217218399048,0.4727819859981537,0.043478260869565216,False,0
C2_2,refine,256,1,32,it0012,0.4647694230079651,0.3480603098869324,0.4827586206896552,False,0
C2_2,refine,256,1,32,it0013,0.473516583442688,0.5552424788475037,0.037037037037037035,False,0
C2_2,refine,256,1,32,it0014,0.44382113218307495,0.33994561433792114,0.0,False,0
C2_2,refine,256,1,32,it0015,0.5208559036254883,0.4518684446811676,0.11764705882352941,False,0
C2_2,refine,256,1,32,it0016,0.4968678951263428,0.3752289116382599,0.3235294117647059,False,0
C2_2,refine,256,1,32,it0017,0.4398103952407837,0.33469218015670776,0.2,False,0
C2_2,refine,256,1,32,it0018,0.28674760460853577,0.15521767735481262,0.17647058823529413,False,0
C2_2,refine,256,1,32,it0019,0.608710527420044,0.4760003387928009,0.0,False,0
C2_2,refine,256,1,32,it0020,0.2772154211997986,0.1502334177494049,0.23076923076923078,False,0
C2_2,refine,256,1,32,it0021,0.53961181640625,0.4982038736343384,0.24242424242424243,False,0
C2_2,refine,256,1,32,it0022,0.2361331731081009,0.3397156298160553,0.525,False,0
C2_2,refine,256,1,32,it0023,0.6334484815597534,0.5728331804275513,0.16666666666666666,False,0
C2_2,refine,256,1,32,it0024,0.647790253162384,0.3766213655471802,0.14285714285714285,False,0
C2_2,refine,256,1,32,it0025,0.5879126191139221,0.5738399028778076,0.2,False,0
C2_2,refine,256,1,32,it0026,0.27625003457069397,0.29283300042152405,0.0,False,0
C2_2,refine,256,1,32,it0027,0.6584161520004272,0.5153753161430359,0.125,False,0
C2_2,refine,256,1,32,it0028,0.40062397718429565,0.4680865406990051,0.2619047619047619,False,0
C2_2,refine,256,1,32,it0029,0.45558205246925354,0.5499241948127747,0.1875,False,0
C2_2,refine,256,1,32,it0030,0.5076950788497925,0.4841896891593933,0.36,False,0
C2_2,refine,256,1,32,it0031,0.32594019174575806,0.27122819423675537,0.2222222222222222,False,0
C2_2,refine,256,1,32,it0032,0.6406620740890503,0.48336657881736755,0.07407407407407407,False,0
C2_2,refine,256,1,32,it0033,0.41616350412368774,0.20857475697994232,0.15384615384615385,False,0
C2_2,refine,256,1,32,it0034,0.4305412173271179,0.32923707365989685,0.03333333333333333,False,0
C2_2,refine,256,1,32,it0035,0.29911041259765625,0.22557669878005981,0.38461538461538464,False,0
C2_2,refine,256,1,32,it0036,0.6265454292297363,0.5013059377670288,0.0,False,0
C2_2,refine,256,1,32,it0037,0.5511474609375,0.4758814573287964,0.0,False,0
C2_2,refine,256,1,32,it0038,0.23855029046535492,0.23401473462581635,0.2972972972972973,False,0
C2_2,refine,256,1,32,it0039,0.32365965843200684,0.3991015553474426,0.17073170731707318,False,0
C2_2,refine,256,1,32,it0040,0.21189063787460327,0.16270001232624054,0.3333333333333333,False,0
C2_2,refine,256,1,32,it0041,0.6508954167366028,0.3338965177536011,0.13636363636363635,False,0
C2_2,refine,256,1,32,it0042,0.3586485981941223,0.4506891965866089,0.37037037037037035,False,0
C2_2,refine,256,1,32,it0043,0.25937193632125854,0.12261965125799179,0.0,False,0
C2_2,refine,256,1,32,it0044,0.40632301568984985,0.3556298613548279,0.28,False,0
C2_2,refine,256,1,32,it0045,0.17645734548568726,0.3404110372066498,0.03333333333333333,False,0
C2_2,refine,256,1,32,it0046,0.2707080543041229,0.22507008910179138,0.125,False,0
C2_2,refine,256,1,32,it0047,0.21830163896083832,0.17273283004760742,0.4,False,0
C2_2,refine,256,1,32,it0048,0.5522931814193726,0.41381943225860596,0.1875,False,0
C2_2,refine,256,1,32,it0049,0.32688069343566895,0.45556432008743286,0.4090909090909091,False,0
C2_2,refine,256,1,32,it0050,0.1821141242980957,-0.249411940574646,0.36363636363636365,False,0
C2_2,refine,256,1,32,it0051,0.20075896382331848,0.4841005802154541,0.13793103448275862,False,0
C2_2,refine,256,1,32,it0052,0.2742351293563843,0.3228764533996582,0.0,False,0
C2_2,refine,256,1,32,it0053,0.2323049008846283,0.3541348874568939,0.32432432432432434,False,0
C2_2,refine,256,1,32,it0054,0.251692533493042,0.11405008286237717,0.0,False,0
C2_2,refine,256,1,32,it0055,0.5408157110214233,0.4973275065422058,0.5769230769230769,False,0
C2_2,refine,256,1,32,it0056,0.38446277379989624,0.275784969329834,0.15,False,0
C2_2,refine,256,1,32,it0057,0.48384901881217957,0.30759191513061523,0.2647058823529412,False,0
C2_2,refine,256,1,32,it0058,0.3724754750728607,0.44620540738105774,0.25,False,0
C2_2,refine,256,1,32,it0059,0.5180641412734985,0.5749924778938293,0.2857142857142857,False,0
C2_2,refine,256,1,32,it0060,0.3487493395805359,0.3685169517993927,0.058823529411764705,False,0
C2_2,refine,256,1,32,it0061,0.48103195428848267,0.6039460897445679,0.0,False,0
C2_2,refine,256,1,32,it0062,0.5211365222930908,0.4551617205142975,0.047619047619047616,False,0
C2_2,refine,256,1,32,it0063,0.38391509652137756,0.3488462567329407,0.034482758620689655,False,0
C2_2,refine,256,1,32,it0064,0.41881513595581055,0.4004558324813843,0.2222222222222222,False,0
C2_2,refine,256,1,32,it0065,0.6195402145385742,0.5782749652862549,0.15384615384615385,False,0
C2_2,refine,256,1,32,it0066,0.3075695335865021,0.48841890692710876,0.38095238095238093,False,0
C2_2,refine,256,1,32,it0067,0.24399325251579285,0.22661049664020538,0.2222222222222222,False,0
C2_2,refine,256,1,32,it0068,0.6711833477020264,0.5897749066352844,0.0,False,0
C2_2,refine,256,1,32,it0069,0.2908070385456085,0.2279222160577774,0.09090909090909091,False,0
C2_2,refine,256,1,32,it0070,0.31954360008239746,0.2523559331893921,0.2,False,0
C2_2,refine,256,1,32,it0071,0.5104525089263916,0.4471655488014221,0.32142857142857145,False,0
C2_2,refine,256,1,32,it0072,0.553193211555481,0.5124638080596924,0.0,False,0
C2_2,refine,256,1,32,it0073,0.14424379169940948,0.1289738118648529,0.20689655172413793,False,0
C2_2,refine,256,1,32,it0074,0.3311891257762909,0.35294944047927856,0.13333333333333333,False,0
C2_2,refine,256,1,32,it0075,0.37697798013687134,0.37439635396003723,0.30434782608695654,False,0
C2_2,refine,256,1,32,it0076,0.5952019691467285,0.33531883358955383,0.34782608695652173,False,0
C2_2,refine,256,1,32,it0077,0.5139150619506836,0.6786313652992249,0.16666666666666666,False,0
C2_2,refine,256,1,32,it0078,0.35601678490638733,0.27833446860313416,0.09523809523809523,False,0
C2_2,refine,256,1,32,it0079,0.585774838924408,0.6040268540382385,0.041666666666666664,False,0
C2_2,refine,256,1,32,it0080,0.36013442277908325,0.1851334124803543,0.2682926829268293,False,0
C2_2,refine,256,1,32,it0081,0.3595779538154602,0.3090779185295105,0.03571428571428571,False,0
C2_2,refine,256,1,32,it0082,0.3417344093322754,0.3666818141937256,0.11764705882352941,False,0
C2_2,refine,256,1,32,it0083,0.4822503924369812,0.3258277177810669,0.058823529411764705,False,0
C2_2,refine,256,1,32,it0084,0.5803574323654175,0.44536036252975464,0.15555555555555556,False,0
C2_2,refine,256,1,32,it0085,0.41657209396362305,0.4114689230918884,0.0,False,0
C2_2,refine,256,1,32,it0086,0.6344125866889954,0.6409898996353149,0.11764705882352941,False,0
C2_2,refine,256,1,32,it0087,0.5593520402908325,0.695815920829773,0.25,False,0
C2_2,refine,256,1,32,it0088,0.3632175028324127,0.27374258637428284,0.0,False,0
C2_2,refine,256,1,32,it0089,0.36573827266693115,0.26092904806137085,0.041666666666666664,False,0
C2_2,refine,256,1,32,it0090,0.5071173906326294,0.5475060939788818,0.11764705882352941,False,0
C2_2,refine,256,1,32,it0091,0.5173727869987488,0.5013004541397095,0.16129032258064516,False,0
C2_2,refine,256,1,32,it0092,0.5423384308815002,0.3787790834903717,0.02857142857142857,False,0
C2_2,refine,256,1,32,it0093,0.5137555599212646,0.3153495490550995,0.10526315789473684,False,0
C2_2,refine,256,1,32,it0094,0.40515023469924927,0.3287767767906189,0.0,False,0
C2_2,refine,256,1,32,it0095,0.5114052891731262,0.5446721315383911,0.23809523809523808,False,0
C2_2,refine,256,1,32,it0096,0.5003800392150879,0.4555891454219818,0.3181818181818182,False,0
C2_2,refine,256,1,32,it0097,0.5916097164154053,0.5300630331039429,0.2,False,0
C2_2,refine,256,1,32,it0098,0.4506232738494873,0.3242003917694092,0.14814814814814814,False,0
C2_2,refine,256,1,32,it0099,0.22261962294578552,0.22151610255241394,0.0,False,0
C2_2,refine,256,1,32,it0100,0.6123385429382324,0.5960185527801514,0.0,False,0
C2_2,refine,256,1,32,it0101,0.15920425951480865,0.18610383570194244,0.02631578947368421,False,0
C2_2,refine,256,1,32,it0102,0.4108965992927551,0.4015580117702484,0.15384615384615385,False,0
C2_2,refine,256,1,32,it0103,0.27732956409454346,0.2719144821166992,0.13636363636363635,False,0
C2_2,refine,256,1,32,it0104,0.5065404772758484,0.4372819662094116,0.16666666666666666,False,0
C2_2,refine,256,1,32,it0105,0.4672951400279999,0.6437161564826965,0.17142857142857143,False,0
C2_2,refine,256,1,32,it0106,0.2892126142978668,0.31858083605766296,0.041666666666666664,False,0
C2_2,refine,256,1,32,it0107,0.5395424962043762,0.3803710639476776,0.17391304347826086,False,0
C2_2,refine,256,1,32,it0108,0.5386670231819153,0.35296812653541565,0.125,False,0
C2_2,refine,256,1,32,it0109,0.35545092821121216,0.42755401134490967,0.15789473684210525,False,0
C2_2,refine,256,1,32,it0110,0.12758846580982208,0.24425095319747925,0.23333333333333334,False,0
C2_2,refine,256,1,32,it0111,0.23552270233631134,0.17767919600009918,0.30303030303030304,False,0
C2_2,refine,256,1,32,it0112,0.6659767627716064,0.48310568928718567,0.11363636363636363,False,0
C2_2,refine,256,1,32,it0113,0.5795456767082214,0.4382975101470947,0.06818181818181818,False,0
C2_2,refine,256,1,32,it0114,0.520875096321106,0.5149264931678772,0.5555555555555556,False,0
C2_2,refine,256,1,32,it0115,0.27477192878723145,0.3340556025505066,0.0,False,0
C2_2,refine,256,1,32,it0116,0.501700758934021,0.37775692343711853,0.0,False,0
C2_2,refine,256,1,32,it0117,0.3854825794696808,0.5093309879302979,0.058823529411764705,False,0
C2_2,refine,256,1,32,it0118,0.5799948573112488,0.46186086535453796,0.23076923076923078,False,0
C2_2,refine,256,1,32,it0119,0.4425264298915863,0.40194466710090637,0.14285714285714285,False,0
C2_2,refine,256,1,32,it0120,0.5693540573120117,0.44086870551109314,0.0,False,0
C2_2,refine,256,1,32,it0121,0.46344900131225586,0.39307093620300293,0.3,False,0
C2_2,refine,256,1,32,it0122,0.1698037087917328,0.2931094169616699,0.36363636363636365,False,0
C2_2,refine,256,1,32,it0123,0.29348012804985046,0.47897133231163025,0.17647058823529413,False,0
C2_2,refine,256,1,32,it0124,0.5230880379676819,0.4258381724357605,0.21212121212121213,False,0
C2_2,refine,256,1,32,it0125,0.5720203518867493,0.50350022315979,0.358974358974359,False,0
C2_2,refine,256,1,32,it0126,0.35364073514938354,0.3870605528354645,0.125,False,0
C2_2,refine,256,1,32,it0127,0.2672290503978729,0.1415770947933197,0.058823529411764705,False,0
C2_2,refine,256,1,32,it0128,0.3087555766105652,0.4238126873970032,0.0,False,0
C2_2,refine,256,1,32,it0129,0.2340940237045288,0.132071852684021,0.058823529411764705,False,0
C2_2,refine,256,1,32,it0130,0.2996165454387665,0.3441735804080963,0.2,False,0
C2_2,refine,256,1,32,it0131,0.2985615134239197,0.3780852258205414,0.22580645161290322,False,0
C2_2,refine,256,1,32,it0132,0.3132578730583191,0.22190141677856445,0.21428571428571427,False,0
C2_2,refine,256,1,32,it0133,0.5223686099052429,0.564950168132782,0.0,False,0
C2_2,refine,256,1,32,it0134,0.3413277566432953,0.320250540971756,0.02631578947368421,False,0
C2_2,refine,256,1,32,it0135,0.3824017643928528,0.40552425384521484,0.23076923076923078,False,0
C2_2,refine,256,1,32,it0136,0.4207792580127716,0.38736772537231445,0.0,False,0
C2_2,refine,256,1,32,it0137,0.47885584831237793,0.43202856183052063,0.3333333333333333,False,0
C2_2,refine,256,1,32,it0138,0.3106374144554138,0.4042043685913086,0.3888888888888889,False,0
C2_2,refine,256,1,32,it0139,0.5688597559928894,0.2665081322193146,0.16666666666666666,False,0
C2_2,refine,256,1,32,it0140,0.4399833381175995,0.35758984088897705,0.16666666666666666,False,0
C2_2,refine,256,1,32,it0141,0.564795732498169,0.6747925281524658,0.23333333333333334,False,0
C2_2,refine,256,1,32,it0142,0.14772191643714905,0.1824621558189392,0.0,False,0
C2_2,refine,256,1,32,it0143,0.37553030252456665,0.355405330657959,0.0,False,0
C2_2,refine,256,1,32,it0144,0.40029823780059814,0.24366675317287445,0.14285714285714285,False,0
C2_2,refine,256,1,32,it0145,0.6451461911201477,0.6324182152748108,0.175,False,0
C2_2,refine,256,1,32,it0146,0.5645272731781006,0.4984460473060608,0.35,False,0
C2_2,refine,256,1,32,it0147,0.46322551369667053,0.35350754857063293,0.0,False,0
C2_2,refine,256,1,32,it0148,0.03655552119016647,0.08366378396749496,0.07142857142857142,False,0
C2_2,refine,256,1,32,it0149,0.388325572013855,0.28289180994033813,0.2857142857142857,False,0
C2_2,refine,256,1,32,it0150,0.38396531343460083,0.4898397624492645,0.038461538461538464,False,0
C2_2,refine,256,1,32,it0151,0.5604779124259949,0.48848995566368103,0.058823529411764705,False,0
C2_2,refine,256,1,32,it0152,0.4454737603664398,0.31278032064437866,0.0,False,0
C2_2,refine,256,1,32,it0153,0.3098573088645935,0.33830830454826355,0.19047619047619047,False,0
C2_2,refine,256,1,32,it0154,0.28278297185897827,0.10836667567491531,0.10526315789473684,False,0
C2_2,refine,256,1,32,it0155,0.11341498047113419,0.28020328283309937,0.10714285714285714,False,0
C2_2,refine,256,1,32,it0156,0.25505977869033813,0.17141252756118774,0.047619047619047616,False,0
C2_2,refine,256,1,32,it0157,0.5401104092597961,0.4622159004211426,0.09302325581395349,False,0
C2_2,refine,256,1,32,it0158,0.31006497144699097,0.17973145842552185,0.10526315789473684,False,0
C2_2,refine,256,1,32,it0159,0.4224202632904053,0.3115701675415039,0.0,False,0
C2_2,refine,256,1,32,it0160,0.51674884557724,0.4450417160987854,0.06451612903225806,False,0
C2_2,refine,256,1,32,it0161,0.2654113471508026,0.1922900527715683,0.20689655172413793,False,0
C2_2,refine,256,1,32,it0162,0.12431711703538895,0.2820477783679962,0.14814814814814814,False,0
C2_2,refine,256,1,32,it0163,0.5016509294509888,0.49569380283355713,0.4117647058823529,False,0
C2_2,refine,256,1,32,it0164,0.5333508849143982,0.245243638753891,0.22580645161290322,False,0
C2_2,refine,256,1,32,it0165,0.2510620355606079,0.2376309186220169,0.24242424242424243,False,0
C2_2,refine,256,1,32,it0166,0.6442517042160034,0.3678876459598541,0.08333333333333333,False,0
C2_2,refine,256,1,32,it0167,0.4341776967048645,0.4793912172317505,0.05263157894736842,False,0
C2_2,refine,256,1,32,it0168,0.2555173635482788,0.2892179489135742,0.1,False,0
C2_2,refine,256,1,32,it0169,0.4943298101425171,0.5220272541046143,0.15,False,0
C2_2,refine,256,1,32,it0170,0.4441492557525635,0.29510876536369324,0.23529411764705882,False,0
C2_2,refine,256,1,32,it0171,0.7076421976089478,0.5072935819625854,0.2857142857142857,False,0
C2_2,refine,256,1,32,it0172,0.1647256463766098,0.20163939893245697,0.04,False,0
C2_2,refine,256,1,32,it0173,0.5986835956573486,0.596929669380188,0.0,False,0
C2_2,refine,256,1,32,it0174,0.4733177721500397,0.38378119468688965,0.0,False,0
C2_2,refine,256,1,32,it0175,0.0797695741057396,0.07603199034929276,0.26666666666666666,False,0
C2_2,refine,256,1,32,it0176,0.3524894714355469,0.3732406497001648,0.2222222222222222,False,0
C2_2,refine,256,1,32,it0177,0.46463969349861145,0.4739997684955597,0.0,False,0
C2_2,refine,256,1,32,it0178,0.31461504101753235,0.2470015287399292,0.5294117647058824,False,0
C2_2,refine,256,1,32,it0179,0.6539831161499023,0.5921898484230042,0.0967741935483871,False,0
C2_2,refine,256,1,32,it0180,0.38670116662979126,0.46792569756507874,0.0,False,0
C2_2,refine,256,1,32,it0181,0.48748791217803955,0.4756946861743927,0.12195121951219512,False,0
C2_2,refine,256,1,32,it0182,0.5435181856155396,0.3809303045272827,0.08,False,0
C2_2,refine,256,1,32,it0183,0.6131722331047058,0.6116231083869934,0.08,False,0
C2_2,refine,256,1,32,it0184,0.3430175483226776,0.2551332712173462,0.26666666666666666,False,0
C2_2,refine,256,1,32,it0185,0.3168891668319702,0.3117225766181946,0.22580645161290322,False,0
C2_2,refine,256,1,32,it0186,0.5434111952781677,0.38402223587036133,0.041666666666666664,False,0
C2_2,refine,256,1,32,it0187,0.37342527508735657,0.39696580171585083,0.0625,False,0
C2_2,refine,256,1,32,it0188,0.5069842338562012,0.453708678483963,0.0,False,0
C2_2,refine,256,1,32,it0189,0.32234683632850647,0.21941353380680084,0.0,False,0
C2_2,refine,256,1,32,it0190,0.6058722734451294,0.511644721031189,0.0,False,0
C2_2,refine,256,1,32,it0191,0.41285470128059387,0.34519046545028687,0.04,False,0
C2_2,refine,256,1,32,it0192,0.5346679091453552,0.5527322292327881,0.18518518518518517,False,0
C2_2,refine,256,1,32,it0193,0.36811721324920654,0.27883005142211914,0.25,False,0
C2_2,refine,256,1,32,it0194,0.5655543208122253,0.686331033706665,0.0,False,0
C2_2,refine,256,1,32,it0195,0.5820284485816956,0.572762668132782,0.19230769230769232,False,0
C2_2,refine,256,1,32,it0196,0.3921441435813904,0.2909471094608307,0.07142857142857142,False,0
C2_2,refine,256,1,32,it0197,0.40104711055755615,0.29558441042900085,0.18181818181818182,False,0
C2_2,refine,256,1,32,it0198,0.3976856768131256,0.30792829394340515,0.0,False,0
C2_2,refine,256,1,32,it0199,0.38368839025497437,0.40793919563293457,0.0,False,0
C2_2,refine,512,1,64,it0000,0.45096462965011597,0.4717082381248474,0.043478260869565216,False,0
C2_2,refine,512,1,64,it0001,0.4994186460971832,0.2674497663974762,0.5,False,0
C2_2,refine,512,1,64,it0002,0.21453487873077393,0.12303492426872253,0.2,False,0
C2_2,refine,512,1,64,it0003,0.2611519992351532,0.20919516682624817,0.5333333333333333,False,0
C2_2,refine,512,1,64,it0004,0.5641094446182251,0.37476423382759094,0.1875,False,0
C2_2,refine,512,1,64,it0005,0.4316074252128601,0.24017633497714996,0.0,False,0
C2_2,refine,512,1,64,it0006,0.2553410828113556,0.30455338954925537,0.5,False,0
C2_2,refine,512,1,64,it0007,0.2597440481185913,0.15775223076343536,0.11363636363636363,False,0
C2_2,refine,512,1,64,it0008,0.24766327440738678,0.24769310653209686,0.19047619047619047,False,0
C2_2,refine,512,1,64,it0009,0.47853440046310425,0.5448472499847412,0.2222222222222222,False,0
C2_2,refine,512,1,64,it0010,0.5292597413063049,0.5165570974349976,0.2222222222222222,False,0
C2_2,refine,512,1,64,it0011,0.5870011448860168,0.5154571533203125,0.0,False,0
C2_2,refine,512,1,64,it0012,0.46202629804611206,0.34941020607948303,0.3793103448275862,False,0
C2_2,refine,512,1,64,it0013,0.4680514931678772,0.5195754766464233,0.037037037037037035,False,0
C2_2,refine,512,1,64,it0014,0.46913033723831177,0.424945592880249,0.13333333333333333,False,0
C2_2,refine,512,1,64,it0015,0.5451288223266602,0.5664705038070679,0.35294117647058826,False,0
C2_2,refine,512,1,64,it0016,0.3553009629249573,0.22121497988700867,0.14705882352941177,False,0
C2_2,refine,512,1,64,it0017,0.45772939920425415,0.27461907267570496,0.06666666666666667,False,0
C2_2,refine,512,1,64,it0018,0.28401684761047363,0.21658457815647125,0.08823529411764706,False,0
C2_2,refine,512,1,64,it0019,0.6654736995697021,0.5676948428153992,0.08695652173913043,False,0
C2_2,refine,512,1,64,it0020,0.2471584975719452,0.1492994874715805,0.38461538461538464,False,0
C2_2,refine,512,1,64,it0021,0.5343819856643677,0.43835654854774475,0.18181818181818182,False,0
C2_2,refine,512,1,64,it0022,0.3579481840133667,0.4579228162765503,0.425,False,0
C2_2,refine,512,1,64,it0023,0.7076011300086975,0.4806801676750183,0.3888888888888889,False,0
C2_2,refine,512,1,64,it0024,0.6077711582183838,0.44975408911705017,0.21428571428571427,False,0
C2_2,refine,512,1,64,it0025,0.5218973755836487,0.468452513217926,0.35,False,0
C2_2,refine,512,1,64,it0026,0.25567108392715454,0.19091230630874634,0.25,False,0
C2_2,refine,512,1,64,it0027,0.6881245374679565,0.5343286395072937,0.125,False,0
C2_2,refine,512,1,64,it0028,0.4322028160095215,0.5128356218338013,0.07142857142857142,False,0
C2_2,refine,512,1,64,it0029,0.31641677021980286,0.3206687569618225,0.0625,False,0
C2_2,refine,512,1,64,it0030,0.5416507720947266,0.36445561051368713,0.04,False,0
C2_2,refine,512,1,64,it0031,0.3805890679359436,0.2673531174659729,0.4444444444444444,False,0
C2_2,refine,512,1,64,it0032,0.5818254947662354,0.5322393178939819,0.18518518518518517,False,0
C2_2,refine,512,1,64,it0033,0.4043254852294922,0.34009093046188354,0.15384615384615385,False,0
C2_2,refine,512,1,64,it0034,0.37232354283332825,0.2645663022994995,0.23333333333333334,False,0
C2_2,refine,512,1,64,it0035,0.3225986957550049,0.2866787910461426,0.15384615384615385,False,0
C2_2,refine,512,1,64,it0036,0.5967423915863037,0.5952549576759338,0.16666666666666666,False,0
C2_2,refine,512,1,64,it0037,0.5325793027877808,0.452501505613327,0.13333333333333333,False,0
C2_2,refine,512,1,64,it0038,0.3565634489059448,0.18432532250881195,0.13513513513513514,False,0
C2_2,refine,512,1,64,it0039,0.32715678215026855,0.4961785078048706,0.0975609756097561,False,0
C2_2,refine,512,1,64,it0040,0.18161186575889587,0.1173512265086174,0.2,False,0
C2_2,refine,512,1,64,it0041,0.628596305847168,0.4408966302871704,0.18181818181818182,False,0
C2_2,refine,512,1,64,it0042,0.46548107266426086,0.4108041524887085,0.1111111111111111,False,0
C2_2,refine,512,1,64,it0043,0.21957281231880188,0.12361417710781097,0.07692307692307693,False,0
C2_2,refine,512,1,64,it0044,0.41629570722579956,0.24252009391784668,0.44,False,0
C2_2,refine,512,1,64,it0045,0.2452820986509323,0.29775378108024597,0.06666666666666667,False,0
C2_2,refine,512,1,64,it0046,0.26499325037002563,0.1947294920682907,0.25,False,0
C2_2,refine,512,1,64,it0047,0.20567364990711212,0.2623741924762726,0.55,False,0
C2_2,refine,512,1,64,it0048,0.5971322655677795,0.4681801199913025,0.375,False,0
C2_2,refine,512,1,64,it0049,0.37461045384407043,0.46181201934814453,0.18181818181818182,False,0
C2_2,refine,512,1,64,it0050,0.17285463213920593,0.001825115643441677,0.36363636363636365,False,0
C2_2,refine,512,1,64,it0051,0.15887929499149323,0.4134961664676666,0.10344827586206896,False,0
C2_2,refine,512,1,64,it0052,0.24896521866321564,0.29088932275772095,0.0,False,0
C2_2,refine,512,1,64,it0053,0.07520914077758789,0.28635549545288086,0.40540540540540543,False,0
C2_2,refine,512,1,64,it0054,0.24701450765132904,0.12519754469394684,0.08333333333333333,False,0
C2_2,refine,512,1,64,it0055,0.5011979937553406,0.531050980091095,0.19230769230769232,False,0
C2_2,refine,512,1,64,it0056,0.31435561180114746,0.14272470772266388,0.1,False,0
C2_2,refine,512,1,64,it0057,0.5071711540222168,0.29014021158218384,0.29411764705882354,False,0
C2_2,refine,512,1,64,it0058,0.34133923053741455,0.2416372150182724,0.5,False,0
C2_2,refine,512,1,64,it0059,0.58135986328125,0.5998856425285339,0.10714285714285714,False,0
C2_2,refine,512,1,64,it0060,0.40857815742492676,0.39288803935050964,0.17647058823529413,False,0
C2_2,refine,512,1,64,it0061,0.5603182315826416,0.5947674512863159,0.05714285714285714,False,0
C2_2,refine,512,1,64,it0062,0.6189428567886353,0.5286155343055725,0.0,False,0
C2_2,refine,512,1,64,it0063,0.46207883954048157,0.3427543342113495,0.3793103448275862,False,0
C2_2,refine,512,1,64,it0064,0.4096027910709381,0.38723888993263245,0.2222222222222222,False,0
C2_2,refine,512,1,64,it0065,0.5921581983566284,0.5729218125343323,0.1282051282051282,False,0
C2_2,refine,512,1,64,it0066,0.24703635275363922,0.3355277478694916,0.09523809523809523,False,0
C2_2,refine,512,1,64,it0067,0.2720290720462799,0.22886954247951508,0.3333333333333333,False,0
C2_2,refine,512,1,64,it0068,0.6577466130256653,0.5773714780807495,0.02564102564102564,False,0
C2_2,refine,512,1,64,it0069,0.19278864562511444,0.1719094216823578,0.09090909090909091,False,0
C2_2,refine,512,1,64,it0070,0.5090953707695007,0.3745288550853729,0.26666666666666666,False,0
C2_2,refine,512,1,64,it0071,0.5270426869392395,0.4634382724761963,0.2857142857142857,False,0
C2_2,refine,512,1,64,it0072,0.4766390323638916,0.37669461965560913,0.045454545454545456,False,0
C2_2,refine,512,1,64,it0073,0.12983235716819763,0.1915246695280075,0.5172413793103449,False,0
C2_2,refine,512,1,64,it0074,0.31511345505714417,0.32575660943984985,0.26666666666666666,False,0
C2_2,refine,512,1,64,it0075,0.4381290674209595,0.33927881717681885,0.0,False,0
C2_2,refine,512,1,64,it0076,0.47478750348091125,0.22725611925125122,0.17391304347826086,False,0
C2_2,refine,512,1,64,it0077,0.4453449249267578,0.31364473700523376,0.25,False,0
C2_2,refine,512,1,64,it0078,0.2950281500816345,0.3036271929740906,0.2857142857142857,False,0
C2_2,refine,512,1,64,it0079,0.613297164440155,0.5594592690467834,0.0,False,0
C2_2,refine,512,1,64,it0080,0.3164975047111511,0.1595945805311203,0.21951219512195122,False,0
C2_2,refine,512,1,64,it0081,0.28753069043159485,0.2424968183040619,0.07142857142857142,False,0
C2_2,refine,512,1,64,it0082,0.4832283854484558,0.39535024762153625,0.35294117647058826,False,0
C2_2,refine,512,1,64,it0083,0.42813459038734436,0.29172125458717346,0.058823529411764705,False,0
C2_2,refine,512,1,64,it0084,0.5565874576568604,0.5142745971679688,0.1111111111111111,False,0
C2_2,refine,512,1,64,it0085,0.4247116446495056,0.39580419659614563,0.2857142857142857,False,0
C2_2,refine,512,1,64,it0086,0.6181635856628418,0.6135556101799011,0.11764705882352941,False,0
C2_2,refine,512,1,64,it0087,0.562502384185791,0.5821793675422668,0.1875,False,0
C2_2,refine,512,1,64,it0088,0.26602447032928467,0.23949773609638214,0.0,False,0
C2_2,refine,512,1,64,it0089,0.46241557598114014,0.10540078580379486,0.0,False,0
C2_2,refine,512,1,64,it0090,0.5446525812149048,0.6389440894126892,0.11764705882352941,False,0
C2_2,refine,512,1,64,it0091,0.47605615854263306,0.3984335958957672,0.16129032258064516,False,0
C2_2,refine,512,1,64,it0092,0.41546106338500977,0.4074240028858185,0.11428571428571428,False,0
C2_2,refine,512,1,64,it0093,0.49997755885124207,0.20938649773597717,0.05263157894736842,False,0
C2_2,refine,512,1,64,it0094,0.5180885791778564,0.52138352394104,0.07692307692307693,False,0
C2_2,refine,512,1,64,it0095,0.4017910361289978,0.5199363827705383,0.23809523809523808,False,0
C2_2,refine,512,1,64,it0096,0.6014077067375183,0.3995465934276581,0.2727272727272727,False,0
C2_2,refine,512,1,64,it0097,0.5547835230827332,0.5109660029411316,0.1,False,0
C2_2,refine,512,1,64,it0098,0.46926599740982056,0.3723866045475006,0.14814814814814814,False,0
C2_2,refine,512,1,64,it0099,0.2468971163034439,0.17564673721790314,0.043478260869565216,False,0
C2_2,refine,512,1,64,it0100,0.6868894100189209,0.6473545432090759,0.0,False,0
C2_2,refine,512,1,64,it0101,0.29846593737602234,0.2899554371833801,0.15789473684210525,False,0
C2_2,refine,512,1,64,it0102,0.4636654853820801,0.5096074342727661,0.0,False,0
C2_2,refine,512,1,64,it0103,0.42622682452201843,0.4069894552230835,0.09090909090909091,False,0
C2_2,refine,512,1,64,it0104,0.5411584377288818,0.5028437376022339,0.125,False,0
C2_2,refine,512,1,64,it0105,0.41069701313972473,0.5562994480133057,0.14285714285714285,False,0
C2_2,refine,512,1,64,it0106,0.17731919884681702,0.26110783219337463,0.0,False,0
C2_2,refine,512,1,64,it0107,0.3374095559120178,0.22276771068572998,0.0,False,0
C2_2,refine,512,1,64,it0108,0.5224257111549377,0.24832534790039062,0.0,False,0
C2_2,refine,512,1,64,it0109,0.41360118985176086,0.4286593794822693,0.15789473684210525,False,0
C2_2,refine,512,1,64,it0110,0.16338087618350983,0.14824821054935455,0.1,False,0
C2_2,refine,512,1,64,it0111,0.2864498198032379,0.18687643110752106,0.18181818181818182,False,0
C2_2,refine,512,1,64,it0112,0.6378382444381714,0.5429028868675232,0.13636363636363635,False,0
C2_2,refine,512,1,64,it0113,0.4940648674964905,0.3850994110107422,0.0,False,0
C2_2,refine,512,1,64,it0114,0.4790891408920288,0.39681604504585266,0.5,False,0
C2_2,refine,512,1,64,it0115,0.41122299432754517,0.33791473507881165,0.0,False,0
C2_2,refine,512,1,64,it0116,0.548429012298584,0.40661877393722534,0.17647058823529413,False,0
C2_2,refine,512,1,64,it0117,0.3555999994277954,0.483818918466568,0.058823529411764705,False,0
C2_2,refine,512,1,64,it0118,0.6541493535041809,0.5355570316314697,0.28846153846153844,False,0
C2_2,refine,512,1,64,it0119,0.47450023889541626,0.30550554394721985,0.14285714285714285,False,0
C2_2,refine,512,1,64,it0120,0.5632408261299133,0.42559826374053955,0.0,False,0
C2_2,refine,512,1,64,it0121,0.4529007077217102,0.35350707173347473,0.25,False,0
C2_2,refine,512,1,64,it0122,0.20102237164974213,0.34005433320999146,0.36363636363636365,False,0
C2_2,refine,512,1,64,it0123,0.2984027862548828,0.5791395306587219,0.058823529411764705,False,0
C2_2,refine,512,1,64,it0124,0.5837035179138184,0.45932331681251526,0.24242424242424243,False,0
C2_2,refine,512,1,64,it0125,0.5264813899993896,0.4014033079147339,0.1282051282051282,False,0
C2_2,refine,512,1,64,it0126,0.5356306433677673,0.49810826778411865,0.1875,False,0
C2_2,refine,512,1,64,it0127,0.3342887759208679,0.1747683584690094,0.0,False,0
C2_2,refine,512,1,64,it0128,0.44582733511924744,0.4419029951095581,0.0,False,0
C2_2,refine,512,1,64,it0129,0.2505321800708771,0.12237194180488586,0.23529411764705882,False,0
C2_2,refine,512,1,64,it0130,0.18623200058937073,0.21660616993904114,0.1,False,0
C2_2,refine,512,1,64,it0131,0.2715604901313782,0.28938621282577515,0.2903225806451613,False,0
C2_2,refine,512,1,64,it0132,0.2866634726524353,0.16599097847938538,0.14285714285714285,False,0
C2_2,refine,512,1,64,it0133,0.4605095386505127,0.5859590172767639,0.0,False,0
C2_2,refine,512,1,64,it0134,0.38512399792671204,0.3352023959159851,0.05263157894736842,False,0
C2_2,refine,512,1,64,it0135,0.3379644453525543,0.34093910455703735,0.10256410256410256,False,0
C2_2,refine,512,1,64,it0136,0.44210246205329895,0.45031142234802246,0.1,False,0
C2_2,refine,512,1,64,it0137,0.4839596748352051,0.30463457107543945,0.16666666666666666,False,0
C2_2,refine,512,1,64,it0138,0.4570634663105011,0.5697737336158752,0.2777777777777778,False,0
C2_2,refine,512,1,64,it0139,0.536857008934021,0.3524129092693329,0.05555555555555555,False,0
C2_2,refine,512,1,64,it0140,0.34492573142051697,0.29167044162750244,0.0,False,0
C2_2,refine,512,1,64,it0141,0.3615056276321411,0.5628193616867065,0.3,False,0
C2_2,refine,512,1,64,it0142,0.24138711392879486,0.2582937180995941,0.24,False,0
C2_2,refine,512,1,64,it0143,0.35566508769989014,0.5278497338294983,0.0,False,0
C2_2,refine,512,1,64,it0144,0.3496133089065552,0.08082141727209091,0.10714285714285714,False,0
C2_2,refine,512,1,64,it0145,0.4999583959579468,0.6290812492370605,0.0,False,0
C2_2,refine,512,1,64,it0146,0.5145686864852905,0.4235590696334839,0.0,False,0
C2_2,refine,512,1,64,it0147,0.4716070890426636,0.44264277815818787,0.0,False,0
C2_2,refine,512,1,64,it0148,0.11799242347478867,0.058786164969205856,0.03571428571428571,False,0
C2_2,refine,512,1,64,it0149,0.3658123016357422,0.43729937076568604,0.14285714285714285,False,0
C2_2,refine,512,1,64,it0150,0.31566691398620605,0.4280356466770172,0.038461538461538464,False,0
C2_2,refine,512,1,64,it0151,0.5000761151313782,0.47900450229644775,0.058823529411764705,False,0
C2_2,refine,512,1,64,it0152,0.4795547127723694,0.33355405926704407,0.0,False,0
C2_2,refine,512,1,64,it0153,0.2863386273384094,0.27445119619369507,0.11904761904761904,False,0
C2_2,refine,512,1,64,it0154,0.201666921377182,0.08397131413221359,0.15789473684210525,False,0
C2_2,refine,512,1,64,it0155,0.25065910816192627,0.24663494527339935,0.10714285714285714,False,0
C2_2,refine,512,1,64,it0156,0.2212025225162506,0.2740134298801422,0.0,False,0
C2_2,refine,512,1,64,it0157,0.5411978960037231,0.49411702156066895,0.046511627906976744,False,0
C2_2,refine,512,1,64,it0158,0.33199164271354675,0.2906036972999573,0.05263157894736842,False,0
C2_2,refine,512,1,64,it0159,0.41690924763679504,0.237722247838974,0.07142857142857142,False,0
C2_2,refine,512,1,64,it0160,0.43595054745674133,0.44955456256866455,0.12903225806451613,False,0
C2_2,refine,512,1,64,it0161,0.24482569098472595,0.22216364741325378,0.06896551724137931,False,0
C2_2,refine,512,1,64,it0162,-0.0727451965212822,0.17795927822589874,0.037037037037037035,False,0
C2_2,refine,512,1,64,it0163,0.42076221108436584,0.3313401937484741,0.0,False,0
C2_2,refine,512,1,64,it0164,0.48275041580200195,0.30754682421684265,0.12903225806451613,False,0
C2_2,refine,512,1,64,it0165,0.17861640453338623,0.24792546033859253,0.06060606060606061,False,0
C2_2,refine,512,1,64,it0166,0.38899365067481995,0.21831285953521729,0.08333333333333333,False,0
C2_2,refine,512,1,64,it0167,0.3836100697517395,0.4778934121131897,0.0,False,0
C2_2,refine,512,1,64,it0168,0.2894836664199829,0.25523102283477783,0.1,False,0
C2_2,refine,512,1,64,it0169,0.39563995599746704,0.4056020975112915,0.2,False,0
C2_2,refine,512,1,64,it0170,0.4622334837913513,0.2747953534126282,0.17647058823529413,False,0
C2_2,refine,512,1,64,it0171,0.6146423816680908,0.5395512580871582,0.047619047619047616,False,0
C2_2,refine,512,1,64,it0172,0.25380659103393555,0.35477346181869507,0.0,False,0
C2_2,refine,512,1,64,it0173,0.6365571022033691,0.5665994882583618,0.0,False,0
C2_2,refine,512,1,64,it0174,0.4406755268573761,0.3107307553291321,0.125,False,0
C2_2,refine,512,1,64,it0175,0.2377643585205078,0.14399591088294983,0.26666666666666666,False,0
C2_2,refine,512,1,64,it0176,0.45037147402763367,0.36270979046821594,0.05555555555555555,False,0
C2_2,refine,512,1,64,it0177,0.3571358919143677,0.2571307122707367,0.05263157894736842,False,0
C2_2,refine,512,1,64,it0178,0.3630838990211487,0.2631351053714752,0.47058823529411764,False,0
C2_2,refine,512,1,64,it0179,0.5849210619926453,0.6381768584251404,0.12903225806451613,False,0
C2_2,refine,512,1,64,it0180,0.3885578513145447,0.49643686413764954,0.07142857142857142,False,0
C2_2,refine,512,1,64,it0181,0.5708984732627869,0.48690181970596313,0.024390243902439025,False,0
C2_2,refine,512,1,64,it0182,0.6092190146446228,0.42454224824905396,0.0,False,0
C2_2,refine,512,1,64,it0183,0.5659528374671936,0.48409825563430786,0.24,False,0
C2_2,refine,512,1,64,it0184,0.2703722417354584,0.2670319974422455,0.3333333333333333,False,0
C2_2,refine,512,1,64,it0185,0.25127094984054565,0.30648714303970337,0.0967741935483871,False,0
C2_2,refine,512,1,64,it0186,0.4572465419769287,0.41801372170448303,0.041666666666666664,False,0
C2_2,refine,512,1,64,it0187,0.44536155462265015,0.2663669288158417,0.125,False,0
C2_2,refine,512,1,64,it0188,0.5875952243804932,0.5675731897354126,0.1111111111111111,False,0
C2_2,refine,512,1,64,it0189,0.32764744758605957,0.33433881402015686,0.1,False,0
C2_2,refine,512,1,64,it0190,0.5958248376846313,0.5384247899055481,0.0,False,0
C2_2,refine,512,1,64,it0191,0.4186348021030426,0.38047707080841064,0.08,False,0
C2_2,refine,512,1,64,it0192,0.4851706326007843,0.5384881496429443,0.25925925925925924,False,0
C2_2,refine,512,1,64,it0193,0.2707279622554779,0.15293554961681366,0.125,False,0
C2_2,refine,512,1,64,it0194,0.5669115781784058,0.5269129276275635,0.0,False,0
C2_2,refine,512,1,64,it0195,0.5728827118873596,0.5392124056816101,0.0,False,0
C2_2,refine,512,1,64,it0196,0.510756254196167,0.2869797348976135,0.0,False,0
C2_2,refine,512,1,64,it0197,0.3535095453262329,0.29686397314071655,0.36363636363636365,False,0
C2_2,refine,512,1,64,it0198,0.4010264277458191,0.19201907515525818,0.0,False,0
C2_2,refine,512,1,64,it0199,0.3088372051715851,0.28269150853157043,0.0,False,0
