run,arm,nfe,K,T,item,ecapa,wavlm,wer,degenerate,pick
C3_1,search,128,2,8,it0000,0.4039600193500519,0.2883497476577759,0.2608695652173913,False,0
C3_1,search,128,2,8,it0001,0.40632104873657227,0.3166321814060211,0.5,False,0
C3_1,search,128,2,8,it0002,0.2332214117050171,0.28279078006744385,0.26666666666666666,False,1
C3_1,search,128,2,8,it0003,0.4358218312263489,0.27327269315719604,0.4666666666666667,False,1
C3_1,search,128,2,8,it0004,0.5470064282417297,0.33214157819747925,0.125,False,1
C3_1,search,128,2,8,it0005,0.32267487049102783,0.40164172649383545,0.18518518518518517,False,0
C3_1,search,128,2,8,it0006,0.35525059700012207,0.39603352546691895,0.1111111111111111,False,0
C3_1,search,128,2,8,it0007,0.25930362939834595,0.30670902132987976,0.045454545454545456,False,1
C3_1,search,128,2,8,it0008,0.39149564504623413,0.2213326394557953,0.38095238095238093,False,0
C3_1,search,128,2,8,it0009,0.6117292046546936,0.5294257402420044,0.25925925925925924,False,1
C3_1,search,128,2,8,it0010,0.5689213275909424,0.5146881937980652,0.2777777777777778,False,1
C3_1,search,128,2,8,it0011,0.5262953042984009,0.4455355405807495,0.043478260869565216,False,1
C3_1,search,128,2,8,it0012,0.3897329568862915,0.17457318305969238,5.068965517241379,True,1
C3_1,search,128,2,8,it0013,0.5244128108024597,0.5546165704727173,0.18518518518518517,False,0
C3_1,search,128,2,8,it0014,0.36863967776298523,0.34549733996391296,0.13333333333333333,False,1
C3_1,search,128,2,8,it0015,0.43089985847473145,0.4395156800746918,0.11764705882352941,False,1
C3_1,search,128,2,8,it0016,0.6184292435646057,0.47359395027160645,0.2647058823529412,False,0
C3_1,search,128,2,8,it0017,0.4475346803665161,0.3982519209384918,0.13333333333333333,False,0
C3_1,search,128,2,8,it0018,0.4596695303916931,0.46243521571159363,0.11764705882352941,False,1
C3_1,search,128,2,8,it0019,0.6611403226852417,0.5402343273162842,0.08695652173913043,False,1
C3_1,search,128,2,8,it0020,0.31789231300354004,0.28179797530174255,0.38461538461538464,False,0
C3_1,search,128,2,8,it0021,0.4127594828605652,0.3730863332748413,0.18181818181818182,False,1
C3_1,search,128,2,8,it0022,0.4638073742389679,0.44109880924224854,0.775,False,0
C3_1,search,128,2,8,it0023,0.6123939156532288,0.48657190799713135,0.3888888888888889,False,1
C3_1,search,128,2,8,it0024,0.6046074032783508,0.42311930656433105,0.14285714285714285,False,1
C3_1,search,128,2,8,it0025,0.612217903137207,0.5157910585403442,0.05,False,1
C3_1,search,128,2,8,it0026,0.36596810817718506,0.3253538906574249,0.125,False,0
C3_1,search,128,2,8,it0027,0.7217110395431519,0.6912544965744019,0.3125,False,0
C3_1,search,128,2,8,it0028,0.5039311051368713,0.5598340034484863,0.2619047619047619,False,0
C3_1,search,128,2,8,it0029,0.29092565178871155,0.37205368280410767,0.0,False,0
C3_1,search,128,2,8,it0030,0.5135894417762756,0.4543623924255371,0.2,False,1
C3_1,search,128,2,8,it0031,0.28179043531417847,0.2048569768667221,0.5,False,0
C3_1,search,128,2,8,it0032,0.6830708980560303,0.5203486084938049,0.4444444444444444,False,1
C3_1,search,128,2,8,it0033,0.2756754159927368,0.24383972585201263,0.15384615384615385,False,0
C3_1,search,128,2,8,it0034,0.40757012367248535,0.3493123948574066,0.2,False,1
C3_1,search,128,2,8,it0035,0.2388763278722763,0.24932999908924103,0.23076923076923078,False,0
C3_1,search,128,2,8,it0036,0.6375658512115479,0.4587169885635376,0.3333333333333333,False,0
C3_1,search,128,2,8,it0037,0.5692397952079773,0.5188645720481873,0.0,False,0
C3_1,search,128,2,8,it0038,0.3341364860534668,0.15354904532432556,0.13513513513513514,False,1
C3_1,search,128,2,8,it0039,0.4272201657295227,0.44563111662864685,0.2682926829268293,False,0
C3_1,search,128,2,8,it0040,0.20680871605873108,0.11696315556764603,0.26666666666666666,False,0
C3_1,search,128,2,8,it0041,0.6359913349151611,0.42946240305900574,0.13636363636363635,False,1
C3_1,search,128,2,8,it0042,0.38475048542022705,0.3538948595523834,0.2962962962962963,False,0
C3_1,search,128,2,8,it0043,0.3971794843673706,0.4162428379058838,0.07692307692307693,False,0
C3_1,search,128,2,8,it0044,0.6067005395889282,0.6088279485702515,0.16,False,1
C3_1,search,128,2,8,it0045,0.2614671587944031,0.33511969447135925,0.1,False,0
C3_1,search,128,2,8,it0046,0.25033921003341675,0.2323640137910843,0.125,False,1
C3_1,search,128,2,8,it0047,0.2954240143299103,0.42101138830184937,0.75,False,0
C3_1,search,128,2,8,it0048,0.4463181793689728,0.4712063670158386,0.1875,False,1
C3_1,search,128,2,8,it0049,0.4659647047519684,0.4547138214111328,0.09090909090909091,False,1
C3_1,search,128,2,8,it0050,0.2256571352481842,0.02096877619624138,0.36363636363636365,False,0
C3_1,search,128,2,8,it0051,0.2005535513162613,0.4224106967449188,0.3103448275862069,False,0
C3_1,search,128,2,8,it0052,0.3515682816505432,0.2782767415046692,0.06666666666666667,False,1
C3_1,search,128,2,8,it0053,0.31389981508255005,0.36656486988067627,0.6216216216216216,False,0
C3_1,search,128,2,8,it0054,0.2869260013103485,0.16250936686992645,0.3333333333333333,False,1
C3_1,search,128,2,8,it0055,0.49376916885375977,0.5073665976524353,0.2692307692307692,False,1
C3_1,search,128,2,8,it0056,0.3670932948589325,0.353149950504303,0.25,False,0
C3_1,search,128,2,8,it0057,0.5234140753746033,0.3201698362827301,0.2647058823529412,False,1
C3_1,search,128,2,8,it0058,0.4337208867073059,0.32233819365501404,0.5,False,1
C3_1,search,128,2,8,it0059,0.5658188462257385,0.557463526725769,0.32142857142857145,False,1
C3_1,search,128,2,8,it0060,0.44258368015289307,0.37238872051239014,0.17647058823529413,False,1
C3_1,search,128,2,8,it0061,0.48176074028015137,0.5157715082168579,0.05714285714285714,False,1
C3_1,search,128,2,8,it0062,0.5471014380455017,0.5249982476234436,0.047619047619047616,False,1
C3_1,search,128,2,8,it0063,0.4264528155326843,0.3461763858795166,0.27586206896551724,False,0
C3_1,search,128,2,8,it0064,0.4131588935852051,0.427462100982666,0.16666666666666666,False,1
C3_1,search,128,2,8,it0065,0.6345033049583435,0.5979234576225281,0.3076923076923077,False,0
C3_1,search,128,2,8,it0066,0.3599148392677307,0.2964055836200714,0.42857142857142855,False,1
C3_1,search,128,2,8,it0067,0.2984699308872223,0.3167438209056854,0.3888888888888889,False,1
C3_1,search,128,2,8,it0068,0.6457123756408691,0.5781498551368713,0.07692307692307693,False,1
C3_1,search,128,2,8,it0069,0.37890374660491943,0.3530583083629608,0.2727272727272727,False,1
C3_1,search,128,2,8,it0070,0.4283789098262787,0.38236236572265625,0.3333333333333333,False,1
C3_1,search,128,2,8,it0071,0.5888109803199768,0.46714895963668823,0.2857142857142857,False,1
C3_1,search,128,2,8,it0072,0.5270018577575684,0.4824686050415039,0.3181818181818182,False,0
C3_1,search,128,2,8,it0073,0.16474519670009613,0.25825852155685425,0.3793103448275862,False,0
C3_1,search,128,2,8,it0074,0.23008598387241364,0.1830669790506363,0.4,False,0
C3_1,search,128,2,8,it0075,0.42424941062927246,0.3965361714363098,0.13043478260869565,False,0
C3_1,search,128,2,8,it0076,0.5462973117828369,0.24205678701400757,0.34782608695652173,False,1
C3_1,search,128,2,8,it0077,0.4452643394470215,0.4945440888404846,0.25,False,0
C3_1,search,128,2,8,it0078,0.3143852949142456,0.2515939474105835,0.2857142857142857,False,1
C3_1,search,128,2,8,it0079,0.638652503490448,0.6079868674278259,0.0,False,1
C3_1,search,128,2,8,it0080,0.3664543926715851,0.18448761105537415,0.34146341463414637,False,1
C3_1,search,128,2,8,it0081,0.3968164026737213,0.31363722681999207,0.0,False,1
C3_1,search,128,2,8,it0082,0.46761226654052734,0.4108646810054779,0.17647058823529413,False,0
C3_1,search,128,2,8,it0083,0.5077069997787476,0.4158410429954529,0.14705882352941177,False,0
C3_1,search,128,2,8,it0084,0.6014602184295654,0.43612590432167053,0.044444444444444446,False,0
C3_1,search,128,2,8,it0085,0.6718927621841431,0.41275376081466675,0.14285714285714285,False,1
C3_1,search,128,2,8,it0086,0.5245183110237122,0.49493855237960815,0.29411764705882354,False,0
C3_1,search,128,2,8,it0087,0.4789220094680786,0.549278736114502,0.625,False,0
C3_1,search,128,2,8,it0088,0.49621978402137756,0.2859960198402405,0.14285714285714285,False,0
C3_1,search,128,2,8,it0089,0.4562987983226776,0.29610151052474976,0.0,False,1
C3_1,search,128,2,8,it0090,0.5652041435241699,0.5291016101837158,0.17647058823529413,False,1
C3_1,search,128,2,8,it0091,0.6333820223808289,0.5222768187522888,0.2903225806451613,False,0
C3_1,search,128,2,8,it0092,0.5084020495414734,0.41294071078300476,0.02857142857142857,False,0
C3_1,search,128,2,8,it0093,0.4488704800605774,0.38303297758102417,0.0,False,0
C3_1,search,128,2,8,it0094,0.3458724021911621,0.5135959982872009,0.07692307692307693,False,1
C3_1,search,128,2,8,it0095,0.36544403433799744,0.3830694258213043,0.5238095238095238,False,0
C3_1,search,128,2,8,it0096,0.46081918478012085,0.35680532455444336,0.8181818181818182,False,0
C3_1,search,128,2,8,it0097,0.6094600558280945,0.5371754765510559,0.05,False,0
C3_1,search,128,2,8,it0098,0.5235320925712585,0.45027831196784973,0.3333333333333333,False,1
C3_1,search,128,2,8,it0099,0.2580409049987793,0.22687433660030365,0.043478260869565216,False,0
C3_1,search,128,2,8,it0100,0.6248593926429749,0.529760479927063,0.15384615384615385,False,1
C3_1,search,128,2,8,it0101,0.22910095751285553,0.22654180228710175,0.18421052631578946,False,1
C3_1,search,128,2,8,it0102,0.3405023515224457,0.30414122343063354,0.15384615384615385,False,0
C3_1,search,128,2,8,it0103,0.3967677354812622,0.5227643251419067,0.22727272727272727,False,0
C3_1,search,128,2,8,it0104,0.5891938209533691,0.4728526771068573,0.041666666666666664,False,0
C3_1,search,128,2,8,it0105,0.3240453600883484,0.5553954839706421,0.2571428571428571,False,0
C3_1,search,128,2,8,it0106,0.38769859075546265,0.509678065776825,0.125,False,0
C3_1,search,128,2,8,it0107,0.5068548321723938,0.5136863589286804,0.0,False,1
C3_1,search,128,2,8,it0108,0.4814837574958801,0.41219016909599304,0.375,False,1
C3_1,search,128,2,8,it0109,0.37612438201904297,0.32867923378944397,0.47368421052631576,False,0
C3_1,search,128,2,8,it0110,0.22874753177165985,0.33162015676498413,0.3,False,0
C3_1,search,128,2,8,it0111,0.1982915997505188,0.10579953342676163,0.5757575757575758,False,0
C3_1,search,128,2,8,it0112,0.64313805103302,0.5436349511146545,0.06818181818181818,False,0
C3_1,search,128,2,8,it0113,0.551542341709137,0.45250529050827026,0.20454545454545456,False,0
C3_1,search,128,2,8,it0114,0.15529601275920868,0.24346671998500824,0.7777777777777778,False,0
C3_1,search,128,2,8,it0115,0.41147691011428833,0.1864696443080902,0.14285714285714285,False,1
C3_1,search,128,2,8,it0116,0.5336682796478271,0.35666072368621826,0.23529411764705882,False,1
C3_1,search,128,2,8,it0117,0.43671250343322754,0.6008199453353882,0.029411764705882353,False,0
C3_1,search,128,2,8,it0118,0.5998931527137756,0.5295186042785645,0.3269230769230769,False,0
C3_1,search,128,2,8,it0119,0.6533475518226624,0.49763208627700806,0.5714285714285714,False,0
C3_1,search,128,2,8,it0120,0.5800565481185913,0.5152097940444946,0.06666666666666667,False,0
C3_1,search,128,2,8,it0121,0.4545452892780304,0.4347938299179077,0.5,False,0
C3_1,search,128,2,8,it0122,0.10783855617046356,0.29495006799697876,0.5909090909090909,False,1
C3_1,search,128,2,8,it0123,0.3018357753753662,0.4939906895160675,0.11764705882352941,False,0
C3_1,search,128,2,8,it0124,0.5989735722541809,0.43410930037498474,0.3939393939393939,False,0
C3_1,search,128,2,8,it0125,0.5165108442306519,0.42936447262763977,0.38461538461538464,False,0
C3_1,search,128,2,8,it0126,0.40479177236557007,0.41472581028938293,0.25,False,0
C3_1,search,128,2,8,it0127,0.3231467008590698,0.41320013999938965,0.058823529411764705,False,1
C3_1,search,128,2,8,it0128,0.3239271640777588,0.20939214527606964,0.05,False,1
C3_1,search,128,2,8,it0129,0.4422318637371063,0.27189069986343384,0.17647058823529413,False,0
C3_1,search,128,2,8,it0130,0.2765597105026245,0.3172615170478821,0.2,False,0
C3_1,search,128,2,8,it0131,0.34142470359802246,0.4664464294910431,0.06451612903225806,False,1
C3_1,search,128,2,8,it0132,0.3297951817512512,0.27396661043167114,0.21428571428571427,False,0
C3_1,search,128,2,8,it0133,0.5939476490020752,0.6002058386802673,0.10714285714285714,False,0
C3_1,search,128,2,8,it0134,0.3500255048274994,0.3892951011657715,0.07894736842105263,False,1
C3_1,search,128,2,8,it0135,0.2785148620605469,0.26577669382095337,0.23076923076923078,False,1
C3_1,search,128,2,8,it0136,0.4618232548236847,0.40569889545440674,0.45,False,1
C3_1,search,128,2,8,it0137,0.5052507519721985,0.4186936616897583,0.4166666666666667,False,1
C3_1,search,128,2,8,it0138,0.4682433307170868,0.6288303732872009,0.6111111111111112,False,0
C3_1,search,128,2,8,it0139,0.6401339173316956,0.3492509424686432,0.0,False,0
C3_1,search,128,2,8,it0140,0.49432408809661865,0.39559122920036316,0.20833333333333334,False,0
C3_1,search,128,2,8,it0141,0.5694260001182556,0.571957528591156,0.36666666666666664,False,0
C3_1,search,128,2,8,it0142,0.09342224150896072,0.23476113379001617,0.56,False,0
C3_1,search,128,2,8,it0143,0.3054124712944031,0.38491153717041016,0.0,False,0
C3_1,search,128,2,8,it0144,0.49529168009757996,0.37705132365226746,0.07142857142857142,False,1
C3_1,search,128,2,8,it0145,0.5323554277420044,0.5224355459213257,0.275,False,0
C3_1,search,128,2,8,it0146,0.49616554379463196,0.3843877613544464,0.15,False,1
C3_1,search,128,2,8,it0147,0.4929869771003723,0.3456285297870636,0.21739130434782608,False,1
C3_1,search,128,2,8,it0148,0.14084237813949585,0.23268331587314606,0.17857142857142858,False,1
C3_1,search,128,2,8,it0149,0.48553556203842163,0.3434855341911316,0.42857142857142855,False,1
C3_1,search,128,2,8,it0150,0.44023481011390686,0.4375608563423157,0.4230769230769231,False,1
C3_1,search,128,2,8,it0151,0.5420816540718079,0.39504629373550415,0.058823529411764705,False,1
C3_1,search,128,2,8,it0152,0.5564336776733398,0.4496608078479767,0.058823529411764705,False,1
C3_1,search,128,2,8,it0153,0.3428095281124115,0.42996975779533386,0.5476190476190477,False,1
C3_1,search,128,2,8,it0154,0.25009214878082275,0.11450318992137909,0.05263157894736842,False,0
C3_1,search,128,2,8,it0155,0.3397674858570099,0.27066901326179504,0.07142857142857142,False,0
C3_1,search,128,2,8,it0156,0.20406711101531982,0.21179886162281036,0.2857142857142857,False,0
C3_1,search,128,2,8,it0157,0.5934165120124817,0.4977441132068634,0.16279069767441862,False,0
C3_1,search,128,2,8,it0158,0.36222705245018005,0.3897945284843445,0.21052631578947367,False,0
C3_1,search,128,2,8,it0159,0.4684062898159027,0.37639203667640686,0.42857142857142855,False,0
C3_1,search,128,2,8,it0160,0.6035780310630798,0.4907890260219574,0.0967741935483871,False,1
C3_1,search,128,2,8,it0161,0.29479581117630005,0.3104538023471832,0.1724137931034483,False,1
C3_1,search,128,2,8,it0162,0.12993063032627106,0.2942676544189453,0.25925925925925924,False,0
C3_1,search,128,2,8,it0163,0.49239063262939453,0.3735737204551697,0.23529411764705882,False,0
C3_1,search,128,2,8,it0164,0.4540956914424896,0.23961222171783447,0.16129032258064516,False,0
C3_1,search,128,2,8,it0165,0.4054553508758545,0.3758603036403656,0.06060606060606061,False,1
C3_1,search,128,2,8,it0166,0.5337052345275879,0.24050690233707428,0.25,False,0
C3_1,search,128,2,8,it0167,0.3749176859855652,0.4662417769432068,0.15789473684210525,False,0
C3_1,search,128,2,8,it0168,0.22335129976272583,0.1977456957101822,0.0,False,1
C3_1,search,128,2,8,it0169,0.4192095398902893,0.3815222382545471,0.3,False,1
C3_1,search,128,2,8,it0170,0.418729692697525,0.3785339593887329,0.23529411764705882,False,0
C3_1,search,128,2,8,it0171,0.6790828704833984,0.6011117696762085,0.5238095238095238,False,1
C3_1,search,128,2,8,it0172,0.32282981276512146,0.4302886128425598,0.08,False,0
C3_1,search,128,2,8,it0173,0.6941158771514893,0.6136850714683533,0.1,False,0
C3_1,search,128,2,8,it0174,0.44633543491363525,0.39392971992492676,0.375,False,0
C3_1,search,128,2,8,it0175,0.19323253631591797,0.1898200362920761,0.13333333333333333,False,1
C3_1,search,128,2,8,it0176,0.22303499281406403,0.34057945013046265,0.3333333333333333,False,1
C3_1,search,128,2,8,it0177,0.4821512997150421,0.3769400417804718,0.15789473684210525,False,1
C3_1,search,128,2,8,it0178,0.3426368534564972,0.23995068669319153,0.5882352941176471,False,1
C3_1,search,128,2,8,it0179,0.6234501004219055,0.5828859806060791,0.3870967741935484,False,1
C3_1,search,128,2,8,it0180,0.4717636704444885,0.48510146141052246,0.14285714285714285,False,1
C3_1,search,128,2,8,it0181,0.5271781086921692,0.452522337436676,0.17073170731707318,False,0
C3_1,search,128,2,8,it0182,0.5565156936645508,0.5254953503608704,0.08,False,1
C3_1,search,128,2,8,it0183,0.4696040153503418,0.4971446394920349,0.04,False,1
C3_1,search,128,2,8,it0184,0.2795323133468628,0.25682029128074646,0.2,False,1
C3_1,search,128,2,8,it0185,0.42717307806015015,0.45124053955078125,0.5161290322580645,False,1
C3_1,search,128,2,8,it0186,0.5118455290794373,0.44498854875564575,0.3333333333333333,False,1
C3_1,search,128,2,8,it0187,0.43614256381988525,0.35612455010414124,0.125,False,0
C3_1,search,128,2,8,it0188,0.6285444498062134,0.47899535298347473,0.3888888888888889,False,0
C3_1,search,128,2,8,it0189,0.46778297424316406,0.4703223705291748,0.25,False,1
C3_1,search,128,2,8,it0190,0.5776224136352539,0.507367730140686,0.1875,False,1
C3_1,search,128,2,8,it0191,0.5237943530082703,0.22824406623840332,0.28,False,0
C3_1,search,128,2,8,it0192,0.6141521334648132,0.6249909996986389,0.3333333333333333,False,0
C3_1,search,128,2,8,it0193,0.4055832028388977,0.1988019347190857,0.4375,False,1
C3_1,search,128,2,8,it0194,0.5287414193153381,0.49513939023017883,0.14285714285714285,False,0
C3_1,search,128,2,8,it0195,0.6188392043113708,0.511581301689148,0.11538461538461539,False,0
C3_1,search,128,2,8,it0196,0.4529278576374054,0.38751423358917236,0.07142857142857142,False,0
C3_1,search,128,2,8,it0197,0.41710221767425537,0.2644791305065155,0.0,False,0
C3_1,search,128,2,8,it0198,0.11080791801214218,0.09251873940229416,0.0,False,0
C3_1,search,128,2,8,it0199,0.3514494001865387,0.40896132588386536,0.058823529411764705,False,1
C3_1,search,256,4,8,it0000,0.41454270482063293,0.3923255503177643,0.13043478260869565,False,3
C3_1,search,256,4,8,it0001,0.40632104873657227,0.3166321814060211,0.5,False,0
C3_1,search,256,4,8,it0002,0.2332214117050171,0.28279078006744385,0.26666666666666666,False,1
C3_1,search,256,4,8,it0003,0.4072931408882141,0.338375985622406,0.3333333333333333,False,3
C3_1,search,256,4,8,it0004,0.5470064282417297,0.33214157819747925,0.125,False,1
C3_1,search,256,4,8,it0005,0.48058533668518066,0.4325483739376068,0.14814814814814814,False,3
C3_1,search,256,4,8,it0006,0.35525059700012207,0.39603352546691895,0.1111111111111111,False,0
C3_1,search,256,4,8,it0007,0.3160759508609772,0.3434372544288635,0.25,False,3
C3_1,search,256,4,8,it0008,0.39149564504623413,0.2213326394557953,0.38095238095238093,False,0
C3_1,search,256,4,8,it0009,0.5479912161827087,0.5907596349716187,0.037037037037037035,False,2
C3_1,search,256,4,8,it0010,0.6180564165115356,0.6158233880996704,0.2777777777777778,False,2
C3_1,search,256,4,8,it0011,0.5262953042984009,0.4455355405807495,0.043478260869565216,False,1
C3_1,search,256,4,8,it0012,0.4551265835762024,0.23246945440769196,0.7586206896551724,False,3
C3_1,search,256,4,8,it0013,0.5244128108024597,0.5546165704727173,0.18518518518518517,False,0
C3_1,search,256,4,8,it0014,0.43268463015556335,0.49597394466400146,0.13333333333333333,False,2
C3_1,search,256,4,8,it0015,0.523025631904602,0.5338783860206604,0.5294117647058824,False,2
C3_1,search,256,4,8,it0016,0.6184292435646057,0.47359395027160645,0.2647058823529412,False,0
C3_1,search,256,4,8,it0017,0.4475346803665161,0.3982519209384918,0.13333333333333333,False,0
C3_1,search,256,4,8,it0018,0.4596695303916931,0.46243521571159363,0.11764705882352941,False,1
C3_1,search,256,4,8,it0019,0.583594799041748,0.5581907629966736,0.45652173913043476,False,2
C3_1,search,256,4,8,it0020,0.34714120626449585,0.3188049793243408,0.23076923076923078,False,2
C3_1,search,256,4,8,it0021,0.4127594828605652,0.3730863332748413,0.18181818181818182,False,1
C3_1,search,256,4,8,it0022,0.4638073742389679,0.44109880924224854,0.775,False,0
C3_1,search,256,4,8,it0023,0.6437869071960449,0.5007593035697937,0.5555555555555556,False,2
C3_1,search,256,4,8,it0024,0.6046074032783508,0.42311930656433105,0.14285714285714285,False,1
C3_1,search,256,4,8,it0025,0.571726381778717,0.6144582629203796,0.3,False,3
C3_1,search,256,4,8,it0026,0.36596810817718506,0.3253538906574249,0.125,False,0
C3_1,search,256,4,8,it0027,0.7217110395431519,0.6912544965744019,0.3125,False,0
C3_1,search,256,4,8,it0028,0.5039311051368713,0.5598340034484863,0.2619047619047619,False,0
C3_1,search,256,4,8,it0029,0.29092565178871155,0.37205368280410767,0.0,False,0
C3_1,search,256,4,8,it0030,0.5135894417762756,0.4543623924255371,0.2,False,1
C3_1,search,256,4,8,it0031,0.3949945569038391,0.2740603983402252,0.4444444444444444,False,3
C3_1,search,256,4,8,it0032,0.6602951884269714,0.5559186339378357,0.14814814814814814,False,2
C3_1,search,256,4,8,it0033,0.32502543926239014,0.2542646825313568,0.23076923076923078,False,2
C3_1,search,256,4,8,it0034,0.40757012367248535,0.3493123948574066,0.2,False,1
C3_1,search,256,4,8,it0035,0.2388763278722763,0.24932999908924103,0.23076923076923078,False,0
C3_1,search,256,4,8,it0036,0.5908747315406799,0.47203606367111206,0.2222222222222222,False,2
C3_1,search,256,4,8,it0037,0.5050387978553772,0.5715245604515076,0.4666666666666667,False,3
C3_1,search,256,4,8,it0038,0.4410950839519501,0.2509065568447113,0.10810810810810811,False,3
C3_1,search,256,4,8,it0039,0.4802547097206116,0.4600221514701843,0.14634146341463414,False,2
C3_1,search,256,4,8,it0040,0.31991899013519287,0.25246140360832214,0.4666666666666667,False,2
C3_1,search,256,4,8,it0041,0.6359913349151611,0.42946240305900574,0.13636363636363635,False,1
C3_1,search,256,4,8,it0042,0.39646512269973755,0.37993207573890686,0.3333333333333333,False,2
C3_1,search,256,4,8,it0043,0.3971794843673706,0.4162428379058838,0.07692307692307693,False,0
C3_1,search,256,4,8,it0044,0.6067005395889282,0.6088279485702515,0.16,False,1
C3_1,search,256,4,8,it0045,0.2045184224843979,0.372450053691864,0.26666666666666666,False,2
C3_1,search,256,4,8,it0046,0.25033921003341675,0.2323640137910843,0.125,False,1
C3_1,search,256,4,8,it0047,0.2954240143299103,0.42101138830184937,0.75,False,0
C3_1,search,256,4,8,it0048,0.5248748064041138,0.5102605223655701,0.4375,False,3
C3_1,search,256,4,8,it0049,0.4659647047519684,0.4547138214111328,0.09090909090909091,False,1
C3_1,search,256,4,8,it0050,0.2256571352481842,0.02096877619624138,0.36363636363636365,False,0
C3_1,search,256,4,8,it0051,0.2005535513162613,0.4224106967449188,0.3103448275862069,False,0
C3_1,search,256,4,8,it0052,0.3515682816505432,0.2782767415046692,0.06666666666666667,False,1
C3_1,search,256,4,8,it0053,0.31389981508255005,0.36656486988067627,0.6216216216216216,False,0
C3_1,search,256,4,8,it0054,0.2531064450740814,0.21732500195503235,0.4166666666666667,False,3
C3_1,search,256,4,8,it0055,0.49376916885375977,0.5073665976524353,0.2692307692307692,False,1
C3_1,search,256,4,8,it0056,0.3670932948589325,0.353149950504303,0.25,False,0
C3_1,search,256,4,8,it0057,0.5115935802459717,0.3492877185344696,0.5,False,2
C3_1,search,256,4,8,it0058,0.3742223381996155,0.3997230529785156,0.3333333333333333,False,2
C3_1,search,256,4,8,it0059,0.5502492189407349,0.5588002800941467,0.32142857142857145,False,3
C3_1,search,256,4,8,it0060,0.44258368015289307,0.37238872051239014,0.17647058823529413,False,1
C3_1,search,256,4,8,it0061,0.47718432545661926,0.5792908072471619,0.02857142857142857,False,3
C3_1,search,256,4,8,it0062,0.5231060981750488,0.6156923770904541,0.19047619047619047,False,3
C3_1,search,256,4,8,it0063,0.38869547843933105,0.40906357765197754,0.5172413793103449,False,2
C3_1,search,256,4,8,it0064,0.4131588935852051,0.427462100982666,0.16666666666666666,False,1
C3_1,search,256,4,8,it0065,0.6345033049583435,0.5979234576225281,0.3076923076923077,False,0
C3_1,search,256,4,8,it0066,0.3867954611778259,0.3700172007083893,0.5714285714285714,False,2
C3_1,search,256,4,8,it0067,0.3306378126144409,0.3387638032436371,0.2222222222222222,False,2
C3_1,search,256,4,8,it0068,0.6975727677345276,0.5791212320327759,0.1282051282051282,False,3
C3_1,search,256,4,8,it0069,0.34646540880203247,0.36212867498397827,0.36363636363636365,False,3
C3_1,search,256,4,8,it0070,0.4283789098262787,0.38236236572265625,0.3333333333333333,False,1
C3_1,search,256,4,8,it0071,0.5477562546730042,0.471245676279068,0.21428571428571427,False,3
C3_1,search,256,4,8,it0072,0.5270018577575684,0.4824686050415039,0.3181818181818182,False,0
C3_1,search,256,4,8,it0073,0.16474519670009613,0.25825852155685425,0.3793103448275862,False,0
C3_1,search,256,4,8,it0074,0.3391611874103546,0.2799440622329712,0.4666666666666667,False,3
C3_1,search,256,4,8,it0075,0.42424941062927246,0.3965361714363098,0.13043478260869565,False,0
C3_1,search,256,4,8,it0076,0.5462973117828369,0.24205678701400757,0.34782608695652173,False,1
C3_1,search,256,4,8,it0077,0.4452643394470215,0.4945440888404846,0.25,False,0
C3_1,search,256,4,8,it0078,0.28596872091293335,0.297559529542923,0.2857142857142857,False,3
C3_1,search,256,4,8,it0079,0.638652503490448,0.6079868674278259,0.0,False,1
C3_1,search,256,4,8,it0080,0.30149951577186584,0.22407615184783936,0.6341463414634146,False,2
C3_1,search,256,4,8,it0081,0.3968164026737213,0.31363722681999207,0.0,False,1
C3_1,search,256,4,8,it0082,0.45894309878349304,0.41608327627182007,0.058823529411764705,False,2
C3_1,search,256,4,8,it0083,0.5077069997787476,0.4158410429954529,0.14705882352941177,False,0
C3_1,search,256,4,8,it0084,0.6014602184295654,0.43612590432167053,0.044444444444444446,False,0
C3_1,search,256,4,8,it0085,0.6145304441452026,0.49365654587745667,0.07142857142857142,False,3
C3_1,search,256,4,8,it0086,0.6151258945465088,0.5401034951210022,0.4117647058823529,False,2
C3_1,search,256,4,8,it0087,0.4789220094680786,0.549278736114502,0.625,False,0
C3_1,search,256,4,8,it0088,0.49621978402137756,0.2859960198402405,0.14285714285714285,False,0
C3_1,search,256,4,8,it0089,0.5151512622833252,0.3539395332336426,0.0,False,2
C3_1,search,256,4,8,it0090,0.5652041435241699,0.5291016101837158,0.17647058823529413,False,1
C3_1,search,256,4,8,it0091,0.6185653209686279,0.5384724736213684,0.2903225806451613,False,3
C3_1,search,256,4,8,it0092,0.5084020495414734,0.41294071078300476,0.02857142857142857,False,0
C3_1,search,256,4,8,it0093,0.516499936580658,0.4302716851234436,0.21052631578947367,False,3
C3_1,search,256,4,8,it0094,0.3458724021911621,0.5135959982872009,0.07692307692307693,False,1
C3_1,search,256,4,8,it0095,0.36544403433799744,0.3830694258213043,0.5238095238095238,False,0
C3_1,search,256,4,8,it0096,0.5096038579940796,0.39522117376327515,0.7727272727272727,False,3
C3_1,search,256,4,8,it0097,0.6078137755393982,0.5966809988021851,0.1,False,2
C3_1,search,256,4,8,it0098,0.5235320925712585,0.45027831196784973,0.3333333333333333,False,1
C3_1,search,256,4,8,it0099,0.2580409049987793,0.22687433660030365,0.043478260869565216,False,0
C3_1,search,256,4,8,it0100,0.6248593926429749,0.529760479927063,0.15384615384615385,False,1
C3_1,search,256,4,8,it0101,0.22910095751285553,0.22654180228710175,0.18421052631578946,False,1
C3_1,search,256,4,8,it0102,0.2863507568836212,0.33326196670532227,0.07692307692307693,False,2
C3_1,search,256,4,8,it0103,0.3967677354812622,0.5227643251419067,0.22727272727272727,False,0
C3_1,search,256,4,8,it0104,0.5891938209533691,0.4728526771068573,0.041666666666666664,False,0
C3_1,search,256,4,8,it0105,0.3240453600883484,0.5553954839706421,0.2571428571428571,False,0
C3_1,search,256,4,8,it0106,0.38769859075546265,0.509678065776825,0.125,False,0
C3_1,search,256,4,8,it0107,0.5068548321723938,0.5136863589286804,0.0,False,1
C3_1,search,256,4,8,it0108,0.4814837574958801,0.41219016909599304,0.375,False,1
C3_1,search,256,4,8,it0109,0.4534364640712738,0.38666945695877075,0.2631578947368421,False,2
C3_1,search,256,4,8,it0110,0.22874753177165985,0.33162015676498413,0.3,False,0
C3_1,search,256,4,8,it0111,0.1982915997505188,0.10579953342676163,0.5757575757575758,False,0
C3_1,search,256,4,8,it0112,0.64313805103302,0.5436349511146545,0.06818181818181818,False,0
C3_1,search,256,4,8,it0113,0.49960482120513916,0.45712244510650635,0.1590909090909091,False,3
C3_1,search,256,4,8,it0114,0.4732206463813782,0.49304091930389404,0.5555555555555556,False,2
C3_1,search,256,4,8,it0115,0.41147691011428833,0.1864696443080902,0.14285714285714285,False,1
C3_1,search,256,4,8,it0116,0.5336682796478271,0.35666072368621826,0.23529411764705882,False,1
C3_1,search,256,4,8,it0117,0.43671250343322754,0.6008199453353882,0.029411764705882353,False,0
C3_1,search,256,4,8,it0118,0.6905514597892761,0.5811331272125244,0.21153846153846154,False,3
C3_1,search,256,4,8,it0119,0.4462306499481201,0.6428595185279846,0.5,False,3
C3_1,search,256,4,8,it0120,0.5791841149330139,0.5530421137809753,0.06666666666666667,False,3
C3_1,search,256,4,8,it0121,0.4545452892780304,0.4347938299179077,0.5,False,0
C3_1,search,256,4,8,it0122,0.10783855617046356,0.29495006799697876,0.5909090909090909,False,1
C3_1,search,256,4,8,it0123,0.3018357753753662,0.4939906895160675,0.11764705882352941,False,0
C3_1,search,256,4,8,it0124,0.5989735722541809,0.43410930037498474,0.3939393939393939,False,0
C3_1,search,256,4,8,it0125,0.5165108442306519,0.42936447262763977,0.38461538461538464,False,0
C3_1,search,256,4,8,it0126,0.40952152013778687,0.45368492603302,0.125,False,3
C3_1,search,256,4,8,it0127,0.3231467008590698,0.41320013999938965,0.058823529411764705,False,1
C3_1,search,256,4,8,it0128,0.3239271640777588,0.20939214527606964,0.05,False,1
C3_1,search,256,4,8,it0129,0.4422318637371063,0.27189069986343384,0.17647058823529413,False,0
C3_1,search,256,4,8,it0130,0.2845892310142517,0.4577374756336212,0.2,False,2
C3_1,search,256,4,8,it0131,0.34142470359802246,0.4664464294910431,0.06451612903225806,False,1
C3_1,search,256,4,8,it0132,0.3297951817512512,0.27396661043167114,0.21428571428571427,False,0
C3_1,search,256,4,8,it0133,0.5939476490020752,0.6002058386802673,0.10714285714285714,False,0
C3_1,search,256,4,8,it0134,0.3500255048274994,0.3892951011657715,0.07894736842105263,False,1
C3_1,search,256,4,8,it0135,0.41737115383148193,0.4413166046142578,0.23076923076923078,False,3
C3_1,search,256,4,8,it0136,0.41281455755233765,0.45196256041526794,0.25,False,2
C3_1,search,256,4,8,it0137,0.5052507519721985,0.4186936616897583,0.4166666666666667,False,1
C3_1,search,256,4,8,it0138,0.4682433307170868,0.6288303732872009,0.6111111111111112,False,0
C3_1,search,256,4,8,it0139,0.5924801826477051,0.4937703311443329,0.1111111111111111,False,3
C3_1,search,256,4,8,it0140,0.49432408809661865,0.39559122920036316,0.20833333333333334,False,0
C3_1,search,256,4,8,it0141,0.6347576975822449,0.6823282241821289,0.3,False,3
C3_1,search,256,4,8,it0142,0.2052808254957199,0.2571762204170227,0.32,False,2
C3_1,search,256,4,8,it0143,0.32835984230041504,0.3905191719532013,0.0625,False,2
C3_1,search,256,4,8,it0144,0.49529168009757996,0.37705132365226746,0.07142857142857142,False,1
C3_1,search,256,4,8,it0145,0.5031474232673645,0.560482919216156,0.0,False,3
C3_1,search,256,4,8,it0146,0.5883774161338806,0.4638442397117615,0.0,False,3
C3_1,search,256,4,8,it0147,0.5234860181808472,0.4551020860671997,0.0,False,2
C3_1,search,256,4,8,it0148,0.14084237813949585,0.23268331587314606,0.17857142857142858,False,1
C3_1,search,256,4,8,it0149,0.37730225920677185,0.47183680534362793,0.5714285714285714,False,2
C3_1,search,256,4,8,it0150,0.44023481011390686,0.4375608563423157,0.4230769230769231,False,1
C3_1,search,256,4,8,it0151,0.5956295728683472,0.4941299855709076,0.0,False,2
C3_1,search,256,4,8,it0152,0.5564336776733398,0.4496608078479767,0.058823529411764705,False,1
C3_1,search,256,4,8,it0153,0.34128040075302124,0.445845365524292,0.2619047619047619,False,3
C3_1,search,256,4,8,it0154,0.4222092628479004,0.3082423210144043,0.10526315789473684,False,3
C3_1,search,256,4,8,it0155,0.27684924006462097,0.30043208599090576,0.21428571428571427,False,3
C3_1,search,256,4,8,it0156,0.34235498309135437,0.23431161046028137,0.09523809523809523,False,2
C3_1,search,256,4,8,it0157,0.5934165120124817,0.4977441132068634,0.16279069767441862,False,0
C3_1,search,256,4,8,it0158,0.36222705245018005,0.3897945284843445,0.21052631578947367,False,0
C3_1,search,256,4,8,it0159,0.4684062898159027,0.37639203667640686,0.42857142857142855,False,0
C3_1,search,256,4,8,it0160,0.5518345236778259,0.4919959008693695,0.0967741935483871,False,2
C3_1,search,256,4,8,it0161,0.380796879529953,0.37389612197875977,0.10344827586206896,False,3
C3_1,search,256,4,8,it0162,0.12993063032627106,0.2942676544189453,0.25925925925925924,False,0
C3_1,search,256,4,8,it0163,0.49239063262939453,0.3735737204551697,0.23529411764705882,False,0
C3_1,search,256,4,8,it0164,0.48804688453674316,0.3161546289920807,0.2903225806451613,False,3
C3_1,search,256,4,8,it0165,0.4054553508758545,0.3758603036403656,0.06060606060606061,False,1
C3_1,search,256,4,8,it0166,0.4652438759803772,0.24718016386032104,0.25,False,3
C3_1,search,256,4,8,it0167,0.4400392174720764,0.5487076640129089,0.10526315789473684,False,2
C3_1,search,256,4,8,it0168,0.2252490520477295,0.24626733362674713,0.3,False,2
C3_1,search,256,4,8,it0169,0.45679986476898193,0.4186040163040161,0.2,False,3
C3_1,search,256,4,8,it0170,0.418729692697525,0.3785339593887329,0.23529411764705882,False,0
C3_1,search,256,4,8,it0171,0.6790828704833984,0.6011117696762085,0.5238095238095238,False,1
C3_1,search,256,4,8,it0172,0.32282981276512146,0.4302886128425598,0.08,False,0
C3_1,search,256,4,8,it0173,0.6552151441574097,0.6459318399429321,0.13333333333333333,False,3
C3_1,search,256,4,8,it0174,0.44633543491363525,0.39392971992492676,0.375,False,0
C3_1,search,256,4,8,it0175,0.13384835422039032,0.22267158329486847,0.06666666666666667,False,2
C3_1,search,256,4,8,it0176,0.22303499281406403,0.34057945013046265,0.3333333333333333,False,1
C3_1,search,256,4,8,it0177,0.42342138290405273,0.5233155488967896,0.10526315789473684,False,3
C3_1,search,256,4,8,it0178,0.3426368534564972,0.23995068669319153,0.5882352941176471,False,1
C3_1,search,256,4,8,it0179,0.6234501004219055,0.5828859806060791,0.3870967741935484,False,1
C3_1,search,256,4,8,it0180,0.4581837058067322,0.505086362361908,0.0,False,2
C3_1,search,256,4,8,it0181,0.5284520387649536,0.5024356245994568,0.14634146341463414,False,3
C3_1,search,256,4,8,it0182,0.5565156936645508,0.5254953503608704,0.08,False,1
C3_1,search,256,4,8,it0183,0.5660337209701538,0.5368638038635254,0.08,False,3
C3_1,search,256,4,8,it0184,0.2795323133468628,0.25682029128074646,0.2,False,1
C3_1,search,256,4,8,it0185,0.5120769739151001,0.5507660508155823,0.3548387096774194,False,3
C3_1,search,256,4,8,it0186,0.474470853805542,0.5301858186721802,0.041666666666666664,False,2
C3_1,search,256,4,8,it0187,0.37730491161346436,0.41335442662239075,0.4375,False,3
C3_1,search,256,4,8,it0188,0.5717204809188843,0.48831743001937866,0.5,False,2
C3_1,search,256,4,8,it0189,0.46778297424316406,0.4703223705291748,0.25,False,1
C3_1,search,256,4,8,it0190,0.5776224136352539,0.507367730140686,0.1875,False,1
C3_1,search,256,4,8,it0191,0.4875061810016632,0.2880144417285919,0.08,False,3
C3_1,search,256,4,8,it0192,0.6141521334648132,0.6249909996986389,0.3333333333333333,False,0
C3_1,search,256,4,8,it0193,0.4055832028388977,0.1988019347190857,0.4375,False,1
C3_1,search,256,4,8,it0194,0.6473330855369568,0.6319789886474609,0.09523809523809523,False,3
C3_1,search,256,4,8,it0195,0.6188392043113708,0.511581301689148,0.11538461538461539,False,0
C3_1,search,256,4,8,it0196,0.4529278576374054,0.38751423358917236,0.07142857142857142,False,0
C3_1,search,256,4,8,it0197,0.3232695460319519,0.3164306879043579,0.09090909090909091,False,2
C3_1,search,256,4,8,it0198,0.19984149932861328,0.09935709089040756,0.0,False,3
C3_1,search,256,4,8,it0199,0.3514494001865387,0.40896132588386536,0.058823529411764705,False,1
C3_1,search,512,8,8,it0000,0.47216060757637024,0.42155900597572327,0.1956521739130435,False,7
C3_1,search,512,8,8,it0001,0.40632104873657227,0.3166321814060211,0.5,False,0
C3_1,search,512,8,8,it0002,0.23747514188289642,0.3451937139034271,0.2,False,4
C3_1,search,512,8,8,it0003,0.4448358118534088,0.37591516971588135,0.13333333333333333,False,4
C3_1,search,512,8,8,it0004,0.4275640547275543,0.392730176448822,0.125,False,6
C3_1,search,512,8,8,it0005,0.49569451808929443,0.6028257012367249,0.1111111111111111,False,5
C3_1,search,512,8,8,it0006,0.31585535407066345,0.4266395568847656,0.3333333333333333,False,5
C3_1,search,512,8,8,it0007,0.3174337148666382,0.35073649883270264,0.4318181818181818,False,7
C3_1,search,512,8,8,it0008,0.39149564504623413,0.2213326394557953,0.38095238095238093,False,0
C3_1,search,512,8,8,it0009,0.5479912161827087,0.5907596349716187,0.037037037037037035,False,2
C3_1,search,512,8,8,it0010,0.6180564165115356,0.6158233880996704,0.2777777777777778,False,2
C3_1,search,512,8,8,it0011,0.46963754296302795,0.4778554141521454,0.13043478260869565,False,4
C3_1,search,512,8,8,it0012,0.41577792167663574,0.24463792145252228,0.6896551724137931,False,5
C3_1,search,512,8,8,it0013,0.49056702852249146,0.5607757568359375,0.1111111111111111,False,4
C3_1,search,512,8,8,it0014,0.43268463015556335,0.49597394466400146,0.13333333333333333,False,2
C3_1,search,512,8,8,it0015,0.523025631904602,0.5338783860206604,0.5294117647058824,False,2
C3_1,search,512,8,8,it0016,0.5778846740722656,0.5082040429115295,0.4411764705882353,False,5
C3_1,search,512,8,8,it0017,0.4475346803665161,0.3982519209384918,0.13333333333333333,False,0
C3_1,search,512,8,8,it0018,0.4596695303916931,0.46243521571159363,0.11764705882352941,False,1
C3_1,search,512,8,8,it0019,0.583594799041748,0.5581907629966736,0.45652173913043476,False,2
C3_1,search,512,8,8,it0020,0.3500262200832367,0.34651416540145874,0.23076923076923078,False,5
C3_1,search,512,8,8,it0021,0.4127594828605652,0.3730863332748413,0.18181818181818182,False,1
C3_1,search,512,8,8,it0022,0.44462525844573975,0.4832580089569092,0.675,False,7
C3_1,search,512,8,8,it0023,0.6502383351325989,0.5565688014030457,0.16666666666666666,False,6
C3_1,search,512,8,8,it0024,0.6586721539497375,0.5004588961601257,0.21428571428571427,False,5
C3_1,search,512,8,8,it0025,0.571726381778717,0.6144582629203796,0.3,False,3
C3_1,search,512,8,8,it0026,0.3392159342765808,0.347024530172348,0.0,False,7
C3_1,search,512,8,8,it0027,0.7217110395431519,0.6912544965744019,0.3125,False,0
C3_1,search,512,8,8,it0028,0.5039311051368713,0.5598340034484863,0.2619047619047619,False,0
C3_1,search,512,8,8,it0029,0.3790476620197296,0.4093749523162842,0.125,False,7
C3_1,search,512,8,8,it0030,0.6400007605552673,0.5252273082733154,0.08,False,7
C3_1,search,512,8,8,it0031,0.3949945569038391,0.2740603983402252,0.4444444444444444,False,3
C3_1,search,512,8,8,it0032,0.6602951884269714,0.5559186339378357,0.14814814814814814,False,2
C3_1,search,512,8,8,it0033,0.3463398814201355,0.3607095777988434,0.15384615384615385,False,5
C3_1,search,512,8,8,it0034,0.40757012367248535,0.3493123948574066,0.2,False,1
C3_1,search,512,8,8,it0035,0.2865622341632843,0.2532511353492737,0.3076923076923077,False,4
C3_1,search,512,8,8,it0036,0.5677667856216431,0.4819517731666565,0.2222222222222222,False,6
C3_1,search,512,8,8,it0037,0.5050387978553772,0.5715245604515076,0.4666666666666667,False,3
C3_1,search,512,8,8,it0038,0.4410950839519501,0.2509065568447113,0.10810810810810811,False,3
C3_1,search,512,8,8,it0039,0.4802547097206116,0.4600221514701843,0.14634146341463414,False,2
C3_1,search,512,8,8,it0040,0.3976297378540039,0.2923620939254761,0.2,False,7
C3_1,search,512,8,8,it0041,0.5841624140739441,0.510644793510437,0.09090909090909091,False,4
C3_1,search,512,8,8,it0042,0.4578477740287781,0.45320507884025574,0.3333333333333333,False,5
C3_1,search,512,8,8,it0043,0.3971794843673706,0.4162428379058838,0.07692307692307693,False,0
C3_1,search,512,8,8,it0044,0.6067005395889282,0.6088279485702515,0.16,False,1
C3_1,search,512,8,8,it0045,0.25252237915992737,0.3918253183364868,0.13333333333333333,False,7
C3_1,search,512,8,8,it0046,0.3759327530860901,0.35781538486480713,0.125,False,7
C3_1,search,512,8,8,it0047,0.2954240143299103,0.42101138830184937,0.75,False,0
C3_1,search,512,8,8,it0048,0.5248748064041138,0.5102605223655701,0.4375,False,3
C3_1,search,512,8,8,it0049,0.29005637764930725,0.4820573329925537,0.18181818181818182,False,4
C3_1,search,512,8,8,it0050,0.22102981805801392,0.09124642610549927,0.45454545454545453,False,5
C3_1,search,512,8,8,it0051,0.2560601234436035,0.4968249201774597,0.13793103448275862,False,7
C3_1,search,512,8,8,it0052,0.3577783405780792,0.3775492012500763,0.3333333333333333,False,7
C3_1,search,512,8,8,it0053,0.31389981508255005,0.36656486988067627,0.6216216216216216,False,0
C3_1,search,512,8,8,it0054,0.2531064450740814,0.21732500195503235,0.4166666666666667,False,3
C3_1,search,512,8,8,it0055,0.5170392990112305,0.5262423157691956,0.3076923076923077,False,6
C3_1,search,512,8,8,it0056,0.41656333208084106,0.3871390223503113,0.45,False,7
C3_1,search,512,8,8,it0057,0.5893875360488892,0.417031466960907,0.17647058823529413,False,4
C3_1,search,512,8,8,it0058,0.3742223381996155,0.3997230529785156,0.3333333333333333,False,2
C3_1,search,512,8,8,it0059,0.5502492189407349,0.5588002800941467,0.32142857142857145,False,3
C3_1,search,512,8,8,it0060,0.44258368015289307,0.37238872051239014,0.17647058823529413,False,1
C3_1,search,512,8,8,it0061,0.5329592823982239,0.614031970500946,0.11428571428571428,False,7
C3_1,search,512,8,8,it0062,0.5231060981750488,0.6156923770904541,0.19047619047619047,False,3
C3_1,search,512,8,8,it0063,0.4188094437122345,0.4454561471939087,0.41379310344827586,False,4
C3_1,search,512,8,8,it0064,0.2947433292865753,0.43741893768310547,0.05555555555555555,False,6
C3_1,search,512,8,8,it0065,0.6218490600585938,0.629956841468811,0.3076923076923077,False,6
C3_1,search,512,8,8,it0066,0.3867954611778259,0.3700172007083893,0.5714285714285714,False,2
C3_1,search,512,8,8,it0067,0.3306378126144409,0.3387638032436371,0.2222222222222222,False,2
C3_1,search,512,8,8,it0068,0.6982194781303406,0.5870020389556885,0.0,False,4
C3_1,search,512,8,8,it0069,0.37313926219940186,0.3906302750110626,0.22727272727272727,False,4
C3_1,search,512,8,8,it0070,0.4283789098262787,0.38236236572265625,0.3333333333333333,False,1
C3_1,search,512,8,8,it0071,0.5615988373756409,0.5434296727180481,0.21428571428571427,False,6
C3_1,search,512,8,8,it0072,0.43794453144073486,0.511613667011261,0.18181818181818182,False,7
C3_1,search,512,8,8,it0073,0.1282569020986557,0.3774520754814148,0.3793103448275862,False,6
C3_1,search,512,8,8,it0074,0.26910579204559326,0.2854376435279846,0.4,False,7
C3_1,search,512,8,8,it0075,0.42424941062927246,0.3965361714363098,0.13043478260869565,False,0
C3_1,search,512,8,8,it0076,0.561575174331665,0.3460896909236908,0.30434782608695654,False,6
C3_1,search,512,8,8,it0077,0.4825320839881897,0.619350016117096,0.5,False,6
C3_1,search,512,8,8,it0078,0.39615368843078613,0.46487846970558167,0.14285714285714285,False,7
C3_1,search,512,8,8,it0079,0.638652503490448,0.6079868674278259,0.0,False,1
C3_1,search,512,8,8,it0080,0.40504229068756104,0.25735148787498474,0.4634146341463415,False,6
C3_1,search,512,8,8,it0081,0.3702871799468994,0.363325834274292,0.0,False,4
C3_1,search,512,8,8,it0082,0.506212592124939,0.4297405183315277,0.35294117647058826,False,7
C3_1,search,512,8,8,it0083,0.5077069997787476,0.4158410429954529,0.14705882352941177,False,0
C3_1,search,512,8,8,it0084,0.6144541501998901,0.46974918246269226,0.2,False,4
C3_1,search,512,8,8,it0085,0.6145304441452026,0.49365654587745667,0.07142857142857142,False,3
C3_1,search,512,8,8,it0086,0.6151258945465088,0.5401034951210022,0.4117647058823529,False,2
C3_1,search,512,8,8,it0087,0.4688189923763275,0.5921252369880676,0.1875,False,6
C3_1,search,512,8,8,it0088,0.41773998737335205,0.34062203764915466,0.14285714285714285,False,6
C3_1,search,512,8,8,it0089,0.5151512622833252,0.3539395332336426,0.0,False,2
C3_1,search,512,8,8,it0090,0.6894299983978271,0.5503681898117065,0.0,False,6
C3_1,search,512,8,8,it0091,0.5529072284698486,0.5621215105056763,0.2903225806451613,False,7
C3_1,search,512,8,8,it0092,0.5776005387306213,0.46778494119644165,0.05714285714285714,False,4
C3_1,search,512,8,8,it0093,0.516499936580658,0.4302716851234436,0.21052631578947367,False,3
C3_1,search,512,8,8,it0094,0.3458724021911621,0.5135959982872009,0.07692307692307693,False,1
C3_1,search,512,8,8,it0095,0.4145701825618744,0.42397743463516235,0.047619047619047616,False,5
C3_1,search,512,8,8,it0096,0.5096038579940796,0.39522117376327515,0.7727272727272727,False,3
C3_1,search,512,8,8,it0097,0.6283190846443176,0.6327099204063416,0.25,False,4
C3_1,search,512,8,8,it0098,0.5235320925712585,0.45027831196784973,0.3333333333333333,False,1
C3_1,search,512,8,8,it0099,0.2580409049987793,0.22687433660030365,0.043478260869565216,False,0
C3_1,search,512,8,8,it0100,0.5570730566978455,0.6043340563774109,0.0,False,4
C3_1,search,512,8,8,it0101,0.12715624272823334,0.2751019299030304,0.23684210526315788,False,4
C3_1,search,512,8,8,it0102,0.40295591950416565,0.4309999346733093,0.07692307692307693,False,7
C3_1,search,512,8,8,it0103,0.3967677354812622,0.5227643251419067,0.22727272727272727,False,0
C3_1,search,512,8,8,it0104,0.5891938209533691,0.4728526771068573,0.041666666666666664,False,0
C3_1,search,512,8,8,it0105,0.38851404190063477,0.5805106163024902,0.2571428571428571,False,6
C3_1,search,512,8,8,it0106,0.38769859075546265,0.509678065776825,0.125,False,0
C3_1,search,512,8,8,it0107,0.5068548321723938,0.5136863589286804,0.0,False,1
C3_1,search,512,8,8,it0108,0.5175361633300781,0.49195510149002075,0.25,False,5
C3_1,search,512,8,8,it0109,0.4534364640712738,0.38666945695877075,0.2631578947368421,False,2
C3_1,search,512,8,8,it0110,0.1557355374097824,0.3928089737892151,0.3333333333333333,False,4
C3_1,search,512,8,8,it0111,0.3518303632736206,0.19239023327827454,0.5454545454545454,False,4
C3_1,search,512,8,8,it0112,0.6825054883956909,0.6008351445198059,0.22727272727272727,False,7
C3_1,search,512,8,8,it0113,0.49960482120513916,0.45712244510650635,0.1590909090909091,False,3
C3_1,search,512,8,8,it0114,0.4732206463813782,0.49304091930389404,0.5555555555555556,False,2
C3_1,search,512,8,8,it0115,0.38673579692840576,0.25932130217552185,0.0,False,7
C3_1,search,512,8,8,it0116,0.5336682796478271,0.35666072368621826,0.23529411764705882,False,1
C3_1,search,512,8,8,it0117,0.43671250343322754,0.6008199453353882,0.029411764705882353,False,0
C3_1,search,512,8,8,it0118,0.6905514597892761,0.5811331272125244,0.21153846153846154,False,3
C3_1,search,512,8,8,it0119,0.5814918279647827,0.699596643447876,0.5,False,5
C3_1,search,512,8,8,it0120,0.5791841149330139,0.5530421137809753,0.06666666666666667,False,3
C3_1,search,512,8,8,it0121,0.49248743057250977,0.4554184377193451,0.45,False,7
C3_1,search,512,8,8,it0122,0.10783855617046356,0.29495006799697876,0.5909090909090909,False,1
C3_1,search,512,8,8,it0123,0.3018357753753662,0.4939906895160675,0.11764705882352941,False,0
C3_1,search,512,8,8,it0124,0.5841288566589355,0.4438840448856354,0.24242424242424243,False,7
C3_1,search,512,8,8,it0125,0.5165108442306519,0.42936447262763977,0.38461538461538464,False,0
C3_1,search,512,8,8,it0126,0.40952152013778687,0.45368492603302,0.125,False,3
C3_1,search,512,8,8,it0127,0.3231467008590698,0.41320013999938965,0.058823529411764705,False,1
C3_1,search,512,8,8,it0128,0.28685450553894043,0.2867046296596527,0.3,False,7
C3_1,search,512,8,8,it0129,0.4422318637371063,0.27189069986343384,0.17647058823529413,False,0
C3_1,search,512,8,8,it0130,0.2845892310142517,0.4577374756336212,0.2,False,2
C3_1,search,512,8,8,it0131,0.4322267770767212,0.5045607686042786,0.41935483870967744,False,4
C3_1,search,512,8,8,it0132,0.3297951817512512,0.27396661043167114,0.21428571428571427,False,0
C3_1,search,512,8,8,it0133,0.5939476490020752,0.6002058386802673,0.10714285714285714,False,0
C3_1,search,512,8,8,it0134,0.3500255048274994,0.3892951011657715,0.07894736842105263,False,1
C3_1,search,512,8,8,it0135,0.41737115383148193,0.4413166046142578,0.23076923076923078,False,3
C3_1,search,512,8,8,it0136,0.41281455755233765,0.45196256041526794,0.25,False,2
C3_1,search,512,8,8,it0137,0.5052507519721985,0.4186936616897583,0.4166666666666667,False,1
C3_1,search,512,8,8,it0138,0.5455672740936279,0.6459961533546448,0.3888888888888889,False,7
C3_1,search,512,8,8,it0139,0.5924801826477051,0.4937703311443329,0.1111111111111111,False,3
C3_1,search,512,8,8,it0140,0.4122539460659027,0.41096043586730957,0.20833333333333334,False,6
C3_1,search,512,8,8,it0141,0.5805511474609375,0.6900297403335571,0.16666666666666666,False,5
C3_1,search,512,8,8,it0142,0.2052808254957199,0.2571762204170227,0.32,False,2
C3_1,search,512,8,8,it0143,0.3308210074901581,0.5291517376899719,0.0,False,5
C3_1,search,512,8,8,it0144,0.49529168009757996,0.37705132365226746,0.07142857142857142,False,1
C3_1,search,512,8,8,it0145,0.5322751998901367,0.6029072999954224,0.225,False,5
C3_1,search,512,8,8,it0146,0.5114248394966125,0.47681307792663574,0.15,False,4
C3_1,search,512,8,8,it0147,0.5234860181808472,0.4551020860671997,0.0,False,2
C3_1,search,512,8,8,it0148,0.14084237813949585,0.23268331587314606,0.17857142857142858,False,1
C3_1,search,512,8,8,it0149,0.37730225920677185,0.47183680534362793,0.5714285714285714,False,2
C3_1,search,512,8,8,it0150,0.44023481011390686,0.4375608563423157,0.4230769230769231,False,1
C3_1,search,512,8,8,it0151,0.6699284911155701,0.526777982711792,0.058823529411764705,False,7
C3_1,search,512,8,8,it0152,0.5077972412109375,0.5147565007209778,0.0,False,4
C3_1,search,512,8,8,it0153,0.34128040075302124,0.445845365524292,0.2619047619047619,False,3
C3_1,search,512,8,8,it0154,0.4222092628479004,0.3082423210144043,0.10526315789473684,False,3
C3_1,search,512,8,8,it0155,0.27684924006462097,0.30043208599090576,0.21428571428571427,False,3
C3_1,search,512,8,8,it0156,0.27707910537719727,0.3120262622833252,0.23809523809523808,False,7
C3_1,search,512,8,8,it0157,0.5961459875106812,0.5454076528549194,0.2558139534883721,False,5
C3_1,search,512,8,8,it0158,0.36222705245018005,0.3897945284843445,0.21052631578947367,False,0
C3_1,search,512,8,8,it0159,0.4684062898159027,0.37639203667640686,0.42857142857142855,False,0
C3_1,search,512,8,8,it0160,0.607622504234314,0.5030470490455627,0.16129032258064516,False,7
C3_1,search,512,8,8,it0161,0.380796879529953,0.37389612197875977,0.10344827586206896,False,3
C3_1,search,512,8,8,it0162,0.11609116196632385,0.30154818296432495,0.3333333333333333,False,6
C3_1,search,512,8,8,it0163,0.5096225142478943,0.42448824644088745,0.11764705882352941,False,6
C3_1,search,512,8,8,it0164,0.43398317694664,0.35618191957473755,0.16129032258064516,False,7
C3_1,search,512,8,8,it0165,0.5202207565307617,0.40027546882629395,0.15151515151515152,False,4
C3_1,search,512,8,8,it0166,0.5161067843437195,0.3888518214225769,0.5833333333333334,False,6
C3_1,search,512,8,8,it0167,0.4400392174720764,0.5487076640129089,0.10526315789473684,False,2
C3_1,search,512,8,8,it0168,0.2877172529697418,0.28947001695632935,0.1,False,7
C3_1,search,512,8,8,it0169,0.45679986476898193,0.4186040163040161,0.2,False,3
C3_1,search,512,8,8,it0170,0.418729692697525,0.3785339593887329,0.23529411764705882,False,0
C3_1,search,512,8,8,it0171,0.7187779545783997,0.6673004627227783,0.09523809523809523,False,4
C3_1,search,512,8,8,it0172,0.32282981276512146,0.4302886128425598,0.08,False,0
C3_1,search,512,8,8,it0173,0.6552151441574097,0.6459318399429321,0.13333333333333333,False,3
C3_1,search,512,8,8,it0174,0.4873392879962921,0.48042425513267517,0.4375,False,5
C3_1,search,512,8,8,it0175,0.13384835422039032,0.22267158329486847,0.06666666666666667,False,2
C3_1,search,512,8,8,it0176,0.5234336256980896,0.3892931044101715,0.2222222222222222,False,5
C3_1,search,512,8,8,it0177,0.42342138290405273,0.5233155488967896,0.10526315789473684,False,3
C3_1,search,512,8,8,it0178,0.46642452478408813,0.30075502395629883,0.9411764705882353,False,7
C3_1,search,512,8,8,it0179,0.6585049629211426,0.6536940932273865,0.1935483870967742,False,4
C3_1,search,512,8,8,it0180,0.516917884349823,0.6090050935745239,0.0,False,4
C3_1,search,512,8,8,it0181,0.524626612663269,0.5161923170089722,0.07317073170731707,False,4
C3_1,search,512,8,8,it0182,0.5565156936645508,0.5254953503608704,0.08,False,1
C3_1,search,512,8,8,it0183,0.5660337209701538,0.5368638038635254,0.08,False,3
C3_1,search,512,8,8,it0184,0.27008095383644104,0.2896747887134552,0.4666666666666667,False,5
C3_1,search,512,8,8,it0185,0.5120769739151001,0.5507660508155823,0.3548387096774194,False,3
C3_1,search,512,8,8,it0186,0.474470853805542,0.5301858186721802,0.041666666666666664,False,2
C3_1,search,512,8,8,it0187,0.46934208273887634,0.4760229289531708,0.125,False,6
C3_1,search,512,8,8,it0188,0.5792860984802246,0.4964039921760559,0.1111111111111111,False,6
C3_1,search,512,8,8,it0189,0.46778297424316406,0.4703223705291748,0.25,False,1
C3_1,search,512,8,8,it0190,0.5776224136352539,0.507367730140686,0.1875,False,1
C3_1,search,512,8,8,it0191,0.4875061810016632,0.2880144417285919,0.08,False,3
C3_1,search,512,8,8,it0192,0.5233147740364075,0.6522488594055176,0.5555555555555556,False,6
C3_1,search,512,8,8,it0193,0.5344459414482117,0.27358412742614746,0.1875,False,7
C3_1,search,512,8,8,it0194,0.6473330855369568,0.6319789886474609,0.09523809523809523,False,3
C3_1,search,512,8,8,it0195,0.6188392043113708,0.511581301689148,0.11538461538461539,False,0
C3_1,search,512,8,8,it0196,0.48295846581459045,0.3946669101715088,0.42857142857142855,False,5
C3_1,search,512,8,8,it0197,0.41363754868507385,0.38337257504463196,0.2727272727272727,False,6
C3_1,search,512,8,8,it0198,0.1734515130519867,0.12698952853679657,0.0625,False,7
C3_1,search,512,8,8,it0199,0.4031248092651367,0.49549126625061035,0.11764705882352941,False,5
C3_1,refine,128,1,16,it0000,0.37747952342033386,0.3335629105567932,0.21739130434782608,False,0
C3_1,refine,128,1,16,it0001,0.3583051860332489,0.19915547966957092,0.3888888888888889,False,0
C3_1,refine,128,1,16,it0002,0.19810937345027924,0.1896771788597107,0.3333333333333333,False,0
C3_1,refine,128,1,16,it0003,0.4392872452735901,0.30852481722831726,0.4,False,0
C3_1,refine,128,1,16,it0004,0.49551963806152344,0.2601017653942108,0.125,False,0
C3_1,refine,128,1,16,it0005,0.40082240104675293,0.32469722628593445,0.07407407407407407,False,0
C3_1,refine,128,1,16,it0006,0.33003681898117065,0.3966534435749054,0.2222222222222222,False,0
C3_1,refine,128,1,16,it0007,0.36042076349258423,0.36446183919906616,0.13636363636363635,False,0
C3_1,refine,128,1,16,it0008,0.37283095717430115,0.12557074427604675,0.47619047619047616,False,0
C3_1,refine,128,1,16,it0009,0.5993571281433105,0.5368459820747375,0.1111111111111111,False,0
C3_1,refine,128,1,16,it0010,0.6123543381690979,0.6243361234664917,0.2222222222222222,False,0
C3_1,refine,128,1,16,it0011,0.5280033349990845,0.4990178644657135,0.0,False,0
C3_1,refine,128,1,16,it0012,0.3718462288379669,0.3265979290008545,0.6206896551724138,False,0
C3_1,refine,128,1,16,it0013,0.5781149864196777,0.5976712703704834,0.0,False,0
C3_1,refine,128,1,16,it0014,0.44951343536376953,0.36120525002479553,0.06666666666666667,False,0
C3_1,refine,128,1,16,it0015,0.40181851387023926,0.5891740322113037,0.17647058823529413,False,0
C3_1,refine,128,1,16,it0016,0.6568020582199097,0.36647287011146545,0.029411764705882353,False,0
C3_1,refine,128,1,16,it0017,0.5456885099411011,0.3907606601715088,0.06666666666666667,False,0
C3_1,refine,128,1,16,it0018,0.38834500312805176,0.2459917664527893,0.11764705882352941,False,0
C3_1,refine,128,1,16,it0019,0.6155310273170471,0.5290773510932922,0.32608695652173914,False,0
C3_1,refine,128,1,16,it0020,0.36869382858276367,0.3302671015262604,0.38461538461538464,False,0
C3_1,refine,128,1,16,it0021,0.3554333746433258,0.3313812017440796,0.09090909090909091,False,0
C3_1,refine,128,1,16,it0022,0.5236107707023621,0.49496516585350037,0.375,False,0
C3_1,refine,128,1,16,it0023,0.5785840749740601,0.5397031307220459,0.3888888888888889,False,0
C3_1,refine,128,1,16,it0024,0.43385136127471924,0.43862566351890564,0.2857142857142857,False,0
C3_1,refine,128,1,16,it0025,0.6411034464836121,0.5617517232894897,0.25,False,0
C3_1,refine,128,1,16,it0026,0.337250292301178,0.29953059554100037,0.0625,False,0
C3_1,refine,128,1,16,it0027,0.7213917970657349,0.5843455195426941,0.25,False,0
C3_1,refine,128,1,16,it0028,0.4534018337726593,0.5364304780960083,0.42857142857142855,False,0
C3_1,refine,128,1,16,it0029,0.14141716063022614,0.31888261437416077,0.0625,False,0
C3_1,refine,128,1,16,it0030,0.6547499895095825,0.514808177947998,0.0,False,0
C3_1,refine,128,1,16,it0031,0.28620702028274536,0.21406066417694092,0.2222222222222222,False,0
C3_1,refine,128,1,16,it0032,0.6048803925514221,0.583927571773529,0.2962962962962963,False,0
C3_1,refine,128,1,16,it0033,0.391327828168869,0.24964651465415955,0.15384615384615385,False,0
C3_1,refine,128,1,16,it0034,0.3615405857563019,0.21978314220905304,0.1,False,0
C3_1,refine,128,1,16,it0035,0.31773895025253296,0.11854267120361328,0.5384615384615384,False,0
C3_1,refine,128,1,16,it0036,0.6213355660438538,0.4460379183292389,0.4444444444444444,False,0
C3_1,refine,128,1,16,it0037,0.6802902817726135,0.5469701290130615,0.3333333333333333,False,0
C3_1,refine,128,1,16,it0038,0.36358532309532166,0.2759813964366913,0.21621621621621623,False,0
C3_1,refine,128,1,16,it0039,0.49305182695388794,0.45279744267463684,0.07317073170731707,False,0
C3_1,refine,128,1,16,it0040,0.34831613302230835,0.21311897039413452,0.26666666666666666,False,0
C3_1,refine,128,1,16,it0041,0.5731169581413269,0.2564657926559448,0.09090909090909091,False,0
C3_1,refine,128,1,16,it0042,0.446435809135437,0.3615958094596863,0.37037037037037035,False,0
C3_1,refine,128,1,16,it0043,0.36526039242744446,0.2227020114660263,0.07692307692307693,False,0
C3_1,refine,128,1,16,it0044,0.4836992621421814,0.48599573969841003,0.32,False,0
C3_1,refine,128,1,16,it0045,0.27698811888694763,0.5131759643554688,0.13333333333333333,False,0
C3_1,refine,128,1,16,it0046,0.2885322570800781,0.22348332405090332,0.125,False,0
C3_1,refine,128,1,16,it0047,0.40967369079589844,0.18738752603530884,0.6,False,0
C3_1,refine,128,1,16,it0048,0.49250081181526184,0.42569369077682495,0.1875,False,0
C3_1,refine,128,1,16,it0049,0.42255058884620667,0.47544893622398376,0.045454545454545456,False,0
C3_1,refine,128,1,16,it0050,0.15293017029762268,-0.09118550270795822,0.36363636363636365,False,0
C3_1,refine,128,1,16,it0051,0.14447976648807526,0.40879327058792114,0.13793103448275862,False,0
C3_1,refine,128,1,16,it0052,0.058473847806453705,0.119835764169693,0.0,False,0
C3_1,refine,128,1,16,it0053,0.2556789815425873,0.31481701135635376,0.2702702702702703,False,0
C3_1,refine,128,1,16,it0054,0.3982178568840027,0.09776359796524048,0.375,False,0
C3_1,refine,128,1,16,it0055,0.5721064209938049,0.5321319103240967,0.38461538461538464,False,0
C3_1,refine,128,1,16,it0056,0.26598265767097473,0.17491726577281952,0.3,False,0
C3_1,refine,128,1,16,it0057,0.49469101428985596,0.3851960003376007,0.38235294117647056,False,0
C3_1,refine,128,1,16,it0058,0.30089348554611206,0.3495147228240967,0.3333333333333333,False,0
C3_1,refine,128,1,16,it0059,0.5886262655258179,0.49768322706222534,0.25,False,0
C3_1,refine,128,1,16,it0060,0.4196295142173767,0.33321037888526917,0.058823529411764705,False,0
C3_1,refine,128,1,16,it0061,0.4729127287864685,0.5752817392349243,0.05714285714285714,False,0
C3_1,refine,128,1,16,it0062,0.5227128863334656,0.5150100588798523,0.14285714285714285,False,0
C3_1,refine,128,1,16,it0063,0.5154847502708435,0.3017720878124237,0.2413793103448276,False,0
C3_1,refine,128,1,16,it0064,0.14785411953926086,0.33409810066223145,0.16666666666666666,False,0
C3_1,refine,128,1,16,it0065,0.5529924631118774,0.42840975522994995,0.1282051282051282,False,0
C3_1,refine,128,1,16,it0066,0.2505156099796295,0.292905330657959,0.19047619047619047,False,0
C3_1,refine,128,1,16,it0067,0.34826600551605225,0.2723078429698944,0.2777777777777778,False,0
C3_1,refine,128,1,16,it0068,0.7039794921875,0.6374533772468567,0.0,False,0
C3_1,refine,128,1,16,it0069,0.2473490685224533,0.2037852704524994,0.18181818181818182,False,0
C3_1,refine,128,1,16,it0070,0.44314640760421753,0.3932437300682068,0.4666666666666667,False,0
C3_1,refine,128,1,16,it0071,0.48181581497192383,0.4450633227825165,0.25,False,0
C3_1,refine,128,1,16,it0072,0.48711222410202026,0.48000121116638184,0.09090909090909091,False,0
C3_1,refine,128,1,16,it0073,0.1810925304889679,0.13271775841712952,0.41379310344827586,False,0
C3_1,refine,128,1,16,it0074,0.2157653421163559,0.21252942085266113,0.5333333333333333,False,0
C3_1,refine,128,1,16,it0075,0.4306960701942444,0.28823909163475037,0.0,False,0
C3_1,refine,128,1,16,it0076,0.41232872009277344,0.11057117581367493,0.43478260869565216,False,0
C3_1,refine,128,1,16,it0077,0.3344948887825012,0.16580164432525635,0.3333333333333333,False,0
C3_1,refine,128,1,16,it0078,0.3350923955440521,0.24132397770881653,0.2857142857142857,False,0
C3_1,refine,128,1,16,it0079,0.6611477732658386,0.5541763305664062,0.08333333333333333,False,0
C3_1,refine,128,1,16,it0080,0.41186946630477905,0.18655994534492493,0.5121951219512195,False,0
C3_1,refine,128,1,16,it0081,0.3189789354801178,0.31485432386398315,0.10714285714285714,False,0
C3_1,refine,128,1,16,it0082,0.5185292959213257,0.44561541080474854,0.058823529411764705,False,0
C3_1,refine,128,1,16,it0083,0.5079299807548523,0.40125739574432373,0.08823529411764706,False,0
C3_1,refine,128,1,16,it0084,0.6501160264015198,0.5161758065223694,0.06666666666666667,False,0
C3_1,refine,128,1,16,it0085,0.45928943157196045,0.39472922682762146,0.14285714285714285,False,0
C3_1,refine,128,1,16,it0086,0.580949604511261,0.5689350366592407,0.23529411764705882,False,0
C3_1,refine,128,1,16,it0087,0.5006577968597412,0.4430961012840271,0.5,False,0
C3_1,refine,128,1,16,it0088,0.37233999371528625,0.3413737714290619,0.09523809523809523,False,0
C3_1,refine,128,1,16,it0089,0.40487563610076904,0.23616783320903778,0.0,False,0
C3_1,refine,128,1,16,it0090,0.5987891554832458,0.47415611147880554,0.0,False,0
C3_1,refine,128,1,16,it0091,0.5624077320098877,0.4854721426963806,0.1935483870967742,False,0
C3_1,refine,128,1,16,it0092,0.4469902515411377,0.40149742364883423,0.11428571428571428,False,0
C3_1,refine,128,1,16,it0093,0.49503910541534424,0.37506258487701416,0.15789473684210525,False,0
C3_1,refine,128,1,16,it0094,0.4107268452644348,0.432498037815094,0.0,False,0
C3_1,refine,128,1,16,it0095,0.3278134763240814,0.43613719940185547,0.6190476190476191,False,0
C3_1,refine,128,1,16,it0096,0.4036937355995178,0.3587397038936615,0.4090909090909091,False,0
C3_1,refine,128,1,16,it0097,0.6355689764022827,0.6573494672775269,0.0,False,0
C3_1,refine,128,1,16,it0098,0.45300036668777466,0.3755810856819153,0.18518518518518517,False,0
C3_1,refine,128,1,16,it0099,0.20039552450180054,0.13118112087249756,0.13043478260869565,False,0
C3_1,refine,128,1,16,it0100,0.6114345192909241,0.5209605693817139,0.23076923076923078,False,0
C3_1,refine,128,1,16,it0101,0.21009157598018646,0.24052998423576355,0.13157894736842105,False,0
C3_1,refine,128,1,16,it0102,0.34430959820747375,0.36600828170776367,0.07692307692307693,False,0
C3_1,refine,128,1,16,it0103,0.27964138984680176,0.4500751197338104,0.22727272727272727,False,0
C3_1,refine,128,1,16,it0104,0.6320239305496216,0.4750519096851349,0.16666666666666666,False,0
C3_1,refine,128,1,16,it0105,0.389389306306839,0.5148642659187317,0.37142857142857144,False,0
C3_1,refine,128,1,16,it0106,0.4151528477668762,0.39527925848960876,0.20833333333333334,False,0
C3_1,refine,128,1,16,it0107,0.6131668090820312,0.4992993474006653,0.08695652173913043,False,0
C3_1,refine,128,1,16,it0108,0.5422294735908508,0.39539605379104614,0.125,False,0
C3_1,refine,128,1,16,it0109,0.40375521779060364,0.3823537230491638,0.15789473684210525,False,0
C3_1,refine,128,1,16,it0110,0.2559854984283447,0.14799906313419342,0.13333333333333333,False,0
C3_1,refine,128,1,16,it0111,0.10483941435813904,0.08427201211452484,0.30303030303030304,False,0
C3_1,refine,128,1,16,it0112,0.6486036777496338,0.5643784999847412,0.06818181818181818,False,0
C3_1,refine,128,1,16,it0113,0.5939391851425171,0.4263174533843994,0.13636363636363635,False,0
C3_1,refine,128,1,16,it0114,0.4053180515766144,0.2843169569969177,0.3333333333333333,False,0
C3_1,refine,128,1,16,it0115,0.3941231667995453,0.1846601516008377,0.0,False,0
C3_1,refine,128,1,16,it0116,0.5625125169754028,0.30783072113990784,0.29411764705882354,False,0
C3_1,refine,128,1,16,it0117,0.4917859435081482,0.5969930291175842,0.029411764705882353,False,0
C3_1,refine,128,1,16,it0118,0.5362788438796997,0.48558300733566284,0.15384615384615385,False,0
C3_1,refine,128,1,16,it0119,0.5742239952087402,0.6575050354003906,0.7857142857142857,False,0
C3_1,refine,128,1,16,it0120,0.6080735325813293,0.5132730007171631,0.06666666666666667,False,0
C3_1,refine,128,1,16,it0121,0.3993842303752899,0.43652695417404175,0.25,False,0
C3_1,refine,128,1,16,it0122,0.28222429752349854,0.4198629558086395,0.36363636363636365,False,0
C3_1,refine,128,1,16,it0123,0.37076690793037415,0.5147698521614075,0.11764705882352941,False,0
C3_1,refine,128,1,16,it0124,0.5453035831451416,0.3425162434577942,0.45454545454545453,False,0
C3_1,refine,128,1,16,it0125,0.5097723603248596,0.3449605107307434,0.15384615384615385,False,0
C3_1,refine,128,1,16,it0126,0.46188995242118835,0.40208110213279724,0.125,False,0
C3_1,refine,128,1,16,it0127,0.20039093494415283,0.2276981920003891,0.17647058823529413,False,0
C3_1,refine,128,1,16,it0128,0.2931887209415436,0.18976525962352753,0.1,False,0
C3_1,refine,128,1,16,it0129,0.304273784160614,0.27375730872154236,0.058823529411764705,False,0
C3_1,refine,128,1,16,it0130,0.2537193298339844,0.3491913080215454,0.1,False,0
C3_1,refine,128,1,16,it0131,0.2549915015697479,0.3275544345378876,0.0967741935483871,False,0
C3_1,refine,128,1,16,it0132,0.359148234128952,0.218883216381073,0.07142857142857142,False,0
C3_1,refine,128,1,16,it0133,0.4912203848361969,0.5047681331634521,0.07142857142857142,False,0
C3_1,refine,128,1,16,it0134,0.428343802690506,0.4093661904335022,0.0,False,0
C3_1,refine,128,1,16,it0135,0.31572484970092773,0.2991328537464142,0.1794871794871795,False,0
C3_1,refine,128,1,16,it0136,0.4385095536708832,0.42537403106689453,0.0,False,0
C3_1,refine,128,1,16,it0137,0.4039645791053772,0.39564022421836853,0.5,False,0
C3_1,refine,128,1,16,it0138,0.5986140370368958,0.566805899143219,0.2777777777777778,False,0
C3_1,refine,128,1,16,it0139,0.6062566041946411,0.5320422053337097,0.16666666666666666,False,0
C3_1,refine,128,1,16,it0140,0.44874322414398193,0.27619799971580505,0.2916666666666667,False,0
C3_1,refine,128,1,16,it0141,0.5592795610427856,0.6734832525253296,0.23333333333333334,False,0
C3_1,refine,128,1,16,it0142,0.16434068977832794,0.14404895901679993,0.24,False,0
C3_1,refine,128,1,16,it0143,0.3831353187561035,0.592476487159729,0.0,False,0
C3_1,refine,128,1,16,it0144,0.6151513457298279,0.3535366356372833,0.03571428571428571,False,0
C3_1,refine,128,1,16,it0145,0.47499436140060425,0.5288972854614258,0.05,False,0
C3_1,refine,128,1,16,it0146,0.4970528781414032,0.44928282499313354,0.2,False,0
C3_1,refine,128,1,16,it0147,0.3850386142730713,0.36074015498161316,0.13043478260869565,False,0
C3_1,refine,128,1,16,it0148,0.14093400537967682,0.1772802621126175,0.07142857142857142,False,0
C3_1,refine,128,1,16,it0149,0.4231015741825104,0.4103842079639435,0.2857142857142857,False,0
C3_1,refine,128,1,16,it0150,0.36834952235221863,0.4755539894104004,0.038461538461538464,False,0
C3_1,refine,128,1,16,it0151,0.6002839207649231,0.5732223987579346,0.11764705882352941,False,0
C3_1,refine,128,1,16,it0152,0.4789251387119293,0.43870803713798523,0.0,False,0
C3_1,refine,128,1,16,it0153,0.333061158657074,0.3835477828979492,0.30952380952380953,False,0
C3_1,refine,128,1,16,it0154,0.21146951615810394,0.0790930911898613,0.10526315789473684,False,0
C3_1,refine,128,1,16,it0155,0.21480947732925415,0.2947438061237335,0.03571428571428571,False,0
C3_1,refine,128,1,16,it0156,0.22867849469184875,0.22031810879707336,0.23809523809523808,False,0
C3_1,refine,128,1,16,it0157,0.4991743266582489,0.4719618856906891,0.09302325581395349,False,0
C3_1,refine,128,1,16,it0158,0.4659593105316162,0.2825736403465271,0.21052631578947367,False,0
C3_1,refine,128,1,16,it0159,0.39912867546081543,0.2527374029159546,0.21428571428571427,False,0
C3_1,refine,128,1,16,it0160,0.5560302138328552,0.3998298645019531,0.06451612903225806,False,0
C3_1,refine,128,1,16,it0161,0.2966257929801941,0.29418808221817017,0.20689655172413793,False,0
C3_1,refine,128,1,16,it0162,0.06784079223871231,0.1985401213169098,0.14814814814814814,False,0
C3_1,refine,128,1,16,it0163,0.45083996653556824,0.34072279930114746,0.0,False,0
C3_1,refine,128,1,16,it0164,0.499705970287323,0.30194249749183655,0.5483870967741935,False,0
C3_1,refine,128,1,16,it0165,0.30893003940582275,0.2918733060359955,0.21212121212121213,False,0
C3_1,refine,128,1,16,it0166,0.5593526363372803,0.3316934108734131,0.16666666666666666,False,0
C3_1,refine,128,1,16,it0167,0.3638354539871216,0.4084099233150482,0.2631578947368421,False,0
C3_1,refine,128,1,16,it0168,0.28585290908813477,0.1935972273349762,0.5,False,0
C3_1,refine,128,1,16,it0169,0.4461815357208252,0.4108516275882721,0.15,False,0
C3_1,refine,128,1,16,it0170,0.43897920846939087,0.41321608424186707,0.23529411764705882,False,0
C3_1,refine,128,1,16,it0171,0.7098388075828552,0.5815048217773438,0.047619047619047616,False,0
C3_1,refine,128,1,16,it0172,0.254257470369339,0.3697410821914673,0.04,False,0
C3_1,refine,128,1,16,it0173,0.6893760561943054,0.624569296836853,0.06666666666666667,False,0
C3_1,refine,128,1,16,it0174,0.5090400576591492,0.39787012338638306,0.125,False,0
C3_1,refine,128,1,16,it0175,0.22505393624305725,0.06629122793674469,0.13333333333333333,False,0
C3_1,refine,128,1,16,it0176,0.37630778551101685,0.31637313961982727,0.3888888888888889,False,0
C3_1,refine,128,1,16,it0177,0.46389544010162354,0.4970586597919464,0.10526315789473684,False,0
C3_1,refine,128,1,16,it0178,0.3281455636024475,0.08410800993442535,0.47058823529411764,False,0
C3_1,refine,128,1,16,it0179,0.6365504860877991,0.5345421433448792,0.22580645161290322,False,0
C3_1,refine,128,1,16,it0180,0.4446263611316681,0.5010369420051575,0.14285714285714285,False,0
C3_1,refine,128,1,16,it0181,0.4246722459793091,0.5014819502830505,0.07317073170731707,False,0
C3_1,refine,128,1,16,it0182,0.6127737164497375,0.49984779953956604,0.36,False,0
C3_1,refine,128,1,16,it0183,0.5271728038787842,0.40494203567504883,0.16,False,0
C3_1,refine,128,1,16,it0184,0.30821123719215393,0.14458104968070984,0.26666666666666666,False,0
C3_1,refine,128,1,16,it0185,0.4161747097969055,0.4329345226287842,0.03225806451612903,False,0
C3_1,refine,128,1,16,it0186,0.634364902973175,0.44589829444885254,0.16666666666666666,False,0
C3_1,refine,128,1,16,it0187,0.46391546726226807,0.30223706364631653,0.0625,False,0
C3_1,refine,128,1,16,it0188,0.5749391317367554,0.5040555596351624,0.4444444444444444,False,0
C3_1,refine,128,1,16,it0189,0.4269077181816101,0.37214195728302,0.15,False,0
C3_1,refine,128,1,16,it0190,0.5465536117553711,0.49685829877853394,0.0625,False,0
C3_1,refine,128,1,16,it0191,0.4106823801994324,0.26343080401420593,0.04,False,0
C3_1,refine,128,1,16,it0192,0.529106855392456,0.543417751789093,0.25925925925925924,False,0
C3_1,refine,128,1,16,it0193,0.34793633222579956,0.14897091686725616,0.5,False,0
C3_1,refine,128,1,16,it0194,0.5920117497444153,0.5611103177070618,0.0,False,0
C3_1,refine,128,1,16,it0195,0.6174947619438171,0.48816871643066406,0.6153846153846154,False,0
C3_1,refine,128,1,16,it0196,0.5257956981658936,0.3652540445327759,0.0,False,0
C3_1,refine,128,1,16,it0197,0.44791337847709656,0.386406809091568,0.18181818181818182,False,0
C3_1,refine,128,1,16,it0198,0.10723528265953064,0.07519254088401794,0.0625,False,0
C3_1,refine,128,1,16,it0199,0.4920666217803955,0.4366089105606079,0.058823529411764705,False,0
C3_1,refine,256,1,32,it0000,0.35376888513565063,0.3526884913444519,0.17391304347826086,False,0
C3_1,refine,256,1,32,it0001,0.4576372802257538,0.17886367440223694,0.5,False,0
C3_1,refine,256,1,32,it0002,0.32492753863334656,0.2048652470111847,0.06666666666666667,False,0
C3_1,refine,256,1,32,it0003,0.4402908384799957,0.21439531445503235,0.06666666666666667,False,0
C3_1,refine,256,1,32,it0004,0.4726807475090027,0.23149921000003815,0.125,False,0
C3_1,refine,256,1,32,it0005,0.48783111572265625,0.42772847414016724,0.18518518518518517,False,0
C3_1,refine,256,1,32,it0006,0.3970668911933899,0.41094619035720825,0.5555555555555556,False,0
C3_1,refine,256,1,32,it0007,0.23723021149635315,0.3135835528373718,0.13636363636363635,False,0
C3_1,refine,256,1,32,it0008,0.31062865257263184,0.1527382731437683,0.3333333333333333,False,0
C3_1,refine,256,1,32,it0009,0.5245808959007263,0.5260263085365295,0.037037037037037035,False,0
C3_1,refine,256,1,32,it0010,0.5954665541648865,0.5760252475738525,0.1111111111111111,False,0
C3_1,refine,256,1,32,it0011,0.4547504782676697,0.49143531918525696,0.0,False,0
C3_1,refine,256,1,32,it0012,0.5056889057159424,0.23390355706214905,0.5172413793103449,False,0
C3_1,refine,256,1,32,it0013,0.6263042092323303,0.567870020866394,0.0,False,0
C3_1,refine,256,1,32,it0014,0.3764001429080963,0.4042126536369324,0.06666666666666667,False,0
C3_1,refine,256,1,32,it0015,0.5363020300865173,0.5462585091590881,0.17647058823529413,False,0
C3_1,refine,256,1,32,it0016,0.6718807220458984,0.44118034839630127,0.11764705882352941,False,0
C3_1,refine,256,1,32,it0017,0.5535423159599304,0.34701254963874817,0.06666666666666667,False,0
C3_1,refine,256,1,32,it0018,0.2842637598514557,0.2263181060552597,0.058823529411764705,False,0
C3_1,refine,256,1,32,it0019,0.570682168006897,0.4472723603248596,0.043478260869565216,False,0
C3_1,refine,256,1,32,it0020,0.4852881133556366,0.21202901005744934,0.38461538461538464,False,0
C3_1,refine,256,1,32,it0021,0.44919490814208984,0.3717503249645233,0.09090909090909091,False,0
C3_1,refine,256,1,32,it0022,0.3979213833808899,0.35751938819885254,0.65,False,0
C3_1,refine,256,1,32,it0023,0.6168398857116699,0.6344059109687805,0.2777777777777778,False,0
C3_1,refine,256,1,32,it0024,0.6426485776901245,0.49067169427871704,0.21428571428571427,False,0
C3_1,refine,256,1,32,it0025,0.6408454179763794,0.5927590727806091,0.05,False,0
C3_1,refine,256,1,32,it0026,0.24597185850143433,0.1804797351360321,0.375,False,0
C3_1,refine,256,1,32,it0027,0.6430800557136536,0.5746403932571411,0.125,False,0
C3_1,refine,256,1,32,it0028,0.48142507672309875,0.5329500436782837,0.21428571428571427,False,0
C3_1,refine,256,1,32,it0029,0.23469898104667664,0.2759471535682678,0.0625,False,0
C3_1,refine,256,1,32,it0030,0.6539456844329834,0.41115015745162964,0.0,False,0
C3_1,refine,256,1,32,it0031,0.26801425218582153,0.21788252890110016,0.16666666666666666,False,0
C3_1,refine,256,1,32,it0032,0.6089533567428589,0.5898181796073914,0.07407407407407407,False,0
C3_1,refine,256,1,32,it0033,0.3592040240764618,0.3740004301071167,0.3076923076923077,False,0
C3_1,refine,256,1,32,it0034,0.2842589318752289,0.13505424559116364,0.0,False,0
C3_1,refine,256,1,32,it0035,0.25607991218566895,0.1500675529241562,0.0,False,0
C3_1,refine,256,1,32,it0036,0.5547730326652527,0.45864349603652954,0.05555555555555555,False,0
C3_1,refine,256,1,32,it0037,0.5270454287528992,0.452549010515213,0.06666666666666667,False,0
C3_1,refine,256,1,32,it0038,0.35122889280319214,0.24848641455173492,0.10810810810810811,False,0
C3_1,refine,256,1,32,it0039,0.3981754779815674,0.3538582921028137,0.07317073170731707,False,0
C3_1,refine,256,1,32,it0040,0.23459577560424805,0.15116377174854279,0.0,False,0
C3_1,refine,256,1,32,it0041,0.6051908731460571,0.33202794194221497,0.045454545454545456,False,0
C3_1,refine,256,1,32,it0042,0.3829036355018616,0.33265045285224915,0.37037037037037035,False,0
C3_1,refine,256,1,32,it0043,0.24975703656673431,0.21520808339118958,0.0,False,0
C3_1,refine,256,1,32,it0044,0.5305154919624329,0.510269820690155,0.28,False,0
C3_1,refine,256,1,32,it0045,0.24268613755702972,0.39649978280067444,0.1,False,0
C3_1,refine,256,1,32,it0046,0.25423452258110046,0.33495381474494934,0.1875,False,0
C3_1,refine,256,1,32,it0047,0.3067170977592468,0.32711803913116455,0.6,False,0
C3_1,refine,256,1,32,it0048,0.44326305389404297,0.38393449783325195,0.25,False,0
C3_1,refine,256,1,32,it0049,0.3688267469406128,0.46466344594955444,0.09090909090909091,False,0
C3_1,refine,256,1,32,it0050,0.1497221440076828,-0.011073331348598003,0.5,False,0
C3_1,refine,256,1,32,it0051,0.1819637417793274,0.387203574180603,0.06896551724137931,False,0
C3_1,refine,256,1,32,it0052,0.28851085901260376,0.3855839669704437,0.0,False,0
C3_1,refine,256,1,32,it0053,0.15582752227783203,0.08180072903633118,0.2972972972972973,False,0
C3_1,refine,256,1,32,it0054,0.2672361731529236,0.12061052024364471,0.4583333333333333,False,0
C3_1,refine,256,1,32,it0055,0.3652382791042328,0.3166668117046356,0.46153846153846156,False,0
C3_1,refine,256,1,32,it0056,0.37698739767074585,0.17081724107265472,0.55,False,0
C3_1,refine,256,1,32,it0057,0.45330488681793213,0.28009846806526184,0.4117647058823529,False,0
C3_1,refine,256,1,32,it0058,0.37215957045555115,0.400711327791214,0.16666666666666666,False,0
C3_1,refine,256,1,32,it0059,0.5958296060562134,0.6131798624992371,0.25,False,0
C3_1,refine,256,1,32,it0060,0.43218082189559937,0.35369259119033813,0.058823529411764705,False,0
C3_1,refine,256,1,32,it0061,0.48675206303596497,0.585294246673584,0.11428571428571428,False,0
C3_1,refine,256,1,32,it0062,0.6142614483833313,0.5242034196853638,0.2857142857142857,False,0
C3_1,refine,256,1,32,it0063,0.42000678181648254,0.3024120032787323,0.3448275862068966,False,0
C3_1,refine,256,1,32,it0064,0.22118666768074036,0.29775428771972656,0.3333333333333333,False,0
C3_1,refine,256,1,32,it0065,0.535382091999054,0.5619687438011169,0.05128205128205128,False,0
C3_1,refine,256,1,32,it0066,0.34417781233787537,0.3133450150489807,0.5714285714285714,False,0
C3_1,refine,256,1,32,it0067,0.2739706039428711,0.3081849217414856,0.3333333333333333,False,0
C3_1,refine,256,1,32,it0068,0.6942003965377808,0.6352137327194214,0.07692307692307693,False,0
C3_1,refine,256,1,32,it0069,0.1622607409954071,0.2536226511001587,0.13636363636363635,False,0
C3_1,refine,256,1,32,it0070,0.2804480493068695,0.19748187065124512,0.2,False,0
C3_1,refine,256,1,32,it0071,0.5256243348121643,0.4636879861354828,0.2857142857142857,False,0
C3_1,refine,256,1,32,it0072,0.481688916683197,0.46295690536499023,0.045454545454545456,False,0
C3_1,refine,256,1,32,it0073,0.1797412633895874,0.2122395634651184,0.5172413793103449,False,0
C3_1,refine,256,1,32,it0074,0.21531569957733154,0.2836294174194336,0.3333333333333333,False,0
C3_1,refine,256,1,32,it0075,0.3261919617652893,0.27281028032302856,0.08695652173913043,False,0
C3_1,refine,256,1,32,it0076,0.5719369649887085,0.1403048038482666,0.17391304347826086,False,0
C3_1,refine,256,1,32,it0077,0.4734239876270294,0.42146140336990356,0.4166666666666667,False,0
C3_1,refine,256,1,32,it0078,0.2752578854560852,0.2603681683540344,0.19047619047619047,False,0
C3_1,refine,256,1,32,it0079,0.6151226162910461,0.5653043389320374,0.0,False,0
C3_1,refine,256,1,32,it0080,0.350496768951416,0.172781839966774,0.14634146341463414,False,0
C3_1,refine,256,1,32,it0081,0.34367674589157104,0.2759920060634613,0.07142857142857142,False,0
C3_1,refine,256,1,32,it0082,0.46423113346099854,0.4548135995864868,0.0,False,0
C3_1,refine,256,1,32,it0083,0.5370845794677734,0.38104405999183655,0.0,False,0
C3_1,refine,256,1,32,it0084,0.5618850588798523,0.42878732085227966,0.044444444444444446,False,0
C3_1,refine,256,1,32,it0085,0.5396763682365417,0.3040565848350525,0.0,False,0
C3_1,refine,256,1,32,it0086,0.5647810697555542,0.5282407402992249,0.11764705882352941,False,0
C3_1,refine,256,1,32,it0087,0.5030441284179688,0.6554082632064819,0.25,False,0
C3_1,refine,256,1,32,it0088,0.38955196738243103,0.33574438095092773,0.047619047619047616,False,0
C3_1,refine,256,1,32,it0089,0.42983168363571167,0.3038807511329651,0.0,False,0
C3_1,refine,256,1,32,it0090,0.5937901139259338,0.49069878458976746,0.11764705882352941,False,0
C3_1,refine,256,1,32,it0091,0.4943726360797882,0.616597056388855,0.22580645161290322,False,0
C3_1,refine,256,1,32,it0092,0.3884982168674469,0.34736961126327515,0.14285714285714285,False,0
C3_1,refine,256,1,32,it0093,0.3836614489555359,0.13497307896614075,0.15789473684210525,False,0
C3_1,refine,256,1,32,it0094,0.3973942697048187,0.40006816387176514,0.15384615384615385,False,0
C3_1,refine,256,1,32,it0095,0.40844905376434326,0.3984759747982025,0.38095238095238093,False,0
C3_1,refine,256,1,32,it0096,0.5323395729064941,0.3957633674144745,0.22727272727272727,False,0
C3_1,refine,256,1,32,it0097,0.6769404411315918,0.613808274269104,0.0,False,0
C3_1,refine,256,1,32,it0098,0.5389630198478699,0.44868338108062744,0.25925925925925924,False,0
C3_1,refine,256,1,32,it0099,0.23913010954856873,0.13275587558746338,0.0,False,0
C3_1,refine,256,1,32,it0100,0.6812357902526855,0.5605018138885498,0.0,False,0
C3_1,refine,256,1,32,it0101,0.11433183401823044,0.20442786812782288,0.18421052631578946,False,0
C3_1,refine,256,1,32,it0102,0.30749833583831787,0.26987335085868835,0.07692307692307693,False,0
C3_1,refine,256,1,32,it0103,0.32511815428733826,0.2803579568862915,0.36363636363636365,False,0
C3_1,refine,256,1,32,it0104,0.40484774112701416,0.5212400555610657,0.16666666666666666,False,0
C3_1,refine,256,1,32,it0105,0.47390350699424744,0.6170324087142944,0.17142857142857143,False,0
C3_1,refine,256,1,32,it0106,0.39546632766723633,0.37919458746910095,0.16666666666666666,False,0
C3_1,refine,256,1,32,it0107,0.46373361349105835,0.43020832538604736,0.21739130434782608,False,0
C3_1,refine,256,1,32,it0108,0.37860816717147827,0.29891255497932434,0.25,False,0
C3_1,refine,256,1,32,it0109,0.46049314737319946,0.4077010154724121,0.21052631578947367,False,0
C3_1,refine,256,1,32,it0110,0.12380705773830414,0.24868112802505493,0.3333333333333333,False,0
C3_1,refine,256,1,32,it0111,0.14211350679397583,0.007853762246668339,0.24242424242424243,False,0
C3_1,refine,256,1,32,it0112,0.6080784201622009,0.515435516834259,0.022727272727272728,False,0
C3_1,refine,256,1,32,it0113,0.46563243865966797,0.4476977586746216,0.13636363636363635,False,0
C3_1,refine,256,1,32,it0114,0.35343313217163086,0.22599783539772034,0.4444444444444444,False,0
C3_1,refine,256,1,32,it0115,0.37774085998535156,0.2741031050682068,0.0,False,0
C3_1,refine,256,1,32,it0116,0.4110548198223114,0.15772022306919098,0.17647058823529413,False,0
C3_1,refine,256,1,32,it0117,0.4851347506046295,0.5917813181877136,0.08823529411764706,False,0
C3_1,refine,256,1,32,it0118,0.5679242610931396,0.5105957388877869,0.38461538461538464,False,0
C3_1,refine,256,1,32,it0119,0.576328694820404,0.5948004126548767,0.21428571428571427,False,0
C3_1,refine,256,1,32,it0120,0.6607707738876343,0.5300256013870239,0.06666666666666667,False,0
C3_1,refine,256,1,32,it0121,0.4595784544944763,0.3669704794883728,0.25,False,0
C3_1,refine,256,1,32,it0122,0.12241727113723755,0.2833991050720215,0.4090909090909091,False,0
C3_1,refine,256,1,32,it0123,0.38951024413108826,0.4813048839569092,0.058823529411764705,False,0
C3_1,refine,256,1,32,it0124,0.5276457667350769,0.39661186933517456,0.24242424242424243,False,0
C3_1,refine,256,1,32,it0125,0.5706848502159119,0.5097647309303284,0.15384615384615385,False,0
C3_1,refine,256,1,32,it0126,0.45886194705963135,0.20983649790287018,0.1875,False,0
C3_1,refine,256,1,32,it0127,0.2587016820907593,0.25959938764572144,0.0,False,0
C3_1,refine,256,1,32,it0128,0.4440533518791199,0.38671979308128357,0.15,False,0
C3_1,refine,256,1,32,it0129,0.2718370854854584,0.17257481813430786,0.11764705882352941,False,0
C3_1,refine,256,1,32,it0130,0.32757821679115295,0.47103434801101685,0.1,False,0
C3_1,refine,256,1,32,it0131,0.36975204944610596,0.4826042056083679,0.0967741935483871,False,0
C3_1,refine,256,1,32,it0132,0.33073073625564575,0.2530166506767273,0.14285714285714285,False,0
C3_1,refine,256,1,32,it0133,0.5641343593597412,0.5976555347442627,0.0,False,0
C3_1,refine,256,1,32,it0134,0.34551963210105896,0.3124197721481323,0.13157894736842105,False,0
C3_1,refine,256,1,32,it0135,0.3046834468841553,0.3014690577983856,0.10256410256410256,False,0
C3_1,refine,256,1,32,it0136,0.34487539529800415,0.36635100841522217,0.1,False,0
C3_1,refine,256,1,32,it0137,0.39586177468299866,0.4420854449272156,0.3333333333333333,False,0
C3_1,refine,256,1,32,it0138,0.4961323142051697,0.5420467257499695,0.5,False,0
C3_1,refine,256,1,32,it0139,0.5008935332298279,0.3340127766132355,0.05555555555555555,False,0
C3_1,refine,256,1,32,it0140,0.327610582113266,0.23828142881393433,0.0,False,0
C3_1,refine,256,1,32,it0141,0.5704523324966431,0.6301964521408081,0.3,False,0
C3_1,refine,256,1,32,it0142,0.07530754059553146,0.07192418724298477,0.32,False,0
C3_1,refine,256,1,32,it0143,0.33105939626693726,0.43030667304992676,0.0,False,0
C3_1,refine,256,1,32,it0144,0.49187034368515015,0.18309727311134338,0.03571428571428571,False,0
C3_1,refine,256,1,32,it0145,0.3798932135105133,0.5034903883934021,0.075,False,0
C3_1,refine,256,1,32,it0146,0.4119839072227478,0.36249080300331116,0.0,False,0
C3_1,refine,256,1,32,it0147,0.389517605304718,0.3887864351272583,0.13043478260869565,False,0
C3_1,refine,256,1,32,it0148,0.06554725021123886,0.11636671423912048,0.21428571428571427,False,0
C3_1,refine,256,1,32,it0149,0.43559062480926514,0.36062636971473694,0.2857142857142857,False,0
C3_1,refine,256,1,32,it0150,0.3414902985095978,0.47418662905693054,0.19230769230769232,False,0
C3_1,refine,256,1,32,it0151,0.6346794962882996,0.4891915023326874,0.0,False,0
C3_1,refine,256,1,32,it0152,0.5572120547294617,0.45397070050239563,0.0,False,0
C3_1,refine,256,1,32,it0153,0.3111438453197479,0.3910619020462036,0.2857142857142857,False,0
C3_1,refine,256,1,32,it0154,0.1541571319103241,0.06491946429014206,0.10526315789473684,False,0
C3_1,refine,256,1,32,it0155,0.12951306998729706,0.09107691049575806,0.07142857142857142,False,0
C3_1,refine,256,1,32,it0156,0.21759209036827087,0.15814654529094696,0.23809523809523808,False,0
C3_1,refine,256,1,32,it0157,0.48826688528060913,0.5392870903015137,0.16279069767441862,False,0
C3_1,refine,256,1,32,it0158,0.2365841567516327,0.18457260727882385,0.10526315789473684,False,0
C3_1,refine,256,1,32,it0159,0.44191861152648926,0.2629741430282593,0.07142857142857142,False,0
C3_1,refine,256,1,32,it0160,0.5964081287384033,0.4113057553768158,0.06451612903225806,False,0
C3_1,refine,256,1,32,it0161,0.49177634716033936,0.34632211923599243,0.2413793103448276,False,0
C3_1,refine,256,1,32,it0162,0.06046916916966438,0.28631591796875,0.2962962962962963,False,0
C3_1,refine,256,1,32,it0163,0.4446098208427429,0.4017835855484009,0.0,False,0
C3_1,refine,256,1,32,it0164,0.48124808073043823,0.35712552070617676,0.2903225806451613,False,0
C3_1,refine,256,1,32,it0165,0.40330177545547485,0.3139600455760956,0.15151515151515152,False,0
C3_1,refine,256,1,32,it0166,0.440707802772522,0.3284268081188202,0.08333333333333333,False,0
C3_1,refine,256,1,32,it0167,0.2594037353992462,0.38538381457328796,0.05263157894736842,False,0
C3_1,refine,256,1,32,it0168,0.2818620204925537,0.2746651768684387,0.2,False,0
C3_1,refine,256,1,32,it0169,0.3540700674057007,0.3888852596282959,0.15,False,0
C3_1,refine,256,1,32,it0170,0.3670092225074768,0.39113155007362366,0.11764705882352941,False,0
C3_1,refine,256,1,32,it0171,0.6999144554138184,0.5835652947425842,0.0,False,0
C3_1,refine,256,1,32,it0172,0.26782628893852234,0.2941834628582001,0.04,False,0
C3_1,refine,256,1,32,it0173,0.6897958517074585,0.6307559013366699,0.0,False,0
C3_1,refine,256,1,32,it0174,0.47939977049827576,0.22649377584457397,0.125,False,0
C3_1,refine,256,1,32,it0175,0.14434607326984406,0.2205870896577835,0.13333333333333333,False,0
C3_1,refine,256,1,32,it0176,0.38522955775260925,0.3180159032344818,0.05555555555555555,False,0
C3_1,refine,256,1,32,it0177,0.4547300338745117,0.46027672290802,0.21052631578947367,False,0
C3_1,refine,256,1,32,it0178,0.27461373805999756,0.07717464864253998,0.4117647058823529,False,0
C3_1,refine,256,1,32,it0179,0.6107463836669922,0.6174132823944092,0.16129032258064516,False,0
C3_1,refine,256,1,32,it0180,0.4254525899887085,0.4534793496131897,0.07142857142857142,False,0
C3_1,refine,256,1,32,it0181,0.4664929211139679,0.5284733772277832,0.07317073170731707,False,0
C3_1,refine,256,1,32,it0182,0.5665932893753052,0.47905224561691284,0.24,False,0
C3_1,refine,256,1,32,it0183,0.5341983437538147,0.4363560080528259,0.08,False,0
C3_1,refine,256,1,32,it0184,0.20239421725273132,0.21177098155021667,0.26666666666666666,False,0
C3_1,refine,256,1,32,it0185,0.4403841495513916,0.4456619620323181,0.25806451612903225,False,0
C3_1,refine,256,1,32,it0186,0.5677667260169983,0.44423574209213257,0.041666666666666664,False,0
C3_1,refine,256,1,32,it0187,0.3762725591659546,0.39051440358161926,0.0625,False,0
C3_1,refine,256,1,32,it0188,0.5194839835166931,0.410493940114975,0.3888888888888889,False,0
C3_1,refine,256,1,32,it0189,0.33435505628585815,0.17843306064605713,0.15,False,0
C3_1,refine,256,1,32,it0190,0.47259876132011414,0.4252835512161255,0.0625,False,0
C3_1,refine,256,1,32,it0191,0.3474047780036926,0.2871401607990265,0.04,False,0
C3_1,refine,256,1,32,it0192,0.5268608927726746,0.5872626304626465,0.4074074074074074,False,0
C3_1,refine,256,1,32,it0193,0.3956223130226135,0.1493152230978012,0.1875,False,0
C3_1,refine,256,1,32,it0194,0.5489147901535034,0.6374542117118835,0.047619047619047616,False,0
C3_1,refine,256,1,32,it0195,0.5876027345657349,0.46499723196029663,0.23076923076923078,False,0
C3_1,refine,256,1,32,it0196,0.4882703423500061,0.3865099549293518,0.2857142857142857,False,0
C3_1,refine,256,1,32,it0197,0.45581719279289246,0.4384297728538513,0.0,False,0
C3_1,refine,256,1,32,it0198,0.1475124955177307,0.1298697292804718,0.0,False,0
C3_1,refine,256,1,32,it0199,0.4689820110797882,0.31034111976623535,0.058823529411764705,False,0
C3_1,refine,512,1,64,it0000,0.364162802696228,0.23580574989318848,0.21739130434782608,False,0
C3_1,refine,512,1,64,it0001,0.3705812990665436,0.10874896496534348,0.5555555555555556,False,0
C3_1,refine,512,1,64,it0002,0.25070080161094666,0.2242095172405243,0.4,False,0
C3_1,refine,512,1,64,it0003,0.4791991114616394,0.32616791129112244,0.4666666666666667,False,0
C3_1,refine,512,1,64,it0004,0.48724961280822754,0.40901488065719604,0.125,False,0
C3_1,refine,512,1,64,it0005,0.378341406583786,0.3742637038230896,0.07407407407407407,False,0
C3_1,refine,512,1,64,it0006,0.474132239818573,0.4441647529602051,0.16666666666666666,False,0
C3_1,refine,512,1,64,it0007,0.33161142468452454,0.30517348647117615,0.045454545454545456,False,0
C3_1,refine,512,1,64,it0008,0.42900586128234863,0.31685614585876465,0.2857142857142857,False,0
C3_1,refine,512,1,64,it0009,0.4812606871128082,0.47357314825057983,0.037037037037037035,False,0
C3_1,refine,512,1,64,it0010,0.5533810257911682,0.5250099897384644,0.2777777777777778,False,0
C3_1,refine,512,1,64,it0011,0.4842257797718048,0.41299551725387573,0.0,False,0
C3_1,refine,512,1,64,it0012,0.29535743594169617,0.3487817347049713,0.6206896551724138,False,0
C3_1,refine,512,1,64,it0013,0.5131039619445801,0.6366073489189148,0.0,False,0
C3_1,refine,512,1,64,it0014,0.4940897226333618,0.27720513939857483,0.0,False,0
C3_1,refine,512,1,64,it0015,0.4862731099128723,0.5253108739852905,0.11764705882352941,False,0
C3_1,refine,512,1,64,it0016,0.6379454135894775,0.5656282901763916,0.38235294117647056,False,0
C3_1,refine,512,1,64,it0017,0.46867138147354126,0.3412884473800659,0.2,False,0
C3_1,refine,512,1,64,it0018,0.3182697594165802,0.31880056858062744,0.17647058823529413,False,0
C3_1,refine,512,1,64,it0019,0.6506434679031372,0.5352107286453247,0.15217391304347827,False,0
C3_1,refine,512,1,64,it0020,0.3374367654323578,0.19768361747264862,0.5384615384615384,False,0
C3_1,refine,512,1,64,it0021,0.31837791204452515,0.29281747341156006,0.12121212121212122,False,0
C3_1,refine,512,1,64,it0022,0.3694142699241638,0.2321007400751114,0.6,False,0
C3_1,refine,512,1,64,it0023,0.5932213068008423,0.39475497603416443,0.3888888888888889,False,0
C3_1,refine,512,1,64,it0024,0.5165103077888489,0.3295663893222809,0.21428571428571427,False,0
C3_1,refine,512,1,64,it0025,0.5732002854347229,0.5032101273536682,0.2,False,0
C3_1,refine,512,1,64,it0026,0.28370222449302673,0.12230674177408218,0.125,False,0
C3_1,refine,512,1,64,it0027,0.6753721833229065,0.5650023221969604,0.0625,False,0
C3_1,refine,512,1,64,it0028,0.49305737018585205,0.501157283782959,0.09523809523809523,False,0
C3_1,refine,512,1,64,it0029,0.23338285088539124,0.3618412911891937,0.125,False,0
C3_1,refine,512,1,64,it0030,0.5234848260879517,0.35524529218673706,0.04,False,0
C3_1,refine,512,1,64,it0031,0.2538294792175293,0.24383646249771118,0.16666666666666666,False,0
C3_1,refine,512,1,64,it0032,0.5986812710762024,0.5607159733772278,0.037037037037037035,False,0
C3_1,refine,512,1,64,it0033,0.29881545901298523,0.25358322262763977,0.38461538461538464,False,0
C3_1,refine,512,1,64,it0034,0.349219411611557,0.11930957436561584,0.1,False,0
C3_1,refine,512,1,64,it0035,0.38076016306877136,0.319352924823761,0.46153846153846156,False,0
C3_1,refine,512,1,64,it0036,0.6072975397109985,0.4497268795967102,0.1111111111111111,False,0
C3_1,refine,512,1,64,it0037,0.5270530581474304,0.6119781732559204,0.0,False,0
C3_1,refine,512,1,64,it0038,0.3349629044532776,0.10667969286441803,0.05405405405405406,False,0
C3_1,refine,512,1,64,it0039,0.3716893196105957,0.3744378387928009,0.1951219512195122,False,0
C3_1,refine,512,1,64,it0040,0.35613805055618286,0.1852312535047531,0.2,False,0
C3_1,refine,512,1,64,it0041,0.5919876098632812,0.37342023849487305,0.13636363636363635,False,0
C3_1,refine,512,1,64,it0042,0.40463948249816895,0.3355563282966614,0.4074074074074074,False,0
C3_1,refine,512,1,64,it0043,0.24911297857761383,0.21297518908977509,0.0,False,0
C3_1,refine,512,1,64,it0044,0.5536884069442749,0.5468761324882507,0.72,False,0
C3_1,refine,512,1,64,it0045,0.17058834433555603,0.3510512411594391,0.0,False,0
C3_1,refine,512,1,64,it0046,0.39947786927223206,0.2543030381202698,0.0625,False,0
C3_1,refine,512,1,64,it0047,0.418592631816864,0.3972669243812561,0.6,False,0
C3_1,refine,512,1,64,it0048,0.5414149165153503,0.48575127124786377,0.25,False,0
C3_1,refine,512,1,64,it0049,0.30788692831993103,0.3888048529624939,0.2727272727272727,False,0
C3_1,refine,512,1,64,it0050,0.21826106309890747,0.14105595648288727,0.36363636363636365,False,0
C3_1,refine,512,1,64,it0051,0.18089884519577026,0.37106335163116455,0.06896551724137931,False,0
C3_1,refine,512,1,64,it0052,0.1658046841621399,0.2292710244655609,0.13333333333333333,False,0
C3_1,refine,512,1,64,it0053,0.09408852458000183,0.13063448667526245,0.4864864864864865,False,0
C3_1,refine,512,1,64,it0054,0.3703623116016388,0.1854012906551361,0.4166666666666667,False,0
C3_1,refine,512,1,64,it0055,0.5169094204902649,0.5336379408836365,0.4230769230769231,False,0
C3_1,refine,512,1,64,it0056,0.4071766436100006,0.21568024158477783,0.2,False,0
C3_1,refine,512,1,64,it0057,0.41478219628334045,0.24046039581298828,0.29411764705882354,False,0
C3_1,refine,512,1,64,it0058,0.2564789652824402,0.27157238125801086,0.5,False,0
C3_1,refine,512,1,64,it0059,0.5249706506729126,0.5386338829994202,0.17857142857142858,False,0
C3_1,refine,512,1,64,it0060,0.3834749162197113,0.3889673352241516,0.0,False,0
C3_1,refine,512,1,64,it0061,0.5185278654098511,0.6360518932342529,0.11428571428571428,False,0
C3_1,refine,512,1,64,it0062,0.5980504751205444,0.5597444176673889,0.047619047619047616,False,0
C3_1,refine,512,1,64,it0063,0.49213677644729614,0.3007247745990753,0.27586206896551724,False,0
C3_1,refine,512,1,64,it0064,0.2956826686859131,0.28511881828308105,0.16666666666666666,False,0
C3_1,refine,512,1,64,it0065,0.5124450922012329,0.4991035461425781,0.10256410256410256,False,0
C3_1,refine,512,1,64,it0066,0.2828980088233948,0.40225496888160706,0.23809523809523808,False,0
C3_1,refine,512,1,64,it0067,0.27542194724082947,0.28250250220298767,0.3888888888888889,False,0
C3_1,refine,512,1,64,it0068,0.6595076322555542,0.6751789450645447,0.02564102564102564,False,0
C3_1,refine,512,1,64,it0069,0.3716759979724884,0.46417155861854553,0.18181818181818182,False,0
C3_1,refine,512,1,64,it0070,0.310532808303833,0.30596923828125,0.26666666666666666,False,0
C3_1,refine,512,1,64,it0071,0.5233307480812073,0.42052772641181946,0.21428571428571427,False,0
C3_1,refine,512,1,64,it0072,0.5281107425689697,0.4773067831993103,0.09090909090909091,False,0
C3_1,refine,512,1,64,it0073,0.16284991800785065,0.04411022365093231,0.4482758620689655,False,0
C3_1,refine,512,1,64,it0074,0.32131829857826233,0.2201738804578781,0.4,False,0
C3_1,refine,512,1,64,it0075,0.32025036215782166,0.36041197180747986,0.043478260869565216,False,0
C3_1,refine,512,1,64,it0076,0.5212035179138184,0.2928699851036072,0.391304347826087,False,0
C3_1,refine,512,1,64,it0077,0.4442252516746521,0.5005480051040649,0.6666666666666666,False,0
C3_1,refine,512,1,64,it0078,0.35421591997146606,0.3375864624977112,0.047619047619047616,False,0
C3_1,refine,512,1,64,it0079,0.633931040763855,0.5669926404953003,0.0,False,0
C3_1,refine,512,1,64,it0080,0.3547001779079437,0.2507893145084381,0.4146341463414634,False,0
C3_1,refine,512,1,64,it0081,0.3831791281700134,0.35180342197418213,0.0,False,0
C3_1,refine,512,1,64,it0082,0.4145767092704773,0.46517762541770935,0.29411764705882354,False,0
C3_1,refine,512,1,64,it0083,0.4873718023300171,0.3241831958293915,0.058823529411764705,False,0
C3_1,refine,512,1,64,it0084,0.6415987610816956,0.4978198707103729,0.022222222222222223,False,0
C3_1,refine,512,1,64,it0085,0.4902656674385071,0.45280390977859497,0.0,False,0
C3_1,refine,512,1,64,it0086,0.5389167070388794,0.5145483016967773,0.5882352941176471,False,0
C3_1,refine,512,1,64,it0087,0.5301895141601562,0.6239689588546753,0.25,False,0
C3_1,refine,512,1,64,it0088,0.25452107191085815,0.2496456801891327,0.14285714285714285,False,0
C3_1,refine,512,1,64,it0089,0.4142594337463379,0.24568448960781097,0.041666666666666664,False,0
C3_1,refine,512,1,64,it0090,0.48790645599365234,0.4479750990867615,0.11764705882352941,False,0
C3_1,refine,512,1,64,it0091,0.578477144241333,0.6012943983078003,0.0967741935483871,False,0
C3_1,refine,512,1,64,it0092,0.4439048171043396,0.41299697756767273,0.14285714285714285,False,0
C3_1,refine,512,1,64,it0093,0.5804753303527832,0.3907109498977661,0.0,False,0
C3_1,refine,512,1,64,it0094,0.4767429232597351,0.49285969138145447,0.0,False,0
C3_1,refine,512,1,64,it0095,0.31431713700294495,0.38960662484169006,0.14285714285714285,False,0
C3_1,refine,512,1,64,it0096,0.47085684537887573,0.36901530623435974,0.4090909090909091,False,0
C3_1,refine,512,1,64,it0097,0.6490183472633362,0.6215686798095703,0.15,False,0
C3_1,refine,512,1,64,it0098,0.5293827056884766,0.32260575890541077,0.3333333333333333,False,0
C3_1,refine,512,1,64,it0099,0.2691633999347687,0.14594633877277374,0.0,False,0
C3_1,refine,512,1,64,it0100,0.5395481586456299,0.5554661750793457,0.07692307692307693,False,0
C3_1,refine,512,1,64,it0101,0.1867390275001526,0.14458440244197845,0.10526315789473684,False,0
C3_1,refine,512,1,64,it0102,0.3388761878013611,0.38914477825164795,0.0,False,0
C3_1,refine,512,1,64,it0103,0.4195161759853363,0.4336303472518921,0.18181818181818182,False,0
C3_1,refine,512,1,64,it0104,0.45718273520469666,0.5147964358329773,0.16666666666666666,False,0
C3_1,refine,512,1,64,it0105,0.4250500500202179,0.6208914518356323,0.2857142857142857,False,0
C3_1,refine,512,1,64,it0106,0.3607938289642334,0.5242366194725037,0.2916666666666667,False,0
C3_1,refine,512,1,64,it0107,0.38921433687210083,0.40522345900535583,0.2608695652173913,False,0
C3_1,refine,512,1,64,it0108,0.4493078291416168,0.3318398594856262,0.5,False,0
C3_1,refine,512,1,64,it0109,0.4268985092639923,0.372074693441391,0.21052631578947367,False,0
C3_1,refine,512,1,64,it0110,0.13174331188201904,0.2758612036705017,0.23333333333333334,False,0
C3_1,refine,512,1,64,it0111,0.18480686843395233,0.12113258987665176,0.21212121212121213,False,0
C3_1,refine,512,1,64,it0112,0.6663461327552795,0.5201672911643982,0.20454545454545456,False,0
C3_1,refine,512,1,64,it0113,0.5002009272575378,0.4369634985923767,0.20454545454545456,False,0
C3_1,refine,512,1,64,it0114,0.44912612438201904,0.39881205558776855,0.3333333333333333,False,0
C3_1,refine,512,1,64,it0115,0.31865638494491577,0.20677748322486877,0.0,False,0
C3_1,refine,512,1,64,it0116,0.4950495958328247,0.2609558701515198,0.23529411764705882,False,0
C3_1,refine,512,1,64,it0117,0.4979962110519409,0.5715571045875549,0.029411764705882353,False,0
C3_1,refine,512,1,64,it0118,0.49734070897102356,0.4929789900779724,0.23076923076923078,False,0
C3_1,refine,512,1,64,it0119,0.4849153459072113,0.614342451095581,0.14285714285714285,False,0
C3_1,refine,512,1,64,it0120,0.48199158906936646,0.5013784766197205,0.06666666666666667,False,0
C3_1,refine,512,1,64,it0121,0.4619150459766388,0.2645975947380066,0.3,False,0
C3_1,refine,512,1,64,it0122,0.20617885887622833,0.22404351830482483,0.4090909090909091,False,0
C3_1,refine,512,1,64,it0123,0.4122861921787262,0.3991721272468567,0.29411764705882354,False,0
C3_1,refine,512,1,64,it0124,0.48620229959487915,0.3558572232723236,0.30303030303030304,False,0
C3_1,refine,512,1,64,it0125,0.46454834938049316,0.42384573817253113,0.15384615384615385,False,0
C3_1,refine,512,1,64,it0126,0.45992788672447205,0.4183287024497986,0.0625,False,0
C3_1,refine,512,1,64,it0127,0.20261207222938538,0.17218148708343506,0.11764705882352941,False,0
C3_1,refine,512,1,64,it0128,0.4037162661552429,0.3338600993156433,0.0,False,0
C3_1,refine,512,1,64,it0129,0.36613932251930237,0.21132045984268188,0.11764705882352941,False,0
C3_1,refine,512,1,64,it0130,0.2393411546945572,0.257339209318161,0.1,False,0
C3_1,refine,512,1,64,it0131,0.3867521584033966,0.46082228422164917,0.12903225806451613,False,0
C3_1,refine,512,1,64,it0132,0.39198604226112366,0.29030880331993103,0.14285714285714285,False,0
C3_1,refine,512,1,64,it0133,0.5319993495941162,0.5626360177993774,0.0,False,0
C3_1,refine,512,1,64,it0134,0.3836839497089386,0.40770038962364197,0.21052631578947367,False,0
C3_1,refine,512,1,64,it0135,0.30116480588912964,0.3116284906864166,0.10256410256410256,False,0
C3_1,refine,512,1,64,it0136,0.4094616770744324,0.3521118462085724,0.15,False,0
C3_1,refine,512,1,64,it0137,0.4311423897743225,0.47475406527519226,0.25,False,0
C3_1,refine,512,1,64,it0138,0.5756429433822632,0.6657503247261047,0.3333333333333333,False,0
C3_1,refine,512,1,64,it0139,0.5378045439720154,0.36714741587638855,0.1111111111111111,False,0
C3_1,refine,512,1,64,it0140,0.4295508563518524,0.37949445843696594,0.0,False,0
C3_1,refine,512,1,64,it0141,0.5083224177360535,0.5912914872169495,0.13333333333333333,False,0
C3_1,refine,512,1,64,it0142,0.2010900378227234,0.29715362191200256,0.72,False,0
C3_1,refine,512,1,64,it0143,0.40679121017456055,0.4675019383430481,0.0,False,0
C3_1,refine,512,1,64,it0144,0.5869548320770264,0.3320372402667999,0.03571428571428571,False,0
C3_1,refine,512,1,64,it0145,0.4950193464756012,0.5229446887969971,0.0,False,0
C3_1,refine,512,1,64,it0146,0.45559805631637573,0.43363022804260254,0.0,False,0
C3_1,refine,512,1,64,it0147,0.3110699951648712,0.3275107741355896,0.08695652173913043,False,0
C3_1,refine,512,1,64,it0148,0.17753729224205017,0.2408662885427475,0.03571428571428571,False,0
C3_1,refine,512,1,64,it0149,0.5228226184844971,0.4090912342071533,0.2857142857142857,False,0
C3_1,refine,512,1,64,it0150,0.4269656240940094,0.4129759669303894,0.07692307692307693,False,0
C3_1,refine,512,1,64,it0151,0.6269910931587219,0.5656710863113403,0.0,False,0
C3_1,refine,512,1,64,it0152,0.44408565759658813,0.35941362380981445,0.0,False,0
C3_1,refine,512,1,64,it0153,0.2897070348262787,0.2718800902366638,0.23809523809523808,False,0
C3_1,refine,512,1,64,it0154,0.23555710911750793,0.03944935277104378,0.15789473684210525,False,0
C3_1,refine,512,1,64,it0155,0.22308602929115295,0.12896405160427094,0.2857142857142857,False,0
C3_1,refine,512,1,64,it0156,0.2574801743030548,0.23189117014408112,0.19047619047619047,False,0
C3_1,refine,512,1,64,it0157,0.5349926948547363,0.43490248918533325,0.09302325581395349,False,0
C3_1,refine,512,1,64,it0158,0.2792501449584961,0.08527664840221405,0.15789473684210525,False,0
C3_1,refine,512,1,64,it0159,0.41689780354499817,0.23675751686096191,0.14285714285714285,False,0
C3_1,refine,512,1,64,it0160,0.5743464827537537,0.43317633867263794,0.06451612903225806,False,0
C3_1,refine,512,1,64,it0161,0.45874297618865967,0.33173704147338867,0.10344827586206896,False,0
C3_1,refine,512,1,64,it0162,0.13017328083515167,0.17583170533180237,0.25925925925925924,False,0
C3_1,refine,512,1,64,it0163,0.44328323006629944,0.35234493017196655,0.0,False,0
C3_1,refine,512,1,64,it0164,0.4317488968372345,0.27539676427841187,0.1935483870967742,False,0
C3_1,refine,512,1,64,it0165,0.38735926151275635,0.3702833950519562,0.18181818181818182,False,0
C3_1,refine,512,1,64,it0166,0.5767027735710144,0.2804866433143616,0.08333333333333333,False,0
C3_1,refine,512,1,64,it0167,0.3458954095840454,0.46583324670791626,0.10526315789473684,False,0
C3_1,refine,512,1,64,it0168,0.30175548791885376,0.1993720680475235,0.1,False,0
C3_1,refine,512,1,64,it0169,0.3848872780799866,0.41434505581855774,0.2,False,0
C3_1,refine,512,1,64,it0170,0.3884115219116211,0.40838855504989624,0.17647058823529413,False,0
C3_1,refine,512,1,64,it0171,0.6805294752120972,0.5661623477935791,0.09523809523809523,False,0
C3_1,refine,512,1,64,it0172,0.23737137019634247,0.2859382629394531,0.0,False,0
C3_1,refine,512,1,64,it0173,0.6313313245773315,0.5257383584976196,0.06666666666666667,False,0
C3_1,refine,512,1,64,it0174,0.47486412525177,0.3387947678565979,0.25,False,0
C3_1,refine,512,1,64,it0175,0.24802765250205994,0.23787181079387665,0.06666666666666667,False,0
C3_1,refine,512,1,64,it0176,0.29092785716056824,0.3000595271587372,0.3333333333333333,False,0
C3_1,refine,512,1,64,it0177,0.456756055355072,0.4330730438232422,0.05263157894736842,False,0
C3_1,refine,512,1,64,it0178,0.2697659134864807,0.06535378098487854,0.23529411764705882,False,0
C3_1,refine,512,1,64,it0179,0.6074416041374207,0.591161847114563,0.12903225806451613,False,0
C3_1,refine,512,1,64,it0180,0.5028484463691711,0.5291935205459595,0.07142857142857142,False,0
C3_1,refine,512,1,64,it0181,0.5163834095001221,0.5398092269897461,0.0,False,0
C3_1,refine,512,1,64,it0182,0.48600494861602783,0.29737621545791626,0.28,False,0
C3_1,refine,512,1,64,it0183,0.5052345991134644,0.5378192663192749,0.04,False,0
C3_1,refine,512,1,64,it0184,0.24962948262691498,0.15159645676612854,0.4,False,0
C3_1,refine,512,1,64,it0185,0.41771551966667175,0.4800335466861725,0.16129032258064516,False,0
C3_1,refine,512,1,64,it0186,0.5377448201179504,0.3822518587112427,0.16666666666666666,False,0
C3_1,refine,512,1,64,it0187,0.4231500029563904,0.4332255423069,0.0625,False,0
C3_1,refine,512,1,64,it0188,0.5572291016578674,0.42885804176330566,0.1111111111111111,False,0
C3_1,refine,512,1,64,it0189,0.2772342264652252,0.20680567622184753,0.15,False,0
C3_1,refine,512,1,64,it0190,0.6283941268920898,0.4945361614227295,0.0,False,0
C3_1,refine,512,1,64,it0191,0.4729233980178833,0.4293522834777832,0.0,False,0
C3_1,refine,512,1,64,it0192,0.6115812063217163,0.6655849814414978,0.25925925925925924,False,0
C3_1,refine,512,1,64,it0193,0.39076870679855347,0.161028653383255,0.375,False,0
C3_1,refine,512,1,64,it0194,0.6838394999504089,0.5777668952941895,0.0,False,0
C3_1,refine,512,1,64,it0195,0.5908529162406921,0.5336139798164368,0.15384615384615385,False,0
C3_1,refine,512,1,64,it0196,0.46824756264686584,0.37004202604293823,0.14285714285714285,False,0
C3_1,refine,512,1,64,it0197,0.4151846170425415,0.2046889364719391,0.0,False,0
C3_1,refine,512,1,64,it0198,0.1370190531015396,0.01661527529358864,0.0,False,0
C3_1,refine,512,1,64,it0199,0.43985605239868164,0.34594038128852844,0.17647058823529413,False,0
