run,arm,nfe,K,T,item,ecapa,wavlm,wer,degenerate,pick
C3_2,search,128,2,8,it0000,0.5610127449035645,0.49862927198410034,0.06521739130434782,False,0
C3_2,search,128,2,8,it0001,0.4189561605453491,0.251819372177124,0.1111111111111111,False,1
C3_2,search,128,2,8,it0002,0.24331426620483398,0.16360384225845337,0.2,False,1
C3_2,search,128,2,8,it0003,0.40046417713165283,0.31645843386650085,0.3333333333333333,False,0
C3_2,search,128,2,8,it0004,0.4066341817378998,0.3407716751098633,0.1875,False,0
C3_2,search,128,2,8,it0005,0.4621143341064453,0.4709995985031128,0.0,False,0
C3_2,search,128,2,8,it0006,0.25281956791877747,0.3031466007232666,0.05555555555555555,False,1
C3_2,search,128,2,8,it0007,0.3068053126335144,0.29079705476760864,0.13636363636363635,False,1
C3_2,search,128,2,8,it0008,0.38615530729293823,0.22134532034397125,0.14285714285714285,False,0
C3_2,search,128,2,8,it0009,0.5131909847259521,0.512047529220581,0.037037037037037035,False,0
C3_2,search,128,2,8,it0010,0.5640193223953247,0.5781790614128113,0.2222222222222222,False,1
C3_2,search,128,2,8,it0011,0.6006220579147339,0.47728562355041504,0.0,False,1
C3_2,search,128,2,8,it0012,0.37998056411743164,0.2517305314540863,0.6896551724137931,False,1
C3_2,search,128,2,8,it0013,0.5959969758987427,0.5818353891372681,0.037037037037037035,False,0
C3_2,search,128,2,8,it0014,0.4420369267463684,0.38052478432655334,0.2,False,1
C3_2,search,128,2,8,it0015,0.542293131351471,0.5030773282051086,0.11764705882352941,False,0
C3_2,search,128,2,8,it0016,0.6027861833572388,0.4138031601905823,0.08823529411764706,False,1
C3_2,search,128,2,8,it0017,0.41833701729774475,0.37589165568351746,0.0,False,0
C3_2,search,128,2,8,it0018,0.29955634474754333,0.2200997918844223,0.058823529411764705,False,0
C3_2,search,128,2,8,it0019,0.5699053406715393,0.45848792791366577,0.391304347826087,False,1
C3_2,search,128,2,8,it0020,0.31475767493247986,0.21819382905960083,0.07692307692307693,False,0
C3_2,search,128,2,8,it0021,0.47881537675857544,0.3533932864665985,0.3333333333333333,False,0
C3_2,search,128,2,8,it0022,0.2964586615562439,0.36701709032058716,0.625,False,1
C3_2,search,128,2,8,it0023,0.5615338683128357,0.5354126691818237,0.3888888888888889,False,0
C3_2,search,128,2,8,it0024,0.4092034101486206,0.3335777521133423,0.35714285714285715,False,0
C3_2,search,128,2,8,it0025,0.6084586381912231,0.6164658069610596,0.3,False,0
C3_2,search,128,2,8,it0026,0.18668535351753235,0.19570642709732056,0.0,False,0
C3_2,search,128,2,8,it0027,0.642218828201294,0.546021044254303,0.125,False,1
C3_2,search,128,2,8,it0028,0.44564688205718994,0.5458275079727173,0.16666666666666666,False,0
C3_2,search,128,2,8,it0029,0.36693766713142395,0.4032878279685974,0.0,False,1
C3_2,search,128,2,8,it0030,0.5008887648582458,0.41183415055274963,0.12,False,1
C3_2,search,128,2,8,it0031,0.302940309047699,0.27332890033721924,0.2222222222222222,False,1
C3_2,search,128,2,8,it0032,0.6412976980209351,0.642550528049469,0.18518518518518517,False,0
C3_2,search,128,2,8,it0033,0.3799077868461609,0.2607426345348358,0.15384615384615385,False,0
C3_2,search,128,2,8,it0034,0.5691059231758118,0.458716481924057,0.06666666666666667,False,1
C3_2,search,128,2,8,it0035,0.2924000024795532,0.16623172163963318,0.38461538461538464,False,0
C3_2,search,128,2,8,it0036,0.4799979627132416,0.43828311562538147,0.4444444444444444,False,0
C3_2,search,128,2,8,it0037,0.5514526963233948,0.4587157666683197,0.06666666666666667,False,0
C3_2,search,128,2,8,it0038,0.32666105031967163,0.2880202531814575,0.13513513513513514,False,1
C3_2,search,128,2,8,it0039,0.45270347595214844,0.4693809151649475,0.2682926829268293,False,1
C3_2,search,128,2,8,it0040,0.28875067830085754,0.23850776255130768,0.4,False,0
C3_2,search,128,2,8,it0041,0.6771867275238037,0.4113808870315552,0.18181818181818182,False,1
C3_2,search,128,2,8,it0042,0.33444225788116455,0.33307063579559326,0.2222222222222222,False,1
C3_2,search,128,2,8,it0043,0.2676454782485962,0.3220682442188263,0.038461538461538464,False,0
C3_2,search,128,2,8,it0044,0.46684789657592773,0.4698101580142975,0.24,False,1
C3_2,search,128,2,8,it0045,0.224359393119812,0.3561827838420868,0.1,False,1
C3_2,search,128,2,8,it0046,0.36895495653152466,0.359494149684906,0.1875,False,0
C3_2,search,128,2,8,it0047,0.39144787192344666,0.3032580614089966,0.55,False,0
C3_2,search,128,2,8,it0048,0.5191617012023926,0.44830089807510376,0.1875,False,0
C3_2,search,128,2,8,it0049,0.40276581048965454,0.48345550894737244,0.45454545454545453,False,0
C3_2,search,128,2,8,it0050,0.22903981804847717,0.12603583931922913,0.4090909090909091,False,0
C3_2,search,128,2,8,it0051,0.1396818608045578,0.46145114302635193,0.10344827586206896,False,1
C3_2,search,128,2,8,it0052,0.1111404150724411,0.21606604754924774,0.0,False,0
C3_2,search,128,2,8,it0053,0.2532801628112793,0.3207240402698517,0.1891891891891892,False,0
C3_2,search,128,2,8,it0054,0.40798333287239075,0.15202823281288147,0.4166666666666667,False,0
C3_2,search,128,2,8,it0055,0.5139219760894775,0.4873804450035095,0.23076923076923078,False,1
C3_2,search,128,2,8,it0056,0.3660174310207367,0.35130178928375244,0.05,False,0
C3_2,search,128,2,8,it0057,0.5165504217147827,0.26153096556663513,0.11764705882352941,False,1
C3_2,search,128,2,8,it0058,0.34306326508522034,0.3038135766983032,0.08333333333333333,False,0
C3_2,search,128,2,8,it0059,0.5621287226676941,0.5691510438919067,0.17857142857142858,False,0
C3_2,search,128,2,8,it0060,0.41043078899383545,0.3980124890804291,0.0,False,1
C3_2,search,128,2,8,it0061,0.5617563724517822,0.5286559462547302,0.08571428571428572,False,1
C3_2,search,128,2,8,it0062,0.6951541304588318,0.6110737919807434,0.047619047619047616,False,0
C3_2,search,128,2,8,it0063,0.3037812113761902,0.288894385099411,0.10344827586206896,False,0
C3_2,search,128,2,8,it0064,0.37448063492774963,0.4669678211212158,0.2222222222222222,False,0
C3_2,search,128,2,8,it0065,0.6503306031227112,0.631194531917572,0.20512820512820512,False,0
C3_2,search,128,2,8,it0066,0.28241437673568726,0.2856238782405853,0.3333333333333333,False,1
C3_2,search,128,2,8,it0067,0.160660520195961,0.16621902585029602,0.3888888888888889,False,1
C3_2,search,128,2,8,it0068,0.6516625881195068,0.5611250400543213,0.02564102564102564,False,0
C3_2,search,128,2,8,it0069,0.29628652334213257,0.38834232091903687,0.22727272727272727,False,1
C3_2,search,128,2,8,it0070,0.450509637594223,0.5266756415367126,0.13333333333333333,False,1
C3_2,search,128,2,8,it0071,0.5486153364181519,0.5155201554298401,0.2857142857142857,False,0
C3_2,search,128,2,8,it0072,0.4773009419441223,0.45138293504714966,0.045454545454545456,False,0
C3_2,search,128,2,8,it0073,0.12588070333003998,0.23989391326904297,0.27586206896551724,False,1
C3_2,search,128,2,8,it0074,0.33948323130607605,0.29097074270248413,0.3333333333333333,False,1
C3_2,search,128,2,8,it0075,0.5113638639450073,0.27768588066101074,0.17391304347826086,False,0
C3_2,search,128,2,8,it0076,0.4446091055870056,0.20789365470409393,0.21739130434782608,False,1
C3_2,search,128,2,8,it0077,0.3960959017276764,0.5006008744239807,0.25,False,0
C3_2,search,128,2,8,it0078,0.39570775628089905,0.3678269684314728,0.2857142857142857,False,0
C3_2,search,128,2,8,it0079,0.6442768573760986,0.5829097628593445,0.08333333333333333,False,1
C3_2,search,128,2,8,it0080,0.385402113199234,0.24819548428058624,0.17073170731707318,False,1
C3_2,search,128,2,8,it0081,0.37455296516418457,0.3011331260204315,0.14285714285714285,False,1
C3_2,search,128,2,8,it0082,0.46277299523353577,0.42199066281318665,0.0,False,0
C3_2,search,128,2,8,it0083,0.461309552192688,0.34403195977211,0.0,False,0
C3_2,search,128,2,8,it0084,0.5723203420639038,0.3756796717643738,0.06666666666666667,False,1
C3_2,search,128,2,8,it0085,0.5460507869720459,0.4848264455795288,0.14285714285714285,False,0
C3_2,search,128,2,8,it0086,0.5707771182060242,0.5021447539329529,0.7058823529411765,False,1
C3_2,search,128,2,8,it0087,0.42647889256477356,0.5011590719223022,0.5625,False,1
C3_2,search,128,2,8,it0088,0.3875584006309509,0.35199305415153503,0.14285714285714285,False,1
C3_2,search,128,2,8,it0089,0.35205256938934326,0.24228981137275696,0.041666666666666664,False,0
C3_2,search,128,2,8,it0090,0.540500819683075,0.528123676776886,0.0,False,0
C3_2,search,128,2,8,it0091,0.5905817151069641,0.4315701723098755,0.12903225806451613,False,0
C3_2,search,128,2,8,it0092,0.39905887842178345,0.35263359546661377,0.05714285714285714,False,0
C3_2,search,128,2,8,it0093,0.44769513607025146,0.32427260279655457,0.10526315789473684,False,0
C3_2,search,128,2,8,it0094,0.4773751497268677,0.42950499057769775,0.07692307692307693,False,1
C3_2,search,128,2,8,it0095,0.4500219225883484,0.4281463027000427,0.2857142857142857,False,0
C3_2,search,128,2,8,it0096,0.566594660282135,0.41175734996795654,0.6363636363636364,False,0
C3_2,search,128,2,8,it0097,0.6498188972473145,0.5792464017868042,0.0,False,0
C3_2,search,128,2,8,it0098,0.459820419549942,0.34003764390945435,0.14814814814814814,False,1
C3_2,search,128,2,8,it0099,0.22800609469413757,0.21818119287490845,0.0,False,1
C3_2,search,128,2,8,it0100,0.5733150243759155,0.5621801614761353,0.0,False,0
C3_2,search,128,2,8,it0101,0.2617391049861908,0.2639195919036865,0.13157894736842105,False,1
C3_2,search,128,2,8,it0102,0.377421498298645,0.34365665912628174,0.15384615384615385,False,0
C3_2,search,128,2,8,it0103,0.2867719531059265,0.24889828264713287,0.2727272727272727,False,1
C3_2,search,128,2,8,it0104,0.6102842092514038,0.5518531203269958,0.125,False,0
C3_2,search,128,2,8,it0105,0.43586087226867676,0.5368786454200745,0.08571428571428572,False,0
C3_2,search,128,2,8,it0106,0.2588554322719574,0.3106502890586853,0.16666666666666666,False,0
C3_2,search,128,2,8,it0107,0.5837986469268799,0.5574761033058167,0.17391304347826086,False,1
C3_2,search,128,2,8,it0108,0.42931631207466125,0.3264982998371124,0.0625,False,1
C3_2,search,128,2,8,it0109,0.4415011703968048,0.30387797951698303,0.21052631578947367,False,0
C3_2,search,128,2,8,it0110,0.23135656118392944,0.29414093494415283,0.16666666666666666,False,0
C3_2,search,128,2,8,it0111,0.27030134201049805,0.13242752850055695,0.3939393939393939,False,0
C3_2,search,128,2,8,it0112,0.6687756776809692,0.5859675407409668,0.045454545454545456,False,1
C3_2,search,128,2,8,it0113,0.5479241013526917,0.46793872117996216,0.29545454545454547,False,1
C3_2,search,128,2,8,it0114,0.34855085611343384,0.293423056602478,0.05555555555555555,False,1
C3_2,search,128,2,8,it0115,0.33561310172080994,0.24894942343235016,0.0,False,1
C3_2,search,128,2,8,it0116,0.5295276045799255,0.39922037720680237,0.47058823529411764,False,0
C3_2,search,128,2,8,it0117,0.4495169520378113,0.5838392972946167,0.058823529411764705,False,0
C3_2,search,128,2,8,it0118,0.6659668684005737,0.5792876482009888,0.34615384615384615,False,1
C3_2,search,128,2,8,it0119,0.4973696172237396,0.3916414976119995,0.35714285714285715,False,1
C3_2,search,128,2,8,it0120,0.6316487193107605,0.5113331079483032,0.0,False,1
C3_2,search,128,2,8,it0121,0.4564231336116791,0.40048348903656006,0.25,False,0
C3_2,search,128,2,8,it0122,0.27524375915527344,0.22547480463981628,0.22727272727272727,False,0
C3_2,search,128,2,8,it0123,0.3021908700466156,0.45586279034614563,0.29411764705882354,False,0
C3_2,search,128,2,8,it0124,0.6448869705200195,0.41752707958221436,0.30303030303030304,False,0
C3_2,search,128,2,8,it0125,0.47864294052124023,0.4293099343776703,0.07692307692307693,False,1
C3_2,search,128,2,8,it0126,0.46166932582855225,0.391568124294281,0.1875,False,0
C3_2,search,128,2,8,it0127,0.4198906421661377,0.48035821318626404,0.17647058823529413,False,1
C3_2,search,128,2,8,it0128,0.3371247351169586,0.4690285921096802,0.15,False,0
C3_2,search,128,2,8,it0129,0.29158130288124084,0.27754586935043335,0.058823529411764705,False,0
C3_2,search,128,2,8,it0130,0.20087258517742157,0.3252459168434143,0.2,False,1
C3_2,search,128,2,8,it0131,0.2249121367931366,0.281009703874588,0.1935483870967742,False,0
C3_2,search,128,2,8,it0132,0.32801464200019836,0.26941585540771484,0.0,False,0
C3_2,search,128,2,8,it0133,0.5821760892868042,0.6352542042732239,0.0,False,1
C3_2,search,128,2,8,it0134,0.40193116664886475,0.34564244747161865,0.05263157894736842,False,0
C3_2,search,128,2,8,it0135,0.4860226809978485,0.4681781232357025,0.1282051282051282,False,1
C3_2,search,128,2,8,it0136,0.4067058861255646,0.46424418687820435,0.0,False,0
C3_2,search,128,2,8,it0137,0.5153032541275024,0.4120176434516907,0.16666666666666666,False,0
C3_2,search,128,2,8,it0138,0.5244913101196289,0.6140044331550598,0.5,False,0
C3_2,search,128,2,8,it0139,0.5849214792251587,0.5760691165924072,0.16666666666666666,False,0
C3_2,search,128,2,8,it0140,0.4680107831954956,0.4596112370491028,0.08333333333333333,False,0
C3_2,search,128,2,8,it0141,0.6023640036582947,0.6886413097381592,0.1,False,0
C3_2,search,128,2,8,it0142,0.23713557422161102,0.1890724003314972,0.16,False,0
C3_2,search,128,2,8,it0143,0.3154221177101135,0.3483310639858246,0.0,False,0
C3_2,search,128,2,8,it0144,0.44699209928512573,0.46307605504989624,0.17857142857142858,False,1
C3_2,search,128,2,8,it0145,0.5463401079177856,0.6106886863708496,0.15,False,0
C3_2,search,128,2,8,it0146,0.5417072176933289,0.38120684027671814,0.05,False,1
C3_2,search,128,2,8,it0147,0.4453570246696472,0.26342204213142395,0.08695652173913043,False,0
C3_2,search,128,2,8,it0148,0.17346535623073578,0.13408732414245605,0.17857142857142858,False,1
C3_2,search,128,2,8,it0149,0.4766318202018738,0.37786734104156494,0.2857142857142857,False,1
C3_2,search,128,2,8,it0150,0.43204784393310547,0.48129063844680786,0.4230769230769231,False,0
C3_2,search,128,2,8,it0151,0.5962785482406616,0.5085375308990479,0.11764705882352941,False,0
C3_2,search,128,2,8,it0152,0.5076465606689453,0.3125745356082916,0.0,False,1
C3_2,search,128,2,8,it0153,0.35879629850387573,0.425028920173645,0.47619047619047616,False,1
C3_2,search,128,2,8,it0154,0.1856803447008133,0.10971684008836746,0.2631578947368421,False,0
C3_2,search,128,2,8,it0155,0.20589885115623474,0.13457675278186798,0.0,False,0
C3_2,search,128,2,8,it0156,0.22281061112880707,0.1531330943107605,0.09523809523809523,False,1
C3_2,search,128,2,8,it0157,0.5072425603866577,0.4387192130088806,0.13953488372093023,False,1
C3_2,search,128,2,8,it0158,0.530890941619873,0.4439190626144409,0.21052631578947367,False,1
C3_2,search,128,2,8,it0159,0.39574533700942993,0.4448978304862976,0.21428571428571427,False,1
C3_2,search,128,2,8,it0160,0.5914568305015564,0.41205084323883057,0.0,False,1
C3_2,search,128,2,8,it0161,0.3707570731639862,0.35754790902137756,0.1724137931034483,False,0
C3_2,search,128,2,8,it0162,-0.022994689643383026,0.24186736345291138,0.2962962962962963,False,1
C3_2,search,128,2,8,it0163,0.548967182636261,0.6323435306549072,0.0,False,0
C3_2,search,128,2,8,it0164,0.4916723370552063,0.229852557182312,0.16129032258064516,False,1
C3_2,search,128,2,8,it0165,0.23014506697654724,0.18264812231063843,0.0,False,1
C3_2,search,128,2,8,it0166,0.5672571063041687,0.3155268132686615,0.08333333333333333,False,1
C3_2,search,128,2,8,it0167,0.3959107995033264,0.4219416379928589,0.2631578947368421,False,0
C3_2,search,128,2,8,it0168,0.27983754873275757,0.26638299226760864,0.0,False,1
C3_2,search,128,2,8,it0169,0.3759619891643524,0.3770976960659027,0.0,False,1
C3_2,search,128,2,8,it0170,0.4686007499694824,0.3492581248283386,0.4117647058823529,False,0
C3_2,search,128,2,8,it0171,0.7008621692657471,0.5856804251670837,0.09523809523809523,False,1
C3_2,search,128,2,8,it0172,0.1833338737487793,0.22064003348350525,0.04,False,0
C3_2,search,128,2,8,it0173,0.6621031165122986,0.6323642134666443,0.06666666666666667,False,1
C3_2,search,128,2,8,it0174,0.4702697992324829,0.4867474138736725,0.0625,False,1
C3_2,search,128,2,8,it0175,0.06646391749382019,0.2709536850452423,0.0,False,1
C3_2,search,128,2,8,it0176,0.4167969822883606,0.3228454887866974,0.05555555555555555,False,1
C3_2,search,128,2,8,it0177,0.31180697679519653,0.2863832414150238,0.05263157894736842,False,0
C3_2,search,128,2,8,it0178,0.2937116324901581,0.19424402713775635,0.35294117647058826,False,0
C3_2,search,128,2,8,it0179,0.582764208316803,0.5906912684440613,0.03225806451612903,False,0
C3_2,search,128,2,8,it0180,0.45736345648765564,0.5416489243507385,0.0,False,0
C3_2,search,128,2,8,it0181,0.5216022729873657,0.5209749937057495,0.024390243902439025,False,0
C3_2,search,128,2,8,it0182,0.5555731654167175,0.4993475079536438,0.4,False,0
C3_2,search,128,2,8,it0183,0.5285784006118774,0.4252481460571289,0.04,False,1
C3_2,search,128,2,8,it0184,0.24808278679847717,0.30681461095809937,0.13333333333333333,False,1
C3_2,search,128,2,8,it0185,0.5160433053970337,0.5190152525901794,0.03225806451612903,False,1
C3_2,search,128,2,8,it0186,0.5630835294723511,0.5088121294975281,0.20833333333333334,False,1
C3_2,search,128,2,8,it0187,0.5104162693023682,0.4425833821296692,0.0,False,0
C3_2,search,128,2,8,it0188,0.6857181787490845,0.5756873488426208,0.0,False,1
C3_2,search,128,2,8,it0189,0.3535562753677368,0.3359817862510681,0.15,False,1
C3_2,search,128,2,8,it0190,0.4913444221019745,0.45382726192474365,0.0,False,1
C3_2,search,128,2,8,it0191,0.3739580512046814,0.3763066530227661,0.08,False,0
C3_2,search,128,2,8,it0192,0.44000595808029175,0.5034065246582031,0.37037037037037035,False,0
C3_2,search,128,2,8,it0193,0.37720268964767456,0.2517455816268921,0.3125,False,1
C3_2,search,128,2,8,it0194,0.5741786360740662,0.6521527171134949,0.0,False,0
C3_2,search,128,2,8,it0195,0.5933454632759094,0.5102285146713257,0.4230769230769231,False,1
C3_2,search,128,2,8,it0196,0.5302111506462097,0.44547659158706665,0.0,False,0
C3_2,search,128,2,8,it0197,0.4764289855957031,0.4168006181716919,0.09090909090909091,False,0
C3_2,search,128,2,8,it0198,0.14615434408187866,0.07773765921592712,0.0,False,0
C3_2,search,128,2,8,it0199,0.44994497299194336,0.4230848550796509,0.17647058823529413,False,1
C3_2,search,256,4,8,it0000,0.5610127449035645,0.49862927198410034,0.06521739130434782,False,0
C3_2,search,256,4,8,it0001,0.4189561605453491,0.251819372177124,0.1111111111111111,False,1
C3_2,search,256,4,8,it0002,0.36202484369277954,0.28954222798347473,0.13333333333333333,False,2
C3_2,search,256,4,8,it0003,0.3819171190261841,0.31793639063835144,0.2,False,3
C3_2,search,256,4,8,it0004,0.3810129165649414,0.35999351739883423,0.1875,False,2
C3_2,search,256,4,8,it0005,0.4621143341064453,0.4709995985031128,0.0,False,0
C3_2,search,256,4,8,it0006,0.2421463578939438,0.31785792112350464,0.2222222222222222,False,3
C3_2,search,256,4,8,it0007,0.23857229948043823,0.3473398685455322,0.13636363636363635,False,3
C3_2,search,256,4,8,it0008,0.38615530729293823,0.22134532034397125,0.14285714285714285,False,0
C3_2,search,256,4,8,it0009,0.5201885104179382,0.5886887311935425,0.07407407407407407,False,3
C3_2,search,256,4,8,it0010,0.5640193223953247,0.5781790614128113,0.2222222222222222,False,1
C3_2,search,256,4,8,it0011,0.5604690909385681,0.5703952312469482,0.0,False,2
C3_2,search,256,4,8,it0012,0.42554861307144165,0.3278879225254059,0.4827586206896552,False,3
C3_2,search,256,4,8,it0013,0.5959969758987427,0.5818353891372681,0.037037037037037035,False,0
C3_2,search,256,4,8,it0014,0.4420369267463684,0.38052478432655334,0.2,False,1
C3_2,search,256,4,8,it0015,0.542293131351471,0.5030773282051086,0.11764705882352941,False,0
C3_2,search,256,4,8,it0016,0.6425157785415649,0.42084208130836487,0.11764705882352941,False,3
C3_2,search,256,4,8,it0017,0.4066157937049866,0.39629065990448,0.0,False,3
C3_2,search,256,4,8,it0018,0.3772099018096924,0.22549530863761902,0.2647058823529412,False,3
C3_2,search,256,4,8,it0019,0.5625329613685608,0.4891190826892853,0.3695652173913043,False,3
C3_2,search,256,4,8,it0020,0.32357263565063477,0.31257784366607666,0.3076923076923077,False,3
C3_2,search,256,4,8,it0021,0.524852454662323,0.4340359568595886,0.030303030303030304,False,2
C3_2,search,256,4,8,it0022,0.4001730978488922,0.405593603849411,0.45,False,2
C3_2,search,256,4,8,it0023,0.6460903286933899,0.60421222448349,0.3888888888888889,False,2
C3_2,search,256,4,8,it0024,0.5461063385009766,0.46275952458381653,0.0,False,2
C3_2,search,256,4,8,it0025,0.6084586381912231,0.6164658069610596,0.3,False,0
C3_2,search,256,4,8,it0026,0.2731551229953766,0.2788751423358917,0.0,False,2
C3_2,search,256,4,8,it0027,0.642218828201294,0.546021044254303,0.125,False,1
C3_2,search,256,4,8,it0028,0.44564688205718994,0.5458275079727173,0.16666666666666666,False,0
C3_2,search,256,4,8,it0029,0.36693766713142395,0.4032878279685974,0.0,False,1
C3_2,search,256,4,8,it0030,0.5489152073860168,0.44150876998901367,0.12,False,2
C3_2,search,256,4,8,it0031,0.32714253664016724,0.2826423645019531,0.0,False,3
C3_2,search,256,4,8,it0032,0.6412976980209351,0.642550528049469,0.18518518518518517,False,0
C3_2,search,256,4,8,it0033,0.4190221428871155,0.31479281187057495,0.0,False,2
C3_2,search,256,4,8,it0034,0.5691059231758118,0.458716481924057,0.06666666666666667,False,1
C3_2,search,256,4,8,it0035,0.2538016140460968,0.24059270322322845,0.15384615384615385,False,2
C3_2,search,256,4,8,it0036,0.644798219203949,0.5794559121131897,0.16666666666666666,False,3
C3_2,search,256,4,8,it0037,0.48027706146240234,0.46301206946372986,0.13333333333333333,False,3
C3_2,search,256,4,8,it0038,0.32666105031967163,0.2880202531814575,0.13513513513513514,False,1
C3_2,search,256,4,8,it0039,0.4732765257358551,0.48915812373161316,0.12195121951219512,False,3
C3_2,search,256,4,8,it0040,0.28875067830085754,0.23850776255130768,0.4,False,0
C3_2,search,256,4,8,it0041,0.6599833965301514,0.43490079045295715,0.18181818181818182,False,2
C3_2,search,256,4,8,it0042,0.4458448588848114,0.4325430989265442,0.07407407407407407,False,3
C3_2,search,256,4,8,it0043,0.2676454782485962,0.3220682442188263,0.038461538461538464,False,0
C3_2,search,256,4,8,it0044,0.5051478147506714,0.5562356114387512,0.4,False,2
C3_2,search,256,4,8,it0045,0.26534366607666016,0.4161686301231384,0.13333333333333333,False,3
C3_2,search,256,4,8,it0046,0.44828763604164124,0.3715340197086334,0.0625,False,2
C3_2,search,256,4,8,it0047,0.39144787192344666,0.3032580614089966,0.55,False,0
C3_2,search,256,4,8,it0048,0.5191617012023926,0.44830089807510376,0.1875,False,0
C3_2,search,256,4,8,it0049,0.3206569254398346,0.5555413961410522,0.3181818181818182,False,3
C3_2,search,256,4,8,it0050,0.22903981804847717,0.12603583931922913,0.4090909090909091,False,0
C3_2,search,256,4,8,it0051,0.1396818608045578,0.46145114302635193,0.10344827586206896,False,1
C3_2,search,256,4,8,it0052,0.21821053326129913,0.30930444598197937,0.06666666666666667,False,2
C3_2,search,256,4,8,it0053,0.28652268648147583,0.3717583119869232,0.35135135135135137,False,3
C3_2,search,256,4,8,it0054,0.40798333287239075,0.15202823281288147,0.4166666666666667,False,0
C3_2,search,256,4,8,it0055,0.5139219760894775,0.4873804450035095,0.23076923076923078,False,1
C3_2,search,256,4,8,it0056,0.3660174310207367,0.35130178928375244,0.05,False,0
C3_2,search,256,4,8,it0057,0.5629252791404724,0.28783315420150757,0.47058823529411764,False,3
C3_2,search,256,4,8,it0058,0.34306326508522034,0.3038135766983032,0.08333333333333333,False,0
C3_2,search,256,4,8,it0059,0.5621287226676941,0.5691510438919067,0.17857142857142858,False,0
C3_2,search,256,4,8,it0060,0.47844719886779785,0.4426674544811249,0.23529411764705882,False,2
C3_2,search,256,4,8,it0061,0.48311349749565125,0.541181743144989,0.05714285714285714,False,2
C3_2,search,256,4,8,it0062,0.7674497365951538,0.6828606724739075,0.047619047619047616,False,3
C3_2,search,256,4,8,it0063,0.35173699259757996,0.34472447633743286,0.3103448275862069,False,2
C3_2,search,256,4,8,it0064,0.37448063492774963,0.4669678211212158,0.2222222222222222,False,0
C3_2,search,256,4,8,it0065,0.6485618352890015,0.6406136751174927,0.02564102564102564,False,3
C3_2,search,256,4,8,it0066,0.37571725249290466,0.3391532599925995,0.23809523809523808,False,2
C3_2,search,256,4,8,it0067,0.3045042157173157,0.27354896068573,0.2777777777777778,False,3
C3_2,search,256,4,8,it0068,0.6516625881195068,0.5611250400543213,0.02564102564102564,False,0
C3_2,search,256,4,8,it0069,0.29628652334213257,0.38834232091903687,0.22727272727272727,False,1
C3_2,search,256,4,8,it0070,0.450509637594223,0.5266756415367126,0.13333333333333333,False,1
C3_2,search,256,4,8,it0071,0.5721670985221863,0.5472779273986816,0.17857142857142858,False,3
C3_2,search,256,4,8,it0072,0.5374668836593628,0.5650904774665833,0.09090909090909091,False,3
C3_2,search,256,4,8,it0073,0.24554628133773804,0.3075866401195526,0.4827586206896552,False,3
C3_2,search,256,4,8,it0074,0.33948323130607605,0.29097074270248413,0.3333333333333333,False,1
C3_2,search,256,4,8,it0075,0.39890122413635254,0.3429296612739563,0.08695652173913043,False,2
C3_2,search,256,4,8,it0076,0.5700671076774597,0.41648349165916443,0.30434782608695654,False,2
C3_2,search,256,4,8,it0077,0.3960959017276764,0.5006008744239807,0.25,False,0
C3_2,search,256,4,8,it0078,0.4482317864894867,0.40431103110313416,0.23809523809523808,False,3
C3_2,search,256,4,8,it0079,0.6588935256004333,0.6238787174224854,0.08333333333333333,False,3
C3_2,search,256,4,8,it0080,0.42519351840019226,0.27092495560646057,0.36585365853658536,False,3
C3_2,search,256,4,8,it0081,0.38098573684692383,0.3164009153842926,0.10714285714285714,False,2
C3_2,search,256,4,8,it0082,0.46277299523353577,0.42199066281318665,0.0,False,0
C3_2,search,256,4,8,it0083,0.461309552192688,0.34403195977211,0.0,False,0
C3_2,search,256,4,8,it0084,0.5994244813919067,0.47959083318710327,0.044444444444444446,False,2
C3_2,search,256,4,8,it0085,0.5132325291633606,0.5081406831741333,0.07142857142857142,False,3
C3_2,search,256,4,8,it0086,0.5943898558616638,0.6006843447685242,0.5882352941176471,False,3
C3_2,search,256,4,8,it0087,0.46338292956352234,0.688359260559082,0.5,False,2
C3_2,search,256,4,8,it0088,0.30738329887390137,0.3653806149959564,0.047619047619047616,False,2
C3_2,search,256,4,8,it0089,0.4500609040260315,0.24880628287792206,0.16666666666666666,False,2
C3_2,search,256,4,8,it0090,0.514177680015564,0.6014127135276794,0.058823529411764705,False,3
C3_2,search,256,4,8,it0091,0.5411338806152344,0.4899916648864746,0.0967741935483871,False,2
C3_2,search,256,4,8,it0092,0.39905887842178345,0.35263359546661377,0.05714285714285714,False,0
C3_2,search,256,4,8,it0093,0.5070050358772278,0.45913732051849365,0.0,False,3
C3_2,search,256,4,8,it0094,0.3713051378726959,0.4440687894821167,0.0,False,2
C3_2,search,256,4,8,it0095,0.43168550729751587,0.5007894039154053,0.047619047619047616,False,2
C3_2,search,256,4,8,it0096,0.36324119567871094,0.41318684816360474,0.6818181818181818,False,3
C3_2,search,256,4,8,it0097,0.6498188972473145,0.5792464017868042,0.0,False,0
C3_2,search,256,4,8,it0098,0.5403957962989807,0.3703707456588745,0.14814814814814814,False,3
C3_2,search,256,4,8,it0099,0.22800609469413757,0.21818119287490845,0.0,False,1
C3_2,search,256,4,8,it0100,0.5733150243759155,0.5621801614761353,0.0,False,0
C3_2,search,256,4,8,it0101,0.2617391049861908,0.2639195919036865,0.13157894736842105,False,1
C3_2,search,256,4,8,it0102,0.19923479855060577,0.40566936135292053,0.0,False,3
C3_2,search,256,4,8,it0103,0.4952002763748169,0.5121201872825623,0.18181818181818182,False,3
C3_2,search,256,4,8,it0104,0.6102842092514038,0.5518531203269958,0.125,False,0
C3_2,search,256,4,8,it0105,0.43586087226867676,0.5368786454200745,0.08571428571428572,False,0
C3_2,search,256,4,8,it0106,0.32182908058166504,0.44954872131347656,0.0,False,3
C3_2,search,256,4,8,it0107,0.5837986469268799,0.5574761033058167,0.17391304347826086,False,1
C3_2,search,256,4,8,it0108,0.47512149810791016,0.40187376737594604,0.0,False,3
C3_2,search,256,4,8,it0109,0.5067394375801086,0.3811597526073456,0.21052631578947367,False,2
C3_2,search,256,4,8,it0110,0.20031419396400452,0.3778254985809326,0.16666666666666666,False,3
C3_2,search,256,4,8,it0111,0.2681269645690918,0.23269709944725037,0.48484848484848486,False,2
C3_2,search,256,4,8,it0112,0.6687756776809692,0.5859675407409668,0.045454545454545456,False,1
C3_2,search,256,4,8,it0113,0.5479241013526917,0.46793872117996216,0.29545454545454547,False,1
C3_2,search,256,4,8,it0114,0.46643882989883423,0.6301790475845337,0.16666666666666666,False,3
C3_2,search,256,4,8,it0115,0.33561310172080994,0.24894942343235016,0.0,False,1
C3_2,search,256,4,8,it0116,0.5013147592544556,0.4427219033241272,0.5294117647058824,False,3
C3_2,search,256,4,8,it0117,0.4495169520378113,0.5838392972946167,0.058823529411764705,False,0
C3_2,search,256,4,8,it0118,0.6905826926231384,0.6020603179931641,0.28846153846153844,False,3
C3_2,search,256,4,8,it0119,0.5816808342933655,0.464134156703949,0.7857142857142857,False,2
C3_2,search,256,4,8,it0120,0.6316487193107605,0.5113331079483032,0.0,False,1
C3_2,search,256,4,8,it0121,0.4564231336116791,0.40048348903656006,0.25,False,0
C3_2,search,256,4,8,it0122,0.3168097138404846,0.2548702359199524,0.13636363636363635,False,3
C3_2,search,256,4,8,it0123,0.3466443419456482,0.5300307869911194,0.4117647058823529,False,2
C3_2,search,256,4,8,it0124,0.6448869705200195,0.41752707958221436,0.30303030303030304,False,0
C3_2,search,256,4,8,it0125,0.47864294052124023,0.4293099343776703,0.07692307692307693,False,1
C3_2,search,256,4,8,it0126,0.46166932582855225,0.391568124294281,0.1875,False,0
C3_2,search,256,4,8,it0127,0.4198906421661377,0.48035821318626404,0.17647058823529413,False,1
C3_2,search,256,4,8,it0128,0.3371247351169586,0.4690285921096802,0.15,False,0
C3_2,search,256,4,8,it0129,0.29158130288124084,0.27754586935043335,0.058823529411764705,False,0
C3_2,search,256,4,8,it0130,0.35782110691070557,0.37428122758865356,0.3,False,3
C3_2,search,256,4,8,it0131,0.34773358702659607,0.4439718425273895,0.12903225806451613,False,3
C3_2,search,256,4,8,it0132,0.32801464200019836,0.26941585540771484,0.0,False,0
C3_2,search,256,4,8,it0133,0.5821760892868042,0.6352542042732239,0.0,False,1
C3_2,search,256,4,8,it0134,0.40193116664886475,0.34564244747161865,0.05263157894736842,False,0
C3_2,search,256,4,8,it0135,0.4860226809978485,0.4681781232357025,0.1282051282051282,False,1
C3_2,search,256,4,8,it0136,0.4067058861255646,0.46424418687820435,0.0,False,0
C3_2,search,256,4,8,it0137,0.5153032541275024,0.4120176434516907,0.16666666666666666,False,0
C3_2,search,256,4,8,it0138,0.5244913101196289,0.6140044331550598,0.5,False,0
C3_2,search,256,4,8,it0139,0.5849214792251587,0.5760691165924072,0.16666666666666666,False,0
C3_2,search,256,4,8,it0140,0.4680107831954956,0.4596112370491028,0.08333333333333333,False,0
C3_2,search,256,4,8,it0141,0.6023640036582947,0.6886413097381592,0.1,False,0
C3_2,search,256,4,8,it0142,0.23713557422161102,0.1890724003314972,0.16,False,0
C3_2,search,256,4,8,it0143,0.3254241943359375,0.37664341926574707,0.0,False,3
C3_2,search,256,4,8,it0144,0.5683580040931702,0.47899001836776733,0.17857142857142858,False,3
C3_2,search,256,4,8,it0145,0.5463401079177856,0.6106886863708496,0.15,False,0
C3_2,search,256,4,8,it0146,0.5232499241828918,0.4104548394680023,0.0,False,2
C3_2,search,256,4,8,it0147,0.3403937816619873,0.26644736528396606,0.043478260869565216,False,2
C3_2,search,256,4,8,it0148,0.17346535623073578,0.13408732414245605,0.17857142857142858,False,1
C3_2,search,256,4,8,it0149,0.4766318202018738,0.37786734104156494,0.2857142857142857,False,1
C3_2,search,256,4,8,it0150,0.43204784393310547,0.48129063844680786,0.4230769230769231,False,0
C3_2,search,256,4,8,it0151,0.5962785482406616,0.5085375308990479,0.11764705882352941,False,0
C3_2,search,256,4,8,it0152,0.5376622080802917,0.3377935588359833,0.0,False,3
C3_2,search,256,4,8,it0153,0.32119986414909363,0.46609464287757874,0.38095238095238093,False,2
C3_2,search,256,4,8,it0154,0.3022438585758209,0.11467098444700241,0.05263157894736842,False,3
C3_2,search,256,4,8,it0155,0.3286968171596527,0.3904885947704315,0.03571428571428571,False,3
C3_2,search,256,4,8,it0156,0.46117743849754333,0.3893505334854126,0.3333333333333333,False,3
C3_2,search,256,4,8,it0157,0.5072425603866577,0.4387192130088806,0.13953488372093023,False,1
C3_2,search,256,4,8,it0158,0.530890941619873,0.4439190626144409,0.21052631578947367,False,1
C3_2,search,256,4,8,it0159,0.39574533700942993,0.4448978304862976,0.21428571428571427,False,1
C3_2,search,256,4,8,it0160,0.5914568305015564,0.41205084323883057,0.0,False,1
C3_2,search,256,4,8,it0161,0.3707570731639862,0.35754790902137756,0.1724137931034483,False,0
C3_2,search,256,4,8,it0162,-0.022994689643383026,0.24186736345291138,0.2962962962962963,False,1
C3_2,search,256,4,8,it0163,0.548967182636261,0.6323435306549072,0.0,False,0
C3_2,search,256,4,8,it0164,0.5310443639755249,0.34045693278312683,0.03225806451612903,False,2
C3_2,search,256,4,8,it0165,0.23014506697654724,0.18264812231063843,0.0,False,1
C3_2,search,256,4,8,it0166,0.5672571063041687,0.3155268132686615,0.08333333333333333,False,1
C3_2,search,256,4,8,it0167,0.35181403160095215,0.4654849171638489,0.10526315789473684,False,2
C3_2,search,256,4,8,it0168,0.3177998661994934,0.3585200607776642,0.1,False,3
C3_2,search,256,4,8,it0169,0.3759619891643524,0.3770976960659027,0.0,False,1
C3_2,search,256,4,8,it0170,0.42840147018432617,0.3811792731285095,0.23529411764705882,False,3
C3_2,search,256,4,8,it0171,0.7008621692657471,0.5856804251670837,0.09523809523809523,False,1
C3_2,search,256,4,8,it0172,0.28034764528274536,0.30979540944099426,0.12,False,2
C3_2,search,256,4,8,it0173,0.6621031165122986,0.6323642134666443,0.06666666666666667,False,1
C3_2,search,256,4,8,it0174,0.4702697992324829,0.4867474138736725,0.0625,False,1
C3_2,search,256,4,8,it0175,0.17760610580444336,0.3792799711227417,0.13333333333333333,False,2
C3_2,search,256,4,8,it0176,0.4167969822883606,0.3228454887866974,0.05555555555555555,False,1
C3_2,search,256,4,8,it0177,0.4785327911376953,0.3430650234222412,0.0,False,2
C3_2,search,256,4,8,it0178,0.3281799852848053,0.3158053159713745,0.5294117647058824,False,3
C3_2,search,256,4,8,it0179,0.603985607624054,0.6737524271011353,0.03225806451612903,False,3
C3_2,search,256,4,8,it0180,0.45736345648765564,0.5416489243507385,0.0,False,0
C3_2,search,256,4,8,it0181,0.5426640510559082,0.5493853688240051,0.024390243902439025,False,3
C3_2,search,256,4,8,it0182,0.5555731654167175,0.4993475079536438,0.4,False,0
C3_2,search,256,4,8,it0183,0.6117904782295227,0.5158371329307556,0.04,False,2
C3_2,search,256,4,8,it0184,0.24808278679847717,0.30681461095809937,0.13333333333333333,False,1
C3_2,search,256,4,8,it0185,0.5160433053970337,0.5190152525901794,0.03225806451612903,False,1
C3_2,search,256,4,8,it0186,0.5630835294723511,0.5088121294975281,0.20833333333333334,False,1
C3_2,search,256,4,8,it0187,0.5104162693023682,0.4425833821296692,0.0,False,0
C3_2,search,256,4,8,it0188,0.6857181787490845,0.5756873488426208,0.0,False,1
C3_2,search,256,4,8,it0189,0.36684778332710266,0.33840128779411316,0.0,False,3
C3_2,search,256,4,8,it0190,0.5262961983680725,0.48753824830055237,0.0,False,3
C3_2,search,256,4,8,it0191,0.3739580512046814,0.3763066530227661,0.08,False,0
C3_2,search,256,4,8,it0192,0.5896657705307007,0.5714664459228516,0.25925925925925924,False,3
C3_2,search,256,4,8,it0193,0.44272923469543457,0.284125417470932,0.1875,False,2
C3_2,search,256,4,8,it0194,0.5741786360740662,0.6521527171134949,0.0,False,0
C3_2,search,256,4,8,it0195,0.5933454632759094,0.5102285146713257,0.4230769230769231,False,1
C3_2,search,256,4,8,it0196,0.421796053647995,0.45579421520233154,0.35714285714285715,False,3
C3_2,search,256,4,8,it0197,0.4764289855957031,0.4168006181716919,0.09090909090909091,False,0
C3_2,search,256,4,8,it0198,0.14236581325531006,0.20864182710647583,0.3125,False,3
C3_2,search,256,4,8,it0199,0.3345375955104828,0.4990941882133484,0.058823529411764705,False,3
C3_2,search,512,8,8,it0000,0.4857175052165985,0.5066250562667847,0.08695652173913043,False,7
C3_2,search,512,8,8,it0001,0.4189561605453491,0.251819372177124,0.1111111111111111,False,1
C3_2,search,512,8,8,it0002,0.2875816524028778,0.37263572216033936,0.3333333333333333,False,6
C3_2,search,512,8,8,it0003,0.3819171190261841,0.31793639063835144,0.2,False,3
C3_2,search,512,8,8,it0004,0.5468316078186035,0.43412935733795166,0.125,False,5
C3_2,search,512,8,8,it0005,0.4621143341064453,0.4709995985031128,0.0,False,0
C3_2,search,512,8,8,it0006,0.4591308832168579,0.44607406854629517,0.1111111111111111,False,5
C3_2,search,512,8,8,it0007,0.34133562445640564,0.4254932403564453,0.20454545454545456,False,4
C3_2,search,512,8,8,it0008,0.2664415240287781,0.2610931396484375,0.5238095238095238,False,6
C3_2,search,512,8,8,it0009,0.5201885104179382,0.5886887311935425,0.07407407407407407,False,3
C3_2,search,512,8,8,it0010,0.5940394997596741,0.5831632614135742,0.16666666666666666,False,5
C3_2,search,512,8,8,it0011,0.5604690909385681,0.5703952312469482,0.0,False,2
C3_2,search,512,8,8,it0012,0.43472668528556824,0.40031230449676514,0.4482758620689655,False,4
C3_2,search,512,8,8,it0013,0.6470918655395508,0.6392044425010681,0.0,False,5
C3_2,search,512,8,8,it0014,0.44388866424560547,0.44113489985466003,0.0,False,6
C3_2,search,512,8,8,it0015,0.542293131351471,0.5030773282051086,0.11764705882352941,False,0
C3_2,search,512,8,8,it0016,0.6425157785415649,0.42084208130836487,0.11764705882352941,False,3
C3_2,search,512,8,8,it0017,0.4066157937049866,0.39629065990448,0.0,False,3
C3_2,search,512,8,8,it0018,0.35614466667175293,0.23904205858707428,0.20588235294117646,False,6
C3_2,search,512,8,8,it0019,0.5694182515144348,0.49878430366516113,0.2826086956521739,False,4
C3_2,search,512,8,8,it0020,0.32357263565063477,0.31257784366607666,0.3076923076923077,False,3
C3_2,search,512,8,8,it0021,0.533897340297699,0.4996010661125183,0.06060606060606061,False,6
C3_2,search,512,8,8,it0022,0.4001730978488922,0.405593603849411,0.45,False,2
C3_2,search,512,8,8,it0023,0.6358848214149475,0.6286285519599915,0.2222222222222222,False,4
C3_2,search,512,8,8,it0024,0.635982096195221,0.5006558299064636,0.21428571428571427,False,4
C3_2,search,512,8,8,it0025,0.6084586381912231,0.6164658069610596,0.3,False,0
C3_2,search,512,8,8,it0026,0.37044402956962585,0.3383157551288605,0.25,False,4
C3_2,search,512,8,8,it0027,0.6773771047592163,0.5515690445899963,0.125,False,5
C3_2,search,512,8,8,it0028,0.5459950566291809,0.5710169076919556,0.19047619047619047,False,4
C3_2,search,512,8,8,it0029,0.3535810708999634,0.4666908383369446,0.125,False,4
C3_2,search,512,8,8,it0030,0.5620080828666687,0.5225649476051331,0.0,False,6
C3_2,search,512,8,8,it0031,0.40598076581954956,0.2958977222442627,0.2222222222222222,False,7
C3_2,search,512,8,8,it0032,0.6412976980209351,0.642550528049469,0.18518518518518517,False,0
C3_2,search,512,8,8,it0033,0.4190221428871155,0.31479281187057495,0.0,False,2
C3_2,search,512,8,8,it0034,0.5691059231758118,0.458716481924057,0.06666666666666667,False,1
C3_2,search,512,8,8,it0035,0.2538016140460968,0.24059270322322845,0.15384615384615385,False,2
C3_2,search,512,8,8,it0036,0.644798219203949,0.5794559121131897,0.16666666666666666,False,3
C3_2,search,512,8,8,it0037,0.56558758020401,0.4795469343662262,0.0,False,6
C3_2,search,512,8,8,it0038,0.32666105031967163,0.2880202531814575,0.13513513513513514,False,1
C3_2,search,512,8,8,it0039,0.6079521179199219,0.5348585247993469,0.04878048780487805,False,7
C3_2,search,512,8,8,it0040,0.28875067830085754,0.23850776255130768,0.4,False,0
C3_2,search,512,8,8,it0041,0.6599833965301514,0.43490079045295715,0.18181818181818182,False,2
C3_2,search,512,8,8,it0042,0.4458448588848114,0.4325430989265442,0.07407407407407407,False,3
C3_2,search,512,8,8,it0043,0.2676454782485962,0.3220682442188263,0.038461538461538464,False,0
C3_2,search,512,8,8,it0044,0.5051478147506714,0.5562356114387512,0.4,False,2
C3_2,search,512,8,8,it0045,0.2574162483215332,0.4339042901992798,0.23333333333333334,False,7
C3_2,search,512,8,8,it0046,0.407110333442688,0.3764297068119049,0.0625,False,4
C3_2,search,512,8,8,it0047,0.24665863811969757,0.4068412184715271,0.75,False,5
C3_2,search,512,8,8,it0048,0.5191617012023926,0.44830089807510376,0.1875,False,0
C3_2,search,512,8,8,it0049,0.3206569254398346,0.5555413961410522,0.3181818181818182,False,3
C3_2,search,512,8,8,it0050,0.3503594994544983,0.16341336071491241,0.7727272727272727,False,6
C3_2,search,512,8,8,it0051,0.1751270890235901,0.503218412399292,0.06896551724137931,False,7
C3_2,search,512,8,8,it0052,0.3746076822280884,0.327830970287323,0.0,False,4
C3_2,search,512,8,8,it0053,0.28652268648147583,0.3717583119869232,0.35135135135135137,False,3
C3_2,search,512,8,8,it0054,0.3821414113044739,0.3080471158027649,0.20833333333333334,False,6
C3_2,search,512,8,8,it0055,0.5139219760894775,0.4873804450035095,0.23076923076923078,False,1
C3_2,search,512,8,8,it0056,0.3660174310207367,0.35130178928375244,0.05,False,0
C3_2,search,512,8,8,it0057,0.5309426784515381,0.386194109916687,0.058823529411764705,False,5
C3_2,search,512,8,8,it0058,0.3996150493621826,0.3632579743862152,0.08333333333333333,False,6
C3_2,search,512,8,8,it0059,0.6180441379547119,0.630031168460846,0.17857142857142858,False,7
C3_2,search,512,8,8,it0060,0.5080778002738953,0.45251771807670593,0.0,False,4
C3_2,search,512,8,8,it0061,0.4958924651145935,0.5674781799316406,0.08571428571428572,False,7
C3_2,search,512,8,8,it0062,0.7674497365951538,0.6828606724739075,0.047619047619047616,False,3
C3_2,search,512,8,8,it0063,0.3486378788948059,0.4065501093864441,0.3448275862068966,False,5
C3_2,search,512,8,8,it0064,0.37448063492774963,0.4669678211212158,0.2222222222222222,False,0
C3_2,search,512,8,8,it0065,0.6672995686531067,0.6433147192001343,0.15384615384615385,False,7
C3_2,search,512,8,8,it0066,0.32153433561325073,0.35172611474990845,0.2857142857142857,False,6
C3_2,search,512,8,8,it0067,0.41642630100250244,0.3306722640991211,0.2777777777777778,False,6
C3_2,search,512,8,8,it0068,0.697925865650177,0.6170012950897217,0.0,False,6
C3_2,search,512,8,8,it0069,0.415547639131546,0.39463645219802856,0.13636363636363635,False,6
C3_2,search,512,8,8,it0070,0.5121275186538696,0.5663197636604309,0.0,False,6
C3_2,search,512,8,8,it0071,0.5721670985221863,0.5472779273986816,0.17857142857142858,False,3
C3_2,search,512,8,8,it0072,0.5374668836593628,0.5650904774665833,0.09090909090909091,False,3
C3_2,search,512,8,8,it0073,0.1435636281967163,0.3166371285915375,0.41379310344827586,False,6
C3_2,search,512,8,8,it0074,0.3570513427257538,0.3175567388534546,0.4666666666666667,False,4
C3_2,search,512,8,8,it0075,0.3416251540184021,0.3601717948913574,0.17391304347826086,False,6
C3_2,search,512,8,8,it0076,0.5700671076774597,0.41648349165916443,0.30434782608695654,False,2
C3_2,search,512,8,8,it0077,0.3960959017276764,0.5006008744239807,0.25,False,0
C3_2,search,512,8,8,it0078,0.4990213215351105,0.46051961183547974,0.0,False,6
C3_2,search,512,8,8,it0079,0.6588935256004333,0.6238787174224854,0.08333333333333333,False,3
C3_2,search,512,8,8,it0080,0.42519351840019226,0.27092495560646057,0.36585365853658536,False,3
C3_2,search,512,8,8,it0081,0.42715945839881897,0.35540980100631714,0.03571428571428571,False,4
C3_2,search,512,8,8,it0082,0.5037707686424255,0.4980509281158447,0.17647058823529413,False,4
C3_2,search,512,8,8,it0083,0.51924067735672,0.3932819664478302,0.029411764705882353,False,7
C3_2,search,512,8,8,it0084,0.6544320583343506,0.5222253203392029,0.06666666666666667,False,4
C3_2,search,512,8,8,it0085,0.5132325291633606,0.5081406831741333,0.07142857142857142,False,3
C3_2,search,512,8,8,it0086,0.5594502687454224,0.6212074756622314,0.17647058823529413,False,4
C3_2,search,512,8,8,it0087,0.46338292956352234,0.688359260559082,0.5,False,2
C3_2,search,512,8,8,it0088,0.38976481556892395,0.42224204540252686,0.0,False,7
C3_2,search,512,8,8,it0089,0.33064714074134827,0.26842302083969116,0.08333333333333333,False,7
C3_2,search,512,8,8,it0090,0.514177680015564,0.6014127135276794,0.058823529411764705,False,3
C3_2,search,512,8,8,it0091,0.5807643532752991,0.5196645259857178,0.12903225806451613,False,4
C3_2,search,512,8,8,it0092,0.4841865301132202,0.377059668302536,0.08571428571428572,False,6
C3_2,search,512,8,8,it0093,0.5070050358772278,0.45913732051849365,0.0,False,3
C3_2,search,512,8,8,it0094,0.3848372995853424,0.487395703792572,0.0,False,4
C3_2,search,512,8,8,it0095,0.5393691658973694,0.5107303857803345,0.2857142857142857,False,6
C3_2,search,512,8,8,it0096,0.574190080165863,0.4743630588054657,0.4090909090909091,False,5
C3_2,search,512,8,8,it0097,0.6498188972473145,0.5792464017868042,0.0,False,0
C3_2,search,512,8,8,it0098,0.45240676403045654,0.38118404150009155,0.18518518518518517,False,4
C3_2,search,512,8,8,it0099,0.22800609469413757,0.21818119287490845,0.0,False,1
C3_2,search,512,8,8,it0100,0.6828161478042603,0.6442302465438843,0.0,False,7
C3_2,search,512,8,8,it0101,0.3768896460533142,0.30824145674705505,0.02631578947368421,False,7
C3_2,search,512,8,8,it0102,0.33536452054977417,0.4706856608390808,0.15384615384615385,False,6
C3_2,search,512,8,8,it0103,0.4952002763748169,0.5121201872825623,0.18181818181818182,False,3
C3_2,search,512,8,8,it0104,0.493455171585083,0.5917254686355591,0.08333333333333333,False,4
C3_2,search,512,8,8,it0105,0.43586087226867676,0.5368786454200745,0.08571428571428572,False,0
C3_2,search,512,8,8,it0106,0.30898845195770264,0.49327653646469116,0.0,False,5
C3_2,search,512,8,8,it0107,0.5837986469268799,0.5574761033058167,0.17391304347826086,False,1
C3_2,search,512,8,8,it0108,0.47512149810791016,0.40187376737594604,0.0,False,3
C3_2,search,512,8,8,it0109,0.5327775478363037,0.439784437417984,0.21052631578947367,False,6
C3_2,search,512,8,8,it0110,0.20031419396400452,0.3778254985809326,0.16666666666666666,False,3
C3_2,search,512,8,8,it0111,0.34508123993873596,0.2488677054643631,0.42424242424242425,False,7
C3_2,search,512,8,8,it0112,0.6687756776809692,0.5859675407409668,0.045454545454545456,False,1
C3_2,search,512,8,8,it0113,0.5479241013526917,0.46793872117996216,0.29545454545454547,False,1
C3_2,search,512,8,8,it0114,0.46643882989883423,0.6301790475845337,0.16666666666666666,False,3
C3_2,search,512,8,8,it0115,0.41357141733169556,0.26424384117126465,0.14285714285714285,False,5
C3_2,search,512,8,8,it0116,0.5013147592544556,0.4427219033241272,0.5294117647058824,False,3
C3_2,search,512,8,8,it0117,0.4495169520378113,0.5838392972946167,0.058823529411764705,False,0
C3_2,search,512,8,8,it0118,0.6905826926231384,0.6020603179931641,0.28846153846153844,False,3
C3_2,search,512,8,8,it0119,0.4063745141029358,0.5779573321342468,0.21428571428571427,False,5
C3_2,search,512,8,8,it0120,0.6130670309066772,0.5516149401664734,0.0,False,5
C3_2,search,512,8,8,it0121,0.4840428829193115,0.4768426716327667,0.0,False,6
C3_2,search,512,8,8,it0122,0.24752062559127808,0.2646673917770386,0.36363636363636365,False,7
C3_2,search,512,8,8,it0123,0.3466443419456482,0.5300307869911194,0.4117647058823529,False,2
C3_2,search,512,8,8,it0124,0.5897330045700073,0.4931352734565735,0.06060606060606061,False,7
C3_2,search,512,8,8,it0125,0.47864294052124023,0.4293099343776703,0.07692307692307693,False,1
C3_2,search,512,8,8,it0126,0.46166932582855225,0.391568124294281,0.1875,False,0
C3_2,search,512,8,8,it0127,0.4198906421661377,0.48035821318626404,0.17647058823529413,False,1
C3_2,search,512,8,8,it0128,0.3371247351169586,0.4690285921096802,0.15,False,0
C3_2,search,512,8,8,it0129,0.3684926927089691,0.30617082118988037,0.0,False,5
C3_2,search,512,8,8,it0130,0.35782110691070557,0.37428122758865356,0.3,False,3
C3_2,search,512,8,8,it0131,0.34773358702659607,0.4439718425273895,0.12903225806451613,False,3
C3_2,search,512,8,8,it0132,0.32801464200019836,0.26941585540771484,0.0,False,0
C3_2,search,512,8,8,it0133,0.5821760892868042,0.6352542042732239,0.0,False,1
C3_2,search,512,8,8,it0134,0.40193116664886475,0.34564244747161865,0.05263157894736842,False,0
C3_2,search,512,8,8,it0135,0.4860226809978485,0.4681781232357025,0.1282051282051282,False,1
C3_2,search,512,8,8,it0136,0.5970001816749573,0.5537099838256836,0.1,False,6
C3_2,search,512,8,8,it0137,0.5153032541275024,0.4120176434516907,0.16666666666666666,False,0
C3_2,search,512,8,8,it0138,0.5135881900787354,0.638089656829834,0.3333333333333333,False,7
C3_2,search,512,8,8,it0139,0.5849214792251587,0.5760691165924072,0.16666666666666666,False,0
C3_2,search,512,8,8,it0140,0.4918999671936035,0.4622361958026886,0.125,False,5
C3_2,search,512,8,8,it0141,0.6572549343109131,0.7265702486038208,0.36666666666666664,False,5
C3_2,search,512,8,8,it0142,0.37523192167282104,0.39278164505958557,0.64,False,5
C3_2,search,512,8,8,it0143,0.37877804040908813,0.49335381388664246,0.0,False,6
C3_2,search,512,8,8,it0144,0.5683580040931702,0.47899001836776733,0.17857142857142858,False,3
C3_2,search,512,8,8,it0145,0.676647424697876,0.6641844511032104,0.075,False,5
C3_2,search,512,8,8,it0146,0.46490567922592163,0.4820330739021301,0.05,False,6
C3_2,search,512,8,8,it0147,0.5363470911979675,0.3116474449634552,0.08695652173913043,False,5
C3_2,search,512,8,8,it0148,0.20292696356773376,0.24335794150829315,0.14285714285714285,False,6
C3_2,search,512,8,8,it0149,0.4659310579299927,0.4659116566181183,0.7142857142857143,False,7
C3_2,search,512,8,8,it0150,0.39307287335395813,0.49065884947776794,0.19230769230769232,False,4
C3_2,search,512,8,8,it0151,0.5962785482406616,0.5085375308990479,0.11764705882352941,False,0
C3_2,search,512,8,8,it0152,0.5491772294044495,0.4100746214389801,0.0,False,7
C3_2,search,512,8,8,it0153,0.3405887484550476,0.5308951735496521,0.4523809523809524,False,5
C3_2,search,512,8,8,it0154,0.27725714445114136,0.13988640904426575,0.10526315789473684,False,6
C3_2,search,512,8,8,it0155,0.3286968171596527,0.3904885947704315,0.03571428571428571,False,3
C3_2,search,512,8,8,it0156,0.46117743849754333,0.3893505334854126,0.3333333333333333,False,3
C3_2,search,512,8,8,it0157,0.592624306678772,0.45085468888282776,0.046511627906976744,False,5
C3_2,search,512,8,8,it0158,0.530890941619873,0.4439190626144409,0.21052631578947367,False,1
C3_2,search,512,8,8,it0159,0.39574533700942993,0.4448978304862976,0.21428571428571427,False,1
C3_2,search,512,8,8,it0160,0.5663703680038452,0.512600839138031,0.0,False,4
C3_2,search,512,8,8,it0161,0.3707570731639862,0.35754790902137756,0.1724137931034483,False,0
C3_2,search,512,8,8,it0162,0.11382477730512619,0.31058621406555176,0.2962962962962963,False,7
C3_2,search,512,8,8,it0163,0.548967182636261,0.6323435306549072,0.0,False,0
C3_2,search,512,8,8,it0164,0.5629198551177979,0.37832674384117126,0.1935483870967742,False,4
C3_2,search,512,8,8,it0165,0.3328424096107483,0.2976940870285034,0.3333333333333333,False,6
C3_2,search,512,8,8,it0166,0.4948110580444336,0.34302058815956116,0.16666666666666666,False,5
C3_2,search,512,8,8,it0167,0.35181403160095215,0.4654849171638489,0.10526315789473684,False,2
C3_2,search,512,8,8,it0168,0.3177998661994934,0.3585200607776642,0.1,False,3
C3_2,search,512,8,8,it0169,0.41476812958717346,0.5049177408218384,0.1,False,7
C3_2,search,512,8,8,it0170,0.3913331627845764,0.4027310609817505,0.23529411764705882,False,4
C3_2,search,512,8,8,it0171,0.7144312262535095,0.6130962371826172,0.09523809523809523,False,4
C3_2,search,512,8,8,it0172,0.26306411623954773,0.3249053657054901,0.0,False,5
C3_2,search,512,8,8,it0173,0.6571003198623657,0.6636703014373779,0.0,False,6
C3_2,search,512,8,8,it0174,0.4702697992324829,0.4867474138736725,0.0625,False,1
C3_2,search,512,8,8,it0175,0.17760610580444336,0.3792799711227417,0.13333333333333333,False,2
C3_2,search,512,8,8,it0176,0.3731831908226013,0.37883758544921875,0.2777777777777778,False,7
C3_2,search,512,8,8,it0177,0.39423906803131104,0.3902888298034668,0.10526315789473684,False,5
C3_2,search,512,8,8,it0178,0.3281799852848053,0.3158053159713745,0.5294117647058824,False,3
C3_2,search,512,8,8,it0179,0.603985607624054,0.6737524271011353,0.03225806451612903,False,3
C3_2,search,512,8,8,it0180,0.45736345648765564,0.5416489243507385,0.0,False,0
C3_2,search,512,8,8,it0181,0.5426640510559082,0.5493853688240051,0.024390243902439025,False,3
C3_2,search,512,8,8,it0182,0.5555731654167175,0.4993475079536438,0.4,False,0
C3_2,search,512,8,8,it0183,0.6196993589401245,0.5379014015197754,0.08,False,5
C3_2,search,512,8,8,it0184,0.28351137042045593,0.398494154214859,0.3333333333333333,False,5
C3_2,search,512,8,8,it0185,0.5160433053970337,0.5190152525901794,0.03225806451612903,False,1
C3_2,search,512,8,8,it0186,0.5630835294723511,0.5088121294975281,0.20833333333333334,False,1
C3_2,search,512,8,8,it0187,0.5241060256958008,0.545270562171936,0.25,False,5
C3_2,search,512,8,8,it0188,0.6857181787490845,0.5756873488426208,0.0,False,1
C3_2,search,512,8,8,it0189,0.40570589900016785,0.4223041832447052,0.0,False,4
C3_2,search,512,8,8,it0190,0.5426675081253052,0.6082726120948792,0.0,False,6
C3_2,search,512,8,8,it0191,0.3739580512046814,0.3763066530227661,0.08,False,0
C3_2,search,512,8,8,it0192,0.5896657705307007,0.5714664459228516,0.25925925925925924,False,3
C3_2,search,512,8,8,it0193,0.44272923469543457,0.284125417470932,0.1875,False,2
C3_2,search,512,8,8,it0194,0.5741786360740662,0.6521527171134949,0.0,False,0
C3_2,search,512,8,8,it0195,0.6359274387359619,0.6077543497085571,0.5769230769230769,False,7
C3_2,search,512,8,8,it0196,0.421796053647995,0.45579421520233154,0.35714285714285715,False,3
C3_2,search,512,8,8,it0197,0.4764289855957031,0.4168006181716919,0.09090909090909091,False,0
C3_2,search,512,8,8,it0198,0.24950608611106873,0.25341320037841797,0.25,False,6
C3_2,search,512,8,8,it0199,0.4674113988876343,0.5238533020019531,0.0,False,4
C3_2,refine,128,1,16,it0000,0.4501740634441376,0.42288389801979065,0.08695652173913043,False,0
C3_2,refine,128,1,16,it0001,0.45394641160964966,0.3610435724258423,0.2222222222222222,False,0
C3_2,refine,128,1,16,it0002,0.3157203197479248,0.27017948031425476,0.13333333333333333,False,0
C3_2,refine,128,1,16,it0003,0.4378698468208313,0.22051405906677246,0.26666666666666666,False,0
C3_2,refine,128,1,16,it0004,0.5077217221260071,0.3286536931991577,0.1875,False,0
C3_2,refine,128,1,16,it0005,0.4581684172153473,0.23977512121200562,0.1111111111111111,False,0
C3_2,refine,128,1,16,it0006,0.2900006175041199,0.32604753971099854,0.2222222222222222,False,0
C3_2,refine,128,1,16,it0007,0.21807891130447388,0.1933026909828186,0.25,False,0
C3_2,refine,128,1,16,it0008,0.3333371877670288,0.2828948497772217,0.2857142857142857,False,0
C3_2,refine,128,1,16,it0009,0.5788130760192871,0.582279622554779,0.18518518518518517,False,0
C3_2,refine,128,1,16,it0010,0.5305483341217041,0.4518032670021057,0.16666666666666666,False,0
C3_2,refine,128,1,16,it0011,0.5174471139907837,0.5392508506774902,0.043478260869565216,False,0
C3_2,refine,128,1,16,it0012,0.48724550008773804,0.42688891291618347,0.3103448275862069,False,0
C3_2,refine,128,1,16,it0013,0.49406060576438904,0.563533365726471,0.0,False,0
C3_2,refine,128,1,16,it0014,0.3845483660697937,0.3325330913066864,0.13333333333333333,False,0
C3_2,refine,128,1,16,it0015,0.36449384689331055,0.46999800205230713,0.11764705882352941,False,0
C3_2,refine,128,1,16,it0016,0.45460787415504456,0.3427906632423401,0.23529411764705882,False,0
C3_2,refine,128,1,16,it0017,0.5081770420074463,0.37649279832839966,0.0,False,0
C3_2,refine,128,1,16,it0018,0.29255080223083496,0.20183803141117096,0.029411764705882353,False,0
C3_2,refine,128,1,16,it0019,0.6160320043563843,0.5500473976135254,0.1956521739130435,False,0
C3_2,refine,128,1,16,it0020,0.407041996717453,0.2559995651245117,0.3076923076923077,False,0
C3_2,refine,128,1,16,it0021,0.48454001545906067,0.4414099454879761,0.12121212121212122,False,0
C3_2,refine,128,1,16,it0022,0.3170406222343445,0.34646257758140564,0.475,False,0
C3_2,refine,128,1,16,it0023,0.5638662576675415,0.47545504570007324,0.6111111111111112,False,0
C3_2,refine,128,1,16,it0024,0.5391197204589844,0.37361589074134827,0.21428571428571427,False,0
C3_2,refine,128,1,16,it0025,0.6242256760597229,0.6399959325790405,0.05,False,0
C3_2,refine,128,1,16,it0026,0.33310264348983765,0.19608789682388306,0.0625,False,0
C3_2,refine,128,1,16,it0027,0.6893364191055298,0.6043932437896729,0.125,False,0
C3_2,refine,128,1,16,it0028,0.45463719964027405,0.5086861848831177,0.11904761904761904,False,0
C3_2,refine,128,1,16,it0029,0.3606473207473755,0.3972223699092865,0.0,False,0
C3_2,refine,128,1,16,it0030,0.5356637239456177,0.4565655589103699,0.24,False,0
C3_2,refine,128,1,16,it0031,0.2843513488769531,0.2644842565059662,0.2777777777777778,False,0
C3_2,refine,128,1,16,it0032,0.6249125003814697,0.5394065380096436,0.037037037037037035,False,0
C3_2,refine,128,1,16,it0033,0.4106689989566803,0.3801409602165222,0.0,False,0
C3_2,refine,128,1,16,it0034,0.42998945713043213,0.4048141837120056,0.23333333333333334,False,0
C3_2,refine,128,1,16,it0035,0.33510372042655945,0.05540876090526581,0.0,False,0
C3_2,refine,128,1,16,it0036,0.49857431650161743,0.4216659963130951,0.16666666666666666,False,0
C3_2,refine,128,1,16,it0037,0.4820616543292999,0.466960608959198,0.0,False,0
C3_2,refine,128,1,16,it0038,0.3564222455024719,0.18635980784893036,0.05405405405405406,False,0
C3_2,refine,128,1,16,it0039,0.4780133366584778,0.49791035056114197,0.12195121951219512,False,0
C3_2,refine,128,1,16,it0040,0.20975200831890106,0.11359332501888275,0.13333333333333333,False,0
C3_2,refine,128,1,16,it0041,0.5701144933700562,0.34123867750167847,0.09090909090909091,False,0
C3_2,refine,128,1,16,it0042,0.44361060857772827,0.4985826313495636,0.3333333333333333,False,0
C3_2,refine,128,1,16,it0043,0.22196181118488312,0.17544834315776825,0.0,False,0
C3_2,refine,128,1,16,it0044,0.5051429867744446,0.3557647466659546,0.12,False,0
C3_2,refine,128,1,16,it0045,0.2330191433429718,0.33165282011032104,0.06666666666666667,False,0
C3_2,refine,128,1,16,it0046,0.2917018532752991,0.27521637082099915,0.0,False,0
C3_2,refine,128,1,16,it0047,0.4021144509315491,0.3622768223285675,0.55,False,0
C3_2,refine,128,1,16,it0048,0.46720805764198303,0.48867714405059814,0.1875,False,0
C3_2,refine,128,1,16,it0049,0.30276980996131897,0.47755059599876404,0.13636363636363635,False,0
C3_2,refine,128,1,16,it0050,0.10635007917881012,0.03259965032339096,0.4090909090909091,False,0
C3_2,refine,128,1,16,it0051,0.13504548370838165,0.3988857567310333,0.13793103448275862,False,0
C3_2,refine,128,1,16,it0052,0.19836807250976562,0.22541865706443787,0.0,False,0
C3_2,refine,128,1,16,it0053,0.28494903445243835,0.30693113803863525,0.2702702702702703,False,0
C3_2,refine,128,1,16,it0054,0.26221734285354614,0.16398845613002777,0.20833333333333334,False,0
C3_2,refine,128,1,16,it0055,0.4059532582759857,0.4207139313220978,0.38461538461538464,False,0
C3_2,refine,128,1,16,it0056,0.4208698868751526,0.2984306216239929,0.15,False,0
C3_2,refine,128,1,16,it0057,0.5187737941741943,0.30769267678260803,0.2647058823529412,False,0
C3_2,refine,128,1,16,it0058,0.34129321575164795,0.27505195140838623,0.25,False,0
C3_2,refine,128,1,16,it0059,0.4980389475822449,0.5462188124656677,0.14285714285714285,False,0
C3_2,refine,128,1,16,it0060,0.4768903851509094,0.376544713973999,0.0,False,0
C3_2,refine,128,1,16,it0061,0.47272729873657227,0.5488089919090271,0.0,False,0
C3_2,refine,128,1,16,it0062,0.4997667372226715,0.43284162878990173,0.047619047619047616,False,0
C3_2,refine,128,1,16,it0063,0.3976439833641052,0.32343438267707825,0.06896551724137931,False,0
C3_2,refine,128,1,16,it0064,0.42369577288627625,0.39315152168273926,0.05555555555555555,False,0
C3_2,refine,128,1,16,it0065,0.6579932570457458,0.5850982666015625,0.1794871794871795,False,0
C3_2,refine,128,1,16,it0066,0.28238895535469055,0.278798371553421,0.19047619047619047,False,0
C3_2,refine,128,1,16,it0067,0.255899041891098,0.17453299462795258,0.16666666666666666,False,0
C3_2,refine,128,1,16,it0068,0.6314282417297363,0.6494454145431519,0.02564102564102564,False,0
C3_2,refine,128,1,16,it0069,0.280216783285141,0.13940492272377014,0.09090909090909091,False,0
C3_2,refine,128,1,16,it0070,0.2703288197517395,0.3241237998008728,0.0,False,0
C3_2,refine,128,1,16,it0071,0.6040447950363159,0.5813438892364502,0.17857142857142858,False,0
C3_2,refine,128,1,16,it0072,0.5404536724090576,0.5294734239578247,0.0,False,0
C3_2,refine,128,1,16,it0073,0.13556057214736938,0.2136499583721161,0.1724137931034483,False,0
C3_2,refine,128,1,16,it0074,0.23036393523216248,0.18753820657730103,0.3333333333333333,False,0
C3_2,refine,128,1,16,it0075,0.29005879163742065,0.354619562625885,0.13043478260869565,False,0
C3_2,refine,128,1,16,it0076,0.5693750381469727,0.24782302975654602,0.08695652173913043,False,0
C3_2,refine,128,1,16,it0077,0.42913496494293213,0.43453696370124817,0.25,False,0
C3_2,refine,128,1,16,it0078,0.37206441164016724,0.2902594804763794,0.14285714285714285,False,0
C3_2,refine,128,1,16,it0079,0.6413969993591309,0.6149246692657471,0.041666666666666664,False,0
C3_2,refine,128,1,16,it0080,0.3316219449043274,0.22378599643707275,0.12195121951219512,False,0
C3_2,refine,128,1,16,it0081,0.3022051453590393,0.25351983308792114,0.10714285714285714,False,0
C3_2,refine,128,1,16,it0082,0.32930630445480347,0.3615378737449646,0.0,False,0
C3_2,refine,128,1,16,it0083,0.41577112674713135,0.33132755756378174,0.058823529411764705,False,0
C3_2,refine,128,1,16,it0084,0.6251933574676514,0.48640304803848267,0.022222222222222223,False,0
C3_2,refine,128,1,16,it0085,0.4075186550617218,0.3848201036453247,0.07142857142857142,False,0
C3_2,refine,128,1,16,it0086,0.5650539994239807,0.5018323659896851,0.17647058823529413,False,0
C3_2,refine,128,1,16,it0087,0.5719413757324219,0.6716604828834534,0.4375,False,0
C3_2,refine,128,1,16,it0088,0.4450732469558716,0.37679851055145264,0.047619047619047616,False,0
C3_2,refine,128,1,16,it0089,0.3437712490558624,0.17279857397079468,0.041666666666666664,False,0
C3_2,refine,128,1,16,it0090,0.5624082088470459,0.5721287727355957,0.058823529411764705,False,0
C3_2,refine,128,1,16,it0091,0.5985956192016602,0.4930689334869385,0.03225806451612903,False,0
C3_2,refine,128,1,16,it0092,0.3889148533344269,0.3107983469963074,0.17142857142857143,False,0
C3_2,refine,128,1,16,it0093,0.455585777759552,0.3802621364593506,0.15789473684210525,False,0
C3_2,refine,128,1,16,it0094,0.37187930941581726,0.34897178411483765,0.23076923076923078,False,0
C3_2,refine,128,1,16,it0095,0.477798193693161,0.6005443334579468,0.047619047619047616,False,0
C3_2,refine,128,1,16,it0096,0.547468900680542,0.3269633650779724,0.5,False,0
C3_2,refine,128,1,16,it0097,0.6174009442329407,0.5663119554519653,0.1,False,0
C3_2,refine,128,1,16,it0098,0.39824530482292175,0.28283122181892395,0.1111111111111111,False,0
C3_2,refine,128,1,16,it0099,0.284742534160614,0.18291379511356354,0.0,False,0
C3_2,refine,128,1,16,it0100,0.6092759370803833,0.5538450479507446,0.23076923076923078,False,0
C3_2,refine,128,1,16,it0101,0.21932826936244965,0.2261555790901184,0.0,False,0
C3_2,refine,128,1,16,it0102,0.40022310614585876,0.305355966091156,0.0,False,0
C3_2,refine,128,1,16,it0103,0.29002702236175537,0.2387639582157135,0.22727272727272727,False,0
C3_2,refine,128,1,16,it0104,0.5187622904777527,0.4728742837905884,0.0,False,0
C3_2,refine,128,1,16,it0105,0.38466939330101013,0.5234412550926208,0.11428571428571428,False,0
C3_2,refine,128,1,16,it0106,0.31122687458992004,0.3609563708305359,0.0,False,0
C3_2,refine,128,1,16,it0107,0.43119168281555176,0.5644282102584839,0.043478260869565216,False,0
C3_2,refine,128,1,16,it0108,0.4060116410255432,0.2530100345611572,0.0,False,0
C3_2,refine,128,1,16,it0109,0.4684814512729645,0.3222675025463104,0.10526315789473684,False,0
C3_2,refine,128,1,16,it0110,0.19526749849319458,0.3078693747520447,0.2,False,0
C3_2,refine,128,1,16,it0111,0.16633163392543793,0.09491466730833054,0.12121212121212122,False,0
C3_2,refine,128,1,16,it0112,0.6394029855728149,0.4862971901893616,0.045454545454545456,False,0
C3_2,refine,128,1,16,it0113,0.5621379017829895,0.4375857710838318,0.022727272727272728,False,0
C3_2,refine,128,1,16,it0114,0.4971124529838562,0.3431825041770935,0.3888888888888889,False,0
C3_2,refine,128,1,16,it0115,0.2352866530418396,0.15041163563728333,0.07142857142857142,False,0
C3_2,refine,128,1,16,it0116,0.47724246978759766,0.4697439670562744,0.058823529411764705,False,0
C3_2,refine,128,1,16,it0117,0.3746963143348694,0.5421882271766663,0.0,False,0
C3_2,refine,128,1,16,it0118,0.6770400404930115,0.5840827226638794,0.23076923076923078,False,0
C3_2,refine,128,1,16,it0119,0.4028421640396118,0.4166429042816162,0.07142857142857142,False,0
C3_2,refine,128,1,16,it0120,0.6131263971328735,0.4738919734954834,0.06666666666666667,False,0
C3_2,refine,128,1,16,it0121,0.5201271772384644,0.35146838426589966,0.25,False,0
C3_2,refine,128,1,16,it0122,0.34525978565216064,0.2767318785190582,0.2727272727272727,False,0
C3_2,refine,128,1,16,it0123,0.25612127780914307,0.42814353108406067,0.0,False,0
C3_2,refine,128,1,16,it0124,0.6751930713653564,0.45526087284088135,0.21212121212121213,False,0
C3_2,refine,128,1,16,it0125,0.47195765376091003,0.360635906457901,0.1282051282051282,False,0
C3_2,refine,128,1,16,it0126,0.5079450607299805,0.3867560029029846,0.125,False,0
C3_2,refine,128,1,16,it0127,0.35118773579597473,0.2825899124145508,0.0,False,0
C3_2,refine,128,1,16,it0128,0.322114497423172,0.36035650968551636,0.0,False,0
C3_2,refine,128,1,16,it0129,0.2971947193145752,0.18310856819152832,0.0,False,0
C3_2,refine,128,1,16,it0130,0.3320249319076538,0.28706565499305725,0.1,False,0
C3_2,refine,128,1,16,it0131,0.21180561184883118,0.1671827733516693,0.03225806451612903,False,0
C3_2,refine,128,1,16,it0132,0.30866119265556335,0.2400338053703308,0.0,False,0
C3_2,refine,128,1,16,it0133,0.5546665191650391,0.46880874037742615,0.0,False,0
C3_2,refine,128,1,16,it0134,0.41726920008659363,0.3126262426376343,0.05263157894736842,False,0
C3_2,refine,128,1,16,it0135,0.3752082586288452,0.39052388072013855,0.15384615384615385,False,0
C3_2,refine,128,1,16,it0136,0.4407794177532196,0.41603782773017883,0.0,False,0
C3_2,refine,128,1,16,it0137,0.48686280846595764,0.378365695476532,0.16666666666666666,False,0
C3_2,refine,128,1,16,it0138,0.6012361645698547,0.6168139576911926,0.3888888888888889,False,0
C3_2,refine,128,1,16,it0139,0.5321869850158691,0.25799649953842163,0.05555555555555555,False,0
C3_2,refine,128,1,16,it0140,0.33836808800697327,0.2739768326282501,0.08333333333333333,False,0
C3_2,refine,128,1,16,it0141,0.5216447710990906,0.5620447993278503,0.1,False,0
C3_2,refine,128,1,16,it0142,0.26377660036087036,0.13427284359931946,0.0,False,0
C3_2,refine,128,1,16,it0143,0.33592650294303894,0.36848539113998413,0.0,False,0
C3_2,refine,128,1,16,it0144,0.613861083984375,0.2693498134613037,0.14285714285714285,False,0
C3_2,refine,128,1,16,it0145,0.5760844945907593,0.6712548136711121,0.025,False,0
C3_2,refine,128,1,16,it0146,0.5037712454795837,0.3433399498462677,0.0,False,0
C3_2,refine,128,1,16,it0147,0.4067847728729248,0.2565203309059143,0.0,False,0
C3_2,refine,128,1,16,it0148,0.1341531127691269,0.16820836067199707,0.14285714285714285,False,0
C3_2,refine,128,1,16,it0149,0.42951077222824097,0.33319687843322754,0.14285714285714285,False,0
C3_2,refine,128,1,16,it0150,0.4521637260913849,0.3706792891025543,0.11538461538461539,False,0
C3_2,refine,128,1,16,it0151,0.5461400747299194,0.6036747097969055,0.058823529411764705,False,0
C3_2,refine,128,1,16,it0152,0.38980549573898315,0.24482809007167816,0.0,False,0
C3_2,refine,128,1,16,it0153,0.33568593859672546,0.4550798535346985,0.09523809523809523,False,0
C3_2,refine,128,1,16,it0154,0.2759595513343811,0.09334436058998108,0.05263157894736842,False,0
C3_2,refine,128,1,16,it0155,0.3095807731151581,0.22652609646320343,0.03571428571428571,False,0
C3_2,refine,128,1,16,it0156,0.27076107263565063,0.16593438386917114,0.09523809523809523,False,0
C3_2,refine,128,1,16,it0157,0.5490429997444153,0.45436036586761475,0.06976744186046512,False,0
C3_2,refine,128,1,16,it0158,0.46576082706451416,0.3086954951286316,0.15789473684210525,False,0
C3_2,refine,128,1,16,it0159,0.41185781359672546,0.366740345954895,0.2857142857142857,False,0
C3_2,refine,128,1,16,it0160,0.5035513639450073,0.33555418252944946,0.0967741935483871,False,0
C3_2,refine,128,1,16,it0161,0.3421443700790405,0.2774581015110016,0.10344827586206896,False,0
C3_2,refine,128,1,16,it0162,0.053653426468372345,0.19272857904434204,0.037037037037037035,False,0
C3_2,refine,128,1,16,it0163,0.5133923888206482,0.3655472695827484,0.058823529411764705,False,0
C3_2,refine,128,1,16,it0164,0.49907347559928894,0.29293113946914673,0.0,False,0
C3_2,refine,128,1,16,it0165,0.21105808019638062,0.16542676091194153,0.06060606060606061,False,0
C3_2,refine,128,1,16,it0166,0.4886294901371002,0.41589879989624023,0.25,False,0
C3_2,refine,128,1,16,it0167,0.3866727650165558,0.43470466136932373,0.05263157894736842,False,0
C3_2,refine,128,1,16,it0168,0.24858833849430084,0.17170754075050354,0.0,False,0
C3_2,refine,128,1,16,it0169,0.3358549475669861,0.24878142774105072,0.15,False,0
C3_2,refine,128,1,16,it0170,0.38323432207107544,0.25737178325653076,0.23529411764705882,False,0
C3_2,refine,128,1,16,it0171,0.6015623211860657,0.5224769115447998,0.09523809523809523,False,0
C3_2,refine,128,1,16,it0172,0.2928909361362457,0.2508420944213867,0.0,False,0
C3_2,refine,128,1,16,it0173,0.6677770018577576,0.625222384929657,0.0,False,0
C3_2,refine,128,1,16,it0174,0.4318077862262726,0.3281855583190918,0.0,False,0
C3_2,refine,128,1,16,it0175,0.21744294464588165,0.24686495959758759,0.06666666666666667,False,0
C3_2,refine,128,1,16,it0176,0.4088543951511383,0.3394520580768585,0.3333333333333333,False,0
C3_2,refine,128,1,16,it0177,0.3680230975151062,0.42954450845718384,0.05263157894736842,False,0
C3_2,refine,128,1,16,it0178,0.38507750630378723,0.33056944608688354,0.7058823529411765,False,0
C3_2,refine,128,1,16,it0179,0.5683529376983643,0.5305442810058594,0.16129032258064516,False,0
C3_2,refine,128,1,16,it0180,0.3501875102519989,0.48746225237846375,0.0,False,0
C3_2,refine,128,1,16,it0181,0.52720707654953,0.49166184663772583,0.024390243902439025,False,0
C3_2,refine,128,1,16,it0182,0.5315018892288208,0.4135640561580658,0.04,False,0
C3_2,refine,128,1,16,it0183,0.5268878936767578,0.48118698596954346,0.0,False,0
C3_2,refine,128,1,16,it0184,0.32694846391677856,0.25561240315437317,0.13333333333333333,False,0
C3_2,refine,128,1,16,it0185,0.46348458528518677,0.4512209892272949,0.03225806451612903,False,0
C3_2,refine,128,1,16,it0186,0.554934024810791,0.32147812843322754,0.0,False,0
C3_2,refine,128,1,16,it0187,0.5242801904678345,0.4640507996082306,0.0625,False,0
C3_2,refine,128,1,16,it0188,0.6003541946411133,0.45394235849380493,0.0,False,0
C3_2,refine,128,1,16,it0189,0.30678123235702515,0.3141469955444336,0.05,False,0
C3_2,refine,128,1,16,it0190,0.5610024929046631,0.5048040151596069,0.0,False,0
C3_2,refine,128,1,16,it0191,0.3439136743545532,0.3120862543582916,0.04,False,0
C3_2,refine,128,1,16,it0192,0.5253227353096008,0.4882237911224365,0.037037037037037035,False,0
C3_2,refine,128,1,16,it0193,0.42150938510894775,0.2778259813785553,0.375,False,0
C3_2,refine,128,1,16,it0194,0.5500097274780273,0.5787929892539978,0.047619047619047616,False,0
C3_2,refine,128,1,16,it0195,0.5596737265586853,0.39979809522628784,0.5,False,0
C3_2,refine,128,1,16,it0196,0.536713182926178,0.33886486291885376,0.21428571428571427,False,0
C3_2,refine,128,1,16,it0197,0.37103086709976196,0.2871227264404297,0.09090909090909091,False,0
C3_2,refine,128,1,16,it0198,0.1130140870809555,0.07045219093561172,0.0,False,0
C3_2,refine,128,1,16,it0199,0.44981956481933594,0.4575013220310211,0.058823529411764705,False,0
C3_2,refine,256,1,32,it0000,0.41626712679862976,0.4070225656032562,0.021739130434782608,False,0
C3_2,refine,256,1,32,it0001,0.5153528451919556,0.33948975801467896,0.2777777777777778,False,0
C3_2,refine,256,1,32,it0002,0.3325898349285126,0.23652324080467224,0.26666666666666666,False,0
C3_2,refine,256,1,32,it0003,0.43623805046081543,0.15756069123744965,0.4,False,0
C3_2,refine,256,1,32,it0004,0.44834187626838684,0.35416004061698914,0.125,False,0
C3_2,refine,256,1,32,it0005,0.4961602985858917,0.4292685091495514,0.07407407407407407,False,0
C3_2,refine,256,1,32,it0006,0.3343874216079712,0.2684653699398041,0.0,False,0
C3_2,refine,256,1,32,it0007,0.13429132103919983,0.212474524974823,0.11363636363636363,False,0
C3_2,refine,256,1,32,it0008,0.2547246515750885,0.13012979924678802,0.23809523809523808,False,0
C3_2,refine,256,1,32,it0009,0.5310091972351074,0.49859678745269775,0.037037037037037035,False,0
C3_2,refine,256,1,32,it0010,0.6307269930839539,0.5595336556434631,0.1111111111111111,False,0
C3_2,refine,256,1,32,it0011,0.4864617586135864,0.48134154081344604,0.0,False,0
C3_2,refine,256,1,32,it0012,0.34209513664245605,0.3710492253303528,0.3448275862068966,False,0
C3_2,refine,256,1,32,it0013,0.5597538948059082,0.6049485802650452,0.0,False,0
C3_2,refine,256,1,32,it0014,0.2674873471260071,0.24839001893997192,0.13333333333333333,False,0
C3_2,refine,256,1,32,it0015,0.3601135313510895,0.3678094148635864,0.17647058823529413,False,0
C3_2,refine,256,1,32,it0016,0.5591124892234802,0.3063892126083374,0.029411764705882353,False,0
C3_2,refine,256,1,32,it0017,0.4177320897579193,0.2555325925350189,0.0,False,0
C3_2,refine,256,1,32,it0018,0.33815115690231323,0.16419202089309692,0.029411764705882353,False,0
C3_2,refine,256,1,32,it0019,0.6996192336082458,0.5362284183502197,0.08695652173913043,False,0
C3_2,refine,256,1,32,it0020,0.23719120025634766,0.13745847344398499,0.07692307692307693,False,0
C3_2,refine,256,1,32,it0021,0.4767812192440033,0.38068315386772156,0.2727272727272727,False,0
C3_2,refine,256,1,32,it0022,0.319417268037796,0.3164556324481964,0.475,False,0
C3_2,refine,256,1,32,it0023,0.5698219537734985,0.4623226821422577,0.3333333333333333,False,0
C3_2,refine,256,1,32,it0024,0.5822038054466248,0.5150935053825378,0.14285714285714285,False,0
C3_2,refine,256,1,32,it0025,0.5604711771011353,0.4770301580429077,0.0,False,0
C3_2,refine,256,1,32,it0026,0.2707722783088684,0.304166316986084,0.0,False,0
C3_2,refine,256,1,32,it0027,0.7121573090553284,0.5738782286643982,0.125,False,0
C3_2,refine,256,1,32,it0028,0.44602611660957336,0.5512866973876953,0.07142857142857142,False,0
C3_2,refine,256,1,32,it0029,0.20424877107143402,0.3058462142944336,0.0,False,0
C3_2,refine,256,1,32,it0030,0.4316402077674866,0.42517051100730896,0.2,False,0
C3_2,refine,256,1,32,it0031,0.3841586709022522,0.16609039902687073,0.1111111111111111,False,0
C3_2,refine,256,1,32,it0032,0.6471702456474304,0.5216653943061829,0.037037037037037035,False,0
C3_2,refine,256,1,32,it0033,0.3576110005378723,0.24994392693042755,0.15384615384615385,False,0
C3_2,refine,256,1,32,it0034,0.4955514073371887,0.4882279932498932,0.03333333333333333,False,0
C3_2,refine,256,1,32,it0035,0.3093408942222595,0.19312059879302979,0.46153846153846156,False,0
C3_2,refine,256,1,32,it0036,0.5996276140213013,0.5386932492256165,0.0,False,0
C3_2,refine,256,1,32,it0037,0.5251984596252441,0.4643833637237549,0.06666666666666667,False,0
C3_2,refine,256,1,32,it0038,0.33350858092308044,0.21809835731983185,0.08108108108108109,False,0
C3_2,refine,256,1,32,it0039,0.4855212867259979,0.5229107737541199,0.04878048780487805,False,0
C3_2,refine,256,1,32,it0040,0.26660093665122986,0.13736307621002197,0.13333333333333333,False,0
C3_2,refine,256,1,32,it0041,0.5731654167175293,0.2970463037490845,0.09090909090909091,False,0
C3_2,refine,256,1,32,it0042,0.39102494716644287,0.35739487409591675,0.14814814814814814,False,0
C3_2,refine,256,1,32,it0043,0.28662192821502686,0.19104117155075073,0.0,False,0
C3_2,refine,256,1,32,it0044,0.43601876497268677,0.34032970666885376,0.12,False,0
C3_2,refine,256,1,32,it0045,0.19131430983543396,0.36799442768096924,0.1,False,0
C3_2,refine,256,1,32,it0046,0.39765986800193787,0.2830076813697815,0.0,False,0
C3_2,refine,256,1,32,it0047,0.3616906404495239,0.317049115896225,0.65,False,0
C3_2,refine,256,1,32,it0048,0.49369415640830994,0.47663599252700806,0.25,False,0
C3_2,refine,256,1,32,it0049,0.30050840973854065,0.4484005272388458,0.09090909090909091,False,0
C3_2,refine,256,1,32,it0050,0.21335607767105103,-0.02296420931816101,0.3181818181818182,False,0
C3_2,refine,256,1,32,it0051,0.10956607758998871,0.394691526889801,0.1724137931034483,False,0
C3_2,refine,256,1,32,it0052,0.24012920260429382,0.33411625027656555,0.06666666666666667,False,0
C3_2,refine,256,1,32,it0053,0.20713388919830322,0.25226402282714844,0.1891891891891892,False,0
C3_2,refine,256,1,32,it0054,0.25278574228286743,0.046359144151210785,0.20833333333333334,False,0
C3_2,refine,256,1,32,it0055,0.48076876997947693,0.5012643933296204,0.07692307692307693,False,0
C3_2,refine,256,1,32,it0056,0.3889300525188446,0.3333364427089691,0.15,False,0
C3_2,refine,256,1,32,it0057,0.5086285471916199,0.28156834840774536,0.11764705882352941,False,0
C3_2,refine,256,1,32,it0058,0.36609190702438354,0.3420853614807129,0.08333333333333333,False,0
C3_2,refine,256,1,32,it0059,0.5813479423522949,0.5865601897239685,0.07142857142857142,False,0
C3_2,refine,256,1,32,it0060,0.34941011667251587,0.392260879278183,0.0,False,0
C3_2,refine,256,1,32,it0061,0.5365346670150757,0.6057706475257874,0.0,False,0
C3_2,refine,256,1,32,it0062,0.5608271956443787,0.5221846699714661,0.09523809523809523,False,0
C3_2,refine,256,1,32,it0063,0.40820378065109253,0.2758261561393738,0.06896551724137931,False,0
C3_2,refine,256,1,32,it0064,0.22797419130802155,0.41717833280563354,0.2777777777777778,False,0
C3_2,refine,256,1,32,it0065,0.5373885035514832,0.5836499929428101,0.02564102564102564,False,0
C3_2,refine,256,1,32,it0066,0.311476469039917,0.3906709849834442,0.047619047619047616,False,0
C3_2,refine,256,1,32,it0067,0.15067631006240845,0.23444682359695435,0.05555555555555555,False,0
C3_2,refine,256,1,32,it0068,0.6533501148223877,0.5546575784683228,0.0,False,0
C3_2,refine,256,1,32,it0069,0.20407043397426605,0.11406378448009491,0.09090909090909091,False,0
C3_2,refine,256,1,32,it0070,0.5414092540740967,0.5030450820922852,0.0,False,0
C3_2,refine,256,1,32,it0071,0.635940670967102,0.5320881605148315,0.07142857142857142,False,0
C3_2,refine,256,1,32,it0072,0.5060970783233643,0.4795154333114624,0.045454545454545456,False,0
C3_2,refine,256,1,32,it0073,0.1865658462047577,0.20973002910614014,0.4482758620689655,False,0
C3_2,refine,256,1,32,it0074,0.20936180651187897,0.2222391963005066,0.4,False,0
C3_2,refine,256,1,32,it0075,0.35666924715042114,0.290073424577713,0.043478260869565216,False,0
C3_2,refine,256,1,32,it0076,0.5830718278884888,0.195791095495224,0.17391304347826086,False,0
C3_2,refine,256,1,32,it0077,0.32143503427505493,0.46275103092193604,0.4166666666666667,False,0
C3_2,refine,256,1,32,it0078,0.3523140847682953,0.3885619640350342,0.14285714285714285,False,0
C3_2,refine,256,1,32,it0079,0.590324342250824,0.6045370101928711,0.125,False,0
C3_2,refine,256,1,32,it0080,0.12484102696180344,0.08854570239782333,0.1951219512195122,False,0
C3_2,refine,256,1,32,it0081,0.3562332093715668,0.38873153924942017,0.03571428571428571,False,0
C3_2,refine,256,1,32,it0082,0.4087176024913788,0.3806983232498169,0.0,False,0
C3_2,refine,256,1,32,it0083,0.45796477794647217,0.2419193685054779,0.029411764705882353,False,0
C3_2,refine,256,1,32,it0084,0.562186598777771,0.4462513327598572,0.022222222222222223,False,0
C3_2,refine,256,1,32,it0085,0.43726447224617004,0.4190760850906372,0.07142857142857142,False,0
C3_2,refine,256,1,32,it0086,0.6538797616958618,0.5934824347496033,0.058823529411764705,False,0
C3_2,refine,256,1,32,it0087,0.4453863501548767,0.6355964541435242,0.5,False,0
C3_2,refine,256,1,32,it0088,0.25517523288726807,0.2540081739425659,0.0,False,0
C3_2,refine,256,1,32,it0089,0.3309222161769867,0.02689841203391552,0.0,False,0
C3_2,refine,256,1,32,it0090,0.5313010215759277,0.5167503952980042,0.11764705882352941,False,0
C3_2,refine,256,1,32,it0091,0.5551537871360779,0.4114794135093689,0.06451612903225806,False,0
C3_2,refine,256,1,32,it0092,0.44367116689682007,0.3889707624912262,0.08571428571428572,False,0
C3_2,refine,256,1,32,it0093,0.5851981043815613,0.4012591242790222,0.0,False,0
C3_2,refine,256,1,32,it0094,0.5569343566894531,0.5802339315414429,0.07692307692307693,False,0
C3_2,refine,256,1,32,it0095,0.44982045888900757,0.5648606419563293,0.047619047619047616,False,0
C3_2,refine,256,1,32,it0096,0.46757972240448,0.38612642884254456,0.22727272727272727,False,0
C3_2,refine,256,1,32,it0097,0.5290350914001465,0.5718366503715515,0.0,False,0
C3_2,refine,256,1,32,it0098,0.5121151208877563,0.3770020604133606,0.2222222222222222,False,0
C3_2,refine,256,1,32,it0099,0.27435219287872314,0.17872563004493713,0.0,False,0
C3_2,refine,256,1,32,it0100,0.6500554084777832,0.6131271719932556,0.0,False,0
C3_2,refine,256,1,32,it0101,0.2447608858346939,0.24183212220668793,0.0,False,0
C3_2,refine,256,1,32,it0102,0.39873820543289185,0.4982288181781769,0.0,False,0
C3_2,refine,256,1,32,it0103,0.2852383255958557,0.2943743169307709,0.13636363636363635,False,0
C3_2,refine,256,1,32,it0104,0.5172482132911682,0.55636066198349,0.041666666666666664,False,0
C3_2,refine,256,1,32,it0105,0.4269735813140869,0.4053206443786621,0.11428571428571428,False,0
C3_2,refine,256,1,32,it0106,0.40389877557754517,0.3845357894897461,0.041666666666666664,False,0
C3_2,refine,256,1,32,it0107,0.5291404724121094,0.36827439069747925,0.08695652173913043,False,0
C3_2,refine,256,1,32,it0108,0.5018483400344849,0.3089753985404968,0.375,False,0
C3_2,refine,256,1,32,it0109,0.3710598349571228,0.25938987731933594,0.0,False,0
C3_2,refine,256,1,32,it0110,0.12975969910621643,0.3236590027809143,0.3,False,0
C3_2,refine,256,1,32,it0111,0.3105146288871765,0.20471996068954468,0.42424242424242425,False,0
C3_2,refine,256,1,32,it0112,0.6417709589004517,0.5868918895721436,0.0,False,0
C3_2,refine,256,1,32,it0113,0.46526190638542175,0.3747265338897705,0.045454545454545456,False,0
C3_2,refine,256,1,32,it0114,0.5011480450630188,0.4401026666164398,0.3333333333333333,False,0
C3_2,refine,256,1,32,it0115,0.3871897757053375,0.3412981331348419,0.0,False,0
C3_2,refine,256,1,32,it0116,0.47040441632270813,0.43046292662620544,0.0,False,0
C3_2,refine,256,1,32,it0117,0.5142008066177368,0.5807777047157288,0.029411764705882353,False,0
C3_2,refine,256,1,32,it0118,0.6685374975204468,0.5557743906974792,0.21153846153846154,False,0
C3_2,refine,256,1,32,it0119,0.3404167890548706,0.3086369037628174,0.0,False,0
C3_2,refine,256,1,32,it0120,0.5732530951499939,0.5532121062278748,0.0,False,0
C3_2,refine,256,1,32,it0121,0.563604474067688,0.4522464871406555,0.15,False,0
C3_2,refine,256,1,32,it0122,0.14761050045490265,0.18054141104221344,0.4090909090909091,False,0
C3_2,refine,256,1,32,it0123,0.4223737120628357,0.4935472011566162,0.058823529411764705,False,0
C3_2,refine,256,1,32,it0124,0.5462372899055481,0.4466787576675415,0.21212121212121213,False,0
C3_2,refine,256,1,32,it0125,0.5067619681358337,0.41748255491256714,0.02564102564102564,False,0
C3_2,refine,256,1,32,it0126,0.45166143774986267,0.40267249941825867,0.0,False,0
C3_2,refine,256,1,32,it0127,0.30729931592941284,0.2603646218776703,0.058823529411764705,False,0
C3_2,refine,256,1,32,it0128,0.4098428189754486,0.3164883852005005,0.0,False,0
C3_2,refine,256,1,32,it0129,0.2778724730014801,0.277629017829895,0.11764705882352941,False,0
C3_2,refine,256,1,32,it0130,0.1575779914855957,0.27186575531959534,0.2,False,0
C3_2,refine,256,1,32,it0131,0.16744361817836761,0.29022419452667236,0.16129032258064516,False,0
C3_2,refine,256,1,32,it0132,0.32251718640327454,0.2590785622596741,0.0,False,0
C3_2,refine,256,1,32,it0133,0.5484800338745117,0.5098841190338135,0.0,False,0
C3_2,refine,256,1,32,it0134,0.41904497146606445,0.41861703991889954,0.05263157894736842,False,0
C3_2,refine,256,1,32,it0135,0.3651723861694336,0.42628589272499084,0.05128205128205128,False,0
C3_2,refine,256,1,32,it0136,0.5222553014755249,0.5136602520942688,0.0,False,0
C3_2,refine,256,1,32,it0137,0.4797648787498474,0.44656023383140564,0.16666666666666666,False,0
C3_2,refine,256,1,32,it0138,0.5701315402984619,0.6320443153381348,0.2222222222222222,False,0
C3_2,refine,256,1,32,it0139,0.5176876783370972,0.41035985946655273,0.05555555555555555,False,0
C3_2,refine,256,1,32,it0140,0.3968091905117035,0.27538833022117615,0.08333333333333333,False,0
C3_2,refine,256,1,32,it0141,0.5835314393043518,0.7004123330116272,0.23333333333333334,False,0
C3_2,refine,256,1,32,it0142,0.2917172908782959,0.2596151530742645,0.32,False,0
C3_2,refine,256,1,32,it0143,0.25977659225463867,0.3323219120502472,0.0,False,0
C3_2,refine,256,1,32,it0144,0.5694587230682373,0.3956603407859802,0.0,False,0
C3_2,refine,256,1,32,it0145,0.5076934099197388,0.5329305529594421,0.025,False,0
C3_2,refine,256,1,32,it0146,0.4850114583969116,0.3406810164451599,0.0,False,0
C3_2,refine,256,1,32,it0147,0.4872341752052307,0.3998231887817383,0.17391304347826086,False,0
C3_2,refine,256,1,32,it0148,0.12449833750724792,0.15969732403755188,0.07142857142857142,False,0
C3_2,refine,256,1,32,it0149,0.5238474607467651,0.4321736693382263,0.14285714285714285,False,0
C3_2,refine,256,1,32,it0150,0.29486188292503357,0.44257593154907227,0.15384615384615385,False,0
C3_2,refine,256,1,32,it0151,0.5867589116096497,0.5666579008102417,0.0,False,0
C3_2,refine,256,1,32,it0152,0.444932758808136,0.3589167296886444,0.058823529411764705,False,0
C3_2,refine,256,1,32,it0153,0.35703006386756897,0.4058022201061249,0.35714285714285715,False,0
C3_2,refine,256,1,32,it0154,0.211175799369812,0.06681925803422928,0.05263157894736842,False,0
C3_2,refine,256,1,32,it0155,0.35730352997779846,0.4085174798965454,0.0,False,0
C3_2,refine,256,1,32,it0156,0.32214081287384033,0.19341939687728882,0.14285714285714285,False,0
C3_2,refine,256,1,32,it0157,0.5482034683227539,0.4902087450027466,0.023255813953488372,False,0
C3_2,refine,256,1,32,it0158,0.3165621757507324,0.3774159848690033,0.10526315789473684,False,0
C3_2,refine,256,1,32,it0159,0.48477086424827576,0.2807193994522095,0.07142857142857142,False,0
C3_2,refine,256,1,32,it0160,0.5067569017410278,0.3917497992515564,0.06451612903225806,False,0
C3_2,refine,256,1,32,it0161,0.3893101215362549,0.32856616377830505,0.034482758620689655,False,0
C3_2,refine,256,1,32,it0162,-0.015417073853313923,0.15702471137046814,0.14814814814814814,False,0
C3_2,refine,256,1,32,it0163,0.5875556468963623,0.35806360840797424,0.0,False,0
C3_2,refine,256,1,32,it0164,0.4030454754829407,0.32747000455856323,0.0967741935483871,False,0
C3_2,refine,256,1,32,it0165,0.19502495229244232,0.2415333241224289,0.15151515151515152,False,0
C3_2,refine,256,1,32,it0166,0.4967525899410248,0.3109799921512604,0.08333333333333333,False,0
C3_2,refine,256,1,32,it0167,0.38568300008773804,0.39828795194625854,0.3684210526315789,False,0
C3_2,refine,256,1,32,it0168,0.26991498470306396,0.2128356695175171,0.0,False,0
C3_2,refine,256,1,32,it0169,0.46584221720695496,0.4339880049228668,0.1,False,0
C3_2,refine,256,1,32,it0170,0.44059109687805176,0.3500203490257263,0.17647058823529413,False,0
C3_2,refine,256,1,32,it0171,0.6114932298660278,0.5588852763175964,0.09523809523809523,False,0
C3_2,refine,256,1,32,it0172,0.23768609762191772,0.16745521128177643,0.0,False,0
C3_2,refine,256,1,32,it0173,0.6386280059814453,0.6139946579933167,0.0,False,0
C3_2,refine,256,1,32,it0174,0.44107478857040405,0.3129529356956482,0.1875,False,0
C3_2,refine,256,1,32,it0175,0.18182606995105743,0.3899558186531067,0.2,False,0
C3_2,refine,256,1,32,it0176,0.3261793851852417,0.2496633529663086,0.0,False,0
C3_2,refine,256,1,32,it0177,0.2556542456150055,0.2563900947570801,0.05263157894736842,False,0
C3_2,refine,256,1,32,it0178,0.2571958303451538,0.23013311624526978,0.35294117647058826,False,0
C3_2,refine,256,1,32,it0179,0.6389802098274231,0.623383641242981,0.06451612903225806,False,0
C3_2,refine,256,1,32,it0180,0.4535025358200073,0.45832112431526184,0.14285714285714285,False,0
C3_2,refine,256,1,32,it0181,0.5381932258605957,0.5297998189926147,0.0,False,0
C3_2,refine,256,1,32,it0182,0.5659610629081726,0.42670193314552307,0.08,False,0
C3_2,refine,256,1,32,it0183,0.5275424718856812,0.5854823589324951,0.0,False,0
C3_2,refine,256,1,32,it0184,0.33123019337654114,0.2995698153972626,0.13333333333333333,False,0
C3_2,refine,256,1,32,it0185,0.43747884035110474,0.40535131096839905,0.03225806451612903,False,0
C3_2,refine,256,1,32,it0186,0.5432183146476746,0.47247323393821716,0.16666666666666666,False,0
C3_2,refine,256,1,32,it0187,0.4616624712944031,0.4282834827899933,0.0625,False,0
C3_2,refine,256,1,32,it0188,0.54490727186203,0.44252756237983704,0.1111111111111111,False,0
C3_2,refine,256,1,32,it0189,0.39169296622276306,0.400167852640152,0.0,False,0
C3_2,refine,256,1,32,it0190,0.6056522130966187,0.5883342027664185,0.1875,False,0
C3_2,refine,256,1,32,it0191,0.40414711833000183,0.20287375152111053,0.04,False,0
C3_2,refine,256,1,32,it0192,0.5448112487792969,0.44236645102500916,0.2222222222222222,False,0
C3_2,refine,256,1,32,it0193,0.4564528465270996,0.26896968483924866,0.25,False,0
C3_2,refine,256,1,32,it0194,0.5620249509811401,0.603076159954071,0.0,False,0
C3_2,refine,256,1,32,it0195,0.6059849858283997,0.3942611813545227,0.11538461538461539,False,0
C3_2,refine,256,1,32,it0196,0.45438069105148315,0.316895067691803,0.14285714285714285,False,0
C3_2,refine,256,1,32,it0197,0.43683624267578125,0.3962365686893463,0.0,False,0
C3_2,refine,256,1,32,it0198,0.21578070521354675,0.12414106726646423,0.0,False,0
C3_2,refine,256,1,32,it0199,0.4291388988494873,0.39775580167770386,0.0,False,0
C3_2,refine,512,1,64,it0000,0.32586222887039185,0.2086908519268036,0.043478260869565216,False,0
C3_2,refine,512,1,64,it0001,0.44617903232574463,0.19533933699131012,0.2222222222222222,False,0
C3_2,refine,512,1,64,it0002,0.24918168783187866,0.12437958270311356,0.06666666666666667,False,0
C3_2,refine,512,1,64,it0003,0.4540987014770508,0.2665841281414032,0.06666666666666667,False,0
C3_2,refine,512,1,64,it0004,0.4545115828514099,0.25566333532333374,0.25,False,0
C3_2,refine,512,1,64,it0005,0.35467734932899475,0.24800607562065125,0.07407407407407407,False,0
C3_2,refine,512,1,64,it0006,0.2635785937309265,0.3118152618408203,0.2222222222222222,False,0
C3_2,refine,512,1,64,it0007,0.23411457240581512,0.2298884093761444,0.1590909090909091,False,0
C3_2,refine,512,1,64,it0008,0.31074878573417664,0.2780584692955017,0.09523809523809523,False,0
C3_2,refine,512,1,64,it0009,0.5702310800552368,0.5313675403594971,0.0,False,0
C3_2,refine,512,1,64,it0010,0.5298877954483032,0.5099870562553406,0.4444444444444444,False,0
C3_2,refine,512,1,64,it0011,0.5314043164253235,0.5106683373451233,0.08695652173913043,False,0
C3_2,refine,512,1,64,it0012,0.47325143218040466,0.4027605652809143,0.3103448275862069,False,0
C3_2,refine,512,1,64,it0013,0.45936357975006104,0.4707541763782501,0.0,False,0
C3_2,refine,512,1,64,it0014,0.32367563247680664,0.3051718473434448,0.13333333333333333,False,0
C3_2,refine,512,1,64,it0015,0.44235068559646606,0.440469890832901,0.11764705882352941,False,0
C3_2,refine,512,1,64,it0016,0.6706150770187378,0.3548377752304077,0.029411764705882353,False,0
C3_2,refine,512,1,64,it0017,0.4920475482940674,0.2281188666820526,0.0,False,0
C3_2,refine,512,1,64,it0018,0.2618345618247986,0.1456550657749176,0.11764705882352941,False,0
C3_2,refine,512,1,64,it0019,0.6373616456985474,0.5329673886299133,0.17391304347826086,False,0
C3_2,refine,512,1,64,it0020,0.3070301115512848,0.24841345846652985,0.07692307692307693,False,0
C3_2,refine,512,1,64,it0021,0.4222910404205322,0.33418023586273193,0.12121212121212122,False,0
C3_2,refine,512,1,64,it0022,0.2787512242794037,0.2889898717403412,0.475,False,0
C3_2,refine,512,1,64,it0023,0.6052118539810181,0.4406389892101288,0.2777777777777778,False,0
C3_2,refine,512,1,64,it0024,0.6007181406021118,0.2706650197505951,0.14285714285714285,False,0
C3_2,refine,512,1,64,it0025,0.6004773378372192,0.5583814382553101,0.0,False,0
C3_2,refine,512,1,64,it0026,0.2450939416885376,0.25409576296806335,0.0,False,0
C3_2,refine,512,1,64,it0027,0.7152895927429199,0.6133831739425659,0.0625,False,0
C3_2,refine,512,1,64,it0028,0.44354137778282166,0.5503051280975342,0.07142857142857142,False,0
C3_2,refine,512,1,64,it0029,0.3839804530143738,0.4195972681045532,0.125,False,0
C3_2,refine,512,1,64,it0030,0.4677254259586334,0.4068880081176758,0.08,False,0
C3_2,refine,512,1,64,it0031,0.1949743926525116,0.2426811009645462,0.05555555555555555,False,0
C3_2,refine,512,1,64,it0032,0.5879508256912231,0.5066428184509277,0.07407407407407407,False,0
C3_2,refine,512,1,64,it0033,0.3295517563819885,0.333984911441803,0.3076923076923077,False,0
C3_2,refine,512,1,64,it0034,0.5000543594360352,0.4065678119659424,0.06666666666666667,False,0
C3_2,refine,512,1,64,it0035,0.308364599943161,0.28526806831359863,0.46153846153846156,False,0
C3_2,refine,512,1,64,it0036,0.5110188126564026,0.49921223521232605,0.2222222222222222,False,0
C3_2,refine,512,1,64,it0037,0.5703428387641907,0.44813063740730286,0.2,False,0
C3_2,refine,512,1,64,it0038,0.30053770542144775,0.2125319540500641,0.02702702702702703,False,0
C3_2,refine,512,1,64,it0039,0.5357747077941895,0.4924159049987793,0.04878048780487805,False,0
C3_2,refine,512,1,64,it0040,0.20419171452522278,0.06171845644712448,0.13333333333333333,False,0
C3_2,refine,512,1,64,it0041,0.6179825663566589,0.44488513469696045,0.09090909090909091,False,0
C3_2,refine,512,1,64,it0042,0.3362167179584503,0.3264169692993164,0.14814814814814814,False,0
C3_2,refine,512,1,64,it0043,0.15072016417980194,0.09018566459417343,0.0,False,0
C3_2,refine,512,1,64,it0044,0.44854509830474854,0.3516661524772644,0.08,False,0
C3_2,refine,512,1,64,it0045,0.24611714482307434,0.39528656005859375,0.0,False,0
C3_2,refine,512,1,64,it0046,0.36684802174568176,0.23906834423542023,0.0,False,0
C3_2,refine,512,1,64,it0047,0.29604795575141907,0.1628459393978119,0.5,False,0
C3_2,refine,512,1,64,it0048,0.537288248538971,0.4820924401283264,0.1875,False,0
C3_2,refine,512,1,64,it0049,0.3114103376865387,0.4920492470264435,0.22727272727272727,False,0
C3_2,refine,512,1,64,it0050,0.11079636961221695,-0.021742772310972214,0.36363636363636365,False,0
C3_2,refine,512,1,64,it0051,0.1776195466518402,0.4337013363838196,0.10344827586206896,False,0
C3_2,refine,512,1,64,it0052,0.2780010402202606,0.3573018014431,0.0,False,0
C3_2,refine,512,1,64,it0053,0.3156193494796753,0.27040988206863403,0.35135135135135137,False,0
C3_2,refine,512,1,64,it0054,0.23288239538669586,0.13842609524726868,0.0,False,0
C3_2,refine,512,1,64,it0055,0.45128190517425537,0.5194038152694702,0.19230769230769232,False,0
C3_2,refine,512,1,64,it0056,0.3091314435005188,0.15174365043640137,0.05,False,0
C3_2,refine,512,1,64,it0057,0.5010711550712585,0.38798508048057556,0.35294117647058826,False,0
C3_2,refine,512,1,64,it0058,0.40440836548805237,0.4030238389968872,0.0,False,0
C3_2,refine,512,1,64,it0059,0.5473009347915649,0.574036180973053,0.14285714285714285,False,0
C3_2,refine,512,1,64,it0060,0.5419853329658508,0.35396066308021545,0.0,False,0
C3_2,refine,512,1,64,it0061,0.5389095544815063,0.5560414791107178,0.0,False,0
C3_2,refine,512,1,64,it0062,0.6507982611656189,0.599906861782074,0.0,False,0
C3_2,refine,512,1,64,it0063,0.44536077976226807,0.3386857509613037,0.27586206896551724,False,0
C3_2,refine,512,1,64,it0064,0.303940087556839,0.3276825547218323,0.16666666666666666,False,0
C3_2,refine,512,1,64,it0065,0.5536160469055176,0.49801549315452576,0.1282051282051282,False,0
C3_2,refine,512,1,64,it0066,0.37506750226020813,0.32449811697006226,0.09523809523809523,False,0
C3_2,refine,512,1,64,it0067,0.17032043635845184,0.1807079017162323,0.2777777777777778,False,0
C3_2,refine,512,1,64,it0068,0.6793273687362671,0.610598087310791,0.0,False,0
C3_2,refine,512,1,64,it0069,0.31534385681152344,0.16293546557426453,0.045454545454545456,False,0
C3_2,refine,512,1,64,it0070,0.44996392726898193,0.4302911162376404,0.0,False,0
C3_2,refine,512,1,64,it0071,0.5360572934150696,0.44910433888435364,0.35714285714285715,False,0
C3_2,refine,512,1,64,it0072,0.45478466153144836,0.46571022272109985,0.045454545454545456,False,0
C3_2,refine,512,1,64,it0073,0.16376149654388428,0.16886559128761292,0.4827586206896552,False,0
C3_2,refine,512,1,64,it0074,0.34960269927978516,0.34890228509902954,0.26666666666666666,False,0
C3_2,refine,512,1,64,it0075,0.34700584411621094,0.2875465154647827,0.13043478260869565,False,0
C3_2,refine,512,1,64,it0076,0.5096379518508911,0.3479606807231903,0.21739130434782608,False,0
C3_2,refine,512,1,64,it0077,0.30975407361984253,0.17447713017463684,0.3333333333333333,False,0
C3_2,refine,512,1,64,it0078,0.45471322536468506,0.42435508966445923,0.09523809523809523,False,0
C3_2,refine,512,1,64,it0079,0.5649276971817017,0.5636507868766785,0.125,False,0
C3_2,refine,512,1,64,it0080,0.3067452609539032,0.18882900476455688,0.2682926829268293,False,0
C3_2,refine,512,1,64,it0081,0.3527285158634186,0.2427946776151657,0.10714285714285714,False,0
C3_2,refine,512,1,64,it0082,0.34289026260375977,0.44648754596710205,0.17647058823529413,False,0
C3_2,refine,512,1,64,it0083,0.4451480507850647,0.27426764369010925,0.0,False,0
C3_2,refine,512,1,64,it0084,0.5679523348808289,0.5685776472091675,0.022222222222222223,False,0
C3_2,refine,512,1,64,it0085,0.37534669041633606,0.3637896776199341,0.14285714285714285,False,0
C3_2,refine,512,1,64,it0086,0.7069704532623291,0.5944652557373047,0.11764705882352941,False,0
C3_2,refine,512,1,64,it0087,0.5002651214599609,0.583605170249939,0.3125,False,0
C3_2,refine,512,1,64,it0088,0.49079498648643494,0.4236968159675598,0.09523809523809523,False,0
C3_2,refine,512,1,64,it0089,0.3156137764453888,0.17394807934761047,0.041666666666666664,False,0
C3_2,refine,512,1,64,it0090,0.5956231951713562,0.5923618674278259,0.0,False,0
C3_2,refine,512,1,64,it0091,0.5100409984588623,0.47455647587776184,0.03225806451612903,False,0
C3_2,refine,512,1,64,it0092,0.4704481065273285,0.4445846378803253,0.02857142857142857,False,0
C3_2,refine,512,1,64,it0093,0.46955475211143494,0.3757433295249939,0.0,False,0
C3_2,refine,512,1,64,it0094,0.41409042477607727,0.4045001268386841,0.0,False,0
C3_2,refine,512,1,64,it0095,0.4010339677333832,0.46429911255836487,0.09523809523809523,False,0
C3_2,refine,512,1,64,it0096,0.4908505082130432,0.3208092451095581,0.7272727272727273,False,0
C3_2,refine,512,1,64,it0097,0.5953773260116577,0.5569471716880798,0.0,False,0
C3_2,refine,512,1,64,it0098,0.47265365719795227,0.3462942838668823,0.14814814814814814,False,0
C3_2,refine,512,1,64,it0099,0.26344913244247437,0.17041729390621185,0.0,False,0
C3_2,refine,512,1,64,it0100,0.7062250375747681,0.6068973541259766,0.0,False,0
C3_2,refine,512,1,64,it0101,0.1912350207567215,0.3189340829849243,0.02631578947368421,False,0
C3_2,refine,512,1,64,it0102,0.3425753116607666,0.4166049361228943,0.07692307692307693,False,0
C3_2,refine,512,1,64,it0103,0.4682791531085968,0.3156510591506958,0.18181818181818182,False,0
C3_2,refine,512,1,64,it0104,0.53056800365448,0.48395469784736633,0.041666666666666664,False,0
C3_2,refine,512,1,64,it0105,0.3769374191761017,0.46150943636894226,0.08571428571428572,False,0
C3_2,refine,512,1,64,it0106,0.2866170108318329,0.39767393469810486,0.041666666666666664,False,0
C3_2,refine,512,1,64,it0107,0.6084100008010864,0.39772605895996094,0.13043478260869565,False,0
C3_2,refine,512,1,64,it0108,0.5332409143447876,0.2923829257488251,0.125,False,0
C3_2,refine,512,1,64,it0109,0.40217289328575134,0.34519660472869873,0.15789473684210525,False,0
C3_2,refine,512,1,64,it0110,0.2642258405685425,0.25288644433021545,0.06666666666666667,False,0
C3_2,refine,512,1,64,it0111,0.20339766144752502,0.08661110699176788,0.18181818181818182,False,0
C3_2,refine,512,1,64,it0112,0.6306919455528259,0.5532500743865967,0.09090909090909091,False,0
C3_2,refine,512,1,64,it0113,0.5135049223899841,0.42773544788360596,0.11363636363636363,False,0
C3_2,refine,512,1,64,it0114,0.4561748802661896,0.47774738073349,0.2777777777777778,False,0
C3_2,refine,512,1,64,it0115,0.28283584117889404,0.15953896939754486,0.0,False,0
C3_2,refine,512,1,64,it0116,0.5258862972259521,0.4428653419017792,0.0,False,0
C3_2,refine,512,1,64,it0117,0.44826310873031616,0.5384023785591125,0.0,False,0
C3_2,refine,512,1,64,it0118,0.5800676941871643,0.5820361375808716,0.17307692307692307,False,0
C3_2,refine,512,1,64,it0119,0.3569396436214447,0.537469208240509,0.35714285714285715,False,0
C3_2,refine,512,1,64,it0120,0.6275973916053772,0.4710928797721863,0.0,False,0
C3_2,refine,512,1,64,it0121,0.4787500500679016,0.4272978901863098,0.0,False,0
C3_2,refine,512,1,64,it0122,0.1852266639471054,0.327798068523407,0.3181818181818182,False,0
C3_2,refine,512,1,64,it0123,0.2668713331222534,0.4000578224658966,0.17647058823529413,False,0
C3_2,refine,512,1,64,it0124,0.5537596940994263,0.4227580726146698,0.45454545454545453,False,0
C3_2,refine,512,1,64,it0125,0.45925620198249817,0.3380649983882904,0.1282051282051282,False,0
C3_2,refine,512,1,64,it0126,0.5181965827941895,0.526746928691864,0.0,False,0
C3_2,refine,512,1,64,it0127,0.2818710207939148,0.35451915860176086,0.0,False,0
C3_2,refine,512,1,64,it0128,0.3804451525211334,0.2749134302139282,0.0,False,0
C3_2,refine,512,1,64,it0129,0.2527652680873871,0.225460946559906,0.11764705882352941,False,0
C3_2,refine,512,1,64,it0130,0.2739214301109314,0.3920004069805145,0.1,False,0
C3_2,refine,512,1,64,it0131,0.22770769894123077,0.09991127252578735,0.16129032258064516,False,0
C3_2,refine,512,1,64,it0132,0.3614949882030487,0.24633270502090454,0.0,False,0
C3_2,refine,512,1,64,it0133,0.5644645094871521,0.5957090854644775,0.0,False,0
C3_2,refine,512,1,64,it0134,0.42824888229370117,0.32628822326660156,0.0,False,0
C3_2,refine,512,1,64,it0135,0.4059920310974121,0.4290497303009033,0.10256410256410256,False,0
C3_2,refine,512,1,64,it0136,0.4032176733016968,0.4802318811416626,0.15,False,0
C3_2,refine,512,1,64,it0137,0.4352306127548218,0.42839476466178894,0.4166666666666667,False,0
C3_2,refine,512,1,64,it0138,0.5385203957557678,0.6039661765098572,0.1111111111111111,False,0
C3_2,refine,512,1,64,it0139,0.5778622031211853,0.35160714387893677,0.16666666666666666,False,0
C3_2,refine,512,1,64,it0140,0.3406566083431244,0.22330206632614136,0.0,False,0
C3_2,refine,512,1,64,it0141,0.5368276238441467,0.5999082922935486,0.1,False,0
C3_2,refine,512,1,64,it0142,0.24646420776844025,0.14120568335056305,0.04,False,0
C3_2,refine,512,1,64,it0143,0.4087764620780945,0.4957493841648102,0.0,False,0
C3_2,refine,512,1,64,it0144,0.6131885051727295,0.3128192126750946,0.0,False,0
C3_2,refine,512,1,64,it0145,0.5788264870643616,0.7175066471099854,0.0,False,0
C3_2,refine,512,1,64,it0146,0.48194101452827454,0.37605929374694824,0.1,False,0
C3_2,refine,512,1,64,it0147,0.38669484853744507,0.2713470458984375,0.0,False,0
C3_2,refine,512,1,64,it0148,0.01838933862745762,0.025504104793071747,0.14285714285714285,False,0
C3_2,refine,512,1,64,it0149,0.39006131887435913,0.3049979507923126,0.14285714285714285,False,0
C3_2,refine,512,1,64,it0150,0.5081090927124023,0.445056676864624,0.11538461538461539,False,0
C3_2,refine,512,1,64,it0151,0.5365400314331055,0.48221075534820557,0.0,False,0
C3_2,refine,512,1,64,it0152,0.48101821541786194,0.33534955978393555,0.0,False,0
C3_2,refine,512,1,64,it0153,0.2817142903804779,0.35698628425598145,0.07142857142857142,False,0
C3_2,refine,512,1,64,it0154,0.2673273980617523,0.10578915476799011,0.05263157894736842,False,0
C3_2,refine,512,1,64,it0155,0.2616737484931946,0.2941480278968811,0.0,False,0
C3_2,refine,512,1,64,it0156,0.22783061861991882,0.19453836977481842,0.14285714285714285,False,0
C3_2,refine,512,1,64,it0157,0.5829278230667114,0.5617673993110657,0.13953488372093023,False,0
C3_2,refine,512,1,64,it0158,0.29509133100509644,0.24994634091854095,0.15789473684210525,False,0
C3_2,refine,512,1,64,it0159,0.43998652696609497,0.31683632731437683,0.0,False,0
C3_2,refine,512,1,64,it0160,0.4708583652973175,0.34951072931289673,0.06451612903225806,False,0
C3_2,refine,512,1,64,it0161,0.2917283773422241,0.27888140082359314,0.1724137931034483,False,0
C3_2,refine,512,1,64,it0162,-0.00407380610704422,0.23022349178791046,0.037037037037037035,False,0
C3_2,refine,512,1,64,it0163,0.5322489738464355,0.549504280090332,0.0,False,0
C3_2,refine,512,1,64,it0164,0.3911402225494385,0.23558950424194336,0.0,False,0
C3_2,refine,512,1,64,it0165,0.1872570961713791,0.20852738618850708,0.09090909090909091,False,0
C3_2,refine,512,1,64,it0166,0.6304119229316711,0.35576245188713074,0.16666666666666666,False,0
C3_2,refine,512,1,64,it0167,0.38905829191207886,0.46190905570983887,0.05263157894736842,False,0
C3_2,refine,512,1,64,it0168,0.24760261178016663,0.35616636276245117,0.1,False,0
C3_2,refine,512,1,64,it0169,0.38431790471076965,0.3644748628139496,0.0,False,0
C3_2,refine,512,1,64,it0170,0.38787081837654114,0.31022027134895325,0.17647058823529413,False,0
C3_2,refine,512,1,64,it0171,0.6686556339263916,0.5533796548843384,0.09523809523809523,False,0
C3_2,refine,512,1,64,it0172,0.26969337463378906,0.27051591873168945,0.04,False,0
C3_2,refine,512,1,64,it0173,0.6412209272384644,0.6210402250289917,0.0,False,0
C3_2,refine,512,1,64,it0174,0.45623061060905457,0.2789379060268402,0.0,False,0
C3_2,refine,512,1,64,it0175,0.19431409239768982,0.22083964943885803,0.13333333333333333,False,0
C3_2,refine,512,1,64,it0176,0.36747580766677856,0.3522413671016693,0.16666666666666666,False,0
C3_2,refine,512,1,64,it0177,0.2619338035583496,0.33543097972869873,0.0,False,0
C3_2,refine,512,1,64,it0178,0.26327916979789734,0.1479606032371521,0.23529411764705882,False,0
C3_2,refine,512,1,64,it0179,0.6092976927757263,0.6103740930557251,0.03225806451612903,False,0
C3_2,refine,512,1,64,it0180,0.5201687216758728,0.44001996517181396,0.07142857142857142,False,0
C3_2,refine,512,1,64,it0181,0.4901728928089142,0.5648373365402222,0.0,False,0
C3_2,refine,512,1,64,it0182,0.4802568256855011,0.40494778752326965,0.04,False,0
C3_2,refine,512,1,64,it0183,0.5649686455726624,0.47961902618408203,0.04,False,0
C3_2,refine,512,1,64,it0184,0.28370949625968933,0.2670901417732239,0.13333333333333333,False,0
C3_2,refine,512,1,64,it0185,0.46687430143356323,0.5104643106460571,0.0967741935483871,False,0
C3_2,refine,512,1,64,it0186,0.5386348366737366,0.4219549596309662,0.08333333333333333,False,0
C3_2,refine,512,1,64,it0187,0.45734119415283203,0.4828067123889923,0.0,False,0
C3_2,refine,512,1,64,it0188,0.6170064806938171,0.48885467648506165,0.0,False,0
C3_2,refine,512,1,64,it0189,0.3786044418811798,0.3389730453491211,0.0,False,0
C3_2,refine,512,1,64,it0190,0.6183485984802246,0.5793728232383728,0.0,False,0
C3_2,refine,512,1,64,it0191,0.39456576108932495,0.36436039209365845,0.12,False,0
C3_2,refine,512,1,64,it0192,0.5290836095809937,0.5181032419204712,0.2222222222222222,False,0
C3_2,refine,512,1,64,it0193,0.41962382197380066,0.23198309540748596,0.125,False,0
C3_2,refine,512,1,64,it0194,0.5908703804016113,0.6333186030387878,0.0,False,0
C3_2,refine,512,1,64,it0195,0.631984531879425,0.6100909113883972,0.038461538461538464,False,0
C3_2,refine,512,1,64,it0196,0.4851697087287903,0.31562334299087524,0.07142857142857142,False,0
C3_2,refine,512,1,64,it0197,0.4671744406223297,0.3415542542934418,0.0,False,0
C3_2,refine,512,1,64,it0198,0.3386061191558838,0.20490732789039612,0.125,False,0
C3_2,refine,512,1,64,it0199,0.4255481958389282,0.4627380073070526,0.058823529411764705,False,0
