run,arm,nfe,K,T,item,ecapa,wavlm,wer,degenerate,pick
C4_2,search,128,2,8,it0000,0.45120769739151,0.38426512479782104,0.30434782608695654,False,1
C4_2,search,128,2,8,it0001,0.5083174705505371,0.3074566423892975,0.5555555555555556,False,1
C4_2,search,128,2,8,it0002,0.3164104223251343,0.24390970170497894,0.13333333333333333,False,1
C4_2,search,128,2,8,it0003,0.4375224709510803,0.25852882862091064,0.13333333333333333,False,0
C4_2,search,128,2,8,it0004,0.47747567296028137,0.34546807408332825,0.125,False,1
C4_2,search,128,2,8,it0005,0.4943088889122009,0.3759843111038208,0.07407407407407407,False,1
C4_2,search,128,2,8,it0006,0.3398049771785736,0.4023289382457733,0.16666666666666666,False,1
C4_2,search,128,2,8,it0007,0.2651054561138153,0.4409637451171875,0.09090909090909091,False,0
C4_2,search,128,2,8,it0008,0.3497407138347626,0.2084530144929886,0.38095238095238093,False,1
C4_2,search,128,2,8,it0009,0.5453534722328186,0.5154417157173157,0.1111111111111111,False,0
C4_2,search,128,2,8,it0010,0.54900723695755,0.5036256909370422,0.3333333333333333,False,0
C4_2,search,128,2,8,it0011,0.5035404562950134,0.46127182245254517,0.043478260869565216,False,1
C4_2,search,128,2,8,it0012,0.44186410307884216,0.4110427796840668,0.3103448275862069,False,0
C4_2,search,128,2,8,it0013,0.5965879559516907,0.5615469217300415,0.037037037037037035,False,1
C4_2,search,128,2,8,it0014,0.42079055309295654,0.35355144739151,0.13333333333333333,False,0
C4_2,search,128,2,8,it0015,0.5198146104812622,0.5312182903289795,0.11764705882352941,False,0
C4_2,search,128,2,8,it0016,0.6586574912071228,0.48940980434417725,0.20588235294117646,False,1
C4_2,search,128,2,8,it0017,0.4838060140609741,0.38319873809814453,0.2,False,1
C4_2,search,128,2,8,it0018,0.35693833231925964,0.21135199069976807,0.029411764705882353,False,0
C4_2,search,128,2,8,it0019,0.5749312043190002,0.49898603558540344,0.10869565217391304,False,1
C4_2,search,128,2,8,it0020,0.3180135488510132,0.24927447736263275,0.38461538461538464,False,1
C4_2,search,128,2,8,it0021,0.5331947803497314,0.47216352820396423,0.15151515151515152,False,0
C4_2,search,128,2,8,it0022,0.4234868586063385,0.43525803089141846,0.4,False,0
C4_2,search,128,2,8,it0023,0.665532112121582,0.5818547606468201,0.4444444444444444,False,0
C4_2,search,128,2,8,it0024,0.6558329463005066,0.5211143493652344,0.14285714285714285,False,0
C4_2,search,128,2,8,it0025,0.630246102809906,0.5896270871162415,0.35,False,1
C4_2,search,128,2,8,it0026,0.28319263458251953,0.35913515090942383,0.0,False,0
C4_2,search,128,2,8,it0027,0.6525182723999023,0.556998610496521,0.125,False,0
C4_2,search,128,2,8,it0028,0.4478953182697296,0.5100265145301819,0.16666666666666666,False,1
C4_2,search,128,2,8,it0029,0.3034418225288391,0.38490521907806396,0.125,False,1
C4_2,search,128,2,8,it0030,0.5243227481842041,0.44455546140670776,0.08,False,0
C4_2,search,128,2,8,it0031,0.24955272674560547,0.24965506792068481,0.6111111111111112,False,0
C4_2,search,128,2,8,it0032,0.7038360834121704,0.6288198828697205,0.25925925925925924,False,0
C4_2,search,128,2,8,it0033,0.3728058338165283,0.13467377424240112,0.3076923076923077,False,0
C4_2,search,128,2,8,it0034,0.4005538821220398,0.2901274859905243,0.13333333333333333,False,0
C4_2,search,128,2,8,it0035,0.25555044412612915,0.2432699203491211,0.07692307692307693,False,1
C4_2,search,128,2,8,it0036,0.6050741076469421,0.43067747354507446,0.3888888888888889,False,0
C4_2,search,128,2,8,it0037,0.5925315618515015,0.5295631289482117,0.13333333333333333,False,0
C4_2,search,128,2,8,it0038,0.39534443616867065,0.1910538375377655,0.05405405405405406,False,0
C4_2,search,128,2,8,it0039,0.5571168065071106,0.5074552893638611,0.14634146341463414,False,0
C4_2,search,128,2,8,it0040,0.3382596969604492,0.22616735100746155,0.3333333333333333,False,1
C4_2,search,128,2,8,it0041,0.5896627902984619,0.4384811520576477,0.18181818181818182,False,0
C4_2,search,128,2,8,it0042,0.4562366008758545,0.4173199534416199,0.4074074074074074,False,0
C4_2,search,128,2,8,it0043,0.18468360602855682,0.23567137122154236,0.07692307692307693,False,1
C4_2,search,128,2,8,it0044,0.3058890104293823,0.4835966229438782,0.4,False,1
C4_2,search,128,2,8,it0045,0.34555745124816895,0.39937537908554077,0.2,False,1
C4_2,search,128,2,8,it0046,0.33862990140914917,0.2614717483520508,0.4375,False,0
C4_2,search,128,2,8,it0047,0.34776702523231506,0.394518107175827,0.6,False,0
C4_2,search,128,2,8,it0048,0.48433077335357666,0.5031334757804871,0.1875,False,1
C4_2,search,128,2,8,it0049,0.40257251262664795,0.5193434357643127,0.22727272727272727,False,1
C4_2,search,128,2,8,it0050,0.13000880181789398,0.08082729578018188,0.36363636363636365,False,1
C4_2,search,128,2,8,it0051,0.24525131285190582,0.4597652852535248,0.3103448275862069,False,1
C4_2,search,128,2,8,it0052,0.15673507750034332,0.33896929025650024,0.06666666666666667,False,0
C4_2,search,128,2,8,it0053,0.25032055377960205,0.25487807393074036,0.1891891891891892,False,1
C4_2,search,128,2,8,it0054,0.20185457170009613,0.018239352852106094,0.375,False,0
C4_2,search,128,2,8,it0055,0.5767080783843994,0.6013743877410889,0.19230769230769232,False,1
C4_2,search,128,2,8,it0056,0.45222723484039307,0.2718298137187958,0.3,False,1
C4_2,search,128,2,8,it0057,0.542410671710968,0.3246423900127411,0.20588235294117646,False,1
C4_2,search,128,2,8,it0058,0.4046144187450409,0.3550398647785187,0.08333333333333333,False,0
C4_2,search,128,2,8,it0059,0.5432345271110535,0.5473971366882324,0.14285714285714285,False,1
C4_2,search,128,2,8,it0060,0.47608235478401184,0.4432423710823059,0.17647058823529413,False,1
C4_2,search,128,2,8,it0061,0.5285736322402954,0.5665092468261719,0.05714285714285714,False,0
C4_2,search,128,2,8,it0062,0.6867865324020386,0.6489713191986084,0.09523809523809523,False,0
C4_2,search,128,2,8,it0063,0.38267242908477783,0.29240480065345764,0.13793103448275862,False,0
C4_2,search,128,2,8,it0064,0.397605836391449,0.40648454427719116,0.2777777777777778,False,1
C4_2,search,128,2,8,it0065,0.6735782623291016,0.639582633972168,0.15384615384615385,False,0
C4_2,search,128,2,8,it0066,0.2980893552303314,0.3943225145339966,0.38095238095238093,False,0
C4_2,search,128,2,8,it0067,0.2569352984428406,0.340482234954834,0.4444444444444444,False,1
C4_2,search,128,2,8,it0068,0.6776995658874512,0.6075569987297058,0.0,False,1
C4_2,search,128,2,8,it0069,0.35987114906311035,0.31361979246139526,0.22727272727272727,False,1
C4_2,search,128,2,8,it0070,0.41879376769065857,0.5936598777770996,0.0,False,0
C4_2,search,128,2,8,it0071,0.5437514781951904,0.5238419771194458,0.10714285714285714,False,0
C4_2,search,128,2,8,it0072,0.5717324018478394,0.5269639492034912,0.045454545454545456,False,0
C4_2,search,128,2,8,it0073,0.2653539478778839,0.2758520841598511,0.27586206896551724,False,1
C4_2,search,128,2,8,it0074,0.36135250329971313,0.24061614274978638,0.4,False,1
C4_2,search,128,2,8,it0075,0.3581954538822174,0.47201794385910034,0.17391304347826086,False,0
C4_2,search,128,2,8,it0076,0.5497596859931946,0.23600700497627258,0.30434782608695654,False,0
C4_2,search,128,2,8,it0077,0.4196419417858124,0.6538066864013672,0.3333333333333333,False,0
C4_2,search,128,2,8,it0078,0.44390591979026794,0.3872447609901428,0.23809523809523808,False,1
C4_2,search,128,2,8,it0079,0.5338447690010071,0.5301123261451721,0.08333333333333333,False,0
C4_2,search,128,2,8,it0080,0.38119828701019287,0.32756999135017395,0.3902439024390244,False,0
C4_2,search,128,2,8,it0081,0.36265474557876587,0.3627271354198456,0.14285714285714285,False,0
C4_2,search,128,2,8,it0082,0.5354667901992798,0.46851518750190735,0.11764705882352941,False,0
C4_2,search,128,2,8,it0083,0.5161314606666565,0.39494258165359497,0.2647058823529412,False,0
C4_2,search,128,2,8,it0084,0.6371039748191833,0.43592190742492676,0.044444444444444446,False,0
C4_2,search,128,2,8,it0085,0.4474978744983673,0.3548569977283478,0.0,False,1
C4_2,search,128,2,8,it0086,0.6677572727203369,0.5333525538444519,0.17647058823529413,False,0
C4_2,search,128,2,8,it0087,0.5273929834365845,0.6102529168128967,0.4375,False,0
C4_2,search,128,2,8,it0088,0.4014907479286194,0.30120351910591125,0.0,False,1
C4_2,search,128,2,8,it0089,0.4827525317668915,0.35238468647003174,0.0,False,1
C4_2,search,128,2,8,it0090,0.5049735903739929,0.4195767939090729,0.058823529411764705,False,0
C4_2,search,128,2,8,it0091,0.5294721722602844,0.4845375418663025,0.06451612903225806,False,1
C4_2,search,128,2,8,it0092,0.5329291224479675,0.5098094344139099,0.02857142857142857,False,1
C4_2,search,128,2,8,it0093,0.4203310012817383,0.31167149543762207,0.0,False,1
C4_2,search,128,2,8,it0094,0.49259787797927856,0.46930569410324097,0.07692307692307693,False,1
C4_2,search,128,2,8,it0095,0.42919203639030457,0.4060663878917694,0.23809523809523808,False,1
C4_2,search,128,2,8,it0096,0.4879082441329956,0.4048769772052765,0.09090909090909091,False,1
C4_2,search,128,2,8,it0097,0.603484034538269,0.5328153967857361,0.05,False,0
C4_2,search,128,2,8,it0098,0.5868066549301147,0.4173452854156494,0.037037037037037035,False,1
C4_2,search,128,2,8,it0099,0.2896735966205597,0.17735710740089417,0.0,False,1
C4_2,search,128,2,8,it0100,0.5829048752784729,0.6451854705810547,0.07692307692307693,False,0
C4_2,search,128,2,8,it0101,0.398672491312027,0.3896307349205017,0.2894736842105263,False,1
C4_2,search,128,2,8,it0102,0.2026590257883072,0.40082067251205444,0.0,False,1
C4_2,search,128,2,8,it0103,0.48182353377342224,0.4140799641609192,0.22727272727272727,False,1
C4_2,search,128,2,8,it0104,0.3894917666912079,0.44933462142944336,0.25,False,0
C4_2,search,128,2,8,it0105,0.43736737966537476,0.6166688203811646,0.17142857142857143,False,1
C4_2,search,128,2,8,it0106,0.2691488265991211,0.36958709359169006,0.0,False,1
C4_2,search,128,2,8,it0107,0.5814252495765686,0.4194383919239044,0.13043478260869565,False,1
C4_2,search,128,2,8,it0108,0.49244454503059387,0.3613647520542145,0.375,False,1
C4_2,search,128,2,8,it0109,0.5506184101104736,0.48981231451034546,0.21052631578947367,False,1
C4_2,search,128,2,8,it0110,0.21167801320552826,0.25414296984672546,0.26666666666666666,False,1
C4_2,search,128,2,8,it0111,0.15763457119464874,0.1839984655380249,0.48484848484848486,False,1
C4_2,search,128,2,8,it0112,0.6170268058776855,0.5739840269088745,0.13636363636363635,False,1
C4_2,search,128,2,8,it0113,0.5655164122581482,0.4826310873031616,0.045454545454545456,False,1
C4_2,search,128,2,8,it0114,0.4055165946483612,0.3852683901786804,0.5555555555555556,False,1
C4_2,search,128,2,8,it0115,0.28903067111968994,0.22386960685253143,0.2857142857142857,False,1
C4_2,search,128,2,8,it0116,0.5223119258880615,0.3233267068862915,0.47058823529411764,False,1
C4_2,search,128,2,8,it0117,0.3953166604042053,0.5301308631896973,0.11764705882352941,False,1
C4_2,search,128,2,8,it0118,0.6350988745689392,0.5131604075431824,0.2692307692307692,False,1
C4_2,search,128,2,8,it0119,0.4463297128677368,0.5652694702148438,0.42857142857142855,False,0
C4_2,search,128,2,8,it0120,0.49020570516586304,0.502484917640686,0.06666666666666667,False,0
C4_2,search,128,2,8,it0121,0.4689750075340271,0.39279210567474365,0.35,False,0
C4_2,search,128,2,8,it0122,0.266848087310791,0.2458024024963379,0.45454545454545453,False,1
C4_2,search,128,2,8,it0123,0.44090545177459717,0.4766814708709717,0.058823529411764705,False,0
C4_2,search,128,2,8,it0124,0.5450510382652283,0.4349854290485382,0.21212121212121213,False,0
C4_2,search,128,2,8,it0125,0.5117029547691345,0.43540045619010925,0.1794871794871795,False,0
C4_2,search,128,2,8,it0126,0.4680987000465393,0.2695651054382324,0.0625,False,1
C4_2,search,128,2,8,it0127,0.4718312919139862,0.2834444046020508,0.0,False,1
C4_2,search,128,2,8,it0128,0.3853453993797302,0.42165645956993103,0.25,False,1
C4_2,search,128,2,8,it0129,0.30452123284339905,0.3579849898815155,0.23529411764705882,False,1
C4_2,search,128,2,8,it0130,0.45637792348861694,0.35321709513664246,0.1,False,0
C4_2,search,128,2,8,it0131,0.31016772985458374,0.3044869005680084,0.03225806451612903,False,1
C4_2,search,128,2,8,it0132,0.2628953754901886,0.3008493185043335,0.21428571428571427,False,0
C4_2,search,128,2,8,it0133,0.4952509105205536,0.5307033658027649,0.0,False,0
C4_2,search,128,2,8,it0134,0.42090457677841187,0.3589916229248047,0.13157894736842105,False,0
C4_2,search,128,2,8,it0135,0.4191644787788391,0.3587099611759186,0.1282051282051282,False,0
C4_2,search,128,2,8,it0136,0.40925824642181396,0.3959139883518219,0.1,False,1
C4_2,search,128,2,8,it0137,0.5217154026031494,0.4073658287525177,0.16666666666666666,False,0
C4_2,search,128,2,8,it0138,0.5495061278343201,0.542003870010376,0.16666666666666666,False,0
C4_2,search,128,2,8,it0139,0.5197324752807617,0.32676368951797485,0.05555555555555555,False,0
C4_2,search,128,2,8,it0140,0.4955942630767822,0.4058142602443695,0.16666666666666666,False,0
C4_2,search,128,2,8,it0141,0.5882783532142639,0.6391893625259399,0.23333333333333334,False,0
C4_2,search,128,2,8,it0142,0.26015231013298035,0.173943892121315,0.28,False,0
C4_2,search,128,2,8,it0143,0.35053274035453796,0.4283455014228821,0.0625,False,1
C4_2,search,128,2,8,it0144,0.5546009540557861,0.391491174697876,0.03571428571428571,False,0
C4_2,search,128,2,8,it0145,0.5932732820510864,0.5888983607292175,0.1,False,1
C4_2,search,128,2,8,it0146,0.5424824357032776,0.36739876866340637,0.0,False,0
C4_2,search,128,2,8,it0147,0.4681527018547058,0.3139110803604126,0.043478260869565216,False,1
C4_2,search,128,2,8,it0148,0.17676696181297302,0.19276852905750275,0.21428571428571427,False,0
C4_2,search,128,2,8,it0149,0.5475139617919922,0.34017011523246765,0.14285714285714285,False,0
C4_2,search,128,2,8,it0150,0.45493996143341064,0.53634113073349,0.38461538461538464,False,1
C4_2,search,128,2,8,it0151,0.6396807432174683,0.5022450685501099,0.0,False,1
C4_2,search,128,2,8,it0152,0.49301016330718994,0.4177961051464081,0.0,False,1
C4_2,search,128,2,8,it0153,0.3267489969730377,0.336506724357605,0.35714285714285715,False,0
C4_2,search,128,2,8,it0154,0.2255581021308899,0.20458747446537018,0.05263157894736842,False,1
C4_2,search,128,2,8,it0155,0.2760004699230194,0.35638198256492615,0.0,False,0
C4_2,search,128,2,8,it0156,0.25736936926841736,0.1974124163389206,0.19047619047619047,False,0
C4_2,search,128,2,8,it0157,0.5835704207420349,0.5113077163696289,0.13953488372093023,False,1
C4_2,search,128,2,8,it0158,0.36933451890945435,0.3419840335845947,0.15789473684210525,False,0
C4_2,search,128,2,8,it0159,0.42797189950942993,0.3044498562812805,0.0,False,1
C4_2,search,128,2,8,it0160,0.5584226846694946,0.4648757576942444,0.0,False,0
C4_2,search,128,2,8,it0161,0.4055580794811249,0.3545830547809601,0.20689655172413793,False,0
C4_2,search,128,2,8,it0162,0.15534040331840515,0.3580016791820526,0.37037037037037035,False,0
C4_2,search,128,2,8,it0163,0.49803411960601807,0.33798062801361084,0.0,False,1
C4_2,search,128,2,8,it0164,0.45140141248703003,0.20369994640350342,0.0,False,0
C4_2,search,128,2,8,it0165,0.30368638038635254,0.2657328248023987,0.09090909090909091,False,0
C4_2,search,128,2,8,it0166,0.5623838305473328,0.40621131658554077,0.08333333333333333,False,0
C4_2,search,128,2,8,it0167,0.46539685130119324,0.4649575650691986,0.10526315789473684,False,1
C4_2,search,128,2,8,it0168,0.3636755645275116,0.3659285306930542,0.1,False,0
C4_2,search,128,2,8,it0169,0.414684921503067,0.3656250238418579,0.05,False,0
C4_2,search,128,2,8,it0170,0.4778325855731964,0.39312127232551575,0.23529411764705882,False,0
C4_2,search,128,2,8,it0171,0.6463521718978882,0.6184840798377991,0.0,False,1
C4_2,search,128,2,8,it0172,0.2705715000629425,0.35341259837150574,0.04,False,0
C4_2,search,128,2,8,it0173,0.6783087849617004,0.6726824641227722,0.0,False,0
C4_2,search,128,2,8,it0174,0.5200535655021667,0.44455277919769287,0.375,False,1
C4_2,search,128,2,8,it0175,0.2771416902542114,0.22360707819461823,0.13333333333333333,False,0
C4_2,search,128,2,8,it0176,0.4149670898914337,0.38535410165786743,0.0,False,1
C4_2,search,128,2,8,it0177,0.40065979957580566,0.4179585874080658,0.0,False,1
C4_2,search,128,2,8,it0178,0.2941030263900757,0.2011898308992386,0.5882352941176471,False,1
C4_2,search,128,2,8,it0179,0.567433774471283,0.6614285707473755,0.16129032258064516,False,0
C4_2,search,128,2,8,it0180,0.4404166638851166,0.4671678841114044,0.07142857142857142,False,1
C4_2,search,128,2,8,it0181,0.5605452060699463,0.47975388169288635,0.024390243902439025,False,1
C4_2,search,128,2,8,it0182,0.6273149251937866,0.4644433557987213,0.04,False,1
C4_2,search,128,2,8,it0183,0.5262863039970398,0.5053678154945374,0.12,False,0
C4_2,search,128,2,8,it0184,0.39543038606643677,0.33774036169052124,0.13333333333333333,False,0
C4_2,search,128,2,8,it0185,0.42262911796569824,0.5054949522018433,0.1935483870967742,False,0
C4_2,search,128,2,8,it0186,0.4198705554008484,0.40348467230796814,0.20833333333333334,False,1
C4_2,search,128,2,8,it0187,0.46192866563796997,0.400569349527359,0.0625,False,1
C4_2,search,128,2,8,it0188,0.6261329650878906,0.48804929852485657,0.05555555555555555,False,1
C4_2,search,128,2,8,it0189,0.41124337911605835,0.2322409749031067,0.1,False,1
C4_2,search,128,2,8,it0190,0.5525722503662109,0.5018966197967529,0.0625,False,1
C4_2,search,128,2,8,it0191,0.3901306688785553,0.2623596489429474,0.08,False,0
C4_2,search,128,2,8,it0192,0.4997967779636383,0.5595481395721436,0.037037037037037035,False,1
C4_2,search,128,2,8,it0193,0.4703884422779083,0.18082579970359802,0.1875,False,0
C4_2,search,128,2,8,it0194,0.5154491066932678,0.610964834690094,0.047619047619047616,False,0
C4_2,search,128,2,8,it0195,0.5784775614738464,0.5330308079719543,0.19230769230769232,False,1
C4_2,search,128,2,8,it0196,0.5048236846923828,0.44666630029678345,0.5714285714285714,False,1
C4_2,search,128,2,8,it0197,0.43113264441490173,0.33101993799209595,0.18181818181818182,False,0
C4_2,search,128,2,8,it0198,0.23202647268772125,0.22278277575969696,0.25,False,0
C4_2,search,128,2,8,it0199,0.44794464111328125,0.4143576920032501,0.0,False,1
C4_2,search,256,4,8,it0000,0.4850800633430481,0.45598670840263367,0.2391304347826087,False,3
C4_2,search,256,4,8,it0001,0.5083174705505371,0.3074566423892975,0.5555555555555556,False,1
C4_2,search,256,4,8,it0002,0.3966604769229889,0.2909969091415405,0.3333333333333333,False,3
C4_2,search,256,4,8,it0003,0.4449627101421356,0.2988409698009491,0.06666666666666667,False,3
C4_2,search,256,4,8,it0004,0.47747567296028137,0.34546807408332825,0.125,False,1
C4_2,search,256,4,8,it0005,0.5215652585029602,0.3968878388404846,0.18518518518518517,False,2
C4_2,search,256,4,8,it0006,0.3398049771785736,0.4023289382457733,0.16666666666666666,False,1
C4_2,search,256,4,8,it0007,0.2651054561138153,0.4409637451171875,0.09090909090909091,False,0
C4_2,search,256,4,8,it0008,0.41533511877059937,0.2147802710533142,0.42857142857142855,False,2
C4_2,search,256,4,8,it0009,0.5747160911560059,0.5869626998901367,0.07407407407407407,False,3
C4_2,search,256,4,8,it0010,0.54900723695755,0.5036256909370422,0.3333333333333333,False,0
C4_2,search,256,4,8,it0011,0.4604641795158386,0.47113972902297974,0.043478260869565216,False,2
C4_2,search,256,4,8,it0012,0.44186410307884216,0.4110427796840668,0.3103448275862069,False,0
C4_2,search,256,4,8,it0013,0.5965879559516907,0.5615469217300415,0.037037037037037035,False,1
C4_2,search,256,4,8,it0014,0.42079055309295654,0.35355144739151,0.13333333333333333,False,0
C4_2,search,256,4,8,it0015,0.5198146104812622,0.5312182903289795,0.11764705882352941,False,0
C4_2,search,256,4,8,it0016,0.6236593723297119,0.5588074922561646,0.4411764705882353,False,3
C4_2,search,256,4,8,it0017,0.46808797121047974,0.39490431547164917,0.06666666666666667,False,2
C4_2,search,256,4,8,it0018,0.3721323013305664,0.24905970692634583,0.08823529411764706,False,3
C4_2,search,256,4,8,it0019,0.5627225637435913,0.5550639033317566,0.10869565217391304,False,2
C4_2,search,256,4,8,it0020,0.40990957617759705,0.28650087118148804,0.46153846153846156,False,2
C4_2,search,256,4,8,it0021,0.5331947803497314,0.47216352820396423,0.15151515151515152,False,0
C4_2,search,256,4,8,it0022,0.4234868586063385,0.43525803089141846,0.4,False,0
C4_2,search,256,4,8,it0023,0.665532112121582,0.5818547606468201,0.4444444444444444,False,0
C4_2,search,256,4,8,it0024,0.6558329463005066,0.5211143493652344,0.14285714285714285,False,0
C4_2,search,256,4,8,it0025,0.630246102809906,0.5896270871162415,0.35,False,1
C4_2,search,256,4,8,it0026,0.28319263458251953,0.35913515090942383,0.0,False,0
C4_2,search,256,4,8,it0027,0.6649647355079651,0.5767323970794678,0.0,False,2
C4_2,search,256,4,8,it0028,0.5007815361022949,0.5268872380256653,0.5,False,2
C4_2,search,256,4,8,it0029,0.3034418225288391,0.38490521907806396,0.125,False,1
C4_2,search,256,4,8,it0030,0.4691544473171234,0.5146093368530273,0.16,False,3
C4_2,search,256,4,8,it0031,0.24955272674560547,0.24965506792068481,0.6111111111111112,False,0
C4_2,search,256,4,8,it0032,0.7038360834121704,0.6288198828697205,0.25925925925925924,False,0
C4_2,search,256,4,8,it0033,0.17154978215694427,0.14365729689598083,0.15384615384615385,False,2
C4_2,search,256,4,8,it0034,0.4005538821220398,0.2901274859905243,0.13333333333333333,False,0
C4_2,search,256,4,8,it0035,0.25555044412612915,0.2432699203491211,0.07692307692307693,False,1
C4_2,search,256,4,8,it0036,0.6649755835533142,0.4630632996559143,0.16666666666666666,False,3
C4_2,search,256,4,8,it0037,0.5925315618515015,0.5295631289482117,0.13333333333333333,False,0
C4_2,search,256,4,8,it0038,0.39534443616867065,0.1910538375377655,0.05405405405405406,False,0
C4_2,search,256,4,8,it0039,0.5571168065071106,0.5074552893638611,0.14634146341463414,False,0
C4_2,search,256,4,8,it0040,0.35126519203186035,0.24873292446136475,0.4,False,2
C4_2,search,256,4,8,it0041,0.6176704168319702,0.4696043133735657,0.18181818181818182,False,2
C4_2,search,256,4,8,it0042,0.4817088842391968,0.441791832447052,0.18518518518518517,False,3
C4_2,search,256,4,8,it0043,0.26652973890304565,0.2813830077648163,0.038461538461538464,False,3
C4_2,search,256,4,8,it0044,0.3058890104293823,0.4835966229438782,0.4,False,1
C4_2,search,256,4,8,it0045,0.34555745124816895,0.39937537908554077,0.2,False,1
C4_2,search,256,4,8,it0046,0.41270211338996887,0.39980649948120117,0.0,False,2
C4_2,search,256,4,8,it0047,0.34776702523231506,0.394518107175827,0.6,False,0
C4_2,search,256,4,8,it0048,0.48433077335357666,0.5031334757804871,0.1875,False,1
C4_2,search,256,4,8,it0049,0.40257251262664795,0.5193434357643127,0.22727272727272727,False,1
C4_2,search,256,4,8,it0050,0.13000880181789398,0.08082729578018188,0.36363636363636365,False,1
C4_2,search,256,4,8,it0051,0.24525131285190582,0.4597652852535248,0.3103448275862069,False,1
C4_2,search,256,4,8,it0052,0.443020761013031,0.43378746509552,0.0,False,2
C4_2,search,256,4,8,it0053,0.2967534065246582,0.41525566577911377,0.24324324324324326,False,2
C4_2,search,256,4,8,it0054,0.3565254211425781,0.27716338634490967,0.5416666666666666,False,2
C4_2,search,256,4,8,it0055,0.5767080783843994,0.6013743877410889,0.19230769230769232,False,1
C4_2,search,256,4,8,it0056,0.45222723484039307,0.2718298137187958,0.3,False,1
C4_2,search,256,4,8,it0057,0.544684648513794,0.3879640996456146,0.23529411764705882,False,2
C4_2,search,256,4,8,it0058,0.40248245000839233,0.36257094144821167,0.25,False,2
C4_2,search,256,4,8,it0059,0.5752817988395691,0.5538496971130371,0.07142857142857142,False,3
C4_2,search,256,4,8,it0060,0.42658519744873047,0.5095313191413879,0.23529411764705882,False,2
C4_2,search,256,4,8,it0061,0.5285736322402954,0.5665092468261719,0.05714285714285714,False,0
C4_2,search,256,4,8,it0062,0.6867865324020386,0.6489713191986084,0.09523809523809523,False,0
C4_2,search,256,4,8,it0063,0.35271719098091125,0.3334521949291229,0.41379310344827586,False,2
C4_2,search,256,4,8,it0064,0.35632193088531494,0.4166960120201111,0.2222222222222222,False,2
C4_2,search,256,4,8,it0065,0.6735782623291016,0.639582633972168,0.15384615384615385,False,0
C4_2,search,256,4,8,it0066,0.28681647777557373,0.43749064207077026,0.2857142857142857,False,2
C4_2,search,256,4,8,it0067,0.2569352984428406,0.340482234954834,0.4444444444444444,False,1
C4_2,search,256,4,8,it0068,0.7195430994033813,0.6357009410858154,0.02564102564102564,False,2
C4_2,search,256,4,8,it0069,0.39600712060928345,0.3922305405139923,0.09090909090909091,False,3
C4_2,search,256,4,8,it0070,0.41879376769065857,0.5936598777770996,0.0,False,0
C4_2,search,256,4,8,it0071,0.5437514781951904,0.5238419771194458,0.10714285714285714,False,0
C4_2,search,256,4,8,it0072,0.5717324018478394,0.5269639492034912,0.045454545454545456,False,0
C4_2,search,256,4,8,it0073,0.2653539478778839,0.2758520841598511,0.27586206896551724,False,1
C4_2,search,256,4,8,it0074,0.3165174722671509,0.2486996203660965,0.3333333333333333,False,2
C4_2,search,256,4,8,it0075,0.3581954538822174,0.47201794385910034,0.17391304347826086,False,0
C4_2,search,256,4,8,it0076,0.5349954962730408,0.3007596433162689,0.17391304347826086,False,2
C4_2,search,256,4,8,it0077,0.4196419417858124,0.6538066864013672,0.3333333333333333,False,0
C4_2,search,256,4,8,it0078,0.4247237741947174,0.4224942922592163,0.09523809523809523,False,2
C4_2,search,256,4,8,it0079,0.6082189083099365,0.5546743869781494,0.125,False,3
C4_2,search,256,4,8,it0080,0.38119828701019287,0.32756999135017395,0.3902439024390244,False,0
C4_2,search,256,4,8,it0081,0.4053462743759155,0.3715752065181732,0.07142857142857142,False,2
C4_2,search,256,4,8,it0082,0.5266751050949097,0.5342384576797485,0.11764705882352941,False,2
C4_2,search,256,4,8,it0083,0.5161314606666565,0.39494258165359497,0.2647058823529412,False,0
C4_2,search,256,4,8,it0084,0.6572450995445251,0.48334017395973206,0.06666666666666667,False,2
C4_2,search,256,4,8,it0085,0.5187023878097534,0.5018479824066162,0.0,False,3
C4_2,search,256,4,8,it0086,0.652594804763794,0.5805833339691162,0.17647058823529413,False,2
C4_2,search,256,4,8,it0087,0.5273929834365845,0.6102529168128967,0.4375,False,0
C4_2,search,256,4,8,it0088,0.3639898896217346,0.4132605791091919,0.047619047619047616,False,3
C4_2,search,256,4,8,it0089,0.4827525317668915,0.35238468647003174,0.0,False,1
C4_2,search,256,4,8,it0090,0.5557243824005127,0.5228185057640076,0.0,False,3
C4_2,search,256,4,8,it0091,0.5294721722602844,0.4845375418663025,0.06451612903225806,False,1
C4_2,search,256,4,8,it0092,0.5329291224479675,0.5098094344139099,0.02857142857142857,False,1
C4_2,search,256,4,8,it0093,0.46913349628448486,0.47400417923927307,0.05263157894736842,False,3
C4_2,search,256,4,8,it0094,0.49259787797927856,0.46930569410324097,0.07692307692307693,False,1
C4_2,search,256,4,8,it0095,0.5143328905105591,0.5504833459854126,0.47619047619047616,False,3
C4_2,search,256,4,8,it0096,0.4879082441329956,0.4048769772052765,0.09090909090909091,False,1
C4_2,search,256,4,8,it0097,0.603484034538269,0.5328153967857361,0.05,False,0
C4_2,search,256,4,8,it0098,0.5868066549301147,0.4173452854156494,0.037037037037037035,False,1
C4_2,search,256,4,8,it0099,0.25049102306365967,0.24145133793354034,0.13043478260869565,False,3
C4_2,search,256,4,8,it0100,0.5811027884483337,0.6453292369842529,0.15384615384615385,False,3
C4_2,search,256,4,8,it0101,0.398672491312027,0.3896307349205017,0.2894736842105263,False,1
C4_2,search,256,4,8,it0102,0.32764458656311035,0.4302797019481659,0.0,False,3
C4_2,search,256,4,8,it0103,0.48182353377342224,0.4140799641609192,0.22727272727272727,False,1
C4_2,search,256,4,8,it0104,0.4507749676704407,0.5220691561698914,0.125,False,3
C4_2,search,256,4,8,it0105,0.43736737966537476,0.6166688203811646,0.17142857142857143,False,1
C4_2,search,256,4,8,it0106,0.44778361916542053,0.42929568886756897,0.125,False,3
C4_2,search,256,4,8,it0107,0.6257635354995728,0.4413642883300781,0.2608695652173913,False,3
C4_2,search,256,4,8,it0108,0.49244454503059387,0.3613647520542145,0.375,False,1
C4_2,search,256,4,8,it0109,0.5506184101104736,0.48981231451034546,0.21052631578947367,False,1
C4_2,search,256,4,8,it0110,0.17485710978507996,0.2721934914588928,0.3,False,2
C4_2,search,256,4,8,it0111,0.2673601806163788,0.21386292576789856,0.2727272727272727,False,3
C4_2,search,256,4,8,it0112,0.6170268058776855,0.5739840269088745,0.13636363636363635,False,1
C4_2,search,256,4,8,it0113,0.5655164122581482,0.4826310873031616,0.045454545454545456,False,1
C4_2,search,256,4,8,it0114,0.5653371810913086,0.4840613603591919,0.3333333333333333,False,3
C4_2,search,256,4,8,it0115,0.3026212751865387,0.2529350221157074,0.07142857142857142,False,2
C4_2,search,256,4,8,it0116,0.6165896654129028,0.3561645746231079,0.47058823529411764,False,3
C4_2,search,256,4,8,it0117,0.4934062659740448,0.5815011858940125,0.029411764705882353,False,3
C4_2,search,256,4,8,it0118,0.6369798183441162,0.5249353051185608,0.3076923076923077,False,2
C4_2,search,256,4,8,it0119,0.4463297128677368,0.5652694702148438,0.42857142857142855,False,0
C4_2,search,256,4,8,it0120,0.49020570516586304,0.502484917640686,0.06666666666666667,False,0
C4_2,search,256,4,8,it0121,0.5835831761360168,0.4770183563232422,0.1,False,3
C4_2,search,256,4,8,it0122,0.3314273953437805,0.3301176428794861,0.22727272727272727,False,3
C4_2,search,256,4,8,it0123,0.44090545177459717,0.4766814708709717,0.058823529411764705,False,0
C4_2,search,256,4,8,it0124,0.5169293284416199,0.47124457359313965,0.3333333333333333,False,3
C4_2,search,256,4,8,it0125,0.5267822742462158,0.4558461904525757,0.23076923076923078,False,2
C4_2,search,256,4,8,it0126,0.46320202946662903,0.4195984899997711,0.25,False,2
C4_2,search,256,4,8,it0127,0.198309525847435,0.3233003616333008,0.0,False,2
C4_2,search,256,4,8,it0128,0.3853453993797302,0.42165645956993103,0.25,False,1
C4_2,search,256,4,8,it0129,0.30452123284339905,0.3579849898815155,0.23529411764705882,False,1
C4_2,search,256,4,8,it0130,0.41606831550598145,0.36808720231056213,0.3,False,2
C4_2,search,256,4,8,it0131,0.24771535396575928,0.3444313704967499,0.3870967741935484,False,2
C4_2,search,256,4,8,it0132,0.2628953754901886,0.3008493185043335,0.21428571428571427,False,0
C4_2,search,256,4,8,it0133,0.5949075222015381,0.5884848237037659,0.03571428571428571,False,2
C4_2,search,256,4,8,it0134,0.47800272703170776,0.35962629318237305,0.02631578947368421,False,2
C4_2,search,256,4,8,it0135,0.3779546320438385,0.41127362847328186,0.41025641025641024,False,2
C4_2,search,256,4,8,it0136,0.40925824642181396,0.3959139883518219,0.1,False,1
C4_2,search,256,4,8,it0137,0.5217154026031494,0.4073658287525177,0.16666666666666666,False,0
C4_2,search,256,4,8,it0138,0.5851662158966064,0.5706638097763062,0.2777777777777778,False,3
C4_2,search,256,4,8,it0139,0.48707690834999084,0.3388538658618927,0.05555555555555555,False,3
C4_2,search,256,4,8,it0140,0.4955942630767822,0.4058142602443695,0.16666666666666666,False,0
C4_2,search,256,4,8,it0141,0.5886818170547485,0.706355631351471,0.26666666666666666,False,3
C4_2,search,256,4,8,it0142,0.2987925708293915,0.32204610109329224,0.36,False,2
C4_2,search,256,4,8,it0143,0.3283737301826477,0.4773573577404022,0.0,False,2
C4_2,search,256,4,8,it0144,0.608509361743927,0.40078675746917725,0.10714285714285714,False,3
C4_2,search,256,4,8,it0145,0.5547046661376953,0.6476389765739441,0.025,False,3
C4_2,search,256,4,8,it0146,0.5424824357032776,0.36739876866340637,0.0,False,0
C4_2,search,256,4,8,it0147,0.5018092393875122,0.3421677052974701,0.08695652173913043,False,3
C4_2,search,256,4,8,it0148,0.13922634720802307,0.23401011526584625,0.21428571428571427,False,2
C4_2,search,256,4,8,it0149,0.5488453507423401,0.4348539710044861,0.14285714285714285,False,2
C4_2,search,256,4,8,it0150,0.45493996143341064,0.53634113073349,0.38461538461538464,False,1
C4_2,search,256,4,8,it0151,0.6396807432174683,0.5022450685501099,0.0,False,1
C4_2,search,256,4,8,it0152,0.49301016330718994,0.4177961051464081,0.0,False,1
C4_2,search,256,4,8,it0153,0.26854243874549866,0.35042399168014526,0.40476190476190477,False,2
C4_2,search,256,4,8,it0154,0.23734501004219055,0.21024073660373688,0.05263157894736842,False,3
C4_2,search,256,4,8,it0155,0.2760004699230194,0.35638198256492615,0.0,False,0
C4_2,search,256,4,8,it0156,0.34664204716682434,0.21920618414878845,0.09523809523809523,False,2
C4_2,search,256,4,8,it0157,0.5835704207420349,0.5113077163696289,0.13953488372093023,False,1
C4_2,search,256,4,8,it0158,0.4168049097061157,0.3665454685688019,0.05263157894736842,False,3
C4_2,search,256,4,8,it0159,0.3747909665107727,0.33066684007644653,0.35714285714285715,False,3
C4_2,search,256,4,8,it0160,0.5242552161216736,0.4880719780921936,0.03225806451612903,False,2
C4_2,search,256,4,8,it0161,0.4055580794811249,0.3545830547809601,0.20689655172413793,False,0
C4_2,search,256,4,8,it0162,0.15534040331840515,0.3580016791820526,0.37037037037037035,False,0
C4_2,search,256,4,8,it0163,0.44242438673973083,0.448686808347702,0.17647058823529413,False,3
C4_2,search,256,4,8,it0164,0.46237725019454956,0.2612864673137665,0.06451612903225806,False,2
C4_2,search,256,4,8,it0165,0.40365856885910034,0.3057878911495209,0.06060606060606061,False,2
C4_2,search,256,4,8,it0166,0.5623838305473328,0.40621131658554077,0.08333333333333333,False,0
C4_2,search,256,4,8,it0167,0.46539685130119324,0.4649575650691986,0.10526315789473684,False,1
C4_2,search,256,4,8,it0168,0.3636755645275116,0.3659285306930542,0.1,False,0
C4_2,search,256,4,8,it0169,0.37554699182510376,0.36828088760375977,0.2,False,3
C4_2,search,256,4,8,it0170,0.4377467632293701,0.4243694245815277,0.29411764705882354,False,2
C4_2,search,256,4,8,it0171,0.6463521718978882,0.6184840798377991,0.0,False,1
C4_2,search,256,4,8,it0172,0.2705715000629425,0.35341259837150574,0.04,False,0
C4_2,search,256,4,8,it0173,0.6783087849617004,0.6726824641227722,0.0,False,0
C4_2,search,256,4,8,it0174,0.4808807969093323,0.48831695318222046,0.0625,False,2
C4_2,search,256,4,8,it0175,0.2622905373573303,0.3669109344482422,0.06666666666666667,False,2
C4_2,search,256,4,8,it0176,0.4149670898914337,0.38535410165786743,0.0,False,1
C4_2,search,256,4,8,it0177,0.40065979957580566,0.4179585874080658,0.0,False,1
C4_2,search,256,4,8,it0178,0.35662397742271423,0.21155515313148499,0.17647058823529413,False,3
C4_2,search,256,4,8,it0179,0.567433774471283,0.6614285707473755,0.16129032258064516,False,0
C4_2,search,256,4,8,it0180,0.514215886592865,0.5042018294334412,0.07142857142857142,False,2
C4_2,search,256,4,8,it0181,0.5476254820823669,0.5518980622291565,0.024390243902439025,False,3
C4_2,search,256,4,8,it0182,0.6273149251937866,0.4644433557987213,0.04,False,1
C4_2,search,256,4,8,it0183,0.5262863039970398,0.5053678154945374,0.12,False,0
C4_2,search,256,4,8,it0184,0.39482295513153076,0.3878791928291321,0.3333333333333333,False,2
C4_2,search,256,4,8,it0185,0.42262911796569824,0.5054949522018433,0.1935483870967742,False,0
C4_2,search,256,4,8,it0186,0.5840615630149841,0.5583218336105347,0.16666666666666666,False,3
C4_2,search,256,4,8,it0187,0.46192866563796997,0.400569349527359,0.0625,False,1
C4_2,search,256,4,8,it0188,0.4061678647994995,0.5060893297195435,0.5555555555555556,False,3
C4_2,search,256,4,8,it0189,0.5321152806282043,0.4279901385307312,0.05,False,2
C4_2,search,256,4,8,it0190,0.5693888664245605,0.5292874574661255,0.0625,False,3
C4_2,search,256,4,8,it0191,0.5128220915794373,0.35828718543052673,0.0,False,3
C4_2,search,256,4,8,it0192,0.5520209670066833,0.5763053894042969,0.2222222222222222,False,2
C4_2,search,256,4,8,it0193,0.5291290283203125,0.21533364057540894,0.3125,False,3
C4_2,search,256,4,8,it0194,0.5154491066932678,0.610964834690094,0.047619047619047616,False,0
C4_2,search,256,4,8,it0195,0.5784775614738464,0.5330308079719543,0.19230769230769232,False,1
C4_2,search,256,4,8,it0196,0.5048236846923828,0.44666630029678345,0.5714285714285714,False,1
C4_2,search,256,4,8,it0197,0.5066757798194885,0.3593018054962158,0.09090909090909091,False,3
C4_2,search,256,4,8,it0198,0.23202647268772125,0.22278277575969696,0.25,False,0
C4_2,search,256,4,8,it0199,0.44794464111328125,0.4143576920032501,0.0,False,1
C4_2,search,512,8,8,it0000,0.4850800633430481,0.45598670840263367,0.2391304347826087,False,3
C4_2,search,512,8,8,it0001,0.4857778251171112,0.38836127519607544,0.5,False,7
C4_2,search,512,8,8,it0002,0.506895124912262,0.3718988001346588,0.3333333333333333,False,5
C4_2,search,512,8,8,it0003,0.4821074604988098,0.378266304731369,0.2,False,5
C4_2,search,512,8,8,it0004,0.5560898184776306,0.39757677912712097,0.125,False,5
C4_2,search,512,8,8,it0005,0.4651378393173218,0.4558295011520386,0.0,False,7
C4_2,search,512,8,8,it0006,0.31340664625167847,0.42315492033958435,0.2222222222222222,False,7
C4_2,search,512,8,8,it0007,0.2651054561138153,0.4409637451171875,0.09090909090909091,False,0
C4_2,search,512,8,8,it0008,0.4208777844905853,0.31046390533447266,0.3333333333333333,False,7
C4_2,search,512,8,8,it0009,0.5747160911560059,0.5869626998901367,0.07407407407407407,False,3
C4_2,search,512,8,8,it0010,0.5910730957984924,0.5718018412590027,0.1111111111111111,False,6
C4_2,search,512,8,8,it0011,0.4819599986076355,0.5248925685882568,0.0,False,4
C4_2,search,512,8,8,it0012,0.42140695452690125,0.4251532554626465,0.7586206896551724,False,6
C4_2,search,512,8,8,it0013,0.5023833513259888,0.567165732383728,0.0,False,4
C4_2,search,512,8,8,it0014,0.40294337272644043,0.4296826124191284,0.13333333333333333,False,7
C4_2,search,512,8,8,it0015,0.5323246121406555,0.5931450128555298,0.35294117647058826,False,6
C4_2,search,512,8,8,it0016,0.6236593723297119,0.5588074922561646,0.4411764705882353,False,3
C4_2,search,512,8,8,it0017,0.5392645597457886,0.42835211753845215,0.06666666666666667,False,4
C4_2,search,512,8,8,it0018,0.3721323013305664,0.24905970692634583,0.08823529411764706,False,3
C4_2,search,512,8,8,it0019,0.5627225637435913,0.5550639033317566,0.10869565217391304,False,2
C4_2,search,512,8,8,it0020,0.40990957617759705,0.28650087118148804,0.46153846153846156,False,2
C4_2,search,512,8,8,it0021,0.5314386487007141,0.5284397602081299,0.18181818181818182,False,7
C4_2,search,512,8,8,it0022,0.4234868586063385,0.43525803089141846,0.4,False,0
C4_2,search,512,8,8,it0023,0.665532112121582,0.5818547606468201,0.4444444444444444,False,0
C4_2,search,512,8,8,it0024,0.6333923935890198,0.524080216884613,0.14285714285714285,False,7
C4_2,search,512,8,8,it0025,0.630246102809906,0.5896270871162415,0.35,False,1
C4_2,search,512,8,8,it0026,0.28319263458251953,0.35913515090942383,0.0,False,0
C4_2,search,512,8,8,it0027,0.6329115629196167,0.5846139788627625,0.0,False,7
C4_2,search,512,8,8,it0028,0.5349869132041931,0.5778615474700928,0.19047619047619047,False,7
C4_2,search,512,8,8,it0029,0.2814159393310547,0.42700567841529846,0.0625,False,7
C4_2,search,512,8,8,it0030,0.4691544473171234,0.5146093368530273,0.16,False,3
C4_2,search,512,8,8,it0031,0.24955272674560547,0.24965506792068481,0.6111111111111112,False,0
C4_2,search,512,8,8,it0032,0.726374626159668,0.6855368614196777,0.18518518518518517,False,7
C4_2,search,512,8,8,it0033,0.4113994836807251,0.2147800624370575,0.3076923076923077,False,7
C4_2,search,512,8,8,it0034,0.4005538821220398,0.2901274859905243,0.13333333333333333,False,0
C4_2,search,512,8,8,it0035,0.25555044412612915,0.2432699203491211,0.07692307692307693,False,1
C4_2,search,512,8,8,it0036,0.6295723915100098,0.5001712441444397,0.1111111111111111,False,6
C4_2,search,512,8,8,it0037,0.5364004373550415,0.5492514967918396,0.3333333333333333,False,4
C4_2,search,512,8,8,it0038,0.43079912662506104,0.2560836672782898,0.1891891891891892,False,6
C4_2,search,512,8,8,it0039,0.6174254417419434,0.5782066583633423,0.04878048780487805,False,6
C4_2,search,512,8,8,it0040,0.3622448444366455,0.3568999767303467,0.13333333333333333,False,5
C4_2,search,512,8,8,it0041,0.6176704168319702,0.4696043133735657,0.18181818181818182,False,2
C4_2,search,512,8,8,it0042,0.47937655448913574,0.44956672191619873,0.07407407407407407,False,6
C4_2,search,512,8,8,it0043,0.26652973890304565,0.2813830077648163,0.038461538461538464,False,3
C4_2,search,512,8,8,it0044,0.47385257482528687,0.5169630646705627,0.2,False,4
C4_2,search,512,8,8,it0045,0.3448558449745178,0.44550055265426636,0.0,False,5
C4_2,search,512,8,8,it0046,0.41270211338996887,0.39980649948120117,0.0,False,2
C4_2,search,512,8,8,it0047,0.38765543699264526,0.41080814599990845,0.6,False,5
C4_2,search,512,8,8,it0048,0.48433077335357666,0.5031334757804871,0.1875,False,1
C4_2,search,512,8,8,it0049,0.3955719470977783,0.5629913210868835,0.3181818181818182,False,4
C4_2,search,512,8,8,it0050,0.303493469953537,0.13429363071918488,0.5909090909090909,False,6
C4_2,search,512,8,8,it0051,0.25581029057502747,0.507099449634552,0.10344827586206896,False,7
C4_2,search,512,8,8,it0052,0.443020761013031,0.43378746509552,0.0,False,2
C4_2,search,512,8,8,it0053,0.2967534065246582,0.41525566577911377,0.24324324324324326,False,2
C4_2,search,512,8,8,it0054,0.3565254211425781,0.27716338634490967,0.5416666666666666,False,2
C4_2,search,512,8,8,it0055,0.5767080783843994,0.6013743877410889,0.19230769230769232,False,1
C4_2,search,512,8,8,it0056,0.45222723484039307,0.2718298137187958,0.3,False,1
C4_2,search,512,8,8,it0057,0.544684648513794,0.3879640996456146,0.23529411764705882,False,2
C4_2,search,512,8,8,it0058,0.4904475212097168,0.4538101255893707,0.3333333333333333,False,7
C4_2,search,512,8,8,it0059,0.5275209546089172,0.5582160949707031,0.21428571428571427,False,6
C4_2,search,512,8,8,it0060,0.42658519744873047,0.5095313191413879,0.23529411764705882,False,2
C4_2,search,512,8,8,it0061,0.5617419481277466,0.5967879295349121,0.02857142857142857,False,7
C4_2,search,512,8,8,it0062,0.6867865324020386,0.6489713191986084,0.09523809523809523,False,0
C4_2,search,512,8,8,it0063,0.37753140926361084,0.35473084449768066,0.10344827586206896,False,7
C4_2,search,512,8,8,it0064,0.373928964138031,0.4851897656917572,0.05555555555555555,False,5
C4_2,search,512,8,8,it0065,0.6735782623291016,0.639582633972168,0.15384615384615385,False,0
C4_2,search,512,8,8,it0066,0.28681647777557373,0.43749064207077026,0.2857142857142857,False,2
C4_2,search,512,8,8,it0067,0.2569352984428406,0.340482234954834,0.4444444444444444,False,1
C4_2,search,512,8,8,it0068,0.7195430994033813,0.6357009410858154,0.02564102564102564,False,2
C4_2,search,512,8,8,it0069,0.39600712060928345,0.3922305405139923,0.09090909090909091,False,3
C4_2,search,512,8,8,it0070,0.41879376769065857,0.5936598777770996,0.0,False,0
C4_2,search,512,8,8,it0071,0.5437514781951904,0.5238419771194458,0.10714285714285714,False,0
C4_2,search,512,8,8,it0072,0.5717324018478394,0.5269639492034912,0.045454545454545456,False,0
C4_2,search,512,8,8,it0073,0.26004278659820557,0.3062703609466553,0.6206896551724138,False,7
C4_2,search,512,8,8,it0074,0.3938038647174835,0.4263346195220947,0.4666666666666667,False,7
C4_2,search,512,8,8,it0075,0.3581954538822174,0.47201794385910034,0.17391304347826086,False,0
C4_2,search,512,8,8,it0076,0.48080456256866455,0.3672500252723694,0.17391304347826086,False,5
C4_2,search,512,8,8,it0077,0.4196419417858124,0.6538066864013672,0.3333333333333333,False,0
C4_2,search,512,8,8,it0078,0.4247237741947174,0.4224942922592163,0.09523809523809523,False,2
C4_2,search,512,8,8,it0079,0.6082189083099365,0.5546743869781494,0.125,False,3
C4_2,search,512,8,8,it0080,0.38119828701019287,0.32756999135017395,0.3902439024390244,False,0
C4_2,search,512,8,8,it0081,0.4053462743759155,0.3715752065181732,0.07142857142857142,False,2
C4_2,search,512,8,8,it0082,0.5266751050949097,0.5342384576797485,0.11764705882352941,False,2
C4_2,search,512,8,8,it0083,0.5161314606666565,0.39494258165359497,0.2647058823529412,False,0
C4_2,search,512,8,8,it0084,0.5671671032905579,0.48709893226623535,0.044444444444444446,False,4
C4_2,search,512,8,8,it0085,0.5187023878097534,0.5018479824066162,0.0,False,3
C4_2,search,512,8,8,it0086,0.5303732752799988,0.5969338417053223,0.7058823529411765,False,6
C4_2,search,512,8,8,it0087,0.5582153797149658,0.6735538244247437,0.3125,False,5
C4_2,search,512,8,8,it0088,0.3639898896217346,0.4132605791091919,0.047619047619047616,False,3
C4_2,search,512,8,8,it0089,0.5319780707359314,0.3631828725337982,0.0,False,4
C4_2,search,512,8,8,it0090,0.6052544116973877,0.5383661389350891,0.0,False,4
C4_2,search,512,8,8,it0091,0.6012278199195862,0.5292073488235474,0.03225806451612903,False,6
C4_2,search,512,8,8,it0092,0.5329291224479675,0.5098094344139099,0.02857142857142857,False,1
C4_2,search,512,8,8,it0093,0.46913349628448486,0.47400417923927307,0.05263157894736842,False,3
C4_2,search,512,8,8,it0094,0.49259787797927856,0.46930569410324097,0.07692307692307693,False,1
C4_2,search,512,8,8,it0095,0.5143328905105591,0.5504833459854126,0.47619047619047616,False,3
C4_2,search,512,8,8,it0096,0.4879082441329956,0.4048769772052765,0.09090909090909091,False,1
C4_2,search,512,8,8,it0097,0.6180018186569214,0.5942813754081726,0.0,False,7
C4_2,search,512,8,8,it0098,0.5771580934524536,0.491346538066864,0.25925925925925924,False,5
C4_2,search,512,8,8,it0099,0.25049102306365967,0.24145133793354034,0.13043478260869565,False,3
C4_2,search,512,8,8,it0100,0.5811027884483337,0.6453292369842529,0.15384615384615385,False,3
C4_2,search,512,8,8,it0101,0.398672491312027,0.3896307349205017,0.2894736842105263,False,1
C4_2,search,512,8,8,it0102,0.27151060104370117,0.5153167843818665,0.07692307692307693,False,7
C4_2,search,512,8,8,it0103,0.522693932056427,0.5662144422531128,0.13636363636363635,False,5
C4_2,search,512,8,8,it0104,0.5099660754203796,0.522746741771698,0.041666666666666664,False,4
C4_2,search,512,8,8,it0105,0.43736737966537476,0.6166688203811646,0.17142857142857143,False,1
C4_2,search,512,8,8,it0106,0.44778361916542053,0.42929568886756897,0.125,False,3
C4_2,search,512,8,8,it0107,0.5977256894111633,0.5170782804489136,0.30434782608695654,False,4
C4_2,search,512,8,8,it0108,0.3501560389995575,0.3686371445655823,0.125,False,4
C4_2,search,512,8,8,it0109,0.5506184101104736,0.48981231451034546,0.21052631578947367,False,1
C4_2,search,512,8,8,it0110,0.23897191882133484,0.3353338837623596,0.06666666666666667,False,5
C4_2,search,512,8,8,it0111,0.2673601806163788,0.21386292576789856,0.2727272727272727,False,3
C4_2,search,512,8,8,it0112,0.6170268058776855,0.5739840269088745,0.13636363636363635,False,1
C4_2,search,512,8,8,it0113,0.6029689311981201,0.49019813537597656,0.13636363636363635,False,4
C4_2,search,512,8,8,it0114,0.5653371810913086,0.4840613603591919,0.3333333333333333,False,3
C4_2,search,512,8,8,it0115,0.371409147977829,0.26973068714141846,0.35714285714285715,False,4
C4_2,search,512,8,8,it0116,0.6165896654129028,0.3561645746231079,0.47058823529411764,False,3
C4_2,search,512,8,8,it0117,0.4934062659740448,0.5815011858940125,0.029411764705882353,False,3
C4_2,search,512,8,8,it0118,0.6643690466880798,0.5700559616088867,0.25,False,7
C4_2,search,512,8,8,it0119,0.5334777235984802,0.5913432240486145,0.14285714285714285,False,7
C4_2,search,512,8,8,it0120,0.49020570516586304,0.502484917640686,0.06666666666666667,False,0
C4_2,search,512,8,8,it0121,0.5835831761360168,0.4770183563232422,0.1,False,3
C4_2,search,512,8,8,it0122,0.3314273953437805,0.3301176428794861,0.22727272727272727,False,3
C4_2,search,512,8,8,it0123,0.44090545177459717,0.4766814708709717,0.058823529411764705,False,0
C4_2,search,512,8,8,it0124,0.5169293284416199,0.47124457359313965,0.3333333333333333,False,3
C4_2,search,512,8,8,it0125,0.5267822742462158,0.4558461904525757,0.23076923076923078,False,2
C4_2,search,512,8,8,it0126,0.5120674967765808,0.5417776703834534,0.0,False,6
C4_2,search,512,8,8,it0127,0.198309525847435,0.3233003616333008,0.0,False,2
C4_2,search,512,8,8,it0128,0.5366189479827881,0.48687291145324707,0.05,False,4
C4_2,search,512,8,8,it0129,0.30452123284339905,0.3579849898815155,0.23529411764705882,False,1
C4_2,search,512,8,8,it0130,0.22896477580070496,0.3718140423297882,0.2,False,7
C4_2,search,512,8,8,it0131,0.2839087247848511,0.3676178753376007,0.5161290322580645,False,7
C4_2,search,512,8,8,it0132,0.38566380739212036,0.32955044507980347,0.0,False,5
C4_2,search,512,8,8,it0133,0.5949075222015381,0.5884848237037659,0.03571428571428571,False,2
C4_2,search,512,8,8,it0134,0.49655139446258545,0.40150725841522217,0.13157894736842105,False,5
C4_2,search,512,8,8,it0135,0.3779546320438385,0.41127362847328186,0.41025641025641024,False,2
C4_2,search,512,8,8,it0136,0.40925824642181396,0.3959139883518219,0.1,False,1
C4_2,search,512,8,8,it0137,0.45930153131484985,0.42620354890823364,0.25,False,6
C4_2,search,512,8,8,it0138,0.4611688554286957,0.5965503454208374,0.2222222222222222,False,4
C4_2,search,512,8,8,it0139,0.5847079753875732,0.4824284613132477,0.0,False,4
C4_2,search,512,8,8,it0140,0.4540175199508667,0.4070165753364563,0.16666666666666666,False,7
C4_2,search,512,8,8,it0141,0.5886818170547485,0.706355631351471,0.26666666666666666,False,3
C4_2,search,512,8,8,it0142,0.2987925708293915,0.32204610109329224,0.36,False,2
C4_2,search,512,8,8,it0143,0.3750876188278198,0.49904075264930725,0.0,False,7
C4_2,search,512,8,8,it0144,0.4698362648487091,0.4078908860683441,0.03571428571428571,False,6
C4_2,search,512,8,8,it0145,0.5547046661376953,0.6476389765739441,0.025,False,3
C4_2,search,512,8,8,it0146,0.5065497159957886,0.38172781467437744,0.05,False,7
C4_2,search,512,8,8,it0147,0.5018092393875122,0.3421677052974701,0.08695652173913043,False,3
C4_2,search,512,8,8,it0148,0.21442797780036926,0.3140229880809784,0.21428571428571427,False,5
C4_2,search,512,8,8,it0149,0.5295213460922241,0.5343157052993774,0.35714285714285715,False,5
C4_2,search,512,8,8,it0150,0.45493996143341064,0.53634113073349,0.38461538461538464,False,1
C4_2,search,512,8,8,it0151,0.6396807432174683,0.5022450685501099,0.0,False,1
C4_2,search,512,8,8,it0152,0.5630138516426086,0.4444473385810852,0.058823529411764705,False,6
C4_2,search,512,8,8,it0153,0.39294177293777466,0.4073687493801117,0.30952380952380953,False,5
C4_2,search,512,8,8,it0154,0.23734501004219055,0.21024073660373688,0.05263157894736842,False,3
C4_2,search,512,8,8,it0155,0.2760004699230194,0.35638198256492615,0.0,False,0
C4_2,search,512,8,8,it0156,0.3560137152671814,0.252183198928833,0.0,False,6
C4_2,search,512,8,8,it0157,0.5835704207420349,0.5113077163696289,0.13953488372093023,False,1
C4_2,search,512,8,8,it0158,0.41127529740333557,0.4321154057979584,0.21052631578947367,False,5
C4_2,search,512,8,8,it0159,0.3747909665107727,0.33066684007644653,0.35714285714285715,False,3
C4_2,search,512,8,8,it0160,0.5242552161216736,0.4880719780921936,0.03225806451612903,False,2
C4_2,search,512,8,8,it0161,0.4584228992462158,0.38865596055984497,0.06896551724137931,False,6
C4_2,search,512,8,8,it0162,0.15534040331840515,0.3580016791820526,0.37037037037037035,False,0
C4_2,search,512,8,8,it0163,0.4715576469898224,0.5095995664596558,0.058823529411764705,False,4
C4_2,search,512,8,8,it0164,0.5604395270347595,0.41654902696609497,0.03225806451612903,False,6
C4_2,search,512,8,8,it0165,0.40365856885910034,0.3057878911495209,0.06060606060606061,False,2
C4_2,search,512,8,8,it0166,0.5229195356369019,0.4546802341938019,0.6666666666666666,False,4
C4_2,search,512,8,8,it0167,0.4644620418548584,0.5296604633331299,0.05263157894736842,False,4
C4_2,search,512,8,8,it0168,0.3636755645275116,0.3659285306930542,0.1,False,0
C4_2,search,512,8,8,it0169,0.3247884213924408,0.37767285108566284,0.05,False,4
C4_2,search,512,8,8,it0170,0.43044424057006836,0.4276660680770874,0.35294117647058826,False,6
C4_2,search,512,8,8,it0171,0.6463521718978882,0.6184840798377991,0.0,False,1
C4_2,search,512,8,8,it0172,0.35334470868110657,0.4101318120956421,0.04,False,5
C4_2,search,512,8,8,it0173,0.6783087849617004,0.6726824641227722,0.0,False,0
C4_2,search,512,8,8,it0174,0.4808807969093323,0.48831695318222046,0.0625,False,2
C4_2,search,512,8,8,it0175,0.2622905373573303,0.3669109344482422,0.06666666666666667,False,2
C4_2,search,512,8,8,it0176,0.42285093665122986,0.4420454502105713,0.2222222222222222,False,4
C4_2,search,512,8,8,it0177,0.33836907148361206,0.4757559597492218,0.0,False,4
C4_2,search,512,8,8,it0178,0.3053443729877472,0.30633974075317383,0.7647058823529411,False,7
C4_2,search,512,8,8,it0179,0.567433774471283,0.6614285707473755,0.16129032258064516,False,0
C4_2,search,512,8,8,it0180,0.514215886592865,0.5042018294334412,0.07142857142857142,False,2
C4_2,search,512,8,8,it0181,0.5709342956542969,0.5562966465950012,0.14634146341463414,False,4
C4_2,search,512,8,8,it0182,0.6273149251937866,0.4644433557987213,0.04,False,1
C4_2,search,512,8,8,it0183,0.6411998271942139,0.5423733592033386,0.0,False,5
C4_2,search,512,8,8,it0184,0.3662887513637543,0.39155831933021545,0.26666666666666666,False,7
C4_2,search,512,8,8,it0185,0.5052648782730103,0.5602308511734009,0.25806451612903225,False,6
C4_2,search,512,8,8,it0186,0.5840615630149841,0.5583218336105347,0.16666666666666666,False,3
C4_2,search,512,8,8,it0187,0.45939502120018005,0.46310684084892273,0.1875,False,4
C4_2,search,512,8,8,it0188,0.6009364724159241,0.5281231999397278,0.05555555555555555,False,7
C4_2,search,512,8,8,it0189,0.4820498824119568,0.43868884444236755,0.15,False,7
C4_2,search,512,8,8,it0190,0.5399714708328247,0.5519280433654785,0.0625,False,7
C4_2,search,512,8,8,it0191,0.5128220915794373,0.35828718543052673,0.0,False,3
C4_2,search,512,8,8,it0192,0.5520209670066833,0.5763053894042969,0.2222222222222222,False,2
C4_2,search,512,8,8,it0193,0.4917922616004944,0.3729923665523529,0.3125,False,5
C4_2,search,512,8,8,it0194,0.5742349624633789,0.6493332386016846,0.047619047619047616,False,5
C4_2,search,512,8,8,it0195,0.6118963956832886,0.607218861579895,0.38461538461538464,False,5
C4_2,search,512,8,8,it0196,0.5048236846923828,0.44666630029678345,0.5714285714285714,False,1
C4_2,search,512,8,8,it0197,0.5066757798194885,0.3593018054962158,0.09090909090909091,False,3
C4_2,search,512,8,8,it0198,0.23202647268772125,0.22278277575969696,0.25,False,0
C4_2,search,512,8,8,it0199,0.46303024888038635,0.4972081780433655,0.058823529411764705,False,5
C4_2,refine,128,1,16,it0000,0.42096519470214844,0.43529975414276123,0.043478260869565216,False,0
C4_2,refine,128,1,16,it0001,0.44382351636886597,0.307217538356781,0.3333333333333333,False,0
C4_2,refine,128,1,16,it0002,0.3195047974586487,0.28492310643196106,0.26666666666666666,False,0
C4_2,refine,128,1,16,it0003,0.3710092306137085,0.10279850661754608,0.13333333333333333,False,0
C4_2,refine,128,1,16,it0004,0.5236890912055969,0.36724409461021423,0.125,False,0
C4_2,refine,128,1,16,it0005,0.4152895212173462,0.3033721148967743,0.0,False,0
C4_2,refine,128,1,16,it0006,0.34378254413604736,0.3082585334777832,0.0,False,0
C4_2,refine,128,1,16,it0007,0.2769511342048645,0.30491557717323303,0.3181818181818182,False,0
C4_2,refine,128,1,16,it0008,0.4060794711112976,0.1902146339416504,0.23809523809523808,False,0
C4_2,refine,128,1,16,it0009,0.49371761083602905,0.43220674991607666,0.1111111111111111,False,0
C4_2,refine,128,1,16,it0010,0.5697003602981567,0.5943379998207092,0.2777777777777778,False,0
C4_2,refine,128,1,16,it0011,0.49197620153427124,0.4608353078365326,0.08695652173913043,False,0
C4_2,refine,128,1,16,it0012,0.3981740176677704,0.34023424983024597,0.6206896551724138,False,0
C4_2,refine,128,1,16,it0013,0.5861979126930237,0.5205455422401428,0.0,False,0
C4_2,refine,128,1,16,it0014,0.4136925935745239,0.2634080946445465,0.06666666666666667,False,0
C4_2,refine,128,1,16,it0015,0.40657922625541687,0.4948379695415497,0.0,False,0
C4_2,refine,128,1,16,it0016,0.6455272436141968,0.3959410786628723,0.17647058823529413,False,0
C4_2,refine,128,1,16,it0017,0.38998696208000183,0.3385722041130066,0.2,False,0
C4_2,refine,128,1,16,it0018,0.40320175886154175,0.15974672138690948,0.08823529411764706,False,0
C4_2,refine,128,1,16,it0019,0.5969737768173218,0.4786483645439148,0.30434782608695654,False,0
C4_2,refine,128,1,16,it0020,0.27275440096855164,0.1622476428747177,0.3076923076923077,False,0
C4_2,refine,128,1,16,it0021,0.46699580550193787,0.44099050760269165,0.12121212121212122,False,0
C4_2,refine,128,1,16,it0022,0.2756636440753937,0.29801592230796814,0.5,False,0
C4_2,refine,128,1,16,it0023,0.5382862687110901,0.4322218894958496,0.2777777777777778,False,0
C4_2,refine,128,1,16,it0024,0.6265231370925903,0.5146706700325012,0.14285714285714285,False,0
C4_2,refine,128,1,16,it0025,0.5960134863853455,0.5093015432357788,0.1,False,0
C4_2,refine,128,1,16,it0026,0.2019701898097992,0.2159053534269333,0.0,False,0
C4_2,refine,128,1,16,it0027,0.634209394454956,0.545744776725769,0.1875,False,0
C4_2,refine,128,1,16,it0028,0.41495442390441895,0.4654392600059509,0.09523809523809523,False,0
C4_2,refine,128,1,16,it0029,0.19040000438690186,0.38826078176498413,0.0625,False,0
C4_2,refine,128,1,16,it0030,0.5531879663467407,0.41692468523979187,0.12,False,0
C4_2,refine,128,1,16,it0031,0.26224544644355774,0.24772526323795319,0.2777777777777778,False,0
C4_2,refine,128,1,16,it0032,0.6888773441314697,0.634314239025116,0.18518518518518517,False,0
C4_2,refine,128,1,16,it0033,0.28011515736579895,0.1862192302942276,0.15384615384615385,False,0
C4_2,refine,128,1,16,it0034,0.4206252992153168,0.27875787019729614,0.16666666666666666,False,0
C4_2,refine,128,1,16,it0035,0.27232789993286133,0.23606562614440918,0.5384615384615384,False,0
C4_2,refine,128,1,16,it0036,0.5659542679786682,0.4727591872215271,0.1111111111111111,False,0
C4_2,refine,128,1,16,it0037,0.5292741656303406,0.45188477635383606,0.0,False,0
C4_2,refine,128,1,16,it0038,0.3461521565914154,0.11946733295917511,0.10810810810810811,False,0
C4_2,refine,128,1,16,it0039,0.4363774061203003,0.4754176735877991,0.14634146341463414,False,0
C4_2,refine,128,1,16,it0040,0.2956499457359314,0.2043514996767044,0.13333333333333333,False,0
C4_2,refine,128,1,16,it0041,0.574727475643158,0.3058661222457886,0.18181818181818182,False,0
C4_2,refine,128,1,16,it0042,0.36476123332977295,0.3938605785369873,0.18518518518518517,False,0
C4_2,refine,128,1,16,it0043,0.31062886118888855,0.24575486779212952,0.0,False,0
C4_2,refine,128,1,16,it0044,0.4689479470252991,0.3996388018131256,0.4,False,0
C4_2,refine,128,1,16,it0045,0.25879722833633423,0.3486456573009491,0.0,False,0
C4_2,refine,128,1,16,it0046,0.18195709586143494,0.21079128980636597,0.125,False,0
C4_2,refine,128,1,16,it0047,0.2639366388320923,0.36241376399993896,0.45,False,0
C4_2,refine,128,1,16,it0048,0.4690352976322174,0.3438796401023865,0.25,False,0
C4_2,refine,128,1,16,it0049,0.3449244797229767,0.5340811610221863,0.5,False,0
C4_2,refine,128,1,16,it0050,0.08820449560880661,0.10901414602994919,0.5,False,0
C4_2,refine,128,1,16,it0051,0.19312256574630737,0.37073877453804016,0.13793103448275862,False,0
C4_2,refine,128,1,16,it0052,0.18617984652519226,0.24188286066055298,0.0,False,0
C4_2,refine,128,1,16,it0053,0.21366114914417267,0.22306083142757416,0.2702702702702703,False,0
C4_2,refine,128,1,16,it0054,0.30627381801605225,0.09303101897239685,0.125,False,0
C4_2,refine,128,1,16,it0055,0.603893518447876,0.5951182246208191,0.11538461538461539,False,0
C4_2,refine,128,1,16,it0056,0.42649105191230774,0.18690818548202515,0.2,False,0
C4_2,refine,128,1,16,it0057,0.4936109185218811,0.3534248173236847,0.11764705882352941,False,0
C4_2,refine,128,1,16,it0058,0.33849573135375977,0.27127280831336975,0.25,False,0
C4_2,refine,128,1,16,it0059,0.559981107711792,0.5500139594078064,0.21428571428571427,False,0
C4_2,refine,128,1,16,it0060,0.4262261986732483,0.33257851004600525,0.0,False,0
C4_2,refine,128,1,16,it0061,0.5118042230606079,0.6262826323509216,0.02857142857142857,False,0
C4_2,refine,128,1,16,it0062,0.6112140417098999,0.5843066573143005,0.09523809523809523,False,0
C4_2,refine,128,1,16,it0063,0.42831555008888245,0.22033308446407318,0.1724137931034483,False,0
C4_2,refine,128,1,16,it0064,0.38257545232772827,0.4285239279270172,0.3333333333333333,False,0
C4_2,refine,128,1,16,it0065,0.6204596757888794,0.5855261087417603,0.1282051282051282,False,0
C4_2,refine,128,1,16,it0066,0.15768025815486908,0.24259096384048462,0.19047619047619047,False,0
C4_2,refine,128,1,16,it0067,0.21157625317573547,0.10310053825378418,0.16666666666666666,False,0
C4_2,refine,128,1,16,it0068,0.6684224009513855,0.6607335805892944,0.0,False,0
C4_2,refine,128,1,16,it0069,0.24138063192367554,0.20755794644355774,0.13636363636363635,False,0
C4_2,refine,128,1,16,it0070,0.39452940225601196,0.3943758010864258,0.13333333333333333,False,0
C4_2,refine,128,1,16,it0071,0.562450647354126,0.5235061049461365,0.03571428571428571,False,0
C4_2,refine,128,1,16,it0072,0.46591177582740784,0.4349309504032135,0.13636363636363635,False,0
C4_2,refine,128,1,16,it0073,0.19990065693855286,0.13570421934127808,0.2413793103448276,False,0
C4_2,refine,128,1,16,it0074,0.16504332423210144,0.19969451427459717,0.2,False,0
C4_2,refine,128,1,16,it0075,0.5072422027587891,0.4791155457496643,0.08695652173913043,False,0
C4_2,refine,128,1,16,it0076,0.571797788143158,0.2006744146347046,0.21739130434782608,False,0
C4_2,refine,128,1,16,it0077,0.4642390012741089,0.5595846772193909,0.25,False,0
C4_2,refine,128,1,16,it0078,0.31036821007728577,0.268373966217041,0.23809523809523808,False,0
C4_2,refine,128,1,16,it0079,0.614509105682373,0.5630297064781189,0.125,False,0
C4_2,refine,128,1,16,it0080,0.2985652983188629,0.28744766116142273,0.4878048780487805,False,0
C4_2,refine,128,1,16,it0081,0.36249440908432007,0.311949759721756,0.10714285714285714,False,0
C4_2,refine,128,1,16,it0082,0.5037429928779602,0.44280198216438293,0.17647058823529413,False,0
C4_2,refine,128,1,16,it0083,0.4756711721420288,0.33286577463150024,0.08823529411764706,False,0
C4_2,refine,128,1,16,it0084,0.6578612327575684,0.4474523067474365,0.08888888888888889,False,0
C4_2,refine,128,1,16,it0085,0.5139027833938599,0.4259558618068695,0.0,False,0
C4_2,refine,128,1,16,it0086,0.6342306733131409,0.5471874475479126,0.5882352941176471,False,0
C4_2,refine,128,1,16,it0087,0.501273512840271,0.44291698932647705,0.25,False,0
C4_2,refine,128,1,16,it0088,0.31671851873397827,0.33894503116607666,0.047619047619047616,False,0
C4_2,refine,128,1,16,it0089,0.5353552103042603,0.3417816162109375,0.041666666666666664,False,0
C4_2,refine,128,1,16,it0090,0.5432408452033997,0.4411502778530121,0.0,False,0
C4_2,refine,128,1,16,it0091,0.5617820024490356,0.5256365537643433,0.0967741935483871,False,0
C4_2,refine,128,1,16,it0092,0.38168859481811523,0.4419979155063629,0.08571428571428572,False,0
C4_2,refine,128,1,16,it0093,0.49425989389419556,0.2769954800605774,0.15789473684210525,False,0
C4_2,refine,128,1,16,it0094,0.3563704192638397,0.31333714723587036,0.0,False,0
C4_2,refine,128,1,16,it0095,0.4091092348098755,0.3964424729347229,0.047619047619047616,False,0
C4_2,refine,128,1,16,it0096,0.5456712245941162,0.4914667010307312,0.2727272727272727,False,0
C4_2,refine,128,1,16,it0097,0.6603743433952332,0.6448561549186707,0.05,False,0
C4_2,refine,128,1,16,it0098,0.4548232853412628,0.30583223700523376,0.2222222222222222,False,0
C4_2,refine,128,1,16,it0099,0.2386411875486374,0.15203866362571716,0.0,False,0
C4_2,refine,128,1,16,it0100,0.6456753015518188,0.5986166000366211,0.0,False,0
C4_2,refine,128,1,16,it0101,0.3738994598388672,0.3370116949081421,0.15789473684210525,False,0
C4_2,refine,128,1,16,it0102,0.4408787786960602,0.4907666742801666,0.0,False,0
C4_2,refine,128,1,16,it0103,0.18911820650100708,0.2387358695268631,0.045454545454545456,False,0
C4_2,refine,128,1,16,it0104,0.49420875310897827,0.5842944979667664,0.125,False,0
C4_2,refine,128,1,16,it0105,0.33469241857528687,0.4168238639831543,0.05714285714285714,False,0
C4_2,refine,128,1,16,it0106,0.3562951683998108,0.38115668296813965,0.041666666666666664,False,0
C4_2,refine,128,1,16,it0107,0.5032684803009033,0.463961660861969,0.17391304347826086,False,0
C4_2,refine,128,1,16,it0108,0.44244837760925293,0.3614867627620697,0.125,False,0
C4_2,refine,128,1,16,it0109,0.45039066672325134,0.4115332365036011,0.21052631578947367,False,0
C4_2,refine,128,1,16,it0110,0.19463777542114258,0.2783548831939697,0.2,False,0
C4_2,refine,128,1,16,it0111,0.05615921691060066,0.07167381048202515,0.21212121212121213,False,0
C4_2,refine,128,1,16,it0112,0.6425633430480957,0.5287666320800781,0.06818181818181818,False,0
C4_2,refine,128,1,16,it0113,0.5575165748596191,0.46149635314941406,0.0,False,0
C4_2,refine,128,1,16,it0114,0.3397170901298523,0.28908371925354004,0.2777777777777778,False,0
C4_2,refine,128,1,16,it0115,0.33544921875,0.24204126000404358,0.0,False,0
C4_2,refine,128,1,16,it0116,0.5544118881225586,0.28476855158805847,0.23529411764705882,False,0
C4_2,refine,128,1,16,it0117,0.43744808435440063,0.4794899821281433,0.11764705882352941,False,0
C4_2,refine,128,1,16,it0118,0.5578314065933228,0.49706020951271057,0.3269230769230769,False,0
C4_2,refine,128,1,16,it0119,0.5589290261268616,0.38584983348846436,0.35714285714285715,False,0
C4_2,refine,128,1,16,it0120,0.6159486174583435,0.4972405731678009,0.0,False,0
C4_2,refine,128,1,16,it0121,0.4956858456134796,0.40624791383743286,0.15,False,0
C4_2,refine,128,1,16,it0122,0.16078022122383118,0.16188396513462067,0.3181818181818182,False,0
C4_2,refine,128,1,16,it0123,0.3045525550842285,0.30438122153282166,0.0,False,0
C4_2,refine,128,1,16,it0124,0.5730246305465698,0.4666145145893097,0.18181818181818182,False,0
C4_2,refine,128,1,16,it0125,0.4647595286369324,0.3372906446456909,0.05128205128205128,False,0
C4_2,refine,128,1,16,it0126,0.46465450525283813,0.30694490671157837,0.25,False,0
C4_2,refine,128,1,16,it0127,0.376325786113739,0.41703665256500244,0.11764705882352941,False,0
C4_2,refine,128,1,16,it0128,0.35387831926345825,0.37953561544418335,0.0,False,0
C4_2,refine,128,1,16,it0129,0.2875611484050751,0.14529244601726532,0.0,False,0
C4_2,refine,128,1,16,it0130,0.4139741063117981,0.28589296340942383,0.4,False,0
C4_2,refine,128,1,16,it0131,0.35243934392929077,0.3750957250595093,0.3548387096774194,False,0
C4_2,refine,128,1,16,it0132,0.3388286232948303,0.13060899078845978,0.14285714285714285,False,0
C4_2,refine,128,1,16,it0133,0.4729320704936981,0.5014866590499878,0.0,False,0
C4_2,refine,128,1,16,it0134,0.33476194739341736,0.3531418442726135,0.10526315789473684,False,0
C4_2,refine,128,1,16,it0135,0.2805488407611847,0.32075053453445435,0.1794871794871795,False,0
C4_2,refine,128,1,16,it0136,0.3775492310523987,0.4202980697154999,0.1,False,0
C4_2,refine,128,1,16,it0137,0.43787911534309387,0.3701680600643158,0.08333333333333333,False,0
C4_2,refine,128,1,16,it0138,0.5649204254150391,0.41378214955329895,0.16666666666666666,False,0
C4_2,refine,128,1,16,it0139,0.43461528420448303,0.24003970623016357,0.0,False,0
C4_2,refine,128,1,16,it0140,0.410922646522522,0.3571104109287262,0.0,False,0
C4_2,refine,128,1,16,it0141,0.5839247107505798,0.6744153499603271,0.1,False,0
C4_2,refine,128,1,16,it0142,0.20382308959960938,0.20229670405387878,0.04,False,0
C4_2,refine,128,1,16,it0143,0.3674066960811615,0.42431262135505676,0.0,False,0
C4_2,refine,128,1,16,it0144,0.5519623160362244,0.4514980912208557,0.10714285714285714,False,0
C4_2,refine,128,1,16,it0145,0.4735508859157562,0.5803261399269104,0.075,False,0
C4_2,refine,128,1,16,it0146,0.416464626789093,0.4756566286087036,0.35,False,0
C4_2,refine,128,1,16,it0147,0.42635858058929443,0.27571916580200195,0.043478260869565216,False,0
C4_2,refine,128,1,16,it0148,0.2338990420103073,0.16898077726364136,0.10714285714285714,False,0
C4_2,refine,128,1,16,it0149,0.5750489830970764,0.5010769367218018,0.14285714285714285,False,0
C4_2,refine,128,1,16,it0150,0.5049933195114136,0.40807488560676575,0.23076923076923078,False,0
C4_2,refine,128,1,16,it0151,0.614045262336731,0.5492933988571167,0.11764705882352941,False,0
C4_2,refine,128,1,16,it0152,0.6211432814598083,0.48243916034698486,0.0,False,0
C4_2,refine,128,1,16,it0153,0.3238082528114319,0.3673235774040222,0.19047619047619047,False,0
C4_2,refine,128,1,16,it0154,0.2568037807941437,0.04967315122485161,0.10526315789473684,False,0
C4_2,refine,128,1,16,it0155,0.30670106410980225,0.33619704842567444,0.14285714285714285,False,0
C4_2,refine,128,1,16,it0156,0.3043179214000702,0.2592506408691406,0.0,False,0
C4_2,refine,128,1,16,it0157,0.43191802501678467,0.39529505372047424,0.13953488372093023,False,0
C4_2,refine,128,1,16,it0158,0.2769359052181244,0.2996770143508911,0.10526315789473684,False,0
C4_2,refine,128,1,16,it0159,0.36280858516693115,0.1890658736228943,0.07142857142857142,False,0
C4_2,refine,128,1,16,it0160,0.5694698095321655,0.4694885015487671,0.06451612903225806,False,0
C4_2,refine,128,1,16,it0161,0.31864896416664124,0.2524442672729492,0.13793103448275862,False,0
C4_2,refine,128,1,16,it0162,0.09738380461931229,0.0718936026096344,0.037037037037037035,False,0
C4_2,refine,128,1,16,it0163,0.4936244487762451,0.3169867992401123,0.0,False,0
C4_2,refine,128,1,16,it0164,0.5593864917755127,0.35023412108421326,0.0967741935483871,False,0
C4_2,refine,128,1,16,it0165,0.35676977038383484,0.24979519844055176,0.18181818181818182,False,0
C4_2,refine,128,1,16,it0166,0.5594319701194763,0.43942421674728394,0.25,False,0
C4_2,refine,128,1,16,it0167,0.4618167281150818,0.5224210023880005,0.10526315789473684,False,0
C4_2,refine,128,1,16,it0168,0.3840120732784271,0.2904186248779297,0.2,False,0
C4_2,refine,128,1,16,it0169,0.38199758529663086,0.3574092984199524,0.1,False,0
C4_2,refine,128,1,16,it0170,0.3874449133872986,0.4134165942668915,0.35294117647058826,False,0
C4_2,refine,128,1,16,it0171,0.6717994213104248,0.4719533920288086,0.14285714285714285,False,0
C4_2,refine,128,1,16,it0172,0.18614092469215393,0.20602543652057648,0.0,False,0
C4_2,refine,128,1,16,it0173,0.5928652286529541,0.5747529864311218,0.03333333333333333,False,0
C4_2,refine,128,1,16,it0174,0.46092715859413147,0.18823720514774323,0.25,False,0
C4_2,refine,128,1,16,it0175,0.2579384744167328,0.22055014967918396,0.13333333333333333,False,0
C4_2,refine,128,1,16,it0176,0.31606438755989075,0.3963829576969147,0.16666666666666666,False,0
C4_2,refine,128,1,16,it0177,0.42522531747817993,0.42119789123535156,0.0,False,0
C4_2,refine,128,1,16,it0178,0.35045692324638367,0.3509700894355774,0.47058823529411764,False,0
C4_2,refine,128,1,16,it0179,0.5979276299476624,0.710335373878479,0.12903225806451613,False,0
C4_2,refine,128,1,16,it0180,0.41287973523139954,0.4658544063568115,0.07142857142857142,False,0
C4_2,refine,128,1,16,it0181,0.4893590211868286,0.5150666832923889,0.07317073170731707,False,0
C4_2,refine,128,1,16,it0182,0.6265949010848999,0.3918401598930359,0.0,False,0
C4_2,refine,128,1,16,it0183,0.4740328788757324,0.38753339648246765,0.0,False,0
C4_2,refine,128,1,16,it0184,0.33427953720092773,0.4080249071121216,0.13333333333333333,False,0
C4_2,refine,128,1,16,it0185,0.455904096364975,0.424006849527359,0.12903225806451613,False,0
C4_2,refine,128,1,16,it0186,0.4761907160282135,0.5032816529273987,0.125,False,0
C4_2,refine,128,1,16,it0187,0.478490948677063,0.3441218137741089,0.0625,False,0
C4_2,refine,128,1,16,it0188,0.4963853359222412,0.5522661209106445,0.05555555555555555,False,0
C4_2,refine,128,1,16,it0189,0.3976289629936218,0.40801548957824707,0.0,False,0
C4_2,refine,128,1,16,it0190,0.5491754412651062,0.4858469069004059,0.125,False,0
C4_2,refine,128,1,16,it0191,0.3597412705421448,0.3263941705226898,0.12,False,0
C4_2,refine,128,1,16,it0192,0.5174657702445984,0.5511590242385864,0.1111111111111111,False,0
C4_2,refine,128,1,16,it0193,0.4872620701789856,0.12001755833625793,0.1875,False,0
C4_2,refine,128,1,16,it0194,0.6003525257110596,0.5463548898696899,0.047619047619047616,False,0
C4_2,refine,128,1,16,it0195,0.541856586933136,0.49915188550949097,0.038461538461538464,False,0
C4_2,refine,128,1,16,it0196,0.48731690645217896,0.3583381772041321,0.07142857142857142,False,0
C4_2,refine,128,1,16,it0197,0.3736478388309479,0.38161855936050415,0.0,False,0
C4_2,refine,128,1,16,it0198,0.3761579394340515,0.24717389047145844,0.0,False,0
C4_2,refine,128,1,16,it0199,0.47222429513931274,0.46002790331840515,0.058823529411764705,False,0
C4_2,refine,256,1,32,it0000,0.43269479274749756,0.35805028676986694,0.21739130434782608,False,0
C4_2,refine,256,1,32,it0001,0.3863903880119324,0.1814204454421997,0.5,False,0
C4_2,refine,256,1,32,it0002,0.3283092975616455,0.1779479682445526,0.2,False,0
C4_2,refine,256,1,32,it0003,0.4297125041484833,0.314435213804245,0.2,False,0
C4_2,refine,256,1,32,it0004,0.5075246691703796,0.30085864663124084,0.125,False,0
C4_2,refine,256,1,32,it0005,0.49924978613853455,0.45015087723731995,0.0,False,0
C4_2,refine,256,1,32,it0006,0.2764032483100891,0.26379942893981934,0.0,False,0
C4_2,refine,256,1,32,it0007,0.2300603687763214,0.306261271238327,0.13636363636363635,False,0
C4_2,refine,256,1,32,it0008,0.38700002431869507,0.3282291889190674,0.47619047619047616,False,0
C4_2,refine,256,1,32,it0009,0.5135691165924072,0.47340184450149536,0.037037037037037035,False,0
C4_2,refine,256,1,32,it0010,0.567612886428833,0.5889028310775757,0.16666666666666666,False,0
C4_2,refine,256,1,32,it0011,0.5490973591804504,0.3916512727737427,0.043478260869565216,False,0
C4_2,refine,256,1,32,it0012,0.38983747363090515,0.3435577154159546,0.3103448275862069,False,0
C4_2,refine,256,1,32,it0013,0.5373130440711975,0.5744234919548035,0.0,False,0
C4_2,refine,256,1,32,it0014,0.5014945864677429,0.35610654950141907,0.0,False,0
C4_2,refine,256,1,32,it0015,0.41566210985183716,0.491855263710022,0.17647058823529413,False,0
C4_2,refine,256,1,32,it0016,0.5219706296920776,0.33146169781684875,0.17647058823529413,False,0
C4_2,refine,256,1,32,it0017,0.4811609387397766,0.31296786665916443,0.2,False,0
C4_2,refine,256,1,32,it0018,0.28194719552993774,0.13446533679962158,0.058823529411764705,False,0
C4_2,refine,256,1,32,it0019,0.5757223963737488,0.5497468113899231,0.1956521739130435,False,0
C4_2,refine,256,1,32,it0020,0.34150493144989014,0.16740600764751434,0.23076923076923078,False,0
C4_2,refine,256,1,32,it0021,0.520618736743927,0.49385130405426025,0.36363636363636365,False,0
C4_2,refine,256,1,32,it0022,0.4204337000846863,0.37209177017211914,0.575,False,0
C4_2,refine,256,1,32,it0023,0.6015346646308899,0.45520222187042236,0.2777777777777778,False,0
C4_2,refine,256,1,32,it0024,0.6205565333366394,0.46091771125793457,0.14285714285714285,False,0
C4_2,refine,256,1,32,it0025,0.5781648755073547,0.5274994969367981,0.2,False,0
C4_2,refine,256,1,32,it0026,0.32711461186408997,0.2795066237449646,0.0625,False,0
C4_2,refine,256,1,32,it0027,0.6235108375549316,0.5455843806266785,0.25,False,0
C4_2,refine,256,1,32,it0028,0.4959004521369934,0.47786617279052734,0.16666666666666666,False,0
C4_2,refine,256,1,32,it0029,0.22119414806365967,0.3682992160320282,0.125,False,0
C4_2,refine,256,1,32,it0030,0.5860782861709595,0.4760604500770569,0.16,False,0
C4_2,refine,256,1,32,it0031,0.26102736592292786,0.2996020019054413,0.16666666666666666,False,0
C4_2,refine,256,1,32,it0032,0.6147083044052124,0.5269521474838257,0.14814814814814814,False,0
C4_2,refine,256,1,32,it0033,0.32177335023880005,0.2903163731098175,0.3076923076923077,False,0
C4_2,refine,256,1,32,it0034,0.3830293118953705,0.21822531521320343,0.1,False,0
C4_2,refine,256,1,32,it0035,0.263210654258728,0.1108708381652832,0.6153846153846154,False,0
C4_2,refine,256,1,32,it0036,0.5784684419631958,0.5319589376449585,0.05555555555555555,False,0
C4_2,refine,256,1,32,it0037,0.5497744679450989,0.37206053733825684,0.06666666666666667,False,0
C4_2,refine,256,1,32,it0038,0.348837673664093,0.26309630274772644,0.02702702702702703,False,0
C4_2,refine,256,1,32,it0039,0.43052443861961365,0.4661707878112793,0.14634146341463414,False,0
C4_2,refine,256,1,32,it0040,0.2058461755514145,0.16074258089065552,0.26666666666666666,False,0
C4_2,refine,256,1,32,it0041,0.6164488792419434,0.39143630862236023,0.045454545454545456,False,0
C4_2,refine,256,1,32,it0042,0.2594109773635864,0.25512123107910156,0.1111111111111111,False,0
C4_2,refine,256,1,32,it0043,0.18024222552776337,0.21323886513710022,0.0,False,0
C4_2,refine,256,1,32,it0044,0.4565775692462921,0.40624162554740906,0.32,False,0
C4_2,refine,256,1,32,it0045,0.17458657920360565,0.28836390376091003,0.03333333333333333,False,0
C4_2,refine,256,1,32,it0046,0.35418564081192017,0.2950941324234009,0.0625,False,0
C4_2,refine,256,1,32,it0047,0.34274381399154663,0.35162022709846497,0.5,False,0
C4_2,refine,256,1,32,it0048,0.49072638154029846,0.42433127760887146,0.3125,False,0
C4_2,refine,256,1,32,it0049,0.44616279006004333,0.5091263055801392,0.2727272727272727,False,0
C4_2,refine,256,1,32,it0050,0.1764104813337326,0.02073480188846588,0.36363636363636365,False,0
C4_2,refine,256,1,32,it0051,0.20869611203670502,0.41011351346969604,0.06896551724137931,False,0
C4_2,refine,256,1,32,it0052,0.26841798424720764,0.4070839583873749,0.0,False,0
C4_2,refine,256,1,32,it0053,0.19522184133529663,0.2769947648048401,0.24324324324324326,False,0
C4_2,refine,256,1,32,it0054,0.33095577359199524,0.14864259958267212,0.041666666666666664,False,0
C4_2,refine,256,1,32,it0055,0.5276985764503479,0.5949510931968689,0.07692307692307693,False,0
C4_2,refine,256,1,32,it0056,0.30198994278907776,0.17595261335372925,0.1,False,0
C4_2,refine,256,1,32,it0057,0.44602707028388977,0.23194926977157593,0.11764705882352941,False,0
C4_2,refine,256,1,32,it0058,0.31638476252555847,0.35358837246894836,0.16666666666666666,False,0
C4_2,refine,256,1,32,it0059,0.5774257779121399,0.588254988193512,0.10714285714285714,False,0
C4_2,refine,256,1,32,it0060,0.37462055683135986,0.2660953402519226,0.0,False,0
C4_2,refine,256,1,32,it0061,0.5135897397994995,0.5891298651695251,0.05714285714285714,False,0
C4_2,refine,256,1,32,it0062,0.6158351898193359,0.4964883327484131,0.0,False,0
C4_2,refine,256,1,32,it0063,0.23456008732318878,0.21203409135341644,0.2413793103448276,False,0
C4_2,refine,256,1,32,it0064,0.3840257525444031,0.4428275227546692,0.1111111111111111,False,0
C4_2,refine,256,1,32,it0065,0.6143593192100525,0.5324928760528564,0.10256410256410256,False,0
C4_2,refine,256,1,32,it0066,0.21491368114948273,0.2851608097553253,0.09523809523809523,False,0
C4_2,refine,256,1,32,it0067,0.10338233411312103,0.15170826017856598,0.2222222222222222,False,0
C4_2,refine,256,1,32,it0068,0.6562068462371826,0.5888793468475342,0.05128205128205128,False,0
C4_2,refine,256,1,32,it0069,0.21768678724765778,0.2553563714027405,0.09090909090909091,False,0
C4_2,refine,256,1,32,it0070,0.4547356963157654,0.3811511695384979,0.06666666666666667,False,0
C4_2,refine,256,1,32,it0071,0.5379586219787598,0.49418479204177856,0.14285714285714285,False,0
C4_2,refine,256,1,32,it0072,0.5158662796020508,0.47974351048469543,0.045454545454545456,False,0
C4_2,refine,256,1,32,it0073,0.13996276259422302,0.06993864476680756,0.1724137931034483,False,0
C4_2,refine,256,1,32,it0074,0.21033236384391785,0.27357351779937744,0.26666666666666666,False,0
C4_2,refine,256,1,32,it0075,0.4839274287223816,0.4392513334751129,0.0,False,0
C4_2,refine,256,1,32,it0076,0.5762666463851929,0.237294003367424,0.391304347826087,False,0
C4_2,refine,256,1,32,it0077,0.3741435408592224,0.23381862044334412,0.3333333333333333,False,0
C4_2,refine,256,1,32,it0078,0.38938841223716736,0.37075287103652954,0.23809523809523808,False,0
C4_2,refine,256,1,32,it0079,0.6185826063156128,0.640862226486206,0.08333333333333333,False,0
C4_2,refine,256,1,32,it0080,0.2714991569519043,0.15229420363903046,0.14634146341463414,False,0
C4_2,refine,256,1,32,it0081,0.3395877480506897,0.245022252202034,0.10714285714285714,False,0
C4_2,refine,256,1,32,it0082,0.44361943006515503,0.40139371156692505,0.11764705882352941,False,0
C4_2,refine,256,1,32,it0083,0.48608487844467163,0.3179972469806671,0.0,False,0
C4_2,refine,256,1,32,it0084,0.533883810043335,0.4349079132080078,0.06666666666666667,False,0
C4_2,refine,256,1,32,it0085,0.4614085257053375,0.4336813688278198,0.14285714285714285,False,0
C4_2,refine,256,1,32,it0086,0.6052811145782471,0.45393770933151245,0.11764705882352941,False,0
C4_2,refine,256,1,32,it0087,0.5978822112083435,0.7054133415222168,0.1875,False,0
C4_2,refine,256,1,32,it0088,0.48015081882476807,0.41889458894729614,0.047619047619047616,False,0
C4_2,refine,256,1,32,it0089,0.44626590609550476,0.23293143510818481,0.041666666666666664,False,0
C4_2,refine,256,1,32,it0090,0.5364999771118164,0.48086050152778625,0.11764705882352941,False,0
C4_2,refine,256,1,32,it0091,0.4737042188644409,0.4706267714500427,0.16129032258064516,False,0
C4_2,refine,256,1,32,it0092,0.44864484667778015,0.35612815618515015,0.05714285714285714,False,0
C4_2,refine,256,1,32,it0093,0.41489195823669434,0.19976598024368286,0.0,False,0
C4_2,refine,256,1,32,it0094,0.5707828998565674,0.4874204695224762,0.0,False,0
C4_2,refine,256,1,32,it0095,0.3909628689289093,0.45857149362564087,0.047619047619047616,False,0
C4_2,refine,256,1,32,it0096,0.4948885440826416,0.35346537828445435,0.22727272727272727,False,0
C4_2,refine,256,1,32,it0097,0.6083227396011353,0.5767644047737122,0.0,False,0
C4_2,refine,256,1,32,it0098,0.5385653972625732,0.4353404939174652,0.2962962962962963,False,0
C4_2,refine,256,1,32,it0099,0.23909404873847961,0.13423222303390503,0.08695652173913043,False,0
C4_2,refine,256,1,32,it0100,0.6819416284561157,0.6259551644325256,0.07692307692307693,False,0
C4_2,refine,256,1,32,it0101,0.3267274498939514,0.3500412106513977,0.02631578947368421,False,0
C4_2,refine,256,1,32,it0102,0.37923815846443176,0.44226741790771484,0.07692307692307693,False,0
C4_2,refine,256,1,32,it0103,0.2867516279220581,0.3018348515033722,0.09090909090909091,False,0
C4_2,refine,256,1,32,it0104,0.3690982460975647,0.4611888527870178,0.041666666666666664,False,0
C4_2,refine,256,1,32,it0105,0.3653704822063446,0.4815896153450012,0.11428571428571428,False,0
C4_2,refine,256,1,32,it0106,0.2758450508117676,0.46645665168762207,0.0,False,0
C4_2,refine,256,1,32,it0107,0.5556129217147827,0.4646621644496918,0.13043478260869565,False,0
C4_2,refine,256,1,32,it0108,0.46210622787475586,0.37671008706092834,0.125,False,0
C4_2,refine,256,1,32,it0109,0.47551146149635315,0.4184645414352417,0.0,False,0
C4_2,refine,256,1,32,it0110,0.20951077342033386,0.23155079782009125,0.1,False,0
C4_2,refine,256,1,32,it0111,0.20759016275405884,0.055480726063251495,0.09090909090909091,False,0
C4_2,refine,256,1,32,it0112,0.6716355085372925,0.570012629032135,0.045454545454545456,False,0
C4_2,refine,256,1,32,it0113,0.5502827167510986,0.43708083033561707,0.0,False,0
C4_2,refine,256,1,32,it0114,0.4292890429496765,0.33229973912239075,0.2222222222222222,False,0
C4_2,refine,256,1,32,it0115,0.34593263268470764,0.304566353559494,0.0,False,0
C4_2,refine,256,1,32,it0116,0.5868235230445862,0.3869553506374359,0.23529411764705882,False,0
C4_2,refine,256,1,32,it0117,0.4681083559989929,0.5028414726257324,0.029411764705882353,False,0
C4_2,refine,256,1,32,it0118,0.6538298726081848,0.5197003483772278,0.4423076923076923,False,0
C4_2,refine,256,1,32,it0119,0.5684822797775269,0.5773094892501831,0.14285714285714285,False,0
C4_2,refine,256,1,32,it0120,0.5820984244346619,0.5271338820457458,0.0,False,0
C4_2,refine,256,1,32,it0121,0.5145835876464844,0.3909735083580017,0.1,False,0
C4_2,refine,256,1,32,it0122,0.2001810073852539,0.2254619300365448,0.22727272727272727,False,0
C4_2,refine,256,1,32,it0123,0.2664790153503418,0.47273701429367065,0.17647058823529413,False,0
C4_2,refine,256,1,32,it0124,0.5270183086395264,0.36434468626976013,0.21212121212121213,False,0
C4_2,refine,256,1,32,it0125,0.46593618392944336,0.33397218585014343,0.1794871794871795,False,0
C4_2,refine,256,1,32,it0126,0.4612969756126404,0.3504481315612793,0.3125,False,0
C4_2,refine,256,1,32,it0127,0.2553960680961609,0.34979861974716187,0.0,False,0
C4_2,refine,256,1,32,it0128,0.49576735496520996,0.43193137645721436,0.0,False,0
C4_2,refine,256,1,32,it0129,0.2820216417312622,0.26079508662223816,0.0,False,0
C4_2,refine,256,1,32,it0130,0.427518367767334,0.2815338969230652,0.2,False,0
C4_2,refine,256,1,32,it0131,0.26436853408813477,0.3223004639148712,0.25806451612903225,False,0
C4_2,refine,256,1,32,it0132,0.3620792329311371,0.3040676414966583,0.0,False,0
C4_2,refine,256,1,32,it0133,0.5203391909599304,0.4859890341758728,0.0,False,0
C4_2,refine,256,1,32,it0134,0.35899150371551514,0.43703651428222656,0.05263157894736842,False,0
C4_2,refine,256,1,32,it0135,0.33197855949401855,0.39943310618400574,0.10256410256410256,False,0
C4_2,refine,256,1,32,it0136,0.23729847371578217,0.28360024094581604,0.15,False,0
C4_2,refine,256,1,32,it0137,0.4454365074634552,0.4567594528198242,0.16666666666666666,False,0
C4_2,refine,256,1,32,it0138,0.5379183888435364,0.5897398591041565,0.1111111111111111,False,0
C4_2,refine,256,1,32,it0139,0.40832817554473877,0.10046391189098358,0.05555555555555555,False,0
C4_2,refine,256,1,32,it0140,0.4049394130706787,0.3440588116645813,0.16666666666666666,False,0
C4_2,refine,256,1,32,it0141,0.49327051639556885,0.6379764676094055,0.13333333333333333,False,0
C4_2,refine,256,1,32,it0142,0.23138217628002167,0.15680207312107086,0.12,False,0
C4_2,refine,256,1,32,it0143,0.21789684891700745,0.33508816361427307,0.0,False,0
C4_2,refine,256,1,32,it0144,0.5506705045700073,0.4156087636947632,0.14285714285714285,False,0
C4_2,refine,256,1,32,it0145,0.4465637803077698,0.5500152707099915,0.0,False,0
C4_2,refine,256,1,32,it0146,0.5656972527503967,0.3267890214920044,0.4,False,0
C4_2,refine,256,1,32,it0147,0.42473864555358887,0.34364765882492065,0.0,False,0
C4_2,refine,256,1,32,it0148,0.08005865663290024,0.13265010714530945,0.14285714285714285,False,0
C4_2,refine,256,1,32,it0149,0.5093497633934021,0.45240530371665955,0.5,False,0
C4_2,refine,256,1,32,it0150,0.31241390109062195,0.34868311882019043,0.19230769230769232,False,0
C4_2,refine,256,1,32,it0151,0.5571844577789307,0.44820696115493774,0.0,False,0
C4_2,refine,256,1,32,it0152,0.4551568329334259,0.37750956416130066,0.0,False,0
C4_2,refine,256,1,32,it0153,0.28940290212631226,0.31354138255119324,0.11904761904761904,False,0
C4_2,refine,256,1,32,it0154,0.2507612705230713,0.11206439137458801,0.0,False,0
C4_2,refine,256,1,32,it0155,0.34858065843582153,0.3723175525665283,0.14285714285714285,False,0
C4_2,refine,256,1,32,it0156,0.25785237550735474,0.14549954235553741,0.047619047619047616,False,0
C4_2,refine,256,1,32,it0157,0.5136213302612305,0.5060083270072937,0.0,False,0
C4_2,refine,256,1,32,it0158,0.32442402839660645,0.2668096125125885,0.10526315789473684,False,0
C4_2,refine,256,1,32,it0159,0.3713223338127136,0.18288379907608032,0.0,False,0
C4_2,refine,256,1,32,it0160,0.568878710269928,0.5315492749214172,0.0,False,0
C4_2,refine,256,1,32,it0161,0.31801551580429077,0.3151998817920685,0.06896551724137931,False,0
C4_2,refine,256,1,32,it0162,0.07870249450206757,0.23389601707458496,0.07407407407407407,False,0
C4_2,refine,256,1,32,it0163,0.47744596004486084,0.46505701541900635,0.0,False,0
C4_2,refine,256,1,32,it0164,0.4947345554828644,0.4043124318122864,0.0,False,0
C4_2,refine,256,1,32,it0165,0.29608991742134094,0.29042869806289673,0.0,False,0
C4_2,refine,256,1,32,it0166,0.40320661664009094,0.34155693650245667,0.08333333333333333,False,0
C4_2,refine,256,1,32,it0167,0.4440772235393524,0.5168541669845581,0.10526315789473684,False,0
C4_2,refine,256,1,32,it0168,0.2992154359817505,0.2612040340900421,0.2,False,0
C4_2,refine,256,1,32,it0169,0.4220882058143616,0.34530454874038696,0.1,False,0
C4_2,refine,256,1,32,it0170,0.39648112654685974,0.3751515746116638,0.29411764705882354,False,0
C4_2,refine,256,1,32,it0171,0.6305089592933655,0.5052640438079834,0.047619047619047616,False,0
C4_2,refine,256,1,32,it0172,0.18539120256900787,0.3267691135406494,0.0,False,0
C4_2,refine,256,1,32,it0173,0.6006953716278076,0.5994954109191895,0.1,False,0
C4_2,refine,256,1,32,it0174,0.5222976803779602,0.31462544202804565,0.1875,False,0
C4_2,refine,256,1,32,it0175,0.11322765052318573,0.17570486664772034,0.06666666666666667,False,0
C4_2,refine,256,1,32,it0176,0.34234246611595154,0.25655612349510193,0.0,False,0
C4_2,refine,256,1,32,it0177,0.3340998589992523,0.2752877175807953,0.05263157894736842,False,0
C4_2,refine,256,1,32,it0178,0.39621198177337646,0.180917888879776,0.11764705882352941,False,0
C4_2,refine,256,1,32,it0179,0.6387346386909485,0.6774264574050903,0.06451612903225806,False,0
C4_2,refine,256,1,32,it0180,0.463485449552536,0.4348185956478119,0.0,False,0
C4_2,refine,256,1,32,it0181,0.5317323803901672,0.4890905022621155,0.0,False,0
C4_2,refine,256,1,32,it0182,0.6313903331756592,0.4683825969696045,0.0,False,0
C4_2,refine,256,1,32,it0183,0.5757670402526855,0.5059874057769775,0.08,False,0
C4_2,refine,256,1,32,it0184,0.34340399503707886,0.28393179178237915,0.26666666666666666,False,0
C4_2,refine,256,1,32,it0185,0.46377307176589966,0.4761259853839874,0.2903225806451613,False,0
C4_2,refine,256,1,32,it0186,0.5368762016296387,0.47466135025024414,0.041666666666666664,False,0
C4_2,refine,256,1,32,it0187,0.49259522557258606,0.35122203826904297,0.0625,False,0
C4_2,refine,256,1,32,it0188,0.5542759895324707,0.44344237446784973,0.1111111111111111,False,0
C4_2,refine,256,1,32,it0189,0.3429611325263977,0.40119847655296326,0.0,False,0
C4_2,refine,256,1,32,it0190,0.5666685700416565,0.4958786964416504,0.0,False,0
C4_2,refine,256,1,32,it0191,0.4316079020500183,0.38836243748664856,0.08,False,0
C4_2,refine,256,1,32,it0192,0.4974299967288971,0.4361623525619507,0.07407407407407407,False,0
C4_2,refine,256,1,32,it0193,0.4147397577762604,0.16358712315559387,0.3125,False,0
C4_2,refine,256,1,32,it0194,0.6019260287284851,0.7008050680160522,0.0,False,0
C4_2,refine,256,1,32,it0195,0.5914077758789062,0.531970202922821,0.07692307692307693,False,0
C4_2,refine,256,1,32,it0196,0.5062055587768555,0.3688282370567322,0.14285714285714285,False,0
C4_2,refine,256,1,32,it0197,0.5231497883796692,0.38948795199394226,0.0,False,0
C4_2,refine,256,1,32,it0198,0.15969693660736084,0.09239187836647034,0.0,False,0
C4_2,refine,256,1,32,it0199,0.416171133518219,0.5237802267074585,0.058823529411764705,False,0
C4_2,refine,512,1,64,it0000,0.51167893409729,0.42746177315711975,0.13043478260869565,False,0
C4_2,refine,512,1,64,it0001,0.3724265992641449,0.257362961769104,0.5,False,0
C4_2,refine,512,1,64,it0002,0.220405712723732,0.113401859998703,0.26666666666666666,False,0
C4_2,refine,512,1,64,it0003,0.48386338353157043,0.4272982180118561,0.06666666666666667,False,0
C4_2,refine,512,1,64,it0004,0.5075405836105347,0.2619054317474365,0.1875,False,0
C4_2,refine,512,1,64,it0005,0.39505457878112793,0.26758790016174316,0.0,False,0
C4_2,refine,512,1,64,it0006,0.3703993856906891,0.2772173583507538,0.16666666666666666,False,0
C4_2,refine,512,1,64,it0007,0.23256483674049377,0.24886402487754822,0.3181818181818182,False,0
C4_2,refine,512,1,64,it0008,0.43139833211898804,0.15199828147888184,0.14285714285714285,False,0
C4_2,refine,512,1,64,it0009,0.5304887294769287,0.5649333596229553,0.1111111111111111,False,0
C4_2,refine,512,1,64,it0010,0.6044862270355225,0.5493995547294617,0.1111111111111111,False,0
C4_2,refine,512,1,64,it0011,0.47695815563201904,0.5362610816955566,0.0,False,0
C4_2,refine,512,1,64,it0012,0.42266911268234253,0.35199692845344543,0.27586206896551724,False,0
C4_2,refine,512,1,64,it0013,0.5437758564949036,0.569522500038147,0.0,False,0
C4_2,refine,512,1,64,it0014,0.49135857820510864,0.4854949712753296,0.0,False,0
C4_2,refine,512,1,64,it0015,0.48553717136383057,0.5114949941635132,0.11764705882352941,False,0
C4_2,refine,512,1,64,it0016,0.49850964546203613,0.3453080654144287,0.20588235294117646,False,0
C4_2,refine,512,1,64,it0017,0.3732990622520447,0.32336142659187317,0.06666666666666667,False,0
C4_2,refine,512,1,64,it0018,0.3287729322910309,0.15786731243133545,0.029411764705882353,False,0
C4_2,refine,512,1,64,it0019,0.5934803485870361,0.5361707806587219,0.043478260869565216,False,0
C4_2,refine,512,1,64,it0020,0.16117264330387115,0.15925465524196625,0.46153846153846156,False,0
C4_2,refine,512,1,64,it0021,0.500288724899292,0.3932970464229584,0.06060606060606061,False,0
C4_2,refine,512,1,64,it0022,0.3976472318172455,0.44617629051208496,0.35,False,0
C4_2,refine,512,1,64,it0023,0.6678880453109741,0.5462318658828735,0.16666666666666666,False,0
C4_2,refine,512,1,64,it0024,0.5327913165092468,0.4172588884830475,0.14285714285714285,False,0
C4_2,refine,512,1,64,it0025,0.5298627614974976,0.5314841866493225,0.1,False,0
C4_2,refine,512,1,64,it0026,0.24163466691970825,0.21606485545635223,0.0625,False,0
C4_2,refine,512,1,64,it0027,0.67613685131073,0.5473699569702148,0.0,False,0
C4_2,refine,512,1,64,it0028,0.5183565616607666,0.5701615810394287,0.09523809523809523,False,0
C4_2,refine,512,1,64,it0029,0.1786767691373825,0.3664278984069824,0.0,False,0
C4_2,refine,512,1,64,it0030,0.5313401818275452,0.41469645500183105,0.0,False,0
C4_2,refine,512,1,64,it0031,0.18366116285324097,0.18318870663642883,0.16666666666666666,False,0
C4_2,refine,512,1,64,it0032,0.6884163618087769,0.6452528834342957,0.07407407407407407,False,0
C4_2,refine,512,1,64,it0033,0.29316261410713196,0.20068106055259705,0.0,False,0
C4_2,refine,512,1,64,it0034,0.3897978663444519,0.22000637650489807,0.16666666666666666,False,0
C4_2,refine,512,1,64,it0035,0.27501559257507324,0.2541424632072449,0.0,False,0
C4_2,refine,512,1,64,it0036,0.5552228689193726,0.5176146030426025,0.0,False,0
C4_2,refine,512,1,64,it0037,0.5150818824768066,0.5093077421188354,0.2,False,0
C4_2,refine,512,1,64,it0038,0.25673484802246094,0.07357329875230789,0.05405405405405406,False,0
C4_2,refine,512,1,64,it0039,0.4629504382610321,0.46878188848495483,0.07317073170731707,False,0
C4_2,refine,512,1,64,it0040,0.3177414536476135,0.1516193002462387,0.13333333333333333,False,0
C4_2,refine,512,1,64,it0041,0.6353778839111328,0.34410542249679565,0.13636363636363635,False,0
C4_2,refine,512,1,64,it0042,0.3872379958629608,0.3314448595046997,0.1111111111111111,False,0
C4_2,refine,512,1,64,it0043,0.2630302906036377,0.20230908691883087,0.038461538461538464,False,0
C4_2,refine,512,1,64,it0044,0.3552262485027313,0.23464460670948029,0.32,False,0
C4_2,refine,512,1,64,it0045,0.33055728673934937,0.36399713158607483,0.0,False,0
C4_2,refine,512,1,64,it0046,0.34609726071357727,0.280444473028183,0.125,False,0
C4_2,refine,512,1,64,it0047,0.33802494406700134,0.39765772223472595,0.3,False,0
C4_2,refine,512,1,64,it0048,0.5817521214485168,0.5143547654151917,0.25,False,0
C4_2,refine,512,1,64,it0049,0.36201220750808716,0.4021639823913574,0.22727272727272727,False,0
C4_2,refine,512,1,64,it0050,0.09774522483348846,-0.004654196090996265,0.3181818181818182,False,0
C4_2,refine,512,1,64,it0051,0.14374086260795593,0.41242438554763794,0.13793103448275862,False,0
C4_2,refine,512,1,64,it0052,0.3558865189552307,0.36032751202583313,0.0,False,0
C4_2,refine,512,1,64,it0053,0.20459866523742676,0.265175461769104,0.1891891891891892,False,0
C4_2,refine,512,1,64,it0054,0.2736527919769287,0.0522029735147953,0.08333333333333333,False,0
C4_2,refine,512,1,64,it0055,0.5398916006088257,0.5720258951187134,0.19230769230769232,False,0
C4_2,refine,512,1,64,it0056,0.3169822096824646,0.21821892261505127,0.05,False,0
C4_2,refine,512,1,64,it0057,0.4392392337322235,0.3597343862056732,0.08823529411764706,False,0
C4_2,refine,512,1,64,it0058,0.35654425621032715,0.4381462633609772,0.4166666666666667,False,0
C4_2,refine,512,1,64,it0059,0.56781005859375,0.5243291258811951,0.14285714285714285,False,0
C4_2,refine,512,1,64,it0060,0.47982051968574524,0.3781592845916748,0.0,False,0
C4_2,refine,512,1,64,it0061,0.5337709784507751,0.552752673625946,0.08571428571428572,False,0
C4_2,refine,512,1,64,it0062,0.543289840221405,0.484178751707077,0.0,False,0
C4_2,refine,512,1,64,it0063,0.37547945976257324,0.2922859191894531,0.27586206896551724,False,0
C4_2,refine,512,1,64,it0064,0.3298778235912323,0.4751904606819153,0.1111111111111111,False,0
C4_2,refine,512,1,64,it0065,0.5102198123931885,0.5716647505760193,0.07692307692307693,False,0
C4_2,refine,512,1,64,it0066,0.19105949997901917,0.21375006437301636,0.14285714285714285,False,0
C4_2,refine,512,1,64,it0067,0.20893168449401855,0.1936613768339157,0.16666666666666666,False,0
C4_2,refine,512,1,64,it0068,0.6963531374931335,0.5997037887573242,0.0,False,0
C4_2,refine,512,1,64,it0069,0.18906331062316895,0.23663601279258728,0.18181818181818182,False,0
C4_2,refine,512,1,64,it0070,0.4408228397369385,0.4827765226364136,0.0,False,0
C4_2,refine,512,1,64,it0071,0.5211911201477051,0.44949883222579956,0.25,False,0
C4_2,refine,512,1,64,it0072,0.46272704005241394,0.4371528625488281,0.0,False,0
C4_2,refine,512,1,64,it0073,0.06600716710090637,0.030040722340345383,0.41379310344827586,False,0
C4_2,refine,512,1,64,it0074,0.16490645706653595,0.26228147745132446,0.2,False,0
C4_2,refine,512,1,64,it0075,0.32087475061416626,0.5136730670928955,0.08695652173913043,False,0
C4_2,refine,512,1,64,it0076,0.4822361469268799,0.25130724906921387,0.08695652173913043,False,0
C4_2,refine,512,1,64,it0077,0.4393475353717804,0.24176816642284393,0.25,False,0
C4_2,refine,512,1,64,it0078,0.3857730031013489,0.269135445356369,0.0,False,0
C4_2,refine,512,1,64,it0079,0.5635189414024353,0.5169364213943481,0.0,False,0
C4_2,refine,512,1,64,it0080,0.332725465297699,0.1644812971353531,0.36585365853658536,False,0
C4_2,refine,512,1,64,it0081,0.3451358675956726,0.2718826234340668,0.0,False,0
C4_2,refine,512,1,64,it0082,0.42963269352912903,0.4297488033771515,0.11764705882352941,False,0
C4_2,refine,512,1,64,it0083,0.48846757411956787,0.34569138288497925,0.11764705882352941,False,0
C4_2,refine,512,1,64,it0084,0.5927790999412537,0.5060998797416687,0.08888888888888889,False,0
C4_2,refine,512,1,64,it0085,0.540776252746582,0.3400433361530304,0.0,False,0
C4_2,refine,512,1,64,it0086,0.6255538463592529,0.6045016050338745,0.5294117647058824,False,0
C4_2,refine,512,1,64,it0087,0.5632551312446594,0.6195055842399597,0.1875,False,0
C4_2,refine,512,1,64,it0088,0.4199047088623047,0.4640251398086548,0.09523809523809523,False,0
C4_2,refine,512,1,64,it0089,0.5220924019813538,0.20859763026237488,0.0,False,0
C4_2,refine,512,1,64,it0090,0.5638182759284973,0.5331810712814331,0.058823529411764705,False,0
C4_2,refine,512,1,64,it0091,0.5443441867828369,0.4529559314250946,0.22580645161290322,False,0
C4_2,refine,512,1,64,it0092,0.4622858166694641,0.3685469925403595,0.02857142857142857,False,0
C4_2,refine,512,1,64,it0093,0.46625807881355286,0.28569555282592773,0.2631578947368421,False,0
C4_2,refine,512,1,64,it0094,0.4060411751270294,0.39313921332359314,0.15384615384615385,False,0
C4_2,refine,512,1,64,it0095,0.45502957701683044,0.4983164072036743,0.23809523809523808,False,0
C4_2,refine,512,1,64,it0096,0.5521290898323059,0.3532152473926544,0.18181818181818182,False,0
C4_2,refine,512,1,64,it0097,0.6363822817802429,0.5856980085372925,0.0,False,0
C4_2,refine,512,1,64,it0098,0.47377094626426697,0.37831929326057434,0.07407407407407407,False,0
C4_2,refine,512,1,64,it0099,0.18774308264255524,0.07083971798419952,0.0,False,0
C4_2,refine,512,1,64,it0100,0.6301778554916382,0.5549712777137756,0.07692307692307693,False,0
C4_2,refine,512,1,64,it0101,0.35232916474342346,0.23034413158893585,0.0,False,0
C4_2,refine,512,1,64,it0102,0.2936802804470062,0.4731649160385132,0.0,False,0
C4_2,refine,512,1,64,it0103,0.28905919194221497,0.27343639731407166,0.13636363636363635,False,0
C4_2,refine,512,1,64,it0104,0.4619005620479584,0.5085886716842651,0.0,False,0
C4_2,refine,512,1,64,it0105,0.2396441102027893,0.43691596388816833,0.14285714285714285,False,0
C4_2,refine,512,1,64,it0106,0.3869651257991791,0.3545764684677124,0.0,False,0
C4_2,refine,512,1,64,it0107,0.6027501225471497,0.5139793157577515,0.13043478260869565,False,0
C4_2,refine,512,1,64,it0108,0.5350858569145203,0.39566612243652344,0.0625,False,0
C4_2,refine,512,1,64,it0109,0.49368223547935486,0.4478648006916046,0.15789473684210525,False,0
C4_2,refine,512,1,64,it0110,0.19879940152168274,0.3464702367782593,0.26666666666666666,False,0
C4_2,refine,512,1,64,it0111,0.1978636234998703,0.17723792791366577,0.2727272727272727,False,0
C4_2,refine,512,1,64,it0112,0.5911335945129395,0.5470026135444641,0.045454545454545456,False,0
C4_2,refine,512,1,64,it0113,0.5682214498519897,0.4629603326320648,0.0,False,0
C4_2,refine,512,1,64,it0114,0.40931814908981323,0.36871466040611267,0.4444444444444444,False,0
C4_2,refine,512,1,64,it0115,0.3647432327270508,0.2432108372449875,0.07142857142857142,False,0
C4_2,refine,512,1,64,it0116,0.5730394721031189,0.2669304609298706,0.17647058823529413,False,0
C4_2,refine,512,1,64,it0117,0.471545547246933,0.529720664024353,0.058823529411764705,False,0
C4_2,refine,512,1,64,it0118,0.5971821546554565,0.4732852280139923,0.34615384615384615,False,0
C4_2,refine,512,1,64,it0119,0.4725833833217621,0.384888619184494,0.21428571428571427,False,0
C4_2,refine,512,1,64,it0120,0.5768411755561829,0.5787824392318726,0.0,False,0
C4_2,refine,512,1,64,it0121,0.5583404302597046,0.4101547300815582,0.15,False,0
C4_2,refine,512,1,64,it0122,0.13475050032138824,0.1750100553035736,0.09090909090909091,False,0
C4_2,refine,512,1,64,it0123,0.37304896116256714,0.48195680975914,0.17647058823529413,False,0
C4_2,refine,512,1,64,it0124,0.5575562119483948,0.4027169644832611,0.030303030303030304,False,0
C4_2,refine,512,1,64,it0125,0.47531071305274963,0.39332324266433716,0.20512820512820512,False,0
C4_2,refine,512,1,64,it0126,0.39301279187202454,0.19156034290790558,0.0625,False,0
C4_2,refine,512,1,64,it0127,0.42237645387649536,0.38002198934555054,0.058823529411764705,False,0
C4_2,refine,512,1,64,it0128,0.3844144940376282,0.4603382349014282,0.0,False,0
C4_2,refine,512,1,64,it0129,0.24070648849010468,0.26169830560684204,0.0,False,0
C4_2,refine,512,1,64,it0130,0.17060185968875885,0.24256503582000732,0.1,False,0
C4_2,refine,512,1,64,it0131,0.3679044842720032,0.30215930938720703,0.1935483870967742,False,0
C4_2,refine,512,1,64,it0132,0.30186575651168823,0.18521806597709656,0.0,False,0
C4_2,refine,512,1,64,it0133,0.48942670226097107,0.4893394112586975,0.07142857142857142,False,0
C4_2,refine,512,1,64,it0134,0.5316346883773804,0.3856167495250702,0.0,False,0
C4_2,refine,512,1,64,it0135,0.397403746843338,0.39716947078704834,0.23076923076923078,False,0
C4_2,refine,512,1,64,it0136,0.31423085927963257,0.28720739483833313,0.1,False,0
C4_2,refine,512,1,64,it0137,0.4398758113384247,0.4406646490097046,0.4166666666666667,False,0
C4_2,refine,512,1,64,it0138,0.5045934915542603,0.45115989446640015,0.05555555555555555,False,0
C4_2,refine,512,1,64,it0139,0.45867183804512024,0.17051245272159576,0.0,False,0
C4_2,refine,512,1,64,it0140,0.36934494972229004,0.2810065448284149,0.0,False,0
C4_2,refine,512,1,64,it0141,0.5173249244689941,0.5850403904914856,0.13333333333333333,False,0
C4_2,refine,512,1,64,it0142,0.26674342155456543,0.2178226113319397,0.04,False,0
C4_2,refine,512,1,64,it0143,0.3528989553451538,0.49180400371551514,0.0,False,0
C4_2,refine,512,1,64,it0144,0.4430226683616638,0.39722445607185364,0.07142857142857142,False,0
C4_2,refine,512,1,64,it0145,0.49174177646636963,0.5724915266036987,0.0,False,0
C4_2,refine,512,1,64,it0146,0.46104928851127625,0.3617539703845978,0.0,False,0
C4_2,refine,512,1,64,it0147,0.49077868461608887,0.3757852613925934,0.043478260869565216,False,0
C4_2,refine,512,1,64,it0148,0.12916027009487152,0.19904842972755432,0.10714285714285714,False,0
C4_2,refine,512,1,64,it0149,0.504143238067627,0.5277140140533447,0.07142857142857142,False,0
C4_2,refine,512,1,64,it0150,0.15468350052833557,0.13726165890693665,0.3076923076923077,False,0
C4_2,refine,512,1,64,it0151,0.5878974199295044,0.5084377527236938,0.058823529411764705,False,0
C4_2,refine,512,1,64,it0152,0.4778097867965698,0.3398548364639282,0.0,False,0
C4_2,refine,512,1,64,it0153,0.32392609119415283,0.26413512229919434,0.2619047619047619,False,0
C4_2,refine,512,1,64,it0154,0.20139989256858826,0.12422750145196915,0.21052631578947367,False,0
C4_2,refine,512,1,64,it0155,0.26590844988822937,0.31195560097694397,0.07142857142857142,False,0
C4_2,refine,512,1,64,it0156,0.14107708632946014,0.20948851108551025,0.23809523809523808,False,0
C4_2,refine,512,1,64,it0157,0.4562669098377228,0.4467658996582031,0.0,False,0
C4_2,refine,512,1,64,it0158,0.30843138694763184,0.3136025369167328,0.10526315789473684,False,0
C4_2,refine,512,1,64,it0159,0.4681549668312073,0.21858283877372742,0.0,False,0
C4_2,refine,512,1,64,it0160,0.5422053933143616,0.46559596061706543,0.0,False,0
C4_2,refine,512,1,64,it0161,0.3097987473011017,0.3328663408756256,0.06896551724137931,False,0
C4_2,refine,512,1,64,it0162,0.08843089640140533,0.28892379999160767,0.2962962962962963,False,0
C4_2,refine,512,1,64,it0163,0.4761905074119568,0.5159714221954346,0.058823529411764705,False,0
C4_2,refine,512,1,64,it0164,0.5141398906707764,0.2996233403682709,0.0967741935483871,False,0
C4_2,refine,512,1,64,it0165,0.24885930120944977,0.22670307755470276,0.09090909090909091,False,0
C4_2,refine,512,1,64,it0166,0.574097752571106,0.3461546301841736,0.08333333333333333,False,0
C4_2,refine,512,1,64,it0167,0.4012928009033203,0.4648485481739044,0.0,False,0
C4_2,refine,512,1,64,it0168,0.2881968319416046,0.2174687683582306,0.2,False,0
C4_2,refine,512,1,64,it0169,0.30192580819129944,0.3182356655597687,0.2,False,0
C4_2,refine,512,1,64,it0170,0.41280075907707214,0.37636810541152954,0.17647058823529413,False,0
C4_2,refine,512,1,64,it0171,0.7061843872070312,0.6113313436508179,0.047619047619047616,False,0
C4_2,refine,512,1,64,it0172,0.29885631799697876,0.3139941096305847,0.0,False,0
C4_2,refine,512,1,64,it0173,0.6693585515022278,0.6245614886283875,0.0,False,0
C4_2,refine,512,1,64,it0174,0.532958447933197,0.47897619009017944,0.375,False,0
C4_2,refine,512,1,64,it0175,0.07961377501487732,-0.007182464003562927,0.06666666666666667,False,0
C4_2,refine,512,1,64,it0176,0.2674393653869629,0.382843554019928,0.0,False,0
C4_2,refine,512,1,64,it0177,0.4805450439453125,0.3548896908760071,0.05263157894736842,False,0
C4_2,refine,512,1,64,it0178,0.2599716782569885,0.20316553115844727,0.23529411764705882,False,0
C4_2,refine,512,1,64,it0179,0.6148493885993958,0.6507864594459534,0.12903225806451613,False,0
C4_2,refine,512,1,64,it0180,0.42067044973373413,0.538097083568573,0.0,False,0
C4_2,refine,512,1,64,it0181,0.5226715803146362,0.5020366311073303,0.024390243902439025,False,0
C4_2,refine,512,1,64,it0182,0.5670188069343567,0.3944113254547119,0.16,False,0
C4_2,refine,512,1,64,it0183,0.665539026260376,0.6047685742378235,0.04,False,0
C4_2,refine,512,1,64,it0184,0.3298218846321106,0.2660772502422333,0.13333333333333333,False,0
C4_2,refine,512,1,64,it0185,0.46056514978408813,0.47189104557037354,0.25806451612903225,False,0
C4_2,refine,512,1,64,it0186,0.569625735282898,0.46353161334991455,0.125,False,0
C4_2,refine,512,1,64,it0187,0.4714992046356201,0.4052067995071411,0.0,False,0
C4_2,refine,512,1,64,it0188,0.5121977925300598,0.45105230808258057,0.3888888888888889,False,0
C4_2,refine,512,1,64,it0189,0.3869466185569763,0.41003337502479553,0.05,False,0
C4_2,refine,512,1,64,it0190,0.5971134305000305,0.5658118724822998,0.0,False,0
C4_2,refine,512,1,64,it0191,0.38605836033821106,0.347509503364563,0.2,False,0
C4_2,refine,512,1,64,it0192,0.5281340479850769,0.5280337929725647,0.18518518518518517,False,0
C4_2,refine,512,1,64,it0193,0.31515008211135864,0.12365346401929855,0.1875,False,0
C4_2,refine,512,1,64,it0194,0.6244994401931763,0.5750285983085632,0.047619047619047616,False,0
C4_2,refine,512,1,64,it0195,0.6730203032493591,0.6058476567268372,0.11538461538461539,False,0
C4_2,refine,512,1,64,it0196,0.5205986499786377,0.34793415665626526,0.0,False,0
C4_2,refine,512,1,64,it0197,0.4777641296386719,0.33438652753829956,0.09090909090909091,False,0
C4_2,refine,512,1,64,it0198,0.08365132659673691,0.10141794383525848,0.0,False,0
C4_2,refine,512,1,64,it0199,0.46149057149887085,0.45946744084358215,0.11764705882352941,False,0
