run,arm,nfe,K,T,item,ecapa,wavlm,wer,degenerate,pick
C3_0_90k,search,128,2,8,it0000,0.6896126866340637,0.7119640111923218,0.043478260869565216,False,1
C3_0_90k,search,128,2,8,it0001,0.4856853485107422,0.32906869053840637,0.1111111111111111,False,1
C3_0_90k,search,128,2,8,it0002,0.2875335216522217,0.2874450981616974,0.06666666666666667,False,1
C3_0_90k,search,128,2,8,it0003,0.4847964644432068,0.3358730673789978,0.06666666666666667,False,1
C3_0_90k,search,128,2,8,it0004,0.6105554103851318,0.39592111110687256,0.125,False,1
C3_0_90k,search,128,2,8,it0005,0.454581081867218,0.4914131760597229,0.0,False,0
C3_0_90k,search,128,2,8,it0006,0.3300926983356476,0.3858512043952942,0.1111111111111111,False,0
C3_0_90k,search,128,2,8,it0007,0.38648656010627747,0.4783536195755005,0.11363636363636363,False,0
C3_0_90k,search,128,2,8,it0008,0.32192471623420715,0.28873002529144287,0.09523809523809523,False,0
C3_0_90k,search,128,2,8,it0009,0.535582423210144,0.6142412424087524,0.037037037037037035,False,1
C3_0_90k,search,128,2,8,it0010,0.5800343751907349,0.5708377957344055,0.05555555555555555,False,0
C3_0_90k,search,128,2,8,it0011,0.6308349967002869,0.6280702352523804,0.0,False,1
C3_0_90k,search,128,2,8,it0012,0.6203426122665405,0.4168575704097748,0.41379310344827586,False,1
C3_0_90k,search,128,2,8,it0013,0.501691997051239,0.5717880725860596,0.0,False,0
C3_0_90k,search,128,2,8,it0014,0.6566053032875061,0.5478088855743408,0.0,False,0
C3_0_90k,search,128,2,8,it0015,0.37081530690193176,0.4165542423725128,0.11764705882352941,False,0
C3_0_90k,search,128,2,8,it0016,0.7042872905731201,0.5714260339736938,0.14705882352941177,False,0
C3_0_90k,search,128,2,8,it0017,0.5635309815406799,0.37576594948768616,0.06666666666666667,False,1
C3_0_90k,search,128,2,8,it0018,0.5360745191574097,0.6178821325302124,0.08823529411764706,False,0
C3_0_90k,search,128,2,8,it0019,0.6874411106109619,0.6089999079704285,0.13043478260869565,False,0
C3_0_90k,search,128,2,8,it0020,0.33008792996406555,0.3235461115837097,0.0,False,0
C3_0_90k,search,128,2,8,it0021,0.5468512773513794,0.48441043496131897,0.030303030303030304,False,1
C3_0_90k,search,128,2,8,it0022,0.45462048053741455,0.5111948251724243,0.25,False,1
C3_0_90k,search,128,2,8,it0023,0.6609469056129456,0.6240050196647644,0.3333333333333333,False,0
C3_0_90k,search,128,2,8,it0024,0.6507469415664673,0.5558408498764038,0.14285714285714285,False,1
C3_0_90k,search,128,2,8,it0025,0.6564427018165588,0.6884347796440125,0.15,False,0
C3_0_90k,search,128,2,8,it0026,0.35552164912223816,0.27123674750328064,0.0,False,0
C3_0_90k,search,128,2,8,it0027,0.6750227212905884,0.6667052507400513,0.0,False,0
C3_0_90k,search,128,2,8,it0028,0.5293849110603333,0.5720521211624146,0.07142857142857142,False,0
C3_0_90k,search,128,2,8,it0029,0.22878313064575195,0.4849580228328705,0.0,False,0
C3_0_90k,search,128,2,8,it0030,0.6006194353103638,0.46976324915885925,0.08,False,0
C3_0_90k,search,128,2,8,it0031,0.3288385272026062,0.3419647514820099,0.0,False,0
C3_0_90k,search,128,2,8,it0032,0.6502872705459595,0.6548262238502502,0.037037037037037035,False,1
C3_0_90k,search,128,2,8,it0033,0.35762134194374084,0.3414837121963501,0.15384615384615385,False,0
C3_0_90k,search,128,2,8,it0034,0.6120808720588684,0.638719916343689,0.03333333333333333,False,1
C3_0_90k,search,128,2,8,it0035,0.28963905572891235,0.301072359085083,0.15384615384615385,False,0
C3_0_90k,search,128,2,8,it0036,0.5709021091461182,0.588749885559082,0.0,False,1
C3_0_90k,search,128,2,8,it0037,0.5467726588249207,0.4923475682735443,0.0,False,1
C3_0_90k,search,128,2,8,it0038,0.37869739532470703,0.17381072044372559,0.02702702702702703,False,1
C3_0_90k,search,128,2,8,it0039,0.5109357833862305,0.5130765438079834,0.0975609756097561,False,0
C3_0_90k,search,128,2,8,it0040,0.34714508056640625,0.3412865102291107,0.0,False,0
C3_0_90k,search,128,2,8,it0041,0.6548913717269897,0.5276029109954834,0.09090909090909091,False,0
C3_0_90k,search,128,2,8,it0042,0.5034126043319702,0.4867432713508606,0.1111111111111111,False,1
C3_0_90k,search,128,2,8,it0043,0.32733744382858276,0.36532384157180786,0.0,False,0
C3_0_90k,search,128,2,8,it0044,0.5846614837646484,0.6372920274734497,0.12,False,0
C3_0_90k,search,128,2,8,it0045,0.333843857049942,0.44138792157173157,0.16666666666666666,False,1
C3_0_90k,search,128,2,8,it0046,0.43993547558784485,0.3597182035446167,0.0,False,1
C3_0_90k,search,128,2,8,it0047,0.3573843538761139,0.3768983483314514,0.45,False,1
C3_0_90k,search,128,2,8,it0048,0.41985341906547546,0.4501594305038452,0.0,False,0
C3_0_90k,search,128,2,8,it0049,0.4200853705406189,0.5611420273780823,0.13636363636363635,False,0
C3_0_90k,search,128,2,8,it0050,0.23005646467208862,-0.03158308193087578,0.4090909090909091,False,0
C3_0_90k,search,128,2,8,it0051,0.26220837235450745,0.45435261726379395,0.0,False,0
C3_0_90k,search,128,2,8,it0052,0.43255412578582764,0.5416275262832642,0.06666666666666667,False,0
C3_0_90k,search,128,2,8,it0053,0.46025562286376953,0.5598884224891663,0.10810810810810811,False,0
C3_0_90k,search,128,2,8,it0054,0.4877487123012543,0.43882229924201965,0.16666666666666666,False,1
C3_0_90k,search,128,2,8,it0055,0.6014319062232971,0.5780304670333862,0.0,False,0
C3_0_90k,search,128,2,8,it0056,0.46981194615364075,0.4239521622657776,0.15,False,0
C3_0_90k,search,128,2,8,it0057,0.4968433976173401,0.2670711576938629,0.11764705882352941,False,1
C3_0_90k,search,128,2,8,it0058,0.4509888291358948,0.5110729336738586,0.0,False,0
C3_0_90k,search,128,2,8,it0059,0.5756435990333557,0.5959116220474243,0.07142857142857142,False,1
C3_0_90k,search,128,2,8,it0060,0.47254836559295654,0.4388611316680908,0.17647058823529413,False,1
C3_0_90k,search,128,2,8,it0061,0.5786361694335938,0.701302707195282,0.0,False,1
C3_0_90k,search,128,2,8,it0062,0.6239169836044312,0.5802925825119019,0.047619047619047616,False,0
C3_0_90k,search,128,2,8,it0063,0.4317821264266968,0.3552437126636505,0.2413793103448276,False,1
C3_0_90k,search,128,2,8,it0064,0.5163434147834778,0.5293582677841187,0.05555555555555555,False,0
C3_0_90k,search,128,2,8,it0065,0.6801522970199585,0.6982560753822327,0.10256410256410256,False,0
C3_0_90k,search,128,2,8,it0066,0.37013813853263855,0.4595829248428345,0.3333333333333333,False,1
C3_0_90k,search,128,2,8,it0067,0.38959449529647827,0.3859030306339264,0.05555555555555555,False,1
C3_0_90k,search,128,2,8,it0068,0.6841213703155518,0.6516883373260498,0.0,False,0
C3_0_90k,search,128,2,8,it0069,0.5765514373779297,0.5441080331802368,0.045454545454545456,False,1
C3_0_90k,search,128,2,8,it0070,0.5458114147186279,0.5762487053871155,0.0,False,1
C3_0_90k,search,128,2,8,it0071,0.47036564350128174,0.47018319368362427,0.07142857142857142,False,1
C3_0_90k,search,128,2,8,it0072,0.4668789505958557,0.5601248145103455,0.0,False,1
C3_0_90k,search,128,2,8,it0073,0.19563986361026764,0.3089209198951721,0.1724137931034483,False,1
C3_0_90k,search,128,2,8,it0074,0.47521069645881653,0.3678675591945648,0.06666666666666667,False,1
C3_0_90k,search,128,2,8,it0075,0.30720919370651245,0.4127040505409241,0.043478260869565216,False,1
C3_0_90k,search,128,2,8,it0076,0.611817479133606,0.46006491780281067,0.17391304347826086,False,1
C3_0_90k,search,128,2,8,it0077,0.4619154632091522,0.5248245000839233,0.16666666666666666,False,1
C3_0_90k,search,128,2,8,it0078,0.3774626851081848,0.308518648147583,0.09523809523809523,False,1
C3_0_90k,search,128,2,8,it0079,0.6526351571083069,0.645776629447937,0.0,False,0
C3_0_90k,search,128,2,8,it0080,0.48701754212379456,0.3613022267818451,0.36585365853658536,False,0
C3_0_90k,search,128,2,8,it0081,0.47679299116134644,0.44168636202812195,0.03571428571428571,False,1
C3_0_90k,search,128,2,8,it0082,0.5364234447479248,0.5219534039497375,0.11764705882352941,False,0
C3_0_90k,search,128,2,8,it0083,0.7038370370864868,0.5178026556968689,0.0,False,1
C3_0_90k,search,128,2,8,it0084,0.6291312575340271,0.5597862601280212,0.022222222222222223,False,1
C3_0_90k,search,128,2,8,it0085,0.5771877765655518,0.45268818736076355,0.0,False,1
C3_0_90k,search,128,2,8,it0086,0.6243847608566284,0.5879679322242737,0.0,False,0
C3_0_90k,search,128,2,8,it0087,0.44670388102531433,0.4460057020187378,0.0,False,1
C3_0_90k,search,128,2,8,it0088,0.3628362715244293,0.4003297984600067,0.047619047619047616,False,0
C3_0_90k,search,128,2,8,it0089,0.42827507853507996,0.33923041820526123,0.0,False,0
C3_0_90k,search,128,2,8,it0090,0.6291173100471497,0.5602856874465942,0.058823529411764705,False,1
C3_0_90k,search,128,2,8,it0091,0.5231505036354065,0.4995168149471283,0.03225806451612903,False,1
C3_0_90k,search,128,2,8,it0092,0.5993186235427856,0.514568567276001,0.02857142857142857,False,1
C3_0_90k,search,128,2,8,it0093,0.571366548538208,0.49065881967544556,0.0,False,0
C3_0_90k,search,128,2,8,it0094,0.49120864272117615,0.5790838003158569,0.07692307692307693,False,0
C3_0_90k,search,128,2,8,it0095,0.5998202562332153,0.6631863713264465,0.047619047619047616,False,1
C3_0_90k,search,128,2,8,it0096,0.575192928314209,0.5588706135749817,0.13636363636363635,False,0
C3_0_90k,search,128,2,8,it0097,0.7181421518325806,0.6855129599571228,0.0,False,1
C3_0_90k,search,128,2,8,it0098,0.5997700691223145,0.49925702810287476,0.25925925925925924,False,1
C3_0_90k,search,128,2,8,it0099,0.43199917674064636,0.32240915298461914,0.0,False,1
C3_0_90k,search,128,2,8,it0100,0.6615228056907654,0.7291396260261536,0.15384615384615385,False,1
C3_0_90k,search,128,2,8,it0101,0.4952468276023865,0.3681047856807709,0.0,False,1
C3_0_90k,search,128,2,8,it0102,0.3241134285926819,0.3695310354232788,0.23076923076923078,False,0
C3_0_90k,search,128,2,8,it0103,0.44014278054237366,0.5022792220115662,0.13636363636363635,False,1
C3_0_90k,search,128,2,8,it0104,0.5647386312484741,0.5423873662948608,0.041666666666666664,False,0
C3_0_90k,search,128,2,8,it0105,0.48368918895721436,0.6406431794166565,0.14285714285714285,False,1
C3_0_90k,search,128,2,8,it0106,0.5331062078475952,0.48126351833343506,0.0,False,1
C3_0_90k,search,128,2,8,it0107,0.6220604181289673,0.5760526657104492,0.0,False,1
C3_0_90k,search,128,2,8,it0108,0.6024594306945801,0.5175343751907349,0.0,False,1
C3_0_90k,search,128,2,8,it0109,0.4405241012573242,0.38191884756088257,0.0,False,0
C3_0_90k,search,128,2,8,it0110,0.2175115942955017,0.3030194044113159,0.1,False,1
C3_0_90k,search,128,2,8,it0111,0.5706348419189453,0.5000036358833313,0.15151515151515152,False,0
C3_0_90k,search,128,2,8,it0112,0.6947492361068726,0.605093240737915,0.0,False,1
C3_0_90k,search,128,2,8,it0113,0.5524526834487915,0.5756846070289612,0.0,False,1
C3_0_90k,search,128,2,8,it0114,0.3985024690628052,0.3745489716529846,0.05555555555555555,False,1
C3_0_90k,search,128,2,8,it0115,0.34314802289009094,0.2826746106147766,0.0,False,1
C3_0_90k,search,128,2,8,it0116,0.5192221999168396,0.42320460081100464,0.35294117647058826,False,0
C3_0_90k,search,128,2,8,it0117,0.51639324426651,0.6384067535400391,0.0,False,1
C3_0_90k,search,128,2,8,it0118,0.6991671323776245,0.6259928345680237,0.07692307692307693,False,0
C3_0_90k,search,128,2,8,it0119,0.5084073543548584,0.525813102722168,0.14285714285714285,False,1
C3_0_90k,search,128,2,8,it0120,0.6824320554733276,0.5486670136451721,0.0,False,1
C3_0_90k,search,128,2,8,it0121,0.5918526649475098,0.47845566272735596,0.05,False,0
C3_0_90k,search,128,2,8,it0122,0.41853031516075134,0.4383125901222229,0.09090909090909091,False,1
C3_0_90k,search,128,2,8,it0123,0.3665860593318939,0.5215221047401428,0.0,False,0
C3_0_90k,search,128,2,8,it0124,0.7126538157463074,0.5839375257492065,0.030303030303030304,False,0
C3_0_90k,search,128,2,8,it0125,0.6205629110336304,0.49746283888816833,0.02564102564102564,False,1
C3_0_90k,search,128,2,8,it0126,0.47092896699905396,0.503713846206665,0.0,False,1
C3_0_90k,search,128,2,8,it0127,0.3435802459716797,0.2647491991519928,0.0,False,0
C3_0_90k,search,128,2,8,it0128,0.45316946506500244,0.4884607791900635,0.1,False,0
C3_0_90k,search,128,2,8,it0129,0.3839605748653412,0.41029760241508484,0.0,False,0
C3_0_90k,search,128,2,8,it0130,0.47100111842155457,0.5734837055206299,0.0,False,0
C3_0_90k,search,128,2,8,it0131,0.4855950176715851,0.5519716739654541,0.0967741935483871,False,0
C3_0_90k,search,128,2,8,it0132,0.5267971158027649,0.2725467085838318,0.0,False,0
C3_0_90k,search,128,2,8,it0133,0.6144147515296936,0.6589526534080505,0.0,False,1
C3_0_90k,search,128,2,8,it0134,0.5154895782470703,0.3801535367965698,0.02631578947368421,False,0
C3_0_90k,search,128,2,8,it0135,0.5543454885482788,0.6183357238769531,0.07692307692307693,False,1
C3_0_90k,search,128,2,8,it0136,0.5130681395530701,0.6016972661018372,0.0,False,1
C3_0_90k,search,128,2,8,it0137,0.43851959705352783,0.5028828978538513,0.16666666666666666,False,0
C3_0_90k,search,128,2,8,it0138,0.6289684772491455,0.6024514436721802,0.16666666666666666,False,0
C3_0_90k,search,128,2,8,it0139,0.7453059554100037,0.6775187253952026,0.05555555555555555,False,1
C3_0_90k,search,128,2,8,it0140,0.4558863341808319,0.42856553196907043,0.0,False,1
C3_0_90k,search,128,2,8,it0141,0.6797159910202026,0.7215232849121094,0.13333333333333333,False,0
C3_0_90k,search,128,2,8,it0142,0.4383510649204254,0.2800964415073395,0.12,False,1
C3_0_90k,search,128,2,8,it0143,0.35980814695358276,0.4875353276729584,0.0,False,1
C3_0_90k,search,128,2,8,it0144,0.6284765005111694,0.4483098089694977,0.03571428571428571,False,1
C3_0_90k,search,128,2,8,it0145,0.6185910701751709,0.7050122618675232,0.0,False,0
C3_0_90k,search,128,2,8,it0146,0.6072624921798706,0.5263634920120239,0.05,False,0
C3_0_90k,search,128,2,8,it0147,0.38763725757598877,0.3642805218696594,0.0,False,1
C3_0_90k,search,128,2,8,it0148,0.20980070531368256,0.21121464669704437,0.03571428571428571,False,0
C3_0_90k,search,128,2,8,it0149,0.5368096828460693,0.45868590474128723,0.14285714285714285,False,1
C3_0_90k,search,128,2,8,it0150,0.41803044080734253,0.4258333146572113,0.11538461538461539,False,0
C3_0_90k,search,128,2,8,it0151,0.5518090128898621,0.5477820038795471,0.0,False,1
C3_0_90k,search,128,2,8,it0152,0.5634776949882507,0.48819828033447266,0.0,False,0
C3_0_90k,search,128,2,8,it0153,0.31282803416252136,0.4504305124282837,0.14285714285714285,False,1
C3_0_90k,search,128,2,8,it0154,0.4850579798221588,0.3383052349090576,0.05263157894736842,False,1
C3_0_90k,search,128,2,8,it0155,0.28191572427749634,0.3496071696281433,0.0,False,0
C3_0_90k,search,128,2,8,it0156,0.4226008653640747,0.38187116384506226,0.047619047619047616,False,1
C3_0_90k,search,128,2,8,it0157,0.5881091952323914,0.495952844619751,0.06976744186046512,False,0
C3_0_90k,search,128,2,8,it0158,0.5162057280540466,0.49583572149276733,0.3157894736842105,False,1
C3_0_90k,search,128,2,8,it0159,0.5161336660385132,0.43519988656044006,0.42857142857142855,False,0
C3_0_90k,search,128,2,8,it0160,0.6725121140480042,0.5800241827964783,0.03225806451612903,False,0
C3_0_90k,search,128,2,8,it0161,0.5456478595733643,0.5190521478652954,0.034482758620689655,False,0
C3_0_90k,search,128,2,8,it0162,0.10427569597959518,0.34702521562576294,0.18518518518518517,False,1
C3_0_90k,search,128,2,8,it0163,0.5823336839675903,0.6239317655563354,0.0,False,1
C3_0_90k,search,128,2,8,it0164,0.4344370663166046,0.31142663955688477,0.06451612903225806,False,0
C3_0_90k,search,128,2,8,it0165,0.43310514092445374,0.5602004528045654,0.0,False,0
C3_0_90k,search,128,2,8,it0166,0.46040332317352295,0.30572301149368286,0.08333333333333333,False,1
C3_0_90k,search,128,2,8,it0167,0.45611244440078735,0.5270282030105591,0.05263157894736842,False,0
C3_0_90k,search,128,2,8,it0168,0.3303118646144867,0.40056976675987244,0.2,False,0
C3_0_90k,search,128,2,8,it0169,0.4108857810497284,0.49494707584381104,0.05,False,1
C3_0_90k,search,128,2,8,it0170,0.5483353137969971,0.5887132883071899,0.11764705882352941,False,0
C3_0_90k,search,128,2,8,it0171,0.6331613063812256,0.6227374076843262,0.047619047619047616,False,0
C3_0_90k,search,128,2,8,it0172,0.4221513271331787,0.4646506905555725,0.08,False,1
C3_0_90k,search,128,2,8,it0173,0.7174793481826782,0.7370729446411133,0.0,False,1
C3_0_90k,search,128,2,8,it0174,0.5245886445045471,0.44541776180267334,0.0,False,0
C3_0_90k,search,128,2,8,it0175,0.19347530603408813,0.2843489348888397,0.13333333333333333,False,0
C3_0_90k,search,128,2,8,it0176,0.5380867719650269,0.6022557616233826,0.0,False,1
C3_0_90k,search,128,2,8,it0177,0.38850927352905273,0.3935032784938812,0.0,False,0
C3_0_90k,search,128,2,8,it0178,0.42973631620407104,0.3590922951698303,0.29411764705882354,False,0
C3_0_90k,search,128,2,8,it0179,0.5811440944671631,0.6988669633865356,0.03225806451612903,False,0
C3_0_90k,search,128,2,8,it0180,0.5013887882232666,0.6812504529953003,0.0,False,0
C3_0_90k,search,128,2,8,it0181,0.5948850512504578,0.5970495939254761,0.04878048780487805,False,1
C3_0_90k,search,128,2,8,it0182,0.5994102358818054,0.5568044185638428,0.36,False,1
C3_0_90k,search,128,2,8,it0183,0.6184166073799133,0.5634787082672119,0.0,False,0
C3_0_90k,search,128,2,8,it0184,0.29576537013053894,0.4040362238883972,0.2,False,1
C3_0_90k,search,128,2,8,it0185,0.44786307215690613,0.5559077858924866,0.06451612903225806,False,0
C3_0_90k,search,128,2,8,it0186,0.5885326862335205,0.574801504611969,0.3333333333333333,False,0
C3_0_90k,search,128,2,8,it0187,0.5338339805603027,0.5852164626121521,0.0625,False,1
C3_0_90k,search,128,2,8,it0188,0.5038427710533142,0.44158774614334106,0.0,False,0
C3_0_90k,search,128,2,8,it0189,0.44280412793159485,0.3333795368671417,0.0,False,1
C3_0_90k,search,128,2,8,it0190,0.5836765170097351,0.5412620306015015,0.125,False,0
C3_0_90k,search,128,2,8,it0191,0.4840640425682068,0.4581933915615082,0.0,False,1
C3_0_90k,search,128,2,8,it0192,0.5247254371643066,0.6219284534454346,0.037037037037037035,False,0
C3_0_90k,search,128,2,8,it0193,0.4393046498298645,0.18529391288757324,0.4375,False,0
C3_0_90k,search,128,2,8,it0194,0.622445821762085,0.6566462516784668,0.0,False,1
C3_0_90k,search,128,2,8,it0195,0.6104251742362976,0.616763710975647,0.038461538461538464,False,1
C3_0_90k,search,128,2,8,it0196,0.43143230676651,0.4941258728504181,0.35714285714285715,False,0
C3_0_90k,search,128,2,8,it0197,0.35947734117507935,0.4099889099597931,0.0,False,0
C3_0_90k,search,128,2,8,it0198,0.29849156737327576,0.3216749131679535,0.0,False,0
C3_0_90k,search,128,2,8,it0199,0.48333078622817993,0.5585193634033203,0.0,False,0
C3_0_90k,search,256,4,8,it0000,0.6896126866340637,0.7119640111923218,0.043478260869565216,False,1
C3_0_90k,search,256,4,8,it0001,0.4540961682796478,0.3463470935821533,0.0,False,2
C3_0_90k,search,256,4,8,it0002,0.3092948794364929,0.37685179710388184,0.06666666666666667,False,3
C3_0_90k,search,256,4,8,it0003,0.49731239676475525,0.38385486602783203,0.06666666666666667,False,2
C3_0_90k,search,256,4,8,it0004,0.7061262130737305,0.4716881215572357,0.125,False,2
C3_0_90k,search,256,4,8,it0005,0.454581081867218,0.4914131760597229,0.0,False,0
C3_0_90k,search,256,4,8,it0006,0.4609610438346863,0.43459588289260864,0.0,False,3
C3_0_90k,search,256,4,8,it0007,0.38648656010627747,0.4783536195755005,0.11363636363636363,False,0
C3_0_90k,search,256,4,8,it0008,0.33042407035827637,0.40748873353004456,0.09523809523809523,False,2
C3_0_90k,search,256,4,8,it0009,0.6261601448059082,0.6146624088287354,0.0,False,3
C3_0_90k,search,256,4,8,it0010,0.49325844645500183,0.6072500348091125,0.1111111111111111,False,2
C3_0_90k,search,256,4,8,it0011,0.5514700412750244,0.6795831918716431,0.0,False,2
C3_0_90k,search,256,4,8,it0012,0.5291923880577087,0.4215271770954132,0.4827586206896552,False,3
C3_0_90k,search,256,4,8,it0013,0.4983564019203186,0.5996258854866028,0.0,False,3
C3_0_90k,search,256,4,8,it0014,0.6566053032875061,0.5478088855743408,0.0,False,0
C3_0_90k,search,256,4,8,it0015,0.4492599070072174,0.4665849506855011,0.11764705882352941,False,2
C3_0_90k,search,256,4,8,it0016,0.694767415523529,0.6133242845535278,0.029411764705882353,False,2
C3_0_90k,search,256,4,8,it0017,0.5635309815406799,0.37576594948768616,0.06666666666666667,False,1
C3_0_90k,search,256,4,8,it0018,0.573432981967926,0.6275760531425476,0.14705882352941177,False,3
C3_0_90k,search,256,4,8,it0019,0.6874411106109619,0.6089999079704285,0.13043478260869565,False,0
C3_0_90k,search,256,4,8,it0020,0.33008792996406555,0.3235461115837097,0.0,False,0
C3_0_90k,search,256,4,8,it0021,0.5970838665962219,0.5471980571746826,0.06060606060606061,False,3
C3_0_90k,search,256,4,8,it0022,0.49163609743118286,0.5149394869804382,0.375,False,2
C3_0_90k,search,256,4,8,it0023,0.6609469056129456,0.6240050196647644,0.3333333333333333,False,0
C3_0_90k,search,256,4,8,it0024,0.6507469415664673,0.5558408498764038,0.14285714285714285,False,1
C3_0_90k,search,256,4,8,it0025,0.6874943971633911,0.6918465495109558,0.0,False,3
C3_0_90k,search,256,4,8,it0026,0.488077312707901,0.41901931166648865,0.4375,False,3
C3_0_90k,search,256,4,8,it0027,0.6750227212905884,0.6667052507400513,0.0,False,0
C3_0_90k,search,256,4,8,it0028,0.5352129936218262,0.6070221662521362,0.21428571428571427,False,3
C3_0_90k,search,256,4,8,it0029,0.22878313064575195,0.4849580228328705,0.0,False,0
C3_0_90k,search,256,4,8,it0030,0.5240067839622498,0.47276169061660767,0.0,False,2
C3_0_90k,search,256,4,8,it0031,0.36933434009552,0.36913278698921204,0.16666666666666666,False,3
C3_0_90k,search,256,4,8,it0032,0.6502872705459595,0.6548262238502502,0.037037037037037035,False,1
C3_0_90k,search,256,4,8,it0033,0.35762134194374084,0.3414837121963501,0.15384615384615385,False,0
C3_0_90k,search,256,4,8,it0034,0.6120808720588684,0.638719916343689,0.03333333333333333,False,1
C3_0_90k,search,256,4,8,it0035,0.28963905572891235,0.301072359085083,0.15384615384615385,False,0
C3_0_90k,search,256,4,8,it0036,0.5709021091461182,0.588749885559082,0.0,False,1
C3_0_90k,search,256,4,8,it0037,0.5728181004524231,0.5513560771942139,0.0,False,3
C3_0_90k,search,256,4,8,it0038,0.35921669006347656,0.2383481115102768,0.0,False,3
C3_0_90k,search,256,4,8,it0039,0.6152243614196777,0.5702411532402039,0.04878048780487805,False,2
C3_0_90k,search,256,4,8,it0040,0.4003797173500061,0.4073486924171448,0.2,False,3
C3_0_90k,search,256,4,8,it0041,0.6548913717269897,0.5276029109954834,0.09090909090909091,False,0
C3_0_90k,search,256,4,8,it0042,0.5098065733909607,0.5029698014259338,0.1111111111111111,False,2
C3_0_90k,search,256,4,8,it0043,0.386213481426239,0.3854972720146179,0.0,False,2
C3_0_90k,search,256,4,8,it0044,0.5452857613563538,0.6420783996582031,0.08,False,3
C3_0_90k,search,256,4,8,it0045,0.333843857049942,0.44138792157173157,0.16666666666666666,False,1
C3_0_90k,search,256,4,8,it0046,0.4570503234863281,0.4400211274623871,0.0,False,2
C3_0_90k,search,256,4,8,it0047,0.2683047354221344,0.4777616858482361,0.55,False,3
C3_0_90k,search,256,4,8,it0048,0.49854981899261475,0.5011138916015625,0.0,False,2
C3_0_90k,search,256,4,8,it0049,0.30600234866142273,0.5764160752296448,0.0,False,3
C3_0_90k,search,256,4,8,it0050,0.3352780044078827,-0.005809955298900604,0.4090909090909091,False,2
C3_0_90k,search,256,4,8,it0051,0.21733714640140533,0.5320155024528503,0.0,False,2
C3_0_90k,search,256,4,8,it0052,0.43255412578582764,0.5416275262832642,0.06666666666666667,False,0
C3_0_90k,search,256,4,8,it0053,0.47955992817878723,0.5797511339187622,0.2702702702702703,False,3
C3_0_90k,search,256,4,8,it0054,0.47778335213661194,0.4816843867301941,0.0,False,2
C3_0_90k,search,256,4,8,it0055,0.6014319062232971,0.5780304670333862,0.0,False,0
C3_0_90k,search,256,4,8,it0056,0.46981194615364075,0.4239521622657776,0.15,False,0
C3_0_90k,search,256,4,8,it0057,0.5277222394943237,0.4495559632778168,0.17647058823529413,False,3
C3_0_90k,search,256,4,8,it0058,0.5117690563201904,0.547159731388092,0.0,False,2
C3_0_90k,search,256,4,8,it0059,0.6271800994873047,0.6811202764511108,0.07142857142857142,False,3
C3_0_90k,search,256,4,8,it0060,0.5418335199356079,0.5579070448875427,0.11764705882352941,False,2
C3_0_90k,search,256,4,8,it0061,0.5786361694335938,0.701302707195282,0.0,False,1
C3_0_90k,search,256,4,8,it0062,0.6530741453170776,0.60556560754776,0.0,False,3
C3_0_90k,search,256,4,8,it0063,0.4317821264266968,0.3552437126636505,0.2413793103448276,False,1
C3_0_90k,search,256,4,8,it0064,0.5163434147834778,0.5293582677841187,0.05555555555555555,False,0
C3_0_90k,search,256,4,8,it0065,0.6801522970199585,0.6982560753822327,0.10256410256410256,False,0
C3_0_90k,search,256,4,8,it0066,0.37013813853263855,0.4595829248428345,0.3333333333333333,False,1
C3_0_90k,search,256,4,8,it0067,0.38959449529647827,0.3859030306339264,0.05555555555555555,False,1
C3_0_90k,search,256,4,8,it0068,0.6841213703155518,0.6516883373260498,0.0,False,0
C3_0_90k,search,256,4,8,it0069,0.5765514373779297,0.5441080331802368,0.045454545454545456,False,1
C3_0_90k,search,256,4,8,it0070,0.5458114147186279,0.5762487053871155,0.0,False,1
C3_0_90k,search,256,4,8,it0071,0.5305036902427673,0.4981158971786499,0.07142857142857142,False,2
C3_0_90k,search,256,4,8,it0072,0.4668789505958557,0.5601248145103455,0.0,False,1
C3_0_90k,search,256,4,8,it0073,0.19563986361026764,0.3089209198951721,0.1724137931034483,False,1
C3_0_90k,search,256,4,8,it0074,0.4593130350112915,0.4142112731933594,0.06666666666666667,False,3
C3_0_90k,search,256,4,8,it0075,0.31909555196762085,0.4910021722316742,0.043478260869565216,False,3
C3_0_90k,search,256,4,8,it0076,0.660813570022583,0.4939228296279907,0.13043478260869565,False,2
C3_0_90k,search,256,4,8,it0077,0.4900689125061035,0.5955251455307007,0.08333333333333333,False,2
C3_0_90k,search,256,4,8,it0078,0.4568212032318115,0.3174425959587097,0.5238095238095238,False,3
C3_0_90k,search,256,4,8,it0079,0.6526351571083069,0.645776629447937,0.0,False,0
C3_0_90k,search,256,4,8,it0080,0.48701754212379456,0.3613022267818451,0.36585365853658536,False,0
C3_0_90k,search,256,4,8,it0081,0.5609049797058105,0.5151311755180359,0.0,False,2
C3_0_90k,search,256,4,8,it0082,0.5828934907913208,0.5571563243865967,0.0,False,2
C3_0_90k,search,256,4,8,it0083,0.6416020393371582,0.5216606259346008,0.0,False,3
C3_0_90k,search,256,4,8,it0084,0.7051048278808594,0.6772742867469788,0.022222222222222223,False,3
C3_0_90k,search,256,4,8,it0085,0.6076547503471375,0.4980285167694092,0.0,False,2
C3_0_90k,search,256,4,8,it0086,0.5809062719345093,0.6184434294700623,0.29411764705882354,False,3
C3_0_90k,search,256,4,8,it0087,0.5294517874717712,0.6037551760673523,0.0,False,2
C3_0_90k,search,256,4,8,it0088,0.38186269998550415,0.40803080797195435,0.14285714285714285,False,2
C3_0_90k,search,256,4,8,it0089,0.5294845700263977,0.3515658974647522,0.0,False,3
C3_0_90k,search,256,4,8,it0090,0.5833907723426819,0.6228244304656982,0.058823529411764705,False,3
C3_0_90k,search,256,4,8,it0091,0.5829251408576965,0.573144257068634,0.03225806451612903,False,2
C3_0_90k,search,256,4,8,it0092,0.5647398233413696,0.5273411273956299,0.0,False,3
C3_0_90k,search,256,4,8,it0093,0.5256132483482361,0.5306963920593262,0.0,False,3
C3_0_90k,search,256,4,8,it0094,0.5910713076591492,0.6140838861465454,0.0,False,3
C3_0_90k,search,256,4,8,it0095,0.5998202562332153,0.6631863713264465,0.047619047619047616,False,1
C3_0_90k,search,256,4,8,it0096,0.575192928314209,0.5588706135749817,0.13636363636363635,False,0
C3_0_90k,search,256,4,8,it0097,0.7181421518325806,0.6855129599571228,0.0,False,1
C3_0_90k,search,256,4,8,it0098,0.5294123888015747,0.5655118227005005,0.1111111111111111,False,2
C3_0_90k,search,256,4,8,it0099,0.43199917674064636,0.32240915298461914,0.0,False,1
C3_0_90k,search,256,4,8,it0100,0.6615228056907654,0.7291396260261536,0.15384615384615385,False,1
C3_0_90k,search,256,4,8,it0101,0.4548088610172272,0.4843139350414276,0.0,False,2
C3_0_90k,search,256,4,8,it0102,0.40150731801986694,0.42509254813194275,0.0,False,3
C3_0_90k,search,256,4,8,it0103,0.3881520926952362,0.5087630152702332,0.2727272727272727,False,3
C3_0_90k,search,256,4,8,it0104,0.5647386312484741,0.5423873662948608,0.041666666666666664,False,0
C3_0_90k,search,256,4,8,it0105,0.48368918895721436,0.6406431794166565,0.14285714285714285,False,1
C3_0_90k,search,256,4,8,it0106,0.4523683488368988,0.5128850340843201,0.0,False,2
C3_0_90k,search,256,4,8,it0107,0.6220604181289673,0.5760526657104492,0.0,False,1
C3_0_90k,search,256,4,8,it0108,0.6024594306945801,0.5175343751907349,0.0,False,1
C3_0_90k,search,256,4,8,it0109,0.4822786748409271,0.45589858293533325,0.15789473684210525,False,3
C3_0_90k,search,256,4,8,it0110,0.2175115942955017,0.3030194044113159,0.1,False,1
C3_0_90k,search,256,4,8,it0111,0.5706348419189453,0.5000036358833313,0.15151515151515152,False,0
C3_0_90k,search,256,4,8,it0112,0.6635648012161255,0.6354163289070129,0.0,False,3
C3_0_90k,search,256,4,8,it0113,0.6158081293106079,0.6069735288619995,0.045454545454545456,False,2
C3_0_90k,search,256,4,8,it0114,0.6271547675132751,0.6416318416595459,0.1111111111111111,False,2
C3_0_90k,search,256,4,8,it0115,0.48175549507141113,0.36364075541496277,0.0,False,2
C3_0_90k,search,256,4,8,it0116,0.5192221999168396,0.42320460081100464,0.35294117647058826,False,0
C3_0_90k,search,256,4,8,it0117,0.51639324426651,0.6384067535400391,0.0,False,1
C3_0_90k,search,256,4,8,it0118,0.6991671323776245,0.6259928345680237,0.07692307692307693,False,0
C3_0_90k,search,256,4,8,it0119,0.5084073543548584,0.525813102722168,0.14285714285714285,False,1
C3_0_90k,search,256,4,8,it0120,0.6664875149726868,0.6116265654563904,0.0,False,3
C3_0_90k,search,256,4,8,it0121,0.5918526649475098,0.47845566272735596,0.05,False,0
C3_0_90k,search,256,4,8,it0122,0.41853031516075134,0.4383125901222229,0.09090909090909091,False,1
C3_0_90k,search,256,4,8,it0123,0.45979437232017517,0.6605897545814514,0.0,False,2
C3_0_90k,search,256,4,8,it0124,0.7126538157463074,0.5839375257492065,0.030303030303030304,False,0
C3_0_90k,search,256,4,8,it0125,0.5921056270599365,0.5127377510070801,0.02564102564102564,False,3
C3_0_90k,search,256,4,8,it0126,0.47092896699905396,0.503713846206665,0.0,False,1
C3_0_90k,search,256,4,8,it0127,0.3093402087688446,0.3003212809562683,0.058823529411764705,False,2
C3_0_90k,search,256,4,8,it0128,0.45316946506500244,0.4884607791900635,0.1,False,0
C3_0_90k,search,256,4,8,it0129,0.37194955348968506,0.45584383606910706,0.0,False,3
C3_0_90k,search,256,4,8,it0130,0.4639318883419037,0.5871692895889282,0.1,False,2
C3_0_90k,search,256,4,8,it0131,0.5491698384284973,0.5757249593734741,0.06451612903225806,False,2
C3_0_90k,search,256,4,8,it0132,0.5633677244186401,0.4264920949935913,0.0,False,3
C3_0_90k,search,256,4,8,it0133,0.6437149047851562,0.7045442461967468,0.0,False,2
C3_0_90k,search,256,4,8,it0134,0.5124533176422119,0.42668214440345764,0.05263157894736842,False,3
C3_0_90k,search,256,4,8,it0135,0.6149919033050537,0.6855772137641907,0.15384615384615385,False,2
C3_0_90k,search,256,4,8,it0136,0.5130681395530701,0.6016972661018372,0.0,False,1
C3_0_90k,search,256,4,8,it0137,0.43851959705352783,0.5028828978538513,0.16666666666666666,False,0
C3_0_90k,search,256,4,8,it0138,0.6289684772491455,0.6024514436721802,0.16666666666666666,False,0
C3_0_90k,search,256,4,8,it0139,0.6743161678314209,0.7000067234039307,0.0,False,3
C3_0_90k,search,256,4,8,it0140,0.36058682203292847,0.4434226453304291,0.08333333333333333,False,2
C3_0_90k,search,256,4,8,it0141,0.5693142414093018,0.7349174618721008,0.06666666666666667,False,3
C3_0_90k,search,256,4,8,it0142,0.30452001094818115,0.3646470010280609,0.2,False,3
C3_0_90k,search,256,4,8,it0143,0.38370808959007263,0.4978647828102112,0.0,False,2
C3_0_90k,search,256,4,8,it0144,0.6284765005111694,0.4483098089694977,0.03571428571428571,False,1
C3_0_90k,search,256,4,8,it0145,0.6185910701751709,0.7050122618675232,0.0,False,0
C3_0_90k,search,256,4,8,it0146,0.5957605838775635,0.5845422148704529,0.15,False,2
C3_0_90k,search,256,4,8,it0147,0.5748156905174255,0.5218071937561035,0.0,False,3
C3_0_90k,search,256,4,8,it0148,0.21327054500579834,0.27887260913848877,0.21428571428571427,False,3
C3_0_90k,search,256,4,8,it0149,0.4971768260002136,0.4846886396408081,0.2857142857142857,False,2
C3_0_90k,search,256,4,8,it0150,0.44678282737731934,0.45218101143836975,0.0,False,3
C3_0_90k,search,256,4,8,it0151,0.5518090128898621,0.5477820038795471,0.0,False,1
C3_0_90k,search,256,4,8,it0152,0.5634776949882507,0.48819828033447266,0.0,False,0
C3_0_90k,search,256,4,8,it0153,0.45600834488868713,0.496820867061615,0.09523809523809523,False,3
C3_0_90k,search,256,4,8,it0154,0.4850579798221588,0.3383052349090576,0.05263157894736842,False,1
C3_0_90k,search,256,4,8,it0155,0.31759393215179443,0.3782942593097687,0.03571428571428571,False,2
C3_0_90k,search,256,4,8,it0156,0.3673158586025238,0.4337106943130493,0.047619047619047616,False,2
C3_0_90k,search,256,4,8,it0157,0.5881091952323914,0.495952844619751,0.06976744186046512,False,0
C3_0_90k,search,256,4,8,it0158,0.5162057280540466,0.49583572149276733,0.3157894736842105,False,1
C3_0_90k,search,256,4,8,it0159,0.5462576150894165,0.4448520839214325,0.14285714285714285,False,3
C3_0_90k,search,256,4,8,it0160,0.6725121140480042,0.5800241827964783,0.03225806451612903,False,0
C3_0_90k,search,256,4,8,it0161,0.5456478595733643,0.5190521478652954,0.034482758620689655,False,0
C3_0_90k,search,256,4,8,it0162,0.10427569597959518,0.34702521562576294,0.18518518518518517,False,1
C3_0_90k,search,256,4,8,it0163,0.5459157824516296,0.6431592106819153,0.0,False,3
C3_0_90k,search,256,4,8,it0164,0.4709514081478119,0.33775392174720764,0.0967741935483871,False,2
C3_0_90k,search,256,4,8,it0165,0.43310514092445374,0.5602004528045654,0.0,False,0
C3_0_90k,search,256,4,8,it0166,0.46040332317352295,0.30572301149368286,0.08333333333333333,False,1
C3_0_90k,search,256,4,8,it0167,0.5091660618782043,0.626772403717041,0.0,False,3
C3_0_90k,search,256,4,8,it0168,0.3303118646144867,0.40056976675987244,0.2,False,0
C3_0_90k,search,256,4,8,it0169,0.4108857810497284,0.49494707584381104,0.05,False,1
C3_0_90k,search,256,4,8,it0170,0.5483353137969971,0.5887132883071899,0.11764705882352941,False,0
C3_0_90k,search,256,4,8,it0171,0.6132783889770508,0.6446552276611328,0.047619047619047616,False,3
C3_0_90k,search,256,4,8,it0172,0.4989786744117737,0.6212124824523926,0.0,False,3
C3_0_90k,search,256,4,8,it0173,0.7174793481826782,0.7370729446411133,0.0,False,1
C3_0_90k,search,256,4,8,it0174,0.5245886445045471,0.44541776180267334,0.0,False,0
C3_0_90k,search,256,4,8,it0175,0.19347530603408813,0.2843489348888397,0.13333333333333333,False,0
C3_0_90k,search,256,4,8,it0176,0.5380867719650269,0.6022557616233826,0.0,False,1
C3_0_90k,search,256,4,8,it0177,0.48582491278648376,0.4942739009857178,0.05263157894736842,False,2
C3_0_90k,search,256,4,8,it0178,0.42973631620407104,0.3590922951698303,0.29411764705882354,False,0
C3_0_90k,search,256,4,8,it0179,0.5811440944671631,0.6988669633865356,0.03225806451612903,False,0
C3_0_90k,search,256,4,8,it0180,0.5013887882232666,0.6812504529953003,0.0,False,0
C3_0_90k,search,256,4,8,it0181,0.618684709072113,0.6846625208854675,0.0,False,2
C3_0_90k,search,256,4,8,it0182,0.5994102358818054,0.5568044185638428,0.36,False,1
C3_0_90k,search,256,4,8,it0183,0.6302297115325928,0.5769855380058289,0.0,False,3
C3_0_90k,search,256,4,8,it0184,0.29576537013053894,0.4040362238883972,0.2,False,1
C3_0_90k,search,256,4,8,it0185,0.44786307215690613,0.5559077858924866,0.06451612903225806,False,0
C3_0_90k,search,256,4,8,it0186,0.674172580242157,0.5771206617355347,0.0,False,3
C3_0_90k,search,256,4,8,it0187,0.5338339805603027,0.5852164626121521,0.0625,False,1
C3_0_90k,search,256,4,8,it0188,0.609207272529602,0.5852736830711365,0.0,False,2
C3_0_90k,search,256,4,8,it0189,0.4092599153518677,0.3884918689727783,0.0,False,2
C3_0_90k,search,256,4,8,it0190,0.48391151428222656,0.5900378227233887,0.0,False,3
C3_0_90k,search,256,4,8,it0191,0.4367331266403198,0.4836016297340393,0.0,False,2
C3_0_90k,search,256,4,8,it0192,0.5247254371643066,0.6219284534454346,0.037037037037037035,False,0
C3_0_90k,search,256,4,8,it0193,0.5073313117027283,0.2548185884952545,0.25,False,2
C3_0_90k,search,256,4,8,it0194,0.7245908975601196,0.6981351375579834,0.047619047619047616,False,2
C3_0_90k,search,256,4,8,it0195,0.6696227788925171,0.6592185497283936,0.038461538461538464,False,2
C3_0_90k,search,256,4,8,it0196,0.41231560707092285,0.527733564376831,0.14285714285714285,False,2
C3_0_90k,search,256,4,8,it0197,0.35947734117507935,0.4099889099597931,0.0,False,0
C3_0_90k,search,256,4,8,it0198,0.23121392726898193,0.3273094892501831,0.125,False,2
C3_0_90k,search,256,4,8,it0199,0.5128158926963806,0.5684139728546143,0.11764705882352941,False,2
C3_0_90k,search,512,8,8,it0000,0.6896126866340637,0.7119640111923218,0.043478260869565216,False,1
C3_0_90k,search,512,8,8,it0001,0.5593768954277039,0.39069944620132446,0.1111111111111111,False,6
C3_0_90k,search,512,8,8,it0002,0.3092948794364929,0.37685179710388184,0.06666666666666667,False,3
C3_0_90k,search,512,8,8,it0003,0.5492886900901794,0.45809417963027954,0.06666666666666667,False,6
C3_0_90k,search,512,8,8,it0004,0.7061262130737305,0.4716881215572357,0.125,False,2
C3_0_90k,search,512,8,8,it0005,0.454581081867218,0.4914131760597229,0.0,False,0
C3_0_90k,search,512,8,8,it0006,0.4609610438346863,0.43459588289260864,0.0,False,3
C3_0_90k,search,512,8,8,it0007,0.38648656010627747,0.4783536195755005,0.11363636363636363,False,0
C3_0_90k,search,512,8,8,it0008,0.33042407035827637,0.40748873353004456,0.09523809523809523,False,2
C3_0_90k,search,512,8,8,it0009,0.6261601448059082,0.6146624088287354,0.0,False,3
C3_0_90k,search,512,8,8,it0010,0.49325844645500183,0.6072500348091125,0.1111111111111111,False,2
C3_0_90k,search,512,8,8,it0011,0.5514700412750244,0.6795831918716431,0.0,False,2
C3_0_90k,search,512,8,8,it0012,0.5593106150627136,0.5362018942832947,0.27586206896551724,False,5
C3_0_90k,search,512,8,8,it0013,0.4983564019203186,0.5996258854866028,0.0,False,3
C3_0_90k,search,512,8,8,it0014,0.6566053032875061,0.5478088855743408,0.0,False,0
C3_0_90k,search,512,8,8,it0015,0.55472731590271,0.5755057334899902,0.0,False,7
C3_0_90k,search,512,8,8,it0016,0.694767415523529,0.6133242845535278,0.029411764705882353,False,2
C3_0_90k,search,512,8,8,it0017,0.5477932691574097,0.47698843479156494,0.06666666666666667,False,6
C3_0_90k,search,512,8,8,it0018,0.599320113658905,0.6572272777557373,0.17647058823529413,False,6
C3_0_90k,search,512,8,8,it0019,0.7236137390136719,0.6405172944068909,0.15217391304347827,False,4
C3_0_90k,search,512,8,8,it0020,0.5788078308105469,0.3722080588340759,0.46153846153846156,False,7
C3_0_90k,search,512,8,8,it0021,0.5782685875892639,0.5625509023666382,0.0,False,4
C3_0_90k,search,512,8,8,it0022,0.49163609743118286,0.5149394869804382,0.375,False,2
C3_0_90k,search,512,8,8,it0023,0.7181639671325684,0.6451804637908936,0.1111111111111111,False,7
C3_0_90k,search,512,8,8,it0024,0.6292630434036255,0.5715108513832092,0.14285714285714285,False,4
C3_0_90k,search,512,8,8,it0025,0.6874943971633911,0.6918465495109558,0.0,False,3
C3_0_90k,search,512,8,8,it0026,0.488077312707901,0.41901931166648865,0.4375,False,3
C3_0_90k,search,512,8,8,it0027,0.6750227212905884,0.6667052507400513,0.0,False,0
C3_0_90k,search,512,8,8,it0028,0.5352129936218262,0.6070221662521362,0.21428571428571427,False,3
C3_0_90k,search,512,8,8,it0029,0.22878313064575195,0.4849580228328705,0.0,False,0
C3_0_90k,search,512,8,8,it0030,0.5344931483268738,0.5281766653060913,0.0,False,4
C3_0_90k,search,512,8,8,it0031,0.36933434009552,0.36913278698921204,0.16666666666666666,False,3
C3_0_90k,search,512,8,8,it0032,0.7346417903900146,0.665831983089447,0.14814814814814814,False,5
C3_0_90k,search,512,8,8,it0033,0.35762134194374084,0.3414837121963501,0.15384615384615385,False,0
C3_0_90k,search,512,8,8,it0034,0.6120808720588684,0.638719916343689,0.03333333333333333,False,1
C3_0_90k,search,512,8,8,it0035,0.28963905572891235,0.301072359085083,0.15384615384615385,False,0
C3_0_90k,search,512,8,8,it0036,0.5709021091461182,0.588749885559082,0.0,False,1
C3_0_90k,search,512,8,8,it0037,0.5332506895065308,0.5602390170097351,0.0,False,6
C3_0_90k,search,512,8,8,it0038,0.35921669006347656,0.2383481115102768,0.0,False,3
C3_0_90k,search,512,8,8,it0039,0.6152243614196777,0.5702411532402039,0.04878048780487805,False,2
C3_0_90k,search,512,8,8,it0040,0.44376301765441895,0.41641300916671753,0.0,False,6
C3_0_90k,search,512,8,8,it0041,0.6548913717269897,0.5276029109954834,0.09090909090909091,False,0
C3_0_90k,search,512,8,8,it0042,0.5655551552772522,0.5436100959777832,0.18518518518518517,False,7
C3_0_90k,search,512,8,8,it0043,0.2816449701786041,0.3955256938934326,0.038461538461538464,False,4
C3_0_90k,search,512,8,8,it0044,0.5452857613563538,0.6420783996582031,0.08,False,3
C3_0_90k,search,512,8,8,it0045,0.333843857049942,0.44138792157173157,0.16666666666666666,False,1
C3_0_90k,search,512,8,8,it0046,0.4570503234863281,0.4400211274623871,0.0,False,2
C3_0_90k,search,512,8,8,it0047,0.3333813548088074,0.4987024664878845,0.5,False,6
C3_0_90k,search,512,8,8,it0048,0.5109269618988037,0.5559374690055847,0.0625,False,7
C3_0_90k,search,512,8,8,it0049,0.2904946804046631,0.5794013142585754,0.09090909090909091,False,5
C3_0_90k,search,512,8,8,it0050,0.3160819113254547,0.13614673912525177,0.045454545454545456,False,6
C3_0_90k,search,512,8,8,it0051,0.289878785610199,0.5499390959739685,0.0,False,5
C3_0_90k,search,512,8,8,it0052,0.43255412578582764,0.5416275262832642,0.06666666666666667,False,0
C3_0_90k,search,512,8,8,it0053,0.5508865714073181,0.5838010311126709,0.13513513513513514,False,6
C3_0_90k,search,512,8,8,it0054,0.47778335213661194,0.4816843867301941,0.0,False,2
C3_0_90k,search,512,8,8,it0055,0.6014319062232971,0.5780304670333862,0.0,False,0
C3_0_90k,search,512,8,8,it0056,0.46981194615364075,0.4239521622657776,0.15,False,0
C3_0_90k,search,512,8,8,it0057,0.5277222394943237,0.4495559632778168,0.17647058823529413,False,3
C3_0_90k,search,512,8,8,it0058,0.538452684879303,0.5694893002510071,0.0,False,7
C3_0_90k,search,512,8,8,it0059,0.6271800994873047,0.6811202764511108,0.07142857142857142,False,3
C3_0_90k,search,512,8,8,it0060,0.5418335199356079,0.5579070448875427,0.11764705882352941,False,2
C3_0_90k,search,512,8,8,it0061,0.5786361694335938,0.701302707195282,0.0,False,1
C3_0_90k,search,512,8,8,it0062,0.6024444103240967,0.6106188297271729,0.0,False,6
C3_0_90k,search,512,8,8,it0063,0.3868793249130249,0.364906370639801,0.034482758620689655,False,4
C3_0_90k,search,512,8,8,it0064,0.5163434147834778,0.5293582677841187,0.05555555555555555,False,0
C3_0_90k,search,512,8,8,it0065,0.7131011486053467,0.7425923943519592,0.0,False,6
C3_0_90k,search,512,8,8,it0066,0.4446634352207184,0.5260502099990845,0.14285714285714285,False,4
C3_0_90k,search,512,8,8,it0067,0.38959449529647827,0.3859030306339264,0.05555555555555555,False,1
C3_0_90k,search,512,8,8,it0068,0.6841213703155518,0.6516883373260498,0.0,False,0
C3_0_90k,search,512,8,8,it0069,0.5765514373779297,0.5441080331802368,0.045454545454545456,False,1
C3_0_90k,search,512,8,8,it0070,0.5047913193702698,0.5979300141334534,0.0,False,7
C3_0_90k,search,512,8,8,it0071,0.5305036902427673,0.4981158971786499,0.07142857142857142,False,2
C3_0_90k,search,512,8,8,it0072,0.5218507647514343,0.5855333805084229,0.0,False,7
C3_0_90k,search,512,8,8,it0073,0.3120669722557068,0.3964041471481323,0.3793103448275862,False,7
C3_0_90k,search,512,8,8,it0074,0.4436105489730835,0.4282366633415222,0.06666666666666667,False,4
C3_0_90k,search,512,8,8,it0075,0.31909555196762085,0.4910021722316742,0.043478260869565216,False,3
C3_0_90k,search,512,8,8,it0076,0.660813570022583,0.4939228296279907,0.13043478260869565,False,2
C3_0_90k,search,512,8,8,it0077,0.4900689125061035,0.5955251455307007,0.08333333333333333,False,2
C3_0_90k,search,512,8,8,it0078,0.47298359870910645,0.4104800522327423,0.2857142857142857,False,5
C3_0_90k,search,512,8,8,it0079,0.6451559066772461,0.6870126128196716,0.0,False,4
C3_0_90k,search,512,8,8,it0080,0.48701754212379456,0.3613022267818451,0.36585365853658536,False,0
C3_0_90k,search,512,8,8,it0081,0.6505434513092041,0.6012884378433228,0.0,False,6
C3_0_90k,search,512,8,8,it0082,0.5367551445960999,0.5860205292701721,0.11764705882352941,False,7
C3_0_90k,search,512,8,8,it0083,0.6455090045928955,0.5375424027442932,0.0,False,4
C3_0_90k,search,512,8,8,it0084,0.7051048278808594,0.6772742867469788,0.022222222222222223,False,3
C3_0_90k,search,512,8,8,it0085,0.6076547503471375,0.4980285167694092,0.0,False,2
C3_0_90k,search,512,8,8,it0086,0.5691318511962891,0.6829882860183716,0.0,False,4
C3_0_90k,search,512,8,8,it0087,0.5696075558662415,0.7108538746833801,0.375,False,5
C3_0_90k,search,512,8,8,it0088,0.5305099487304688,0.5292540788650513,0.047619047619047616,False,5
C3_0_90k,search,512,8,8,it0089,0.5750850439071655,0.39300745725631714,0.041666666666666664,False,6
C3_0_90k,search,512,8,8,it0090,0.5833907723426819,0.6228244304656982,0.058823529411764705,False,3
C3_0_90k,search,512,8,8,it0091,0.5896597504615784,0.6234152317047119,0.16129032258064516,False,4
C3_0_90k,search,512,8,8,it0092,0.6281986236572266,0.5537278056144714,0.0,False,6
C3_0_90k,search,512,8,8,it0093,0.5766135454177856,0.5733833312988281,0.0,False,4
C3_0_90k,search,512,8,8,it0094,0.5910713076591492,0.6140838861465454,0.0,False,3
C3_0_90k,search,512,8,8,it0095,0.6432297825813293,0.738318920135498,0.09523809523809523,False,5
C3_0_90k,search,512,8,8,it0096,0.575192928314209,0.5588706135749817,0.13636363636363635,False,0
C3_0_90k,search,512,8,8,it0097,0.7146112322807312,0.7189966440200806,0.0,False,6
C3_0_90k,search,512,8,8,it0098,0.6354576945304871,0.5753059387207031,0.1111111111111111,False,7
C3_0_90k,search,512,8,8,it0099,0.43199917674064636,0.32240915298461914,0.0,False,1
C3_0_90k,search,512,8,8,it0100,0.6615228056907654,0.7291396260261536,0.15384615384615385,False,1
C3_0_90k,search,512,8,8,it0101,0.4548088610172272,0.4843139350414276,0.0,False,2
C3_0_90k,search,512,8,8,it0102,0.2936142086982727,0.5010008215904236,0.07692307692307693,False,7
C3_0_90k,search,512,8,8,it0103,0.3881520926952362,0.5087630152702332,0.2727272727272727,False,3
C3_0_90k,search,512,8,8,it0104,0.604274332523346,0.6377074122428894,0.0,False,7
C3_0_90k,search,512,8,8,it0105,0.4906279444694519,0.7014060616493225,0.11428571428571428,False,7
C3_0_90k,search,512,8,8,it0106,0.49940791726112366,0.5136686563491821,0.25,False,7
C3_0_90k,search,512,8,8,it0107,0.6220604181289673,0.5760526657104492,0.0,False,1
C3_0_90k,search,512,8,8,it0108,0.6069243550300598,0.5710694193840027,0.125,False,4
C3_0_90k,search,512,8,8,it0109,0.4822786748409271,0.45589858293533325,0.15789473684210525,False,3
C3_0_90k,search,512,8,8,it0110,0.21537555754184723,0.351542592048645,0.1,False,6
C3_0_90k,search,512,8,8,it0111,0.5706348419189453,0.5000036358833313,0.15151515151515152,False,0
C3_0_90k,search,512,8,8,it0112,0.6635648012161255,0.6354163289070129,0.0,False,3
C3_0_90k,search,512,8,8,it0113,0.6158081293106079,0.6069735288619995,0.045454545454545456,False,2
C3_0_90k,search,512,8,8,it0114,0.6271547675132751,0.6416318416595459,0.1111111111111111,False,2
C3_0_90k,search,512,8,8,it0115,0.45891493558883667,0.4122105538845062,0.07142857142857142,False,5
C3_0_90k,search,512,8,8,it0116,0.569018542766571,0.5289939641952515,0.23529411764705882,False,7
C3_0_90k,search,512,8,8,it0117,0.51639324426651,0.6384067535400391,0.0,False,1
C3_0_90k,search,512,8,8,it0118,0.6921093463897705,0.643427848815918,0.057692307692307696,False,6
C3_0_90k,search,512,8,8,it0119,0.5084073543548584,0.525813102722168,0.14285714285714285,False,1
C3_0_90k,search,512,8,8,it0120,0.6444927453994751,0.6476407647132874,0.0,False,5
C3_0_90k,search,512,8,8,it0121,0.5813230276107788,0.4951058328151703,0.15,False,5
C3_0_90k,search,512,8,8,it0122,0.41853031516075134,0.4383125901222229,0.09090909090909091,False,1
C3_0_90k,search,512,8,8,it0123,0.45979437232017517,0.6605897545814514,0.0,False,2
C3_0_90k,search,512,8,8,it0124,0.7126538157463074,0.5839375257492065,0.030303030303030304,False,0
C3_0_90k,search,512,8,8,it0125,0.5921056270599365,0.5127377510070801,0.02564102564102564,False,3
C3_0_90k,search,512,8,8,it0126,0.49446219205856323,0.5513637065887451,0.0,False,4
C3_0_90k,search,512,8,8,it0127,0.3495965600013733,0.3808920085430145,0.0,False,5
C3_0_90k,search,512,8,8,it0128,0.45316946506500244,0.4884607791900635,0.1,False,0
C3_0_90k,search,512,8,8,it0129,0.42951494455337524,0.47457805275917053,0.0,False,4
C3_0_90k,search,512,8,8,it0130,0.4639318883419037,0.5871692895889282,0.1,False,2
C3_0_90k,search,512,8,8,it0131,0.5055539608001709,0.5947967767715454,0.0967741935483871,False,5
C3_0_90k,search,512,8,8,it0132,0.5633677244186401,0.4264920949935913,0.0,False,3
C3_0_90k,search,512,8,8,it0133,0.6437149047851562,0.7045442461967468,0.0,False,2
C3_0_90k,search,512,8,8,it0134,0.4363580346107483,0.45814037322998047,0.02631578947368421,False,7
C3_0_90k,search,512,8,8,it0135,0.6149919033050537,0.6855772137641907,0.15384615384615385,False,2
C3_0_90k,search,512,8,8,it0136,0.5149737596511841,0.6316425800323486,0.0,False,6
C3_0_90k,search,512,8,8,it0137,0.43851959705352783,0.5028828978538513,0.16666666666666666,False,0
C3_0_90k,search,512,8,8,it0138,0.6422674655914307,0.6510844230651855,0.1111111111111111,False,7
C3_0_90k,search,512,8,8,it0139,0.6743161678314209,0.7000067234039307,0.0,False,3
C3_0_90k,search,512,8,8,it0140,0.5121665000915527,0.5615774393081665,0.125,False,5
C3_0_90k,search,512,8,8,it0141,0.5693142414093018,0.7349174618721008,0.06666666666666667,False,3
C3_0_90k,search,512,8,8,it0142,0.3711264729499817,0.37219005823135376,0.08,False,5
C3_0_90k,search,512,8,8,it0143,0.4051845967769623,0.5763821601867676,0.0,False,5
C3_0_90k,search,512,8,8,it0144,0.6048091650009155,0.5116143226623535,0.03571428571428571,False,6
C3_0_90k,search,512,8,8,it0145,0.6598494052886963,0.7111639976501465,0.0,False,6
C3_0_90k,search,512,8,8,it0146,0.5957605838775635,0.5845422148704529,0.15,False,2
C3_0_90k,search,512,8,8,it0147,0.5748156905174255,0.5218071937561035,0.0,False,3
C3_0_90k,search,512,8,8,it0148,0.18580695986747742,0.2816639542579651,0.07142857142857142,False,4
C3_0_90k,search,512,8,8,it0149,0.5392987728118896,0.5095584988594055,0.14285714285714285,False,6
C3_0_90k,search,512,8,8,it0150,0.5949937701225281,0.571345329284668,0.07692307692307693,False,4
C3_0_90k,search,512,8,8,it0151,0.5518090128898621,0.5477820038795471,0.0,False,1
C3_0_90k,search,512,8,8,it0152,0.5634776949882507,0.48819828033447266,0.0,False,0
C3_0_90k,search,512,8,8,it0153,0.45600834488868713,0.496820867061615,0.09523809523809523,False,3
C3_0_90k,search,512,8,8,it0154,0.49206483364105225,0.3757236897945404,0.05263157894736842,False,6
C3_0_90k,search,512,8,8,it0155,0.321677029132843,0.39596349000930786,0.0,False,5
C3_0_90k,search,512,8,8,it0156,0.3673158586025238,0.4337106943130493,0.047619047619047616,False,2
C3_0_90k,search,512,8,8,it0157,0.5751813054084778,0.5707530379295349,0.0,False,6
C3_0_90k,search,512,8,8,it0158,0.5162057280540466,0.49583572149276733,0.3157894736842105,False,1
C3_0_90k,search,512,8,8,it0159,0.5556818842887878,0.5171290636062622,0.35714285714285715,False,6
C3_0_90k,search,512,8,8,it0160,0.6725121140480042,0.5800241827964783,0.03225806451612903,False,0
C3_0_90k,search,512,8,8,it0161,0.5456478595733643,0.5190521478652954,0.034482758620689655,False,0
C3_0_90k,search,512,8,8,it0162,0.10427569597959518,0.34702521562576294,0.18518518518518517,False,1
C3_0_90k,search,512,8,8,it0163,0.5459157824516296,0.6431592106819153,0.0,False,3
C3_0_90k,search,512,8,8,it0164,0.6237061023712158,0.42934295535087585,0.03225806451612903,False,6
C3_0_90k,search,512,8,8,it0165,0.43310514092445374,0.5602004528045654,0.0,False,0
C3_0_90k,search,512,8,8,it0166,0.6159002184867859,0.44507843255996704,0.08333333333333333,False,4
C3_0_90k,search,512,8,8,it0167,0.5091660618782043,0.626772403717041,0.0,False,3
C3_0_90k,search,512,8,8,it0168,0.45026135444641113,0.46537840366363525,0.2,False,5
C3_0_90k,search,512,8,8,it0169,0.5287364721298218,0.5468048453330994,0.15,False,4
C3_0_90k,search,512,8,8,it0170,0.5585993528366089,0.5992487668991089,0.17647058823529413,False,5
C3_0_90k,search,512,8,8,it0171,0.6751611232757568,0.6488239765167236,0.0,False,7
C3_0_90k,search,512,8,8,it0172,0.4989786744117737,0.6212124824523926,0.0,False,3
C3_0_90k,search,512,8,8,it0173,0.7174793481826782,0.7370729446411133,0.0,False,1
C3_0_90k,search,512,8,8,it0174,0.5245886445045471,0.44541776180267334,0.0,False,0
C3_0_90k,search,512,8,8,it0175,0.19347530603408813,0.2843489348888397,0.13333333333333333,False,0
C3_0_90k,search,512,8,8,it0176,0.5380867719650269,0.6022557616233826,0.0,False,1
C3_0_90k,search,512,8,8,it0177,0.5135753750801086,0.5007160902023315,0.05263157894736842,False,6
C3_0_90k,search,512,8,8,it0178,0.42973631620407104,0.3590922951698303,0.29411764705882354,False,0
C3_0_90k,search,512,8,8,it0179,0.5811440944671631,0.6988669633865356,0.03225806451612903,False,0
C3_0_90k,search,512,8,8,it0180,0.5013887882232666,0.6812504529953003,0.0,False,0
C3_0_90k,search,512,8,8,it0181,0.618684709072113,0.6846625208854675,0.0,False,2
C3_0_90k,search,512,8,8,it0182,0.5994102358818054,0.5568044185638428,0.36,False,1
C3_0_90k,search,512,8,8,it0183,0.6468316912651062,0.5997793674468994,0.0,False,5
C3_0_90k,search,512,8,8,it0184,0.3618607223033905,0.48163124918937683,0.2,False,7
C3_0_90k,search,512,8,8,it0185,0.44786307215690613,0.5559077858924866,0.06451612903225806,False,0
C3_0_90k,search,512,8,8,it0186,0.6226650476455688,0.6462783813476562,0.0,False,6
C3_0_90k,search,512,8,8,it0187,0.5338339805603027,0.5852164626121521,0.0625,False,1
C3_0_90k,search,512,8,8,it0188,0.609207272529602,0.5852736830711365,0.0,False,2
C3_0_90k,search,512,8,8,it0189,0.4092599153518677,0.3884918689727783,0.0,False,2
C3_0_90k,search,512,8,8,it0190,0.4701937437057495,0.6417423486709595,0.0,False,6
C3_0_90k,search,512,8,8,it0191,0.5721795558929443,0.5317791700363159,0.0,False,6
C3_0_90k,search,512,8,8,it0192,0.5247254371643066,0.6219284534454346,0.037037037037037035,False,0
C3_0_90k,search,512,8,8,it0193,0.3277314305305481,0.26983505487442017,0.1875,False,7
C3_0_90k,search,512,8,8,it0194,0.7245908975601196,0.6981351375579834,0.047619047619047616,False,2
C3_0_90k,search,512,8,8,it0195,0.6696227788925171,0.6592185497283936,0.038461538461538464,False,2
C3_0_90k,search,512,8,8,it0196,0.41231560707092285,0.527733564376831,0.14285714285714285,False,2
C3_0_90k,search,512,8,8,it0197,0.40957608819007874,0.49015384912490845,0.0,False,6
C3_0_90k,search,512,8,8,it0198,0.23121392726898193,0.3273094892501831,0.125,False,2
C3_0_90k,search,512,8,8,it0199,0.5128158926963806,0.5684139728546143,0.11764705882352941,False,2
C3_0_90k,refine,128,1,16,it0000,0.6454439163208008,0.6459412574768066,0.021739130434782608,False,0
C3_0_90k,refine,128,1,16,it0001,0.49227190017700195,0.3476254940032959,0.0,False,0
C3_0_90k,refine,128,1,16,it0002,0.3212413191795349,0.3821962773799896,0.06666666666666667,False,0
C3_0_90k,refine,128,1,16,it0003,0.5196136832237244,0.3692808747291565,0.13333333333333333,False,0
C3_0_90k,refine,128,1,16,it0004,0.6142373085021973,0.46266257762908936,0.125,False,0
C3_0_90k,refine,128,1,16,it0005,0.4645245671272278,0.38767755031585693,0.0,False,0
C3_0_90k,refine,128,1,16,it0006,0.4505457282066345,0.38274163007736206,0.05555555555555555,False,0
C3_0_90k,refine,128,1,16,it0007,0.36504611372947693,0.3654341399669647,0.06818181818181818,False,0
C3_0_90k,refine,128,1,16,it0008,0.44828587770462036,0.26806268095970154,0.19047619047619047,False,0
C3_0_90k,refine,128,1,16,it0009,0.57065349817276,0.6122086644172668,0.0,False,0
C3_0_90k,refine,128,1,16,it0010,0.5098777413368225,0.5579911470413208,0.05555555555555555,False,0
C3_0_90k,refine,128,1,16,it0011,0.5858531594276428,0.6317899227142334,0.0,False,0
C3_0_90k,refine,128,1,16,it0012,0.5271967649459839,0.3959433436393738,0.06896551724137931,False,0
C3_0_90k,refine,128,1,16,it0013,0.5333418250083923,0.6234448552131653,0.0,False,0
C3_0_90k,refine,128,1,16,it0014,0.6501498818397522,0.49303823709487915,0.0,False,0
C3_0_90k,refine,128,1,16,it0015,0.5325157642364502,0.5347419381141663,0.0,False,0
C3_0_90k,refine,128,1,16,it0016,0.5917559862136841,0.501198410987854,0.14705882352941177,False,0
C3_0_90k,refine,128,1,16,it0017,0.5140953660011292,0.25446534156799316,0.06666666666666667,False,0
C3_0_90k,refine,128,1,16,it0018,0.6076111793518066,0.6665555238723755,0.029411764705882353,False,0
C3_0_90k,refine,128,1,16,it0019,0.6701022982597351,0.6071773767471313,0.043478260869565216,False,0
C3_0_90k,refine,128,1,16,it0020,0.393866628408432,0.24597403407096863,0.38461538461538464,False,0
C3_0_90k,refine,128,1,16,it0021,0.5470657348632812,0.45753106474876404,0.030303030303030304,False,0
C3_0_90k,refine,128,1,16,it0022,0.43635278940200806,0.4745957553386688,0.175,False,0
C3_0_90k,refine,128,1,16,it0023,0.6871813535690308,0.5618898272514343,0.2222222222222222,False,0
C3_0_90k,refine,128,1,16,it0024,0.6153891086578369,0.4877315163612366,0.21428571428571427,False,0
C3_0_90k,refine,128,1,16,it0025,0.6041499972343445,0.6333246827125549,0.0,False,0
C3_0_90k,refine,128,1,16,it0026,0.2889336347579956,0.33836662769317627,0.125,False,0
C3_0_90k,refine,128,1,16,it0027,0.7238074541091919,0.7004958391189575,0.0,False,0
C3_0_90k,refine,128,1,16,it0028,0.5190553665161133,0.5224724411964417,0.07142857142857142,False,0
C3_0_90k,refine,128,1,16,it0029,0.2971315383911133,0.37585264444351196,0.0,False,0
C3_0_90k,refine,128,1,16,it0030,0.495206356048584,0.4928157329559326,0.0,False,0
C3_0_90k,refine,128,1,16,it0031,0.4841046631336212,0.3895445466041565,0.0,False,0
C3_0_90k,refine,128,1,16,it0032,0.7149461507797241,0.6661989688873291,0.037037037037037035,False,0
C3_0_90k,refine,128,1,16,it0033,0.3765866756439209,0.2353392094373703,0.0,False,0
C3_0_90k,refine,128,1,16,it0034,0.658376932144165,0.5782134532928467,0.13333333333333333,False,0
C3_0_90k,refine,128,1,16,it0035,0.2962844967842102,0.2007177770137787,0.07692307692307693,False,0
C3_0_90k,refine,128,1,16,it0036,0.604546070098877,0.5346202254295349,0.0,False,0
C3_0_90k,refine,128,1,16,it0037,0.5789732933044434,0.5101073384284973,0.0,False,0
C3_0_90k,refine,128,1,16,it0038,0.2896612286567688,0.14704392850399017,0.0,False,0
C3_0_90k,refine,128,1,16,it0039,0.5759153366088867,0.5940913558006287,0.04878048780487805,False,0
C3_0_90k,refine,128,1,16,it0040,0.5052374601364136,0.3966539204120636,0.0,False,0
C3_0_90k,refine,128,1,16,it0041,0.6868930459022522,0.4970968961715698,0.0,False,0
C3_0_90k,refine,128,1,16,it0042,0.5500288009643555,0.4883904457092285,0.14814814814814814,False,0
C3_0_90k,refine,128,1,16,it0043,0.19510605931282043,0.16341345012187958,0.0,False,0
C3_0_90k,refine,128,1,16,it0044,0.5945366621017456,0.6590743064880371,0.28,False,0
C3_0_90k,refine,128,1,16,it0045,0.3084098696708679,0.4303840100765228,0.06666666666666667,False,0
C3_0_90k,refine,128,1,16,it0046,0.45593076944351196,0.4042767286300659,0.0,False,0
C3_0_90k,refine,128,1,16,it0047,0.24852456152439117,0.466496080160141,0.35,False,0
C3_0_90k,refine,128,1,16,it0048,0.4016464054584503,0.4123857021331787,0.1875,False,0
C3_0_90k,refine,128,1,16,it0049,0.14805838465690613,0.434928834438324,0.09090909090909091,False,0
C3_0_90k,refine,128,1,16,it0050,0.18193501234054565,0.051577672362327576,0.3181818181818182,False,0
C3_0_90k,refine,128,1,16,it0051,0.22961172461509705,0.5341442227363586,0.0,False,0
C3_0_90k,refine,128,1,16,it0052,0.33371245861053467,0.4349973797798157,0.0,False,0
C3_0_90k,refine,128,1,16,it0053,0.477011501789093,0.5300571918487549,0.08108108108108109,False,0
C3_0_90k,refine,128,1,16,it0054,0.48906224966049194,0.42883509397506714,0.0,False,0
C3_0_90k,refine,128,1,16,it0055,0.5626109838485718,0.5666488409042358,0.07692307692307693,False,0
C3_0_90k,refine,128,1,16,it0056,0.5086976289749146,0.39354124665260315,0.05,False,0
C3_0_90k,refine,128,1,16,it0057,0.5698826909065247,0.38707372546195984,0.11764705882352941,False,0
C3_0_90k,refine,128,1,16,it0058,0.453780859708786,0.4549092650413513,0.0,False,0
C3_0_90k,refine,128,1,16,it0059,0.6643193960189819,0.6228240728378296,0.03571428571428571,False,0
C3_0_90k,refine,128,1,16,it0060,0.4374981224536896,0.38841596245765686,0.23529411764705882,False,0
C3_0_90k,refine,128,1,16,it0061,0.6152026057243347,0.6709606051445007,0.0,False,0
C3_0_90k,refine,128,1,16,it0062,0.5293389558792114,0.5196375250816345,0.0,False,0
C3_0_90k,refine,128,1,16,it0063,0.46487006545066833,0.3455643355846405,0.06896551724137931,False,0
C3_0_90k,refine,128,1,16,it0064,0.3594472408294678,0.5302728414535522,0.0,False,0
C3_0_90k,refine,128,1,16,it0065,0.692148745059967,0.6401092410087585,0.05128205128205128,False,0
C3_0_90k,refine,128,1,16,it0066,0.4056423008441925,0.4907950162887573,0.19047619047619047,False,0
C3_0_90k,refine,128,1,16,it0067,0.3188510239124298,0.18873347342014313,0.05555555555555555,False,0
C3_0_90k,refine,128,1,16,it0068,0.6867196559906006,0.6510595679283142,0.0,False,0
C3_0_90k,refine,128,1,16,it0069,0.5742818117141724,0.4864073097705841,0.09090909090909091,False,0
C3_0_90k,refine,128,1,16,it0070,0.47203755378723145,0.4871456027030945,0.0,False,0
C3_0_90k,refine,128,1,16,it0071,0.5258809328079224,0.46747928857803345,0.03571428571428571,False,0
C3_0_90k,refine,128,1,16,it0072,0.5045605897903442,0.5552862882614136,0.0,False,0
C3_0_90k,refine,128,1,16,it0073,0.14901840686798096,0.20863497257232666,0.2413793103448276,False,0
C3_0_90k,refine,128,1,16,it0074,0.3665372133255005,0.32587873935699463,0.0,False,0
C3_0_90k,refine,128,1,16,it0075,0.23592229187488556,0.42714670300483704,0.0,False,0
C3_0_90k,refine,128,1,16,it0076,0.6461805701255798,0.44620561599731445,0.21739130434782608,False,0
C3_0_90k,refine,128,1,16,it0077,0.4750470519065857,0.5057202577590942,0.0,False,0
C3_0_90k,refine,128,1,16,it0078,0.39051923155784607,0.4234939217567444,0.09523809523809523,False,0
C3_0_90k,refine,128,1,16,it0079,0.6850443482398987,0.7139108180999756,0.0,False,0
C3_0_90k,refine,128,1,16,it0080,0.4020468592643738,0.26412490010261536,0.1951219512195122,False,0
C3_0_90k,refine,128,1,16,it0081,0.5799642205238342,0.49643248319625854,0.07142857142857142,False,0
C3_0_90k,refine,128,1,16,it0082,0.45854413509368896,0.5373414158821106,0.11764705882352941,False,0
C3_0_90k,refine,128,1,16,it0083,0.676794707775116,0.4982706308364868,0.0,False,0
C3_0_90k,refine,128,1,16,it0084,0.6098471879959106,0.5937848687171936,0.0,False,0
C3_0_90k,refine,128,1,16,it0085,0.6267073750495911,0.42382535338401794,0.0,False,0
C3_0_90k,refine,128,1,16,it0086,0.6051413416862488,0.5193451642990112,0.0,False,0
C3_0_90k,refine,128,1,16,it0087,0.6046245098114014,0.6512048244476318,0.1875,False,0
C3_0_90k,refine,128,1,16,it0088,0.38154590129852295,0.4334445297718048,0.047619047619047616,False,0
C3_0_90k,refine,128,1,16,it0089,0.4422416687011719,0.30277302861213684,0.0,False,0
C3_0_90k,refine,128,1,16,it0090,0.6416477560997009,0.61769038438797,0.11764705882352941,False,0
C3_0_90k,refine,128,1,16,it0091,0.5261868238449097,0.49904578924179077,0.03225806451612903,False,0
C3_0_90k,refine,128,1,16,it0092,0.6030809879302979,0.5966848731040955,0.0,False,0
C3_0_90k,refine,128,1,16,it0093,0.44390159845352173,0.4638236463069916,0.0,False,0
C3_0_90k,refine,128,1,16,it0094,0.4265998601913452,0.3241439461708069,0.0,False,0
C3_0_90k,refine,128,1,16,it0095,0.5769402384757996,0.637933075428009,0.047619047619047616,False,0
C3_0_90k,refine,128,1,16,it0096,0.5273650884628296,0.5426152348518372,0.09090909090909091,False,0
C3_0_90k,refine,128,1,16,it0097,0.6820127964019775,0.6194167137145996,0.0,False,0
C3_0_90k,refine,128,1,16,it0098,0.6183119416236877,0.5170493721961975,0.037037037037037035,False,0
C3_0_90k,refine,128,1,16,it0099,0.3157189190387726,0.2640860974788666,0.0,False,0
C3_0_90k,refine,128,1,16,it0100,0.6877368688583374,0.6618204712867737,0.0,False,0
C3_0_90k,refine,128,1,16,it0101,0.4505388140678406,0.40093860030174255,0.13157894736842105,False,0
C3_0_90k,refine,128,1,16,it0102,0.40928739309310913,0.44703584909439087,0.0,False,0
C3_0_90k,refine,128,1,16,it0103,0.36678895354270935,0.4288903772830963,0.0,False,0
C3_0_90k,refine,128,1,16,it0104,0.5960736870765686,0.6441696286201477,0.0,False,0
C3_0_90k,refine,128,1,16,it0105,0.44261276721954346,0.6650390625,0.11428571428571428,False,0
C3_0_90k,refine,128,1,16,it0106,0.5127999186515808,0.4848559498786926,0.041666666666666664,False,0
C3_0_90k,refine,128,1,16,it0107,0.6228182315826416,0.4649340510368347,0.17391304347826086,False,0
C3_0_90k,refine,128,1,16,it0108,0.45582714676856995,0.437717080116272,0.125,False,0
C3_0_90k,refine,128,1,16,it0109,0.40634602308273315,0.4253515899181366,0.0,False,0
C3_0_90k,refine,128,1,16,it0110,0.21138758957386017,0.39961910247802734,0.0,False,0
C3_0_90k,refine,128,1,16,it0111,0.5829460620880127,0.47582849860191345,0.21212121212121213,False,0
C3_0_90k,refine,128,1,16,it0112,0.6249962449073792,0.5296371579170227,0.0,False,0
C3_0_90k,refine,128,1,16,it0113,0.568493127822876,0.5335447788238525,0.022727272727272728,False,0
C3_0_90k,refine,128,1,16,it0114,0.45739519596099854,0.341457724571228,0.1111111111111111,False,0
C3_0_90k,refine,128,1,16,it0115,0.4520014226436615,0.43339622020721436,0.0,False,0
C3_0_90k,refine,128,1,16,it0116,0.6622006893157959,0.4646840989589691,0.058823529411764705,False,0
C3_0_90k,refine,128,1,16,it0117,0.4986550211906433,0.6227024793624878,0.0,False,0
C3_0_90k,refine,128,1,16,it0118,0.6234107613563538,0.5613687038421631,0.07692307692307693,False,0
C3_0_90k,refine,128,1,16,it0119,0.5888878703117371,0.5655097365379333,0.14285714285714285,False,0
C3_0_90k,refine,128,1,16,it0120,0.6847112774848938,0.5107089281082153,0.0,False,0
C3_0_90k,refine,128,1,16,it0121,0.5007749795913696,0.36882394552230835,0.05,False,0
C3_0_90k,refine,128,1,16,it0122,0.42980408668518066,0.43011903762817383,0.09090909090909091,False,0
C3_0_90k,refine,128,1,16,it0123,0.48760566115379333,0.6214277744293213,0.058823529411764705,False,0
C3_0_90k,refine,128,1,16,it0124,0.6529780626296997,0.5550940036773682,0.06060606060606061,False,0
C3_0_90k,refine,128,1,16,it0125,0.5418718457221985,0.4889516234397888,0.05128205128205128,False,0
C3_0_90k,refine,128,1,16,it0126,0.49545714259147644,0.501935601234436,0.0,False,0
C3_0_90k,refine,128,1,16,it0127,0.4334436058998108,0.31508776545524597,0.058823529411764705,False,0
C3_0_90k,refine,128,1,16,it0128,0.41941940784454346,0.4417858123779297,0.0,False,0
C3_0_90k,refine,128,1,16,it0129,0.39079686999320984,0.3749275207519531,0.0,False,0
C3_0_90k,refine,128,1,16,it0130,0.4704509973526001,0.4172985553741455,0.0,False,0
C3_0_90k,refine,128,1,16,it0131,0.43366873264312744,0.510468065738678,0.12903225806451613,False,0
C3_0_90k,refine,128,1,16,it0132,0.4772178530693054,0.3752259612083435,0.0,False,0
C3_0_90k,refine,128,1,16,it0133,0.6159189939498901,0.7209823727607727,0.0,False,0
C3_0_90k,refine,128,1,16,it0134,0.4672662019729614,0.24409951269626617,0.0,False,0
C3_0_90k,refine,128,1,16,it0135,0.5494453310966492,0.5951613783836365,0.05128205128205128,False,0
C3_0_90k,refine,128,1,16,it0136,0.5577829480171204,0.618378221988678,0.0,False,0
C3_0_90k,refine,128,1,16,it0137,0.46182921528816223,0.4326055645942688,0.0,False,0
C3_0_90k,refine,128,1,16,it0138,0.6186660528182983,0.5525727868080139,0.3333333333333333,False,0
C3_0_90k,refine,128,1,16,it0139,0.6799278259277344,0.6633419990539551,0.0,False,0
C3_0_90k,refine,128,1,16,it0140,0.49116459488868713,0.413447767496109,0.041666666666666664,False,0
C3_0_90k,refine,128,1,16,it0141,0.5551866292953491,0.7294966578483582,0.1,False,0
C3_0_90k,refine,128,1,16,it0142,0.3698529601097107,0.27941587567329407,0.0,False,0
C3_0_90k,refine,128,1,16,it0143,0.31819847226142883,0.45712339878082275,0.0,False,0
C3_0_90k,refine,128,1,16,it0144,0.6258840560913086,0.44681316614151,0.07142857142857142,False,0
C3_0_90k,refine,128,1,16,it0145,0.6049436330795288,0.6927552819252014,0.0,False,0
C3_0_90k,refine,128,1,16,it0146,0.5745558142662048,0.5050872564315796,0.0,False,0
C3_0_90k,refine,128,1,16,it0147,0.42140811681747437,0.3966512084007263,0.043478260869565216,False,0
C3_0_90k,refine,128,1,16,it0148,0.21693503856658936,0.20249956846237183,0.07142857142857142,False,0
C3_0_90k,refine,128,1,16,it0149,0.5037956237792969,0.4151669144630432,0.14285714285714285,False,0
C3_0_90k,refine,128,1,16,it0150,0.4341757595539093,0.4792431592941284,0.07692307692307693,False,0
C3_0_90k,refine,128,1,16,it0151,0.48353180289268494,0.5257025957107544,0.0,False,0
C3_0_90k,refine,128,1,16,it0152,0.5573418140411377,0.47544437646865845,0.0,False,0
C3_0_90k,refine,128,1,16,it0153,0.39592698216438293,0.4357164204120636,0.11904761904761904,False,0
C3_0_90k,refine,128,1,16,it0154,0.4116934537887573,0.3185635507106781,0.05263157894736842,False,0
C3_0_90k,refine,128,1,16,it0155,0.21819905936717987,0.3740762174129486,0.0,False,0
C3_0_90k,refine,128,1,16,it0156,0.43192416429519653,0.4836605191230774,0.047619047619047616,False,0
C3_0_90k,refine,128,1,16,it0157,0.5922942757606506,0.5109953284263611,0.0,False,0
C3_0_90k,refine,128,1,16,it0158,0.39616721868515015,0.3989584147930145,0.10526315789473684,False,0
C3_0_90k,refine,128,1,16,it0159,0.46272391080856323,0.3776402473449707,0.2857142857142857,False,0
C3_0_90k,refine,128,1,16,it0160,0.5218204259872437,0.5023413300514221,0.03225806451612903,False,0
C3_0_90k,refine,128,1,16,it0161,0.40365123748779297,0.3972208797931671,0.0,False,0
C3_0_90k,refine,128,1,16,it0162,0.06029016524553299,0.29381701350212097,0.037037037037037035,False,0
C3_0_90k,refine,128,1,16,it0163,0.6045863032341003,0.46120256185531616,0.0,False,0
C3_0_90k,refine,128,1,16,it0164,0.46835172176361084,0.30060163140296936,0.0,False,0
C3_0_90k,refine,128,1,16,it0165,0.39726677536964417,0.47151780128479004,0.030303030303030304,False,0
C3_0_90k,refine,128,1,16,it0166,0.5689102411270142,0.3617303669452667,0.16666666666666666,False,0
C3_0_90k,refine,128,1,16,it0167,0.422085165977478,0.42192554473876953,0.0,False,0
C3_0_90k,refine,128,1,16,it0168,0.4225476384162903,0.4797460436820984,0.0,False,0
C3_0_90k,refine,128,1,16,it0169,0.39190635085105896,0.40992531180381775,0.1,False,0
C3_0_90k,refine,128,1,16,it0170,0.4101752042770386,0.4428665339946747,0.17647058823529413,False,0
C3_0_90k,refine,128,1,16,it0171,0.636344313621521,0.6248644590377808,0.047619047619047616,False,0
C3_0_90k,refine,128,1,16,it0172,0.41101592779159546,0.47675207257270813,0.0,False,0
C3_0_90k,refine,128,1,16,it0173,0.6653774976730347,0.6948060989379883,0.0,False,0
C3_0_90k,refine,128,1,16,it0174,0.6129814386367798,0.38386061787605286,0.0,False,0
C3_0_90k,refine,128,1,16,it0175,0.13190579414367676,0.1515912264585495,0.0,False,0
C3_0_90k,refine,128,1,16,it0176,0.5727031230926514,0.5547893643379211,0.0,False,0
C3_0_90k,refine,128,1,16,it0177,0.5016072988510132,0.4267440736293793,0.05263157894736842,False,0
C3_0_90k,refine,128,1,16,it0178,0.359399676322937,0.35168325901031494,0.0,False,0
C3_0_90k,refine,128,1,16,it0179,0.5335554480552673,0.6234813928604126,0.03225806451612903,False,0
C3_0_90k,refine,128,1,16,it0180,0.5567699670791626,0.6781607866287231,0.0,False,0
C3_0_90k,refine,128,1,16,it0181,0.6033217906951904,0.5760133862495422,0.0,False,0
C3_0_90k,refine,128,1,16,it0182,0.6382076144218445,0.5134873390197754,0.04,False,0
C3_0_90k,refine,128,1,16,it0183,0.6153765916824341,0.545601487159729,0.0,False,0
C3_0_90k,refine,128,1,16,it0184,0.34951624274253845,0.3495178520679474,0.06666666666666667,False,0
C3_0_90k,refine,128,1,16,it0185,0.45844271779060364,0.5412564277648926,0.03225806451612903,False,0
C3_0_90k,refine,128,1,16,it0186,0.5491769313812256,0.5510236024856567,0.0,False,0
C3_0_90k,refine,128,1,16,it0187,0.5443894267082214,0.5685919523239136,0.0625,False,0
C3_0_90k,refine,128,1,16,it0188,0.5445505976676941,0.5697712302207947,0.0,False,0
C3_0_90k,refine,128,1,16,it0189,0.42408376932144165,0.3094545006752014,0.0,False,0
C3_0_90k,refine,128,1,16,it0190,0.5824682116508484,0.6129137873649597,0.0,False,0
C3_0_90k,refine,128,1,16,it0191,0.5462327003479004,0.544242262840271,0.0,False,0
C3_0_90k,refine,128,1,16,it0192,0.5066539645195007,0.555929958820343,0.037037037037037035,False,0
C3_0_90k,refine,128,1,16,it0193,0.5470080971717834,0.2375458925962448,0.1875,False,0
C3_0_90k,refine,128,1,16,it0194,0.7417396306991577,0.7002475261688232,0.0,False,0
C3_0_90k,refine,128,1,16,it0195,0.6770319938659668,0.6170487403869629,0.23076923076923078,False,0
C3_0_90k,refine,128,1,16,it0196,0.46183115243911743,0.468600869178772,0.0,False,0
C3_0_90k,refine,128,1,16,it0197,0.39691102504730225,0.3001818358898163,0.0,False,0
C3_0_90k,refine,128,1,16,it0198,0.27762579917907715,0.22857938706874847,0.0,False,0
C3_0_90k,refine,128,1,16,it0199,0.5102076530456543,0.5306053161621094,0.11764705882352941,False,0
C3_0_90k,refine,256,1,32,it0000,0.724751889705658,0.6108119487762451,0.06521739130434782,False,0
C3_0_90k,refine,256,1,32,it0001,0.43409428000450134,0.3809524476528168,0.0,False,0
C3_0_90k,refine,256,1,32,it0002,0.27539873123168945,0.2534641921520233,0.06666666666666667,False,0
C3_0_90k,refine,256,1,32,it0003,0.5175345540046692,0.3704544007778168,0.2,False,0
C3_0_90k,refine,256,1,32,it0004,0.5900904536247253,0.4593702554702759,0.125,False,0
C3_0_90k,refine,256,1,32,it0005,0.39360183477401733,0.3314492702484131,0.0,False,0
C3_0_90k,refine,256,1,32,it0006,0.310722291469574,0.2726185917854309,0.05555555555555555,False,0
C3_0_90k,refine,256,1,32,it0007,0.28959834575653076,0.35680487751960754,0.022727272727272728,False,0
C3_0_90k,refine,256,1,32,it0008,0.35208940505981445,0.2370457649230957,0.09523809523809523,False,0
C3_0_90k,refine,256,1,32,it0009,0.5475691556930542,0.6184212565422058,0.0,False,0
C3_0_90k,refine,256,1,32,it0010,0.567703366279602,0.5856798887252808,0.2777777777777778,False,0
C3_0_90k,refine,256,1,32,it0011,0.5598868131637573,0.6718360185623169,0.0,False,0
C3_0_90k,refine,256,1,32,it0012,0.5693166255950928,0.5125807523727417,0.1724137931034483,False,0
C3_0_90k,refine,256,1,32,it0013,0.5370581150054932,0.62338787317276,0.0,False,0
C3_0_90k,refine,256,1,32,it0014,0.5384424924850464,0.48521578311920166,0.0,False,0
C3_0_90k,refine,256,1,32,it0015,0.4230622947216034,0.4307141602039337,0.11764705882352941,False,0
C3_0_90k,refine,256,1,32,it0016,0.6850581765174866,0.5798025131225586,0.38235294117647056,False,0
C3_0_90k,refine,256,1,32,it0017,0.43423834443092346,0.4032692015171051,0.0,False,0
C3_0_90k,refine,256,1,32,it0018,0.5431028008460999,0.5649991631507874,0.029411764705882353,False,0
C3_0_90k,refine,256,1,32,it0019,0.7026630640029907,0.5879521369934082,0.021739130434782608,False,0
C3_0_90k,refine,256,1,32,it0020,0.529805064201355,0.29412829875946045,0.38461538461538464,False,0
C3_0_90k,refine,256,1,32,it0021,0.45500171184539795,0.34525203704833984,0.030303030303030304,False,0
C3_0_90k,refine,256,1,32,it0022,0.4152625501155853,0.4007151126861572,0.225,False,0
C3_0_90k,refine,256,1,32,it0023,0.5165790915489197,0.5842690467834473,0.2777777777777778,False,0
C3_0_90k,refine,256,1,32,it0024,0.6015883684158325,0.5157482624053955,0.14285714285714285,False,0
C3_0_90k,refine,256,1,32,it0025,0.6702355146408081,0.6796342134475708,0.2,False,0
C3_0_90k,refine,256,1,32,it0026,0.34894993901252747,0.2031269371509552,0.0,False,0
C3_0_90k,refine,256,1,32,it0027,0.7007637023925781,0.6516306400299072,0.0,False,0
C3_0_90k,refine,256,1,32,it0028,0.49366575479507446,0.5551936030387878,0.09523809523809523,False,0
C3_0_90k,refine,256,1,32,it0029,0.2301240712404251,0.4487808346748352,0.0,False,0
C3_0_90k,refine,256,1,32,it0030,0.5124905109405518,0.5117167234420776,0.04,False,0
C3_0_90k,refine,256,1,32,it0031,0.4518444538116455,0.38331833481788635,0.16666666666666666,False,0
C3_0_90k,refine,256,1,32,it0032,0.5635102987289429,0.5494287610054016,0.037037037037037035,False,0
C3_0_90k,refine,256,1,32,it0033,0.43069708347320557,0.3918772339820862,0.15384615384615385,False,0
C3_0_90k,refine,256,1,32,it0034,0.6852750778198242,0.6334885358810425,0.06666666666666667,False,0
C3_0_90k,refine,256,1,32,it0035,0.3129177689552307,0.2549591362476349,0.07692307692307693,False,0
C3_0_90k,refine,256,1,32,it0036,0.5588408708572388,0.6275737285614014,0.0,False,0
C3_0_90k,refine,256,1,32,it0037,0.5494332909584045,0.5070908069610596,0.0,False,0
C3_0_90k,refine,256,1,32,it0038,0.38492366671562195,0.08773086220026016,0.0,False,0
C3_0_90k,refine,256,1,32,it0039,0.5838834047317505,0.5826182961463928,0.04878048780487805,False,0
C3_0_90k,refine,256,1,32,it0040,0.4944300353527069,0.4055759906768799,0.06666666666666667,False,0
C3_0_90k,refine,256,1,32,it0041,0.7102982401847839,0.467264860868454,0.0,False,0
C3_0_90k,refine,256,1,32,it0042,0.4001539349555969,0.42352724075317383,0.037037037037037035,False,0
C3_0_90k,refine,256,1,32,it0043,0.4014795422554016,0.31248927116394043,0.0,False,0
C3_0_90k,refine,256,1,32,it0044,0.5144664645195007,0.5184866189956665,0.12,False,0
C3_0_90k,refine,256,1,32,it0045,0.2188488394021988,0.3505782186985016,0.03333333333333333,False,0
C3_0_90k,refine,256,1,32,it0046,0.3931276500225067,0.32363495230674744,0.0,False,0
C3_0_90k,refine,256,1,32,it0047,0.23615017533302307,0.414955735206604,0.4,False,0
C3_0_90k,refine,256,1,32,it0048,0.5001044869422913,0.43035250902175903,0.0,False,0
C3_0_90k,refine,256,1,32,it0049,0.34267657995224,0.5761416554450989,0.045454545454545456,False,0
C3_0_90k,refine,256,1,32,it0050,0.15958523750305176,0.041205137968063354,0.2727272727272727,False,0
C3_0_90k,refine,256,1,32,it0051,0.2198067605495453,0.4655919373035431,0.0,False,0
C3_0_90k,refine,256,1,32,it0052,0.3392402231693268,0.5803300142288208,0.0,False,0
C3_0_90k,refine,256,1,32,it0053,0.42146992683410645,0.6131861209869385,0.1891891891891892,False,0
C3_0_90k,refine,256,1,32,it0054,0.4125765562057495,0.3739050626754761,0.0,False,0
C3_0_90k,refine,256,1,32,it0055,0.5669000148773193,0.6003276705741882,0.0,False,0
C3_0_90k,refine,256,1,32,it0056,0.48694106936454773,0.3612259328365326,0.05,False,0
C3_0_90k,refine,256,1,32,it0057,0.47605711221694946,0.4289933443069458,0.11764705882352941,False,0
C3_0_90k,refine,256,1,32,it0058,0.42440667748451233,0.4830109179019928,0.0,False,0
C3_0_90k,refine,256,1,32,it0059,0.5543281435966492,0.5391718745231628,0.03571428571428571,False,0
C3_0_90k,refine,256,1,32,it0060,0.4773094356060028,0.4260822534561157,0.0,False,0
C3_0_90k,refine,256,1,32,it0061,0.6348206996917725,0.7029706239700317,0.0,False,0
C3_0_90k,refine,256,1,32,it0062,0.6528018116950989,0.5723301768302917,0.0,False,0
C3_0_90k,refine,256,1,32,it0063,0.35250839591026306,0.31072384119033813,0.034482758620689655,False,0
C3_0_90k,refine,256,1,32,it0064,0.41923004388809204,0.48752361536026,0.0,False,0
C3_0_90k,refine,256,1,32,it0065,0.7188327312469482,0.6908605098724365,0.02564102564102564,False,0
C3_0_90k,refine,256,1,32,it0066,0.3667515218257904,0.37515926361083984,0.0,False,0
C3_0_90k,refine,256,1,32,it0067,0.19139021635055542,0.24747702479362488,0.05555555555555555,False,0
C3_0_90k,refine,256,1,32,it0068,0.692215085029602,0.6533726453781128,0.0,False,0
C3_0_90k,refine,256,1,32,it0069,0.4948405921459198,0.532419741153717,0.045454545454545456,False,0
C3_0_90k,refine,256,1,32,it0070,0.46272361278533936,0.5275492668151855,0.0,False,0
C3_0_90k,refine,256,1,32,it0071,0.5386505722999573,0.39618033170700073,0.07142857142857142,False,0
C3_0_90k,refine,256,1,32,it0072,0.4698708951473236,0.5541185140609741,0.0,False,0
C3_0_90k,refine,256,1,32,it0073,0.04082858934998512,0.01507820188999176,0.2413793103448276,False,0
C3_0_90k,refine,256,1,32,it0074,0.4559524953365326,0.39250504970550537,0.0,False,0
C3_0_90k,refine,256,1,32,it0075,0.24383804202079773,0.4537025988101959,0.0,False,0
C3_0_90k,refine,256,1,32,it0076,0.6276299953460693,0.46836817264556885,0.13043478260869565,False,0
C3_0_90k,refine,256,1,32,it0077,0.4882051348686218,0.32868850231170654,0.16666666666666666,False,0
C3_0_90k,refine,256,1,32,it0078,0.47124356031417847,0.40325725078582764,0.09523809523809523,False,0
C3_0_90k,refine,256,1,32,it0079,0.6325563788414001,0.6541553735733032,0.0,False,0
C3_0_90k,refine,256,1,32,it0080,0.5024322271347046,0.3589225709438324,0.024390243902439025,False,0
C3_0_90k,refine,256,1,32,it0081,0.5124984979629517,0.596039354801178,0.0,False,0
C3_0_90k,refine,256,1,32,it0082,0.4425249695777893,0.5324371457099915,0.11764705882352941,False,0
C3_0_90k,refine,256,1,32,it0083,0.6310974359512329,0.5260164141654968,0.0,False,0
C3_0_90k,refine,256,1,32,it0084,0.5983619689941406,0.6150255799293518,0.0,False,0
C3_0_90k,refine,256,1,32,it0085,0.7042409777641296,0.4364013671875,0.07142857142857142,False,0
C3_0_90k,refine,256,1,32,it0086,0.5452708601951599,0.6498159170150757,0.0,False,0
C3_0_90k,refine,256,1,32,it0087,0.4853406548500061,0.6682475805282593,0.125,False,0
C3_0_90k,refine,256,1,32,it0088,0.40634438395500183,0.3834165036678314,0.0,False,0
C3_0_90k,refine,256,1,32,it0089,0.5048782825469971,0.286134272813797,0.125,False,0
C3_0_90k,refine,256,1,32,it0090,0.5917748808860779,0.5948486924171448,0.0,False,0
C3_0_90k,refine,256,1,32,it0091,0.5591744184494019,0.5652070045471191,0.0,False,0
C3_0_90k,refine,256,1,32,it0092,0.5106401443481445,0.4956302046775818,0.0,False,0
C3_0_90k,refine,256,1,32,it0093,0.5048545002937317,0.39035797119140625,0.10526315789473684,False,0
C3_0_90k,refine,256,1,32,it0094,0.5077389478683472,0.569487452507019,0.0,False,0
C3_0_90k,refine,256,1,32,it0095,0.5692798495292664,0.6721969842910767,0.0,False,0
C3_0_90k,refine,256,1,32,it0096,0.4823572635650635,0.4904329776763916,0.045454545454545456,False,0
C3_0_90k,refine,256,1,32,it0097,0.661085307598114,0.6530961990356445,0.0,False,0
C3_0_90k,refine,256,1,32,it0098,0.62563556432724,0.5512956380844116,0.037037037037037035,False,0
C3_0_90k,refine,256,1,32,it0099,0.20877952873706818,0.16910848021507263,0.0,False,0
C3_0_90k,refine,256,1,32,it0100,0.6217597723007202,0.6532485485076904,0.0,False,0
C3_0_90k,refine,256,1,32,it0101,0.44288307428359985,0.42718932032585144,0.0,False,0
C3_0_90k,refine,256,1,32,it0102,0.3350706398487091,0.444828599691391,0.0,False,0
C3_0_90k,refine,256,1,32,it0103,0.4491978883743286,0.4953541159629822,0.0,False,0
C3_0_90k,refine,256,1,32,it0104,0.5945284962654114,0.5559359788894653,0.0,False,0
C3_0_90k,refine,256,1,32,it0105,0.4325832426548004,0.6353287696838379,0.14285714285714285,False,0
C3_0_90k,refine,256,1,32,it0106,0.36716413497924805,0.3929733335971832,0.041666666666666664,False,0
C3_0_90k,refine,256,1,32,it0107,0.6087096929550171,0.4906143546104431,0.043478260869565216,False,0
C3_0_90k,refine,256,1,32,it0108,0.5090766549110413,0.3995504677295685,0.0625,False,0
C3_0_90k,refine,256,1,32,it0109,0.45493730902671814,0.35543346405029297,0.0,False,0
C3_0_90k,refine,256,1,32,it0110,0.19615842401981354,0.31258100271224976,0.0,False,0
C3_0_90k,refine,256,1,32,it0111,0.5975247621536255,0.5363206267356873,0.09090909090909091,False,0
C3_0_90k,refine,256,1,32,it0112,0.6338240504264832,0.6170586943626404,0.0,False,0
C3_0_90k,refine,256,1,32,it0113,0.5406156778335571,0.44718053936958313,0.0,False,0
C3_0_90k,refine,256,1,32,it0114,0.4911336898803711,0.5095078349113464,0.1111111111111111,False,0
C3_0_90k,refine,256,1,32,it0115,0.39282336831092834,0.37731438875198364,0.0,False,0
C3_0_90k,refine,256,1,32,it0116,0.4876047670841217,0.3005521297454834,0.11764705882352941,False,0
C3_0_90k,refine,256,1,32,it0117,0.46526381373405457,0.5897712111473083,0.17647058823529413,False,0
C3_0_90k,refine,256,1,32,it0118,0.6343396902084351,0.5956769585609436,0.09615384615384616,False,0
C3_0_90k,refine,256,1,32,it0119,0.5606918334960938,0.485737144947052,0.14285714285714285,False,0
C3_0_90k,refine,256,1,32,it0120,0.7016302347183228,0.6322624087333679,0.0,False,0
C3_0_90k,refine,256,1,32,it0121,0.5172854065895081,0.4108186662197113,0.05,False,0
C3_0_90k,refine,256,1,32,it0122,0.4293229877948761,0.33602386713027954,0.045454545454545456,False,0
C3_0_90k,refine,256,1,32,it0123,0.4099237024784088,0.5957584381103516,0.0,False,0
C3_0_90k,refine,256,1,32,it0124,0.6160919666290283,0.524500846862793,0.0,False,0
C3_0_90k,refine,256,1,32,it0125,0.5272839665412903,0.4883861541748047,0.02564102564102564,False,0
C3_0_90k,refine,256,1,32,it0126,0.49069303274154663,0.4250766336917877,0.0,False,0
C3_0_90k,refine,256,1,32,it0127,0.38775551319122314,0.2784338891506195,0.058823529411764705,False,0
C3_0_90k,refine,256,1,32,it0128,0.32902324199676514,0.36597418785095215,0.05,False,0
C3_0_90k,refine,256,1,32,it0129,0.33237260580062866,0.32715216279029846,0.0,False,0
C3_0_90k,refine,256,1,32,it0130,0.5219413042068481,0.4787254333496094,0.0,False,0
C3_0_90k,refine,256,1,32,it0131,0.5950259566307068,0.6275472044944763,0.06451612903225806,False,0
C3_0_90k,refine,256,1,32,it0132,0.505100429058075,0.3598248064517975,0.0,False,0
C3_0_90k,refine,256,1,32,it0133,0.591062605381012,0.6209173202514648,0.0,False,0
C3_0_90k,refine,256,1,32,it0134,0.40433236956596375,0.40672704577445984,0.0,False,0
C3_0_90k,refine,256,1,32,it0135,0.5995106101036072,0.6427613496780396,0.05128205128205128,False,0
C3_0_90k,refine,256,1,32,it0136,0.5078694820404053,0.6191419363021851,0.05,False,0
C3_0_90k,refine,256,1,32,it0137,0.5049809813499451,0.5240172743797302,0.0,False,0
C3_0_90k,refine,256,1,32,it0138,0.5860183238983154,0.6372956037521362,0.1111111111111111,False,0
C3_0_90k,refine,256,1,32,it0139,0.6739522218704224,0.6025514006614685,0.0,False,0
C3_0_90k,refine,256,1,32,it0140,0.48716551065444946,0.3955731689929962,0.0,False,0
C3_0_90k,refine,256,1,32,it0141,0.5697739720344543,0.671860933303833,0.06666666666666667,False,0
C3_0_90k,refine,256,1,32,it0142,0.2830384075641632,0.30861198902130127,0.0,False,0
C3_0_90k,refine,256,1,32,it0143,0.3279956579208374,0.3503342270851135,0.0,False,0
C3_0_90k,refine,256,1,32,it0144,0.5785699486732483,0.5166239142417908,0.0,False,0
C3_0_90k,refine,256,1,32,it0145,0.628636360168457,0.7261632680892944,0.0,False,0
C3_0_90k,refine,256,1,32,it0146,0.5687299966812134,0.5547873377799988,0.0,False,0
C3_0_90k,refine,256,1,32,it0147,0.49747568368911743,0.46617960929870605,0.0,False,0
C3_0_90k,refine,256,1,32,it0148,0.1501198261976242,0.2213740050792694,0.07142857142857142,False,0
C3_0_90k,refine,256,1,32,it0149,0.3934416174888611,0.3831571936607361,0.14285714285714285,False,0
C3_0_90k,refine,256,1,32,it0150,0.5290063619613647,0.6218119263648987,0.07692307692307693,False,0
C3_0_90k,refine,256,1,32,it0151,0.6163718104362488,0.5436770915985107,0.0,False,0
C3_0_90k,refine,256,1,32,it0152,0.5150635838508606,0.4642902612686157,0.0,False,0
C3_0_90k,refine,256,1,32,it0153,0.3624069094657898,0.40600886940956116,0.07142857142857142,False,0
C3_0_90k,refine,256,1,32,it0154,0.4954544007778168,0.328690767288208,0.05263157894736842,False,0
C3_0_90k,refine,256,1,32,it0155,0.2723883390426636,0.40196898579597473,0.0,False,0
C3_0_90k,refine,256,1,32,it0156,0.3405892848968506,0.3556132912635803,0.0,False,0
C3_0_90k,refine,256,1,32,it0157,0.5323501825332642,0.5160045623779297,0.0,False,0
C3_0_90k,refine,256,1,32,it0158,0.5368685722351074,0.46165570616722107,0.10526315789473684,False,0
C3_0_90k,refine,256,1,32,it0159,0.5157362222671509,0.4173140525817871,0.14285714285714285,False,0
C3_0_90k,refine,256,1,32,it0160,0.5384374260902405,0.41705322265625,0.0,False,0
C3_0_90k,refine,256,1,32,it0161,0.5533767342567444,0.4469386339187622,0.0,False,0
C3_0_90k,refine,256,1,32,it0162,0.08579593151807785,0.33348289132118225,0.1111111111111111,False,0
C3_0_90k,refine,256,1,32,it0163,0.41592171788215637,0.5307482481002808,0.058823529411764705,False,0
C3_0_90k,refine,256,1,32,it0164,0.47188666462898254,0.27779483795166016,0.0,False,0
C3_0_90k,refine,256,1,32,it0165,0.2860252261161804,0.3473057746887207,0.0,False,0
C3_0_90k,refine,256,1,32,it0166,0.4960682690143585,0.31751957535743713,0.25,False,0
C3_0_90k,refine,256,1,32,it0167,0.5441234707832336,0.5251559019088745,0.05263157894736842,False,0
C3_0_90k,refine,256,1,32,it0168,0.3487202823162079,0.4676467180252075,0.0,False,0
C3_0_90k,refine,256,1,32,it0169,0.41626960039138794,0.5239025950431824,0.1,False,0
C3_0_90k,refine,256,1,32,it0170,0.46846553683280945,0.5112281441688538,0.058823529411764705,False,0
C3_0_90k,refine,256,1,32,it0171,0.6759940385818481,0.6106319427490234,0.0,False,0
C3_0_90k,refine,256,1,32,it0172,0.3929710388183594,0.4405127465724945,0.0,False,0
C3_0_90k,refine,256,1,32,it0173,0.7126984596252441,0.6869992017745972,0.0,False,0
C3_0_90k,refine,256,1,32,it0174,0.516545295715332,0.4547285735607147,0.0625,False,0
C3_0_90k,refine,256,1,32,it0175,0.20848461985588074,0.15517807006835938,0.0,False,0
C3_0_90k,refine,256,1,32,it0176,0.4661160707473755,0.46898308396339417,0.0,False,0
C3_0_90k,refine,256,1,32,it0177,0.4848126173019409,0.4311482608318329,0.05263157894736842,False,0
C3_0_90k,refine,256,1,32,it0178,0.3523952066898346,0.301410973072052,0.058823529411764705,False,0
C3_0_90k,refine,256,1,32,it0179,0.5501341819763184,0.6097269058227539,0.03225806451612903,False,0
C3_0_90k,refine,256,1,32,it0180,0.4883488118648529,0.490180104970932,0.0,False,0
C3_0_90k,refine,256,1,32,it0181,0.5989987850189209,0.6483592987060547,0.0,False,0
C3_0_90k,refine,256,1,32,it0182,0.6166862845420837,0.5671855211257935,0.12,False,0
C3_0_90k,refine,256,1,32,it0183,0.5991268754005432,0.6341145038604736,0.0,False,0
C3_0_90k,refine,256,1,32,it0184,0.35337454080581665,0.3760816156864166,0.2,False,0
C3_0_90k,refine,256,1,32,it0185,0.4273678958415985,0.5430551767349243,0.1935483870967742,False,0
C3_0_90k,refine,256,1,32,it0186,0.4998863935470581,0.4608891010284424,0.0,False,0
C3_0_90k,refine,256,1,32,it0187,0.4388875663280487,0.5776050090789795,0.0625,False,0
C3_0_90k,refine,256,1,32,it0188,0.6069247722625732,0.5725462436676025,0.2222222222222222,False,0
C3_0_90k,refine,256,1,32,it0189,0.49744486808776855,0.4149913191795349,0.0,False,0
C3_0_90k,refine,256,1,32,it0190,0.5681525468826294,0.6180450916290283,0.0,False,0
C3_0_90k,refine,256,1,32,it0191,0.42494431138038635,0.48387274146080017,0.0,False,0
C3_0_90k,refine,256,1,32,it0192,0.545637845993042,0.579481303691864,0.07407407407407407,False,0
C3_0_90k,refine,256,1,32,it0193,0.5261500477790833,0.26590821146965027,0.1875,False,0
C3_0_90k,refine,256,1,32,it0194,0.7597737908363342,0.7090587615966797,0.0,False,0
C3_0_90k,refine,256,1,32,it0195,0.6561879515647888,0.6217509508132935,0.0,False,0
C3_0_90k,refine,256,1,32,it0196,0.5670854449272156,0.4971531629562378,0.14285714285714285,False,0
C3_0_90k,refine,256,1,32,it0197,0.423425555229187,0.38871508836746216,0.09090909090909091,False,0
C3_0_90k,refine,256,1,32,it0198,0.20637288689613342,0.21250608563423157,0.0,False,0
C3_0_90k,refine,256,1,32,it0199,0.38375866413116455,0.44719749689102173,0.058823529411764705,False,0
C3_0_90k,refine,512,1,64,it0000,0.7146649956703186,0.6342753171920776,0.0,False,0
C3_0_90k,refine,512,1,64,it0001,0.5249232053756714,0.3576855957508087,0.0,False,0
C3_0_90k,refine,512,1,64,it0002,0.20738008618354797,0.21152150630950928,0.0,False,0
C3_0_90k,refine,512,1,64,it0003,0.5093683004379272,0.359404593706131,0.06666666666666667,False,0
C3_0_90k,refine,512,1,64,it0004,0.5529755353927612,0.3784412145614624,0.125,False,0
C3_0_90k,refine,512,1,64,it0005,0.4258699417114258,0.40281692147254944,0.0,False,0
C3_0_90k,refine,512,1,64,it0006,0.40519142150878906,0.27831602096557617,0.05555555555555555,False,0
C3_0_90k,refine,512,1,64,it0007,0.38198214769363403,0.4812086522579193,0.022727272727272728,False,0
C3_0_90k,refine,512,1,64,it0008,0.3132254183292389,0.3158552944660187,0.09523809523809523,False,0
C3_0_90k,refine,512,1,64,it0009,0.5772069096565247,0.6310209631919861,0.0,False,0
C3_0_90k,refine,512,1,64,it0010,0.5608729124069214,0.5695914030075073,0.1111111111111111,False,0
C3_0_90k,refine,512,1,64,it0011,0.5079182982444763,0.5875883102416992,0.0,False,0
C3_0_90k,refine,512,1,64,it0012,0.5114155411720276,0.4292803108692169,0.27586206896551724,False,0
C3_0_90k,refine,512,1,64,it0013,0.4215225875377655,0.39825984835624695,0.0,False,0
C3_0_90k,refine,512,1,64,it0014,0.6267379522323608,0.4698486924171448,0.0,False,0
C3_0_90k,refine,512,1,64,it0015,0.28430813550949097,0.4086818993091583,0.11764705882352941,False,0
C3_0_90k,refine,512,1,64,it0016,0.6683804392814636,0.57581627368927,0.08823529411764706,False,0
C3_0_90k,refine,512,1,64,it0017,0.5199680328369141,0.3942265212535858,0.0,False,0
C3_0_90k,refine,512,1,64,it0018,0.5589942932128906,0.629927933216095,0.0,False,0
C3_0_90k,refine,512,1,64,it0019,0.6376862525939941,0.5939387083053589,0.0,False,0
C3_0_90k,refine,512,1,64,it0020,0.43984588980674744,0.2935464084148407,0.38461538461538464,False,0
C3_0_90k,refine,512,1,64,it0021,0.5849916338920593,0.5334764122962952,0.06060606060606061,False,0
C3_0_90k,refine,512,1,64,it0022,0.3611088991165161,0.44145870208740234,0.125,False,0
C3_0_90k,refine,512,1,64,it0023,0.6864399313926697,0.6366977691650391,0.1111111111111111,False,0
C3_0_90k,refine,512,1,64,it0024,0.5498766303062439,0.5264356732368469,0.14285714285714285,False,0
C3_0_90k,refine,512,1,64,it0025,0.7308293581008911,0.7229583263397217,0.1,False,0
C3_0_90k,refine,512,1,64,it0026,0.46753767132759094,0.3721942603588104,0.0,False,0
C3_0_90k,refine,512,1,64,it0027,0.7081387042999268,0.7081747055053711,0.0,False,0
C3_0_90k,refine,512,1,64,it0028,0.5436620712280273,0.5752266049385071,0.047619047619047616,False,0
C3_0_90k,refine,512,1,64,it0029,0.34600013494491577,0.4423827826976776,0.0,False,0
C3_0_90k,refine,512,1,64,it0030,0.5509740710258484,0.5474479794502258,0.0,False,0
C3_0_90k,refine,512,1,64,it0031,0.3924139738082886,0.427388459444046,0.0,False,0
C3_0_90k,refine,512,1,64,it0032,0.7217586040496826,0.6192611455917358,0.037037037037037035,False,0
C3_0_90k,refine,512,1,64,it0033,0.31255513429641724,0.16250434517860413,0.15384615384615385,False,0
C3_0_90k,refine,512,1,64,it0034,0.6621676087379456,0.5981454849243164,0.0,False,0
C3_0_90k,refine,512,1,64,it0035,0.31614992022514343,0.26571670174598694,0.0,False,0
C3_0_90k,refine,512,1,64,it0036,0.5996583104133606,0.6078722476959229,0.0,False,0
C3_0_90k,refine,512,1,64,it0037,0.5346611142158508,0.5039879083633423,0.0,False,0
C3_0_90k,refine,512,1,64,it0038,0.30522459745407104,0.09812292456626892,0.0,False,0
C3_0_90k,refine,512,1,64,it0039,0.548285186290741,0.5732705593109131,0.04878048780487805,False,0
C3_0_90k,refine,512,1,64,it0040,0.40310782194137573,0.36096706986427307,0.0,False,0
C3_0_90k,refine,512,1,64,it0041,0.6687732934951782,0.5389956831932068,0.0,False,0
C3_0_90k,refine,512,1,64,it0042,0.48762351274490356,0.3506764769554138,0.1111111111111111,False,0
C3_0_90k,refine,512,1,64,it0043,0.3080017864704132,0.15817932784557343,0.038461538461538464,False,0
C3_0_90k,refine,512,1,64,it0044,0.5477107763290405,0.5854381322860718,0.24,False,0
C3_0_90k,refine,512,1,64,it0045,0.2629058063030243,0.3555765151977539,0.0,False,0
C3_0_90k,refine,512,1,64,it0046,0.44023531675338745,0.32945582270622253,0.0,False,0
C3_0_90k,refine,512,1,64,it0047,0.33954283595085144,0.47099238634109497,0.4,False,0
C3_0_90k,refine,512,1,64,it0048,0.4433946907520294,0.3888629674911499,0.0,False,0
C3_0_90k,refine,512,1,64,it0049,0.2815963625907898,0.587469220161438,0.045454545454545456,False,0
C3_0_90k,refine,512,1,64,it0050,0.031035717576742172,-0.21319006383419037,0.3181818181818182,False,0
C3_0_90k,refine,512,1,64,it0051,0.18114131689071655,0.3988652229309082,0.0,False,0
C3_0_90k,refine,512,1,64,it0052,0.35566702485084534,0.4609917402267456,0.0,False,0
C3_0_90k,refine,512,1,64,it0053,0.47048240900039673,0.5579680800437927,0.1891891891891892,False,0
C3_0_90k,refine,512,1,64,it0054,0.4655291736125946,0.29810160398483276,0.0,False,0
C3_0_90k,refine,512,1,64,it0055,0.4652441143989563,0.5294579863548279,0.0,False,0
C3_0_90k,refine,512,1,64,it0056,0.4406355619430542,0.3314485549926758,0.1,False,0
C3_0_90k,refine,512,1,64,it0057,0.48408961296081543,0.40606290102005005,0.029411764705882353,False,0
C3_0_90k,refine,512,1,64,it0058,0.451361745595932,0.584679126739502,0.08333333333333333,False,0
C3_0_90k,refine,512,1,64,it0059,0.5962086915969849,0.6245999336242676,0.03571428571428571,False,0
C3_0_90k,refine,512,1,64,it0060,0.4976464509963989,0.4446525275707245,0.0,False,0
C3_0_90k,refine,512,1,64,it0061,0.5662920475006104,0.6420851349830627,0.0,False,0
C3_0_90k,refine,512,1,64,it0062,0.51772141456604,0.5666533708572388,0.0,False,0
C3_0_90k,refine,512,1,64,it0063,0.3710440397262573,0.3096011281013489,0.2413793103448276,False,0
C3_0_90k,refine,512,1,64,it0064,0.37878358364105225,0.4783182144165039,0.0,False,0
C3_0_90k,refine,512,1,64,it0065,0.6943503618240356,0.6894809603691101,0.0,False,0
C3_0_90k,refine,512,1,64,it0066,0.22609785199165344,0.28987836837768555,0.09523809523809523,False,0
C3_0_90k,refine,512,1,64,it0067,0.2424589842557907,0.2671709656715393,0.1111111111111111,False,0
C3_0_90k,refine,512,1,64,it0068,0.7044277787208557,0.6318732500076294,0.0,False,0
C3_0_90k,refine,512,1,64,it0069,0.46316662430763245,0.4488658905029297,0.045454545454545456,False,0
C3_0_90k,refine,512,1,64,it0070,0.4429166913032532,0.546585202217102,0.0,False,0
C3_0_90k,refine,512,1,64,it0071,0.4541094899177551,0.5288243889808655,0.07142857142857142,False,0
C3_0_90k,refine,512,1,64,it0072,0.4703759253025055,0.524257481098175,0.0,False,0
C3_0_90k,refine,512,1,64,it0073,0.17047826945781708,0.16249608993530273,0.13793103448275862,False,0
C3_0_90k,refine,512,1,64,it0074,0.42833712697029114,0.35002169013023376,0.0,False,0
C3_0_90k,refine,512,1,64,it0075,0.25281667709350586,0.42543917894363403,0.0,False,0
C3_0_90k,refine,512,1,64,it0076,0.6261496543884277,0.4089270830154419,0.08695652173913043,False,0
C3_0_90k,refine,512,1,64,it0077,0.5226321220397949,0.3446785509586334,0.25,False,0
C3_0_90k,refine,512,1,64,it0078,0.4497629404067993,0.36565324664115906,0.09523809523809523,False,0
C3_0_90k,refine,512,1,64,it0079,0.6552099585533142,0.5885534286499023,0.0,False,0
C3_0_90k,refine,512,1,64,it0080,0.17832845449447632,0.22968417406082153,0.0,False,0
C3_0_90k,refine,512,1,64,it0081,0.5438814163208008,0.48770880699157715,0.0,False,0
C3_0_90k,refine,512,1,64,it0082,0.4760426878929138,0.5862006545066833,0.0,False,0
C3_0_90k,refine,512,1,64,it0083,0.6805309057235718,0.5917229652404785,0.0,False,0
C3_0_90k,refine,512,1,64,it0084,0.6453317403793335,0.6125890016555786,0.0,False,0
C3_0_90k,refine,512,1,64,it0085,0.5793973803520203,0.33167821168899536,0.0,False,0
C3_0_90k,refine,512,1,64,it0086,0.6417192220687866,0.6930435299873352,0.0,False,0
C3_0_90k,refine,512,1,64,it0087,0.4612824022769928,0.6762881278991699,0.0625,False,0
C3_0_90k,refine,512,1,64,it0088,0.3539614975452423,0.4070802927017212,0.0,False,0
C3_0_90k,refine,512,1,64,it0089,0.39485275745391846,0.2640284299850464,0.0,False,0
C3_0_90k,refine,512,1,64,it0090,0.616866409778595,0.6400180459022522,0.11764705882352941,False,0
C3_0_90k,refine,512,1,64,it0091,0.553248941898346,0.5709447264671326,0.0,False,0
C3_0_90k,refine,512,1,64,it0092,0.5391923189163208,0.5422451496124268,0.0,False,0
C3_0_90k,refine,512,1,64,it0093,0.5427318215370178,0.4731290340423584,0.10526315789473684,False,0
C3_0_90k,refine,512,1,64,it0094,0.4607008695602417,0.6114267706871033,0.0,False,0
C3_0_90k,refine,512,1,64,it0095,0.5610010623931885,0.661777138710022,0.0,False,0
C3_0_90k,refine,512,1,64,it0096,0.5139653086662292,0.516560435295105,0.0,False,0
C3_0_90k,refine,512,1,64,it0097,0.6771794557571411,0.7176773548126221,0.0,False,0
C3_0_90k,refine,512,1,64,it0098,0.5845028162002563,0.5802930593490601,0.037037037037037035,False,0
C3_0_90k,refine,512,1,64,it0099,0.236572265625,0.18512901663780212,0.0,False,0
C3_0_90k,refine,512,1,64,it0100,0.6150702834129333,0.6652896404266357,0.0,False,0
C3_0_90k,refine,512,1,64,it0101,0.4566362202167511,0.4268035888671875,0.0,False,0
C3_0_90k,refine,512,1,64,it0102,0.3718261122703552,0.4594273269176483,0.23076923076923078,False,0
C3_0_90k,refine,512,1,64,it0103,0.41398561000823975,0.42876946926116943,0.0,False,0
C3_0_90k,refine,512,1,64,it0104,0.584172248840332,0.5631821155548096,0.0,False,0
C3_0_90k,refine,512,1,64,it0105,0.4820191264152527,0.6260623931884766,0.14285714285714285,False,0
C3_0_90k,refine,512,1,64,it0106,0.5646403431892395,0.6127114295959473,0.0,False,0
C3_0_90k,refine,512,1,64,it0107,0.4847242832183838,0.5010392069816589,0.043478260869565216,False,0
C3_0_90k,refine,512,1,64,it0108,0.5354976058006287,0.38667193055152893,0.0625,False,0
C3_0_90k,refine,512,1,64,it0109,0.36966899037361145,0.3397943675518036,0.0,False,0
C3_0_90k,refine,512,1,64,it0110,0.14310751855373383,0.15738075971603394,0.1,False,0
C3_0_90k,refine,512,1,64,it0111,0.512228786945343,0.4621785581111908,0.06060606060606061,False,0
C3_0_90k,refine,512,1,64,it0112,0.6490810513496399,0.6151379942893982,0.0,False,0
C3_0_90k,refine,512,1,64,it0113,0.4525546431541443,0.4864709675312042,0.06818181818181818,False,0
C3_0_90k,refine,512,1,64,it0114,0.5053483843803406,0.4395858645439148,0.16666666666666666,False,0
C3_0_90k,refine,512,1,64,it0115,0.42341914772987366,0.3848889470100403,0.0,False,0
C3_0_90k,refine,512,1,64,it0116,0.47178736329078674,0.43137043714523315,0.058823529411764705,False,0
C3_0_90k,refine,512,1,64,it0117,0.440075546503067,0.5047763586044312,0.0,False,0
C3_0_90k,refine,512,1,64,it0118,0.588161289691925,0.5566959381103516,0.038461538461538464,False,0
C3_0_90k,refine,512,1,64,it0119,0.3761506676673889,0.18831178545951843,0.14285714285714285,False,0
C3_0_90k,refine,512,1,64,it0120,0.6379952430725098,0.5963751077651978,0.0,False,0
C3_0_90k,refine,512,1,64,it0121,0.5378581881523132,0.44757646322250366,0.05,False,0
C3_0_90k,refine,512,1,64,it0122,0.38900503516197205,0.3907831907272339,0.045454545454545456,False,0
C3_0_90k,refine,512,1,64,it0123,0.35581639409065247,0.529633641242981,0.058823529411764705,False,0
C3_0_90k,refine,512,1,64,it0124,0.6016174554824829,0.4969746470451355,0.030303030303030304,False,0
C3_0_90k,refine,512,1,64,it0125,0.5890682339668274,0.5201939940452576,0.02564102564102564,False,0
C3_0_90k,refine,512,1,64,it0126,0.4830377995967865,0.3528832793235779,0.0,False,0
C3_0_90k,refine,512,1,64,it0127,0.34242260456085205,0.2745695114135742,0.0,False,0
C3_0_90k,refine,512,1,64,it0128,0.4862689971923828,0.45567256212234497,0.0,False,0
C3_0_90k,refine,512,1,64,it0129,0.3622744083404541,0.45763736963272095,0.0,False,0
C3_0_90k,refine,512,1,64,it0130,0.4775240421295166,0.5030924081802368,0.0,False,0
C3_0_90k,refine,512,1,64,it0131,0.5141937732696533,0.6193870902061462,0.0,False,0
C3_0_90k,refine,512,1,64,it0132,0.49118924140930176,0.4180070161819458,0.0,False,0
C3_0_90k,refine,512,1,64,it0133,0.6627559065818787,0.6816877126693726,0.0,False,0
C3_0_90k,refine,512,1,64,it0134,0.41900238394737244,0.42080843448638916,0.0,False,0
C3_0_90k,refine,512,1,64,it0135,0.5813310146331787,0.6241825222969055,0.02564102564102564,False,0
C3_0_90k,refine,512,1,64,it0136,0.4276285469532013,0.5525134205818176,0.1,False,0
C3_0_90k,refine,512,1,64,it0137,0.47842442989349365,0.4283127784729004,0.16666666666666666,False,0
C3_0_90k,refine,512,1,64,it0138,0.5286712050437927,0.6157867312431335,0.16666666666666666,False,0
C3_0_90k,refine,512,1,64,it0139,0.6843705177307129,0.6194602251052856,0.0,False,0
C3_0_90k,refine,512,1,64,it0140,0.5044369101524353,0.511676013469696,0.0,False,0
C3_0_90k,refine,512,1,64,it0141,0.5171811580657959,0.7260062098503113,0.06666666666666667,False,0
C3_0_90k,refine,512,1,64,it0142,0.2448432743549347,0.22853712737560272,0.0,False,0
C3_0_90k,refine,512,1,64,it0143,0.3613346517086029,0.4849270284175873,0.0,False,0
C3_0_90k,refine,512,1,64,it0144,0.5879770517349243,0.4417809844017029,0.0,False,0
C3_0_90k,refine,512,1,64,it0145,0.6263682246208191,0.701803982257843,0.0,False,0
C3_0_90k,refine,512,1,64,it0146,0.5646697878837585,0.5728113055229187,0.05,False,0
C3_0_90k,refine,512,1,64,it0147,0.572380542755127,0.4821610748767853,0.0,False,0
C3_0_90k,refine,512,1,64,it0148,0.31667569279670715,0.4287990629673004,0.07142857142857142,False,0
C3_0_90k,refine,512,1,64,it0149,0.6243743300437927,0.5272386074066162,0.14285714285714285,False,0
C3_0_90k,refine,512,1,64,it0150,0.29525062441825867,0.15755803883075714,0.07692307692307693,False,0
C3_0_90k,refine,512,1,64,it0151,0.6320785880088806,0.4815053939819336,0.058823529411764705,False,0
C3_0_90k,refine,512,1,64,it0152,0.634162425994873,0.610923707485199,0.0,False,0
C3_0_90k,refine,512,1,64,it0153,0.3450425863265991,0.4738261103630066,0.023809523809523808,False,0
C3_0_90k,refine,512,1,64,it0154,0.4563148617744446,0.32477477192878723,0.10526315789473684,False,0
C3_0_90k,refine,512,1,64,it0155,0.30360251665115356,0.42391833662986755,0.0,False,0
C3_0_90k,refine,512,1,64,it0156,0.41379302740097046,0.4945395290851593,0.047619047619047616,False,0
C3_0_90k,refine,512,1,64,it0157,0.5871400237083435,0.4700359106063843,0.0,False,0
C3_0_90k,refine,512,1,64,it0158,0.4244042634963989,0.4806326627731323,0.05263157894736842,False,0
C3_0_90k,refine,512,1,64,it0159,0.5896730422973633,0.5121789574623108,0.14285714285714285,False,0
C3_0_90k,refine,512,1,64,it0160,0.541117787361145,0.46167469024658203,0.0,False,0
C3_0_90k,refine,512,1,64,it0161,0.36465543508529663,0.37205812335014343,0.034482758620689655,False,0
C3_0_90k,refine,512,1,64,it0162,0.195832297205925,0.3460201621055603,0.25925925925925924,False,0
C3_0_90k,refine,512,1,64,it0163,0.6127290725708008,0.6639595031738281,0.0,False,0
C3_0_90k,refine,512,1,64,it0164,0.5086292028427124,0.28997179865837097,0.0,False,0
C3_0_90k,refine,512,1,64,it0165,0.3056736886501312,0.33754289150238037,0.0,False,0
C3_0_90k,refine,512,1,64,it0166,0.5964091420173645,0.355583131313324,0.25,False,0
C3_0_90k,refine,512,1,64,it0167,0.4932592511177063,0.5473395586013794,0.0,False,0
C3_0_90k,refine,512,1,64,it0168,0.32261016964912415,0.435439795255661,0.0,False,0
C3_0_90k,refine,512,1,64,it0169,0.4643900692462921,0.5728989243507385,0.05,False,0
C3_0_90k,refine,512,1,64,it0170,0.491570383310318,0.4702264070510864,0.058823529411764705,False,0
C3_0_90k,refine,512,1,64,it0171,0.6195193529129028,0.6343105435371399,0.0,False,0
C3_0_90k,refine,512,1,64,it0172,0.31550928950309753,0.4165891408920288,0.0,False,0
C3_0_90k,refine,512,1,64,it0173,0.7355208396911621,0.6985620856285095,0.0,False,0
C3_0_90k,refine,512,1,64,it0174,0.5752494931221008,0.41199445724487305,0.0,False,0
C3_0_90k,refine,512,1,64,it0175,0.2755008041858673,0.2748846411705017,0.0,False,0
C3_0_90k,refine,512,1,64,it0176,0.5537519454956055,0.5526901483535767,0.0,False,0
C3_0_90k,refine,512,1,64,it0177,0.3953303098678589,0.4263092577457428,0.05263157894736842,False,0
C3_0_90k,refine,512,1,64,it0178,0.3159312605857849,0.28964564204216003,0.058823529411764705,False,0
C3_0_90k,refine,512,1,64,it0179,0.4985235333442688,0.639702320098877,0.03225806451612903,False,0
C3_0_90k,refine,512,1,64,it0180,0.46841102838516235,0.5978356599807739,0.0,False,0
C3_0_90k,refine,512,1,64,it0181,0.5890403985977173,0.6689642071723938,0.07317073170731707,False,0
C3_0_90k,refine,512,1,64,it0182,0.5789869427680969,0.4888620972633362,0.0,False,0
C3_0_90k,refine,512,1,64,it0183,0.6474329233169556,0.6025794148445129,0.0,False,0
C3_0_90k,refine,512,1,64,it0184,0.3486197590827942,0.43577802181243896,0.2,False,0
C3_0_90k,refine,512,1,64,it0185,0.394397497177124,0.5196816921234131,0.03225806451612903,False,0
C3_0_90k,refine,512,1,64,it0186,0.4938639998435974,0.39622941613197327,0.0,False,0
C3_0_90k,refine,512,1,64,it0187,0.3843272626399994,0.5342093706130981,0.0625,False,0
C3_0_90k,refine,512,1,64,it0188,0.5347762703895569,0.49195596575737,0.1111111111111111,False,0
C3_0_90k,refine,512,1,64,it0189,0.46043872833251953,0.4242435097694397,0.0,False,0
C3_0_90k,refine,512,1,64,it0190,0.5717825293540955,0.601132333278656,0.0,False,0
C3_0_90k,refine,512,1,64,it0191,0.518316924571991,0.4320901930332184,0.0,False,0
C3_0_90k,refine,512,1,64,it0192,0.531177818775177,0.5692920684814453,0.037037037037037035,False,0
C3_0_90k,refine,512,1,64,it0193,0.44732367992401123,0.24760335683822632,0.125,False,0
C3_0_90k,refine,512,1,64,it0194,0.7353178262710571,0.6469305157661438,0.0,False,0
C3_0_90k,refine,512,1,64,it0195,0.6156039237976074,0.5346769094467163,0.038461538461538464,False,0
C3_0_90k,refine,512,1,64,it0196,0.4665222764015198,0.52608323097229,0.0,False,0
C3_0_90k,refine,512,1,64,it0197,0.5273289084434509,0.3931584656238556,0.0,False,0
C3_0_90k,refine,512,1,64,it0198,0.2481270134449005,0.24559494853019714,0.0,False,0
C3_0_90k,refine,512,1,64,it0199,0.44962042570114136,0.48031678795814514,0.058823529411764705,False,0
