run,arm,nfe,K,T,item,ecapa,wavlm,wer,degenerate,pick
D2_0,search,128,2,8,it0000,0.5516251921653748,0.5383715033531189,0.15217391304347827,False,0
D2_0,search,128,2,8,it0001,0.4821010231971741,0.2970322370529175,0.4444444444444444,False,0
D2_0,search,128,2,8,it0002,0.34142452478408813,0.32288098335266113,0.13333333333333333,False,1
D2_0,search,128,2,8,it0003,0.37689006328582764,0.3697623908519745,0.0,False,0
D2_0,search,128,2,8,it0004,0.45910871028900146,0.4243810474872589,0.375,False,1
D2_0,search,128,2,8,it0005,0.49852120876312256,0.4121995270252228,0.1111111111111111,False,1
D2_0,search,128,2,8,it0006,0.34474074840545654,0.36205610632896423,0.16666666666666666,False,1
D2_0,search,128,2,8,it0007,0.2630067467689514,0.356377512216568,0.20454545454545456,False,0
D2_0,search,128,2,8,it0008,0.34406518936157227,0.22820574045181274,0.3333333333333333,False,1
D2_0,search,128,2,8,it0009,0.5378099679946899,0.3951597213745117,0.037037037037037035,False,0
D2_0,search,128,2,8,it0010,0.645515501499176,0.5166728496551514,0.1111111111111111,False,0
D2_0,search,128,2,8,it0011,0.644183874130249,0.596782386302948,0.0,False,1
D2_0,search,128,2,8,it0012,0.40409401059150696,0.43837398290634155,0.5517241379310345,False,1
D2_0,search,128,2,8,it0013,0.5803192853927612,0.5113247036933899,0.07407407407407407,False,0
D2_0,search,128,2,8,it0014,0.5571609139442444,0.4392801821231842,0.0,False,1
D2_0,search,128,2,8,it0015,0.5334556102752686,0.5968633890151978,0.17647058823529413,False,1
D2_0,search,128,2,8,it0016,0.6531230211257935,0.425027072429657,0.058823529411764705,False,1
D2_0,search,128,2,8,it0017,0.5218620300292969,0.3401409089565277,0.0,False,0
D2_0,search,128,2,8,it0018,0.4276052415370941,0.3398432731628418,0.11764705882352941,False,1
D2_0,search,128,2,8,it0019,0.6700312495231628,0.5216656923294067,0.1956521739130435,False,1
D2_0,search,128,2,8,it0020,0.3479464054107666,0.42883384227752686,0.07692307692307693,False,0
D2_0,search,128,2,8,it0021,0.544983446598053,0.47667789459228516,0.18181818181818182,False,1
D2_0,search,128,2,8,it0022,0.44564083218574524,0.4324105381965637,0.35,False,0
D2_0,search,128,2,8,it0023,0.6847346425056458,0.5734387040138245,0.1111111111111111,False,0
D2_0,search,128,2,8,it0024,0.6164902448654175,0.4994720220565796,0.14285714285714285,False,0
D2_0,search,128,2,8,it0025,0.5895695090293884,0.5649337768554688,0.2,False,0
D2_0,search,128,2,8,it0026,0.2006455510854721,0.26025354862213135,0.0,False,1
D2_0,search,128,2,8,it0027,0.678052544593811,0.6463881731033325,0.125,False,0
D2_0,search,128,2,8,it0028,0.48552989959716797,0.5259080529212952,0.14285714285714285,False,0
D2_0,search,128,2,8,it0029,0.36607825756073,0.4932413697242737,0.125,False,0
D2_0,search,128,2,8,it0030,0.4347657561302185,0.46337902545928955,0.12,False,1
D2_0,search,128,2,8,it0031,0.33948254585266113,0.316623717546463,0.5,False,0
D2_0,search,128,2,8,it0032,0.6776098012924194,0.5208761692047119,0.14814814814814814,False,1
D2_0,search,128,2,8,it0033,0.4445529878139496,0.3351452350616455,0.0,False,1
D2_0,search,128,2,8,it0034,0.4255450963973999,0.3511602282524109,0.2,False,1
D2_0,search,128,2,8,it0035,0.29490119218826294,0.23093296587467194,0.38461538461538464,False,0
D2_0,search,128,2,8,it0036,0.6353029608726501,0.5106160044670105,0.1111111111111111,False,0
D2_0,search,128,2,8,it0037,0.5235151052474976,0.49620115756988525,0.0,False,1
D2_0,search,128,2,8,it0038,0.44569656252861023,0.28862640261650085,0.16216216216216217,False,0
D2_0,search,128,2,8,it0039,0.5046844482421875,0.47421666979789734,0.17073170731707318,False,0
D2_0,search,128,2,8,it0040,0.40312182903289795,0.3143724203109741,0.0,False,1
D2_0,search,128,2,8,it0041,0.6031396985054016,0.39051514863967896,0.09090909090909091,False,1
D2_0,search,128,2,8,it0042,0.46528342366218567,0.4912453293800354,0.2222222222222222,False,0
D2_0,search,128,2,8,it0043,0.27570605278015137,0.2091222107410431,0.038461538461538464,False,0
D2_0,search,128,2,8,it0044,0.5365477204322815,0.4828733801841736,0.36,False,1
D2_0,search,128,2,8,it0045,0.27111756801605225,0.40773776173591614,0.16666666666666666,False,1
D2_0,search,128,2,8,it0046,0.3821142911911011,0.3073323965072632,0.0625,False,0
D2_0,search,128,2,8,it0047,0.3562263548374176,0.36477771401405334,0.65,False,0
D2_0,search,128,2,8,it0048,0.5185371041297913,0.4438699781894684,0.0625,False,0
D2_0,search,128,2,8,it0049,0.29926061630249023,0.5720893144607544,0.18181818181818182,False,0
D2_0,search,128,2,8,it0050,0.21427999436855316,0.021161023527383804,0.22727272727272727,False,0
D2_0,search,128,2,8,it0051,0.21854367852210999,0.43535467982292175,0.1724137931034483,False,0
D2_0,search,128,2,8,it0052,0.25131186842918396,0.3004431426525116,0.0,False,1
D2_0,search,128,2,8,it0053,0.34042590856552124,0.4419693946838379,0.16216216216216217,False,1
D2_0,search,128,2,8,it0054,0.35908252000808716,0.25514692068099976,0.0,False,1
D2_0,search,128,2,8,it0055,0.6491168737411499,0.6137641668319702,0.19230769230769232,False,0
D2_0,search,128,2,8,it0056,0.3328101634979248,0.20059414207935333,0.25,False,1
D2_0,search,128,2,8,it0057,0.5894742012023926,0.43350929021835327,0.029411764705882353,False,1
D2_0,search,128,2,8,it0058,0.42449334263801575,0.42216548323631287,0.4166666666666667,False,1
D2_0,search,128,2,8,it0059,0.5480029582977295,0.5565811395645142,0.03571428571428571,False,0
D2_0,search,128,2,8,it0060,0.400911420583725,0.4392750561237335,0.11764705882352941,False,0
D2_0,search,128,2,8,it0061,0.49296653270721436,0.6268801689147949,0.0,False,1
D2_0,search,128,2,8,it0062,0.5997441411018372,0.567950427532196,0.047619047619047616,False,0
D2_0,search,128,2,8,it0063,0.3437112271785736,0.30795443058013916,0.10344827586206896,False,1
D2_0,search,128,2,8,it0064,0.47489434480667114,0.4643295407295227,0.2222222222222222,False,0
D2_0,search,128,2,8,it0065,0.6218395233154297,0.6216458082199097,0.23076923076923078,False,0
D2_0,search,128,2,8,it0066,0.2250191569328308,0.37809187173843384,0.2857142857142857,False,1
D2_0,search,128,2,8,it0067,0.24246977269649506,0.239034503698349,0.2222222222222222,False,0
D2_0,search,128,2,8,it0068,0.6656322479248047,0.5973834991455078,0.0,False,1
D2_0,search,128,2,8,it0069,0.4272427260875702,0.43025487661361694,0.22727272727272727,False,1
D2_0,search,128,2,8,it0070,0.4518808126449585,0.4832201600074768,0.0,False,0
D2_0,search,128,2,8,it0071,0.5157127976417542,0.4590851068496704,0.10714285714285714,False,1
D2_0,search,128,2,8,it0072,0.5081264972686768,0.5297961831092834,0.045454545454545456,False,1
D2_0,search,128,2,8,it0073,0.26204758882522583,0.24906346201896667,0.3793103448275862,False,1
D2_0,search,128,2,8,it0074,0.2053118348121643,0.3421001732349396,0.0,False,0
D2_0,search,128,2,8,it0075,0.36975231766700745,0.3971591293811798,0.0,False,0
D2_0,search,128,2,8,it0076,0.5312413573265076,0.285068541765213,0.13043478260869565,False,1
D2_0,search,128,2,8,it0077,0.543152391910553,0.6368458867073059,0.08333333333333333,False,1
D2_0,search,128,2,8,it0078,0.3889838755130768,0.27116328477859497,0.047619047619047616,False,1
D2_0,search,128,2,8,it0079,0.6145806908607483,0.6184704303741455,0.0,False,0
D2_0,search,128,2,8,it0080,0.41208428144454956,0.23552018404006958,0.34146341463414637,False,1
D2_0,search,128,2,8,it0081,0.33877408504486084,0.267922580242157,0.10714285714285714,False,1
D2_0,search,128,2,8,it0082,0.4160131812095642,0.4656126797199249,0.29411764705882354,False,0
D2_0,search,128,2,8,it0083,0.5285439491271973,0.3682161867618561,0.08823529411764706,False,1
D2_0,search,128,2,8,it0084,0.5999691486358643,0.5355470180511475,0.08888888888888889,False,0
D2_0,search,128,2,8,it0085,0.5978896617889404,0.4478338360786438,0.14285714285714285,False,1
D2_0,search,128,2,8,it0086,0.5792465806007385,0.47448500990867615,0.47058823529411764,False,0
D2_0,search,128,2,8,it0087,0.46624496579170227,0.5946997404098511,0.1875,False,0
D2_0,search,128,2,8,it0088,0.43238145112991333,0.451476126909256,0.047619047619047616,False,0
D2_0,search,128,2,8,it0089,0.38452616333961487,0.4177224636077881,0.0,False,0
D2_0,search,128,2,8,it0090,0.5972771644592285,0.5759768486022949,0.0,False,0
D2_0,search,128,2,8,it0091,0.5606567859649658,0.5416889190673828,0.12903225806451613,False,0
D2_0,search,128,2,8,it0092,0.5464149713516235,0.36754947900772095,0.08571428571428572,False,1
D2_0,search,128,2,8,it0093,0.43995460867881775,0.3593432903289795,0.0,False,1
D2_0,search,128,2,8,it0094,0.40519651770591736,0.5657870769500732,0.07692307692307693,False,0
D2_0,search,128,2,8,it0095,0.4706462025642395,0.4652058780193329,0.0,False,1
D2_0,search,128,2,8,it0096,0.5160581469535828,0.3427478075027466,0.18181818181818182,False,1
D2_0,search,128,2,8,it0097,0.6252858638763428,0.6396905183792114,0.0,False,0
D2_0,search,128,2,8,it0098,0.5367270708084106,0.37896063923835754,0.3333333333333333,False,1
D2_0,search,128,2,8,it0099,0.2670026421546936,0.2265886664390564,0.0,False,0
D2_0,search,128,2,8,it0100,0.6334060430526733,0.6128166317939758,0.23076923076923078,False,0
D2_0,search,128,2,8,it0101,0.38930749893188477,0.29731854796409607,0.0,False,1
D2_0,search,128,2,8,it0102,0.3889918625354767,0.4824998080730438,0.0,False,0
D2_0,search,128,2,8,it0103,0.35487547516822815,0.45284807682037354,0.2727272727272727,False,0
D2_0,search,128,2,8,it0104,0.5943668484687805,0.483541339635849,0.041666666666666664,False,1
D2_0,search,128,2,8,it0105,0.3279188871383667,0.5350953936576843,0.3142857142857143,False,1
D2_0,search,128,2,8,it0106,0.5119439363479614,0.44924652576446533,0.041666666666666664,False,0
D2_0,search,128,2,8,it0107,0.6070905327796936,0.5364478230476379,0.08695652173913043,False,1
D2_0,search,128,2,8,it0108,0.5542966723442078,0.4044594466686249,0.3125,False,0
D2_0,search,128,2,8,it0109,0.5163512229919434,0.4111540913581848,0.2631578947368421,False,1
D2_0,search,128,2,8,it0110,0.16558268666267395,0.2908642292022705,0.23333333333333334,False,1
D2_0,search,128,2,8,it0111,0.2215670943260193,0.13036420941352844,0.18181818181818182,False,1
D2_0,search,128,2,8,it0112,0.6535581350326538,0.57413649559021,0.06818181818181818,False,1
D2_0,search,128,2,8,it0113,0.6068720817565918,0.5396323204040527,0.022727272727272728,False,1
D2_0,search,128,2,8,it0114,0.45561420917510986,0.35855403542518616,0.5,False,1
D2_0,search,128,2,8,it0115,0.3782670795917511,0.24321052432060242,0.0,False,0
D2_0,search,128,2,8,it0116,0.5382815003395081,0.3563213348388672,0.29411764705882354,False,1
D2_0,search,128,2,8,it0117,0.5245972871780396,0.5483988523483276,0.17647058823529413,False,1
D2_0,search,128,2,8,it0118,0.6258348822593689,0.5409183502197266,0.17307692307692307,False,1
D2_0,search,128,2,8,it0119,0.6078309416770935,0.5580732822418213,1.0,False,1
D2_0,search,128,2,8,it0120,0.5965371131896973,0.543674886226654,0.0,False,0
D2_0,search,128,2,8,it0121,0.4352247714996338,0.37923961877822876,0.2,False,0
D2_0,search,128,2,8,it0122,0.19021809101104736,0.4423322081565857,0.4090909090909091,False,1
D2_0,search,128,2,8,it0123,0.4111141562461853,0.38299861550331116,0.17647058823529413,False,0
D2_0,search,128,2,8,it0124,0.5816267728805542,0.4174877405166626,0.3939393939393939,False,1
D2_0,search,128,2,8,it0125,0.43825840950012207,0.3332946300506592,0.1794871794871795,False,1
D2_0,search,128,2,8,it0126,0.5226343274116516,0.5123294591903687,0.0,False,1
D2_0,search,128,2,8,it0127,0.4152332544326782,0.4553326368331909,0.058823529411764705,False,0
D2_0,search,128,2,8,it0128,0.4476964473724365,0.4098552167415619,0.05,False,1
D2_0,search,128,2,8,it0129,0.28086361289024353,0.2804701328277588,0.058823529411764705,False,0
D2_0,search,128,2,8,it0130,0.26510465145111084,0.323464035987854,0.0,False,0
D2_0,search,128,2,8,it0131,0.47489893436431885,0.49138352274894714,0.0967741935483871,False,1
D2_0,search,128,2,8,it0132,0.39175423979759216,0.2595611810684204,0.0,False,1
D2_0,search,128,2,8,it0133,0.5214396715164185,0.4964234232902527,0.0,False,0
D2_0,search,128,2,8,it0134,0.44322213530540466,0.3759174644947052,0.0,False,1
D2_0,search,128,2,8,it0135,0.3592238128185272,0.43048912286758423,0.23076923076923078,False,1
D2_0,search,128,2,8,it0136,0.45275694131851196,0.5189454555511475,0.0,False,1
D2_0,search,128,2,8,it0137,0.4738317131996155,0.41618841886520386,0.5833333333333334,False,1
D2_0,search,128,2,8,it0138,0.5795438885688782,0.6071555614471436,0.2777777777777778,False,1
D2_0,search,128,2,8,it0139,0.616977870464325,0.48882490396499634,0.0,False,1
D2_0,search,128,2,8,it0140,0.5175096392631531,0.446580171585083,0.3333333333333333,False,0
D2_0,search,128,2,8,it0141,0.6361513733863831,0.6361035704612732,0.13333333333333333,False,1
D2_0,search,128,2,8,it0142,0.2702745795249939,0.41804108023643494,0.16,False,0
D2_0,search,128,2,8,it0143,0.19251933693885803,0.40415599942207336,0.0,False,1
D2_0,search,128,2,8,it0144,0.6140495538711548,0.391769140958786,0.17857142857142858,False,1
D2_0,search,128,2,8,it0145,0.607415497303009,0.6497124433517456,0.025,False,1
D2_0,search,128,2,8,it0146,0.49584025144577026,0.40447357296943665,0.2,False,0
D2_0,search,128,2,8,it0147,0.40852102637290955,0.366940975189209,0.21739130434782608,False,1
D2_0,search,128,2,8,it0148,0.22735145688056946,0.18756896257400513,0.14285714285714285,False,0
D2_0,search,128,2,8,it0149,0.4370589852333069,0.4144500494003296,0.21428571428571427,False,1
D2_0,search,128,2,8,it0150,0.46140986680984497,0.32488006353378296,0.15384615384615385,False,1
D2_0,search,128,2,8,it0151,0.4912126958370209,0.4152100384235382,0.0,False,0
D2_0,search,128,2,8,it0152,0.6219030618667603,0.4116961658000946,0.0,False,1
D2_0,search,128,2,8,it0153,0.4080457091331482,0.3505392372608185,0.2857142857142857,False,0
D2_0,search,128,2,8,it0154,0.352203905582428,0.21275955438613892,0.21052631578947367,False,1
D2_0,search,128,2,8,it0155,0.27464404702186584,0.2490217387676239,0.03571428571428571,False,1
D2_0,search,128,2,8,it0156,0.34330904483795166,0.32182201743125916,0.14285714285714285,False,1
D2_0,search,128,2,8,it0157,0.5769357681274414,0.5120601058006287,0.11627906976744186,False,1
D2_0,search,128,2,8,it0158,0.34920209646224976,0.3031472861766815,0.10526315789473684,False,0
D2_0,search,128,2,8,it0159,0.2327534407377243,0.2257864773273468,0.2857142857142857,False,1
D2_0,search,128,2,8,it0160,0.599992573261261,0.45530444383621216,0.0967741935483871,False,0
D2_0,search,128,2,8,it0161,0.36731669306755066,0.35113880038261414,0.034482758620689655,False,1
D2_0,search,128,2,8,it0162,0.2042078822851181,0.29208633303642273,0.18518518518518517,False,0
D2_0,search,128,2,8,it0163,0.5737842321395874,0.5682235956192017,0.058823529411764705,False,1
D2_0,search,128,2,8,it0164,0.45273998379707336,0.32665807008743286,0.16129032258064516,False,0
D2_0,search,128,2,8,it0165,0.38695427775382996,0.43542659282684326,0.06060606060606061,False,1
D2_0,search,128,2,8,it0166,0.5267573595046997,0.4122042953968048,0.08333333333333333,False,1
D2_0,search,128,2,8,it0167,0.5178910493850708,0.4770473837852478,0.21052631578947367,False,1
D2_0,search,128,2,8,it0168,0.3741101920604706,0.3508448898792267,0.0,False,1
D2_0,search,128,2,8,it0169,0.4291706085205078,0.4786853790283203,0.15,False,1
D2_0,search,128,2,8,it0170,0.39296919107437134,0.43833279609680176,0.47058823529411764,False,1
D2_0,search,128,2,8,it0171,0.6770917177200317,0.5919950008392334,0.09523809523809523,False,0
D2_0,search,128,2,8,it0172,0.287445604801178,0.3412970006465912,0.24,False,0
D2_0,search,128,2,8,it0173,0.6559960842132568,0.5946568250656128,0.0,False,0
D2_0,search,128,2,8,it0174,0.5339983701705933,0.4115939438343048,0.375,False,0
D2_0,search,128,2,8,it0175,0.27698421478271484,0.3316330313682556,0.0,False,1
D2_0,search,128,2,8,it0176,0.30732887983322144,0.28466787934303284,0.0,False,1
D2_0,search,128,2,8,it0177,0.49756497144699097,0.4999324381351471,0.10526315789473684,False,1
D2_0,search,128,2,8,it0178,0.3642488121986389,0.33016353845596313,0.47058823529411764,False,0
D2_0,search,128,2,8,it0179,0.6264983415603638,0.6324472427368164,0.25806451612903225,False,0
D2_0,search,128,2,8,it0180,0.4086330533027649,0.4481675624847412,0.07142857142857142,False,1
D2_0,search,128,2,8,it0181,0.5375766158103943,0.5841636657714844,0.07317073170731707,False,1
D2_0,search,128,2,8,it0182,0.4346850514411926,0.3637809753417969,0.2,False,1
D2_0,search,128,2,8,it0183,0.5847737789154053,0.5402581095695496,0.04,False,1
D2_0,search,128,2,8,it0184,0.21674154698848724,0.28538456559181213,0.26666666666666666,False,1
D2_0,search,128,2,8,it0185,0.4661291837692261,0.5130729675292969,0.06451612903225806,False,0
D2_0,search,128,2,8,it0186,0.6231029033660889,0.48540839552879333,0.25,False,1
D2_0,search,128,2,8,it0187,0.4758262634277344,0.43341150879859924,0.0,False,0
D2_0,search,128,2,8,it0188,0.5369290113449097,0.44658222794532776,0.05555555555555555,False,0
D2_0,search,128,2,8,it0189,0.40970033407211304,0.30758798122406006,0.0,False,0
D2_0,search,128,2,8,it0190,0.5739537477493286,0.48138177394866943,0.0,False,1
D2_0,search,128,2,8,it0191,0.526954710483551,0.3572935163974762,0.08,False,0
D2_0,search,128,2,8,it0192,0.5564174056053162,0.5679620504379272,0.2222222222222222,False,1
D2_0,search,128,2,8,it0193,0.48109304904937744,0.28924560546875,0.25,False,1
D2_0,search,128,2,8,it0194,0.6294151544570923,0.6733807921409607,0.0,False,0
D2_0,search,128,2,8,it0195,0.5128335356712341,0.48362278938293457,0.2692307692307692,False,1
D2_0,search,128,2,8,it0196,0.45272111892700195,0.3185203969478607,0.0,False,1
D2_0,search,128,2,8,it0197,0.35489118099212646,0.3893727958202362,0.0,False,1
D2_0,search,128,2,8,it0198,0.26094353199005127,0.2505472004413605,0.0,False,1
D2_0,search,128,2,8,it0199,0.47890716791152954,0.42832112312316895,0.11764705882352941,False,1
D2_0,search,256,4,8,it0000,0.5516251921653748,0.5383715033531189,0.15217391304347827,False,0
D2_0,search,256,4,8,it0001,0.4821010231971741,0.2970322370529175,0.4444444444444444,False,0
D2_0,search,256,4,8,it0002,0.4347919821739197,0.407604843378067,0.26666666666666666,False,3
D2_0,search,256,4,8,it0003,0.37689006328582764,0.3697623908519745,0.0,False,0
D2_0,search,256,4,8,it0004,0.45910871028900146,0.4243810474872589,0.375,False,1
D2_0,search,256,4,8,it0005,0.49852120876312256,0.4121995270252228,0.1111111111111111,False,1
D2_0,search,256,4,8,it0006,0.34474074840545654,0.36205610632896423,0.16666666666666666,False,1
D2_0,search,256,4,8,it0007,0.2630067467689514,0.356377512216568,0.20454545454545456,False,0
D2_0,search,256,4,8,it0008,0.34406518936157227,0.22820574045181274,0.3333333333333333,False,1
D2_0,search,256,4,8,it0009,0.470697820186615,0.4226452112197876,0.037037037037037035,False,2
D2_0,search,256,4,8,it0010,0.6157023310661316,0.6140608787536621,0.16666666666666666,False,2
D2_0,search,256,4,8,it0011,0.644183874130249,0.596782386302948,0.0,False,1
D2_0,search,256,4,8,it0012,0.40409401059150696,0.43837398290634155,0.5517241379310345,False,1
D2_0,search,256,4,8,it0013,0.5865607261657715,0.6350966691970825,0.07407407407407407,False,3
D2_0,search,256,4,8,it0014,0.4960520565509796,0.46500879526138306,0.0,False,2
D2_0,search,256,4,8,it0015,0.5334556102752686,0.5968633890151978,0.17647058823529413,False,1
D2_0,search,256,4,8,it0016,0.5088838934898376,0.4327548146247864,0.08823529411764706,False,3
D2_0,search,256,4,8,it0017,0.44412264227867126,0.36107486486434937,0.06666666666666667,False,3
D2_0,search,256,4,8,it0018,0.45558130741119385,0.43078914284706116,0.20588235294117646,False,3
D2_0,search,256,4,8,it0019,0.5354415774345398,0.5323639512062073,0.15217391304347827,False,3
D2_0,search,256,4,8,it0020,0.3479464054107666,0.42883384227752686,0.07692307692307693,False,0
D2_0,search,256,4,8,it0021,0.5953729152679443,0.5528787970542908,0.18181818181818182,False,3
D2_0,search,256,4,8,it0022,0.4652785360813141,0.4805716872215271,0.225,False,3
D2_0,search,256,4,8,it0023,0.6847346425056458,0.5734387040138245,0.1111111111111111,False,0
D2_0,search,256,4,8,it0024,0.6164902448654175,0.4994720220565796,0.14285714285714285,False,0
D2_0,search,256,4,8,it0025,0.5895695090293884,0.5649337768554688,0.2,False,0
D2_0,search,256,4,8,it0026,0.2006455510854721,0.26025354862213135,0.0,False,1
D2_0,search,256,4,8,it0027,0.678052544593811,0.6463881731033325,0.125,False,0
D2_0,search,256,4,8,it0028,0.5017597675323486,0.5580088496208191,0.21428571428571427,False,3
D2_0,search,256,4,8,it0029,0.36607825756073,0.4932413697242737,0.125,False,0
D2_0,search,256,4,8,it0030,0.6175971031188965,0.46668538451194763,0.12,False,3
D2_0,search,256,4,8,it0031,0.33948254585266113,0.316623717546463,0.5,False,0
D2_0,search,256,4,8,it0032,0.6753497123718262,0.5307111144065857,0.2222222222222222,False,2
D2_0,search,256,4,8,it0033,0.4445529878139496,0.3351452350616455,0.0,False,1
D2_0,search,256,4,8,it0034,0.4255450963973999,0.3511602282524109,0.2,False,1
D2_0,search,256,4,8,it0035,0.29490119218826294,0.23093296587467194,0.38461538461538464,False,0
D2_0,search,256,4,8,it0036,0.6353029608726501,0.5106160044670105,0.1111111111111111,False,0
D2_0,search,256,4,8,it0037,0.5235151052474976,0.49620115756988525,0.0,False,1
D2_0,search,256,4,8,it0038,0.44569656252861023,0.28862640261650085,0.16216216216216217,False,0
D2_0,search,256,4,8,it0039,0.5151870250701904,0.5225064754486084,0.07317073170731707,False,2
D2_0,search,256,4,8,it0040,0.4600372910499573,0.33796802163124084,0.0,False,3
D2_0,search,256,4,8,it0041,0.6660904884338379,0.4423055946826935,0.045454545454545456,False,3
D2_0,search,256,4,8,it0042,0.46528342366218567,0.4912453293800354,0.2222222222222222,False,0
D2_0,search,256,4,8,it0043,0.25169476866722107,0.2607520818710327,0.15384615384615385,False,2
D2_0,search,256,4,8,it0044,0.3613053262233734,0.5219363570213318,0.64,False,2
D2_0,search,256,4,8,it0045,0.27111756801605225,0.40773776173591614,0.16666666666666666,False,1
D2_0,search,256,4,8,it0046,0.2985795736312866,0.3637791872024536,0.0,False,3
D2_0,search,256,4,8,it0047,0.3562263548374176,0.36477771401405334,0.65,False,0
D2_0,search,256,4,8,it0048,0.540103018283844,0.47116172313690186,0.25,False,3
D2_0,search,256,4,8,it0049,0.29926061630249023,0.5720893144607544,0.18181818181818182,False,0
D2_0,search,256,4,8,it0050,0.30736568570137024,0.2004932463169098,0.18181818181818182,False,3
D2_0,search,256,4,8,it0051,0.24830448627471924,0.49367865920066833,0.0,False,3
D2_0,search,256,4,8,it0052,0.25131186842918396,0.3004431426525116,0.0,False,1
D2_0,search,256,4,8,it0053,0.34042590856552124,0.4419693946838379,0.16216216216216217,False,1
D2_0,search,256,4,8,it0054,0.35908252000808716,0.25514692068099976,0.0,False,1
D2_0,search,256,4,8,it0055,0.6491168737411499,0.6137641668319702,0.19230769230769232,False,0
D2_0,search,256,4,8,it0056,0.33970117568969727,0.26664572954177856,0.35,False,2
D2_0,search,256,4,8,it0057,0.5894742012023926,0.43350929021835327,0.029411764705882353,False,1
D2_0,search,256,4,8,it0058,0.4594418406486511,0.439483642578125,0.08333333333333333,False,3
D2_0,search,256,4,8,it0059,0.5480029582977295,0.5565811395645142,0.03571428571428571,False,0
D2_0,search,256,4,8,it0060,0.400911420583725,0.4392750561237335,0.11764705882352941,False,0
D2_0,search,256,4,8,it0061,0.49296653270721436,0.6268801689147949,0.0,False,1
D2_0,search,256,4,8,it0062,0.5997441411018372,0.567950427532196,0.047619047619047616,False,0
D2_0,search,256,4,8,it0063,0.4158671498298645,0.3475254476070404,0.20689655172413793,False,3
D2_0,search,256,4,8,it0064,0.47489434480667114,0.4643295407295227,0.2222222222222222,False,0
D2_0,search,256,4,8,it0065,0.6218395233154297,0.6216458082199097,0.23076923076923078,False,0
D2_0,search,256,4,8,it0066,0.2250191569328308,0.37809187173843384,0.2857142857142857,False,1
D2_0,search,256,4,8,it0067,0.24246977269649506,0.239034503698349,0.2222222222222222,False,0
D2_0,search,256,4,8,it0068,0.6656322479248047,0.5973834991455078,0.0,False,1
D2_0,search,256,4,8,it0069,0.4272427260875702,0.43025487661361694,0.22727272727272727,False,1
D2_0,search,256,4,8,it0070,0.41939643025398254,0.5206246376037598,0.0,False,3
D2_0,search,256,4,8,it0071,0.4761168658733368,0.5105679631233215,0.17857142857142858,False,3
D2_0,search,256,4,8,it0072,0.5081264972686768,0.5297961831092834,0.045454545454545456,False,1
D2_0,search,256,4,8,it0073,0.1225089430809021,0.4102638363838196,0.3103448275862069,False,2
D2_0,search,256,4,8,it0074,0.2053118348121643,0.3421001732349396,0.0,False,0
D2_0,search,256,4,8,it0075,0.40198561549186707,0.4156152009963989,0.0,False,2
D2_0,search,256,4,8,it0076,0.5491258502006531,0.32943886518478394,0.43478260869565216,False,3
D2_0,search,256,4,8,it0077,0.543152391910553,0.6368458867073059,0.08333333333333333,False,1
D2_0,search,256,4,8,it0078,0.3889838755130768,0.27116328477859497,0.047619047619047616,False,1
D2_0,search,256,4,8,it0079,0.6146672964096069,0.6409514546394348,0.0,False,3
D2_0,search,256,4,8,it0080,0.4533114433288574,0.35740169882774353,0.36585365853658536,False,3
D2_0,search,256,4,8,it0081,0.38766956329345703,0.3270717263221741,0.03571428571428571,False,3
D2_0,search,256,4,8,it0082,0.5015212297439575,0.5411678552627563,0.11764705882352941,False,2
D2_0,search,256,4,8,it0083,0.5285439491271973,0.3682161867618561,0.08823529411764706,False,1
D2_0,search,256,4,8,it0084,0.5999691486358643,0.5355470180511475,0.08888888888888889,False,0
D2_0,search,256,4,8,it0085,0.5978896617889404,0.4478338360786438,0.14285714285714285,False,1
D2_0,search,256,4,8,it0086,0.5502355098724365,0.6319639682769775,0.35294117647058826,False,2
D2_0,search,256,4,8,it0087,0.46624496579170227,0.5946997404098511,0.1875,False,0
D2_0,search,256,4,8,it0088,0.43238145112991333,0.451476126909256,0.047619047619047616,False,0
D2_0,search,256,4,8,it0089,0.38452616333961487,0.4177224636077881,0.0,False,0
D2_0,search,256,4,8,it0090,0.5422194004058838,0.5902469754219055,0.0,False,2
D2_0,search,256,4,8,it0091,0.5503758192062378,0.5610080361366272,0.0,False,3
D2_0,search,256,4,8,it0092,0.5053444504737854,0.44067928194999695,0.0,False,3
D2_0,search,256,4,8,it0093,0.45936161279678345,0.4056323766708374,0.10526315789473684,False,3
D2_0,search,256,4,8,it0094,0.40519651770591736,0.5657870769500732,0.07692307692307693,False,0
D2_0,search,256,4,8,it0095,0.4706462025642395,0.4652058780193329,0.0,False,1
D2_0,search,256,4,8,it0096,0.5095604062080383,0.4799898564815521,0.18181818181818182,False,2
D2_0,search,256,4,8,it0097,0.5529043674468994,0.6489141583442688,0.0,False,3
D2_0,search,256,4,8,it0098,0.5264418721199036,0.466733455657959,0.07407407407407407,False,2
D2_0,search,256,4,8,it0099,0.2670026421546936,0.2265886664390564,0.0,False,0
D2_0,search,256,4,8,it0100,0.6334060430526733,0.6128166317939758,0.23076923076923078,False,0
D2_0,search,256,4,8,it0101,0.33855125308036804,0.3166273832321167,0.07894736842105263,False,2
D2_0,search,256,4,8,it0102,0.3889918625354767,0.4824998080730438,0.0,False,0
D2_0,search,256,4,8,it0103,0.45405107736587524,0.4674850106239319,0.13636363636363635,False,3
D2_0,search,256,4,8,it0104,0.4935451149940491,0.5395991206169128,0.041666666666666664,False,3
D2_0,search,256,4,8,it0105,0.3279188871383667,0.5350953936576843,0.3142857142857143,False,1
D2_0,search,256,4,8,it0106,0.4715674817562103,0.47759687900543213,0.08333333333333333,False,2
D2_0,search,256,4,8,it0107,0.6070905327796936,0.5364478230476379,0.08695652173913043,False,1
D2_0,search,256,4,8,it0108,0.5542966723442078,0.4044594466686249,0.3125,False,0
D2_0,search,256,4,8,it0109,0.5163512229919434,0.4111540913581848,0.2631578947368421,False,1
D2_0,search,256,4,8,it0110,0.16558268666267395,0.2908642292022705,0.23333333333333334,False,1
D2_0,search,256,4,8,it0111,0.2215670943260193,0.13036420941352844,0.18181818181818182,False,1
D2_0,search,256,4,8,it0112,0.6535581350326538,0.57413649559021,0.06818181818181818,False,1
D2_0,search,256,4,8,it0113,0.6068720817565918,0.5396323204040527,0.022727272727272728,False,1
D2_0,search,256,4,8,it0114,0.428602933883667,0.4371318221092224,0.2222222222222222,False,2
D2_0,search,256,4,8,it0115,0.38748636841773987,0.32749924063682556,0.0,False,2
D2_0,search,256,4,8,it0116,0.4691449999809265,0.4332830011844635,0.29411764705882354,False,3
D2_0,search,256,4,8,it0117,0.5245972871780396,0.5483988523483276,0.17647058823529413,False,1
D2_0,search,256,4,8,it0118,0.6258348822593689,0.5409183502197266,0.17307692307692307,False,1
D2_0,search,256,4,8,it0119,0.4649941623210907,0.5615224242210388,0.5,False,2
D2_0,search,256,4,8,it0120,0.5965371131896973,0.543674886226654,0.0,False,0
D2_0,search,256,4,8,it0121,0.5157273411750793,0.5109670758247375,0.1,False,2
D2_0,search,256,4,8,it0122,0.19021809101104736,0.4423322081565857,0.4090909090909091,False,1
D2_0,search,256,4,8,it0123,0.3577977120876312,0.43103328347206116,0.058823529411764705,False,3
D2_0,search,256,4,8,it0124,0.6196134090423584,0.4380512237548828,0.15151515151515152,False,3
D2_0,search,256,4,8,it0125,0.5247503519058228,0.3413269817829132,0.20512820512820512,False,2
D2_0,search,256,4,8,it0126,0.5226343274116516,0.5123294591903687,0.0,False,1
D2_0,search,256,4,8,it0127,0.4152332544326782,0.4553326368331909,0.058823529411764705,False,0
D2_0,search,256,4,8,it0128,0.4476964473724365,0.4098552167415619,0.05,False,1
D2_0,search,256,4,8,it0129,0.2334076464176178,0.3524167537689209,0.0,False,3
D2_0,search,256,4,8,it0130,0.3416443169116974,0.3793964087963104,0.1,False,2
D2_0,search,256,4,8,it0131,0.3942059576511383,0.5152130126953125,0.22580645161290322,False,2
D2_0,search,256,4,8,it0132,0.3124765455722809,0.2649579644203186,0.14285714285714285,False,3
D2_0,search,256,4,8,it0133,0.5678935647010803,0.6613940000534058,0.0,False,3
D2_0,search,256,4,8,it0134,0.44322213530540466,0.3759174644947052,0.0,False,1
D2_0,search,256,4,8,it0135,0.3592238128185272,0.43048912286758423,0.23076923076923078,False,1
D2_0,search,256,4,8,it0136,0.45275694131851196,0.5189454555511475,0.0,False,1
D2_0,search,256,4,8,it0137,0.49079927802085876,0.4485833942890167,0.25,False,3
D2_0,search,256,4,8,it0138,0.5555180311203003,0.6604412794113159,0.2777777777777778,False,2
D2_0,search,256,4,8,it0139,0.5768107771873474,0.5222722887992859,0.05555555555555555,False,3
D2_0,search,256,4,8,it0140,0.5175096392631531,0.446580171585083,0.3333333333333333,False,0
D2_0,search,256,4,8,it0141,0.5815483927726746,0.6594781279563904,0.1,False,2
D2_0,search,256,4,8,it0142,0.2702745795249939,0.41804108023643494,0.16,False,0
D2_0,search,256,4,8,it0143,0.31303179264068604,0.457632839679718,0.0,False,2
D2_0,search,256,4,8,it0144,0.5393232703208923,0.5146874785423279,0.07142857142857142,False,2
D2_0,search,256,4,8,it0145,0.607415497303009,0.6497124433517456,0.025,False,1
D2_0,search,256,4,8,it0146,0.3870760202407837,0.42943352460861206,0.0,False,2
D2_0,search,256,4,8,it0147,0.39922934770584106,0.37228959798812866,0.0,False,2
D2_0,search,256,4,8,it0148,0.22735145688056946,0.18756896257400513,0.14285714285714285,False,0
D2_0,search,256,4,8,it0149,0.5631343126296997,0.48284730315208435,0.2857142857142857,False,3
D2_0,search,256,4,8,it0150,0.46140986680984497,0.32488006353378296,0.15384615384615385,False,1
D2_0,search,256,4,8,it0151,0.49134498834609985,0.4584762454032898,0.0,False,3
D2_0,search,256,4,8,it0152,0.6023858189582825,0.49502038955688477,0.0,False,2
D2_0,search,256,4,8,it0153,0.3286096453666687,0.3541865348815918,0.2619047619047619,False,3
D2_0,search,256,4,8,it0154,0.41198858618736267,0.3022903800010681,0.42105263157894735,False,3
D2_0,search,256,4,8,it0155,0.38923612236976624,0.35141053795814514,0.03571428571428571,False,3
D2_0,search,256,4,8,it0156,0.32932084798812866,0.3565087616443634,0.0,False,2
D2_0,search,256,4,8,it0157,0.5769357681274414,0.5120601058006287,0.11627906976744186,False,1
D2_0,search,256,4,8,it0158,0.3048367500305176,0.3196551501750946,0.10526315789473684,False,3
D2_0,search,256,4,8,it0159,0.291703999042511,0.24440251290798187,0.2857142857142857,False,3
D2_0,search,256,4,8,it0160,0.599992573261261,0.45530444383621216,0.0967741935483871,False,0
D2_0,search,256,4,8,it0161,0.532886803150177,0.4496077299118042,0.0,False,3
D2_0,search,256,4,8,it0162,0.2042078822851181,0.29208633303642273,0.18518518518518517,False,0
D2_0,search,256,4,8,it0163,0.5737842321395874,0.5682235956192017,0.058823529411764705,False,1
D2_0,search,256,4,8,it0164,0.5066220164299011,0.39396223425865173,0.0,False,3
D2_0,search,256,4,8,it0165,0.38695427775382996,0.43542659282684326,0.06060606060606061,False,1
D2_0,search,256,4,8,it0166,0.5267573595046997,0.4122042953968048,0.08333333333333333,False,1
D2_0,search,256,4,8,it0167,0.5178910493850708,0.4770473837852478,0.21052631578947367,False,1
D2_0,search,256,4,8,it0168,0.3741101920604706,0.3508448898792267,0.0,False,1
D2_0,search,256,4,8,it0169,0.4291706085205078,0.4786853790283203,0.15,False,1
D2_0,search,256,4,8,it0170,0.39296919107437134,0.43833279609680176,0.47058823529411764,False,1
D2_0,search,256,4,8,it0171,0.6770917177200317,0.5919950008392334,0.09523809523809523,False,0
D2_0,search,256,4,8,it0172,0.2306189388036728,0.3853735327720642,0.04,False,3
D2_0,search,256,4,8,it0173,0.6535152196884155,0.6958827972412109,0.13333333333333333,False,3
D2_0,search,256,4,8,it0174,0.5339983701705933,0.4115939438343048,0.375,False,0
D2_0,search,256,4,8,it0175,0.1580514758825302,0.3433035910129547,0.0,False,2
D2_0,search,256,4,8,it0176,0.37510496377944946,0.46214979887008667,0.1111111111111111,False,2
D2_0,search,256,4,8,it0177,0.39683467149734497,0.5007079243659973,0.10526315789473684,False,2
D2_0,search,256,4,8,it0178,0.3642488121986389,0.33016353845596313,0.47058823529411764,False,0
D2_0,search,256,4,8,it0179,0.6416195631027222,0.6417303681373596,0.12903225806451613,False,3
D2_0,search,256,4,8,it0180,0.39366012811660767,0.527412474155426,0.07142857142857142,False,3
D2_0,search,256,4,8,it0181,0.6450037956237793,0.6067269444465637,0.024390243902439025,False,3
D2_0,search,256,4,8,it0182,0.5215005874633789,0.46567976474761963,0.0,False,2
D2_0,search,256,4,8,it0183,0.5847737789154053,0.5402581095695496,0.04,False,1
D2_0,search,256,4,8,it0184,0.21674154698848724,0.28538456559181213,0.26666666666666666,False,1
D2_0,search,256,4,8,it0185,0.4661291837692261,0.5130729675292969,0.06451612903225806,False,0
D2_0,search,256,4,8,it0186,0.5540241003036499,0.4866805076599121,0.041666666666666664,False,2
D2_0,search,256,4,8,it0187,0.4758262634277344,0.43341150879859924,0.0,False,0
D2_0,search,256,4,8,it0188,0.5369290113449097,0.44658222794532776,0.05555555555555555,False,0
D2_0,search,256,4,8,it0189,0.4555203318595886,0.43489232659339905,0.05,False,3
D2_0,search,256,4,8,it0190,0.5704073905944824,0.5805338621139526,0.0,False,2
D2_0,search,256,4,8,it0191,0.526954710483551,0.3572935163974762,0.08,False,0
D2_0,search,256,4,8,it0192,0.6182223558425903,0.659847617149353,0.14814814814814814,False,3
D2_0,search,256,4,8,it0193,0.48109304904937744,0.28924560546875,0.25,False,1
D2_0,search,256,4,8,it0194,0.6294151544570923,0.6733807921409607,0.0,False,0
D2_0,search,256,4,8,it0195,0.6634474992752075,0.5181201100349426,0.038461538461538464,False,3
D2_0,search,256,4,8,it0196,0.5018875002861023,0.5281033515930176,0.14285714285714285,False,3
D2_0,search,256,4,8,it0197,0.35489118099212646,0.3893727958202362,0.0,False,1
D2_0,search,256,4,8,it0198,0.3593759536743164,0.2588368058204651,0.125,False,3
D2_0,search,256,4,8,it0199,0.4284113943576813,0.45932483673095703,0.0,False,3
D2_0,search,512,8,8,it0000,0.630369246006012,0.6758535504341125,0.30434782608695654,False,6
D2_0,search,512,8,8,it0001,0.45669272541999817,0.3265823721885681,0.1111111111111111,False,6
D2_0,search,512,8,8,it0002,0.4347919821739197,0.407604843378067,0.26666666666666666,False,3
D2_0,search,512,8,8,it0003,0.4550049304962158,0.39767691493034363,0.13333333333333333,False,4
D2_0,search,512,8,8,it0004,0.45910871028900146,0.4243810474872589,0.375,False,1
D2_0,search,512,8,8,it0005,0.4854097068309784,0.4688599407672882,0.037037037037037035,False,4
D2_0,search,512,8,8,it0006,0.35484981536865234,0.39464497566223145,0.2777777777777778,False,4
D2_0,search,512,8,8,it0007,0.3906671404838562,0.3635674715042114,0.18181818181818182,False,7
D2_0,search,512,8,8,it0008,0.3405648171901703,0.24760182201862335,0.6190476190476191,False,4
D2_0,search,512,8,8,it0009,0.470697820186615,0.4226452112197876,0.037037037037037035,False,2
D2_0,search,512,8,8,it0010,0.6157023310661316,0.6140608787536621,0.16666666666666666,False,2
D2_0,search,512,8,8,it0011,0.644183874130249,0.596782386302948,0.0,False,1
D2_0,search,512,8,8,it0012,0.40409401059150696,0.43837398290634155,0.5517241379310345,False,1
D2_0,search,512,8,8,it0013,0.5865607261657715,0.6350966691970825,0.07407407407407407,False,3
D2_0,search,512,8,8,it0014,0.5368691086769104,0.5399161577224731,0.0,False,4
D2_0,search,512,8,8,it0015,0.5334556102752686,0.5968633890151978,0.17647058823529413,False,1
D2_0,search,512,8,8,it0016,0.6387943625450134,0.5312595367431641,0.2647058823529412,False,5
D2_0,search,512,8,8,it0017,0.5833094716072083,0.3663478493690491,0.0,False,6
D2_0,search,512,8,8,it0018,0.45558130741119385,0.43078914284706116,0.20588235294117646,False,3
D2_0,search,512,8,8,it0019,0.5354415774345398,0.5323639512062073,0.15217391304347827,False,3
D2_0,search,512,8,8,it0020,0.3479464054107666,0.42883384227752686,0.07692307692307693,False,0
D2_0,search,512,8,8,it0021,0.5953729152679443,0.5528787970542908,0.18181818181818182,False,3
D2_0,search,512,8,8,it0022,0.4744267463684082,0.5108150243759155,0.175,False,7
D2_0,search,512,8,8,it0023,0.6847346425056458,0.5734387040138245,0.1111111111111111,False,0
D2_0,search,512,8,8,it0024,0.6164902448654175,0.4994720220565796,0.14285714285714285,False,0
D2_0,search,512,8,8,it0025,0.6353506445884705,0.6248853206634521,0.1,False,4
D2_0,search,512,8,8,it0026,0.2006455510854721,0.26025354862213135,0.0,False,1
D2_0,search,512,8,8,it0027,0.678052544593811,0.6463881731033325,0.125,False,0
D2_0,search,512,8,8,it0028,0.5017597675323486,0.5580088496208191,0.21428571428571427,False,3
D2_0,search,512,8,8,it0029,0.36607825756073,0.4932413697242737,0.125,False,0
D2_0,search,512,8,8,it0030,0.5950266122817993,0.4736059904098511,0.16,False,6
D2_0,search,512,8,8,it0031,0.33948254585266113,0.316623717546463,0.5,False,0
D2_0,search,512,8,8,it0032,0.6392308473587036,0.5591645836830139,0.1111111111111111,False,5
D2_0,search,512,8,8,it0033,0.4445529878139496,0.3351452350616455,0.0,False,1
D2_0,search,512,8,8,it0034,0.5710367560386658,0.49569928646087646,0.16666666666666666,False,4
D2_0,search,512,8,8,it0035,0.33466118574142456,0.23791514337062836,0.46153846153846156,False,5
D2_0,search,512,8,8,it0036,0.5141881704330444,0.5456111431121826,0.05555555555555555,False,6
D2_0,search,512,8,8,it0037,0.532037079334259,0.5016452670097351,0.2,False,5
D2_0,search,512,8,8,it0038,0.44569656252861023,0.28862640261650085,0.16216216216216217,False,0
D2_0,search,512,8,8,it0039,0.5151870250701904,0.5225064754486084,0.07317073170731707,False,2
D2_0,search,512,8,8,it0040,0.4600372910499573,0.33796802163124084,0.0,False,3
D2_0,search,512,8,8,it0041,0.6953784823417664,0.4753034710884094,0.22727272727272727,False,5
D2_0,search,512,8,8,it0042,0.46528342366218567,0.4912453293800354,0.2222222222222222,False,0
D2_0,search,512,8,8,it0043,0.3599931001663208,0.357733815908432,0.11538461538461539,False,5
D2_0,search,512,8,8,it0044,0.3613053262233734,0.5219363570213318,0.64,False,2
D2_0,search,512,8,8,it0045,0.35867181420326233,0.4979226589202881,0.03333333333333333,False,7
D2_0,search,512,8,8,it0046,0.2985795736312866,0.3637791872024536,0.0,False,3
D2_0,search,512,8,8,it0047,0.43950873613357544,0.45291584730148315,0.6,False,4
D2_0,search,512,8,8,it0048,0.4480907618999481,0.5207934379577637,0.1875,False,5
D2_0,search,512,8,8,it0049,0.29926061630249023,0.5720893144607544,0.18181818181818182,False,0
D2_0,search,512,8,8,it0050,0.30736568570137024,0.2004932463169098,0.18181818181818182,False,3
D2_0,search,512,8,8,it0051,0.24830448627471924,0.49367865920066833,0.0,False,3
D2_0,search,512,8,8,it0052,0.25131186842918396,0.3004431426525116,0.0,False,1
D2_0,search,512,8,8,it0053,0.32093608379364014,0.4518555998802185,0.13513513513513514,False,7
D2_0,search,512,8,8,it0054,0.3586384952068329,0.29471519589424133,0.16666666666666666,False,4
D2_0,search,512,8,8,it0055,0.6491168737411499,0.6137641668319702,0.19230769230769232,False,0
D2_0,search,512,8,8,it0056,0.33970117568969727,0.26664572954177856,0.35,False,2
D2_0,search,512,8,8,it0057,0.5409712195396423,0.4758601188659668,0.08823529411764706,False,4
D2_0,search,512,8,8,it0058,0.4594418406486511,0.439483642578125,0.08333333333333333,False,3
D2_0,search,512,8,8,it0059,0.5396245121955872,0.5710453987121582,0.14285714285714285,False,5
D2_0,search,512,8,8,it0060,0.400911420583725,0.4392750561237335,0.11764705882352941,False,0
D2_0,search,512,8,8,it0061,0.5750707983970642,0.6360032558441162,0.0,False,4
D2_0,search,512,8,8,it0062,0.6274512410163879,0.6034138798713684,0.09523809523809523,False,7
D2_0,search,512,8,8,it0063,0.4158671498298645,0.3475254476070404,0.20689655172413793,False,3
D2_0,search,512,8,8,it0064,0.47489434480667114,0.4643295407295227,0.2222222222222222,False,0
D2_0,search,512,8,8,it0065,0.6218395233154297,0.6216458082199097,0.23076923076923078,False,0
D2_0,search,512,8,8,it0066,0.2250191569328308,0.37809187173843384,0.2857142857142857,False,1
D2_0,search,512,8,8,it0067,0.24246977269649506,0.239034503698349,0.2222222222222222,False,0
D2_0,search,512,8,8,it0068,0.7096288204193115,0.6622494459152222,0.05128205128205128,False,6
D2_0,search,512,8,8,it0069,0.42386654019355774,0.47065305709838867,0.09090909090909091,False,6
D2_0,search,512,8,8,it0070,0.41939643025398254,0.5206246376037598,0.0,False,3
D2_0,search,512,8,8,it0071,0.4761168658733368,0.5105679631233215,0.17857142857142858,False,3
D2_0,search,512,8,8,it0072,0.5081264972686768,0.5297961831092834,0.045454545454545456,False,1
D2_0,search,512,8,8,it0073,0.1225089430809021,0.4102638363838196,0.3103448275862069,False,2
D2_0,search,512,8,8,it0074,0.37804293632507324,0.34652823209762573,0.4666666666666667,False,7
D2_0,search,512,8,8,it0075,0.29938605427742004,0.4360853433609009,0.043478260869565216,False,4
D2_0,search,512,8,8,it0076,0.5491258502006531,0.32943886518478394,0.43478260869565216,False,3
D2_0,search,512,8,8,it0077,0.5105175375938416,0.7411527037620544,0.3333333333333333,False,7
D2_0,search,512,8,8,it0078,0.27766379714012146,0.33047881722450256,0.0,False,6
D2_0,search,512,8,8,it0079,0.6146672964096069,0.6409514546394348,0.0,False,3
D2_0,search,512,8,8,it0080,0.4533114433288574,0.35740169882774353,0.36585365853658536,False,3
D2_0,search,512,8,8,it0081,0.33671149611473083,0.37239766120910645,0.07142857142857142,False,6
D2_0,search,512,8,8,it0082,0.5015212297439575,0.5411678552627563,0.11764705882352941,False,2
D2_0,search,512,8,8,it0083,0.538669228553772,0.4469406008720398,0.11764705882352941,False,6
D2_0,search,512,8,8,it0084,0.5999691486358643,0.5355470180511475,0.08888888888888889,False,0
D2_0,search,512,8,8,it0085,0.7046905159950256,0.45086491107940674,0.07142857142857142,False,6
D2_0,search,512,8,8,it0086,0.5502355098724365,0.6319639682769775,0.35294117647058826,False,2
D2_0,search,512,8,8,it0087,0.5230244994163513,0.6634448766708374,0.3125,False,7
D2_0,search,512,8,8,it0088,0.43238145112991333,0.451476126909256,0.047619047619047616,False,0
D2_0,search,512,8,8,it0089,0.38452616333961487,0.4177224636077881,0.0,False,0
D2_0,search,512,8,8,it0090,0.5422194004058838,0.5902469754219055,0.0,False,2
D2_0,search,512,8,8,it0091,0.5503758192062378,0.5610080361366272,0.0,False,3
D2_0,search,512,8,8,it0092,0.50779128074646,0.44331443309783936,0.0,False,7
D2_0,search,512,8,8,it0093,0.5248898267745972,0.41972243785858154,0.05263157894736842,False,4
D2_0,search,512,8,8,it0094,0.33911630511283875,0.5726261138916016,0.0,False,4
D2_0,search,512,8,8,it0095,0.5897668600082397,0.5796799063682556,0.2857142857142857,False,7
D2_0,search,512,8,8,it0096,0.5095604062080383,0.4799898564815521,0.18181818181818182,False,2
D2_0,search,512,8,8,it0097,0.5529043674468994,0.6489141583442688,0.0,False,3
D2_0,search,512,8,8,it0098,0.5264418721199036,0.466733455657959,0.07407407407407407,False,2
D2_0,search,512,8,8,it0099,0.2882073223590851,0.24019551277160645,0.043478260869565216,False,4
D2_0,search,512,8,8,it0100,0.5331838726997375,0.6240216493606567,0.0,False,4
D2_0,search,512,8,8,it0101,0.43849048018455505,0.3869887888431549,0.13157894736842105,False,5
D2_0,search,512,8,8,it0102,0.3889918625354767,0.4824998080730438,0.0,False,0
D2_0,search,512,8,8,it0103,0.44093942642211914,0.5660207867622375,0.13636363636363635,False,5
D2_0,search,512,8,8,it0104,0.5894744396209717,0.5566827058792114,0.20833333333333334,False,5
D2_0,search,512,8,8,it0105,0.395979642868042,0.5435184240341187,0.14285714285714285,False,4
D2_0,search,512,8,8,it0106,0.4229811429977417,0.48094141483306885,0.041666666666666664,False,5
D2_0,search,512,8,8,it0107,0.6070905327796936,0.5364478230476379,0.08695652173913043,False,1
D2_0,search,512,8,8,it0108,0.5542966723442078,0.4044594466686249,0.3125,False,0
D2_0,search,512,8,8,it0109,0.5163512229919434,0.4111540913581848,0.2631578947368421,False,1
D2_0,search,512,8,8,it0110,0.19255778193473816,0.33610132336616516,0.2,False,5
D2_0,search,512,8,8,it0111,0.3025393486022949,0.16597360372543335,0.3939393939393939,False,4
D2_0,search,512,8,8,it0112,0.6535581350326538,0.57413649559021,0.06818181818181818,False,1
D2_0,search,512,8,8,it0113,0.5628081560134888,0.5481605529785156,0.045454545454545456,False,4
D2_0,search,512,8,8,it0114,0.38315969705581665,0.46698197722435,0.2222222222222222,False,6
D2_0,search,512,8,8,it0115,0.38748636841773987,0.32749924063682556,0.0,False,2
D2_0,search,512,8,8,it0116,0.4691449999809265,0.4332830011844635,0.29411764705882354,False,3
D2_0,search,512,8,8,it0117,0.5219714045524597,0.5740284323692322,0.058823529411764705,False,7
D2_0,search,512,8,8,it0118,0.511319637298584,0.5425792336463928,0.17307692307692307,False,4
D2_0,search,512,8,8,it0119,0.4640747308731079,0.5994171500205994,0.6428571428571429,False,4
D2_0,search,512,8,8,it0120,0.5965371131896973,0.543674886226654,0.0,False,0
D2_0,search,512,8,8,it0121,0.5157273411750793,0.5109670758247375,0.1,False,2
D2_0,search,512,8,8,it0122,0.19021809101104736,0.4423322081565857,0.4090909090909091,False,1
D2_0,search,512,8,8,it0123,0.45156291127204895,0.5395594239234924,0.17647058823529413,False,6
D2_0,search,512,8,8,it0124,0.6196134090423584,0.4380512237548828,0.15151515151515152,False,3
D2_0,search,512,8,8,it0125,0.47070321440696716,0.3461515009403229,0.07692307692307693,False,4
D2_0,search,512,8,8,it0126,0.5226343274116516,0.5123294591903687,0.0,False,1
D2_0,search,512,8,8,it0127,0.4152332544326782,0.4553326368331909,0.058823529411764705,False,0
D2_0,search,512,8,8,it0128,0.4476964473724365,0.4098552167415619,0.05,False,1
D2_0,search,512,8,8,it0129,0.29471322894096375,0.35685256123542786,0.058823529411764705,False,4
D2_0,search,512,8,8,it0130,0.24994449317455292,0.42875200510025024,0.1,False,6
D2_0,search,512,8,8,it0131,0.3942059576511383,0.5152130126953125,0.22580645161290322,False,2
D2_0,search,512,8,8,it0132,0.30538851022720337,0.3712528645992279,0.0,False,7
D2_0,search,512,8,8,it0133,0.5678935647010803,0.6613940000534058,0.0,False,3
D2_0,search,512,8,8,it0134,0.44322213530540466,0.3759174644947052,0.0,False,1
D2_0,search,512,8,8,it0135,0.40055322647094727,0.43579208850860596,0.1794871794871795,False,5
D2_0,search,512,8,8,it0136,0.47720810770988464,0.5235011577606201,0.1,False,6
D2_0,search,512,8,8,it0137,0.4605933427810669,0.4959067404270172,0.16666666666666666,False,4
D2_0,search,512,8,8,it0138,0.6002563834190369,0.672096848487854,0.5,False,7
D2_0,search,512,8,8,it0139,0.6028108596801758,0.5886944532394409,0.0,False,7
D2_0,search,512,8,8,it0140,0.5175096392631531,0.446580171585083,0.3333333333333333,False,0
D2_0,search,512,8,8,it0141,0.6041781902313232,0.6984553337097168,0.13333333333333333,False,5
D2_0,search,512,8,8,it0142,0.2702745795249939,0.41804108023643494,0.16,False,0
D2_0,search,512,8,8,it0143,0.44333410263061523,0.5123461484909058,0.0,False,4
D2_0,search,512,8,8,it0144,0.5393232703208923,0.5146874785423279,0.07142857142857142,False,2
D2_0,search,512,8,8,it0145,0.607415497303009,0.6497124433517456,0.025,False,1
D2_0,search,512,8,8,it0146,0.4077758193016052,0.478356271982193,0.05,False,7
D2_0,search,512,8,8,it0147,0.584250807762146,0.46628260612487793,0.0,False,4
D2_0,search,512,8,8,it0148,0.11987423896789551,0.19833508133888245,0.03571428571428571,False,6
D2_0,search,512,8,8,it0149,0.5630177855491638,0.5751523375511169,0.2857142857142857,False,5
D2_0,search,512,8,8,it0150,0.46140986680984497,0.32488006353378296,0.15384615384615385,False,1
D2_0,search,512,8,8,it0151,0.6091547608375549,0.503960132598877,0.058823529411764705,False,5
D2_0,search,512,8,8,it0152,0.6023858189582825,0.49502038955688477,0.0,False,2
D2_0,search,512,8,8,it0153,0.39722687005996704,0.4178869128227234,0.23809523809523808,False,5
D2_0,search,512,8,8,it0154,0.2905537486076355,0.31578221917152405,0.7894736842105263,False,4
D2_0,search,512,8,8,it0155,0.38923612236976624,0.35141053795814514,0.03571428571428571,False,3
D2_0,search,512,8,8,it0156,0.4790359139442444,0.41620132327079773,0.09523809523809523,False,4
D2_0,search,512,8,8,it0157,0.5769357681274414,0.5120601058006287,0.11627906976744186,False,1
D2_0,search,512,8,8,it0158,0.3231220543384552,0.444267213344574,0.05263157894736842,False,5
D2_0,search,512,8,8,it0159,0.31170177459716797,0.251982182264328,0.14285714285714285,False,6
D2_0,search,512,8,8,it0160,0.6441896557807922,0.5134375095367432,0.0967741935483871,False,6
D2_0,search,512,8,8,it0161,0.532886803150177,0.4496077299118042,0.0,False,3
D2_0,search,512,8,8,it0162,0.2585843801498413,0.3258054256439209,0.14814814814814814,False,4
D2_0,search,512,8,8,it0163,0.5737842321395874,0.5682235956192017,0.058823529411764705,False,1
D2_0,search,512,8,8,it0164,0.6175068020820618,0.4922848343849182,0.0,False,6
D2_0,search,512,8,8,it0165,0.38695427775382996,0.43542659282684326,0.06060606060606061,False,1
D2_0,search,512,8,8,it0166,0.5267573595046997,0.4122042953968048,0.08333333333333333,False,1
D2_0,search,512,8,8,it0167,0.3838161826133728,0.5827066898345947,0.15789473684210525,False,6
D2_0,search,512,8,8,it0168,0.3741101920604706,0.3508448898792267,0.0,False,1
D2_0,search,512,8,8,it0169,0.4291706085205078,0.4786853790283203,0.15,False,1
D2_0,search,512,8,8,it0170,0.4654456675052643,0.4770505726337433,0.17647058823529413,False,4
D2_0,search,512,8,8,it0171,0.6770917177200317,0.5919950008392334,0.09523809523809523,False,0
D2_0,search,512,8,8,it0172,0.2155972123146057,0.3878685235977173,0.08,False,7
D2_0,search,512,8,8,it0173,0.6535152196884155,0.6958827972412109,0.13333333333333333,False,3
D2_0,search,512,8,8,it0174,0.5339983701705933,0.4115939438343048,0.375,False,0
D2_0,search,512,8,8,it0175,0.1580514758825302,0.3433035910129547,0.0,False,2
D2_0,search,512,8,8,it0176,0.37510496377944946,0.46214979887008667,0.1111111111111111,False,2
D2_0,search,512,8,8,it0177,0.6208989024162292,0.5811050534248352,0.10526315789473684,False,5
D2_0,search,512,8,8,it0178,0.3642488121986389,0.33016353845596313,0.47058823529411764,False,0
D2_0,search,512,8,8,it0179,0.6224465370178223,0.6623979210853577,0.03225806451612903,False,5
D2_0,search,512,8,8,it0180,0.39366012811660767,0.527412474155426,0.07142857142857142,False,3
D2_0,search,512,8,8,it0181,0.6450037956237793,0.6067269444465637,0.024390243902439025,False,3
D2_0,search,512,8,8,it0182,0.5780816674232483,0.5443309545516968,0.08,False,5
D2_0,search,512,8,8,it0183,0.6363007426261902,0.6272176504135132,0.08,False,7
D2_0,search,512,8,8,it0184,0.303616464138031,0.38957053422927856,0.4666666666666667,False,4
D2_0,search,512,8,8,it0185,0.46146082878112793,0.5351475477218628,0.03225806451612903,False,6
D2_0,search,512,8,8,it0186,0.5316426157951355,0.5235066413879395,0.2916666666666667,False,7
D2_0,search,512,8,8,it0187,0.5037698745727539,0.43757879734039307,0.1875,False,4
D2_0,search,512,8,8,it0188,0.49302154779434204,0.5156588554382324,0.1111111111111111,False,7
D2_0,search,512,8,8,it0189,0.4555203318595886,0.43489232659339905,0.05,False,3
D2_0,search,512,8,8,it0190,0.6267457008361816,0.65838223695755,0.0,False,6
D2_0,search,512,8,8,it0191,0.5700089931488037,0.43406087160110474,0.0,False,6
D2_0,search,512,8,8,it0192,0.5196053981781006,0.674975574016571,0.25925925925925924,False,7
D2_0,search,512,8,8,it0193,0.48109304904937744,0.28924560546875,0.25,False,1
D2_0,search,512,8,8,it0194,0.6294151544570923,0.6733807921409607,0.0,False,0
D2_0,search,512,8,8,it0195,0.676832377910614,0.5725434422492981,0.15384615384615385,False,7
D2_0,search,512,8,8,it0196,0.5018875002861023,0.5281033515930176,0.14285714285714285,False,3
D2_0,search,512,8,8,it0197,0.35489118099212646,0.3893727958202362,0.0,False,1
D2_0,search,512,8,8,it0198,0.30025428533554077,0.29509761929512024,0.3125,False,5
D2_0,search,512,8,8,it0199,0.5926225781440735,0.5795727372169495,0.058823529411764705,False,6
D2_0,refine,128,1,16,it0000,0.5391614437103271,0.551410973072052,0.043478260869565216,False,0
D2_0,refine,128,1,16,it0001,0.4267374277114868,0.22691574692726135,0.16666666666666666,False,0
D2_0,refine,128,1,16,it0002,0.37945765256881714,0.31807729601860046,0.2,False,0
D2_0,refine,128,1,16,it0003,0.4601183235645294,0.32355961203575134,0.06666666666666667,False,0
D2_0,refine,128,1,16,it0004,0.49147462844848633,0.4476478099822998,0.125,False,0
D2_0,refine,128,1,16,it0005,0.3992609977722168,0.4136577248573303,0.0,False,0
D2_0,refine,128,1,16,it0006,0.34501898288726807,0.39107412099838257,0.1111111111111111,False,0
D2_0,refine,128,1,16,it0007,0.22152334451675415,0.29570865631103516,0.09090909090909091,False,0
D2_0,refine,128,1,16,it0008,0.3483838737010956,0.34463968873023987,0.23809523809523808,False,0
D2_0,refine,128,1,16,it0009,0.5601769685745239,0.5332334637641907,0.1111111111111111,False,0
D2_0,refine,128,1,16,it0010,0.6244685649871826,0.5674494504928589,0.0,False,0
D2_0,refine,128,1,16,it0011,0.4967893958091736,0.5139064788818359,0.0,False,0
D2_0,refine,128,1,16,it0012,0.4438104033470154,0.350018709897995,0.5172413793103449,False,0
D2_0,refine,128,1,16,it0013,0.5738824605941772,0.559407651424408,0.0,False,0
D2_0,refine,128,1,16,it0014,0.5697864294052124,0.4754292070865631,0.0,False,0
D2_0,refine,128,1,16,it0015,0.35241514444351196,0.4322158098220825,0.11764705882352941,False,0
D2_0,refine,128,1,16,it0016,0.6537809371948242,0.5397021770477295,0.058823529411764705,False,0
D2_0,refine,128,1,16,it0017,0.41854196786880493,0.4625003933906555,0.06666666666666667,False,0
D2_0,refine,128,1,16,it0018,0.401225745677948,0.4170916676521301,0.08823529411764706,False,0
D2_0,refine,128,1,16,it0019,0.6159412264823914,0.45854392647743225,0.06521739130434782,False,0
D2_0,refine,128,1,16,it0020,0.39277184009552,0.3506637215614319,0.15384615384615385,False,0
D2_0,refine,128,1,16,it0021,0.4437994062900543,0.37893471121788025,0.09090909090909091,False,0
D2_0,refine,128,1,16,it0022,0.3877132534980774,0.4522460103034973,0.35,False,0
D2_0,refine,128,1,16,it0023,0.6807714104652405,0.5448524355888367,0.3888888888888889,False,0
D2_0,refine,128,1,16,it0024,0.607144832611084,0.48130205273628235,0.14285714285714285,False,0
D2_0,refine,128,1,16,it0025,0.5991743803024292,0.5756696462631226,0.2,False,0
D2_0,refine,128,1,16,it0026,0.298669695854187,0.1382240355014801,0.0,False,0
D2_0,refine,128,1,16,it0027,0.7011774182319641,0.6086109280586243,0.0,False,0
D2_0,refine,128,1,16,it0028,0.33620336651802063,0.41362935304641724,0.14285714285714285,False,0
D2_0,refine,128,1,16,it0029,0.3799373209476471,0.36688435077667236,0.0625,False,0
D2_0,refine,128,1,16,it0030,0.5185406804084778,0.42602553963661194,0.12,False,0
D2_0,refine,128,1,16,it0031,0.3693618178367615,0.30759096145629883,0.1111111111111111,False,0
D2_0,refine,128,1,16,it0032,0.5827455520629883,0.4879865348339081,0.07407407407407407,False,0
D2_0,refine,128,1,16,it0033,0.2898608446121216,0.23533734679222107,0.15384615384615385,False,0
D2_0,refine,128,1,16,it0034,0.46201950311660767,0.2645108997821808,0.0,False,0
D2_0,refine,128,1,16,it0035,0.32077285647392273,0.23418742418289185,0.38461538461538464,False,0
D2_0,refine,128,1,16,it0036,0.5808942914009094,0.5754949450492859,0.0,False,0
D2_0,refine,128,1,16,it0037,0.4658276438713074,0.4107951819896698,0.0,False,0
D2_0,refine,128,1,16,it0038,0.4288705885410309,0.15638989210128784,0.05405405405405406,False,0
D2_0,refine,128,1,16,it0039,0.3889662027359009,0.388948529958725,0.04878048780487805,False,0
D2_0,refine,128,1,16,it0040,0.43693023920059204,0.3206741213798523,0.13333333333333333,False,0
D2_0,refine,128,1,16,it0041,0.5864668488502502,0.37972190976142883,0.045454545454545456,False,0
D2_0,refine,128,1,16,it0042,0.3982464075088501,0.3872919976711273,0.3333333333333333,False,0
D2_0,refine,128,1,16,it0043,0.21419480443000793,0.17904318869113922,0.0,False,0
D2_0,refine,128,1,16,it0044,0.43748533725738525,0.5056794881820679,0.4,False,0
D2_0,refine,128,1,16,it0045,0.3209068179130554,0.3965038061141968,0.1,False,0
D2_0,refine,128,1,16,it0046,0.36339128017425537,0.2975189685821533,0.0,False,0
D2_0,refine,128,1,16,it0047,0.2517586946487427,0.27105826139450073,0.5,False,0
D2_0,refine,128,1,16,it0048,0.4670392572879791,0.37404584884643555,0.0,False,0
D2_0,refine,128,1,16,it0049,0.3968590795993805,0.3937513828277588,0.22727272727272727,False,0
D2_0,refine,128,1,16,it0050,0.1767124980688095,-0.07997234910726547,0.13636363636363635,False,0
D2_0,refine,128,1,16,it0051,0.17299899458885193,0.4485870897769928,0.0,False,0
D2_0,refine,128,1,16,it0052,0.27695798873901367,0.31739702820777893,0.0,False,0
D2_0,refine,128,1,16,it0053,0.32730066776275635,0.36666378378868103,0.2702702702702703,False,0
D2_0,refine,128,1,16,it0054,0.27032238245010376,0.11956921219825745,0.20833333333333334,False,0
D2_0,refine,128,1,16,it0055,0.5180370807647705,0.44015446305274963,0.038461538461538464,False,0
D2_0,refine,128,1,16,it0056,0.2598252594470978,0.16513772308826447,0.2,False,0
D2_0,refine,128,1,16,it0057,0.5255531668663025,0.4196297526359558,0.11764705882352941,False,0
D2_0,refine,128,1,16,it0058,0.2756224572658539,0.36316758394241333,0.08333333333333333,False,0
D2_0,refine,128,1,16,it0059,0.544650673866272,0.6102858781814575,0.07142857142857142,False,0
D2_0,refine,128,1,16,it0060,0.42035531997680664,0.3034389019012451,0.0,False,0
D2_0,refine,128,1,16,it0061,0.5422416925430298,0.6136762499809265,0.02857142857142857,False,0
D2_0,refine,128,1,16,it0062,0.5201646089553833,0.5039238929748535,0.047619047619047616,False,0
D2_0,refine,128,1,16,it0063,0.3424984812736511,0.24251079559326172,0.0,False,0
D2_0,refine,128,1,16,it0064,0.48877787590026855,0.49033743143081665,0.2222222222222222,False,0
D2_0,refine,128,1,16,it0065,0.5691525340080261,0.5689545273780823,0.07692307692307693,False,0
D2_0,refine,128,1,16,it0066,0.19417187571525574,0.2923714816570282,0.09523809523809523,False,0
D2_0,refine,128,1,16,it0067,0.10079018771648407,0.1410631537437439,0.1111111111111111,False,0
D2_0,refine,128,1,16,it0068,0.7057908773422241,0.689854621887207,0.05128205128205128,False,0
D2_0,refine,128,1,16,it0069,0.41680485010147095,0.45099467039108276,0.09090909090909091,False,0
D2_0,refine,128,1,16,it0070,0.3891066610813141,0.3240925073623657,0.0,False,0
D2_0,refine,128,1,16,it0071,0.5175697207450867,0.5304999947547913,0.07142857142857142,False,0
D2_0,refine,128,1,16,it0072,0.4673701822757721,0.48878809809684753,0.09090909090909091,False,0
D2_0,refine,128,1,16,it0073,0.07026912271976471,0.033728815615177155,0.3103448275862069,False,0
D2_0,refine,128,1,16,it0074,0.2925766706466675,0.15123164653778076,0.0,False,0
D2_0,refine,128,1,16,it0075,0.39308565855026245,0.4086117744445801,0.043478260869565216,False,0
D2_0,refine,128,1,16,it0076,0.5621271133422852,0.36646533012390137,0.30434782608695654,False,0
D2_0,refine,128,1,16,it0077,0.3924674391746521,0.3192216157913208,0.08333333333333333,False,0
D2_0,refine,128,1,16,it0078,0.3474675714969635,0.2626330256462097,0.09523809523809523,False,0
D2_0,refine,128,1,16,it0079,0.6465088725090027,0.5963756442070007,0.041666666666666664,False,0
D2_0,refine,128,1,16,it0080,0.4649263620376587,0.24600914120674133,0.2682926829268293,False,0
D2_0,refine,128,1,16,it0081,0.3162338137626648,0.28943687677383423,0.07142857142857142,False,0
D2_0,refine,128,1,16,it0082,0.4510146379470825,0.4260328412055969,0.058823529411764705,False,0
D2_0,refine,128,1,16,it0083,0.5410124063491821,0.427825927734375,0.058823529411764705,False,0
D2_0,refine,128,1,16,it0084,0.6244396567344666,0.45346319675445557,0.044444444444444446,False,0
D2_0,refine,128,1,16,it0085,0.6087177991867065,0.46385571360588074,0.0,False,0
D2_0,refine,128,1,16,it0086,0.6140612363815308,0.6602801084518433,0.0,False,0
D2_0,refine,128,1,16,it0087,0.49482202529907227,0.545158326625824,0.25,False,0
D2_0,refine,128,1,16,it0088,0.3726501166820526,0.43684208393096924,0.047619047619047616,False,0
D2_0,refine,128,1,16,it0089,0.3060430586338043,0.20556187629699707,0.0,False,0
D2_0,refine,128,1,16,it0090,0.5701659917831421,0.554173469543457,0.0,False,0
D2_0,refine,128,1,16,it0091,0.4583662152290344,0.46967700123786926,0.0967741935483871,False,0
D2_0,refine,128,1,16,it0092,0.5476378798484802,0.4344935417175293,0.02857142857142857,False,0
D2_0,refine,128,1,16,it0093,0.5300433039665222,0.3426969051361084,0.0,False,0
D2_0,refine,128,1,16,it0094,0.516037106513977,0.5528643131256104,0.0,False,0
D2_0,refine,128,1,16,it0095,0.46932175755500793,0.5763640999794006,0.14285714285714285,False,0
D2_0,refine,128,1,16,it0096,0.42918074131011963,0.49097126722335815,0.3181818181818182,False,0
D2_0,refine,128,1,16,it0097,0.6543107628822327,0.5618630647659302,0.0,False,0
D2_0,refine,128,1,16,it0098,0.4859981834888458,0.4005788564682007,0.18518518518518517,False,0
D2_0,refine,128,1,16,it0099,0.2366647720336914,0.24507109820842743,0.0,False,0
D2_0,refine,128,1,16,it0100,0.5996897220611572,0.6438093781471252,0.0,False,0
D2_0,refine,128,1,16,it0101,0.2967319190502167,0.30393728613853455,0.10526315789473684,False,0
D2_0,refine,128,1,16,it0102,0.37336549162864685,0.506481945514679,0.23076923076923078,False,0
D2_0,refine,128,1,16,it0103,0.3145688474178314,0.39467859268188477,0.0,False,0
D2_0,refine,128,1,16,it0104,0.6371096968650818,0.5712912082672119,0.0,False,0
D2_0,refine,128,1,16,it0105,0.4328540563583374,0.5165578126907349,0.2,False,0
D2_0,refine,128,1,16,it0106,0.4461817145347595,0.47847458720207214,0.0,False,0
D2_0,refine,128,1,16,it0107,0.578556478023529,0.5024725198745728,0.0,False,0
D2_0,refine,128,1,16,it0108,0.4551313519477844,0.2603346109390259,0.0625,False,0
D2_0,refine,128,1,16,it0109,0.5072405338287354,0.4846285581588745,0.10526315789473684,False,0
D2_0,refine,128,1,16,it0110,0.25639286637306213,0.22195550799369812,0.13333333333333333,False,0
D2_0,refine,128,1,16,it0111,0.17486923933029175,0.061995573341846466,0.21212121212121213,False,0
D2_0,refine,128,1,16,it0112,0.6170802712440491,0.5656705498695374,0.11363636363636363,False,0
D2_0,refine,128,1,16,it0113,0.5735544562339783,0.5102527737617493,0.0,False,0
D2_0,refine,128,1,16,it0114,0.4075027406215668,0.35918664932250977,0.3888888888888889,False,0
D2_0,refine,128,1,16,it0115,0.3381598889827728,0.2647814154624939,0.0,False,0
D2_0,refine,128,1,16,it0116,0.4369507431983948,0.3173724412918091,0.11764705882352941,False,0
D2_0,refine,128,1,16,it0117,0.44823962450027466,0.48762625455856323,0.0,False,0
D2_0,refine,128,1,16,it0118,0.47983497381210327,0.42267730832099915,0.15384615384615385,False,0
D2_0,refine,128,1,16,it0119,0.5195367336273193,0.38661685585975647,0.07142857142857142,False,0
D2_0,refine,128,1,16,it0120,0.5797726511955261,0.45161524415016174,0.0,False,0
D2_0,refine,128,1,16,it0121,0.46655166149139404,0.3754425644874573,0.05,False,0
D2_0,refine,128,1,16,it0122,0.3296065926551819,0.3739379048347473,0.2727272727272727,False,0
D2_0,refine,128,1,16,it0123,0.3905450403690338,0.38284504413604736,0.0,False,0
D2_0,refine,128,1,16,it0124,0.5540639162063599,0.3831106722354889,0.3333333333333333,False,0
D2_0,refine,128,1,16,it0125,0.44239211082458496,0.2679663598537445,0.02564102564102564,False,0
D2_0,refine,128,1,16,it0126,0.4400159418582916,0.34336772561073303,0.0625,False,0
D2_0,refine,128,1,16,it0127,0.29949522018432617,0.27156418561935425,0.058823529411764705,False,0
D2_0,refine,128,1,16,it0128,0.4766730070114136,0.44295310974121094,0.05,False,0
D2_0,refine,128,1,16,it0129,0.31736689805984497,0.20019350945949554,0.058823529411764705,False,0
D2_0,refine,128,1,16,it0130,0.2404363602399826,0.24145248532295227,0.0,False,0
D2_0,refine,128,1,16,it0131,0.3903065025806427,0.42156776785850525,0.1935483870967742,False,0
D2_0,refine,128,1,16,it0132,0.27849382162094116,0.3182436227798462,0.0,False,0
D2_0,refine,128,1,16,it0133,0.4887614846229553,0.5180438160896301,0.0,False,0
D2_0,refine,128,1,16,it0134,0.43876397609710693,0.22776344418525696,0.07894736842105263,False,0
D2_0,refine,128,1,16,it0135,0.4152371287345886,0.49328625202178955,0.1282051282051282,False,0
D2_0,refine,128,1,16,it0136,0.34828537702560425,0.3665689527988434,0.0,False,0
D2_0,refine,128,1,16,it0137,0.5059363842010498,0.4278397560119629,0.0,False,0
D2_0,refine,128,1,16,it0138,0.5433681011199951,0.6492398381233215,0.4444444444444444,False,0
D2_0,refine,128,1,16,it0139,0.5149627923965454,0.26847702264785767,0.0,False,0
D2_0,refine,128,1,16,it0140,0.3617159128189087,0.23406222462654114,0.08333333333333333,False,0
D2_0,refine,128,1,16,it0141,0.5836460590362549,0.6761175394058228,0.2,False,0
D2_0,refine,128,1,16,it0142,0.34346887469291687,0.2294558882713318,0.08,False,0
D2_0,refine,128,1,16,it0143,0.31357377767562866,0.38176625967025757,0.125,False,0
D2_0,refine,128,1,16,it0144,0.4813365042209625,0.32184529304504395,0.03571428571428571,False,0
D2_0,refine,128,1,16,it0145,0.4500444531440735,0.5820546746253967,0.0,False,0
D2_0,refine,128,1,16,it0146,0.5017193555831909,0.3850788474082947,0.05,False,0
D2_0,refine,128,1,16,it0147,0.5404676795005798,0.4126720726490021,0.08695652173913043,False,0
D2_0,refine,128,1,16,it0148,0.1473991721868515,0.10204324871301651,0.17857142857142858,False,0
D2_0,refine,128,1,16,it0149,0.5013601183891296,0.4088214039802551,0.21428571428571427,False,0
D2_0,refine,128,1,16,it0150,0.1804555207490921,0.07512980699539185,0.038461538461538464,False,0
D2_0,refine,128,1,16,it0151,0.5523837804794312,0.4651481509208679,0.058823529411764705,False,0
D2_0,refine,128,1,16,it0152,0.5111727118492126,0.4329545497894287,0.0,False,0
D2_0,refine,128,1,16,it0153,0.3873722553253174,0.3450128436088562,0.38095238095238093,False,0
D2_0,refine,128,1,16,it0154,0.4702678322792053,0.32483330368995667,0.2631578947368421,False,0
D2_0,refine,128,1,16,it0155,0.3064102232456207,0.28762170672416687,0.0,False,0
D2_0,refine,128,1,16,it0156,0.3024367094039917,0.3352331221103668,0.047619047619047616,False,0
D2_0,refine,128,1,16,it0157,0.5447404384613037,0.4990534484386444,0.023255813953488372,False,0
D2_0,refine,128,1,16,it0158,0.32911980152130127,0.31305962800979614,0.21052631578947367,False,0
D2_0,refine,128,1,16,it0159,0.29325801134109497,0.22541691362857819,0.21428571428571427,False,0
D2_0,refine,128,1,16,it0160,0.5203431248664856,0.3400174379348755,0.06451612903225806,False,0
D2_0,refine,128,1,16,it0161,0.30858224630355835,0.28234344720840454,0.06896551724137931,False,0
D2_0,refine,128,1,16,it0162,0.23169921338558197,0.35376664996147156,0.07407407407407407,False,0
D2_0,refine,128,1,16,it0163,0.4334588050842285,0.4061863422393799,0.0,False,0
D2_0,refine,128,1,16,it0164,0.39165711402893066,0.22348295152187347,0.0,False,0
D2_0,refine,128,1,16,it0165,0.2086784690618515,0.27158239483833313,0.15151515151515152,False,0
D2_0,refine,128,1,16,it0166,0.5397908687591553,0.24486225843429565,0.3333333333333333,False,0
D2_0,refine,128,1,16,it0167,0.41847577691078186,0.5453753471374512,0.05263157894736842,False,0
D2_0,refine,128,1,16,it0168,0.41411668062210083,0.3169509172439575,0.0,False,0
D2_0,refine,128,1,16,it0169,0.391903281211853,0.38529717922210693,0.15,False,0
D2_0,refine,128,1,16,it0170,0.464472234249115,0.3871888518333435,0.058823529411764705,False,0
D2_0,refine,128,1,16,it0171,0.6881492733955383,0.5523383021354675,0.09523809523809523,False,0
D2_0,refine,128,1,16,it0172,0.29822224378585815,0.41634103655815125,0.0,False,0
D2_0,refine,128,1,16,it0173,0.6722210049629211,0.5979698896408081,0.03333333333333333,False,0
D2_0,refine,128,1,16,it0174,0.544242799282074,0.3432013988494873,0.3125,False,0
D2_0,refine,128,1,16,it0175,0.22312520444393158,0.25885438919067383,0.13333333333333333,False,0
D2_0,refine,128,1,16,it0176,0.3266313672065735,0.2884533405303955,0.1111111111111111,False,0
D2_0,refine,128,1,16,it0177,0.46461719274520874,0.4720776081085205,0.05263157894736842,False,0
D2_0,refine,128,1,16,it0178,0.3620457053184509,0.14418110251426697,0.11764705882352941,False,0
D2_0,refine,128,1,16,it0179,0.5970472097396851,0.6880971193313599,0.06451612903225806,False,0
D2_0,refine,128,1,16,it0180,0.41723325848579407,0.4339803457260132,0.0,False,0
D2_0,refine,128,1,16,it0181,0.5517127513885498,0.5542050004005432,0.0,False,0
D2_0,refine,128,1,16,it0182,0.4988561272621155,0.33063551783561707,0.0,False,0
D2_0,refine,128,1,16,it0183,0.5917302370071411,0.6021828651428223,0.04,False,0
D2_0,refine,128,1,16,it0184,0.2954263985157013,0.21390879154205322,0.26666666666666666,False,0
D2_0,refine,128,1,16,it0185,0.33023107051849365,0.3862508535385132,0.16129032258064516,False,0
D2_0,refine,128,1,16,it0186,0.6547590494155884,0.4689330458641052,0.041666666666666664,False,0
D2_0,refine,128,1,16,it0187,0.5261443853378296,0.33377254009246826,0.125,False,0
D2_0,refine,128,1,16,it0188,0.4943457245826721,0.43809202313423157,0.05555555555555555,False,0
D2_0,refine,128,1,16,it0189,0.4828104078769684,0.38892167806625366,0.2,False,0
D2_0,refine,128,1,16,it0190,0.6042664051055908,0.5059496164321899,0.0625,False,0
D2_0,refine,128,1,16,it0191,0.43765318393707275,0.34969764947891235,0.0,False,0
D2_0,refine,128,1,16,it0192,0.5966613292694092,0.550541341304779,0.07407407407407407,False,0
D2_0,refine,128,1,16,it0193,0.393002450466156,0.14961427450180054,0.375,False,0
D2_0,refine,128,1,16,it0194,0.4985198676586151,0.5895450115203857,0.0,False,0
D2_0,refine,128,1,16,it0195,0.5449802279472351,0.504059910774231,0.11538461538461539,False,0
D2_0,refine,128,1,16,it0196,0.5031164884567261,0.32110512256622314,0.14285714285714285,False,0
D2_0,refine,128,1,16,it0197,0.3810543417930603,0.3123336136341095,0.36363636363636365,False,0
D2_0,refine,128,1,16,it0198,0.2927432358264923,0.2538626790046692,0.0625,False,0
D2_0,refine,128,1,16,it0199,0.5017755031585693,0.43467947840690613,0.0,False,0
D2_0,refine,256,1,32,it0000,0.5792298913002014,0.594683051109314,0.043478260869565216,False,0
D2_0,refine,256,1,32,it0001,0.36225128173828125,0.10500915348529816,0.2222222222222222,False,0
D2_0,refine,256,1,32,it0002,0.367999792098999,0.22021479904651642,0.2,False,0
D2_0,refine,256,1,32,it0003,0.3141026794910431,0.28486868739128113,0.06666666666666667,False,0
D2_0,refine,256,1,32,it0004,0.47593992948532104,0.19066643714904785,0.125,False,0
D2_0,refine,256,1,32,it0005,0.49321448802948,0.38116809725761414,0.07407407407407407,False,0
D2_0,refine,256,1,32,it0006,0.40732714533805847,0.38154828548431396,0.1111111111111111,False,0
D2_0,refine,256,1,32,it0007,0.2772742211818695,0.1885591745376587,0.022727272727272728,False,0
D2_0,refine,256,1,32,it0008,0.1862124651670456,0.22423982620239258,0.23809523809523808,False,0
D2_0,refine,256,1,32,it0009,0.5167222619056702,0.3387252390384674,0.14814814814814814,False,0
D2_0,refine,256,1,32,it0010,0.5815201997756958,0.6136656403541565,0.2222222222222222,False,0
D2_0,refine,256,1,32,it0011,0.5146979689598083,0.5300187468528748,0.0,False,0
D2_0,refine,256,1,32,it0012,0.34765660762786865,0.2790068984031677,0.3448275862068966,False,0
D2_0,refine,256,1,32,it0013,0.44721829891204834,0.4179854094982147,0.0,False,0
D2_0,refine,256,1,32,it0014,0.5540649890899658,0.4779859185218811,0.0,False,0
D2_0,refine,256,1,32,it0015,0.4346815049648285,0.39295727014541626,0.0,False,0
D2_0,refine,256,1,32,it0016,0.6640067100524902,0.4859623312950134,0.029411764705882353,False,0
D2_0,refine,256,1,32,it0017,0.4460640549659729,0.41332104802131653,0.0,False,0
D2_0,refine,256,1,32,it0018,0.41268181800842285,0.28380268812179565,0.08823529411764706,False,0
D2_0,refine,256,1,32,it0019,0.6474226713180542,0.44501131772994995,0.15217391304347827,False,0
D2_0,refine,256,1,32,it0020,0.3944903612136841,0.2127026617527008,0.46153846153846156,False,0
D2_0,refine,256,1,32,it0021,0.462234765291214,0.4333786368370056,0.06060606060606061,False,0
D2_0,refine,256,1,32,it0022,0.37308210134506226,0.40381890535354614,0.2,False,0
D2_0,refine,256,1,32,it0023,0.6829074621200562,0.5195369124412537,0.3333333333333333,False,0
D2_0,refine,256,1,32,it0024,0.60685133934021,0.5035392642021179,0.14285714285714285,False,0
D2_0,refine,256,1,32,it0025,0.6538179516792297,0.6110289096832275,0.1,False,0
D2_0,refine,256,1,32,it0026,0.09992110729217529,0.19547006487846375,0.0,False,0
D2_0,refine,256,1,32,it0027,0.7070027589797974,0.6789645552635193,0.0,False,0
D2_0,refine,256,1,32,it0028,0.4435378909111023,0.44380471110343933,0.07142857142857142,False,0
D2_0,refine,256,1,32,it0029,0.36194920539855957,0.4238254725933075,0.0,False,0
D2_0,refine,256,1,32,it0030,0.578666627407074,0.4455817937850952,0.04,False,0
D2_0,refine,256,1,32,it0031,0.30347317457199097,0.2126953899860382,0.7777777777777778,True,0
D2_0,refine,256,1,32,it0032,0.568633496761322,0.46142926812171936,0.037037037037037035,False,0
D2_0,refine,256,1,32,it0033,0.3443104028701782,0.31441980600357056,0.15384615384615385,False,0
D2_0,refine,256,1,32,it0034,0.43186861276626587,0.35283687710762024,0.06666666666666667,False,0
D2_0,refine,256,1,32,it0035,0.41799598932266235,0.24990254640579224,0.38461538461538464,False,0
D2_0,refine,256,1,32,it0036,0.5613901615142822,0.3557773530483246,0.05555555555555555,False,0
D2_0,refine,256,1,32,it0037,0.5265196561813354,0.4821535646915436,0.06666666666666667,False,0
D2_0,refine,256,1,32,it0038,0.42461928725242615,0.2650505602359772,0.21621621621621623,False,0
D2_0,refine,256,1,32,it0039,0.45841968059539795,0.3950788974761963,0.07317073170731707,False,0
D2_0,refine,256,1,32,it0040,0.1928482949733734,0.07368505746126175,0.13333333333333333,False,0
D2_0,refine,256,1,32,it0041,0.6376752853393555,0.44993725419044495,0.09090909090909091,False,0
D2_0,refine,256,1,32,it0042,0.3222673833370209,0.24600568413734436,0.1111111111111111,False,0
D2_0,refine,256,1,32,it0043,0.27596524357795715,0.19763174653053284,0.0,False,0
D2_0,refine,256,1,32,it0044,0.3510519862174988,0.4804372191429138,0.48,False,0
D2_0,refine,256,1,32,it0045,0.31206899881362915,0.30512094497680664,0.06666666666666667,False,0
D2_0,refine,256,1,32,it0046,0.2962391674518585,0.3024946451187134,0.125,False,0
D2_0,refine,256,1,32,it0047,0.43343526124954224,0.46324148774147034,0.5,False,0
D2_0,refine,256,1,32,it0048,0.5583592653274536,0.4679059386253357,0.125,False,0
D2_0,refine,256,1,32,it0049,0.26346680521965027,0.4542751908302307,0.09090909090909091,False,0
D2_0,refine,256,1,32,it0050,0.15658268332481384,-0.11925596743822098,0.09090909090909091,False,0
D2_0,refine,256,1,32,it0051,0.19492635130882263,0.36688950657844543,0.0,False,0
D2_0,refine,256,1,32,it0052,0.1639518141746521,0.19451603293418884,0.06666666666666667,False,0
D2_0,refine,256,1,32,it0053,0.2785544991493225,0.25698739290237427,0.13513513513513514,False,0
D2_0,refine,256,1,32,it0054,0.22907403111457825,0.1134297251701355,0.0,False,0
D2_0,refine,256,1,32,it0055,0.45855626463890076,0.4881003201007843,0.038461538461538464,False,0
D2_0,refine,256,1,32,it0056,0.277482807636261,0.22655794024467468,0.2,False,0
D2_0,refine,256,1,32,it0057,0.5120334029197693,0.3992970883846283,0.11764705882352941,False,0
D2_0,refine,256,1,32,it0058,0.4532622694969177,0.3693119287490845,0.16666666666666666,False,0
D2_0,refine,256,1,32,it0059,0.5379559993743896,0.60487961769104,0.17857142857142858,False,0
D2_0,refine,256,1,32,it0060,0.4620068073272705,0.3896750211715698,0.0,False,0
D2_0,refine,256,1,32,it0061,0.577439546585083,0.6509906649589539,0.0,False,0
D2_0,refine,256,1,32,it0062,0.6422736048698425,0.4912979006767273,0.0,False,0
D2_0,refine,256,1,32,it0063,0.47447124123573303,0.32601413130760193,0.0,False,0
D2_0,refine,256,1,32,it0064,0.3585229814052582,0.46512821316719055,0.16666666666666666,False,0
D2_0,refine,256,1,32,it0065,0.615648627281189,0.622989296913147,0.05128205128205128,False,0
D2_0,refine,256,1,32,it0066,0.25671640038490295,0.25256484746932983,0.23809523809523808,False,0
D2_0,refine,256,1,32,it0067,0.36116960644721985,0.17204855382442474,0.05555555555555555,False,0
D2_0,refine,256,1,32,it0068,0.7056245803833008,0.660812497138977,0.0,False,0
D2_0,refine,256,1,32,it0069,0.2946281135082245,0.3952478766441345,0.22727272727272727,False,0
D2_0,refine,256,1,32,it0070,0.3429795503616333,0.2598820924758911,0.0,False,0
D2_0,refine,256,1,32,it0071,0.4584721326828003,0.4483894109725952,0.07142857142857142,False,0
D2_0,refine,256,1,32,it0072,0.514350414276123,0.5315879583358765,0.09090909090909091,False,0
D2_0,refine,256,1,32,it0073,0.08255355060100555,0.09599263221025467,0.4827586206896552,False,0
D2_0,refine,256,1,32,it0074,0.28640416264533997,0.13810691237449646,0.13333333333333333,False,0
D2_0,refine,256,1,32,it0075,0.37464457750320435,0.36768361926078796,0.0,False,0
D2_0,refine,256,1,32,it0076,0.5399839878082275,0.35970330238342285,0.17391304347826086,False,0
D2_0,refine,256,1,32,it0077,0.4644097089767456,0.37979012727737427,0.25,False,0
D2_0,refine,256,1,32,it0078,0.38249674439430237,0.2892429530620575,0.14285714285714285,False,0
D2_0,refine,256,1,32,it0079,0.7302232384681702,0.5669701099395752,0.0,False,0
D2_0,refine,256,1,32,it0080,0.40585923194885254,0.3137001693248749,0.17073170731707318,False,0
D2_0,refine,256,1,32,it0081,0.2808862626552582,0.32666492462158203,0.07142857142857142,False,0
D2_0,refine,256,1,32,it0082,0.4934362769126892,0.4434283375740051,0.17647058823529413,False,0
D2_0,refine,256,1,32,it0083,0.4996003210544586,0.44883084297180176,0.058823529411764705,False,0
D2_0,refine,256,1,32,it0084,0.5985060334205627,0.5228315591812134,0.044444444444444446,False,0
D2_0,refine,256,1,32,it0085,0.7213168740272522,0.41971293091773987,0.07142857142857142,False,0
D2_0,refine,256,1,32,it0086,0.6214021444320679,0.5756145715713501,0.058823529411764705,False,0
D2_0,refine,256,1,32,it0087,0.5745126605033875,0.6789399981498718,0.375,False,0
D2_0,refine,256,1,32,it0088,0.3271762430667877,0.3310999870300293,0.0,False,0
D2_0,refine,256,1,32,it0089,0.45900630950927734,0.3334803879261017,0.0,False,0
D2_0,refine,256,1,32,it0090,0.6160855889320374,0.5831990838050842,0.0,False,0
D2_0,refine,256,1,32,it0091,0.4262472987174988,0.4010716676712036,0.06451612903225806,False,0
D2_0,refine,256,1,32,it0092,0.6151269674301147,0.4805125594139099,0.0,False,0
D2_0,refine,256,1,32,it0093,0.42425650358200073,0.2690788805484772,0.0,False,0
D2_0,refine,256,1,32,it0094,0.5034834742546082,0.5979271531105042,0.0,False,0
D2_0,refine,256,1,32,it0095,0.5093157887458801,0.543010950088501,0.14285714285714285,False,0
D2_0,refine,256,1,32,it0096,0.4404577612876892,0.4461243450641632,0.3181818181818182,False,0
D2_0,refine,256,1,32,it0097,0.6216350793838501,0.5825950503349304,0.0,False,0
D2_0,refine,256,1,32,it0098,0.4717973470687866,0.48963871598243713,0.07407407407407407,False,0
D2_0,refine,256,1,32,it0099,0.22974137961864471,0.17521178722381592,0.0,False,0
D2_0,refine,256,1,32,it0100,0.6693435311317444,0.6704218983650208,0.0,False,0
D2_0,refine,256,1,32,it0101,0.4063156843185425,0.32795432209968567,0.0,False,0
D2_0,refine,256,1,32,it0102,0.2747266888618469,0.37963151931762695,0.23076923076923078,False,0
D2_0,refine,256,1,32,it0103,0.2835218608379364,0.4346483647823334,0.045454545454545456,False,0
D2_0,refine,256,1,32,it0104,0.6087135076522827,0.5283183455467224,0.041666666666666664,False,0
D2_0,refine,256,1,32,it0105,0.21119271218776703,0.415989488363266,0.2,False,0
D2_0,refine,256,1,32,it0106,0.43873465061187744,0.43505388498306274,0.041666666666666664,False,0
D2_0,refine,256,1,32,it0107,0.6110307574272156,0.37349143624305725,0.0,False,0
D2_0,refine,256,1,32,it0108,0.44121041893959045,0.32944339513778687,0.125,False,0
D2_0,refine,256,1,32,it0109,0.4835425317287445,0.37443891167640686,0.0,False,0
D2_0,refine,256,1,32,it0110,0.22492745518684387,0.317889928817749,0.06666666666666667,False,0
D2_0,refine,256,1,32,it0111,0.21906185150146484,0.14746889472007751,0.2727272727272727,False,0
D2_0,refine,256,1,32,it0112,0.5173681974411011,0.32371512055397034,0.022727272727272728,False,0
D2_0,refine,256,1,32,it0113,0.5549377202987671,0.47800493240356445,0.0,False,0
D2_0,refine,256,1,32,it0114,0.48575079441070557,0.36286574602127075,0.05555555555555555,False,0
D2_0,refine,256,1,32,it0115,0.3313257098197937,0.27398747205734253,0.07142857142857142,False,0
D2_0,refine,256,1,32,it0116,0.45566388964653015,0.34380996227264404,0.11764705882352941,False,0
D2_0,refine,256,1,32,it0117,0.33388376235961914,0.4757687449455261,0.0,False,0
D2_0,refine,256,1,32,it0118,0.4706305265426636,0.4720655679702759,0.19230769230769232,False,0
D2_0,refine,256,1,32,it0119,0.5334858298301697,0.5141302347183228,0.42857142857142855,False,0
D2_0,refine,256,1,32,it0120,0.574138879776001,0.5092993378639221,0.0,False,0
D2_0,refine,256,1,32,it0121,0.6312280893325806,0.4126071631908417,0.25,False,0
D2_0,refine,256,1,32,it0122,0.28374946117401123,0.32564786076545715,0.22727272727272727,False,0
D2_0,refine,256,1,32,it0123,0.328634649515152,0.26658499240875244,0.058823529411764705,False,0
D2_0,refine,256,1,32,it0124,0.5755478143692017,0.42128607630729675,0.12121212121212122,False,0
D2_0,refine,256,1,32,it0125,0.49359071254730225,0.3730788230895996,0.02564102564102564,False,0
D2_0,refine,256,1,32,it0126,0.4696788191795349,0.43189290165901184,0.0,False,0
D2_0,refine,256,1,32,it0127,0.46090570092201233,0.3874514102935791,0.058823529411764705,False,0
D2_0,refine,256,1,32,it0128,0.48984670639038086,0.47140079736709595,0.0,False,0
D2_0,refine,256,1,32,it0129,0.32403793931007385,0.38344207406044006,0.058823529411764705,False,0
D2_0,refine,256,1,32,it0130,0.21972092986106873,0.3766866624355316,0.0,False,0
D2_0,refine,256,1,32,it0131,0.3325905203819275,0.31847813725471497,0.12903225806451613,False,0
D2_0,refine,256,1,32,it0132,0.3525134027004242,0.28517207503318787,0.0,False,0
D2_0,refine,256,1,32,it0133,0.5490375757217407,0.5763992667198181,0.0,False,0
D2_0,refine,256,1,32,it0134,0.44982990622520447,0.3517920970916748,0.15789473684210525,False,0
D2_0,refine,256,1,32,it0135,0.09482079744338989,0.0633455365896225,0.07692307692307693,False,0
D2_0,refine,256,1,32,it0136,0.3168748915195465,0.3598896861076355,0.0,False,0
D2_0,refine,256,1,32,it0137,0.4208121597766876,0.4811708927154541,0.0,False,0
D2_0,refine,256,1,32,it0138,0.6056656837463379,0.48617976903915405,0.16666666666666666,False,0
D2_0,refine,256,1,32,it0139,0.5573880672454834,0.257382333278656,0.0,False,0
D2_0,refine,256,1,32,it0140,0.424481064081192,0.34335654973983765,0.0,False,0
D2_0,refine,256,1,32,it0141,0.4681674540042877,0.5154730677604675,0.1,False,0
D2_0,refine,256,1,32,it0142,0.10867983847856522,0.10197616368532181,0.08,False,0
D2_0,refine,256,1,32,it0143,0.3449316620826721,0.5061560869216919,0.0,False,0
D2_0,refine,256,1,32,it0144,0.5399978756904602,0.4112038016319275,0.0,False,0
D2_0,refine,256,1,32,it0145,0.4680817127227783,0.6041852235794067,0.0,False,0
D2_0,refine,256,1,32,it0146,0.42437511682510376,0.2118523269891739,0.05,False,0
D2_0,refine,256,1,32,it0147,0.5197179913520813,0.35152316093444824,0.0,False,0
D2_0,refine,256,1,32,it0148,0.002111700363457203,0.08840106427669525,0.07142857142857142,False,0
D2_0,refine,256,1,32,it0149,0.5339437127113342,0.35737359523773193,0.14285714285714285,False,0
D2_0,refine,256,1,32,it0150,0.2147085964679718,0.1672932207584381,0.15384615384615385,False,0
D2_0,refine,256,1,32,it0151,0.5162006616592407,0.5030184388160706,0.0,False,0
D2_0,refine,256,1,32,it0152,0.5560738444328308,0.38116228580474854,0.0,False,0
D2_0,refine,256,1,32,it0153,0.23164452612400055,0.35640013217926025,0.07142857142857142,False,0
D2_0,refine,256,1,32,it0154,0.3634134829044342,0.25909093022346497,0.15789473684210525,False,0
D2_0,refine,256,1,32,it0155,0.29448747634887695,0.24393069744110107,0.07142857142857142,False,0
D2_0,refine,256,1,32,it0156,0.26347848773002625,0.2381911277770996,0.09523809523809523,False,0
D2_0,refine,256,1,32,it0157,0.47525715827941895,0.5159567594528198,0.023255813953488372,False,0
D2_0,refine,256,1,32,it0158,0.3613726496696472,0.3964656591415405,0.05263157894736842,False,0
D2_0,refine,256,1,32,it0159,0.23934516310691833,0.15934796631336212,0.21428571428571427,False,0
D2_0,refine,256,1,32,it0160,0.6010520458221436,0.45984503626823425,0.03225806451612903,False,0
D2_0,refine,256,1,32,it0161,0.4300573766231537,0.3798622488975525,0.0,False,0
D2_0,refine,256,1,32,it0162,0.09736171364784241,0.23246519267559052,0.25925925925925924,False,0
D2_0,refine,256,1,32,it0163,0.468466579914093,0.3828837275505066,0.0,False,0
D2_0,refine,256,1,32,it0164,0.47482019662857056,0.3436073064804077,0.0,False,0
D2_0,refine,256,1,32,it0165,0.3704712688922882,0.2616672217845917,0.030303030303030304,False,0
D2_0,refine,256,1,32,it0166,0.4685540497303009,0.33570778369903564,0.25,False,0
D2_0,refine,256,1,32,it0167,0.34797748923301697,0.5133591890335083,0.10526315789473684,False,0
D2_0,refine,256,1,32,it0168,0.26703980565071106,0.26265743374824524,0.0,False,0
D2_0,refine,256,1,32,it0169,0.41300925612449646,0.38709938526153564,0.0,False,0
D2_0,refine,256,1,32,it0170,0.3117494583129883,0.31994396448135376,0.17647058823529413,False,0
D2_0,refine,256,1,32,it0171,0.61815345287323,0.5374725461006165,0.0,False,0
D2_0,refine,256,1,32,it0172,0.2919480800628662,0.3465453088283539,0.04,False,0
D2_0,refine,256,1,32,it0173,0.6865444183349609,0.60016930103302,0.0,False,0
D2_0,refine,256,1,32,it0174,0.5317559242248535,0.36374276876449585,0.25,False,0
D2_0,refine,256,1,32,it0175,0.17179279029369354,0.029894378036260605,0.26666666666666666,False,0
D2_0,refine,256,1,32,it0176,0.3367970585823059,0.3515397310256958,0.0,False,0
D2_0,refine,256,1,32,it0177,0.4831168055534363,0.3289596438407898,0.0,False,0
D2_0,refine,256,1,32,it0178,0.2767355442047119,0.18886759877204895,0.17647058823529413,False,0
D2_0,refine,256,1,32,it0179,0.6365761756896973,0.6798461675643921,0.0967741935483871,False,0
D2_0,refine,256,1,32,it0180,0.48879218101501465,0.4414321780204773,0.07142857142857142,False,0
D2_0,refine,256,1,32,it0181,0.5409277081489563,0.6014283895492554,0.0,False,0
D2_0,refine,256,1,32,it0182,0.5596809387207031,0.446392685174942,0.04,False,0
D2_0,refine,256,1,32,it0183,0.5895636677742004,0.5899340510368347,0.04,False,0
D2_0,refine,256,1,32,it0184,0.28841662406921387,0.2477840632200241,0.13333333333333333,False,0
D2_0,refine,256,1,32,it0185,0.36277735233306885,0.37880855798721313,0.0967741935483871,False,0
D2_0,refine,256,1,32,it0186,0.5030098557472229,0.46614858508110046,0.125,False,0
D2_0,refine,256,1,32,it0187,0.4537253677845001,0.20841261744499207,0.0625,False,0
D2_0,refine,256,1,32,it0188,0.44127094745635986,0.46853551268577576,0.05555555555555555,False,0
D2_0,refine,256,1,32,it0189,0.40477702021598816,0.3809705972671509,0.0,False,0
D2_0,refine,256,1,32,it0190,0.5469076633453369,0.534195065498352,0.125,False,0
D2_0,refine,256,1,32,it0191,0.5211777687072754,0.41693615913391113,0.12,False,0
D2_0,refine,256,1,32,it0192,0.4734498858451843,0.4866013824939728,0.037037037037037035,False,0
D2_0,refine,256,1,32,it0193,0.39386698603630066,0.1879996955394745,0.3125,False,0
D2_0,refine,256,1,32,it0194,0.6060166358947754,0.5286743640899658,0.0,False,0
D2_0,refine,256,1,32,it0195,0.59660804271698,0.5877624750137329,0.07692307692307693,False,0
D2_0,refine,256,1,32,it0196,0.5075705051422119,0.35920459032058716,0.0,False,0
D2_0,refine,256,1,32,it0197,0.4279085695743561,0.38154059648513794,0.0,False,0
D2_0,refine,256,1,32,it0198,0.3565882742404938,0.36341285705566406,0.0,False,0
D2_0,refine,256,1,32,it0199,0.4128682017326355,0.4390192925930023,0.11764705882352941,False,0
D2_0,refine,512,1,64,it0000,0.5016346573829651,0.6048550009727478,0.15217391304347827,False,0
D2_0,refine,512,1,64,it0001,0.43304306268692017,0.37931057810783386,0.05555555555555555,False,0
D2_0,refine,512,1,64,it0002,0.27920958399772644,0.24588525295257568,0.13333333333333333,False,0
D2_0,refine,512,1,64,it0003,0.3794628381729126,0.2812573313713074,0.06666666666666667,False,0
D2_0,refine,512,1,64,it0004,0.48074957728385925,0.18981462717056274,0.125,False,0
D2_0,refine,512,1,64,it0005,0.47765398025512695,0.5084520578384399,0.0,False,0
D2_0,refine,512,1,64,it0006,0.38317692279815674,0.3743045926094055,0.05555555555555555,False,0
D2_0,refine,512,1,64,it0007,0.27769404649734497,0.249114990234375,0.022727272727272728,False,0
D2_0,refine,512,1,64,it0008,0.37359195947647095,0.2543357014656067,0.3333333333333333,False,0
D2_0,refine,512,1,64,it0009,0.3737154006958008,0.2550202012062073,0.037037037037037035,False,0
D2_0,refine,512,1,64,it0010,0.5995563864707947,0.5233257412910461,0.1111111111111111,False,0
D2_0,refine,512,1,64,it0011,0.5357843041419983,0.4775407612323761,0.0,False,0
D2_0,refine,512,1,64,it0012,0.4376238286495209,0.3643684387207031,0.3103448275862069,False,0
D2_0,refine,512,1,64,it0013,0.5215722918510437,0.6201726198196411,0.0,False,0
D2_0,refine,512,1,64,it0014,0.5250829458236694,0.43094903230667114,0.0,False,0
D2_0,refine,512,1,64,it0015,0.46280235052108765,0.4540884494781494,0.0,False,0
D2_0,refine,512,1,64,it0016,0.6780622005462646,0.4790870249271393,0.058823529411764705,False,0
D2_0,refine,512,1,64,it0017,0.5085956454277039,0.3717208504676819,0.0,False,0
D2_0,refine,512,1,64,it0018,0.38852736353874207,0.3062933683395386,0.029411764705882353,False,0
D2_0,refine,512,1,64,it0019,0.6516866683959961,0.6268312335014343,0.06521739130434782,False,0
D2_0,refine,512,1,64,it0020,0.27975866198539734,0.16540387272834778,0.3076923076923077,False,0
D2_0,refine,512,1,64,it0021,0.4556726813316345,0.47599920630455017,0.06060606060606061,False,0
D2_0,refine,512,1,64,it0022,0.3475227355957031,0.3482952117919922,0.175,False,0
D2_0,refine,512,1,64,it0023,0.6778561472892761,0.6198432445526123,0.16666666666666666,False,0
D2_0,refine,512,1,64,it0024,0.6917082667350769,0.5724639296531677,0.14285714285714285,False,0
D2_0,refine,512,1,64,it0025,0.6148921847343445,0.5841564536094666,0.0,False,0
D2_0,refine,512,1,64,it0026,0.2664134204387665,0.19261495769023895,0.0,False,0
D2_0,refine,512,1,64,it0027,0.6816152334213257,0.6237137913703918,0.0,False,0
D2_0,refine,512,1,64,it0028,0.4935217499732971,0.5331758260726929,0.16666666666666666,False,0
D2_0,refine,512,1,64,it0029,0.29687201976776123,0.3535548448562622,0.0,False,0
D2_0,refine,512,1,64,it0030,0.5066743493080139,0.46417248249053955,0.16,False,0
D2_0,refine,512,1,64,it0031,0.29817628860473633,0.3457527756690979,0.2777777777777778,False,0
D2_0,refine,512,1,64,it0032,0.6291835308074951,0.5380896925926208,0.07407407407407407,False,0
D2_0,refine,512,1,64,it0033,0.3028932213783264,0.15573102235794067,0.15384615384615385,False,0
D2_0,refine,512,1,64,it0034,0.4155859351158142,0.3314190208911896,0.0,False,0
D2_0,refine,512,1,64,it0035,0.32954150438308716,0.12592953443527222,0.07692307692307693,False,0
D2_0,refine,512,1,64,it0036,0.617503821849823,0.5558086037635803,0.0,False,0
D2_0,refine,512,1,64,it0037,0.5490954518318176,0.5032838582992554,0.06666666666666667,False,0
D2_0,refine,512,1,64,it0038,0.3565317988395691,0.22958841919898987,0.02702702702702703,False,0
D2_0,refine,512,1,64,it0039,0.5540849566459656,0.5308956503868103,0.04878048780487805,False,0
D2_0,refine,512,1,64,it0040,0.38399186730384827,0.2458309829235077,0.06666666666666667,False,0
D2_0,refine,512,1,64,it0041,0.5961591005325317,0.37019988894462585,0.09090909090909091,False,0
D2_0,refine,512,1,64,it0042,0.36410292983055115,0.24535736441612244,0.1111111111111111,False,0
D2_0,refine,512,1,64,it0043,0.25844496488571167,0.25142180919647217,0.0,False,0
D2_0,refine,512,1,64,it0044,0.4588629901409149,0.3395759165287018,0.32,False,0
D2_0,refine,512,1,64,it0045,0.27280059456825256,0.4099847972393036,0.06666666666666667,False,0
D2_0,refine,512,1,64,it0046,0.22341519594192505,0.17477083206176758,0.1875,False,0
D2_0,refine,512,1,64,it0047,0.37411367893218994,0.3634277582168579,0.7,False,0
D2_0,refine,512,1,64,it0048,0.5293858647346497,0.49964702129364014,0.0,False,0
D2_0,refine,512,1,64,it0049,0.3005750775337219,0.5735292434692383,0.5,False,0
D2_0,refine,512,1,64,it0050,0.164902001619339,-0.03381088376045227,0.13636363636363635,False,0
D2_0,refine,512,1,64,it0051,0.23330490291118622,0.41741764545440674,0.27586206896551724,False,0
D2_0,refine,512,1,64,it0052,0.1284116804599762,0.19218586385250092,0.0,False,0
D2_0,refine,512,1,64,it0053,0.23235051333904266,0.3979318141937256,0.1891891891891892,False,0
D2_0,refine,512,1,64,it0054,0.1787129044532776,0.08690869063138962,0.0,False,0
D2_0,refine,512,1,64,it0055,0.5800926089286804,0.5529401898384094,0.038461538461538464,False,0
D2_0,refine,512,1,64,it0056,0.3778303265571594,0.2014569193124771,0.3,False,0
D2_0,refine,512,1,64,it0057,0.4771227240562439,0.35052135586738586,0.11764705882352941,False,0
D2_0,refine,512,1,64,it0058,0.38316917419433594,0.38415294885635376,0.08333333333333333,False,0
D2_0,refine,512,1,64,it0059,0.4989902973175049,0.5531478524208069,0.07142857142857142,False,0
D2_0,refine,512,1,64,it0060,0.4583064615726471,0.3342668414115906,0.0,False,0
D2_0,refine,512,1,64,it0061,0.47944989800453186,0.5846253633499146,0.0,False,0
D2_0,refine,512,1,64,it0062,0.5238028764724731,0.474293053150177,0.047619047619047616,False,0
D2_0,refine,512,1,64,it0063,0.3388809859752655,0.23539999127388,0.034482758620689655,False,0
D2_0,refine,512,1,64,it0064,0.5052093267440796,0.4680771827697754,0.1111111111111111,False,0
D2_0,refine,512,1,64,it0065,0.5960015654563904,0.5168412923812866,0.1282051282051282,False,0
D2_0,refine,512,1,64,it0066,0.18562175333499908,0.2914466857910156,0.38095238095238093,False,0
D2_0,refine,512,1,64,it0067,0.23968490958213806,0.19804444909095764,0.1111111111111111,False,0
D2_0,refine,512,1,64,it0068,0.641923189163208,0.5818217992782593,0.05128205128205128,False,0
D2_0,refine,512,1,64,it0069,0.21422035992145538,0.3122759759426117,0.13636363636363635,False,0
D2_0,refine,512,1,64,it0070,0.2821447253227234,0.4718322157859802,0.13333333333333333,False,0
D2_0,refine,512,1,64,it0071,0.5157657265663147,0.5371447801589966,0.14285714285714285,False,0
D2_0,refine,512,1,64,it0072,0.443329393863678,0.4328347444534302,0.0,False,0
D2_0,refine,512,1,64,it0073,0.20143528282642365,0.22068268060684204,0.5172413793103449,False,0
D2_0,refine,512,1,64,it0074,0.3018013536930084,0.36149320006370544,0.0,False,0
D2_0,refine,512,1,64,it0075,0.41489386558532715,0.31105896830558777,0.0,False,0
D2_0,refine,512,1,64,it0076,0.5730689764022827,0.37250152230262756,0.782608695652174,True,0
D2_0,refine,512,1,64,it0077,0.43576380610466003,0.217122882604599,0.25,False,0
D2_0,refine,512,1,64,it0078,0.2557280659675598,0.16158634424209595,0.09523809523809523,False,0
D2_0,refine,512,1,64,it0079,0.6158719658851624,0.6067986488342285,0.041666666666666664,False,0
D2_0,refine,512,1,64,it0080,0.39048951864242554,0.3089299201965332,0.21951219512195122,False,0
D2_0,refine,512,1,64,it0081,0.2994135916233063,0.25124591588974,0.0,False,0
D2_0,refine,512,1,64,it0082,0.5240069627761841,0.4954686164855957,0.0,False,0
D2_0,refine,512,1,64,it0083,0.5325045585632324,0.36657753586769104,0.0,False,0
D2_0,refine,512,1,64,it0084,0.6394127607345581,0.5532084703445435,0.0,False,0
D2_0,refine,512,1,64,it0085,0.5044609308242798,0.4221845865249634,0.0,False,0
D2_0,refine,512,1,64,it0086,0.7203874588012695,0.47931140661239624,0.11764705882352941,False,0
D2_0,refine,512,1,64,it0087,0.5863450169563293,0.6291265487670898,0.1875,False,0
D2_0,refine,512,1,64,it0088,0.4118213355541229,0.3559015095233917,0.047619047619047616,False,0
D2_0,refine,512,1,64,it0089,0.5139336585998535,0.4241463840007782,0.0,False,0
D2_0,refine,512,1,64,it0090,0.6389495134353638,0.5887651443481445,0.058823529411764705,False,0
D2_0,refine,512,1,64,it0091,0.3988708555698395,0.41175326704978943,0.06451612903225806,False,0
D2_0,refine,512,1,64,it0092,0.5011051893234253,0.3833508789539337,0.0,False,0
D2_0,refine,512,1,64,it0093,0.43831780552864075,0.2474547177553177,0.0,False,0
D2_0,refine,512,1,64,it0094,0.4217209219932556,0.4905892610549927,0.0,False,0
D2_0,refine,512,1,64,it0095,0.5396564602851868,0.47720634937286377,0.047619047619047616,False,0
D2_0,refine,512,1,64,it0096,0.44237035512924194,0.4140063226222992,0.0,False,0
D2_0,refine,512,1,64,it0097,0.6081359386444092,0.6499305963516235,0.0,False,0
D2_0,refine,512,1,64,it0098,0.5056574940681458,0.3922954499721527,0.25925925925925924,False,0
D2_0,refine,512,1,64,it0099,0.27231478691101074,0.2881420850753784,0.08695652173913043,False,0
D2_0,refine,512,1,64,it0100,0.5880492925643921,0.6128077507019043,0.0,False,0
D2_0,refine,512,1,64,it0101,0.3232960104942322,0.27737170457839966,0.07894736842105263,False,0
D2_0,refine,512,1,64,it0102,0.30927571654319763,0.3322863280773163,0.23076923076923078,False,0
D2_0,refine,512,1,64,it0103,0.375399112701416,0.3359341025352478,0.2727272727272727,False,0
D2_0,refine,512,1,64,it0104,0.5297340750694275,0.5294007658958435,0.16666666666666666,False,0
D2_0,refine,512,1,64,it0105,0.46822842955589294,0.5997278690338135,0.11428571428571428,False,0
D2_0,refine,512,1,64,it0106,0.3955344557762146,0.41405051946640015,0.041666666666666664,False,0
D2_0,refine,512,1,64,it0107,0.3463348150253296,0.29514434933662415,0.0,False,0
D2_0,refine,512,1,64,it0108,0.4364917278289795,0.2897399067878723,0.0625,False,0
D2_0,refine,512,1,64,it0109,0.39085274934768677,0.3250534236431122,0.05263157894736842,False,0
D2_0,refine,512,1,64,it0110,0.17671531438827515,0.2996932864189148,0.03333333333333333,False,0
D2_0,refine,512,1,64,it0111,0.2567242383956909,0.167546346783638,0.06060606060606061,False,0
D2_0,refine,512,1,64,it0112,0.6447334289550781,0.5459641814231873,0.045454545454545456,False,0
D2_0,refine,512,1,64,it0113,0.5847585797309875,0.5516918897628784,0.0,False,0
D2_0,refine,512,1,64,it0114,0.44560137391090393,0.4128468632698059,0.1111111111111111,False,0
D2_0,refine,512,1,64,it0115,0.2919637858867645,0.2198074758052826,0.0,False,0
D2_0,refine,512,1,64,it0116,0.5709769129753113,0.4486481249332428,0.23529411764705882,False,0
D2_0,refine,512,1,64,it0117,0.48167774081230164,0.5892882347106934,0.029411764705882353,False,0
D2_0,refine,512,1,64,it0118,0.4812604784965515,0.4641062021255493,0.38461538461538464,False,0
D2_0,refine,512,1,64,it0119,0.49747368693351746,0.5420849323272705,0.0,False,0
D2_0,refine,512,1,64,it0120,0.5751575827598572,0.5942068696022034,0.0,False,0
D2_0,refine,512,1,64,it0121,0.5060966610908508,0.36124736070632935,0.25,False,0
D2_0,refine,512,1,64,it0122,0.3302345871925354,0.44996970891952515,0.18181818181818182,False,0
D2_0,refine,512,1,64,it0123,0.3047901391983032,0.3686831593513489,0.058823529411764705,False,0
D2_0,refine,512,1,64,it0124,0.46682342886924744,0.3210024833679199,0.15151515151515152,False,0
D2_0,refine,512,1,64,it0125,0.4952929615974426,0.305123507976532,0.07692307692307693,False,0
D2_0,refine,512,1,64,it0126,0.47247618436813354,0.48931509256362915,0.0,False,0
D2_0,refine,512,1,64,it0127,0.3654671311378479,0.40027886629104614,0.0,False,0
D2_0,refine,512,1,64,it0128,0.412129282951355,0.35728582739830017,0.0,False,0
D2_0,refine,512,1,64,it0129,0.32045942544937134,0.3451526165008545,0.058823529411764705,False,0
D2_0,refine,512,1,64,it0130,0.27958405017852783,0.3884339928627014,0.0,False,0
D2_0,refine,512,1,64,it0131,0.40592145919799805,0.46544796228408813,0.12903225806451613,False,0
D2_0,refine,512,1,64,it0132,0.31827276945114136,0.31850185990333557,0.07142857142857142,False,0
D2_0,refine,512,1,64,it0133,0.5889407992362976,0.5658022165298462,0.0,False,0
D2_0,refine,512,1,64,it0134,0.4174896776676178,0.45443692803382874,0.0,False,0
D2_0,refine,512,1,64,it0135,0.347215473651886,0.38115689158439636,0.15384615384615385,False,0
D2_0,refine,512,1,64,it0136,0.37536054849624634,0.49179309606552124,0.1,False,0
D2_0,refine,512,1,64,it0137,0.513950526714325,0.40212422609329224,0.0,False,0
D2_0,refine,512,1,64,it0138,0.6092411875724792,0.5277684330940247,0.2222222222222222,False,0
D2_0,refine,512,1,64,it0139,0.5885063409805298,0.32121074199676514,0.05555555555555555,False,0
D2_0,refine,512,1,64,it0140,0.37473800778388977,0.1888434886932373,0.041666666666666664,False,0
D2_0,refine,512,1,64,it0141,0.48199406266212463,0.5839076638221741,0.1,False,0
D2_0,refine,512,1,64,it0142,0.1746208816766739,0.19832544028759003,0.12,False,0
D2_0,refine,512,1,64,it0143,0.2714971899986267,0.4186326265335083,0.0,False,0
D2_0,refine,512,1,64,it0144,0.4893796741962433,0.3856399655342102,0.0,False,0
D2_0,refine,512,1,64,it0145,0.5665516257286072,0.6282196640968323,0.0,False,0
D2_0,refine,512,1,64,it0146,0.4831584692001343,0.40274596214294434,0.0,False,0
D2_0,refine,512,1,64,it0147,0.529788613319397,0.4763367176055908,0.0,False,0
D2_0,refine,512,1,64,it0148,0.14096659421920776,0.1622949093580246,0.03571428571428571,False,0
D2_0,refine,512,1,64,it0149,0.4064493477344513,0.32372844219207764,0.07142857142857142,False,0
D2_0,refine,512,1,64,it0150,0.25296780467033386,0.2325998842716217,0.07692307692307693,False,0
D2_0,refine,512,1,64,it0151,0.5890957713127136,0.4634022116661072,0.058823529411764705,False,0
D2_0,refine,512,1,64,it0152,0.447578489780426,0.26205939054489136,0.0,False,0
D2_0,refine,512,1,64,it0153,0.1854494959115982,0.2342890501022339,0.16666666666666666,False,0
D2_0,refine,512,1,64,it0154,0.44079193472862244,0.2871037721633911,0.15789473684210525,False,0
D2_0,refine,512,1,64,it0155,0.25155192613601685,0.28204959630966187,0.0,False,0
D2_0,refine,512,1,64,it0156,0.36424949765205383,0.4432198703289032,0.14285714285714285,False,0
D2_0,refine,512,1,64,it0157,0.5194835662841797,0.5320475101470947,0.09302325581395349,False,0
D2_0,refine,512,1,64,it0158,0.33244407176971436,0.2392723560333252,0.10526315789473684,False,0
D2_0,refine,512,1,64,it0159,0.3105538785457611,0.21665731072425842,0.07142857142857142,False,0
D2_0,refine,512,1,64,it0160,0.5693104267120361,0.43004822731018066,0.16129032258064516,False,0
D2_0,refine,512,1,64,it0161,0.3841523230075836,0.36304691433906555,0.0,False,0
D2_0,refine,512,1,64,it0162,0.21005165576934814,0.31802061200141907,0.25925925925925924,False,0
D2_0,refine,512,1,64,it0163,0.48482823371887207,0.3283911943435669,0.0,False,0
D2_0,refine,512,1,64,it0164,0.4218805432319641,0.3052240014076233,0.0,False,0
D2_0,refine,512,1,64,it0165,0.37283551692962646,0.3269428610801697,0.0,False,0
D2_0,refine,512,1,64,it0166,0.5585795640945435,0.1852043718099594,0.08333333333333333,False,0
D2_0,refine,512,1,64,it0167,0.48021072149276733,0.46125978231430054,0.21052631578947367,False,0
D2_0,refine,512,1,64,it0168,0.34251338243484497,0.3726062774658203,0.0,False,0
D2_0,refine,512,1,64,it0169,0.3361620604991913,0.3364722430706024,0.2,False,0
D2_0,refine,512,1,64,it0170,0.3926074802875519,0.3767448961734772,0.11764705882352941,False,0
D2_0,refine,512,1,64,it0171,0.4576214849948883,0.4288763403892517,0.0,False,0
D2_0,refine,512,1,64,it0172,0.2716276943683624,0.2594909965991974,0.0,False,0
D2_0,refine,512,1,64,it0173,0.5374045372009277,0.5415292978286743,0.0,False,0
D2_0,refine,512,1,64,it0174,0.5221608877182007,0.37126561999320984,0.3125,False,0
D2_0,refine,512,1,64,it0175,0.2705429792404175,0.22770166397094727,0.0,False,0
D2_0,refine,512,1,64,it0176,0.3754650354385376,0.4028511047363281,0.05555555555555555,False,0
D2_0,refine,512,1,64,it0177,0.36484313011169434,0.4779437184333801,0.0,False,0
D2_0,refine,512,1,64,it0178,0.41936030983924866,0.26955434679985046,0.4117647058823529,False,0
D2_0,refine,512,1,64,it0179,0.6249289512634277,0.7183942198753357,0.06451612903225806,False,0
D2_0,refine,512,1,64,it0180,0.41914963722229004,0.45197594165802,0.0,False,0
D2_0,refine,512,1,64,it0181,0.5245234966278076,0.5202227234840393,0.0,False,0
D2_0,refine,512,1,64,it0182,0.6194841861724854,0.4538395404815674,0.0,False,0
D2_0,refine,512,1,64,it0183,0.5785808563232422,0.6226025223731995,0.0,False,0
D2_0,refine,512,1,64,it0184,0.28298959136009216,0.32118213176727295,0.13333333333333333,False,0
D2_0,refine,512,1,64,it0185,0.28889593482017517,0.3446457087993622,0.03225806451612903,False,0
D2_0,refine,512,1,64,it0186,0.5581589341163635,0.48097914457321167,0.0,False,0
D2_0,refine,512,1,64,it0187,0.4480786621570587,0.29436105489730835,0.125,False,0
D2_0,refine,512,1,64,it0188,0.501128077507019,0.43056803941726685,0.2222222222222222,False,0
D2_0,refine,512,1,64,it0189,0.4068475365638733,0.2599894404411316,0.0,False,0
D2_0,refine,512,1,64,it0190,0.5900643467903137,0.535335123538971,0.25,False,0
D2_0,refine,512,1,64,it0191,0.4662383496761322,0.3049551546573639,0.0,False,0
D2_0,refine,512,1,64,it0192,0.537123441696167,0.5855625867843628,0.14814814814814814,False,0
D2_0,refine,512,1,64,it0193,0.44378039240837097,0.22889269888401031,0.3125,False,0
D2_0,refine,512,1,64,it0194,0.6114110946655273,0.7200231552124023,0.0,False,0
D2_0,refine,512,1,64,it0195,0.6133136749267578,0.5088264346122742,0.11538461538461539,False,0
D2_0,refine,512,1,64,it0196,0.47518134117126465,0.43680328130722046,0.14285714285714285,False,0
D2_0,refine,512,1,64,it0197,0.38052594661712646,0.3446914553642273,0.0,False,0
D2_0,refine,512,1,64,it0198,0.28599053621292114,0.28425198793411255,0.1875,False,0
D2_0,refine,512,1,64,it0199,0.4037661552429199,0.3940622806549072,0.058823529411764705,False,0
