run,arm,nfe,K,T,item,ecapa,wavlm,wer,degenerate,pick
C4_1,search,128,2,8,it0000,0.4110890030860901,0.30856993794441223,0.15217391304347827,False,1
C4_1,search,128,2,8,it0001,0.523227870464325,0.2531666159629822,0.3888888888888889,False,0
C4_1,search,128,2,8,it0002,0.34521132707595825,0.4083063304424286,0.26666666666666666,False,0
C4_1,search,128,2,8,it0003,0.2986442744731903,0.2730475068092346,0.4666666666666667,False,0
C4_1,search,128,2,8,it0004,0.5132787823677063,0.41704925894737244,0.1875,False,1
C4_1,search,128,2,8,it0005,0.48377108573913574,0.4492592215538025,0.07407407407407407,False,0
C4_1,search,128,2,8,it0006,0.38155314326286316,0.38483089208602905,0.16666666666666666,False,1
C4_1,search,128,2,8,it0007,0.3401094973087311,0.30001503229141235,0.2727272727272727,False,0
C4_1,search,128,2,8,it0008,0.42340898513793945,0.22835931181907654,0.19047619047619047,False,0
C4_1,search,128,2,8,it0009,0.505461573600769,0.5349017977714539,0.14814814814814814,False,1
C4_1,search,128,2,8,it0010,0.5532887578010559,0.6003053188323975,0.2777777777777778,False,1
C4_1,search,128,2,8,it0011,0.5951710343360901,0.4435008764266968,0.043478260869565216,False,1
C4_1,search,128,2,8,it0012,0.46595892310142517,0.37793445587158203,0.6551724137931034,False,0
C4_1,search,128,2,8,it0013,0.63260817527771,0.559158444404602,0.037037037037037035,False,1
C4_1,search,128,2,8,it0014,0.4477159380912781,0.4290832281112671,0.06666666666666667,False,0
C4_1,search,128,2,8,it0015,0.5246862173080444,0.5441091060638428,0.11764705882352941,False,1
C4_1,search,128,2,8,it0016,0.5128248929977417,0.34443217515945435,0.4117647058823529,False,1
C4_1,search,128,2,8,it0017,0.5300037860870361,0.3565234839916229,0.3333333333333333,False,0
C4_1,search,128,2,8,it0018,0.24124130606651306,0.18348416686058044,0.08823529411764706,False,1
C4_1,search,128,2,8,it0019,0.5639058947563171,0.45314329862594604,0.34782608695652173,False,1
C4_1,search,128,2,8,it0020,0.38855651021003723,0.3191099762916565,0.23076923076923078,False,0
C4_1,search,128,2,8,it0021,0.5807250738143921,0.4457380771636963,0.030303030303030304,False,1
C4_1,search,128,2,8,it0022,0.4076174199581146,0.5038071870803833,0.425,False,1
C4_1,search,128,2,8,it0023,0.508094847202301,0.46739256381988525,0.4444444444444444,False,0
C4_1,search,128,2,8,it0024,0.6561499834060669,0.4967712163925171,0.0,False,1
C4_1,search,128,2,8,it0025,0.5948873162269592,0.5307984948158264,0.05,False,1
C4_1,search,128,2,8,it0026,0.2703213691711426,0.2025168091058731,0.1875,False,1
C4_1,search,128,2,8,it0027,0.7346463203430176,0.5765605568885803,0.0625,False,0
C4_1,search,128,2,8,it0028,0.5349674224853516,0.5051379799842834,0.16666666666666666,False,0
C4_1,search,128,2,8,it0029,0.40401291847229004,0.38071179389953613,0.1875,False,0
C4_1,search,128,2,8,it0030,0.5843408107757568,0.47640734910964966,0.0,False,0
C4_1,search,128,2,8,it0031,0.32684069871902466,0.20107465982437134,0.2222222222222222,False,0
C4_1,search,128,2,8,it0032,0.6103935241699219,0.48120495676994324,0.18518518518518517,False,0
C4_1,search,128,2,8,it0033,0.4769364595413208,0.310400128364563,0.23076923076923078,False,1
C4_1,search,128,2,8,it0034,0.5414631366729736,0.49388760328292847,0.03333333333333333,False,0
C4_1,search,128,2,8,it0035,0.28492993116378784,0.17872199416160583,0.07692307692307693,False,1
C4_1,search,128,2,8,it0036,0.5777833461761475,0.49020713567733765,0.05555555555555555,False,1
C4_1,search,128,2,8,it0037,0.5794045925140381,0.42698225378990173,0.2,False,0
C4_1,search,128,2,8,it0038,0.37957772612571716,0.22987817227840424,0.24324324324324326,False,0
C4_1,search,128,2,8,it0039,0.586554765701294,0.5372887849807739,0.12195121951219512,False,0
C4_1,search,128,2,8,it0040,0.2800796627998352,0.22948864102363586,0.13333333333333333,False,1
C4_1,search,128,2,8,it0041,0.6178466081619263,0.45641785860061646,0.0,False,1
C4_1,search,128,2,8,it0042,0.45038217306137085,0.37439030408859253,0.4074074074074074,False,0
C4_1,search,128,2,8,it0043,0.302770733833313,0.32462453842163086,0.0,False,0
C4_1,search,128,2,8,it0044,0.5335255265235901,0.5481263399124146,0.12,False,1
C4_1,search,128,2,8,it0045,0.24303612112998962,0.44879040122032166,0.23333333333333334,False,1
C4_1,search,128,2,8,it0046,0.30740049481391907,0.27836307883262634,0.125,False,0
C4_1,search,128,2,8,it0047,0.3341612219810486,0.29508349299430847,0.7,False,0
C4_1,search,128,2,8,it0048,0.554441511631012,0.43190914392471313,0.3125,False,1
C4_1,search,128,2,8,it0049,0.34562939405441284,0.5247752070426941,0.045454545454545456,False,1
C4_1,search,128,2,8,it0050,0.3354686498641968,0.2551507353782654,0.3181818181818182,False,1
C4_1,search,128,2,8,it0051,0.2165575474500656,0.3603273034095764,0.1724137931034483,False,0
C4_1,search,128,2,8,it0052,0.37805894017219543,0.5107349753379822,0.0,False,1
C4_1,search,128,2,8,it0053,0.2542298436164856,0.3964654803276062,0.13513513513513514,False,1
C4_1,search,128,2,8,it0054,0.23244628310203552,0.19925136864185333,0.375,False,0
C4_1,search,128,2,8,it0055,0.5581326484680176,0.5488697290420532,0.3076923076923077,False,1
C4_1,search,128,2,8,it0056,0.3965494632720947,0.28371429443359375,0.15,False,0
C4_1,search,128,2,8,it0057,0.4930213689804077,0.35256147384643555,0.14705882352941177,False,0
C4_1,search,128,2,8,it0058,0.18331025540828705,0.29511702060699463,0.16666666666666666,False,0
C4_1,search,128,2,8,it0059,0.5967426300048828,0.5993794798851013,0.2857142857142857,False,0
C4_1,search,128,2,8,it0060,0.3902103006839752,0.28796786069869995,0.058823529411764705,False,0
C4_1,search,128,2,8,it0061,0.5303584933280945,0.5753676891326904,0.02857142857142857,False,0
C4_1,search,128,2,8,it0062,0.6800678372383118,0.5741983652114868,0.09523809523809523,False,1
C4_1,search,128,2,8,it0063,0.5092434287071228,0.44303277134895325,0.13793103448275862,False,0
C4_1,search,128,2,8,it0064,0.37614279985427856,0.39731961488723755,0.3333333333333333,False,0
C4_1,search,128,2,8,it0065,0.6319136023521423,0.6103129386901855,0.1282051282051282,False,0
C4_1,search,128,2,8,it0066,0.3639160692691803,0.453239381313324,0.42857142857142855,False,1
C4_1,search,128,2,8,it0067,0.24747641384601593,0.26890480518341064,0.1111111111111111,False,0
C4_1,search,128,2,8,it0068,0.7044111490249634,0.6362958550453186,0.0,False,0
C4_1,search,128,2,8,it0069,0.34604015946388245,0.33190882205963135,0.2727272727272727,False,0
C4_1,search,128,2,8,it0070,0.365927129983902,0.4019795060157776,0.13333333333333333,False,1
C4_1,search,128,2,8,it0071,0.5455852746963501,0.40315908193588257,0.17857142857142858,False,1
C4_1,search,128,2,8,it0072,0.5265357494354248,0.5059727430343628,0.09090909090909091,False,1
C4_1,search,128,2,8,it0073,0.2510516047477722,0.32838088274002075,0.3793103448275862,False,1
C4_1,search,128,2,8,it0074,0.3504745662212372,0.2903808057308197,0.4,False,1
C4_1,search,128,2,8,it0075,0.2790365517139435,0.309084415435791,0.043478260869565216,False,1
C4_1,search,128,2,8,it0076,0.5009666085243225,0.26773300766944885,0.13043478260869565,False,0
C4_1,search,128,2,8,it0077,0.4709898829460144,0.6726843118667603,0.25,False,0
C4_1,search,128,2,8,it0078,0.2884606420993805,0.260856032371521,0.2857142857142857,False,1
C4_1,search,128,2,8,it0079,0.5375480651855469,0.5825451016426086,0.041666666666666664,False,1
C4_1,search,128,2,8,it0080,0.3436560034751892,0.22749392688274384,0.21951219512195122,False,0
C4_1,search,128,2,8,it0081,0.41160857677459717,0.34559059143066406,0.03571428571428571,False,0
C4_1,search,128,2,8,it0082,0.48813289403915405,0.47973817586898804,0.11764705882352941,False,1
C4_1,search,128,2,8,it0083,0.4751129746437073,0.30098894238471985,0.0,False,1
C4_1,search,128,2,8,it0084,0.620683491230011,0.5293614864349365,0.3111111111111111,False,1
C4_1,search,128,2,8,it0085,0.5023444890975952,0.39517998695373535,0.0,False,0
C4_1,search,128,2,8,it0086,0.5391100645065308,0.6496559381484985,0.0,False,1
C4_1,search,128,2,8,it0087,0.5626247525215149,0.6944299936294556,0.25,False,0
C4_1,search,128,2,8,it0088,0.28436192870140076,0.2948054075241089,0.2857142857142857,False,1
C4_1,search,128,2,8,it0089,0.3983194828033447,0.357312947511673,0.0,False,0
C4_1,search,128,2,8,it0090,0.5976054072380066,0.5443867444992065,0.058823529411764705,False,0
C4_1,search,128,2,8,it0091,0.5929388403892517,0.5151199102401733,0.06451612903225806,False,0
C4_1,search,128,2,8,it0092,0.6027671694755554,0.46934637427330017,0.17142857142857143,False,1
C4_1,search,128,2,8,it0093,0.5172808766365051,0.5143206119537354,0.21052631578947367,False,0
C4_1,search,128,2,8,it0094,0.5091829895973206,0.48512735962867737,0.15384615384615385,False,1
C4_1,search,128,2,8,it0095,0.4372573792934418,0.4363252818584442,0.14285714285714285,False,0
C4_1,search,128,2,8,it0096,0.5701966881752014,0.4111829400062561,0.45454545454545453,False,0
C4_1,search,128,2,8,it0097,0.6572242975234985,0.6161514520645142,0.2,False,1
C4_1,search,128,2,8,it0098,0.5300601124763489,0.31862565875053406,0.14814814814814814,False,0
C4_1,search,128,2,8,it0099,0.2598518431186676,0.15710467100143433,0.08695652173913043,False,1
C4_1,search,128,2,8,it0100,0.6629013419151306,0.6938213109970093,0.0,False,1
C4_1,search,128,2,8,it0101,0.4000517427921295,0.3161056935787201,0.4473684210526316,False,1
C4_1,search,128,2,8,it0102,0.3325921893119812,0.3259149193763733,0.07692307692307693,False,1
C4_1,search,128,2,8,it0103,0.4065811038017273,0.4867917001247406,0.18181818181818182,False,1
C4_1,search,128,2,8,it0104,0.4819192886352539,0.44014960527420044,0.125,False,0
C4_1,search,128,2,8,it0105,0.45286983251571655,0.5340348482131958,0.14285714285714285,False,0
C4_1,search,128,2,8,it0106,0.3878995180130005,0.38452303409576416,0.041666666666666664,False,0
C4_1,search,128,2,8,it0107,0.4885083734989166,0.4847041070461273,0.17391304347826086,False,1
C4_1,search,128,2,8,it0108,0.6048708558082581,0.42478829622268677,0.25,False,1
C4_1,search,128,2,8,it0109,0.42176496982574463,0.3501124382019043,0.21052631578947367,False,0
C4_1,search,128,2,8,it0110,0.18068940937519073,0.3180549740791321,0.26666666666666666,False,1
C4_1,search,128,2,8,it0111,0.3464447259902954,0.2652182877063751,0.3333333333333333,False,0
C4_1,search,128,2,8,it0112,0.622593104839325,0.5292967557907104,0.13636363636363635,False,0
C4_1,search,128,2,8,it0113,0.5271049737930298,0.524690568447113,0.25,False,0
C4_1,search,128,2,8,it0114,0.276797890663147,0.3485701084136963,0.5,False,1
C4_1,search,128,2,8,it0115,0.22312478721141815,0.1698586344718933,0.07142857142857142,False,0
C4_1,search,128,2,8,it0116,0.5751588940620422,0.29400521516799927,0.17647058823529413,False,0
C4_1,search,128,2,8,it0117,0.4682027995586395,0.5476827025413513,0.2647058823529412,False,1
C4_1,search,128,2,8,it0118,0.6590596437454224,0.5704605579376221,0.3076923076923077,False,1
C4_1,search,128,2,8,it0119,0.5219206213951111,0.5047908425331116,0.2857142857142857,False,1
C4_1,search,128,2,8,it0120,0.5500117540359497,0.5043066143989563,0.06666666666666667,False,1
C4_1,search,128,2,8,it0121,0.5582895278930664,0.3765006959438324,0.25,False,0
C4_1,search,128,2,8,it0122,0.07986035943031311,0.3004223704338074,0.5909090909090909,False,0
C4_1,search,128,2,8,it0123,0.3207469582557678,0.5280904173851013,0.17647058823529413,False,0
C4_1,search,128,2,8,it0124,0.5657885670661926,0.42957815527915955,0.06060606060606061,False,1
C4_1,search,128,2,8,it0125,0.48369547724723816,0.37227126955986023,0.10256410256410256,False,0
C4_1,search,128,2,8,it0126,0.5278811454772949,0.38671207427978516,0.0,False,0
C4_1,search,128,2,8,it0127,0.4969857335090637,0.3241649568080902,0.0,False,1
C4_1,search,128,2,8,it0128,0.4465818405151367,0.5201140642166138,0.4,False,0
C4_1,search,128,2,8,it0129,0.29296496510505676,0.2746793031692505,0.058823529411764705,False,1
C4_1,search,128,2,8,it0130,0.2170942723751068,0.3404504060745239,0.3,False,1
C4_1,search,128,2,8,it0131,0.3595484495162964,0.498075932264328,0.22580645161290322,False,0
C4_1,search,128,2,8,it0132,0.3243367373943329,0.19958144426345825,0.21428571428571427,False,1
C4_1,search,128,2,8,it0133,0.5641002655029297,0.5531195402145386,0.0,False,1
C4_1,search,128,2,8,it0134,0.4841214120388031,0.3989625871181488,0.02631578947368421,False,1
C4_1,search,128,2,8,it0135,0.3768616318702698,0.4123229384422302,0.38461538461538464,False,0
C4_1,search,128,2,8,it0136,0.4357064962387085,0.4605797529220581,0.1,False,1
C4_1,search,128,2,8,it0137,0.6063587665557861,0.3831041157245636,0.3333333333333333,False,1
C4_1,search,128,2,8,it0138,0.6249992847442627,0.5989512205123901,0.4444444444444444,False,1
C4_1,search,128,2,8,it0139,0.5363473892211914,0.3158867061138153,0.1111111111111111,False,0
C4_1,search,128,2,8,it0140,0.5212221145629883,0.45433008670806885,0.08333333333333333,False,0
C4_1,search,128,2,8,it0141,0.6145669221878052,0.6745717525482178,0.3,False,0
C4_1,search,128,2,8,it0142,0.3628416061401367,0.32522180676460266,0.28,False,0
C4_1,search,128,2,8,it0143,0.2552626430988312,0.48183760046958923,0.0,False,0
C4_1,search,128,2,8,it0144,0.5025497078895569,0.4565536677837372,0.0,False,1
C4_1,search,128,2,8,it0145,0.648951530456543,0.6368035674095154,0.125,False,0
C4_1,search,128,2,8,it0146,0.4115585684776306,0.4349191188812256,0.0,False,0
C4_1,search,128,2,8,it0147,0.5755678415298462,0.3103729486465454,0.17391304347826086,False,1
C4_1,search,128,2,8,it0148,0.16230855882167816,0.1449478566646576,0.17857142857142858,False,0
C4_1,search,128,2,8,it0149,0.47616857290267944,0.3719443082809448,0.2857142857142857,False,1
C4_1,search,128,2,8,it0150,0.41074877977371216,0.46479445695877075,0.3076923076923077,False,1
C4_1,search,128,2,8,it0151,0.5697576403617859,0.44542190432548523,0.058823529411764705,False,1
C4_1,search,128,2,8,it0152,0.5980164408683777,0.38909804821014404,0.0,False,0
C4_1,search,128,2,8,it0153,0.24608652293682098,0.4357433319091797,0.16666666666666666,False,1
C4_1,search,128,2,8,it0154,0.17898418009281158,0.16818514466285706,0.0,False,1
C4_1,search,128,2,8,it0155,0.18600784242153168,0.21264486014842987,0.10714285714285714,False,0
C4_1,search,128,2,8,it0156,0.3541095554828644,0.32120394706726074,0.0,False,1
C4_1,search,128,2,8,it0157,0.6220517754554749,0.484187513589859,0.023255813953488372,False,0
C4_1,search,128,2,8,it0158,0.4065738022327423,0.32642486691474915,0.15789473684210525,False,0
C4_1,search,128,2,8,it0159,0.3999119997024536,0.1629665046930313,0.0,False,1
C4_1,search,128,2,8,it0160,0.5825962424278259,0.43220311403274536,0.16129032258064516,False,1
C4_1,search,128,2,8,it0161,0.30387017130851746,0.37738972902297974,0.10344827586206896,False,1
C4_1,search,128,2,8,it0162,0.32401859760284424,0.30794957280158997,0.4444444444444444,False,1
C4_1,search,128,2,8,it0163,0.37367507815361023,0.35433441400527954,0.17647058823529413,False,0
C4_1,search,128,2,8,it0164,0.5273644328117371,0.2992132306098938,0.0967741935483871,False,0
C4_1,search,128,2,8,it0165,0.46328428387641907,0.3865389823913574,0.030303030303030304,False,1
C4_1,search,128,2,8,it0166,0.48152589797973633,0.20995551347732544,0.08333333333333333,False,1
C4_1,search,128,2,8,it0167,0.39119207859039307,0.37462496757507324,0.2631578947368421,False,1
C4_1,search,128,2,8,it0168,0.31120163202285767,0.30035024881362915,0.0,False,1
C4_1,search,128,2,8,it0169,0.33375802636146545,0.5049733519554138,0.2,False,1
C4_1,search,128,2,8,it0170,0.45957571268081665,0.3972299098968506,0.35294117647058826,False,1
C4_1,search,128,2,8,it0171,0.6555658578872681,0.5688179135322571,0.047619047619047616,False,0
C4_1,search,128,2,8,it0172,0.2621742784976959,0.33076268434524536,0.0,False,0
C4_1,search,128,2,8,it0173,0.6604357957839966,0.5930354595184326,0.03333333333333333,False,0
C4_1,search,128,2,8,it0174,0.5657104253768921,0.36732709407806396,0.375,False,0
C4_1,search,128,2,8,it0175,0.14602264761924744,0.26776185631752014,0.0,False,1
C4_1,search,128,2,8,it0176,0.2776479721069336,0.28740304708480835,0.16666666666666666,False,0
C4_1,search,128,2,8,it0177,0.411321222782135,0.49110597372055054,0.15789473684210525,False,1
C4_1,search,128,2,8,it0178,0.37274277210235596,0.19950313866138458,0.17647058823529413,False,1
C4_1,search,128,2,8,it0179,0.5777478814125061,0.6340820789337158,0.0967741935483871,False,1
C4_1,search,128,2,8,it0180,0.4162599444389343,0.4640977680683136,0.0,False,1
C4_1,search,128,2,8,it0181,0.5410652160644531,0.519356369972229,0.024390243902439025,False,0
C4_1,search,128,2,8,it0182,0.5989397168159485,0.48596489429473877,0.2,False,0
C4_1,search,128,2,8,it0183,0.5344053506851196,0.56658536195755,0.0,False,0
C4_1,search,128,2,8,it0184,0.10562453418970108,0.15194088220596313,0.13333333333333333,False,1
C4_1,search,128,2,8,it0185,0.4117977023124695,0.4492157995700836,0.06451612903225806,False,0
C4_1,search,128,2,8,it0186,0.5719985365867615,0.4422181248664856,0.125,False,1
C4_1,search,128,2,8,it0187,0.4892057776451111,0.38184690475463867,0.0625,False,0
C4_1,search,128,2,8,it0188,0.5168824195861816,0.4634265899658203,0.2777777777777778,False,1
C4_1,search,128,2,8,it0189,0.36122962832450867,0.3231419324874878,0.05,False,0
C4_1,search,128,2,8,it0190,0.6726260185241699,0.5602361559867859,0.0,False,1
C4_1,search,128,2,8,it0191,0.41178762912750244,0.34527021646499634,0.12,False,0
C4_1,search,128,2,8,it0192,0.5071985125541687,0.4284549057483673,0.037037037037037035,False,1
C4_1,search,128,2,8,it0193,0.5276274681091309,0.3920847773551941,0.5,False,0
C4_1,search,128,2,8,it0194,0.6489039063453674,0.6344175934791565,0.0,False,1
C4_1,search,128,2,8,it0195,0.5869432687759399,0.43826162815093994,0.11538461538461539,False,0
C4_1,search,128,2,8,it0196,0.482829749584198,0.44782754778862,0.21428571428571427,False,1
C4_1,search,128,2,8,it0197,0.34564009308815,0.34403783082962036,0.0,False,0
C4_1,search,128,2,8,it0198,0.02230623923242092,0.1530766785144806,0.0,False,0
C4_1,search,128,2,8,it0199,0.4954182505607605,0.5461586713790894,0.11764705882352941,False,1
C4_1,search,256,4,8,it0000,0.42417559027671814,0.4096145033836365,0.06521739130434782,False,3
C4_1,search,256,4,8,it0001,0.45131170749664307,0.29765784740448,0.3333333333333333,False,3
C4_1,search,256,4,8,it0002,0.34521132707595825,0.4083063304424286,0.26666666666666666,False,0
C4_1,search,256,4,8,it0003,0.2986442744731903,0.2730475068092346,0.4666666666666667,False,0
C4_1,search,256,4,8,it0004,0.5132787823677063,0.41704925894737244,0.1875,False,1
C4_1,search,256,4,8,it0005,0.48377108573913574,0.4492592215538025,0.07407407407407407,False,0
C4_1,search,256,4,8,it0006,0.38155314326286316,0.38483089208602905,0.16666666666666666,False,1
C4_1,search,256,4,8,it0007,0.26070305705070496,0.34260809421539307,0.045454545454545456,False,2
C4_1,search,256,4,8,it0008,0.42340898513793945,0.22835931181907654,0.19047619047619047,False,0
C4_1,search,256,4,8,it0009,0.5366557836532593,0.5651420950889587,0.07407407407407407,False,2
C4_1,search,256,4,8,it0010,0.5532887578010559,0.6003053188323975,0.2777777777777778,False,1
C4_1,search,256,4,8,it0011,0.5951710343360901,0.4435008764266968,0.043478260869565216,False,1
C4_1,search,256,4,8,it0012,0.4145088791847229,0.436887264251709,0.9310344827586207,False,3
C4_1,search,256,4,8,it0013,0.6123213171958923,0.6193685531616211,0.1111111111111111,False,2
C4_1,search,256,4,8,it0014,0.4477159380912781,0.4290832281112671,0.06666666666666667,False,0
C4_1,search,256,4,8,it0015,0.5246862173080444,0.5441091060638428,0.11764705882352941,False,1
C4_1,search,256,4,8,it0016,0.6034971475601196,0.4621651768684387,0.20588235294117646,False,3
C4_1,search,256,4,8,it0017,0.4991520345211029,0.38377368450164795,0.26666666666666666,False,3
C4_1,search,256,4,8,it0018,0.2832934558391571,0.3081395626068115,0.058823529411764705,False,2
C4_1,search,256,4,8,it0019,0.5566216707229614,0.4730505645275116,0.06521739130434782,False,3
C4_1,search,256,4,8,it0020,0.30959510803222656,0.34310317039489746,0.38461538461538464,False,2
C4_1,search,256,4,8,it0021,0.5450206995010376,0.45137953758239746,0.09090909090909091,False,2
C4_1,search,256,4,8,it0022,0.4076174199581146,0.5038071870803833,0.425,False,1
C4_1,search,256,4,8,it0023,0.6388089060783386,0.48030781745910645,0.3888888888888889,False,3
C4_1,search,256,4,8,it0024,0.6561499834060669,0.4967712163925171,0.0,False,1
C4_1,search,256,4,8,it0025,0.6221867799758911,0.5944221019744873,0.1,False,2
C4_1,search,256,4,8,it0026,0.3380313217639923,0.32287272810935974,0.0625,False,2
C4_1,search,256,4,8,it0027,0.6585972905158997,0.5895118117332458,0.0625,False,2
C4_1,search,256,4,8,it0028,0.5349674224853516,0.5051379799842834,0.16666666666666666,False,0
C4_1,search,256,4,8,it0029,0.40401291847229004,0.38071179389953613,0.1875,False,0
C4_1,search,256,4,8,it0030,0.45982179045677185,0.4881274700164795,0.08,False,2
C4_1,search,256,4,8,it0031,0.299650639295578,0.30174118280410767,0.3333333333333333,False,2
C4_1,search,256,4,8,it0032,0.6673455834388733,0.6553829908370972,0.18518518518518517,False,3
C4_1,search,256,4,8,it0033,0.4769364595413208,0.310400128364563,0.23076923076923078,False,1
C4_1,search,256,4,8,it0034,0.5414631366729736,0.49388760328292847,0.03333333333333333,False,0
C4_1,search,256,4,8,it0035,0.2150793820619583,0.21006128191947937,0.0,False,2
C4_1,search,256,4,8,it0036,0.60908442735672,0.49039000272750854,0.05555555555555555,False,2
C4_1,search,256,4,8,it0037,0.5189101099967957,0.4901897609233856,0.06666666666666667,False,3
C4_1,search,256,4,8,it0038,0.37957772612571716,0.22987817227840424,0.24324324324324326,False,0
C4_1,search,256,4,8,it0039,0.586554765701294,0.5372887849807739,0.12195121951219512,False,0
C4_1,search,256,4,8,it0040,0.2800796627998352,0.22948864102363586,0.13333333333333333,False,1
C4_1,search,256,4,8,it0041,0.6178466081619263,0.45641785860061646,0.0,False,1
C4_1,search,256,4,8,it0042,0.4087343215942383,0.41056984663009644,0.18518518518518517,False,2
C4_1,search,256,4,8,it0043,0.302770733833313,0.32462453842163086,0.0,False,0
C4_1,search,256,4,8,it0044,0.5335255265235901,0.5481263399124146,0.12,False,1
C4_1,search,256,4,8,it0045,0.24303612112998962,0.44879040122032166,0.23333333333333334,False,1
C4_1,search,256,4,8,it0046,0.327886700630188,0.2848883867263794,0.125,False,3
C4_1,search,256,4,8,it0047,0.3341612219810486,0.29508349299430847,0.7,False,0
C4_1,search,256,4,8,it0048,0.6441789865493774,0.5241571068763733,0.1875,False,2
C4_1,search,256,4,8,it0049,0.34562939405441284,0.5247752070426941,0.045454545454545456,False,1
C4_1,search,256,4,8,it0050,0.3354686498641968,0.2551507353782654,0.3181818181818182,False,1
C4_1,search,256,4,8,it0051,0.224591925740242,0.4091081917285919,0.2413793103448276,False,2
C4_1,search,256,4,8,it0052,0.37805894017219543,0.5107349753379822,0.0,False,1
C4_1,search,256,4,8,it0053,0.2542298436164856,0.3964654803276062,0.13513513513513514,False,1
C4_1,search,256,4,8,it0054,0.23244628310203552,0.19925136864185333,0.375,False,0
C4_1,search,256,4,8,it0055,0.5581326484680176,0.5488697290420532,0.3076923076923077,False,1
C4_1,search,256,4,8,it0056,0.36829400062561035,0.30222707986831665,0.3,False,3
C4_1,search,256,4,8,it0057,0.4311855733394623,0.4483489394187927,0.2647058823529412,False,3
C4_1,search,256,4,8,it0058,0.312486469745636,0.3628433048725128,0.08333333333333333,False,3
C4_1,search,256,4,8,it0059,0.5967426300048828,0.5993794798851013,0.2857142857142857,False,0
C4_1,search,256,4,8,it0060,0.35571789741516113,0.35585057735443115,0.23529411764705882,False,3
C4_1,search,256,4,8,it0061,0.5303584933280945,0.5753676891326904,0.02857142857142857,False,0
C4_1,search,256,4,8,it0062,0.6800678372383118,0.5741983652114868,0.09523809523809523,False,1
C4_1,search,256,4,8,it0063,0.5092434287071228,0.44303277134895325,0.13793103448275862,False,0
C4_1,search,256,4,8,it0064,0.33471739292144775,0.40085089206695557,0.2222222222222222,False,2
C4_1,search,256,4,8,it0065,0.6319136023521423,0.6103129386901855,0.1282051282051282,False,0
C4_1,search,256,4,8,it0066,0.3639160692691803,0.453239381313324,0.42857142857142855,False,1
C4_1,search,256,4,8,it0067,0.1266002655029297,0.3055856227874756,0.05555555555555555,False,2
C4_1,search,256,4,8,it0068,0.6933016180992126,0.6857766509056091,0.1794871794871795,False,2
C4_1,search,256,4,8,it0069,0.31089159846305847,0.4024534821510315,0.22727272727272727,False,2
C4_1,search,256,4,8,it0070,0.46048033237457275,0.4723692834377289,0.06666666666666667,False,3
C4_1,search,256,4,8,it0071,0.6499687433242798,0.5243732333183289,0.14285714285714285,False,2
C4_1,search,256,4,8,it0072,0.5265357494354248,0.5059727430343628,0.09090909090909091,False,1
C4_1,search,256,4,8,it0073,0.2510516047477722,0.32838088274002075,0.3793103448275862,False,1
C4_1,search,256,4,8,it0074,0.3504745662212372,0.2903808057308197,0.4,False,1
C4_1,search,256,4,8,it0075,0.2790365517139435,0.309084415435791,0.043478260869565216,False,1
C4_1,search,256,4,8,it0076,0.4747380316257477,0.31544584035873413,0.17391304347826086,False,3
C4_1,search,256,4,8,it0077,0.4709898829460144,0.6726843118667603,0.25,False,0
C4_1,search,256,4,8,it0078,0.3076409697532654,0.300226092338562,0.09523809523809523,False,3
C4_1,search,256,4,8,it0079,0.5375480651855469,0.5825451016426086,0.041666666666666664,False,1
C4_1,search,256,4,8,it0080,0.44920334219932556,0.2725125253200531,0.17073170731707318,False,3
C4_1,search,256,4,8,it0081,0.41160857677459717,0.34559059143066406,0.03571428571428571,False,0
C4_1,search,256,4,8,it0082,0.48813289403915405,0.47973817586898804,0.11764705882352941,False,1
C4_1,search,256,4,8,it0083,0.44380155205726624,0.3815961182117462,0.0,False,3
C4_1,search,256,4,8,it0084,0.620683491230011,0.5293614864349365,0.3111111111111111,False,1
C4_1,search,256,4,8,it0085,0.4977870583534241,0.47445619106292725,0.42857142857142855,False,2
C4_1,search,256,4,8,it0086,0.5391100645065308,0.6496559381484985,0.0,False,1
C4_1,search,256,4,8,it0087,0.5626247525215149,0.6944299936294556,0.25,False,0
C4_1,search,256,4,8,it0088,0.31005963683128357,0.3482738733291626,0.14285714285714285,False,3
C4_1,search,256,4,8,it0089,0.3983194828033447,0.357312947511673,0.0,False,0
C4_1,search,256,4,8,it0090,0.639750599861145,0.6351827383041382,0.0,False,3
C4_1,search,256,4,8,it0091,0.600700855255127,0.5533968210220337,0.06451612903225806,False,2
C4_1,search,256,4,8,it0092,0.6027671694755554,0.46934637427330017,0.17142857142857143,False,1
C4_1,search,256,4,8,it0093,0.5172808766365051,0.5143206119537354,0.21052631578947367,False,0
C4_1,search,256,4,8,it0094,0.5091829895973206,0.48512735962867737,0.15384615384615385,False,1
C4_1,search,256,4,8,it0095,0.494391530752182,0.4495735168457031,0.19047619047619047,False,3
C4_1,search,256,4,8,it0096,0.5701966881752014,0.4111829400062561,0.45454545454545453,False,0
C4_1,search,256,4,8,it0097,0.6572242975234985,0.6161514520645142,0.2,False,1
C4_1,search,256,4,8,it0098,0.49760961532592773,0.4736572504043579,0.14814814814814814,False,2
C4_1,search,256,4,8,it0099,0.2096293866634369,0.24920529127120972,0.08695652173913043,False,2
C4_1,search,256,4,8,it0100,0.6629013419151306,0.6938213109970093,0.0,False,1
C4_1,search,256,4,8,it0101,0.34103861451148987,0.3266768455505371,0.13157894736842105,False,3
C4_1,search,256,4,8,it0102,0.36117538809776306,0.49472880363464355,0.23076923076923078,False,3
C4_1,search,256,4,8,it0103,0.4065811038017273,0.4867917001247406,0.18181818181818182,False,1
C4_1,search,256,4,8,it0104,0.4273003339767456,0.46307235956192017,0.041666666666666664,False,3
C4_1,search,256,4,8,it0105,0.42103633284568787,0.5781692266464233,0.2571428571428571,False,3
C4_1,search,256,4,8,it0106,0.30178171396255493,0.4602510333061218,0.0,False,3
C4_1,search,256,4,8,it0107,0.4885083734989166,0.4847041070461273,0.17391304347826086,False,1
C4_1,search,256,4,8,it0108,0.6048708558082581,0.42478829622268677,0.25,False,1
C4_1,search,256,4,8,it0109,0.4714418947696686,0.37345781922340393,0.21052631578947367,False,3
C4_1,search,256,4,8,it0110,0.18068940937519073,0.3180549740791321,0.26666666666666666,False,1
C4_1,search,256,4,8,it0111,0.25014445185661316,0.27458709478378296,0.5454545454545454,False,3
C4_1,search,256,4,8,it0112,0.6143659949302673,0.5383796691894531,0.09090909090909091,False,3
C4_1,search,256,4,8,it0113,0.5271049737930298,0.524690568447113,0.25,False,0
C4_1,search,256,4,8,it0114,0.34700703620910645,0.38158169388771057,0.5555555555555556,False,3
C4_1,search,256,4,8,it0115,0.4779568910598755,0.32992950081825256,0.0,False,2
C4_1,search,256,4,8,it0116,0.5168576240539551,0.34480056166648865,0.17647058823529413,False,2
C4_1,search,256,4,8,it0117,0.4682027995586395,0.5476827025413513,0.2647058823529412,False,1
C4_1,search,256,4,8,it0118,0.6747032999992371,0.597356379032135,0.23076923076923078,False,3
C4_1,search,256,4,8,it0119,0.6366795301437378,0.6508749127388,0.8571428571428571,False,2
C4_1,search,256,4,8,it0120,0.5947667956352234,0.5214105248451233,0.06666666666666667,False,2
C4_1,search,256,4,8,it0121,0.5061398148536682,0.43619024753570557,0.1,False,3
C4_1,search,256,4,8,it0122,0.3199828267097473,0.3093092441558838,0.3181818181818182,False,2
C4_1,search,256,4,8,it0123,0.3207469582557678,0.5280904173851013,0.17647058823529413,False,0
C4_1,search,256,4,8,it0124,0.5657885670661926,0.42957815527915955,0.06060606060606061,False,1
C4_1,search,256,4,8,it0125,0.48369547724723816,0.37227126955986023,0.10256410256410256,False,0
C4_1,search,256,4,8,it0126,0.5278811454772949,0.38671207427978516,0.0,False,0
C4_1,search,256,4,8,it0127,0.33479151129722595,0.33307385444641113,0.058823529411764705,False,3
C4_1,search,256,4,8,it0128,0.4465818405151367,0.5201140642166138,0.4,False,0
C4_1,search,256,4,8,it0129,0.429376482963562,0.33006441593170166,0.058823529411764705,False,2
C4_1,search,256,4,8,it0130,0.2878313660621643,0.3452419936656952,0.1,False,3
C4_1,search,256,4,8,it0131,0.3595484495162964,0.498075932264328,0.22580645161290322,False,0
C4_1,search,256,4,8,it0132,0.3243367373943329,0.19958144426345825,0.21428571428571427,False,1
C4_1,search,256,4,8,it0133,0.5184834003448486,0.5789172053337097,0.0,False,3
C4_1,search,256,4,8,it0134,0.4841214120388031,0.3989625871181488,0.02631578947368421,False,1
C4_1,search,256,4,8,it0135,0.3768616318702698,0.4123229384422302,0.38461538461538464,False,0
C4_1,search,256,4,8,it0136,0.4357064962387085,0.4605797529220581,0.1,False,1
C4_1,search,256,4,8,it0137,0.4647669196128845,0.40975329279899597,0.3333333333333333,False,3
C4_1,search,256,4,8,it0138,0.4220302402973175,0.607793927192688,0.3333333333333333,False,2
C4_1,search,256,4,8,it0139,0.5363473892211914,0.3158867061138153,0.1111111111111111,False,0
C4_1,search,256,4,8,it0140,0.511650562286377,0.45888227224349976,0.041666666666666664,False,2
C4_1,search,256,4,8,it0141,0.6145669221878052,0.6745717525482178,0.3,False,0
C4_1,search,256,4,8,it0142,0.39253920316696167,0.3956354260444641,0.4,False,2
C4_1,search,256,4,8,it0143,0.2552626430988312,0.48183760046958923,0.0,False,0
C4_1,search,256,4,8,it0144,0.5025497078895569,0.4565536677837372,0.0,False,1
C4_1,search,256,4,8,it0145,0.5945145487785339,0.6639595627784729,0.125,False,2
C4_1,search,256,4,8,it0146,0.49864619970321655,0.5033031105995178,0.0,False,2
C4_1,search,256,4,8,it0147,0.4416370987892151,0.48915714025497437,0.043478260869565216,False,3
C4_1,search,256,4,8,it0148,0.21391475200653076,0.2196406126022339,0.14285714285714285,False,2
C4_1,search,256,4,8,it0149,0.47616857290267944,0.3719443082809448,0.2857142857142857,False,1
C4_1,search,256,4,8,it0150,0.41074877977371216,0.46479445695877075,0.3076923076923077,False,1
C4_1,search,256,4,8,it0151,0.5697576403617859,0.44542190432548523,0.058823529411764705,False,1
C4_1,search,256,4,8,it0152,0.5090649127960205,0.4682830572128296,0.0,False,2
C4_1,search,256,4,8,it0153,0.35293176770210266,0.4452233910560608,0.5238095238095238,False,2
C4_1,search,256,4,8,it0154,0.39479583501815796,0.2908828556537628,0.5789473684210527,False,2
C4_1,search,256,4,8,it0155,0.18600784242153168,0.21264486014842987,0.10714285714285714,False,0
C4_1,search,256,4,8,it0156,0.4495958685874939,0.3980805277824402,0.19047619047619047,False,2
C4_1,search,256,4,8,it0157,0.6519588828086853,0.5752660632133484,0.046511627906976744,False,2
C4_1,search,256,4,8,it0158,0.4065738022327423,0.32642486691474915,0.15789473684210525,False,0
C4_1,search,256,4,8,it0159,0.43198633193969727,0.2784096598625183,0.14285714285714285,False,3
C4_1,search,256,4,8,it0160,0.5610724687576294,0.4361210763454437,0.12903225806451613,False,2
C4_1,search,256,4,8,it0161,0.3825633227825165,0.40335971117019653,0.10344827586206896,False,2
C4_1,search,256,4,8,it0162,0.279111385345459,0.3355717062950134,0.5555555555555556,False,2
C4_1,search,256,4,8,it0163,0.37367507815361023,0.35433441400527954,0.17647058823529413,False,0
C4_1,search,256,4,8,it0164,0.5273644328117371,0.2992132306098938,0.0967741935483871,False,0
C4_1,search,256,4,8,it0165,0.46328428387641907,0.3865389823913574,0.030303030303030304,False,1
C4_1,search,256,4,8,it0166,0.574796736240387,0.3605412244796753,0.08333333333333333,False,2
C4_1,search,256,4,8,it0167,0.5358272790908813,0.45715540647506714,0.2631578947368421,False,3
C4_1,search,256,4,8,it0168,0.23301097750663757,0.3498035669326782,0.2,False,3
C4_1,search,256,4,8,it0169,0.33375802636146545,0.5049733519554138,0.2,False,1
C4_1,search,256,4,8,it0170,0.45957571268081665,0.3972299098968506,0.35294117647058826,False,1
C4_1,search,256,4,8,it0171,0.6555658578872681,0.5688179135322571,0.047619047619047616,False,0
C4_1,search,256,4,8,it0172,0.2621742784976959,0.33076268434524536,0.0,False,0
C4_1,search,256,4,8,it0173,0.7226322889328003,0.6777012348175049,0.06666666666666667,False,3
C4_1,search,256,4,8,it0174,0.5657104253768921,0.36732709407806396,0.375,False,0
C4_1,search,256,4,8,it0175,0.2073744833469391,0.2811873257160187,0.13333333333333333,False,3
C4_1,search,256,4,8,it0176,0.3767072558403015,0.3542887270450592,0.2222222222222222,False,2
C4_1,search,256,4,8,it0177,0.4960766136646271,0.5090793967247009,0.05263157894736842,False,2
C4_1,search,256,4,8,it0178,0.38832026720046997,0.2768556773662567,0.5882352941176471,False,2
C4_1,search,256,4,8,it0179,0.5887973308563232,0.6488804221153259,0.06451612903225806,False,3
C4_1,search,256,4,8,it0180,0.4162599444389343,0.4640977680683136,0.0,False,1
C4_1,search,256,4,8,it0181,0.564628541469574,0.5372477769851685,0.0,False,2
C4_1,search,256,4,8,it0182,0.5989397168159485,0.48596489429473877,0.2,False,0
C4_1,search,256,4,8,it0183,0.5344053506851196,0.56658536195755,0.0,False,0
C4_1,search,256,4,8,it0184,0.33160948753356934,0.3682660460472107,0.3333333333333333,False,3
C4_1,search,256,4,8,it0185,0.4117977023124695,0.4492157995700836,0.06451612903225806,False,0
C4_1,search,256,4,8,it0186,0.6364099979400635,0.5109927654266357,0.16666666666666666,False,2
C4_1,search,256,4,8,it0187,0.4892057776451111,0.38184690475463867,0.0625,False,0
C4_1,search,256,4,8,it0188,0.6433730721473694,0.5112632513046265,0.3333333333333333,False,2
C4_1,search,256,4,8,it0189,0.46199291944503784,0.3778810203075409,0.05,False,2
C4_1,search,256,4,8,it0190,0.6726260185241699,0.5602361559867859,0.0,False,1
C4_1,search,256,4,8,it0191,0.4461137652397156,0.36446574330329895,0.0,False,3
C4_1,search,256,4,8,it0192,0.5962485671043396,0.5408759117126465,0.3333333333333333,False,3
C4_1,search,256,4,8,it0193,0.5276274681091309,0.3920847773551941,0.5,False,0
C4_1,search,256,4,8,it0194,0.7149889469146729,0.6362287998199463,0.0,False,2
C4_1,search,256,4,8,it0195,0.5058974027633667,0.44868963956832886,0.38461538461538464,False,2
C4_1,search,256,4,8,it0196,0.482829749584198,0.44782754778862,0.21428571428571427,False,1
C4_1,search,256,4,8,it0197,0.34564009308815,0.34403783082962036,0.0,False,0
C4_1,search,256,4,8,it0198,0.15874744951725006,0.22510069608688354,0.3125,False,3
C4_1,search,256,4,8,it0199,0.4954182505607605,0.5461586713790894,0.11764705882352941,False,1
C4_1,search,512,8,8,it0000,0.42417559027671814,0.4096145033836365,0.06521739130434782,False,3
C4_1,search,512,8,8,it0001,0.37002551555633545,0.35874828696250916,0.1111111111111111,False,5
C4_1,search,512,8,8,it0002,0.34521132707595825,0.4083063304424286,0.26666666666666666,False,0
C4_1,search,512,8,8,it0003,0.41045358777046204,0.29689764976501465,0.06666666666666667,False,5
C4_1,search,512,8,8,it0004,0.5132787823677063,0.41704925894737244,0.1875,False,1
C4_1,search,512,8,8,it0005,0.47678619623184204,0.46718278527259827,0.14814814814814814,False,6
C4_1,search,512,8,8,it0006,0.3420422077178955,0.4231407642364502,0.16666666666666666,False,4
C4_1,search,512,8,8,it0007,0.2595880627632141,0.3738640546798706,0.1590909090909091,False,6
C4_1,search,512,8,8,it0008,0.4668310880661011,0.37326180934906006,0.09523809523809523,False,6
C4_1,search,512,8,8,it0009,0.5639166831970215,0.6196190714836121,0.037037037037037035,False,6
C4_1,search,512,8,8,it0010,0.5532887578010559,0.6003053188323975,0.2777777777777778,False,1
C4_1,search,512,8,8,it0011,0.5308648943901062,0.48964735865592957,0.043478260869565216,False,7
C4_1,search,512,8,8,it0012,0.4145088791847229,0.436887264251709,0.9310344827586207,False,3
C4_1,search,512,8,8,it0013,0.6123213171958923,0.6193685531616211,0.1111111111111111,False,2
C4_1,search,512,8,8,it0014,0.4477159380912781,0.4290832281112671,0.06666666666666667,False,0
C4_1,search,512,8,8,it0015,0.4818997383117676,0.5756416320800781,0.11764705882352941,False,7
C4_1,search,512,8,8,it0016,0.6628351807594299,0.48520538210868835,0.029411764705882353,False,6
C4_1,search,512,8,8,it0017,0.4991520345211029,0.38377368450164795,0.26666666666666666,False,3
C4_1,search,512,8,8,it0018,0.2832934558391571,0.3081395626068115,0.058823529411764705,False,2
C4_1,search,512,8,8,it0019,0.6148619651794434,0.5546492338180542,0.13043478260869565,False,5
C4_1,search,512,8,8,it0020,0.30959510803222656,0.34310317039489746,0.38461538461538464,False,2
C4_1,search,512,8,8,it0021,0.5325815081596375,0.48605507612228394,0.21212121212121213,False,5
C4_1,search,512,8,8,it0022,0.4076174199581146,0.5038071870803833,0.425,False,1
C4_1,search,512,8,8,it0023,0.5955554246902466,0.5637255311012268,0.3333333333333333,False,5
C4_1,search,512,8,8,it0024,0.6004297137260437,0.5001025795936584,0.14285714285714285,False,6
C4_1,search,512,8,8,it0025,0.6161972284317017,0.6294890642166138,0.05,False,4
C4_1,search,512,8,8,it0026,0.3380313217639923,0.32287272810935974,0.0625,False,2
C4_1,search,512,8,8,it0027,0.6736476421356201,0.651828408241272,0.0,False,4
C4_1,search,512,8,8,it0028,0.4680660367012024,0.5289210677146912,0.11904761904761904,False,7
C4_1,search,512,8,8,it0029,0.21397089958190918,0.4577043056488037,0.0,False,6
C4_1,search,512,8,8,it0030,0.5571063160896301,0.49023082852363586,0.08,False,4
C4_1,search,512,8,8,it0031,0.45415276288986206,0.3753511905670166,0.16666666666666666,False,4
C4_1,search,512,8,8,it0032,0.6673455834388733,0.6553829908370972,0.18518518518518517,False,3
C4_1,search,512,8,8,it0033,0.387369304895401,0.3567589223384857,0.23076923076923078,False,4
C4_1,search,512,8,8,it0034,0.5414631366729736,0.49388760328292847,0.03333333333333333,False,0
C4_1,search,512,8,8,it0035,0.3038787841796875,0.2898542284965515,0.23076923076923078,False,7
C4_1,search,512,8,8,it0036,0.618569016456604,0.5813207626342773,0.05555555555555555,False,5
C4_1,search,512,8,8,it0037,0.5525952577590942,0.5836671590805054,0.0,False,4
C4_1,search,512,8,8,it0038,0.37957772612571716,0.22987817227840424,0.24324324324324326,False,0
C4_1,search,512,8,8,it0039,0.586554765701294,0.5372887849807739,0.12195121951219512,False,0
C4_1,search,512,8,8,it0040,0.3499011695384979,0.2332306057214737,0.0,False,5
C4_1,search,512,8,8,it0041,0.6178466081619263,0.45641785860061646,0.0,False,1
C4_1,search,512,8,8,it0042,0.4087343215942383,0.41056984663009644,0.18518518518518517,False,2
C4_1,search,512,8,8,it0043,0.302770733833313,0.32462453842163086,0.0,False,0
C4_1,search,512,8,8,it0044,0.5335255265235901,0.5481263399124146,0.12,False,1
C4_1,search,512,8,8,it0045,0.24303612112998962,0.44879040122032166,0.23333333333333334,False,1
C4_1,search,512,8,8,it0046,0.3397681415081024,0.3300260007381439,0.0,False,4
C4_1,search,512,8,8,it0047,0.19438700377941132,0.346922904253006,0.75,False,6
C4_1,search,512,8,8,it0048,0.6441789865493774,0.5241571068763733,0.1875,False,2
C4_1,search,512,8,8,it0049,0.4510129988193512,0.5379416942596436,0.13636363636363635,False,6
C4_1,search,512,8,8,it0050,0.3354686498641968,0.2551507353782654,0.3181818181818182,False,1
C4_1,search,512,8,8,it0051,0.224591925740242,0.4091081917285919,0.2413793103448276,False,2
C4_1,search,512,8,8,it0052,0.37805894017219543,0.5107349753379822,0.0,False,1
C4_1,search,512,8,8,it0053,0.4049651026725769,0.4895474910736084,0.1891891891891892,False,7
C4_1,search,512,8,8,it0054,0.23244628310203552,0.19925136864185333,0.375,False,0
C4_1,search,512,8,8,it0055,0.5581326484680176,0.5488697290420532,0.3076923076923077,False,1
C4_1,search,512,8,8,it0056,0.36829400062561035,0.30222707986831665,0.3,False,3
C4_1,search,512,8,8,it0057,0.5995889902114868,0.4922173023223877,0.17647058823529413,False,4
C4_1,search,512,8,8,it0058,0.34638723731040955,0.3768962025642395,0.4166666666666667,False,6
C4_1,search,512,8,8,it0059,0.5967426300048828,0.5993794798851013,0.2857142857142857,False,0
C4_1,search,512,8,8,it0060,0.4611077904701233,0.4681648015975952,0.35294117647058826,False,6
C4_1,search,512,8,8,it0061,0.5257383584976196,0.6604183912277222,0.0,False,7
C4_1,search,512,8,8,it0062,0.6800678372383118,0.5741983652114868,0.09523809523809523,False,1
C4_1,search,512,8,8,it0063,0.5092434287071228,0.44303277134895325,0.13793103448275862,False,0
C4_1,search,512,8,8,it0064,0.3757184147834778,0.45569276809692383,0.1111111111111111,False,4
C4_1,search,512,8,8,it0065,0.675474226474762,0.6481467485427856,0.28205128205128205,False,6
C4_1,search,512,8,8,it0066,0.3434978723526001,0.46699273586273193,0.2857142857142857,False,6
C4_1,search,512,8,8,it0067,0.1266002655029297,0.3055856227874756,0.05555555555555555,False,2
C4_1,search,512,8,8,it0068,0.6933016180992126,0.6857766509056091,0.1794871794871795,False,2
C4_1,search,512,8,8,it0069,0.4628069996833801,0.4390870928764343,0.18181818181818182,False,6
C4_1,search,512,8,8,it0070,0.46048033237457275,0.4723692834377289,0.06666666666666667,False,3
C4_1,search,512,8,8,it0071,0.6499687433242798,0.5243732333183289,0.14285714285714285,False,2
C4_1,search,512,8,8,it0072,0.5265357494354248,0.5059727430343628,0.09090909090909091,False,1
C4_1,search,512,8,8,it0073,0.2510516047477722,0.32838088274002075,0.3793103448275862,False,1
C4_1,search,512,8,8,it0074,0.3504745662212372,0.2903808057308197,0.4,False,1
C4_1,search,512,8,8,it0075,0.2967865467071533,0.4089539349079132,0.17391304347826086,False,5
C4_1,search,512,8,8,it0076,0.5666195154190063,0.37537115812301636,0.30434782608695654,False,5
C4_1,search,512,8,8,it0077,0.4709898829460144,0.6726843118667603,0.25,False,0
C4_1,search,512,8,8,it0078,0.3076409697532654,0.300226092338562,0.09523809523809523,False,3
C4_1,search,512,8,8,it0079,0.544445276260376,0.5993688106536865,0.0,False,4
C4_1,search,512,8,8,it0080,0.4615817070007324,0.3645648956298828,0.07317073170731707,False,6
C4_1,search,512,8,8,it0081,0.3744863271713257,0.35298803448677063,0.07142857142857142,False,5
C4_1,search,512,8,8,it0082,0.4522348642349243,0.5375527143478394,0.29411764705882354,False,5
C4_1,search,512,8,8,it0083,0.501037061214447,0.3835001289844513,0.0,False,6
C4_1,search,512,8,8,it0084,0.620683491230011,0.5293614864349365,0.3111111111111111,False,1
C4_1,search,512,8,8,it0085,0.4977870583534241,0.47445619106292725,0.42857142857142855,False,2
C4_1,search,512,8,8,it0086,0.5391100645065308,0.6496559381484985,0.0,False,1
C4_1,search,512,8,8,it0087,0.5626247525215149,0.6944299936294556,0.25,False,0
C4_1,search,512,8,8,it0088,0.4221092164516449,0.4004569947719574,0.0,False,6
C4_1,search,512,8,8,it0089,0.3983194828033447,0.357312947511673,0.0,False,0
C4_1,search,512,8,8,it0090,0.6684504151344299,0.6609535217285156,0.0,False,4
C4_1,search,512,8,8,it0091,0.5996476411819458,0.5728949308395386,0.0967741935483871,False,7
C4_1,search,512,8,8,it0092,0.6027671694755554,0.46934637427330017,0.17142857142857143,False,1
C4_1,search,512,8,8,it0093,0.5172808766365051,0.5143206119537354,0.21052631578947367,False,0
C4_1,search,512,8,8,it0094,0.4494353234767914,0.5030909776687622,0.0,False,5
C4_1,search,512,8,8,it0095,0.5182602405548096,0.4759221374988556,0.19047619047619047,False,5
C4_1,search,512,8,8,it0096,0.5701966881752014,0.4111829400062561,0.45454545454545453,False,0
C4_1,search,512,8,8,it0097,0.6310533285140991,0.619043231010437,0.1,False,4
C4_1,search,512,8,8,it0098,0.49760961532592773,0.4736572504043579,0.14814814814814814,False,2
C4_1,search,512,8,8,it0099,0.2096293866634369,0.24920529127120972,0.08695652173913043,False,2
C4_1,search,512,8,8,it0100,0.6629013419151306,0.6938213109970093,0.0,False,1
C4_1,search,512,8,8,it0101,0.3847661018371582,0.34671080112457275,0.10526315789473684,False,4
C4_1,search,512,8,8,it0102,0.36117538809776306,0.49472880363464355,0.23076923076923078,False,3
C4_1,search,512,8,8,it0103,0.49381551146507263,0.5791999697685242,0.2727272727272727,False,4
C4_1,search,512,8,8,it0104,0.5330050587654114,0.5940854549407959,0.125,False,6
C4_1,search,512,8,8,it0105,0.3751494288444519,0.6416006684303284,0.14285714285714285,False,7
C4_1,search,512,8,8,it0106,0.34354016184806824,0.516716718673706,0.16666666666666666,False,4
C4_1,search,512,8,8,it0107,0.5024431347846985,0.5810741782188416,0.13043478260869565,False,4
C4_1,search,512,8,8,it0108,0.6048708558082581,0.42478829622268677,0.25,False,1
C4_1,search,512,8,8,it0109,0.48476868867874146,0.3863373398780823,0.05263157894736842,False,6
C4_1,search,512,8,8,it0110,0.18068940937519073,0.3180549740791321,0.26666666666666666,False,1
C4_1,search,512,8,8,it0111,0.25014445185661316,0.27458709478378296,0.5454545454545454,False,3
C4_1,search,512,8,8,it0112,0.6143659949302673,0.5383796691894531,0.09090909090909091,False,3
C4_1,search,512,8,8,it0113,0.5271049737930298,0.524690568447113,0.25,False,0
C4_1,search,512,8,8,it0114,0.34700703620910645,0.38158169388771057,0.5555555555555556,False,3
C4_1,search,512,8,8,it0115,0.4779568910598755,0.32992950081825256,0.0,False,2
C4_1,search,512,8,8,it0116,0.5473909378051758,0.42848750948905945,0.8235294117647058,False,5
C4_1,search,512,8,8,it0117,0.4682027995586395,0.5476827025413513,0.2647058823529412,False,1
C4_1,search,512,8,8,it0118,0.6747032999992371,0.597356379032135,0.23076923076923078,False,3
C4_1,search,512,8,8,it0119,0.6411364078521729,0.7051655650138855,0.7857142857142857,False,7
C4_1,search,512,8,8,it0120,0.5148597359657288,0.5392115712165833,0.2,False,4
C4_1,search,512,8,8,it0121,0.538719892501831,0.4630647897720337,0.15,False,4
C4_1,search,512,8,8,it0122,0.15576224029064178,0.3433188199996948,0.45454545454545453,False,4
C4_1,search,512,8,8,it0123,0.3207469582557678,0.5280904173851013,0.17647058823529413,False,0
C4_1,search,512,8,8,it0124,0.5747227072715759,0.45354706048965454,0.0,False,7
C4_1,search,512,8,8,it0125,0.5495161414146423,0.4866926670074463,0.1794871794871795,False,6
C4_1,search,512,8,8,it0126,0.47119078040122986,0.4479783773422241,0.0625,False,7
C4_1,search,512,8,8,it0127,0.3662240505218506,0.33965158462524414,0.11764705882352941,False,4
C4_1,search,512,8,8,it0128,0.4465818405151367,0.5201140642166138,0.4,False,0
C4_1,search,512,8,8,it0129,0.429376482963562,0.33006441593170166,0.058823529411764705,False,2
C4_1,search,512,8,8,it0130,0.2789806127548218,0.4798711836338043,0.3,False,6
C4_1,search,512,8,8,it0131,0.3595484495162964,0.498075932264328,0.22580645161290322,False,0
C4_1,search,512,8,8,it0132,0.41357821226119995,0.25784504413604736,0.07142857142857142,False,5
C4_1,search,512,8,8,it0133,0.5184834003448486,0.5789172053337097,0.0,False,3
C4_1,search,512,8,8,it0134,0.38899052143096924,0.40811315178871155,0.07894736842105263,False,4
C4_1,search,512,8,8,it0135,0.3768616318702698,0.4123229384422302,0.38461538461538464,False,0
C4_1,search,512,8,8,it0136,0.4690696895122528,0.5565201044082642,0.1,False,4
C4_1,search,512,8,8,it0137,0.5149269700050354,0.45382046699523926,0.5833333333333334,False,4
C4_1,search,512,8,8,it0138,0.48721200227737427,0.6878418922424316,0.16666666666666666,False,7
C4_1,search,512,8,8,it0139,0.5363473892211914,0.3158867061138153,0.1111111111111111,False,0
C4_1,search,512,8,8,it0140,0.511650562286377,0.45888227224349976,0.041666666666666664,False,2
C4_1,search,512,8,8,it0141,0.5686323642730713,0.6979690194129944,0.3333333333333333,False,5
C4_1,search,512,8,8,it0142,0.39253920316696167,0.3956354260444641,0.4,False,2
C4_1,search,512,8,8,it0143,0.2985506057739258,0.4970461428165436,0.0,False,7
C4_1,search,512,8,8,it0144,0.5025497078895569,0.4565536677837372,0.0,False,1
C4_1,search,512,8,8,it0145,0.5595927834510803,0.6777732372283936,0.0,False,5
C4_1,search,512,8,8,it0146,0.49864619970321655,0.5033031105995178,0.0,False,2
C4_1,search,512,8,8,it0147,0.4416370987892151,0.48915714025497437,0.043478260869565216,False,3
C4_1,search,512,8,8,it0148,0.21261613070964813,0.23969526588916779,0.10714285714285714,False,5
C4_1,search,512,8,8,it0149,0.44647184014320374,0.4838967025279999,0.2857142857142857,False,5
C4_1,search,512,8,8,it0150,0.41074877977371216,0.46479445695877075,0.3076923076923077,False,1
C4_1,search,512,8,8,it0151,0.6150410771369934,0.5717229247093201,0.058823529411764705,False,7
C4_1,search,512,8,8,it0152,0.5090649127960205,0.4682830572128296,0.0,False,2
C4_1,search,512,8,8,it0153,0.35293176770210266,0.4452233910560608,0.5238095238095238,False,2
C4_1,search,512,8,8,it0154,0.39479583501815796,0.2908828556537628,0.5789473684210527,False,2
C4_1,search,512,8,8,it0155,0.22892281413078308,0.2912694811820984,0.17857142857142858,False,5
C4_1,search,512,8,8,it0156,0.4495958685874939,0.3980805277824402,0.19047619047619047,False,2
C4_1,search,512,8,8,it0157,0.6519588828086853,0.5752660632133484,0.046511627906976744,False,2
C4_1,search,512,8,8,it0158,0.3759847581386566,0.36594998836517334,0.05263157894736842,False,6
C4_1,search,512,8,8,it0159,0.4706951379776001,0.3472442328929901,0.35714285714285715,False,4
C4_1,search,512,8,8,it0160,0.601019024848938,0.49872273206710815,0.06451612903225806,False,6
C4_1,search,512,8,8,it0161,0.3825633227825165,0.40335971117019653,0.10344827586206896,False,2
C4_1,search,512,8,8,it0162,0.08720049262046814,0.36260610818862915,0.25925925925925924,False,5
C4_1,search,512,8,8,it0163,0.47865810990333557,0.3544447422027588,0.11764705882352941,False,7
C4_1,search,512,8,8,it0164,0.5234508514404297,0.45981094241142273,0.06451612903225806,False,5
C4_1,search,512,8,8,it0165,0.43156906962394714,0.423688143491745,0.21212121212121213,False,5
C4_1,search,512,8,8,it0166,0.574796736240387,0.3605412244796753,0.08333333333333333,False,2
C4_1,search,512,8,8,it0167,0.4126507043838501,0.48997530341148376,0.15789473684210525,False,7
C4_1,search,512,8,8,it0168,0.23301097750663757,0.3498035669326782,0.2,False,3
C4_1,search,512,8,8,it0169,0.33375802636146545,0.5049733519554138,0.2,False,1
C4_1,search,512,8,8,it0170,0.489185094833374,0.444145530462265,0.17647058823529413,False,6
C4_1,search,512,8,8,it0171,0.720795750617981,0.6040337681770325,0.0,False,4
C4_1,search,512,8,8,it0172,0.20810462534427643,0.3623958230018616,0.0,False,7
C4_1,search,512,8,8,it0173,0.7226322889328003,0.6777012348175049,0.06666666666666667,False,3
C4_1,search,512,8,8,it0174,0.5657104253768921,0.36732709407806396,0.375,False,0
C4_1,search,512,8,8,it0175,0.11025027930736542,0.31402623653411865,0.0,False,7
C4_1,search,512,8,8,it0176,0.3329942226409912,0.36190927028656006,0.1111111111111111,False,6
C4_1,search,512,8,8,it0177,0.38985586166381836,0.5459200739860535,0.05263157894736842,False,5
C4_1,search,512,8,8,it0178,0.40328365564346313,0.30785661935806274,0.6470588235294118,False,4
C4_1,search,512,8,8,it0179,0.5995231866836548,0.6693979501724243,0.03225806451612903,False,4
C4_1,search,512,8,8,it0180,0.4519004821777344,0.5080487132072449,0.07142857142857142,False,5
C4_1,search,512,8,8,it0181,0.564628541469574,0.5372477769851685,0.0,False,2
C4_1,search,512,8,8,it0182,0.5757036805152893,0.49935078620910645,0.48,False,6
C4_1,search,512,8,8,it0183,0.5344053506851196,0.56658536195755,0.0,False,0
C4_1,search,512,8,8,it0184,0.33160948753356934,0.3682660460472107,0.3333333333333333,False,3
C4_1,search,512,8,8,it0185,0.4788581132888794,0.4580085277557373,0.1935483870967742,False,4
C4_1,search,512,8,8,it0186,0.5876671075820923,0.5378907322883606,0.041666666666666664,False,4
C4_1,search,512,8,8,it0187,0.47821688652038574,0.4532620310783386,0.1875,False,4
C4_1,search,512,8,8,it0188,0.6433730721473694,0.5112632513046265,0.3333333333333333,False,2
C4_1,search,512,8,8,it0189,0.46582186222076416,0.4264359772205353,0.05,False,6
C4_1,search,512,8,8,it0190,0.6368192434310913,0.5757736563682556,0.0625,False,7
C4_1,search,512,8,8,it0191,0.4927300214767456,0.41014164686203003,0.0,False,5
C4_1,search,512,8,8,it0192,0.5972872972488403,0.5784474611282349,0.1111111111111111,False,4
C4_1,search,512,8,8,it0193,0.5276274681091309,0.3920847773551941,0.5,False,0
C4_1,search,512,8,8,it0194,0.6023844480514526,0.6478213667869568,0.09523809523809523,False,6
C4_1,search,512,8,8,it0195,0.6323064565658569,0.5068619847297668,0.15384615384615385,False,4
C4_1,search,512,8,8,it0196,0.482829749584198,0.44782754778862,0.21428571428571427,False,1
C4_1,search,512,8,8,it0197,0.40412384271621704,0.3720809817314148,0.18181818181818182,False,7
C4_1,search,512,8,8,it0198,0.15874744951725006,0.22510069608688354,0.3125,False,3
C4_1,search,512,8,8,it0199,0.4954182505607605,0.5461586713790894,0.11764705882352941,False,1
C4_1,refine,128,1,16,it0000,0.31830060482025146,0.30952057242393494,0.021739130434782608,False,0
C4_1,refine,128,1,16,it0001,0.34242698550224304,0.16062849760055542,0.2777777777777778,False,0
C4_1,refine,128,1,16,it0002,0.41902029514312744,0.30114325881004333,0.2,False,0
C4_1,refine,128,1,16,it0003,0.3757018744945526,0.21128973364830017,0.2,False,0
C4_1,refine,128,1,16,it0004,0.5299899578094482,0.27600157260894775,0.125,False,0
C4_1,refine,128,1,16,it0005,0.44222891330718994,0.4745669662952423,0.0,False,0
C4_1,refine,128,1,16,it0006,0.29301559925079346,0.34345102310180664,0.05555555555555555,False,0
C4_1,refine,128,1,16,it0007,0.30038949847221375,0.22523710131645203,0.06818181818181818,False,0
C4_1,refine,128,1,16,it0008,0.29724615812301636,0.22722725570201874,0.42857142857142855,False,0
C4_1,refine,128,1,16,it0009,0.5690639615058899,0.5643419623374939,0.14814814814814814,False,0
C4_1,refine,128,1,16,it0010,0.621537446975708,0.6562052965164185,0.16666666666666666,False,0
C4_1,refine,128,1,16,it0011,0.5094060897827148,0.4809781312942505,0.0,False,0
C4_1,refine,128,1,16,it0012,0.27831852436065674,0.1649157702922821,0.7931034482758621,False,0
C4_1,refine,128,1,16,it0013,0.6528124809265137,0.579525351524353,0.0,False,0
C4_1,refine,128,1,16,it0014,0.41577279567718506,0.3576928973197937,0.0,False,0
C4_1,refine,128,1,16,it0015,0.43923091888427734,0.528798520565033,0.11764705882352941,False,0
C4_1,refine,128,1,16,it0016,0.4725545048713684,0.3764249086380005,0.35294117647058826,False,0
C4_1,refine,128,1,16,it0017,0.49809572100639343,0.43364447355270386,0.06666666666666667,False,0
C4_1,refine,128,1,16,it0018,0.2284986525774002,0.1015574187040329,0.029411764705882353,False,0
C4_1,refine,128,1,16,it0019,0.5775507688522339,0.46857380867004395,0.10869565217391304,False,0
C4_1,refine,128,1,16,it0020,0.42055362462997437,0.3506115674972534,0.46153846153846156,False,0
C4_1,refine,128,1,16,it0021,0.39824679493904114,0.38883769512176514,0.09090909090909091,False,0
C4_1,refine,128,1,16,it0022,0.4565452039241791,0.43113401532173157,0.625,False,0
C4_1,refine,128,1,16,it0023,0.6312861442565918,0.6951383948326111,0.3333333333333333,False,0
C4_1,refine,128,1,16,it0024,0.6691659688949585,0.47686171531677246,0.14285714285714285,False,0
C4_1,refine,128,1,16,it0025,0.5748415589332581,0.5407305955886841,0.0,False,0
C4_1,refine,128,1,16,it0026,0.19813449680805206,0.011219214648008347,0.1875,False,0
C4_1,refine,128,1,16,it0027,0.7028766870498657,0.6322823762893677,0.0,False,0
C4_1,refine,128,1,16,it0028,0.4862914979457855,0.4523339569568634,0.047619047619047616,False,0
C4_1,refine,128,1,16,it0029,0.1810905933380127,0.3265658915042877,0.0,False,0
C4_1,refine,128,1,16,it0030,0.5641309022903442,0.42045098543167114,0.04,False,0
C4_1,refine,128,1,16,it0031,0.3456254303455353,0.2619989514350891,0.6666666666666666,False,0
C4_1,refine,128,1,16,it0032,0.6155064105987549,0.5847302079200745,0.037037037037037035,False,0
C4_1,refine,128,1,16,it0033,0.351089745759964,0.28983160853385925,0.15384615384615385,False,0
C4_1,refine,128,1,16,it0034,0.35952767729759216,0.4206770658493042,0.1,False,0
C4_1,refine,128,1,16,it0035,0.24892589449882507,0.2335573136806488,0.23076923076923078,False,0
C4_1,refine,128,1,16,it0036,0.5775395631790161,0.5595627427101135,0.16666666666666666,False,0
C4_1,refine,128,1,16,it0037,0.5573318600654602,0.44526809453964233,0.26666666666666666,False,0
C4_1,refine,128,1,16,it0038,0.3260306715965271,0.18216155469417572,0.21621621621621623,False,0
C4_1,refine,128,1,16,it0039,0.5498184561729431,0.47613948583602905,0.0975609756097561,False,0
C4_1,refine,128,1,16,it0040,0.2904978394508362,0.0380493700504303,0.2,False,0
C4_1,refine,128,1,16,it0041,0.6153895854949951,0.32504037022590637,0.045454545454545456,False,0
C4_1,refine,128,1,16,it0042,0.29687514901161194,0.33169156312942505,0.18518518518518517,False,0
C4_1,refine,128,1,16,it0043,0.26831018924713135,0.19055595993995667,0.038461538461538464,False,0
C4_1,refine,128,1,16,it0044,0.5230090618133545,0.541591465473175,0.36,False,0
C4_1,refine,128,1,16,it0045,0.2054254114627838,0.3086172938346863,0.03333333333333333,False,0
C4_1,refine,128,1,16,it0046,0.42609021067619324,0.3446032702922821,0.0,False,0
C4_1,refine,128,1,16,it0047,0.2402700036764145,0.2879970371723175,0.7,False,0
C4_1,refine,128,1,16,it0048,0.541441798210144,0.2738381624221802,0.1875,False,0
C4_1,refine,128,1,16,it0049,0.31486913561820984,0.360195517539978,0.09090909090909091,False,0
C4_1,refine,128,1,16,it0050,0.1541580855846405,-0.015969205647706985,0.3181818181818182,False,0
C4_1,refine,128,1,16,it0051,0.23677074909210205,0.5307632088661194,0.0,False,0
C4_1,refine,128,1,16,it0052,0.294002890586853,0.3339109420776367,0.13333333333333333,False,0
C4_1,refine,128,1,16,it0053,0.3443699777126312,0.36213451623916626,0.2702702702702703,False,0
C4_1,refine,128,1,16,it0054,0.2981896698474884,0.12677578628063202,0.125,False,0
C4_1,refine,128,1,16,it0055,0.3890742361545563,0.4194289445877075,0.5,False,0
C4_1,refine,128,1,16,it0056,0.34786418080329895,0.10286467522382736,0.4,False,0
C4_1,refine,128,1,16,it0057,0.5561338663101196,0.4099968671798706,0.08823529411764706,False,0
C4_1,refine,128,1,16,it0058,0.26809805631637573,0.3217530846595764,0.08333333333333333,False,0
C4_1,refine,128,1,16,it0059,0.5350589752197266,0.47401341795921326,0.07142857142857142,False,0
C4_1,refine,128,1,16,it0060,0.5283422470092773,0.2880624830722809,0.0,False,0
C4_1,refine,128,1,16,it0061,0.5600663423538208,0.6343047618865967,0.0,False,0
C4_1,refine,128,1,16,it0062,0.3783567249774933,0.4379504323005676,0.09523809523809523,False,0
C4_1,refine,128,1,16,it0063,0.42408233880996704,0.38146477937698364,0.1724137931034483,False,0
C4_1,refine,128,1,16,it0064,0.34551525115966797,0.3823677897453308,0.0,False,0
C4_1,refine,128,1,16,it0065,0.6102074384689331,0.6042865514755249,0.1794871794871795,False,0
C4_1,refine,128,1,16,it0066,0.22684234380722046,0.28218892216682434,0.2857142857142857,False,0
C4_1,refine,128,1,16,it0067,0.31322619318962097,0.17783671617507935,0.1111111111111111,False,0
C4_1,refine,128,1,16,it0068,0.6670480370521545,0.5946600437164307,0.07692307692307693,False,0
C4_1,refine,128,1,16,it0069,0.40361958742141724,0.4271468222141266,0.13636363636363635,False,0
C4_1,refine,128,1,16,it0070,0.3145184814929962,0.41949358582496643,0.0,False,0
C4_1,refine,128,1,16,it0071,0.53875333070755,0.4796958863735199,0.14285714285714285,False,0
C4_1,refine,128,1,16,it0072,0.5044949054718018,0.45708566904067993,0.09090909090909091,False,0
C4_1,refine,128,1,16,it0073,0.2123054414987564,0.2633044719696045,0.3448275862068966,False,0
C4_1,refine,128,1,16,it0074,0.25367212295532227,0.19711993634700775,0.2,False,0
C4_1,refine,128,1,16,it0075,0.32840147614479065,0.28194841742515564,0.21739130434782608,False,0
C4_1,refine,128,1,16,it0076,0.5831356048583984,0.23056091368198395,0.13043478260869565,False,0
C4_1,refine,128,1,16,it0077,0.42713654041290283,0.5907758474349976,0.3333333333333333,False,0
C4_1,refine,128,1,16,it0078,0.4000411033630371,0.3079164922237396,0.2857142857142857,False,0
C4_1,refine,128,1,16,it0079,0.6768106818199158,0.5847000479698181,0.041666666666666664,False,0
C4_1,refine,128,1,16,it0080,0.4469239115715027,0.2094552367925644,0.14634146341463414,False,0
C4_1,refine,128,1,16,it0081,0.3866472840309143,0.34498658776283264,0.07142857142857142,False,0
C4_1,refine,128,1,16,it0082,0.3317926228046417,0.4575498104095459,0.11764705882352941,False,0
C4_1,refine,128,1,16,it0083,0.45949047803878784,0.32585474848747253,0.029411764705882353,False,0
C4_1,refine,128,1,16,it0084,0.6053009033203125,0.4472998380661011,0.3111111111111111,False,0
C4_1,refine,128,1,16,it0085,0.5003297328948975,0.39173686504364014,0.07142857142857142,False,0
C4_1,refine,128,1,16,it0086,0.6179158091545105,0.4985237419605255,0.058823529411764705,False,0
C4_1,refine,128,1,16,it0087,0.5496955513954163,0.6341856122016907,0.1875,False,0
C4_1,refine,128,1,16,it0088,0.38838762044906616,0.3649824857711792,0.0,False,0
C4_1,refine,128,1,16,it0089,0.47608235478401184,0.23577821254730225,0.0,False,0
C4_1,refine,128,1,16,it0090,0.6071743369102478,0.5966264009475708,0.058823529411764705,False,0
C4_1,refine,128,1,16,it0091,0.6274084448814392,0.5536882877349854,0.12903225806451613,False,0
C4_1,refine,128,1,16,it0092,0.4471089839935303,0.2598457932472229,0.08571428571428572,False,0
C4_1,refine,128,1,16,it0093,0.46960893273353577,0.39179274439811707,0.21052631578947367,False,0
C4_1,refine,128,1,16,it0094,0.5540769100189209,0.46550342440605164,0.0,False,0
C4_1,refine,128,1,16,it0095,0.3894239664077759,0.3981279134750366,0.38095238095238093,False,0
C4_1,refine,128,1,16,it0096,0.46012020111083984,0.3948906660079956,0.18181818181818182,False,0
C4_1,refine,128,1,16,it0097,0.6419410705566406,0.5973734259605408,0.0,False,0
C4_1,refine,128,1,16,it0098,0.39855632185935974,0.4024527072906494,0.2222222222222222,False,0
C4_1,refine,128,1,16,it0099,0.32062864303588867,0.22160039842128754,0.08695652173913043,False,0
C4_1,refine,128,1,16,it0100,0.6371146440505981,0.6541935205459595,0.23076923076923078,False,0
C4_1,refine,128,1,16,it0101,0.2535165548324585,0.23648953437805176,0.05263157894736842,False,0
C4_1,refine,128,1,16,it0102,0.3690512180328369,0.4509834349155426,0.07692307692307693,False,0
C4_1,refine,128,1,16,it0103,0.43735548853874207,0.4022469222545624,0.13636363636363635,False,0
C4_1,refine,128,1,16,it0104,0.5775073170661926,0.5880647897720337,0.16666666666666666,False,0
C4_1,refine,128,1,16,it0105,0.40541326999664307,0.4529021084308624,0.11428571428571428,False,0
C4_1,refine,128,1,16,it0106,0.3277692496776581,0.2946702539920807,0.16666666666666666,False,0
C4_1,refine,128,1,16,it0107,0.4839261770248413,0.49037036299705505,0.043478260869565216,False,0
C4_1,refine,128,1,16,it0108,0.5304680466651917,0.36009395122528076,0.25,False,0
C4_1,refine,128,1,16,it0109,0.3958375155925751,0.3725668787956238,0.2631578947368421,False,0
C4_1,refine,128,1,16,it0110,0.2050706148147583,0.15607427060604095,0.3333333333333333,False,0
C4_1,refine,128,1,16,it0111,0.2946873903274536,0.22822129726409912,0.45454545454545453,False,0
C4_1,refine,128,1,16,it0112,0.6211060285568237,0.5401051044464111,0.06818181818181818,False,0
C4_1,refine,128,1,16,it0113,0.5198136568069458,0.4174010455608368,0.045454545454545456,False,0
C4_1,refine,128,1,16,it0114,0.46015071868896484,0.44334736466407776,0.3333333333333333,False,0
C4_1,refine,128,1,16,it0115,0.4818195700645447,0.22620698809623718,0.07142857142857142,False,0
C4_1,refine,128,1,16,it0116,0.5924766063690186,0.4520742893218994,0.11764705882352941,False,0
C4_1,refine,128,1,16,it0117,0.42947790026664734,0.5678735375404358,0.35294117647058826,False,0
C4_1,refine,128,1,16,it0118,0.569388747215271,0.5165719389915466,0.25,False,0
C4_1,refine,128,1,16,it0119,0.5289748907089233,0.4195481836795807,0.42857142857142855,False,0
C4_1,refine,128,1,16,it0120,0.6148080825805664,0.6307005882263184,0.26666666666666666,False,0
C4_1,refine,128,1,16,it0121,0.4680032432079315,0.41569793224334717,0.3,False,0
C4_1,refine,128,1,16,it0122,0.12542594969272614,0.31684911251068115,0.5,False,0
C4_1,refine,128,1,16,it0123,0.25141817331314087,0.3943382799625397,0.17647058823529413,False,0
C4_1,refine,128,1,16,it0124,0.5524307489395142,0.441423237323761,0.06060606060606061,False,0
C4_1,refine,128,1,16,it0125,0.5002878308296204,0.3624476194381714,0.1282051282051282,False,0
C4_1,refine,128,1,16,it0126,0.47214046120643616,0.3170660138130188,0.5625,False,0
C4_1,refine,128,1,16,it0127,0.36696314811706543,0.3449745178222656,0.058823529411764705,False,0
C4_1,refine,128,1,16,it0128,0.3865603804588318,0.3587651252746582,0.4,False,0
C4_1,refine,128,1,16,it0129,0.3084224760532379,0.37374135851860046,0.0,False,0
C4_1,refine,128,1,16,it0130,0.20442035794258118,0.380027711391449,0.0,False,0
C4_1,refine,128,1,16,it0131,0.2564912736415863,0.2905597984790802,0.0,False,0
C4_1,refine,128,1,16,it0132,0.3402061462402344,0.11857244372367859,0.0,False,0
C4_1,refine,128,1,16,it0133,0.5461207628250122,0.5228639841079712,0.03571428571428571,False,0
C4_1,refine,128,1,16,it0134,0.4196026623249054,0.3671022653579712,0.05263157894736842,False,0
C4_1,refine,128,1,16,it0135,0.40050774812698364,0.40632614493370056,0.07692307692307693,False,0
C4_1,refine,128,1,16,it0136,0.43249058723449707,0.532324492931366,0.35,False,0
C4_1,refine,128,1,16,it0137,0.5013666749000549,0.3347042500972748,0.3333333333333333,False,0
C4_1,refine,128,1,16,it0138,0.4064643979072571,0.5085185766220093,0.3333333333333333,False,0
C4_1,refine,128,1,16,it0139,0.5805182456970215,0.30956199765205383,0.0,False,0
C4_1,refine,128,1,16,it0140,0.42709600925445557,0.29194262623786926,0.16666666666666666,False,0
C4_1,refine,128,1,16,it0141,0.5475797057151794,0.6020615696907043,0.13333333333333333,False,0
C4_1,refine,128,1,16,it0142,0.33585411310195923,0.22931838035583496,0.2,False,0
C4_1,refine,128,1,16,it0143,0.3420647978782654,0.4349319040775299,0.0625,False,0
C4_1,refine,128,1,16,it0144,0.4311201274394989,0.3590552508831024,0.03571428571428571,False,0
C4_1,refine,128,1,16,it0145,0.4653949737548828,0.6037269830703735,0.075,False,0
C4_1,refine,128,1,16,it0146,0.5011353492736816,0.31479284167289734,0.1,False,0
C4_1,refine,128,1,16,it0147,0.3440820276737213,0.3581882119178772,0.0,False,0
C4_1,refine,128,1,16,it0148,0.11548631638288498,0.11327504366636276,0.14285714285714285,False,0
C4_1,refine,128,1,16,it0149,0.43222102522850037,0.41527795791625977,0.2857142857142857,False,0
C4_1,refine,128,1,16,it0150,0.4104180634021759,0.37952953577041626,0.038461538461538464,False,0
C4_1,refine,128,1,16,it0151,0.5539426207542419,0.45682618021965027,0.0,False,0
C4_1,refine,128,1,16,it0152,0.6661932468414307,0.3614637851715088,0.0,False,0
C4_1,refine,128,1,16,it0153,0.24624893069267273,0.34348559379577637,0.21428571428571427,False,0
C4_1,refine,128,1,16,it0154,0.2881438434123993,0.08384871482849121,0.10526315789473684,False,0
C4_1,refine,128,1,16,it0155,0.13002820312976837,0.2635508179664612,0.17857142857142858,False,0
C4_1,refine,128,1,16,it0156,0.40136510133743286,0.34615811705589294,0.14285714285714285,False,0
C4_1,refine,128,1,16,it0157,0.592848002910614,0.5024127960205078,0.023255813953488372,False,0
C4_1,refine,128,1,16,it0158,0.25040966272354126,0.1389249712228775,0.10526315789473684,False,0
C4_1,refine,128,1,16,it0159,0.3925133943557739,0.270695298910141,0.2857142857142857,False,0
C4_1,refine,128,1,16,it0160,0.5323304533958435,0.5566896200180054,0.16129032258064516,False,0
C4_1,refine,128,1,16,it0161,0.26210397481918335,0.2567550241947174,0.10344827586206896,False,0
C4_1,refine,128,1,16,it0162,0.32255154848098755,0.4441673159599304,0.14814814814814814,False,0
C4_1,refine,128,1,16,it0163,0.5204031467437744,0.40661054849624634,0.0,False,0
C4_1,refine,128,1,16,it0164,0.5479018688201904,0.4493752121925354,0.12903225806451613,False,0
C4_1,refine,128,1,16,it0165,0.3770235776901245,0.36615779995918274,0.12121212121212122,False,0
C4_1,refine,128,1,16,it0166,0.5431479811668396,0.25158432126045227,0.08333333333333333,False,0
C4_1,refine,128,1,16,it0167,0.3869052231311798,0.42897462844848633,0.21052631578947367,False,0
C4_1,refine,128,1,16,it0168,0.36162400245666504,0.3657682240009308,0.0,False,0
C4_1,refine,128,1,16,it0169,0.4074971675872803,0.35862064361572266,0.1,False,0
C4_1,refine,128,1,16,it0170,0.37069541215896606,0.40948525071144104,0.17647058823529413,False,0
C4_1,refine,128,1,16,it0171,0.560822069644928,0.5234131813049316,0.047619047619047616,False,0
C4_1,refine,128,1,16,it0172,0.26041239500045776,0.2893030643463135,0.0,False,0
C4_1,refine,128,1,16,it0173,0.6134966015815735,0.5354565978050232,0.03333333333333333,False,0
C4_1,refine,128,1,16,it0174,0.4854581654071808,0.3797672390937805,0.125,False,0
C4_1,refine,128,1,16,it0175,0.2934798002243042,0.3104168176651001,0.06666666666666667,False,0
C4_1,refine,128,1,16,it0176,0.3055133521556854,0.2858937382698059,0.0,False,0
C4_1,refine,128,1,16,it0177,0.29907041788101196,0.36147868633270264,0.05263157894736842,False,0
C4_1,refine,128,1,16,it0178,0.3517484664916992,0.26169636845588684,0.17647058823529413,False,0
C4_1,refine,128,1,16,it0179,0.6347832679748535,0.6554405689239502,0.06451612903225806,False,0
C4_1,refine,128,1,16,it0180,0.4441557228565216,0.42946091294288635,0.07142857142857142,False,0
C4_1,refine,128,1,16,it0181,0.40632274746894836,0.491908997297287,0.0,False,0
C4_1,refine,128,1,16,it0182,0.523984432220459,0.41682368516921997,0.0,False,0
C4_1,refine,128,1,16,it0183,0.424986869096756,0.38800472021102905,0.12,False,0
C4_1,refine,128,1,16,it0184,0.2867702841758728,0.23879356682300568,0.2,False,0
C4_1,refine,128,1,16,it0185,0.278523325920105,0.26850396394729614,0.0,False,0
C4_1,refine,128,1,16,it0186,0.5072619318962097,0.446018785238266,0.08333333333333333,False,0
C4_1,refine,128,1,16,it0187,0.4524184763431549,0.49462002515792847,0.0625,False,0
C4_1,refine,128,1,16,it0188,0.585813045501709,0.34156253933906555,0.2777777777777778,False,0
C4_1,refine,128,1,16,it0189,0.417285293340683,0.33794519305229187,0.1,False,0
C4_1,refine,128,1,16,it0190,0.5592938661575317,0.48368388414382935,0.0,False,0
C4_1,refine,128,1,16,it0191,0.3929363489151001,0.2863110303878784,0.04,False,0
C4_1,refine,128,1,16,it0192,0.5733329057693481,0.5254562497138977,0.14814814814814814,False,0
C4_1,refine,128,1,16,it0193,0.4325518310070038,0.27030813694000244,0.25,False,0
C4_1,refine,128,1,16,it0194,0.686081051826477,0.6366000175476074,0.0,False,0
C4_1,refine,128,1,16,it0195,0.6272028684616089,0.5426914095878601,0.0,False,0
C4_1,refine,128,1,16,it0196,0.37986233830451965,0.2742169499397278,0.0,False,0
C4_1,refine,128,1,16,it0197,0.3856506049633026,0.32964736223220825,0.0,False,0
C4_1,refine,128,1,16,it0198,0.23909953236579895,0.18157552182674408,0.0,False,0
C4_1,refine,128,1,16,it0199,0.42694520950317383,0.44923824071884155,0.058823529411764705,False,0
C4_1,refine,256,1,32,it0000,0.3270106613636017,0.30268311500549316,0.0,False,0
C4_1,refine,256,1,32,it0001,0.4074457287788391,0.2223511040210724,0.3333333333333333,False,0
C4_1,refine,256,1,32,it0002,0.42459073662757874,0.29649093747138977,0.3333333333333333,False,0
C4_1,refine,256,1,32,it0003,0.36601707339286804,0.3012066185474396,0.4666666666666667,False,0
C4_1,refine,256,1,32,it0004,0.48227083683013916,0.30181631445884705,0.1875,False,0
C4_1,refine,256,1,32,it0005,0.3736478090286255,0.4338338077068329,0.0,False,0
C4_1,refine,256,1,32,it0006,0.2821640372276306,0.30729934573173523,0.05555555555555555,False,0
C4_1,refine,256,1,32,it0007,0.2737610340118408,0.2774694561958313,0.045454545454545456,False,0
C4_1,refine,256,1,32,it0008,0.3420603275299072,0.28651052713394165,0.19047619047619047,False,0
C4_1,refine,256,1,32,it0009,0.5751748085021973,0.4735609292984009,0.037037037037037035,False,0
C4_1,refine,256,1,32,it0010,0.6358055472373962,0.5507895946502686,0.2777777777777778,False,0
C4_1,refine,256,1,32,it0011,0.4913484454154968,0.40831995010375977,0.0,False,0
C4_1,refine,256,1,32,it0012,0.4292804002761841,0.31101229786872864,0.3103448275862069,False,0
C4_1,refine,256,1,32,it0013,0.5961015820503235,0.5644744634628296,0.07407407407407407,False,0
C4_1,refine,256,1,32,it0014,0.35248029232025146,0.40926265716552734,0.13333333333333333,False,0
C4_1,refine,256,1,32,it0015,0.4668290615081787,0.49679863452911377,0.11764705882352941,False,0
C4_1,refine,256,1,32,it0016,0.4387587308883667,0.3240358829498291,0.38235294117647056,False,0
C4_1,refine,256,1,32,it0017,0.4917113184928894,0.37492892146110535,0.06666666666666667,False,0
C4_1,refine,256,1,32,it0018,0.319430410861969,0.17901945114135742,0.058823529411764705,False,0
C4_1,refine,256,1,32,it0019,0.4414759874343872,0.4533173441886902,0.41304347826086957,False,0
C4_1,refine,256,1,32,it0020,0.39180564880371094,0.28911587595939636,0.46153846153846156,False,0
C4_1,refine,256,1,32,it0021,0.5298427939414978,0.4350804090499878,0.030303030303030304,False,0
C4_1,refine,256,1,32,it0022,0.3910375237464905,0.38272956013679504,0.625,False,0
C4_1,refine,256,1,32,it0023,0.5607255697250366,0.577851414680481,0.3333333333333333,False,0
C4_1,refine,256,1,32,it0024,0.6133643984794617,0.4504453241825104,0.14285714285714285,False,0
C4_1,refine,256,1,32,it0025,0.6110346913337708,0.5972735285758972,0.0,False,0
C4_1,refine,256,1,32,it0026,0.171796053647995,0.24191495776176453,0.0,False,0
C4_1,refine,256,1,32,it0027,0.6685917973518372,0.5403779149055481,0.0625,False,0
C4_1,refine,256,1,32,it0028,0.5048332214355469,0.5768329501152039,0.11904761904761904,False,0
C4_1,refine,256,1,32,it0029,0.29910022020339966,0.3462413251399994,0.1875,False,0
C4_1,refine,256,1,32,it0030,0.505180835723877,0.38608020544052124,0.0,False,0
C4_1,refine,256,1,32,it0031,0.26722583174705505,0.25053033232688904,0.6666666666666666,False,0
C4_1,refine,256,1,32,it0032,0.6051850914955139,0.525582492351532,0.037037037037037035,False,0
C4_1,refine,256,1,32,it0033,0.3275706171989441,0.35809701681137085,0.38461538461538464,False,0
C4_1,refine,256,1,32,it0034,0.3145238757133484,0.38546517491340637,0.06666666666666667,False,0
C4_1,refine,256,1,32,it0035,0.3706566095352173,0.28340739011764526,0.0,False,0
C4_1,refine,256,1,32,it0036,0.6220780611038208,0.618806004524231,0.16666666666666666,False,0
C4_1,refine,256,1,32,it0037,0.4890511631965637,0.5402677655220032,0.0,False,0
C4_1,refine,256,1,32,it0038,0.3357650637626648,0.19412441551685333,0.02702702702702703,False,0
C4_1,refine,256,1,32,it0039,0.5339691638946533,0.4839353561401367,0.21951219512195122,False,0
C4_1,refine,256,1,32,it0040,0.2836746573448181,0.18095912039279938,0.4,False,0
C4_1,refine,256,1,32,it0041,0.6344712376594543,0.464791476726532,0.045454545454545456,False,0
C4_1,refine,256,1,32,it0042,0.35918721556663513,0.3405417203903198,0.1111111111111111,False,0
C4_1,refine,256,1,32,it0043,0.35169586539268494,0.20196866989135742,0.0,False,0
C4_1,refine,256,1,32,it0044,0.5107113122940063,0.4595617651939392,0.12,False,0
C4_1,refine,256,1,32,it0045,0.26105713844299316,0.331931471824646,0.03333333333333333,False,0
C4_1,refine,256,1,32,it0046,0.2560368776321411,0.207611083984375,0.1875,False,0
C4_1,refine,256,1,32,it0047,0.3645058870315552,0.4018417298793793,0.55,False,0
C4_1,refine,256,1,32,it0048,0.42899420857429504,0.3761509656906128,0.25,False,0
C4_1,refine,256,1,32,it0049,0.31986141204833984,0.4389381408691406,0.18181818181818182,False,0
C4_1,refine,256,1,32,it0050,0.3120543658733368,0.13189128041267395,0.3181818181818182,False,0
C4_1,refine,256,1,32,it0051,0.12360814958810806,0.3929053544998169,0.0,False,0
C4_1,refine,256,1,32,it0052,0.16917245090007782,0.28316694498062134,0.06666666666666667,False,0
C4_1,refine,256,1,32,it0053,0.3556479215621948,0.3320198655128479,0.21621621621621623,False,0
C4_1,refine,256,1,32,it0054,0.19690120220184326,0.07801954448223114,0.20833333333333334,False,0
C4_1,refine,256,1,32,it0055,0.48376011848449707,0.4280187487602234,0.038461538461538464,False,0
C4_1,refine,256,1,32,it0056,0.3619617819786072,0.15278363227844238,0.2,False,0
C4_1,refine,256,1,32,it0057,0.5601121783256531,0.39356762170791626,0.058823529411764705,False,0
C4_1,refine,256,1,32,it0058,0.3508128523826599,0.2747301459312439,0.16666666666666666,False,0
C4_1,refine,256,1,32,it0059,0.5832202434539795,0.523578405380249,0.25,False,0
C4_1,refine,256,1,32,it0060,0.4787887930870056,0.35831570625305176,0.058823529411764705,False,0
C4_1,refine,256,1,32,it0061,0.5636644959449768,0.6190307140350342,0.0,False,0
C4_1,refine,256,1,32,it0062,0.5603633522987366,0.48030275106430054,0.0,False,0
C4_1,refine,256,1,32,it0063,0.26580026745796204,0.3027772009372711,0.034482758620689655,False,0
C4_1,refine,256,1,32,it0064,0.3715344965457916,0.34438085556030273,0.1111111111111111,False,0
C4_1,refine,256,1,32,it0065,0.612906277179718,0.5473496317863464,0.10256410256410256,False,0
C4_1,refine,256,1,32,it0066,0.3042030334472656,0.3898572027683258,0.2857142857142857,False,0
C4_1,refine,256,1,32,it0067,0.24593497812747955,0.19997857511043549,0.1111111111111111,False,0
C4_1,refine,256,1,32,it0068,0.6679167747497559,0.6232373714447021,0.0,False,0
C4_1,refine,256,1,32,it0069,0.29694145917892456,0.38727426528930664,0.13636363636363635,False,0
C4_1,refine,256,1,32,it0070,0.3700195848941803,0.36156728863716125,0.0,False,0
C4_1,refine,256,1,32,it0071,0.5167853832244873,0.4185190200805664,0.10714285714285714,False,0
C4_1,refine,256,1,32,it0072,0.5070334076881409,0.522533655166626,0.13636363636363635,False,0
C4_1,refine,256,1,32,it0073,0.1596352458000183,0.27512747049331665,0.20689655172413793,False,0
C4_1,refine,256,1,32,it0074,0.30455783009529114,0.2645667493343353,0.2,False,0
C4_1,refine,256,1,32,it0075,0.3650031089782715,0.3154296278953552,0.17391304347826086,False,0
C4_1,refine,256,1,32,it0076,0.49836650490760803,0.2941918671131134,0.21739130434782608,False,0
C4_1,refine,256,1,32,it0077,0.43233951926231384,0.45494088530540466,0.25,False,0
C4_1,refine,256,1,32,it0078,0.2919376492500305,0.22976501286029816,0.3333333333333333,False,0
C4_1,refine,256,1,32,it0079,0.5816442966461182,0.5841405987739563,0.0,False,0
C4_1,refine,256,1,32,it0080,0.27184703946113586,0.12354697287082672,0.24390243902439024,False,0
C4_1,refine,256,1,32,it0081,0.33496275544166565,0.29083773493766785,0.07142857142857142,False,0
C4_1,refine,256,1,32,it0082,0.43809354305267334,0.4418862760066986,0.11764705882352941,False,0
C4_1,refine,256,1,32,it0083,0.4411275386810303,0.350477010011673,0.029411764705882353,False,0
C4_1,refine,256,1,32,it0084,0.6058218479156494,0.4259585738182068,0.08888888888888889,False,0
C4_1,refine,256,1,32,it0085,0.4212562143802643,0.3924017548561096,0.14285714285714285,False,0
C4_1,refine,256,1,32,it0086,0.6594235301017761,0.6245025992393494,0.29411764705882354,False,0
C4_1,refine,256,1,32,it0087,0.47254478931427,0.5797122120857239,0.1875,False,0
C4_1,refine,256,1,32,it0088,0.34509068727493286,0.2799239754676819,0.0,False,0
C4_1,refine,256,1,32,it0089,0.4201672077178955,0.3812265396118164,0.041666666666666664,False,0
C4_1,refine,256,1,32,it0090,0.6059768199920654,0.5761473774909973,0.058823529411764705,False,0
C4_1,refine,256,1,32,it0091,0.5943211317062378,0.46893081068992615,0.12903225806451613,False,0
C4_1,refine,256,1,32,it0092,0.4750458896160126,0.28697070479393005,0.02857142857142857,False,0
C4_1,refine,256,1,32,it0093,0.38579094409942627,0.2979312837123871,0.0,False,0
C4_1,refine,256,1,32,it0094,0.47051310539245605,0.4701407253742218,0.15384615384615385,False,0
C4_1,refine,256,1,32,it0095,0.31469106674194336,0.3980047106742859,0.38095238095238093,False,0
C4_1,refine,256,1,32,it0096,0.4903492331504822,0.3840818405151367,0.45454545454545453,False,0
C4_1,refine,256,1,32,it0097,0.601883590221405,0.6296147108078003,0.0,False,0
C4_1,refine,256,1,32,it0098,0.45855748653411865,0.46761640906333923,0.2222222222222222,False,0
C4_1,refine,256,1,32,it0099,0.2122480273246765,0.17451876401901245,0.0,False,0
C4_1,refine,256,1,32,it0100,0.6668193340301514,0.6997711658477783,0.0,False,0
C4_1,refine,256,1,32,it0101,0.2340388298034668,0.3350902795791626,0.05263157894736842,False,0
C4_1,refine,256,1,32,it0102,0.239732027053833,0.5009316802024841,0.0,False,0
C4_1,refine,256,1,32,it0103,0.24830755591392517,0.2678689658641815,0.0,False,0
C4_1,refine,256,1,32,it0104,0.5202311277389526,0.4676893949508667,0.125,False,0
C4_1,refine,256,1,32,it0105,0.3841928541660309,0.4649391174316406,0.08571428571428572,False,0
C4_1,refine,256,1,32,it0106,0.3479365408420563,0.37673419713974,0.041666666666666664,False,0
C4_1,refine,256,1,32,it0107,0.5552873611450195,0.44742467999458313,0.043478260869565216,False,0
C4_1,refine,256,1,32,it0108,0.34421467781066895,0.2772384583950043,0.25,False,0
C4_1,refine,256,1,32,it0109,0.41684678196907043,0.2900140881538391,0.21052631578947367,False,0
C4_1,refine,256,1,32,it0110,0.2565934658050537,0.33443084359169006,0.13333333333333333,False,0
C4_1,refine,256,1,32,it0111,0.36832982301712036,0.31487879157066345,0.18181818181818182,False,0
C4_1,refine,256,1,32,it0112,0.6217827200889587,0.47235795855522156,0.3409090909090909,False,0
C4_1,refine,256,1,32,it0113,0.5409624576568604,0.5077465772628784,0.0,False,0
C4_1,refine,256,1,32,it0114,0.3328438997268677,0.32399672269821167,0.2777777777777778,False,0
C4_1,refine,256,1,32,it0115,0.3368176221847534,0.21135595440864563,0.07142857142857142,False,0
C4_1,refine,256,1,32,it0116,0.5760844945907593,0.36065712571144104,0.17647058823529413,False,0
C4_1,refine,256,1,32,it0117,0.3599197268486023,0.44174885749816895,0.17647058823529413,False,0
C4_1,refine,256,1,32,it0118,0.520900309085846,0.5389599800109863,0.19230769230769232,False,0
C4_1,refine,256,1,32,it0119,0.5219579935073853,0.5290597677230835,0.35714285714285715,False,0
C4_1,refine,256,1,32,it0120,0.5700342655181885,0.4935911297798157,0.06666666666666667,False,0
C4_1,refine,256,1,32,it0121,0.5450870394706726,0.3931937515735626,0.25,False,0
C4_1,refine,256,1,32,it0122,0.21094103157520294,0.3850676417350769,0.45454545454545453,False,0
C4_1,refine,256,1,32,it0123,0.3938640356063843,0.5312937498092651,0.0,False,0
C4_1,refine,256,1,32,it0124,0.5373685359954834,0.4297294318675995,0.18181818181818182,False,0
C4_1,refine,256,1,32,it0125,0.49067479372024536,0.40033990144729614,0.20512820512820512,False,0
C4_1,refine,256,1,32,it0126,0.5221620202064514,0.3270648121833801,0.0,False,0
C4_1,refine,256,1,32,it0127,0.2733680307865143,0.22563928365707397,0.058823529411764705,False,0
C4_1,refine,256,1,32,it0128,0.43475794792175293,0.28825125098228455,0.0,False,0
C4_1,refine,256,1,32,it0129,0.3495001494884491,0.3045692443847656,0.058823529411764705,False,0
C4_1,refine,256,1,32,it0130,0.1922292411327362,0.2548602223396301,0.1,False,0
C4_1,refine,256,1,32,it0131,0.28380900621414185,0.39792895317077637,0.06451612903225806,False,0
C4_1,refine,256,1,32,it0132,0.29431894421577454,0.2637534737586975,0.14285714285714285,False,0
C4_1,refine,256,1,32,it0133,0.528679370880127,0.5988932251930237,0.07142857142857142,False,0
C4_1,refine,256,1,32,it0134,0.2542305290699005,0.27647697925567627,0.02631578947368421,False,0
C4_1,refine,256,1,32,it0135,0.3501845598220825,0.2901836037635803,0.15384615384615385,False,0
C4_1,refine,256,1,32,it0136,0.3988822102546692,0.5269959568977356,0.25,False,0
C4_1,refine,256,1,32,it0137,0.43149417638778687,0.33869946002960205,0.3333333333333333,False,0
C4_1,refine,256,1,32,it0138,0.4995933175086975,0.5481244921684265,0.2777777777777778,False,0
C4_1,refine,256,1,32,it0139,0.5551607608795166,0.167026087641716,0.0,False,0
C4_1,refine,256,1,32,it0140,0.42397886514663696,0.35022613406181335,0.125,False,0
C4_1,refine,256,1,32,it0141,0.5311634540557861,0.6131330728530884,0.1,False,0
C4_1,refine,256,1,32,it0142,0.19772452116012573,0.15107905864715576,0.28,False,0
C4_1,refine,256,1,32,it0143,0.2500438094139099,0.3142361640930176,0.125,False,0
C4_1,refine,256,1,32,it0144,0.4691735506057739,0.39525195956230164,0.0,False,0
C4_1,refine,256,1,32,it0145,0.43137943744659424,0.6038495302200317,0.025,False,0
C4_1,refine,256,1,32,it0146,0.5374831557273865,0.4180085062980652,0.0,False,0
C4_1,refine,256,1,32,it0147,0.36800873279571533,0.42893683910369873,0.043478260869565216,False,0
C4_1,refine,256,1,32,it0148,0.20274025201797485,0.18858739733695984,0.07142857142857142,False,0
C4_1,refine,256,1,32,it0149,0.46866267919540405,0.3642967939376831,0.21428571428571427,False,0
C4_1,refine,256,1,32,it0150,0.3532875180244446,0.41893860697746277,0.11538461538461539,False,0
C4_1,refine,256,1,32,it0151,0.5329259037971497,0.5267306566238403,0.11764705882352941,False,0
C4_1,refine,256,1,32,it0152,0.47770920395851135,0.28054067492485046,0.0,False,0
C4_1,refine,256,1,32,it0153,0.25892847776412964,0.2982896566390991,0.21428571428571427,False,0
C4_1,refine,256,1,32,it0154,0.2323635220527649,0.11037024110555649,0.10526315789473684,False,0
C4_1,refine,256,1,32,it0155,0.19789588451385498,0.35594677925109863,0.14285714285714285,False,0
C4_1,refine,256,1,32,it0156,0.21443527936935425,0.22238728404045105,0.047619047619047616,False,0
C4_1,refine,256,1,32,it0157,0.551668107509613,0.5545342564582825,0.09302325581395349,False,0
C4_1,refine,256,1,32,it0158,0.2881470322608948,0.2840784192085266,0.10526315789473684,False,0
C4_1,refine,256,1,32,it0159,0.5018596053123474,0.43073031306266785,0.0,False,0
C4_1,refine,256,1,32,it0160,0.5829291939735413,0.49688172340393066,0.16129032258064516,False,0
C4_1,refine,256,1,32,it0161,0.3768245577812195,0.3489987254142761,0.1724137931034483,False,0
C4_1,refine,256,1,32,it0162,0.13512109220027924,0.36631399393081665,0.18518518518518517,False,0
C4_1,refine,256,1,32,it0163,0.5148336291313171,0.32927727699279785,0.0,False,0
C4_1,refine,256,1,32,it0164,0.46934056282043457,0.21791218221187592,0.0967741935483871,False,0
C4_1,refine,256,1,32,it0165,0.4416888654232025,0.35909590125083923,0.36363636363636365,False,0
C4_1,refine,256,1,32,it0166,0.614809513092041,0.3804319500923157,0.3333333333333333,False,0
C4_1,refine,256,1,32,it0167,0.3795492351055145,0.4046064019203186,0.2631578947368421,False,0
C4_1,refine,256,1,32,it0168,0.4187823534011841,0.425178200006485,0.0,False,0
C4_1,refine,256,1,32,it0169,0.4982346296310425,0.42031770944595337,0.1,False,0
C4_1,refine,256,1,32,it0170,0.37534162402153015,0.29347437620162964,0.23529411764705882,False,0
C4_1,refine,256,1,32,it0171,0.545464813709259,0.5056586265563965,0.09523809523809523,False,0
C4_1,refine,256,1,32,it0172,0.16838261485099792,0.09426422417163849,0.12,False,0
C4_1,refine,256,1,32,it0173,0.6325784921646118,0.6114789843559265,0.0,False,0
C4_1,refine,256,1,32,it0174,0.501145601272583,0.26542216539382935,0.125,False,0
C4_1,refine,256,1,32,it0175,0.27161672711372375,0.28440219163894653,0.2,False,0
C4_1,refine,256,1,32,it0176,0.38330549001693726,0.3626653552055359,0.1111111111111111,False,0
C4_1,refine,256,1,32,it0177,0.43508681654930115,0.5348225831985474,0.05263157894736842,False,0
C4_1,refine,256,1,32,it0178,0.34117618203163147,0.15909917652606964,0.11764705882352941,False,0
C4_1,refine,256,1,32,it0179,0.641886293888092,0.6868265867233276,0.22580645161290322,False,0
C4_1,refine,256,1,32,it0180,0.4448844790458679,0.5137848258018494,0.0,False,0
C4_1,refine,256,1,32,it0181,0.5084376931190491,0.44261011481285095,0.0,False,0
C4_1,refine,256,1,32,it0182,0.5238234996795654,0.38819122314453125,0.2,False,0
C4_1,refine,256,1,32,it0183,0.5834413170814514,0.5825685858726501,0.12,False,0
C4_1,refine,256,1,32,it0184,0.3581780195236206,0.3109213709831238,0.13333333333333333,False,0
C4_1,refine,256,1,32,it0185,0.35285884141921997,0.3880581855773926,0.22580645161290322,False,0
C4_1,refine,256,1,32,it0186,0.4306170344352722,0.35332581400871277,0.125,False,0
C4_1,refine,256,1,32,it0187,0.5410230159759521,0.3198743760585785,0.0625,False,0
C4_1,refine,256,1,32,it0188,0.5424128770828247,0.4270481467247009,0.0,False,0
C4_1,refine,256,1,32,it0189,0.4250919222831726,0.5427842140197754,0.0,False,0
C4_1,refine,256,1,32,it0190,0.570399284362793,0.5696460008621216,0.0,False,0
C4_1,refine,256,1,32,it0191,0.4592750668525696,0.41827279329299927,0.04,False,0
C4_1,refine,256,1,32,it0192,0.6045402884483337,0.4834832549095154,0.037037037037037035,False,0
C4_1,refine,256,1,32,it0193,0.3824054002761841,0.13295145332813263,0.25,False,0
C4_1,refine,256,1,32,it0194,0.6291319131851196,0.5625438094139099,0.0,False,0
C4_1,refine,256,1,32,it0195,0.5577114820480347,0.4980757236480713,0.0,False,0
C4_1,refine,256,1,32,it0196,0.4865410327911377,0.3606026768684387,0.14285714285714285,False,0
C4_1,refine,256,1,32,it0197,0.38754498958587646,0.3585847318172455,0.09090909090909091,False,0
C4_1,refine,256,1,32,it0198,0.13155153393745422,0.11488168686628342,0.125,False,0
C4_1,refine,256,1,32,it0199,0.4769154191017151,0.37894636392593384,0.0,False,0
C4_1,refine,512,1,64,it0000,0.27053993940353394,0.17119312286376953,0.043478260869565216,False,0
C4_1,refine,512,1,64,it0001,0.38060954213142395,0.21710264682769775,0.16666666666666666,False,0
C4_1,refine,512,1,64,it0002,0.31520649790763855,0.2847753167152405,0.13333333333333333,False,0
C4_1,refine,512,1,64,it0003,0.3744302988052368,0.16693156957626343,0.4666666666666667,False,0
C4_1,refine,512,1,64,it0004,0.47874850034713745,0.34646373987197876,0.125,False,0
C4_1,refine,512,1,64,it0005,0.4460623860359192,0.4475291669368744,0.0,False,0
C4_1,refine,512,1,64,it0006,0.36886927485466003,0.4205896258354187,0.05555555555555555,False,0
C4_1,refine,512,1,64,it0007,0.2637549638748169,0.3817024230957031,0.13636363636363635,False,0
C4_1,refine,512,1,64,it0008,0.4635125696659088,0.25786250829696655,0.14285714285714285,False,0
C4_1,refine,512,1,64,it0009,0.502646267414093,0.508958101272583,0.037037037037037035,False,0
C4_1,refine,512,1,64,it0010,0.5517210364341736,0.5065544843673706,0.16666666666666666,False,0
C4_1,refine,512,1,64,it0011,0.5045405626296997,0.4785943329334259,0.0,False,0
C4_1,refine,512,1,64,it0012,0.4794933497905731,0.342988520860672,0.3103448275862069,False,0
C4_1,refine,512,1,64,it0013,0.4927471876144409,0.5083956718444824,0.0,False,0
C4_1,refine,512,1,64,it0014,0.5507740378379822,0.4807845652103424,0.0,False,0
C4_1,refine,512,1,64,it0015,0.4058268070220947,0.3100607693195343,0.11764705882352941,False,0
C4_1,refine,512,1,64,it0016,0.35548752546310425,0.20771290361881256,0.11764705882352941,False,0
C4_1,refine,512,1,64,it0017,0.42087510228157043,0.31954485177993774,0.06666666666666667,False,0
C4_1,refine,512,1,64,it0018,0.38930389285087585,0.3489345610141754,0.029411764705882353,False,0
C4_1,refine,512,1,64,it0019,0.545485258102417,0.47068625688552856,0.1956521739130435,False,0
C4_1,refine,512,1,64,it0020,0.3448217511177063,0.2797970473766327,0.38461538461538464,False,0
C4_1,refine,512,1,64,it0021,0.4924236834049225,0.46014073491096497,0.06060606060606061,False,0
C4_1,refine,512,1,64,it0022,0.32317060232162476,0.4509814381599426,0.2,False,0
C4_1,refine,512,1,64,it0023,0.6009774208068848,0.5737712383270264,0.2777777777777778,False,0
C4_1,refine,512,1,64,it0024,0.5879552960395813,0.45958659052848816,0.14285714285714285,False,0
C4_1,refine,512,1,64,it0025,0.6008279323577881,0.6041191816329956,0.1,False,0
C4_1,refine,512,1,64,it0026,0.15406709909439087,-0.019700633361935616,0.25,False,0
C4_1,refine,512,1,64,it0027,0.7018176913261414,0.565984845161438,0.0,False,0
C4_1,refine,512,1,64,it0028,0.44754600524902344,0.35298988223075867,0.09523809523809523,False,0
C4_1,refine,512,1,64,it0029,0.33517536520957947,0.4612233638763428,0.0625,False,0
C4_1,refine,512,1,64,it0030,0.5522522926330566,0.4884357452392578,0.04,False,0
C4_1,refine,512,1,64,it0031,0.3351651132106781,0.29166877269744873,0.5555555555555556,False,0
C4_1,refine,512,1,64,it0032,0.6503985524177551,0.6359432935714722,0.07407407407407407,False,0
C4_1,refine,512,1,64,it0033,0.3246220052242279,0.2947359085083008,0.15384615384615385,False,0
C4_1,refine,512,1,64,it0034,0.3244105577468872,0.29929032921791077,0.0,False,0
C4_1,refine,512,1,64,it0035,0.2745029926300049,0.20391905307769775,0.15384615384615385,False,0
C4_1,refine,512,1,64,it0036,0.4835771322250366,0.49874430894851685,0.1111111111111111,False,0
C4_1,refine,512,1,64,it0037,0.549609899520874,0.5557859539985657,0.06666666666666667,False,0
C4_1,refine,512,1,64,it0038,0.4255262613296509,0.032489996403455734,0.13513513513513514,False,0
C4_1,refine,512,1,64,it0039,0.4975113570690155,0.5311048030853271,0.07317073170731707,False,0
C4_1,refine,512,1,64,it0040,0.29357296228408813,0.15026730298995972,0.0,False,0
C4_1,refine,512,1,64,it0041,0.5603737235069275,0.47136151790618896,0.045454545454545456,False,0
C4_1,refine,512,1,64,it0042,0.37541165947914124,0.46131452918052673,0.14814814814814814,False,0
C4_1,refine,512,1,64,it0043,0.3634283244609833,0.23769360780715942,0.0,False,0
C4_1,refine,512,1,64,it0044,0.47345244884490967,0.43224549293518066,0.32,False,0
C4_1,refine,512,1,64,it0045,0.2094195932149887,0.4095778167247772,0.0,False,0
C4_1,refine,512,1,64,it0046,0.26483017206192017,0.2846262753009796,0.125,False,0
C4_1,refine,512,1,64,it0047,0.2947988510131836,0.35169053077697754,0.55,False,0
C4_1,refine,512,1,64,it0048,0.49507007002830505,0.2954978346824646,0.25,False,0
C4_1,refine,512,1,64,it0049,0.3287375569343567,0.5338077545166016,0.22727272727272727,False,0
C4_1,refine,512,1,64,it0050,0.1461818665266037,0.05959479883313179,0.5909090909090909,False,0
C4_1,refine,512,1,64,it0051,0.19002848863601685,0.36699268221855164,0.10344827586206896,False,0
C4_1,refine,512,1,64,it0052,0.23944489657878876,0.2827305197715759,0.13333333333333333,False,0
C4_1,refine,512,1,64,it0053,0.24879762530326843,0.30819040536880493,0.16216216216216217,False,0
C4_1,refine,512,1,64,it0054,0.21574696898460388,-0.015011414885520935,0.16666666666666666,False,0
C4_1,refine,512,1,64,it0055,0.3780701160430908,0.49069100618362427,0.46153846153846156,False,0
C4_1,refine,512,1,64,it0056,0.30930376052856445,0.15795490145683289,0.05,False,0
C4_1,refine,512,1,64,it0057,0.43489575386047363,0.363191157579422,0.058823529411764705,False,0
C4_1,refine,512,1,64,it0058,0.3043522536754608,0.4393864870071411,0.3333333333333333,False,0
C4_1,refine,512,1,64,it0059,0.6318780183792114,0.5945510268211365,0.14285714285714285,False,0
C4_1,refine,512,1,64,it0060,0.4364704191684723,0.2954617142677307,0.0,False,0
C4_1,refine,512,1,64,it0061,0.5140148401260376,0.6066259741783142,0.0,False,0
C4_1,refine,512,1,64,it0062,0.41963428258895874,0.3985235393047333,0.0,False,0
C4_1,refine,512,1,64,it0063,0.463667631149292,0.3235933780670166,0.06896551724137931,False,0
C4_1,refine,512,1,64,it0064,0.26490285992622375,0.42319416999816895,0.2777777777777778,False,0
C4_1,refine,512,1,64,it0065,0.5204358696937561,0.5350015163421631,0.23076923076923078,False,0
C4_1,refine,512,1,64,it0066,0.2342473864555359,0.34029054641723633,0.19047619047619047,False,0
C4_1,refine,512,1,64,it0067,0.29403212666511536,0.16131381690502167,0.16666666666666666,False,0
C4_1,refine,512,1,64,it0068,0.6727498769760132,0.6172432899475098,0.0,False,0
C4_1,refine,512,1,64,it0069,0.3780926764011383,0.4620278477668762,0.18181818181818182,False,0
C4_1,refine,512,1,64,it0070,0.36575451493263245,0.42269083857536316,0.0,False,0
C4_1,refine,512,1,64,it0071,0.5667448043823242,0.5657997727394104,0.42857142857142855,False,0
C4_1,refine,512,1,64,it0072,0.46514981985092163,0.44224369525909424,0.13636363636363635,False,0
C4_1,refine,512,1,64,it0073,0.243007093667984,0.2375345677137375,0.20689655172413793,False,0
C4_1,refine,512,1,64,it0074,0.3362959027290344,0.31538015604019165,0.06666666666666667,False,0
C4_1,refine,512,1,64,it0075,0.2643580436706543,0.3742018938064575,0.0,False,0
C4_1,refine,512,1,64,it0076,0.46961861848831177,0.19083765149116516,0.782608695652174,True,0
C4_1,refine,512,1,64,it0077,0.5415422916412354,0.22112835943698883,0.3333333333333333,False,0
C4_1,refine,512,1,64,it0078,0.3783171772956848,0.3409901559352875,0.2857142857142857,False,0
C4_1,refine,512,1,64,it0079,0.6319124698638916,0.591387152671814,0.0,False,0
C4_1,refine,512,1,64,it0080,0.30750802159309387,0.09381110966205597,0.2682926829268293,False,0
C4_1,refine,512,1,64,it0081,0.35695669054985046,0.3248644173145294,0.07142857142857142,False,0
C4_1,refine,512,1,64,it0082,0.44390591979026794,0.4712589979171753,0.11764705882352941,False,0
C4_1,refine,512,1,64,it0083,0.509023129940033,0.3415873944759369,0.0,False,0
C4_1,refine,512,1,64,it0084,0.5585883259773254,0.4398208260536194,0.24444444444444444,False,0
C4_1,refine,512,1,64,it0085,0.5128291249275208,0.3070567548274994,0.0,False,0
C4_1,refine,512,1,64,it0086,0.5695444345474243,0.540980875492096,0.11764705882352941,False,0
C4_1,refine,512,1,64,it0087,0.5121477246284485,0.7329455614089966,0.1875,False,0
C4_1,refine,512,1,64,it0088,0.3518880307674408,0.32739487290382385,0.09523809523809523,False,0
C4_1,refine,512,1,64,it0089,0.5267693996429443,0.3311883211135864,0.041666666666666664,False,0
C4_1,refine,512,1,64,it0090,0.5766438841819763,0.4863928258419037,0.11764705882352941,False,0
C4_1,refine,512,1,64,it0091,0.586159348487854,0.6019088625907898,0.12903225806451613,False,0
C4_1,refine,512,1,64,it0092,0.46315160393714905,0.35396459698677063,0.08571428571428572,False,0
C4_1,refine,512,1,64,it0093,0.4342195987701416,0.2827812731266022,0.15789473684210525,False,0
C4_1,refine,512,1,64,it0094,0.4571339190006256,0.5078144669532776,0.15384615384615385,False,0
C4_1,refine,512,1,64,it0095,0.4205254912376404,0.46261242032051086,0.23809523809523808,False,0
C4_1,refine,512,1,64,it0096,0.5166095495223999,0.3386188745498657,0.45454545454545453,False,0
C4_1,refine,512,1,64,it0097,0.6020132303237915,0.6688714623451233,0.05,False,0
C4_1,refine,512,1,64,it0098,0.4469015896320343,0.41665568947792053,0.07407407407407407,False,0
C4_1,refine,512,1,64,it0099,0.21813032031059265,0.23344846069812775,0.043478260869565216,False,0
C4_1,refine,512,1,64,it0100,0.6238162517547607,0.674491822719574,0.07692307692307693,False,0
C4_1,refine,512,1,64,it0101,0.3858681917190552,0.4337121546268463,0.10526315789473684,False,0
C4_1,refine,512,1,64,it0102,0.3952881693840027,0.4286808669567108,0.07692307692307693,False,0
C4_1,refine,512,1,64,it0103,0.3948765993118286,0.37444567680358887,0.0,False,0
C4_1,refine,512,1,64,it0104,0.5116933584213257,0.5246482491493225,0.125,False,0
C4_1,refine,512,1,64,it0105,0.38041922450065613,0.5333749055862427,0.08571428571428572,False,0
C4_1,refine,512,1,64,it0106,0.30907368659973145,0.29410919547080994,0.0,False,0
C4_1,refine,512,1,64,it0107,0.49794429540634155,0.4231630861759186,0.08695652173913043,False,0
C4_1,refine,512,1,64,it0108,0.3852347135543823,0.2780953049659729,0.125,False,0
C4_1,refine,512,1,64,it0109,0.47350868582725525,0.3256213068962097,0.2631578947368421,False,0
C4_1,refine,512,1,64,it0110,0.18028727173805237,0.31767112016677856,0.1,False,0
C4_1,refine,512,1,64,it0111,0.3124164342880249,0.2223784178495407,0.0,False,0
C4_1,refine,512,1,64,it0112,0.613012433052063,0.4694696068763733,0.09090909090909091,False,0
C4_1,refine,512,1,64,it0113,0.542377233505249,0.4712109863758087,0.022727272727272728,False,0
C4_1,refine,512,1,64,it0114,0.35306575894355774,0.16352717578411102,0.3333333333333333,False,0
C4_1,refine,512,1,64,it0115,0.30710694193840027,0.22043181955814362,0.0,False,0
C4_1,refine,512,1,64,it0116,0.5167829990386963,0.3326064646244049,0.17647058823529413,False,0
C4_1,refine,512,1,64,it0117,0.41494497656822205,0.5195228457450867,0.029411764705882353,False,0
C4_1,refine,512,1,64,it0118,0.40252888202667236,0.48953777551651,0.21153846153846154,False,0
C4_1,refine,512,1,64,it0119,0.557683527469635,0.5182181596755981,0.35714285714285715,False,0
C4_1,refine,512,1,64,it0120,0.5040937662124634,0.4613592028617859,0.0,False,0
C4_1,refine,512,1,64,it0121,0.520948052406311,0.4008138179779053,0.05,False,0
C4_1,refine,512,1,64,it0122,0.18346485495567322,0.3897385001182556,0.36363636363636365,False,0
C4_1,refine,512,1,64,it0123,0.2956443428993225,0.3515132963657379,0.11764705882352941,False,0
C4_1,refine,512,1,64,it0124,0.5486786961555481,0.39513763785362244,0.09090909090909091,False,0
C4_1,refine,512,1,64,it0125,0.40190088748931885,0.3370981216430664,0.02564102564102564,False,0
C4_1,refine,512,1,64,it0126,0.535152792930603,0.2236226350069046,0.0,False,0
C4_1,refine,512,1,64,it0127,0.28533217310905457,0.28553536534309387,0.0,False,0
C4_1,refine,512,1,64,it0128,0.4239468276500702,0.3475937247276306,0.0,False,0
C4_1,refine,512,1,64,it0129,0.2823243737220764,0.16557878255844116,0.058823529411764705,False,0
C4_1,refine,512,1,64,it0130,0.29337701201438904,0.39521312713623047,0.4,False,0
C4_1,refine,512,1,64,it0131,0.3233763575553894,0.3820214569568634,0.0,False,0
C4_1,refine,512,1,64,it0132,0.3585243821144104,0.29392901062965393,0.0,False,0
C4_1,refine,512,1,64,it0133,0.5580333471298218,0.5410614013671875,0.0,False,0
C4_1,refine,512,1,64,it0134,0.3700386881828308,0.17668306827545166,0.0,False,0
C4_1,refine,512,1,64,it0135,0.31621941924095154,0.31527313590049744,0.05128205128205128,False,0
C4_1,refine,512,1,64,it0136,0.47429153323173523,0.5123510360717773,0.25,False,0
C4_1,refine,512,1,64,it0137,0.5141633152961731,0.4255859851837158,0.3333333333333333,False,0
C4_1,refine,512,1,64,it0138,0.5699993968009949,0.653099536895752,0.2222222222222222,False,0
C4_1,refine,512,1,64,it0139,0.4892195761203766,0.17604930698871613,0.0,False,0
C4_1,refine,512,1,64,it0140,0.34875982999801636,0.25794515013694763,0.041666666666666664,False,0
C4_1,refine,512,1,64,it0141,0.5768929123878479,0.581203043460846,0.1,False,0
C4_1,refine,512,1,64,it0142,0.20870788395404816,0.289577454328537,0.2,False,0
C4_1,refine,512,1,64,it0143,0.34538716077804565,0.38453519344329834,0.0,False,0
C4_1,refine,512,1,64,it0144,0.5748369097709656,0.356908917427063,0.03571428571428571,False,0
C4_1,refine,512,1,64,it0145,0.4927225708961487,0.7105714678764343,0.0,False,0
C4_1,refine,512,1,64,it0146,0.3627517521381378,0.2269228845834732,0.1,False,0
C4_1,refine,512,1,64,it0147,0.46014243364334106,0.4957370162010193,0.0,False,0
C4_1,refine,512,1,64,it0148,0.09331843256950378,0.20670673251152039,0.10714285714285714,False,0
C4_1,refine,512,1,64,it0149,0.4116559624671936,0.46098068356513977,0.21428571428571427,False,0
C4_1,refine,512,1,64,it0150,0.29467180371284485,0.353018581867218,0.15384615384615385,False,0
C4_1,refine,512,1,64,it0151,0.5681803226470947,0.4902452826499939,0.0,False,0
C4_1,refine,512,1,64,it0152,0.519599199295044,0.3235262632369995,0.0,False,0
C4_1,refine,512,1,64,it0153,0.24311763048171997,0.440121591091156,0.14285714285714285,False,0
C4_1,refine,512,1,64,it0154,0.26229605078697205,0.05367948114871979,0.15789473684210525,False,0
C4_1,refine,512,1,64,it0155,0.1900101900100708,0.165780171751976,0.10714285714285714,False,0
C4_1,refine,512,1,64,it0156,0.1920861005783081,0.22592607140541077,0.09523809523809523,False,0
C4_1,refine,512,1,64,it0157,0.5732292532920837,0.5345006585121155,0.023255813953488372,False,0
C4_1,refine,512,1,64,it0158,0.2098933458328247,0.16403353214263916,0.3157894736842105,False,0
C4_1,refine,512,1,64,it0159,0.5180563926696777,0.42287614941596985,0.14285714285714285,False,0
C4_1,refine,512,1,64,it0160,0.5310888290405273,0.4354097545146942,0.1935483870967742,False,0
C4_1,refine,512,1,64,it0161,0.3666926920413971,0.3282511830329895,0.27586206896551724,False,0
C4_1,refine,512,1,64,it0162,0.1378580927848816,0.13148033618927002,0.2222222222222222,False,0
C4_1,refine,512,1,64,it0163,0.4486912190914154,0.3133050203323364,0.0,False,0
C4_1,refine,512,1,64,it0164,0.5111795663833618,0.40754663944244385,0.0967741935483871,False,0
C4_1,refine,512,1,64,it0165,0.3627678155899048,0.3251539468765259,0.09090909090909091,False,0
C4_1,refine,512,1,64,it0166,0.49278444051742554,0.3272591531276703,0.3333333333333333,False,0
C4_1,refine,512,1,64,it0167,0.38440775871276855,0.46875905990600586,0.15789473684210525,False,0
C4_1,refine,512,1,64,it0168,0.3229464590549469,0.32668739557266235,0.1,False,0
C4_1,refine,512,1,64,it0169,0.3920656740665436,0.29158830642700195,0.2,False,0
C4_1,refine,512,1,64,it0170,0.37801501154899597,0.4067610800266266,0.17647058823529413,False,0
C4_1,refine,512,1,64,it0171,0.6617639660835266,0.5258093476295471,0.047619047619047616,False,0
C4_1,refine,512,1,64,it0172,0.1829981505870819,0.2538953721523285,0.04,False,0
C4_1,refine,512,1,64,it0173,0.6379068493843079,0.6082445979118347,0.06666666666666667,False,0
C4_1,refine,512,1,64,it0174,0.4645148515701294,0.31888774037361145,0.125,False,0
C4_1,refine,512,1,64,it0175,0.2037845104932785,0.27017518877983093,0.4,False,0
C4_1,refine,512,1,64,it0176,0.3611823320388794,0.36501672863960266,0.0,False,0
C4_1,refine,512,1,64,it0177,0.40869778394699097,0.4730027914047241,0.05263157894736842,False,0
C4_1,refine,512,1,64,it0178,0.022115198895335197,0.04013099521398544,0.47058823529411764,False,0
C4_1,refine,512,1,64,it0179,0.594656765460968,0.6235689520835876,0.06451612903225806,False,0
C4_1,refine,512,1,64,it0180,0.4112468957901001,0.4172101616859436,0.0,False,0
C4_1,refine,512,1,64,it0181,0.389867901802063,0.42990249395370483,0.07317073170731707,False,0
C4_1,refine,512,1,64,it0182,0.5424310564994812,0.521061360836029,0.24,False,0
C4_1,refine,512,1,64,it0183,0.5809046626091003,0.5129934549331665,0.08,False,0
C4_1,refine,512,1,64,it0184,0.27343571186065674,0.13096179068088531,0.2,False,0
C4_1,refine,512,1,64,it0185,0.2958810329437256,0.31444957852363586,0.0,False,0
C4_1,refine,512,1,64,it0186,0.4935470223426819,0.4848478436470032,0.16666666666666666,False,0
C4_1,refine,512,1,64,it0187,0.515850841999054,0.3668476939201355,0.125,False,0
C4_1,refine,512,1,64,it0188,0.6012943983078003,0.4554688334465027,0.0,False,0
C4_1,refine,512,1,64,it0189,0.3634778559207916,0.38591355085372925,0.1,False,0
C4_1,refine,512,1,64,it0190,0.5492159128189087,0.5568579435348511,0.125,False,0
C4_1,refine,512,1,64,it0191,0.42217984795570374,0.34700700640678406,0.0,False,0
C4_1,refine,512,1,64,it0192,0.5108147859573364,0.4750794768333435,0.037037037037037035,False,0
C4_1,refine,512,1,64,it0193,0.4849540889263153,0.27454233169555664,0.125,False,0
C4_1,refine,512,1,64,it0194,0.5216829180717468,0.5715505480766296,0.0,False,0
C4_1,refine,512,1,64,it0195,0.4895249605178833,0.4312364459037781,0.038461538461538464,False,0
C4_1,refine,512,1,64,it0196,0.4888404905796051,0.3460592031478882,0.07142857142857142,False,0
C4_1,refine,512,1,64,it0197,0.4279758632183075,0.37670865654945374,0.0,False,0
C4_1,refine,512,1,64,it0198,0.20977456867694855,0.024395417422056198,0.0,False,0
C4_1,refine,512,1,64,it0199,0.44627833366394043,0.4073067009449005,0.11764705882352941,False,0
