run,arm,nfe,K,T,item,ecapa,wavlm,wer,degenerate,pick
C1_0_90k,search,128,2,8,it0000,0.695304811000824,0.6581861972808838,0.06521739130434782,False,1
C1_0_90k,search,128,2,8,it0001,0.4149355888366699,0.2579474449157715,0.05555555555555555,False,1
C1_0_90k,search,128,2,8,it0002,0.3432629108428955,0.36783602833747864,0.0,False,1
C1_0_90k,search,128,2,8,it0003,0.5476114749908447,0.4836256504058838,0.2,False,0
C1_0_90k,search,128,2,8,it0004,0.6304132342338562,0.45922988653182983,0.125,False,0
C1_0_90k,search,128,2,8,it0005,0.4174256920814514,0.4442257881164551,0.0,False,1
C1_0_90k,search,128,2,8,it0006,0.4273321032524109,0.45943698287010193,0.16666666666666666,False,0
C1_0_90k,search,128,2,8,it0007,0.36946988105773926,0.43083369731903076,0.09090909090909091,False,0
C1_0_90k,search,128,2,8,it0008,0.4291799068450928,0.3777560889720917,0.23809523809523808,False,1
C1_0_90k,search,128,2,8,it0009,0.5664386749267578,0.6018590927124023,0.0,False,0
C1_0_90k,search,128,2,8,it0010,0.5493691563606262,0.5466897487640381,0.16666666666666666,False,0
C1_0_90k,search,128,2,8,it0011,0.6189338564872742,0.6050200462341309,0.0,False,0
C1_0_90k,search,128,2,8,it0012,0.5145126581192017,0.473976194858551,0.3793103448275862,False,1
C1_0_90k,search,128,2,8,it0013,0.5285806655883789,0.673306941986084,0.0,False,1
C1_0_90k,search,128,2,8,it0014,0.6319167613983154,0.49608761072158813,0.0,False,1
C1_0_90k,search,128,2,8,it0015,0.6094825863838196,0.5886157751083374,0.11764705882352941,False,1
C1_0_90k,search,128,2,8,it0016,0.6616314053535461,0.5911850333213806,0.14705882352941177,False,0
C1_0_90k,search,128,2,8,it0017,0.46642017364501953,0.3612382411956787,0.06666666666666667,False,1
C1_0_90k,search,128,2,8,it0018,0.5843239426612854,0.6453814506530762,0.029411764705882353,False,1
C1_0_90k,search,128,2,8,it0019,0.6103480458259583,0.5994260311126709,0.17391304347826086,False,0
C1_0_90k,search,128,2,8,it0020,0.43397876620292664,0.4730178415775299,0.07692307692307693,False,0
C1_0_90k,search,128,2,8,it0021,0.5524680614471436,0.4742850065231323,0.06060606060606061,False,0
C1_0_90k,search,128,2,8,it0022,0.45901167392730713,0.4864928424358368,0.45,False,1
C1_0_90k,search,128,2,8,it0023,0.6255652904510498,0.6716364622116089,0.16666666666666666,False,1
C1_0_90k,search,128,2,8,it0024,0.6129730939865112,0.5396541357040405,0.14285714285714285,False,1
C1_0_90k,search,128,2,8,it0025,0.6631633639335632,0.6916781663894653,0.0,False,0
C1_0_90k,search,128,2,8,it0026,0.32457786798477173,0.2656157314777374,0.25,False,1
C1_0_90k,search,128,2,8,it0027,0.7516022324562073,0.71079421043396,0.0,False,1
C1_0_90k,search,128,2,8,it0028,0.5278456211090088,0.6022647619247437,0.09523809523809523,False,0
C1_0_90k,search,128,2,8,it0029,0.37209397554397583,0.481311559677124,0.0,False,0
C1_0_90k,search,128,2,8,it0030,0.6179468035697937,0.4887913465499878,0.0,False,1
C1_0_90k,search,128,2,8,it0031,0.37481698393821716,0.3602236807346344,0.0,False,1
C1_0_90k,search,128,2,8,it0032,0.700160801410675,0.6251380443572998,0.07407407407407407,False,1
C1_0_90k,search,128,2,8,it0033,0.2310849130153656,0.3058217763900757,0.15384615384615385,False,0
C1_0_90k,search,128,2,8,it0034,0.6669418811798096,0.6401804685592651,0.0,False,1
C1_0_90k,search,128,2,8,it0035,0.3271922469139099,0.28702399134635925,0.5384615384615384,False,1
C1_0_90k,search,128,2,8,it0036,0.5946573615074158,0.4913438558578491,0.0,False,1
C1_0_90k,search,128,2,8,it0037,0.5852228999137878,0.6160962581634521,0.0,False,0
C1_0_90k,search,128,2,8,it0038,0.4211629629135132,0.3228667080402374,0.05405405405405406,False,0
C1_0_90k,search,128,2,8,it0039,0.6113224029541016,0.6231887340545654,0.07317073170731707,False,1
C1_0_90k,search,128,2,8,it0040,0.44728657603263855,0.41661739349365234,0.0,False,0
C1_0_90k,search,128,2,8,it0041,0.7169622778892517,0.5480456948280334,0.09090909090909091,False,0
C1_0_90k,search,128,2,8,it0042,0.5375447273254395,0.45706745982170105,0.037037037037037035,False,0
C1_0_90k,search,128,2,8,it0043,0.3519987463951111,0.274494469165802,0.0,False,1
C1_0_90k,search,128,2,8,it0044,0.5688782334327698,0.587216317653656,0.24,False,1
C1_0_90k,search,128,2,8,it0045,0.36739102005958557,0.43910446763038635,0.0,False,0
C1_0_90k,search,128,2,8,it0046,0.4273805618286133,0.31045815348625183,0.0,False,1
C1_0_90k,search,128,2,8,it0047,0.3544164001941681,0.4126276671886444,0.55,False,1
C1_0_90k,search,128,2,8,it0048,0.392233282327652,0.4038251042366028,0.0625,False,1
C1_0_90k,search,128,2,8,it0049,0.36242246627807617,0.5502942204475403,0.0,False,0
C1_0_90k,search,128,2,8,it0050,0.24544629454612732,0.07543491572141647,0.2727272727272727,False,0
C1_0_90k,search,128,2,8,it0051,0.2069624364376068,0.4844067692756653,0.0,False,1
C1_0_90k,search,128,2,8,it0052,0.33237531781196594,0.3978990912437439,0.0,False,1
C1_0_90k,search,128,2,8,it0053,0.36014366149902344,0.5026169419288635,0.13513513513513514,False,1
C1_0_90k,search,128,2,8,it0054,0.408176064491272,0.3930256962776184,0.0,False,1
C1_0_90k,search,128,2,8,it0055,0.541691243648529,0.49296775460243225,0.0,False,1
C1_0_90k,search,128,2,8,it0056,0.45961058139801025,0.3022855520248413,0.15,False,0
C1_0_90k,search,128,2,8,it0057,0.5344706773757935,0.35678306221961975,0.17647058823529413,False,1
C1_0_90k,search,128,2,8,it0058,0.5122838020324707,0.5504857301712036,0.0,False,0
C1_0_90k,search,128,2,8,it0059,0.6726691722869873,0.6552003622055054,0.10714285714285714,False,1
C1_0_90k,search,128,2,8,it0060,0.5103159546852112,0.45927202701568604,0.0,False,1
C1_0_90k,search,128,2,8,it0061,0.6437126398086548,0.6823224425315857,0.0,False,1
C1_0_90k,search,128,2,8,it0062,0.6456369161605835,0.6769444942474365,0.0,False,0
C1_0_90k,search,128,2,8,it0063,0.3999062180519104,0.33528435230255127,0.06896551724137931,False,0
C1_0_90k,search,128,2,8,it0064,0.5403286218643188,0.5797634124755859,0.0,False,1
C1_0_90k,search,128,2,8,it0065,0.7037602663040161,0.6571632623672485,0.0,False,1
C1_0_90k,search,128,2,8,it0066,0.3289501667022705,0.3854518532752991,0.23809523809523808,False,1
C1_0_90k,search,128,2,8,it0067,0.47600993514060974,0.40147751569747925,0.0,False,0
C1_0_90k,search,128,2,8,it0068,0.6929787993431091,0.6604528427124023,0.0,False,1
C1_0_90k,search,128,2,8,it0069,0.5721602439880371,0.4482499361038208,0.13636363636363635,False,0
C1_0_90k,search,128,2,8,it0070,0.5049106478691101,0.5570411086082458,0.0,False,1
C1_0_90k,search,128,2,8,it0071,0.5066239237785339,0.4916006028652191,0.07142857142857142,False,1
C1_0_90k,search,128,2,8,it0072,0.48992669582366943,0.5146328210830688,0.0,False,1
C1_0_90k,search,128,2,8,it0073,0.18546906113624573,0.3579925000667572,0.3103448275862069,False,0
C1_0_90k,search,128,2,8,it0074,0.464152991771698,0.44640418887138367,0.2,False,1
C1_0_90k,search,128,2,8,it0075,0.3682094216346741,0.40626615285873413,0.13043478260869565,False,0
C1_0_90k,search,128,2,8,it0076,0.6118921041488647,0.44973406195640564,0.17391304347826086,False,1
C1_0_90k,search,128,2,8,it0077,0.5854665040969849,0.582622766494751,0.25,False,0
C1_0_90k,search,128,2,8,it0078,0.4009690284729004,0.25869032740592957,0.19047619047619047,False,1
C1_0_90k,search,128,2,8,it0079,0.6848594546318054,0.708955705165863,0.041666666666666664,False,0
C1_0_90k,search,128,2,8,it0080,0.42219001054763794,0.2189074456691742,0.24390243902439024,False,0
C1_0_90k,search,128,2,8,it0081,0.33224257826805115,0.3497893810272217,0.0,False,0
C1_0_90k,search,128,2,8,it0082,0.5746866464614868,0.6192945241928101,0.11764705882352941,False,1
C1_0_90k,search,128,2,8,it0083,0.6764847636222839,0.5330265760421753,0.0,False,0
C1_0_90k,search,128,2,8,it0084,0.6764968037605286,0.6379732489585876,0.0,False,1
C1_0_90k,search,128,2,8,it0085,0.6452711820602417,0.48569315671920776,0.0,False,1
C1_0_90k,search,128,2,8,it0086,0.5584568381309509,0.5997300148010254,0.0,False,0
C1_0_90k,search,128,2,8,it0087,0.5205870866775513,0.6681218147277832,0.25,False,1
C1_0_90k,search,128,2,8,it0088,0.41611552238464355,0.46262550354003906,0.047619047619047616,False,0
C1_0_90k,search,128,2,8,it0089,0.45403677225112915,0.3942648470401764,0.0,False,0
C1_0_90k,search,128,2,8,it0090,0.532954752445221,0.6389419436454773,0.0,False,1
C1_0_90k,search,128,2,8,it0091,0.5968228578567505,0.6310279369354248,0.0967741935483871,False,0
C1_0_90k,search,128,2,8,it0092,0.6167751550674438,0.5076614618301392,0.0,False,1
C1_0_90k,search,128,2,8,it0093,0.5410826802253723,0.5330105423927307,0.0,False,0
C1_0_90k,search,128,2,8,it0094,0.6256846189498901,0.5746554732322693,0.0,False,0
C1_0_90k,search,128,2,8,it0095,0.542710542678833,0.6423284411430359,0.0,False,1
C1_0_90k,search,128,2,8,it0096,0.63670414686203,0.6091980934143066,0.045454545454545456,False,1
C1_0_90k,search,128,2,8,it0097,0.7140739560127258,0.6632178425788879,0.0,False,1
C1_0_90k,search,128,2,8,it0098,0.5961500406265259,0.5593682527542114,0.25925925925925924,False,0
C1_0_90k,search,128,2,8,it0099,0.32044166326522827,0.3174285590648651,0.043478260869565216,False,1
C1_0_90k,search,128,2,8,it0100,0.6825518608093262,0.679577648639679,0.0,False,0
C1_0_90k,search,128,2,8,it0101,0.475394606590271,0.46732962131500244,0.02631578947368421,False,1
C1_0_90k,search,128,2,8,it0102,0.37543657422065735,0.3890567719936371,0.0,False,1
C1_0_90k,search,128,2,8,it0103,0.48284170031547546,0.5612724423408508,0.0,False,1
C1_0_90k,search,128,2,8,it0104,0.5824860334396362,0.5735193490982056,0.0,False,1
C1_0_90k,search,128,2,8,it0105,0.504185676574707,0.6556509733200073,0.05714285714285714,False,1
C1_0_90k,search,128,2,8,it0106,0.5396738052368164,0.5783324837684631,0.125,False,1
C1_0_90k,search,128,2,8,it0107,0.6471930146217346,0.5993176102638245,0.9130434782608695,True,1
C1_0_90k,search,128,2,8,it0108,0.6094207763671875,0.47622764110565186,0.0,False,0
C1_0_90k,search,128,2,8,it0109,0.43947580456733704,0.43244844675064087,0.05263157894736842,False,0
C1_0_90k,search,128,2,8,it0110,0.2995322048664093,0.3207118809223175,0.3,False,1
C1_0_90k,search,128,2,8,it0111,0.5250523090362549,0.5438445806503296,0.21212121212121213,False,0
C1_0_90k,search,128,2,8,it0112,0.6909375190734863,0.640709638595581,0.022727272727272728,False,0
C1_0_90k,search,128,2,8,it0113,0.5428986549377441,0.4427638351917267,0.0,False,1
C1_0_90k,search,128,2,8,it0114,0.46754026412963867,0.44049960374832153,0.3333333333333333,False,1
C1_0_90k,search,128,2,8,it0115,0.3565678894519806,0.3032483458518982,0.0,False,1
C1_0_90k,search,128,2,8,it0116,0.5337333083152771,0.3760179281234741,0.17647058823529413,False,1
C1_0_90k,search,128,2,8,it0117,0.5285640358924866,0.5132754445075989,0.14705882352941177,False,1
C1_0_90k,search,128,2,8,it0118,0.7017763257026672,0.6375014781951904,0.2692307692307692,False,1
C1_0_90k,search,128,2,8,it0119,0.6163399815559387,0.5620419979095459,0.14285714285714285,False,1
C1_0_90k,search,128,2,8,it0120,0.5666528344154358,0.5951284170150757,0.0,False,0
C1_0_90k,search,128,2,8,it0121,0.45412126183509827,0.45427197217941284,0.05,False,0
C1_0_90k,search,128,2,8,it0122,0.43350139260292053,0.4089072346687317,0.2727272727272727,False,0
C1_0_90k,search,128,2,8,it0123,0.40527307987213135,0.5741159319877625,0.0,False,0
C1_0_90k,search,128,2,8,it0124,0.5964919328689575,0.5320154428482056,0.030303030303030304,False,1
C1_0_90k,search,128,2,8,it0125,0.6065146327018738,0.46251606941223145,0.1794871794871795,False,0
C1_0_90k,search,128,2,8,it0126,0.5856755971908569,0.38779282569885254,0.3125,False,1
C1_0_90k,search,128,2,8,it0127,0.36614134907722473,0.5639578104019165,0.058823529411764705,False,1
C1_0_90k,search,128,2,8,it0128,0.4915326237678528,0.5432969331741333,0.0,False,1
C1_0_90k,search,128,2,8,it0129,0.43086931109428406,0.4141208231449127,0.0,False,1
C1_0_90k,search,128,2,8,it0130,0.37788188457489014,0.5105551481246948,0.0,False,0
C1_0_90k,search,128,2,8,it0131,0.4090278148651123,0.47703489661216736,0.3548387096774194,False,1
C1_0_90k,search,128,2,8,it0132,0.4660450220108032,0.3790495991706848,0.0,False,1
C1_0_90k,search,128,2,8,it0133,0.5777313709259033,0.6501260995864868,0.03571428571428571,False,1
C1_0_90k,search,128,2,8,it0134,0.45049482583999634,0.35973024368286133,0.0,False,1
C1_0_90k,search,128,2,8,it0135,0.5171031355857849,0.6423342227935791,0.2564102564102564,False,0
C1_0_90k,search,128,2,8,it0136,0.5431967377662659,0.5923361778259277,0.0,False,1
C1_0_90k,search,128,2,8,it0137,0.38214805722236633,0.37822696566581726,0.25,False,0
C1_0_90k,search,128,2,8,it0138,0.6353259682655334,0.6217091679573059,0.3888888888888889,False,1
C1_0_90k,search,128,2,8,it0139,0.6761455535888672,0.6578983068466187,0.0,False,0
C1_0_90k,search,128,2,8,it0140,0.5374656915664673,0.5892080068588257,0.041666666666666664,False,1
C1_0_90k,search,128,2,8,it0141,0.6577305793762207,0.7445313930511475,0.1,False,0
C1_0_90k,search,128,2,8,it0142,0.46382051706314087,0.31885501742362976,0.0,False,1
C1_0_90k,search,128,2,8,it0143,0.3190040588378906,0.5796594619750977,0.0,False,1
C1_0_90k,search,128,2,8,it0144,0.6790140271186829,0.4760778546333313,0.07142857142857142,False,1
C1_0_90k,search,128,2,8,it0145,0.6655384302139282,0.6987037062644958,0.025,False,0
C1_0_90k,search,128,2,8,it0146,0.5082420110702515,0.6022799015045166,0.0,False,1
C1_0_90k,search,128,2,8,it0147,0.5089602470397949,0.38810253143310547,0.0,False,0
C1_0_90k,search,128,2,8,it0148,0.15071076154708862,0.2679808735847473,0.07142857142857142,False,1
C1_0_90k,search,128,2,8,it0149,0.6736149191856384,0.5669152736663818,0.42857142857142855,False,0
C1_0_90k,search,128,2,8,it0150,0.4999377131462097,0.4395997226238251,0.07692307692307693,False,0
C1_0_90k,search,128,2,8,it0151,0.5484378933906555,0.5476384162902832,0.11764705882352941,False,0
C1_0_90k,search,128,2,8,it0152,0.6122299432754517,0.5047128200531006,0.0,False,0
C1_0_90k,search,128,2,8,it0153,0.3523644804954529,0.4530627429485321,0.11904761904761904,False,1
C1_0_90k,search,128,2,8,it0154,0.459484338760376,0.2848982810974121,0.10526315789473684,False,0
C1_0_90k,search,128,2,8,it0155,0.3641096353530884,0.29587045311927795,0.10714285714285714,False,1
C1_0_90k,search,128,2,8,it0156,0.41103503108024597,0.4099850058555603,0.047619047619047616,False,0
C1_0_90k,search,128,2,8,it0157,0.5786562561988831,0.5177778005599976,0.09302325581395349,False,1
C1_0_90k,search,128,2,8,it0158,0.5173132419586182,0.3297785520553589,0.15789473684210525,False,1
C1_0_90k,search,128,2,8,it0159,0.5214462280273438,0.4933404326438904,0.21428571428571427,False,1
C1_0_90k,search,128,2,8,it0160,0.6643341183662415,0.5482895374298096,0.03225806451612903,False,1
C1_0_90k,search,128,2,8,it0161,0.38152050971984863,0.4358901083469391,0.10344827586206896,False,1
C1_0_90k,search,128,2,8,it0162,0.18634262681007385,0.38244935870170593,0.14814814814814814,False,0
C1_0_90k,search,128,2,8,it0163,0.5273205041885376,0.5770742297172546,0.0,False,1
C1_0_90k,search,128,2,8,it0164,0.5510228872299194,0.3687100112438202,0.0,False,0
C1_0_90k,search,128,2,8,it0165,0.4102681577205658,0.38320404291152954,0.06060606060606061,False,0
C1_0_90k,search,128,2,8,it0166,0.5388854742050171,0.40761131048202515,0.08333333333333333,False,0
C1_0_90k,search,128,2,8,it0167,0.5349143147468567,0.5787572860717773,0.10526315789473684,False,0
C1_0_90k,search,128,2,8,it0168,0.3615480959415436,0.4314863979816437,0.0,False,0
C1_0_90k,search,128,2,8,it0169,0.45873498916625977,0.48670196533203125,0.0,False,0
C1_0_90k,search,128,2,8,it0170,0.46613937616348267,0.4967201352119446,0.17647058823529413,False,0
C1_0_90k,search,128,2,8,it0171,0.6462351083755493,0.6564226746559143,0.09523809523809523,False,1
C1_0_90k,search,128,2,8,it0172,0.3932238519191742,0.45302093029022217,0.0,False,0
C1_0_90k,search,128,2,8,it0173,0.6107211112976074,0.6540493965148926,0.0,False,0
C1_0_90k,search,128,2,8,it0174,0.5453426837921143,0.5178297758102417,0.0,False,1
C1_0_90k,search,128,2,8,it0175,0.2521832585334778,0.33196473121643066,0.06666666666666667,False,1
C1_0_90k,search,128,2,8,it0176,0.46498197317123413,0.5223579406738281,0.1111111111111111,False,0
C1_0_90k,search,128,2,8,it0177,0.38392969965934753,0.48830556869506836,0.05263157894736842,False,1
C1_0_90k,search,128,2,8,it0178,0.30840617418289185,0.29741284251213074,0.058823529411764705,False,0
C1_0_90k,search,128,2,8,it0179,0.5852911472320557,0.6440229415893555,0.03225806451612903,False,1
C1_0_90k,search,128,2,8,it0180,0.42570823431015015,0.5463950037956238,0.0,False,0
C1_0_90k,search,128,2,8,it0181,0.5682636499404907,0.658145546913147,0.04878048780487805,False,1
C1_0_90k,search,128,2,8,it0182,0.596362292766571,0.4864846169948578,0.0,False,0
C1_0_90k,search,128,2,8,it0183,0.6443355679512024,0.5922142267227173,0.04,False,1
C1_0_90k,search,128,2,8,it0184,0.34670984745025635,0.3429461717605591,0.2,False,1
C1_0_90k,search,128,2,8,it0185,0.5122641921043396,0.5360388159751892,0.22580645161290322,False,1
C1_0_90k,search,128,2,8,it0186,0.5895796418190002,0.5698144435882568,0.041666666666666664,False,0
C1_0_90k,search,128,2,8,it0187,0.5333253145217896,0.6432741284370422,0.0625,False,0
C1_0_90k,search,128,2,8,it0188,0.5787384510040283,0.5918329954147339,0.1111111111111111,False,0
C1_0_90k,search,128,2,8,it0189,0.3725273609161377,0.2303565889596939,0.05,False,0
C1_0_90k,search,128,2,8,it0190,0.5308286547660828,0.6482384204864502,0.125,False,0
C1_0_90k,search,128,2,8,it0191,0.5362323522567749,0.4625787138938904,0.0,False,0
C1_0_90k,search,128,2,8,it0192,0.585010826587677,0.6487171649932861,0.037037037037037035,False,0
C1_0_90k,search,128,2,8,it0193,0.4622182548046112,0.23096561431884766,0.125,False,0
C1_0_90k,search,128,2,8,it0194,0.659226655960083,0.6942467093467712,0.0,False,0
C1_0_90k,search,128,2,8,it0195,0.6928113102912903,0.585780680179596,0.15384615384615385,False,0
C1_0_90k,search,128,2,8,it0196,0.4725925922393799,0.5110114812850952,0.2857142857142857,False,0
C1_0_90k,search,128,2,8,it0197,0.47058600187301636,0.43982553482055664,0.18181818181818182,False,0
C1_0_90k,search,128,2,8,it0198,0.14972110092639923,0.2434585690498352,0.125,False,1
C1_0_90k,search,128,2,8,it0199,0.4492477774620056,0.4726884961128235,0.058823529411764705,False,1
C1_0_90k,search,256,4,8,it0000,0.7070423364639282,0.7350249290466309,0.08695652173913043,False,2
C1_0_90k,search,256,4,8,it0001,0.5282771587371826,0.3840135931968689,0.0,False,3
C1_0_90k,search,256,4,8,it0002,0.3432629108428955,0.36783602833747864,0.0,False,1
C1_0_90k,search,256,4,8,it0003,0.5476114749908447,0.4836256504058838,0.2,False,0
C1_0_90k,search,256,4,8,it0004,0.5184078812599182,0.5055509209632874,0.125,False,3
C1_0_90k,search,256,4,8,it0005,0.5715527534484863,0.5309863090515137,0.0,False,3
C1_0_90k,search,256,4,8,it0006,0.34487593173980713,0.4745014011859894,0.1111111111111111,False,3
C1_0_90k,search,256,4,8,it0007,0.33529219031333923,0.45904743671417236,0.022727272727272728,False,3
C1_0_90k,search,256,4,8,it0008,0.4291799068450928,0.3777560889720917,0.23809523809523808,False,1
C1_0_90k,search,256,4,8,it0009,0.5397155284881592,0.7292497158050537,0.1111111111111111,False,2
C1_0_90k,search,256,4,8,it0010,0.6677010655403137,0.6176295876502991,0.1111111111111111,False,2
C1_0_90k,search,256,4,8,it0011,0.6198887825012207,0.6283249855041504,0.08695652173913043,False,2
C1_0_90k,search,256,4,8,it0012,0.5145126581192017,0.473976194858551,0.3793103448275862,False,1
C1_0_90k,search,256,4,8,it0013,0.5285806655883789,0.673306941986084,0.0,False,1
C1_0_90k,search,256,4,8,it0014,0.6319167613983154,0.49608761072158813,0.0,False,1
C1_0_90k,search,256,4,8,it0015,0.6094825863838196,0.5886157751083374,0.11764705882352941,False,1
C1_0_90k,search,256,4,8,it0016,0.6927005052566528,0.6651778221130371,0.058823529411764705,False,3
C1_0_90k,search,256,4,8,it0017,0.49169060587882996,0.4519509971141815,0.0,False,3
C1_0_90k,search,256,4,8,it0018,0.5843239426612854,0.6453814506530762,0.029411764705882353,False,1
C1_0_90k,search,256,4,8,it0019,0.6103480458259583,0.5994260311126709,0.17391304347826086,False,0
C1_0_90k,search,256,4,8,it0020,0.43397876620292664,0.4730178415775299,0.07692307692307693,False,0
C1_0_90k,search,256,4,8,it0021,0.4855515956878662,0.4976603090763092,0.06060606060606061,False,3
C1_0_90k,search,256,4,8,it0022,0.4152340292930603,0.4974091351032257,0.3,False,2
C1_0_90k,search,256,4,8,it0023,0.6255652904510498,0.6716364622116089,0.16666666666666666,False,1
C1_0_90k,search,256,4,8,it0024,0.6129730939865112,0.5396541357040405,0.14285714285714285,False,1
C1_0_90k,search,256,4,8,it0025,0.6631633639335632,0.6916781663894653,0.0,False,0
C1_0_90k,search,256,4,8,it0026,0.4044409692287445,0.5177137851715088,0.25,False,2
C1_0_90k,search,256,4,8,it0027,0.7301262021064758,0.7586344480514526,0.0,False,2
C1_0_90k,search,256,4,8,it0028,0.545711874961853,0.630782961845398,0.07142857142857142,False,2
C1_0_90k,search,256,4,8,it0029,0.37209397554397583,0.481311559677124,0.0,False,0
C1_0_90k,search,256,4,8,it0030,0.5583004951477051,0.5547206997871399,0.0,False,3
C1_0_90k,search,256,4,8,it0031,0.37481698393821716,0.3602236807346344,0.0,False,1
C1_0_90k,search,256,4,8,it0032,0.7647854089736938,0.6423038840293884,0.1111111111111111,False,2
C1_0_90k,search,256,4,8,it0033,0.4260678291320801,0.4068446159362793,0.15384615384615385,False,2
C1_0_90k,search,256,4,8,it0034,0.6064851880073547,0.6506018042564392,0.03333333333333333,False,2
C1_0_90k,search,256,4,8,it0035,0.3271922469139099,0.28702399134635925,0.5384615384615384,False,1
C1_0_90k,search,256,4,8,it0036,0.5993925929069519,0.5280364751815796,0.16666666666666666,False,2
C1_0_90k,search,256,4,8,it0037,0.5644167065620422,0.6234986186027527,0.0,False,3
C1_0_90k,search,256,4,8,it0038,0.4211629629135132,0.3228667080402374,0.05405405405405406,False,0
C1_0_90k,search,256,4,8,it0039,0.6113224029541016,0.6231887340545654,0.07317073170731707,False,1
C1_0_90k,search,256,4,8,it0040,0.44728657603263855,0.41661739349365234,0.0,False,0
C1_0_90k,search,256,4,8,it0041,0.7169622778892517,0.5480456948280334,0.09090909090909091,False,0
C1_0_90k,search,256,4,8,it0042,0.43573811650276184,0.46718311309814453,0.18518518518518517,False,3
C1_0_90k,search,256,4,8,it0043,0.40356189012527466,0.30147603154182434,0.15384615384615385,False,2
C1_0_90k,search,256,4,8,it0044,0.4954662322998047,0.6348681449890137,0.2,False,3
C1_0_90k,search,256,4,8,it0045,0.3012361228466034,0.4543006420135498,0.0,False,3
C1_0_90k,search,256,4,8,it0046,0.4584144353866577,0.5170074105262756,0.0,False,3
C1_0_90k,search,256,4,8,it0047,0.255903959274292,0.48076528310775757,0.25,False,2
C1_0_90k,search,256,4,8,it0048,0.392233282327652,0.4038251042366028,0.0625,False,1
C1_0_90k,search,256,4,8,it0049,0.31685155630111694,0.5831360220909119,0.0,False,2
C1_0_90k,search,256,4,8,it0050,0.2865986227989197,0.07589712738990784,0.3181818181818182,False,2
C1_0_90k,search,256,4,8,it0051,0.24652594327926636,0.4858607351779938,0.0,False,3
C1_0_90k,search,256,4,8,it0052,0.30067384243011475,0.4515964388847351,0.06666666666666667,False,2
C1_0_90k,search,256,4,8,it0053,0.40652334690093994,0.5085551142692566,0.16216216216216217,False,2
C1_0_90k,search,256,4,8,it0054,0.408176064491272,0.3930256962776184,0.0,False,1
C1_0_90k,search,256,4,8,it0055,0.5269213914871216,0.517174243927002,0.0,False,2
C1_0_90k,search,256,4,8,it0056,0.45961058139801025,0.3022855520248413,0.15,False,0
C1_0_90k,search,256,4,8,it0057,0.5661476850509644,0.4524368941783905,0.23529411764705882,False,3
C1_0_90k,search,256,4,8,it0058,0.5267672538757324,0.5514203310012817,0.0,False,3
C1_0_90k,search,256,4,8,it0059,0.6445433497428894,0.6783203482627869,0.03571428571428571,False,2
C1_0_90k,search,256,4,8,it0060,0.5103159546852112,0.45927202701568604,0.0,False,1
C1_0_90k,search,256,4,8,it0061,0.6437126398086548,0.6823224425315857,0.0,False,1
C1_0_90k,search,256,4,8,it0062,0.6979753375053406,0.6815422773361206,0.0,False,3
C1_0_90k,search,256,4,8,it0063,0.44810980558395386,0.3745860457420349,0.10344827586206896,False,2
C1_0_90k,search,256,4,8,it0064,0.5098743438720703,0.5973004698753357,0.1111111111111111,False,2
C1_0_90k,search,256,4,8,it0065,0.6928898692131042,0.6838544011116028,0.07692307692307693,False,3
C1_0_90k,search,256,4,8,it0066,0.34319576621055603,0.44130176305770874,0.19047619047619047,False,3
C1_0_90k,search,256,4,8,it0067,0.47600993514060974,0.40147751569747925,0.0,False,0
C1_0_90k,search,256,4,8,it0068,0.6929787993431091,0.6604528427124023,0.0,False,1
C1_0_90k,search,256,4,8,it0069,0.5721602439880371,0.4482499361038208,0.13636363636363635,False,0
C1_0_90k,search,256,4,8,it0070,0.5049106478691101,0.5570411086082458,0.0,False,1
C1_0_90k,search,256,4,8,it0071,0.5066239237785339,0.4916006028652191,0.07142857142857142,False,1
C1_0_90k,search,256,4,8,it0072,0.5553056001663208,0.5524531602859497,0.0,False,3
C1_0_90k,search,256,4,8,it0073,0.15365400910377502,0.3892323076725006,0.3793103448275862,False,3
C1_0_90k,search,256,4,8,it0074,0.464152991771698,0.44640418887138367,0.2,False,1
C1_0_90k,search,256,4,8,it0075,0.3682094216346741,0.40626615285873413,0.13043478260869565,False,0
C1_0_90k,search,256,4,8,it0076,0.6118921041488647,0.44973406195640564,0.17391304347826086,False,1
C1_0_90k,search,256,4,8,it0077,0.5854665040969849,0.582622766494751,0.25,False,0
C1_0_90k,search,256,4,8,it0078,0.40697792172431946,0.3387477695941925,0.0,False,2
C1_0_90k,search,256,4,8,it0079,0.6848594546318054,0.708955705165863,0.041666666666666664,False,0
C1_0_90k,search,256,4,8,it0080,0.40705329179763794,0.2860117554664612,0.0975609756097561,False,3
C1_0_90k,search,256,4,8,it0081,0.5600748658180237,0.5323566198348999,0.03571428571428571,False,2
C1_0_90k,search,256,4,8,it0082,0.5746866464614868,0.6192945241928101,0.11764705882352941,False,1
C1_0_90k,search,256,4,8,it0083,0.6764847636222839,0.5330265760421753,0.0,False,0
C1_0_90k,search,256,4,8,it0084,0.6253255605697632,0.6392791867256165,0.022222222222222223,False,2
C1_0_90k,search,256,4,8,it0085,0.6390396356582642,0.578744649887085,0.07142857142857142,False,2
C1_0_90k,search,256,4,8,it0086,0.5584568381309509,0.5997300148010254,0.0,False,0
C1_0_90k,search,256,4,8,it0087,0.528990626335144,0.7204627990722656,0.25,False,2
C1_0_90k,search,256,4,8,it0088,0.41611552238464355,0.46262550354003906,0.047619047619047616,False,0
C1_0_90k,search,256,4,8,it0089,0.45403677225112915,0.3942648470401764,0.0,False,0
C1_0_90k,search,256,4,8,it0090,0.532954752445221,0.6389419436454773,0.0,False,1
C1_0_90k,search,256,4,8,it0091,0.6210505962371826,0.6378635764122009,0.0967741935483871,False,2
C1_0_90k,search,256,4,8,it0092,0.6167751550674438,0.5076614618301392,0.0,False,1
C1_0_90k,search,256,4,8,it0093,0.5410826802253723,0.5330105423927307,0.0,False,0
C1_0_90k,search,256,4,8,it0094,0.6256846189498901,0.5746554732322693,0.0,False,0
C1_0_90k,search,256,4,8,it0095,0.5460151433944702,0.6916767954826355,0.14285714285714285,False,2
C1_0_90k,search,256,4,8,it0096,0.63670414686203,0.6091980934143066,0.045454545454545456,False,1
C1_0_90k,search,256,4,8,it0097,0.7140739560127258,0.6632178425788879,0.0,False,1
C1_0_90k,search,256,4,8,it0098,0.5961500406265259,0.5593682527542114,0.25925925925925924,False,0
C1_0_90k,search,256,4,8,it0099,0.32044166326522827,0.3174285590648651,0.043478260869565216,False,1
C1_0_90k,search,256,4,8,it0100,0.6072189211845398,0.7250720262527466,0.0,False,3
C1_0_90k,search,256,4,8,it0101,0.46041324734687805,0.47770655155181885,0.0,False,3
C1_0_90k,search,256,4,8,it0102,0.36482879519462585,0.43193769454956055,0.0,False,3
C1_0_90k,search,256,4,8,it0103,0.5267242193222046,0.5911962985992432,0.09090909090909091,False,2
C1_0_90k,search,256,4,8,it0104,0.5628699064254761,0.5922613143920898,0.041666666666666664,False,3
C1_0_90k,search,256,4,8,it0105,0.504185676574707,0.6556509733200073,0.05714285714285714,False,1
C1_0_90k,search,256,4,8,it0106,0.5396738052368164,0.5783324837684631,0.125,False,1
C1_0_90k,search,256,4,8,it0107,0.6471930146217346,0.5993176102638245,0.9130434782608695,True,1
C1_0_90k,search,256,4,8,it0108,0.5460588335990906,0.582134485244751,0.375,False,2
C1_0_90k,search,256,4,8,it0109,0.49928876757621765,0.4519757926464081,0.0,False,2
C1_0_90k,search,256,4,8,it0110,0.23267212510108948,0.3748567998409271,0.03333333333333333,False,2
C1_0_90k,search,256,4,8,it0111,0.5250523090362549,0.5438445806503296,0.21212121212121213,False,0
C1_0_90k,search,256,4,8,it0112,0.6909375190734863,0.640709638595581,0.022727272727272728,False,0
C1_0_90k,search,256,4,8,it0113,0.560248613357544,0.5400469303131104,0.0,False,3
C1_0_90k,search,256,4,8,it0114,0.5022100806236267,0.5320047736167908,0.1111111111111111,False,2
C1_0_90k,search,256,4,8,it0115,0.3760431706905365,0.39469894766807556,0.0,False,3
C1_0_90k,search,256,4,8,it0116,0.569752037525177,0.45747676491737366,0.11764705882352941,False,3
C1_0_90k,search,256,4,8,it0117,0.49790269136428833,0.6072273254394531,0.0,False,2
C1_0_90k,search,256,4,8,it0118,0.7017763257026672,0.6375014781951904,0.2692307692307692,False,1
C1_0_90k,search,256,4,8,it0119,0.6056650280952454,0.598873496055603,0.2857142857142857,False,2
C1_0_90k,search,256,4,8,it0120,0.5666528344154358,0.5951284170150757,0.0,False,0
C1_0_90k,search,256,4,8,it0121,0.531354546546936,0.46711844205856323,0.05,False,3
C1_0_90k,search,256,4,8,it0122,0.43350139260292053,0.4089072346687317,0.2727272727272727,False,0
C1_0_90k,search,256,4,8,it0123,0.40527307987213135,0.5741159319877625,0.0,False,0
C1_0_90k,search,256,4,8,it0124,0.5964919328689575,0.5320154428482056,0.030303030303030304,False,1
C1_0_90k,search,256,4,8,it0125,0.5977501273155212,0.5204958319664001,0.05128205128205128,False,2
C1_0_90k,search,256,4,8,it0126,0.43240979313850403,0.44741806387901306,0.25,False,2
C1_0_90k,search,256,4,8,it0127,0.36614134907722473,0.5639578104019165,0.058823529411764705,False,1
C1_0_90k,search,256,4,8,it0128,0.4915326237678528,0.5432969331741333,0.0,False,1
C1_0_90k,search,256,4,8,it0129,0.38067418336868286,0.43098875880241394,0.0,False,2
C1_0_90k,search,256,4,8,it0130,0.37788188457489014,0.5105551481246948,0.0,False,0
C1_0_90k,search,256,4,8,it0131,0.5127854943275452,0.6193869113922119,0.12903225806451613,False,2
C1_0_90k,search,256,4,8,it0132,0.4660450220108032,0.3790495991706848,0.0,False,1
C1_0_90k,search,256,4,8,it0133,0.6601101756095886,0.6745592355728149,0.0,False,2
C1_0_90k,search,256,4,8,it0134,0.46054181456565857,0.4393942356109619,0.0,False,2
C1_0_90k,search,256,4,8,it0135,0.5171031355857849,0.6423342227935791,0.2564102564102564,False,0
C1_0_90k,search,256,4,8,it0136,0.5431967377662659,0.5923361778259277,0.0,False,1
C1_0_90k,search,256,4,8,it0137,0.38214805722236633,0.37822696566581726,0.25,False,0
C1_0_90k,search,256,4,8,it0138,0.6353259682655334,0.6217091679573059,0.3888888888888889,False,1
C1_0_90k,search,256,4,8,it0139,0.6761455535888672,0.6578983068466187,0.0,False,0
C1_0_90k,search,256,4,8,it0140,0.5374656915664673,0.5892080068588257,0.041666666666666664,False,1
C1_0_90k,search,256,4,8,it0141,0.6577305793762207,0.7445313930511475,0.1,False,0
C1_0_90k,search,256,4,8,it0142,0.36121782660484314,0.32679200172424316,0.12,False,2
C1_0_90k,search,256,4,8,it0143,0.3190040588378906,0.5796594619750977,0.0,False,1
C1_0_90k,search,256,4,8,it0144,0.5634461641311646,0.5247252583503723,0.0,False,3
C1_0_90k,search,256,4,8,it0145,0.6655384302139282,0.6987037062644958,0.025,False,0
C1_0_90k,search,256,4,8,it0146,0.5082420110702515,0.6022799015045166,0.0,False,1
C1_0_90k,search,256,4,8,it0147,0.5324642062187195,0.41522473096847534,0.0,False,2
C1_0_90k,search,256,4,8,it0148,0.15071076154708862,0.2679808735847473,0.07142857142857142,False,1
C1_0_90k,search,256,4,8,it0149,0.6736149191856384,0.5669152736663818,0.42857142857142855,False,0
C1_0_90k,search,256,4,8,it0150,0.4702537953853607,0.5338176488876343,0.038461538461538464,False,2
C1_0_90k,search,256,4,8,it0151,0.5484378933906555,0.5476384162902832,0.11764705882352941,False,0
C1_0_90k,search,256,4,8,it0152,0.6122299432754517,0.5047128200531006,0.0,False,0
C1_0_90k,search,256,4,8,it0153,0.3227412700653076,0.47379040718078613,0.19047619047619047,False,2
C1_0_90k,search,256,4,8,it0154,0.5686739087104797,0.3912180960178375,0.05263157894736842,False,3
C1_0_90k,search,256,4,8,it0155,0.2869119346141815,0.3221832811832428,0.07142857142857142,False,3
C1_0_90k,search,256,4,8,it0156,0.434599369764328,0.4697686731815338,0.0,False,3
C1_0_90k,search,256,4,8,it0157,0.5786562561988831,0.5177778005599976,0.09302325581395349,False,1
C1_0_90k,search,256,4,8,it0158,0.4745873808860779,0.4205486476421356,0.10526315789473684,False,2
C1_0_90k,search,256,4,8,it0159,0.5214462280273438,0.4933404326438904,0.21428571428571427,False,1
C1_0_90k,search,256,4,8,it0160,0.6778059005737305,0.5586985349655151,0.03225806451612903,False,3
C1_0_90k,search,256,4,8,it0161,0.45173317193984985,0.46583908796310425,0.034482758620689655,False,3
C1_0_90k,search,256,4,8,it0162,0.18634262681007385,0.38244935870170593,0.14814814814814814,False,0
C1_0_90k,search,256,4,8,it0163,0.5189517736434937,0.6214075684547424,0.0,False,3
C1_0_90k,search,256,4,8,it0164,0.5510228872299194,0.3687100112438202,0.0,False,0
C1_0_90k,search,256,4,8,it0165,0.39432287216186523,0.4850156307220459,0.0,False,2
C1_0_90k,search,256,4,8,it0166,0.5388854742050171,0.40761131048202515,0.08333333333333333,False,0
C1_0_90k,search,256,4,8,it0167,0.5349143147468567,0.5787572860717773,0.10526315789473684,False,0
C1_0_90k,search,256,4,8,it0168,0.35418885946273804,0.43360596895217896,0.0,False,2
C1_0_90k,search,256,4,8,it0169,0.5010337829589844,0.5067936778068542,0.05,False,3
C1_0_90k,search,256,4,8,it0170,0.46613937616348267,0.4967201352119446,0.17647058823529413,False,0
C1_0_90k,search,256,4,8,it0171,0.6462351083755493,0.6564226746559143,0.09523809523809523,False,1
C1_0_90k,search,256,4,8,it0172,0.2849225401878357,0.46753835678100586,0.0,False,3
C1_0_90k,search,256,4,8,it0173,0.6107211112976074,0.6540493965148926,0.0,False,0
C1_0_90k,search,256,4,8,it0174,0.5453426837921143,0.5178297758102417,0.0,False,1
C1_0_90k,search,256,4,8,it0175,0.2521832585334778,0.33196473121643066,0.06666666666666667,False,1
C1_0_90k,search,256,4,8,it0176,0.5373291969299316,0.5436846017837524,0.2777777777777778,False,2
C1_0_90k,search,256,4,8,it0177,0.4564090073108673,0.5394318699836731,0.05263157894736842,False,2
C1_0_90k,search,256,4,8,it0178,0.45088276267051697,0.393886536359787,0.0,False,2
C1_0_90k,search,256,4,8,it0179,0.5757574439048767,0.6779816150665283,0.12903225806451613,False,3
C1_0_90k,search,256,4,8,it0180,0.5321226119995117,0.5625324845314026,0.0,False,2
C1_0_90k,search,256,4,8,it0181,0.6067771315574646,0.6715997457504272,0.07317073170731707,False,2
C1_0_90k,search,256,4,8,it0182,0.6538451910018921,0.5518572330474854,0.04,False,3
C1_0_90k,search,256,4,8,it0183,0.680433988571167,0.6283692717552185,0.04,False,2
C1_0_90k,search,256,4,8,it0184,0.2947719693183899,0.380839467048645,0.13333333333333333,False,2
C1_0_90k,search,256,4,8,it0185,0.5284561514854431,0.6093613505363464,0.03225806451612903,False,2
C1_0_90k,search,256,4,8,it0186,0.5895796418190002,0.5698144435882568,0.041666666666666664,False,0
C1_0_90k,search,256,4,8,it0187,0.5333253145217896,0.6432741284370422,0.0625,False,0
C1_0_90k,search,256,4,8,it0188,0.5787384510040283,0.5918329954147339,0.1111111111111111,False,0
C1_0_90k,search,256,4,8,it0189,0.4857065677642822,0.40853452682495117,0.0,False,3
C1_0_90k,search,256,4,8,it0190,0.6159102320671082,0.6640938520431519,0.0,False,2
C1_0_90k,search,256,4,8,it0191,0.49281632900238037,0.4959487020969391,0.04,False,3
C1_0_90k,search,256,4,8,it0192,0.5677602887153625,0.6598137617111206,0.037037037037037035,False,2
C1_0_90k,search,256,4,8,it0193,0.404060959815979,0.3895025849342346,0.3125,False,3
C1_0_90k,search,256,4,8,it0194,0.6681198477745056,0.6961101293563843,0.0,False,3
C1_0_90k,search,256,4,8,it0195,0.6928113102912903,0.585780680179596,0.15384615384615385,False,0
C1_0_90k,search,256,4,8,it0196,0.4725925922393799,0.5110114812850952,0.2857142857142857,False,0
C1_0_90k,search,256,4,8,it0197,0.47058600187301636,0.43982553482055664,0.18181818181818182,False,0
C1_0_90k,search,256,4,8,it0198,0.340407133102417,0.32863685488700867,0.0,False,3
C1_0_90k,search,256,4,8,it0199,0.49422886967658997,0.5004067420959473,0.0,False,3
C1_0_90k,search,512,8,8,it0000,0.7070423364639282,0.7350249290466309,0.08695652173913043,False,2
C1_0_90k,search,512,8,8,it0001,0.5201752781867981,0.43332430720329285,0.0,False,4
C1_0_90k,search,512,8,8,it0002,0.3432629108428955,0.36783602833747864,0.0,False,1
C1_0_90k,search,512,8,8,it0003,0.5476114749908447,0.4836256504058838,0.2,False,0
C1_0_90k,search,512,8,8,it0004,0.5184078812599182,0.5055509209632874,0.125,False,3
C1_0_90k,search,512,8,8,it0005,0.5715527534484863,0.5309863090515137,0.0,False,3
C1_0_90k,search,512,8,8,it0006,0.34487593173980713,0.4745014011859894,0.1111111111111111,False,3
C1_0_90k,search,512,8,8,it0007,0.3795977532863617,0.46116921305656433,0.13636363636363635,False,4
C1_0_90k,search,512,8,8,it0008,0.4291799068450928,0.3777560889720917,0.23809523809523808,False,1
C1_0_90k,search,512,8,8,it0009,0.5397155284881592,0.7292497158050537,0.1111111111111111,False,2
C1_0_90k,search,512,8,8,it0010,0.6677010655403137,0.6176295876502991,0.1111111111111111,False,2
C1_0_90k,search,512,8,8,it0011,0.6198887825012207,0.6283249855041504,0.08695652173913043,False,2
C1_0_90k,search,512,8,8,it0012,0.55506432056427,0.5240909457206726,0.5172413793103449,False,7
C1_0_90k,search,512,8,8,it0013,0.5285806655883789,0.673306941986084,0.0,False,1
C1_0_90k,search,512,8,8,it0014,0.5777723789215088,0.5506359934806824,0.0,False,7
C1_0_90k,search,512,8,8,it0015,0.6094825863838196,0.5886157751083374,0.11764705882352941,False,1
C1_0_90k,search,512,8,8,it0016,0.6927005052566528,0.6651778221130371,0.058823529411764705,False,3
C1_0_90k,search,512,8,8,it0017,0.49937400221824646,0.46369048953056335,0.0,False,4
C1_0_90k,search,512,8,8,it0018,0.5843239426612854,0.6453814506530762,0.029411764705882353,False,1
C1_0_90k,search,512,8,8,it0019,0.5985655784606934,0.6341983079910278,0.0,False,4
C1_0_90k,search,512,8,8,it0020,0.43397876620292664,0.4730178415775299,0.07692307692307693,False,0
C1_0_90k,search,512,8,8,it0021,0.5546778440475464,0.5652855634689331,0.030303030303030304,False,4
C1_0_90k,search,512,8,8,it0022,0.5075446963310242,0.543928325176239,0.4,False,5
C1_0_90k,search,512,8,8,it0023,0.6255652904510498,0.6716364622116089,0.16666666666666666,False,1
C1_0_90k,search,512,8,8,it0024,0.5800577402114868,0.6052281260490417,0.14285714285714285,False,7
C1_0_90k,search,512,8,8,it0025,0.692649245262146,0.7011966705322266,0.05,False,7
C1_0_90k,search,512,8,8,it0026,0.4044409692287445,0.5177137851715088,0.25,False,2
C1_0_90k,search,512,8,8,it0027,0.7301262021064758,0.7586344480514526,0.0,False,2
C1_0_90k,search,512,8,8,it0028,0.545711874961853,0.630782961845398,0.07142857142857142,False,2
C1_0_90k,search,512,8,8,it0029,0.37209397554397583,0.481311559677124,0.0,False,0
C1_0_90k,search,512,8,8,it0030,0.5583004951477051,0.5547206997871399,0.0,False,3
C1_0_90k,search,512,8,8,it0031,0.38000982999801636,0.4052853584289551,0.2222222222222222,False,7
C1_0_90k,search,512,8,8,it0032,0.7647854089736938,0.6423038840293884,0.1111111111111111,False,2
C1_0_90k,search,512,8,8,it0033,0.4260678291320801,0.4068446159362793,0.15384615384615385,False,2
C1_0_90k,search,512,8,8,it0034,0.6064851880073547,0.6506018042564392,0.03333333333333333,False,2
C1_0_90k,search,512,8,8,it0035,0.33802828192710876,0.3075336813926697,0.3076923076923077,False,4
C1_0_90k,search,512,8,8,it0036,0.6229166388511658,0.5712664127349854,0.16666666666666666,False,7
C1_0_90k,search,512,8,8,it0037,0.5644167065620422,0.6234986186027527,0.0,False,3
C1_0_90k,search,512,8,8,it0038,0.4211629629135132,0.3228667080402374,0.05405405405405406,False,0
C1_0_90k,search,512,8,8,it0039,0.580278217792511,0.6231951713562012,0.07317073170731707,False,4
C1_0_90k,search,512,8,8,it0040,0.44728657603263855,0.41661739349365234,0.0,False,0
C1_0_90k,search,512,8,8,it0041,0.7169622778892517,0.5480456948280334,0.09090909090909091,False,0
C1_0_90k,search,512,8,8,it0042,0.43573811650276184,0.46718311309814453,0.18518518518518517,False,3
C1_0_90k,search,512,8,8,it0043,0.40356189012527466,0.30147603154182434,0.15384615384615385,False,2
C1_0_90k,search,512,8,8,it0044,0.5083759427070618,0.6687301993370056,0.12,False,6
C1_0_90k,search,512,8,8,it0045,0.3805693984031677,0.4669640064239502,0.13333333333333333,False,5
C1_0_90k,search,512,8,8,it0046,0.4584144353866577,0.5170074105262756,0.0,False,3
C1_0_90k,search,512,8,8,it0047,0.3075104355812073,0.49110203981399536,0.4,False,5
C1_0_90k,search,512,8,8,it0048,0.4503859281539917,0.41698572039604187,0.1875,False,5
C1_0_90k,search,512,8,8,it0049,0.3765246272087097,0.6206766963005066,0.45454545454545453,False,6
C1_0_90k,search,512,8,8,it0050,0.2978558838367462,0.15927234292030334,0.36363636363636365,False,7
C1_0_90k,search,512,8,8,it0051,0.25457626581192017,0.5317053198814392,0.034482758620689655,False,5
C1_0_90k,search,512,8,8,it0052,0.35099464654922485,0.49354565143585205,0.0,False,5
C1_0_90k,search,512,8,8,it0053,0.4315677881240845,0.5885242819786072,0.3783783783783784,False,5
C1_0_90k,search,512,8,8,it0054,0.4972460865974426,0.44236767292022705,0.0,False,7
C1_0_90k,search,512,8,8,it0055,0.48334380984306335,0.5234318375587463,0.0,False,7
C1_0_90k,search,512,8,8,it0056,0.4679895043373108,0.37115269899368286,0.05,False,4
C1_0_90k,search,512,8,8,it0057,0.5661476850509644,0.4524368941783905,0.23529411764705882,False,3
C1_0_90k,search,512,8,8,it0058,0.5267672538757324,0.5514203310012817,0.0,False,3
C1_0_90k,search,512,8,8,it0059,0.6832696199417114,0.683615505695343,0.03571428571428571,False,6
C1_0_90k,search,512,8,8,it0060,0.5103159546852112,0.45927202701568604,0.0,False,1
C1_0_90k,search,512,8,8,it0061,0.6437126398086548,0.6823224425315857,0.0,False,1
C1_0_90k,search,512,8,8,it0062,0.6979753375053406,0.6815422773361206,0.0,False,3
C1_0_90k,search,512,8,8,it0063,0.44810980558395386,0.3745860457420349,0.10344827586206896,False,2
C1_0_90k,search,512,8,8,it0064,0.5098743438720703,0.5973004698753357,0.1111111111111111,False,2
C1_0_90k,search,512,8,8,it0065,0.7461042404174805,0.7021046876907349,0.0,False,5
C1_0_90k,search,512,8,8,it0066,0.29507577419281006,0.4419158101081848,0.14285714285714285,False,6
C1_0_90k,search,512,8,8,it0067,0.47600993514060974,0.40147751569747925,0.0,False,0
C1_0_90k,search,512,8,8,it0068,0.7154079675674438,0.6753396391868591,0.0,False,4
C1_0_90k,search,512,8,8,it0069,0.544768750667572,0.578613817691803,0.18181818181818182,False,6
C1_0_90k,search,512,8,8,it0070,0.5049106478691101,0.5570411086082458,0.0,False,1
C1_0_90k,search,512,8,8,it0071,0.5422850847244263,0.553505539894104,0.17857142857142858,False,4
C1_0_90k,search,512,8,8,it0072,0.5324368476867676,0.5552946329116821,0.045454545454545456,False,7
C1_0_90k,search,512,8,8,it0073,0.15365400910377502,0.3892323076725006,0.3793103448275862,False,3
C1_0_90k,search,512,8,8,it0074,0.4227604269981384,0.5371465086936951,0.0,False,4
C1_0_90k,search,512,8,8,it0075,0.324726402759552,0.4479597210884094,0.0,False,7
C1_0_90k,search,512,8,8,it0076,0.5616715550422668,0.4921816289424896,0.08695652173913043,False,6
C1_0_90k,search,512,8,8,it0077,0.5281124711036682,0.7216951847076416,0.25,False,6
C1_0_90k,search,512,8,8,it0078,0.47751858830451965,0.4249434769153595,0.19047619047619047,False,7
C1_0_90k,search,512,8,8,it0079,0.6848594546318054,0.708955705165863,0.041666666666666664,False,0
C1_0_90k,search,512,8,8,it0080,0.46300551295280457,0.3393097519874573,0.17073170731707318,False,6
C1_0_90k,search,512,8,8,it0081,0.5172181129455566,0.5671408772468567,0.03571428571428571,False,4
C1_0_90k,search,512,8,8,it0082,0.5746866464614868,0.6192945241928101,0.11764705882352941,False,1
C1_0_90k,search,512,8,8,it0083,0.6764847636222839,0.5330265760421753,0.0,False,0
C1_0_90k,search,512,8,8,it0084,0.6939586400985718,0.6576550602912903,0.044444444444444446,False,4
C1_0_90k,search,512,8,8,it0085,0.6390396356582642,0.578744649887085,0.07142857142857142,False,2
C1_0_90k,search,512,8,8,it0086,0.553572952747345,0.6039029359817505,0.0,False,4
C1_0_90k,search,512,8,8,it0087,0.528990626335144,0.7204627990722656,0.25,False,2
C1_0_90k,search,512,8,8,it0088,0.41611552238464355,0.46262550354003906,0.047619047619047616,False,0
C1_0_90k,search,512,8,8,it0089,0.4907332956790924,0.4138043522834778,0.0,False,6
C1_0_90k,search,512,8,8,it0090,0.6177388429641724,0.6447903513908386,0.0,False,5
C1_0_90k,search,512,8,8,it0091,0.6210505962371826,0.6378635764122009,0.0967741935483871,False,2
C1_0_90k,search,512,8,8,it0092,0.5465013980865479,0.5485146641731262,0.0,False,6
C1_0_90k,search,512,8,8,it0093,0.59979248046875,0.6400690078735352,0.10526315789473684,False,4
C1_0_90k,search,512,8,8,it0094,0.6009454727172852,0.5877547860145569,0.0,False,4
C1_0_90k,search,512,8,8,it0095,0.5786145329475403,0.6955994963645935,0.0,False,7
C1_0_90k,search,512,8,8,it0096,0.63670414686203,0.6091980934143066,0.045454545454545456,False,1
C1_0_90k,search,512,8,8,it0097,0.7348131537437439,0.70111483335495,0.15,False,7
C1_0_90k,search,512,8,8,it0098,0.6514095067977905,0.5697197318077087,0.2222222222222222,False,5
C1_0_90k,search,512,8,8,it0099,0.3053043782711029,0.35390275716781616,0.0,False,4
C1_0_90k,search,512,8,8,it0100,0.6072189211845398,0.7250720262527466,0.0,False,3
C1_0_90k,search,512,8,8,it0101,0.46041324734687805,0.47770655155181885,0.0,False,3
C1_0_90k,search,512,8,8,it0102,0.36699479818344116,0.4409012496471405,0.15384615384615385,False,4
C1_0_90k,search,512,8,8,it0103,0.5267242193222046,0.5911962985992432,0.09090909090909091,False,2
C1_0_90k,search,512,8,8,it0104,0.5630509853363037,0.5956745743751526,0.0,False,6
C1_0_90k,search,512,8,8,it0105,0.49100738763809204,0.6792582273483276,0.02857142857142857,False,6
C1_0_90k,search,512,8,8,it0106,0.5396738052368164,0.5783324837684631,0.125,False,1
C1_0_90k,search,512,8,8,it0107,0.6471930146217346,0.5993176102638245,0.9130434782608695,True,1
C1_0_90k,search,512,8,8,it0108,0.5460588335990906,0.582134485244751,0.375,False,2
C1_0_90k,search,512,8,8,it0109,0.417640745639801,0.4602406322956085,0.15789473684210525,False,6
C1_0_90k,search,512,8,8,it0110,0.2763943672180176,0.4549202620983124,0.0,False,7
C1_0_90k,search,512,8,8,it0111,0.5250523090362549,0.5438445806503296,0.21212121212121213,False,0
C1_0_90k,search,512,8,8,it0112,0.682449996471405,0.6842490434646606,0.06818181818181818,False,7
C1_0_90k,search,512,8,8,it0113,0.5818051695823669,0.5657488107681274,0.0,False,6
C1_0_90k,search,512,8,8,it0114,0.5022100806236267,0.5320047736167908,0.1111111111111111,False,2
C1_0_90k,search,512,8,8,it0115,0.3760431706905365,0.39469894766807556,0.0,False,3
C1_0_90k,search,512,8,8,it0116,0.5278054475784302,0.4651346802711487,0.0,False,7
C1_0_90k,search,512,8,8,it0117,0.5474465489387512,0.6219627857208252,0.17647058823529413,False,4
C1_0_90k,search,512,8,8,it0118,0.6667410135269165,0.6739965081214905,0.1346153846153846,False,4
C1_0_90k,search,512,8,8,it0119,0.5848103761672974,0.640623152256012,0.14285714285714285,False,5
C1_0_90k,search,512,8,8,it0120,0.5666528344154358,0.5951284170150757,0.0,False,0
C1_0_90k,search,512,8,8,it0121,0.6344643831253052,0.4985881745815277,0.15,False,5
C1_0_90k,search,512,8,8,it0122,0.43350139260292053,0.4089072346687317,0.2727272727272727,False,0
C1_0_90k,search,512,8,8,it0123,0.44323456287384033,0.5815504789352417,0.058823529411764705,False,7
C1_0_90k,search,512,8,8,it0124,0.6280789971351624,0.5717869400978088,0.030303030303030304,False,7
C1_0_90k,search,512,8,8,it0125,0.5977501273155212,0.5204958319664001,0.05128205128205128,False,2
C1_0_90k,search,512,8,8,it0126,0.4468509554862976,0.5381748676300049,0.0,False,6
C1_0_90k,search,512,8,8,it0127,0.36614134907722473,0.5639578104019165,0.058823529411764705,False,1
C1_0_90k,search,512,8,8,it0128,0.4915326237678528,0.5432969331741333,0.0,False,1
C1_0_90k,search,512,8,8,it0129,0.38067418336868286,0.43098875880241394,0.0,False,2
C1_0_90k,search,512,8,8,it0130,0.5166375041007996,0.5931791663169861,0.1,False,5
C1_0_90k,search,512,8,8,it0131,0.5127854943275452,0.6193869113922119,0.12903225806451613,False,2
C1_0_90k,search,512,8,8,it0132,0.4867868721485138,0.4085831344127655,0.0,False,7
C1_0_90k,search,512,8,8,it0133,0.622480034828186,0.6885601878166199,0.0,False,6
C1_0_90k,search,512,8,8,it0134,0.4278258681297302,0.4396445155143738,0.02631578947368421,False,6
C1_0_90k,search,512,8,8,it0135,0.5171031355857849,0.6423342227935791,0.2564102564102564,False,0
C1_0_90k,search,512,8,8,it0136,0.4698231816291809,0.6272196769714355,0.0,False,6
C1_0_90k,search,512,8,8,it0137,0.38214805722236633,0.37822696566581726,0.25,False,0
C1_0_90k,search,512,8,8,it0138,0.5960524082183838,0.6605319380760193,0.0,False,6
C1_0_90k,search,512,8,8,it0139,0.6761455535888672,0.6578983068466187,0.0,False,0
C1_0_90k,search,512,8,8,it0140,0.5374656915664673,0.5892080068588257,0.041666666666666664,False,1
C1_0_90k,search,512,8,8,it0141,0.6577305793762207,0.7445313930511475,0.1,False,0
C1_0_90k,search,512,8,8,it0142,0.3351312279701233,0.33476635813713074,0.04,False,6
C1_0_90k,search,512,8,8,it0143,0.3190040588378906,0.5796594619750977,0.0,False,1
C1_0_90k,search,512,8,8,it0144,0.6785604953765869,0.5488497018814087,0.03571428571428571,False,4
C1_0_90k,search,512,8,8,it0145,0.6655384302139282,0.6987037062644958,0.025,False,0
C1_0_90k,search,512,8,8,it0146,0.5082420110702515,0.6022799015045166,0.0,False,1
C1_0_90k,search,512,8,8,it0147,0.36175835132598877,0.4395906329154968,0.2608695652173913,False,7
C1_0_90k,search,512,8,8,it0148,0.17188715934753418,0.27455294132232666,0.03571428571428571,False,5
C1_0_90k,search,512,8,8,it0149,0.6736149191856384,0.5669152736663818,0.42857142857142855,False,0
C1_0_90k,search,512,8,8,it0150,0.4702537953853607,0.5338176488876343,0.038461538461538464,False,2
C1_0_90k,search,512,8,8,it0151,0.5484378933906555,0.5476384162902832,0.11764705882352941,False,0
C1_0_90k,search,512,8,8,it0152,0.6122299432754517,0.5047128200531006,0.0,False,0
C1_0_90k,search,512,8,8,it0153,0.3227412700653076,0.47379040718078613,0.19047619047619047,False,2
C1_0_90k,search,512,8,8,it0154,0.5258820056915283,0.41136568784713745,0.10526315789473684,False,4
C1_0_90k,search,512,8,8,it0155,0.314613938331604,0.4128228724002838,0.17857142857142858,False,6
C1_0_90k,search,512,8,8,it0156,0.4655054807662964,0.5180391073226929,0.0,False,4
C1_0_90k,search,512,8,8,it0157,0.5786562561988831,0.5177778005599976,0.09302325581395349,False,1
C1_0_90k,search,512,8,8,it0158,0.5236647129058838,0.4811335802078247,0.10526315789473684,False,7
C1_0_90k,search,512,8,8,it0159,0.6042418479919434,0.5605008006095886,0.35714285714285715,False,5
C1_0_90k,search,512,8,8,it0160,0.5837913751602173,0.5601745247840881,0.0,False,6
C1_0_90k,search,512,8,8,it0161,0.45173317193984985,0.46583908796310425,0.034482758620689655,False,3
C1_0_90k,search,512,8,8,it0162,0.18634262681007385,0.38244935870170593,0.14814814814814814,False,0
C1_0_90k,search,512,8,8,it0163,0.5189517736434937,0.6214075684547424,0.0,False,3
C1_0_90k,search,512,8,8,it0164,0.5510228872299194,0.3687100112438202,0.0,False,0
C1_0_90k,search,512,8,8,it0165,0.39432287216186523,0.4850156307220459,0.0,False,2
C1_0_90k,search,512,8,8,it0166,0.5701579451560974,0.4405505955219269,0.08333333333333333,False,6
C1_0_90k,search,512,8,8,it0167,0.5349143147468567,0.5787572860717773,0.10526315789473684,False,0
C1_0_90k,search,512,8,8,it0168,0.42287588119506836,0.507124662399292,0.0,False,6
C1_0_90k,search,512,8,8,it0169,0.5010337829589844,0.5067936778068542,0.05,False,3
C1_0_90k,search,512,8,8,it0170,0.49104708433151245,0.5483027696609497,0.17647058823529413,False,4
C1_0_90k,search,512,8,8,it0171,0.6462351083755493,0.6564226746559143,0.09523809523809523,False,1
C1_0_90k,search,512,8,8,it0172,0.2849225401878357,0.46753835678100586,0.0,False,3
C1_0_90k,search,512,8,8,it0173,0.730545699596405,0.6980037689208984,0.0,False,6
C1_0_90k,search,512,8,8,it0174,0.5453426837921143,0.5178297758102417,0.0,False,1
C1_0_90k,search,512,8,8,it0175,0.30884242057800293,0.37652587890625,0.06666666666666667,False,7
C1_0_90k,search,512,8,8,it0176,0.4702661335468292,0.59812331199646,0.1111111111111111,False,7
C1_0_90k,search,512,8,8,it0177,0.5364826917648315,0.6336451768875122,0.10526315789473684,False,6
C1_0_90k,search,512,8,8,it0178,0.45088276267051697,0.393886536359787,0.0,False,2
C1_0_90k,search,512,8,8,it0179,0.5622919797897339,0.7029882073402405,0.12903225806451613,False,5
C1_0_90k,search,512,8,8,it0180,0.5184285044670105,0.5988042950630188,0.0,False,4
C1_0_90k,search,512,8,8,it0181,0.6067771315574646,0.6715997457504272,0.07317073170731707,False,2
C1_0_90k,search,512,8,8,it0182,0.6538451910018921,0.5518572330474854,0.04,False,3
C1_0_90k,search,512,8,8,it0183,0.6406239867210388,0.6510009765625,0.0,False,7
C1_0_90k,search,512,8,8,it0184,0.3595024645328522,0.38626766204833984,0.2,False,6
C1_0_90k,search,512,8,8,it0185,0.5284561514854431,0.6093613505363464,0.03225806451612903,False,2
C1_0_90k,search,512,8,8,it0186,0.6836222410202026,0.5787714719772339,0.25,False,4
C1_0_90k,search,512,8,8,it0187,0.5333253145217896,0.6432741284370422,0.0625,False,0
C1_0_90k,search,512,8,8,it0188,0.5787384510040283,0.5918329954147339,0.1111111111111111,False,0
C1_0_90k,search,512,8,8,it0189,0.5286397337913513,0.44176173210144043,0.0,False,4
C1_0_90k,search,512,8,8,it0190,0.6159102320671082,0.6640938520431519,0.0,False,2
C1_0_90k,search,512,8,8,it0191,0.5551320314407349,0.5083720088005066,0.0,False,7
C1_0_90k,search,512,8,8,it0192,0.5677602887153625,0.6598137617111206,0.037037037037037035,False,2
C1_0_90k,search,512,8,8,it0193,0.404060959815979,0.3895025849342346,0.3125,False,3
C1_0_90k,search,512,8,8,it0194,0.6885575652122498,0.7337981462478638,0.0,False,5
C1_0_90k,search,512,8,8,it0195,0.6219860315322876,0.5902246832847595,0.23076923076923078,False,4
C1_0_90k,search,512,8,8,it0196,0.4725925922393799,0.5110114812850952,0.2857142857142857,False,0
C1_0_90k,search,512,8,8,it0197,0.47058600187301636,0.43982553482055664,0.18181818181818182,False,0
C1_0_90k,search,512,8,8,it0198,0.340407133102417,0.32863685488700867,0.0,False,3
C1_0_90k,search,512,8,8,it0199,0.49422886967658997,0.5004067420959473,0.0,False,3
C1_0_90k,refine,128,1,16,it0000,0.7020090222358704,0.5967451333999634,0.043478260869565216,False,0
C1_0_90k,refine,128,1,16,it0001,0.5039791464805603,0.3407086730003357,0.0,False,0
C1_0_90k,refine,128,1,16,it0002,0.34275007247924805,0.23934532701969147,0.0,False,0
C1_0_90k,refine,128,1,16,it0003,0.5632952451705933,0.2883889675140381,0.06666666666666667,False,0
C1_0_90k,refine,128,1,16,it0004,0.6198298931121826,0.38270440697669983,0.125,False,0
C1_0_90k,refine,128,1,16,it0005,0.518710196018219,0.4624224007129669,0.0,False,0
C1_0_90k,refine,128,1,16,it0006,0.3804158866405487,0.22672101855278015,0.0,False,0
C1_0_90k,refine,128,1,16,it0007,0.36677220463752747,0.36817678809165955,0.045454545454545456,False,0
C1_0_90k,refine,128,1,16,it0008,0.42658647894859314,0.23143573105335236,0.14285714285714285,False,0
C1_0_90k,refine,128,1,16,it0009,0.5768969655036926,0.6288653612136841,0.037037037037037035,False,0
C1_0_90k,refine,128,1,16,it0010,0.5691651701927185,0.5672622919082642,0.05555555555555555,False,0
C1_0_90k,refine,128,1,16,it0011,0.5946884155273438,0.6184209585189819,0.0,False,0
C1_0_90k,refine,128,1,16,it0012,0.5520751476287842,0.4461022615432739,0.20689655172413793,False,0
C1_0_90k,refine,128,1,16,it0013,0.5391262769699097,0.6294518113136292,0.0,False,0
C1_0_90k,refine,128,1,16,it0014,0.5063962340354919,0.45873552560806274,0.0,False,0
C1_0_90k,refine,128,1,16,it0015,0.38783758878707886,0.3661001920700073,0.0,False,0
C1_0_90k,refine,128,1,16,it0016,0.615958571434021,0.5448512434959412,0.058823529411764705,False,0
C1_0_90k,refine,128,1,16,it0017,0.4550436735153198,0.3955758810043335,0.0,False,0
C1_0_90k,refine,128,1,16,it0018,0.5500378012657166,0.6031108498573303,0.029411764705882353,False,0
C1_0_90k,refine,128,1,16,it0019,0.6044734120368958,0.590434193611145,0.021739130434782608,False,0
C1_0_90k,refine,128,1,16,it0020,0.20884469151496887,0.22177867591381073,0.3076923076923077,False,0
C1_0_90k,refine,128,1,16,it0021,0.5151590704917908,0.4383774995803833,0.030303030303030304,False,0
C1_0_90k,refine,128,1,16,it0022,0.36405709385871887,0.4625382721424103,0.05,False,0
C1_0_90k,refine,128,1,16,it0023,0.6299643516540527,0.6204653978347778,0.16666666666666666,False,0
C1_0_90k,refine,128,1,16,it0024,0.5179389119148254,0.4565233588218689,0.14285714285714285,False,0
C1_0_90k,refine,128,1,16,it0025,0.6270489692687988,0.6659698486328125,0.05,False,0
C1_0_90k,refine,128,1,16,it0026,0.2184940129518509,0.17096324265003204,0.0,False,0
C1_0_90k,refine,128,1,16,it0027,0.6953911185264587,0.6194573640823364,0.0,False,0
C1_0_90k,refine,128,1,16,it0028,0.4900529980659485,0.539818286895752,0.11904761904761904,False,0
C1_0_90k,refine,128,1,16,it0029,0.39874982833862305,0.38705897331237793,0.0625,False,0
C1_0_90k,refine,128,1,16,it0030,0.5346122980117798,0.512931227684021,0.12,False,0
C1_0_90k,refine,128,1,16,it0031,0.25488296151161194,0.3181475102901459,0.2777777777777778,False,0
C1_0_90k,refine,128,1,16,it0032,0.7204188108444214,0.6308587789535522,0.25925925925925924,False,0
C1_0_90k,refine,128,1,16,it0033,0.41804906725883484,0.38504844903945923,0.15384615384615385,False,0
C1_0_90k,refine,128,1,16,it0034,0.6327139139175415,0.5706068277359009,0.16666666666666666,False,0
C1_0_90k,refine,128,1,16,it0035,0.25384074449539185,0.25079986453056335,0.07692307692307693,False,0
C1_0_90k,refine,128,1,16,it0036,0.5698450207710266,0.5760293006896973,0.0,False,0
C1_0_90k,refine,128,1,16,it0037,0.5558885335922241,0.505106508731842,0.0,False,0
C1_0_90k,refine,128,1,16,it0038,0.423055499792099,0.21283091604709625,0.0,False,0
C1_0_90k,refine,128,1,16,it0039,0.5376684665679932,0.48735594749450684,0.07317073170731707,False,0
C1_0_90k,refine,128,1,16,it0040,0.4619125723838806,0.30543702840805054,0.06666666666666667,False,0
C1_0_90k,refine,128,1,16,it0041,0.6864963173866272,0.4299972951412201,0.045454545454545456,False,0
C1_0_90k,refine,128,1,16,it0042,0.41970065236091614,0.3933078944683075,0.1111111111111111,False,0
C1_0_90k,refine,128,1,16,it0043,0.34817129373550415,0.33742156624794006,0.0,False,0
C1_0_90k,refine,128,1,16,it0044,0.5475325584411621,0.5700516104698181,0.12,False,0
C1_0_90k,refine,128,1,16,it0045,0.34231096506118774,0.41377732157707214,0.0,False,0
C1_0_90k,refine,128,1,16,it0046,0.4889526665210724,0.47854137420654297,0.125,False,0
C1_0_90k,refine,128,1,16,it0047,0.2646636664867401,0.32744747400283813,0.3,False,0
C1_0_90k,refine,128,1,16,it0048,0.5059430003166199,0.4233900010585785,0.125,False,0
C1_0_90k,refine,128,1,16,it0049,0.31044113636016846,0.6003801226615906,0.09090909090909091,False,0
C1_0_90k,refine,128,1,16,it0050,0.08757395297288895,-0.07430023699998856,0.3181818181818182,False,0
C1_0_90k,refine,128,1,16,it0051,0.2210904210805893,0.42257067561149597,0.06896551724137931,False,0
C1_0_90k,refine,128,1,16,it0052,0.46915769577026367,0.5523641705513,0.0,False,0
C1_0_90k,refine,128,1,16,it0053,0.41056397557258606,0.5188170671463013,0.16216216216216217,False,0
C1_0_90k,refine,128,1,16,it0054,0.3594387173652649,0.3263433277606964,0.041666666666666664,False,0
C1_0_90k,refine,128,1,16,it0055,0.5566850304603577,0.6216433048248291,0.038461538461538464,False,0
C1_0_90k,refine,128,1,16,it0056,0.507493257522583,0.4247918128967285,0.05,False,0
C1_0_90k,refine,128,1,16,it0057,0.4895387291908264,0.2834191918373108,0.20588235294117646,False,0
C1_0_90k,refine,128,1,16,it0058,0.5082374811172485,0.5450548529624939,0.3333333333333333,False,0
C1_0_90k,refine,128,1,16,it0059,0.5659070014953613,0.5595430135726929,0.03571428571428571,False,0
C1_0_90k,refine,128,1,16,it0060,0.3902027904987335,0.42158907651901245,0.0,False,0
C1_0_90k,refine,128,1,16,it0061,0.5885058045387268,0.6783421635627747,0.0,False,0
C1_0_90k,refine,128,1,16,it0062,0.6790801882743835,0.5748322010040283,0.0,False,0
C1_0_90k,refine,128,1,16,it0063,0.27372726798057556,0.27022045850753784,0.10344827586206896,False,0
C1_0_90k,refine,128,1,16,it0064,0.34862250089645386,0.4558020830154419,0.0,False,0
C1_0_90k,refine,128,1,16,it0065,0.6621958613395691,0.6573265790939331,0.05128205128205128,False,0
C1_0_90k,refine,128,1,16,it0066,0.30061501264572144,0.44028979539871216,0.19047619047619047,False,0
C1_0_90k,refine,128,1,16,it0067,0.2735395133495331,0.20115095376968384,0.1111111111111111,False,0
C1_0_90k,refine,128,1,16,it0068,0.7033616900444031,0.657888650894165,0.0,False,0
C1_0_90k,refine,128,1,16,it0069,0.5011996030807495,0.49429696798324585,0.045454545454545456,False,0
C1_0_90k,refine,128,1,16,it0070,0.45676693320274353,0.39950063824653625,0.0,False,0
C1_0_90k,refine,128,1,16,it0071,0.5326403379440308,0.4952853322029114,0.14285714285714285,False,0
C1_0_90k,refine,128,1,16,it0072,0.49423453211784363,0.5533527135848999,0.045454545454545456,False,0
C1_0_90k,refine,128,1,16,it0073,0.1533551663160324,0.09330057352781296,0.3793103448275862,False,0
C1_0_90k,refine,128,1,16,it0074,0.29379668831825256,0.289177268743515,0.13333333333333333,False,0
C1_0_90k,refine,128,1,16,it0075,0.28276264667510986,0.3353099822998047,0.0,False,0
C1_0_90k,refine,128,1,16,it0076,0.6105097532272339,0.34842023253440857,0.08695652173913043,False,0
C1_0_90k,refine,128,1,16,it0077,0.5138914585113525,0.4580278992652893,0.4166666666666667,False,0
C1_0_90k,refine,128,1,16,it0078,0.32285189628601074,0.27680137753486633,0.14285714285714285,False,0
C1_0_90k,refine,128,1,16,it0079,0.6563876867294312,0.6745398044586182,0.0,False,0
C1_0_90k,refine,128,1,16,it0080,0.26747462153434753,0.16778677701950073,0.07317073170731707,False,0
C1_0_90k,refine,128,1,16,it0081,0.24163007736206055,0.21334636211395264,0.0,False,0
C1_0_90k,refine,128,1,16,it0082,0.5118893980979919,0.5546740889549255,0.11764705882352941,False,0
C1_0_90k,refine,128,1,16,it0083,0.6612169146537781,0.526166558265686,0.11764705882352941,False,0
C1_0_90k,refine,128,1,16,it0084,0.6395717263221741,0.6824754476547241,0.06666666666666667,False,0
C1_0_90k,refine,128,1,16,it0085,0.6629630327224731,0.4972962439060211,0.07142857142857142,False,0
C1_0_90k,refine,128,1,16,it0086,0.5118515491485596,0.5316201448440552,0.058823529411764705,False,0
C1_0_90k,refine,128,1,16,it0087,0.502457320690155,0.5337395668029785,0.25,False,0
C1_0_90k,refine,128,1,16,it0088,0.44665202498435974,0.5412547588348389,0.0,False,0
C1_0_90k,refine,128,1,16,it0089,0.40513986349105835,0.2641505002975464,0.0,False,0
C1_0_90k,refine,128,1,16,it0090,0.5970599055290222,0.5716780424118042,0.058823529411764705,False,0
C1_0_90k,refine,128,1,16,it0091,0.6218054890632629,0.5814661383628845,0.06451612903225806,False,0
C1_0_90k,refine,128,1,16,it0092,0.5182661414146423,0.4373760223388672,0.0,False,0
C1_0_90k,refine,128,1,16,it0093,0.5464822053909302,0.35031408071517944,0.0,False,0
C1_0_90k,refine,128,1,16,it0094,0.5942212343215942,0.5590230226516724,0.0,False,0
C1_0_90k,refine,128,1,16,it0095,0.5252761244773865,0.6503456830978394,0.14285714285714285,False,0
C1_0_90k,refine,128,1,16,it0096,0.5332320928573608,0.45109570026397705,0.09090909090909091,False,0
C1_0_90k,refine,128,1,16,it0097,0.6329195499420166,0.703855037689209,0.0,False,0
C1_0_90k,refine,128,1,16,it0098,0.6248085498809814,0.5470727682113647,0.25925925925925924,False,0
C1_0_90k,refine,128,1,16,it0099,0.3293859660625458,0.3801330626010895,0.043478260869565216,False,0
C1_0_90k,refine,128,1,16,it0100,0.6691150069236755,0.6435497999191284,0.0,False,0
C1_0_90k,refine,128,1,16,it0101,0.4740561544895172,0.5315782427787781,0.02631578947368421,False,0
C1_0_90k,refine,128,1,16,it0102,0.3132677376270294,0.3774060010910034,0.0,False,0
C1_0_90k,refine,128,1,16,it0103,0.5749714970588684,0.6500462889671326,0.09090909090909091,False,0
C1_0_90k,refine,128,1,16,it0104,0.5405253171920776,0.4902230203151703,0.0,False,0
C1_0_90k,refine,128,1,16,it0105,0.45484107732772827,0.6825756430625916,0.0,False,0
C1_0_90k,refine,128,1,16,it0106,0.48345866799354553,0.4801445007324219,0.0,False,0
C1_0_90k,refine,128,1,16,it0107,0.5439274907112122,0.5528277158737183,0.08695652173913043,False,0
C1_0_90k,refine,128,1,16,it0108,0.585629403591156,0.5434281826019287,0.0625,False,0
C1_0_90k,refine,128,1,16,it0109,0.42326828837394714,0.41189128160476685,0.0,False,0
C1_0_90k,refine,128,1,16,it0110,0.17501674592494965,0.19404086470603943,0.0,False,0
C1_0_90k,refine,128,1,16,it0111,0.5028725862503052,0.3992456793785095,0.06060606060606061,False,0
C1_0_90k,refine,128,1,16,it0112,0.6763477921485901,0.615798830986023,0.0,False,0
C1_0_90k,refine,128,1,16,it0113,0.5205647945404053,0.4557759165763855,0.0,False,0
C1_0_90k,refine,128,1,16,it0114,0.505134642124176,0.377776175737381,0.05555555555555555,False,0
C1_0_90k,refine,128,1,16,it0115,0.3800254464149475,0.33562353253364563,0.14285714285714285,False,0
C1_0_90k,refine,128,1,16,it0116,0.5988897085189819,0.34639832377433777,0.0,False,0
C1_0_90k,refine,128,1,16,it0117,0.504883885383606,0.5324119329452515,0.14705882352941177,False,0
C1_0_90k,refine,128,1,16,it0118,0.6583686470985413,0.6022846102714539,0.038461538461538464,False,0
C1_0_90k,refine,128,1,16,it0119,0.5261328220367432,0.5188214778900146,0.42857142857142855,False,0
C1_0_90k,refine,128,1,16,it0120,0.6165361404418945,0.6093591451644897,0.0,False,0
C1_0_90k,refine,128,1,16,it0121,0.5609773993492126,0.5092378854751587,0.2,False,0
C1_0_90k,refine,128,1,16,it0122,0.39758723974227905,0.33776843547821045,0.3181818181818182,False,0
C1_0_90k,refine,128,1,16,it0123,0.41902369260787964,0.4745819568634033,0.058823529411764705,False,0
C1_0_90k,refine,128,1,16,it0124,0.6713495850563049,0.5537875890731812,0.030303030303030304,False,0
C1_0_90k,refine,128,1,16,it0125,0.5740154981613159,0.47497761249542236,0.07692307692307693,False,0
C1_0_90k,refine,128,1,16,it0126,0.4633280038833618,0.5119197368621826,0.0,False,0
C1_0_90k,refine,128,1,16,it0127,0.41631409525871277,0.4293695092201233,0.058823529411764705,False,0
C1_0_90k,refine,128,1,16,it0128,0.5060467720031738,0.6110846400260925,0.0,False,0
C1_0_90k,refine,128,1,16,it0129,0.2713110148906708,0.3601255416870117,0.0,False,0
C1_0_90k,refine,128,1,16,it0130,0.3302594721317291,0.43385258316993713,0.0,False,0
C1_0_90k,refine,128,1,16,it0131,0.2976476550102234,0.32736319303512573,0.16129032258064516,False,0
C1_0_90k,refine,128,1,16,it0132,0.43200069665908813,0.305649071931839,0.0,False,0
C1_0_90k,refine,128,1,16,it0133,0.5944300293922424,0.6695461273193359,0.03571428571428571,False,0
C1_0_90k,refine,128,1,16,it0134,0.4075077176094055,0.36809560656547546,0.0,False,0
C1_0_90k,refine,128,1,16,it0135,0.4947970509529114,0.5342496037483215,0.15384615384615385,False,0
C1_0_90k,refine,128,1,16,it0136,0.5327877998352051,0.5897519588470459,0.1,False,0
C1_0_90k,refine,128,1,16,it0137,0.4856233596801758,0.4117666780948639,0.16666666666666666,False,0
C1_0_90k,refine,128,1,16,it0138,0.6362485885620117,0.6523781418800354,0.2777777777777778,False,0
C1_0_90k,refine,128,1,16,it0139,0.7010328769683838,0.5995288491249084,0.0,False,0
C1_0_90k,refine,128,1,16,it0140,0.36615753173828125,0.35043418407440186,0.08333333333333333,False,0
C1_0_90k,refine,128,1,16,it0141,0.573705792427063,0.73114013671875,0.16666666666666666,False,0
C1_0_90k,refine,128,1,16,it0142,0.2632593512535095,0.2059793472290039,0.0,False,0
C1_0_90k,refine,128,1,16,it0143,0.43221572041511536,0.5468651056289673,0.0,False,0
C1_0_90k,refine,128,1,16,it0144,0.6809331774711609,0.4502098560333252,0.0,False,0
C1_0_90k,refine,128,1,16,it0145,0.5641930103302002,0.6668802499771118,0.025,False,0
C1_0_90k,refine,128,1,16,it0146,0.5558025240898132,0.5651885271072388,0.05,False,0
C1_0_90k,refine,128,1,16,it0147,0.5275391340255737,0.37229788303375244,0.08695652173913043,False,0
C1_0_90k,refine,128,1,16,it0148,0.10981553047895432,0.17639805376529694,0.03571428571428571,False,0
C1_0_90k,refine,128,1,16,it0149,0.4358169734477997,0.3907593786716461,0.14285714285714285,False,0
C1_0_90k,refine,128,1,16,it0150,0.19411318004131317,0.14281116425991058,0.07692307692307693,False,0
C1_0_90k,refine,128,1,16,it0151,0.4775357246398926,0.3424713909626007,0.0,False,0
C1_0_90k,refine,128,1,16,it0152,0.5219678282737732,0.45808491110801697,0.0,False,0
C1_0_90k,refine,128,1,16,it0153,0.3023246228694916,0.3915974199771881,0.023809523809523808,False,0
C1_0_90k,refine,128,1,16,it0154,0.5002639293670654,0.38041818141937256,0.05263157894736842,False,0
C1_0_90k,refine,128,1,16,it0155,0.2677461802959442,0.3651934862136841,0.14285714285714285,False,0
C1_0_90k,refine,128,1,16,it0156,0.3910615146160126,0.4536033868789673,0.047619047619047616,False,0
C1_0_90k,refine,128,1,16,it0157,0.5237295627593994,0.4510342478752136,0.023255813953488372,False,0
C1_0_90k,refine,128,1,16,it0158,0.432339608669281,0.28121432662010193,0.15789473684210525,False,0
C1_0_90k,refine,128,1,16,it0159,0.48734283447265625,0.41128233075141907,0.14285714285714285,False,0
C1_0_90k,refine,128,1,16,it0160,0.6086649298667908,0.5756385326385498,0.03225806451612903,False,0
C1_0_90k,refine,128,1,16,it0161,0.4387558102607727,0.4755361080169678,0.10344827586206896,False,0
C1_0_90k,refine,128,1,16,it0162,0.18152892589569092,0.169920414686203,0.037037037037037035,False,0
C1_0_90k,refine,128,1,16,it0163,0.5333399772644043,0.5768001675605774,0.0,False,0
C1_0_90k,refine,128,1,16,it0164,0.5907195210456848,0.3012593388557434,0.03225806451612903,False,0
C1_0_90k,refine,128,1,16,it0165,0.36680638790130615,0.4183921813964844,0.06060606060606061,False,0
C1_0_90k,refine,128,1,16,it0166,0.5611008405685425,0.2910068929195404,0.3333333333333333,False,0
C1_0_90k,refine,128,1,16,it0167,0.5688368678092957,0.5444795489311218,0.10526315789473684,False,0
C1_0_90k,refine,128,1,16,it0168,0.4585576355457306,0.5333326458930969,0.0,False,0
C1_0_90k,refine,128,1,16,it0169,0.46024468541145325,0.41387704014778137,0.0,False,0
C1_0_90k,refine,128,1,16,it0170,0.5137428641319275,0.5341641902923584,0.11764705882352941,False,0
C1_0_90k,refine,128,1,16,it0171,0.6809898614883423,0.6374165415763855,0.0,False,0
C1_0_90k,refine,128,1,16,it0172,0.36021289229393005,0.42945197224617004,0.04,False,0
C1_0_90k,refine,128,1,16,it0173,0.6700633764266968,0.6855769753456116,0.0,False,0
C1_0_90k,refine,128,1,16,it0174,0.5130347609519958,0.4756315350532532,0.0625,False,0
C1_0_90k,refine,128,1,16,it0175,0.26349496841430664,0.15744581818580627,0.0,False,0
C1_0_90k,refine,128,1,16,it0176,0.5063861608505249,0.5910882949829102,0.0,False,0
C1_0_90k,refine,128,1,16,it0177,0.5287138223648071,0.5538015961647034,0.0,False,0
C1_0_90k,refine,128,1,16,it0178,0.432747483253479,0.3308434784412384,0.17647058823529413,False,0
C1_0_90k,refine,128,1,16,it0179,0.5784173011779785,0.7079849243164062,0.06451612903225806,False,0
C1_0_90k,refine,128,1,16,it0180,0.5489264130592346,0.6103830933570862,0.0,False,0
C1_0_90k,refine,128,1,16,it0181,0.5848755836486816,0.5939645767211914,0.0,False,0
C1_0_90k,refine,128,1,16,it0182,0.6228941679000854,0.5160835385322571,0.08,False,0
C1_0_90k,refine,128,1,16,it0183,0.6363264918327332,0.5518176555633545,0.04,False,0
C1_0_90k,refine,128,1,16,it0184,0.354810893535614,0.3586493134498596,0.13333333333333333,False,0
C1_0_90k,refine,128,1,16,it0185,0.5357366800308228,0.5428190231323242,0.03225806451612903,False,0
C1_0_90k,refine,128,1,16,it0186,0.6218084096908569,0.5221087336540222,0.041666666666666664,False,0
C1_0_90k,refine,128,1,16,it0187,0.4036203622817993,0.4452180564403534,0.125,False,0
C1_0_90k,refine,128,1,16,it0188,0.653352677822113,0.5077107548713684,0.1111111111111111,False,0
C1_0_90k,refine,128,1,16,it0189,0.41651099920272827,0.338001549243927,0.0,False,0
C1_0_90k,refine,128,1,16,it0190,0.5468129515647888,0.6124375462532043,0.0,False,0
C1_0_90k,refine,128,1,16,it0191,0.5804523229598999,0.5455228686332703,0.04,False,0
C1_0_90k,refine,128,1,16,it0192,0.5460975766181946,0.614979088306427,0.14814814814814814,False,0
C1_0_90k,refine,128,1,16,it0193,0.48312097787857056,0.27308449149131775,0.1875,False,0
C1_0_90k,refine,128,1,16,it0194,0.6956573724746704,0.6759584546089172,0.0,False,0
C1_0_90k,refine,128,1,16,it0195,0.6759066581726074,0.5694525241851807,0.038461538461538464,False,0
C1_0_90k,refine,128,1,16,it0196,0.43897169828414917,0.4514429271221161,0.0,False,0
C1_0_90k,refine,128,1,16,it0197,0.3850969076156616,0.3897170424461365,0.0,False,0
C1_0_90k,refine,128,1,16,it0198,0.28411927819252014,0.16502821445465088,0.0,False,0
C1_0_90k,refine,128,1,16,it0199,0.43075892329216003,0.42990997433662415,0.0,False,0
C1_0_90k,refine,256,1,32,it0000,0.6137393712997437,0.6746594905853271,0.08695652173913043,False,0
C1_0_90k,refine,256,1,32,it0001,0.46696949005126953,0.31853389739990234,0.0,False,0
C1_0_90k,refine,256,1,32,it0002,0.26154327392578125,0.2537882626056671,0.0,False,0
C1_0_90k,refine,256,1,32,it0003,0.49439024925231934,0.43088120222091675,0.06666666666666667,False,0
C1_0_90k,refine,256,1,32,it0004,0.5885559916496277,0.5339726209640503,0.1875,False,0
C1_0_90k,refine,256,1,32,it0005,0.4897943139076233,0.43342408537864685,0.0,False,0
C1_0_90k,refine,256,1,32,it0006,0.4313165247440338,0.4070068895816803,0.0,False,0
C1_0_90k,refine,256,1,32,it0007,0.2625358998775482,0.2984970211982727,0.11363636363636363,False,0
C1_0_90k,refine,256,1,32,it0008,0.4761198163032532,0.28836530447006226,0.09523809523809523,False,0
C1_0_90k,refine,256,1,32,it0009,0.6316912770271301,0.6111617684364319,0.0,False,0
C1_0_90k,refine,256,1,32,it0010,0.5478925704956055,0.48418211936950684,0.16666666666666666,False,0
C1_0_90k,refine,256,1,32,it0011,0.5616555213928223,0.5923314094543457,0.0,False,0
C1_0_90k,refine,256,1,32,it0012,0.5714247226715088,0.4906007945537567,0.1724137931034483,False,0
C1_0_90k,refine,256,1,32,it0013,0.5553744435310364,0.6432392001152039,0.0,False,0
C1_0_90k,refine,256,1,32,it0014,0.5799076557159424,0.42788419127464294,0.0,False,0
C1_0_90k,refine,256,1,32,it0015,0.4230009615421295,0.4686181843280792,0.0,False,0
C1_0_90k,refine,256,1,32,it0016,0.613518238067627,0.5738077759742737,0.08823529411764706,False,0
C1_0_90k,refine,256,1,32,it0017,0.506369948387146,0.47190678119659424,0.0,False,0
C1_0_90k,refine,256,1,32,it0018,0.4937501549720764,0.5852009057998657,0.029411764705882353,False,0
C1_0_90k,refine,256,1,32,it0019,0.6183671951293945,0.5725378394126892,0.06521739130434782,False,0
C1_0_90k,refine,256,1,32,it0020,0.47646278142929077,0.4467490613460541,0.23076923076923078,False,0
C1_0_90k,refine,256,1,32,it0021,0.5140026807785034,0.46415454149246216,0.030303030303030304,False,0
C1_0_90k,refine,256,1,32,it0022,0.3928821086883545,0.4873799979686737,0.125,False,0
C1_0_90k,refine,256,1,32,it0023,0.6969365477561951,0.6542333364486694,0.16666666666666666,False,0
C1_0_90k,refine,256,1,32,it0024,0.591877818107605,0.4798116087913513,0.21428571428571427,False,0
C1_0_90k,refine,256,1,32,it0025,0.6081551313400269,0.6751424074172974,0.1,False,0
C1_0_90k,refine,256,1,32,it0026,0.3211710751056671,0.3209262192249298,0.0,False,0
C1_0_90k,refine,256,1,32,it0027,0.7007429003715515,0.6485321521759033,0.0,False,0
C1_0_90k,refine,256,1,32,it0028,0.5370420813560486,0.566779613494873,0.047619047619047616,False,0
C1_0_90k,refine,256,1,32,it0029,0.36345022916793823,0.5111261010169983,0.0,False,0
C1_0_90k,refine,256,1,32,it0030,0.5124548673629761,0.5303097367286682,0.08,False,0
C1_0_90k,refine,256,1,32,it0031,0.37108224630355835,0.35614874958992004,0.16666666666666666,False,0
C1_0_90k,refine,256,1,32,it0032,0.7167575359344482,0.5678074359893799,0.037037037037037035,False,0
C1_0_90k,refine,256,1,32,it0033,0.4153190851211548,0.364371120929718,0.15384615384615385,False,0
C1_0_90k,refine,256,1,32,it0034,0.612318754196167,0.6088526248931885,0.06666666666666667,False,0
C1_0_90k,refine,256,1,32,it0035,0.2935600280761719,0.1945764124393463,0.07692307692307693,False,0
C1_0_90k,refine,256,1,32,it0036,0.6301252245903015,0.5762951374053955,0.0,False,0
C1_0_90k,refine,256,1,32,it0037,0.5627074837684631,0.5998530387878418,0.13333333333333333,False,0
C1_0_90k,refine,256,1,32,it0038,0.3842376172542572,0.17846061289310455,0.0,False,0
C1_0_90k,refine,256,1,32,it0039,0.5240771174430847,0.5537884831428528,0.04878048780487805,False,0
C1_0_90k,refine,256,1,32,it0040,0.49434545636177063,0.3937300145626068,0.13333333333333333,False,0
C1_0_90k,refine,256,1,32,it0041,0.6669941544532776,0.4484878182411194,0.045454545454545456,False,0
C1_0_90k,refine,256,1,32,it0042,0.42624181509017944,0.3901858329772949,0.1111111111111111,False,0
C1_0_90k,refine,256,1,32,it0043,0.19484108686447144,0.26596274971961975,0.0,False,0
C1_0_90k,refine,256,1,32,it0044,0.5552018880844116,0.5059792995452881,0.04,False,0
C1_0_90k,refine,256,1,32,it0045,0.32368406653404236,0.3395567238330841,0.0,False,0
C1_0_90k,refine,256,1,32,it0046,0.41830211877822876,0.4052334129810333,0.0,False,0
C1_0_90k,refine,256,1,32,it0047,0.356742262840271,0.5667882561683655,0.4,False,0
C1_0_90k,refine,256,1,32,it0048,0.4060177206993103,0.3231283724308014,0.1875,False,0
C1_0_90k,refine,256,1,32,it0049,0.32610005140304565,0.5637118816375732,0.045454545454545456,False,0
C1_0_90k,refine,256,1,32,it0050,0.15454475581645966,-0.023276392370462418,0.09090909090909091,False,0
C1_0_90k,refine,256,1,32,it0051,0.18802645802497864,0.4547376036643982,0.0,False,0
C1_0_90k,refine,256,1,32,it0052,0.3872757852077484,0.49384424090385437,0.0,False,0
C1_0_90k,refine,256,1,32,it0053,0.42472413182258606,0.4528949558734894,0.16216216216216217,False,0
C1_0_90k,refine,256,1,32,it0054,0.3378283381462097,0.261308491230011,0.041666666666666664,False,0
C1_0_90k,refine,256,1,32,it0055,0.6201528906822205,0.5888477563858032,0.0,False,0
C1_0_90k,refine,256,1,32,it0056,0.4200330376625061,0.25962018966674805,0.1,False,0
C1_0_90k,refine,256,1,32,it0057,0.6120505332946777,0.4070148169994354,0.20588235294117646,False,0
C1_0_90k,refine,256,1,32,it0058,0.5343536138534546,0.5571974515914917,0.16666666666666666,False,0
C1_0_90k,refine,256,1,32,it0059,0.6074630618095398,0.6197690963745117,0.07142857142857142,False,0
C1_0_90k,refine,256,1,32,it0060,0.43977177143096924,0.39986667037010193,0.0,False,0
C1_0_90k,refine,256,1,32,it0061,0.629798948764801,0.6999926567077637,0.0,False,0
C1_0_90k,refine,256,1,32,it0062,0.6571306586265564,0.6540112495422363,0.0,False,0
C1_0_90k,refine,256,1,32,it0063,0.34976112842559814,0.23041179776191711,0.0,False,0
C1_0_90k,refine,256,1,32,it0064,0.44681259989738464,0.5649146437644958,0.05555555555555555,False,0
C1_0_90k,refine,256,1,32,it0065,0.6723913550376892,0.6155418753623962,0.0,False,0
C1_0_90k,refine,256,1,32,it0066,0.3980920612812042,0.39735907316207886,0.047619047619047616,False,0
C1_0_90k,refine,256,1,32,it0067,0.1976993829011917,0.20447760820388794,0.0,False,0
C1_0_90k,refine,256,1,32,it0068,0.7175773978233337,0.6463872194290161,0.0,False,0
C1_0_90k,refine,256,1,32,it0069,0.5329926609992981,0.5202267169952393,0.045454545454545456,False,0
C1_0_90k,refine,256,1,32,it0070,0.3628666400909424,0.43588685989379883,0.0,False,0
C1_0_90k,refine,256,1,32,it0071,0.5316165685653687,0.5159204602241516,0.14285714285714285,False,0
C1_0_90k,refine,256,1,32,it0072,0.465986967086792,0.5540714263916016,0.0,False,0
C1_0_90k,refine,256,1,32,it0073,0.14331628382205963,0.10442691296339035,0.13793103448275862,False,0
C1_0_90k,refine,256,1,32,it0074,0.3279440999031067,0.2300681173801422,0.13333333333333333,False,0
C1_0_90k,refine,256,1,32,it0075,0.3500506579875946,0.457038551568985,0.0,False,0
C1_0_90k,refine,256,1,32,it0076,0.6153964400291443,0.45789486169815063,0.08695652173913043,False,0
C1_0_90k,refine,256,1,32,it0077,0.49020645022392273,0.569504976272583,0.3333333333333333,False,0
C1_0_90k,refine,256,1,32,it0078,0.42121636867523193,0.22890181839466095,0.14285714285714285,False,0
C1_0_90k,refine,256,1,32,it0079,0.6674258708953857,0.7018468379974365,0.0,False,0
C1_0_90k,refine,256,1,32,it0080,0.3967541754245758,0.3384741246700287,0.024390243902439025,False,0
C1_0_90k,refine,256,1,32,it0081,0.32029497623443604,0.28157714009284973,0.0,False,0
C1_0_90k,refine,256,1,32,it0082,0.5328055024147034,0.5597634315490723,0.11764705882352941,False,0
C1_0_90k,refine,256,1,32,it0083,0.6408857703208923,0.5278109908103943,0.0,False,0
C1_0_90k,refine,256,1,32,it0084,0.6748663187026978,0.6650108695030212,0.044444444444444446,False,0
C1_0_90k,refine,256,1,32,it0085,0.48584532737731934,0.3135988414287567,0.14285714285714285,False,0
C1_0_90k,refine,256,1,32,it0086,0.6255349516868591,0.6183505058288574,0.0,False,0
C1_0_90k,refine,256,1,32,it0087,0.5483174920082092,0.6666216254234314,0.1875,False,0
C1_0_90k,refine,256,1,32,it0088,0.23564979434013367,0.18449005484580994,0.0,False,0
C1_0_90k,refine,256,1,32,it0089,0.47803035378456116,0.3410738706588745,0.041666666666666664,False,0
C1_0_90k,refine,256,1,32,it0090,0.6361978054046631,0.6179541349411011,0.0,False,0
C1_0_90k,refine,256,1,32,it0091,0.6088008284568787,0.5812197923660278,0.0,False,0
C1_0_90k,refine,256,1,32,it0092,0.4632455110549927,0.4337920546531677,0.05714285714285714,False,0
C1_0_90k,refine,256,1,32,it0093,0.5165274739265442,0.4381887912750244,0.10526315789473684,False,0
C1_0_90k,refine,256,1,32,it0094,0.5595789551734924,0.5536007285118103,0.0,False,0
C1_0_90k,refine,256,1,32,it0095,0.5159066915512085,0.6371939182281494,0.0,False,0
C1_0_90k,refine,256,1,32,it0096,0.5542898774147034,0.5622400641441345,0.0,False,0
C1_0_90k,refine,256,1,32,it0097,0.6609715223312378,0.6764589548110962,0.0,False,0
C1_0_90k,refine,256,1,32,it0098,0.6302191615104675,0.5964952111244202,0.2222222222222222,False,0
C1_0_90k,refine,256,1,32,it0099,0.22955864667892456,0.1845415085554123,0.0,False,0
C1_0_90k,refine,256,1,32,it0100,0.6327176094055176,0.7031494379043579,0.0,False,0
C1_0_90k,refine,256,1,32,it0101,0.4192699193954468,0.41886842250823975,0.0,False,0
C1_0_90k,refine,256,1,32,it0102,0.4477599859237671,0.4370647370815277,0.15384615384615385,False,0
C1_0_90k,refine,256,1,32,it0103,0.4568248987197876,0.507984459400177,0.13636363636363635,False,0
C1_0_90k,refine,256,1,32,it0104,0.515803337097168,0.5333373546600342,0.041666666666666664,False,0
C1_0_90k,refine,256,1,32,it0105,0.5245065689086914,0.6533156633377075,0.17142857142857143,False,0
C1_0_90k,refine,256,1,32,it0106,0.3911249339580536,0.43972042202949524,0.0,False,0
C1_0_90k,refine,256,1,32,it0107,0.5657902956008911,0.5085390210151672,0.043478260869565216,False,0
C1_0_90k,refine,256,1,32,it0108,0.6097052693367004,0.4922373294830322,0.0,False,0
C1_0_90k,refine,256,1,32,it0109,0.4185842275619507,0.30085739493370056,0.0,False,0
C1_0_90k,refine,256,1,32,it0110,0.17274977266788483,0.33407795429229736,0.0,False,0
C1_0_90k,refine,256,1,32,it0111,0.45652270317077637,0.44773027300834656,0.12121212121212122,False,0
C1_0_90k,refine,256,1,32,it0112,0.6620522737503052,0.6083099842071533,0.0,False,0
C1_0_90k,refine,256,1,32,it0113,0.491754412651062,0.4581093192100525,0.06818181818181818,False,0
C1_0_90k,refine,256,1,32,it0114,0.47552886605262756,0.4541662335395813,0.05555555555555555,False,0
C1_0_90k,refine,256,1,32,it0115,0.3773612976074219,0.4166869521141052,0.0,False,0
C1_0_90k,refine,256,1,32,it0116,0.5424069762229919,0.28890538215637207,0.17647058823529413,False,0
C1_0_90k,refine,256,1,32,it0117,0.4997161328792572,0.610114336013794,0.17647058823529413,False,0
C1_0_90k,refine,256,1,32,it0118,0.6843459606170654,0.5538416504859924,0.21153846153846154,False,0
C1_0_90k,refine,256,1,32,it0119,0.503960907459259,0.4680502414703369,0.2857142857142857,False,0
C1_0_90k,refine,256,1,32,it0120,0.6703882217407227,0.5667710304260254,0.0,False,0
C1_0_90k,refine,256,1,32,it0121,0.5263749957084656,0.40362823009490967,0.1,False,0
C1_0_90k,refine,256,1,32,it0122,0.4049534201622009,0.45305925607681274,0.22727272727272727,False,0
C1_0_90k,refine,256,1,32,it0123,0.34277984499931335,0.5713345408439636,0.11764705882352941,False,0
C1_0_90k,refine,256,1,32,it0124,0.6163374185562134,0.48905569314956665,0.0,False,0
C1_0_90k,refine,256,1,32,it0125,0.5764169692993164,0.5591798424720764,0.05128205128205128,False,0
C1_0_90k,refine,256,1,32,it0126,0.4836617410182953,0.507682740688324,0.0,False,0
C1_0_90k,refine,256,1,32,it0127,0.34337037801742554,0.47259992361068726,0.0,False,0
C1_0_90k,refine,256,1,32,it0128,0.5240346193313599,0.4835755527019501,0.0,False,0
C1_0_90k,refine,256,1,32,it0129,0.48668372631073,0.41802847385406494,0.0,False,0
C1_0_90k,refine,256,1,32,it0130,0.4467207193374634,0.4193804860115051,0.0,False,0
C1_0_90k,refine,256,1,32,it0131,0.41363751888275146,0.40415453910827637,0.0,False,0
C1_0_90k,refine,256,1,32,it0132,0.483764111995697,0.37334126234054565,0.0,False,0
C1_0_90k,refine,256,1,32,it0133,0.630518913269043,0.6408354043960571,0.0,False,0
C1_0_90k,refine,256,1,32,it0134,0.5031048655509949,0.3261744976043701,0.0,False,0
C1_0_90k,refine,256,1,32,it0135,0.5240350961685181,0.5456956624984741,0.07692307692307693,False,0
C1_0_90k,refine,256,1,32,it0136,0.4347076117992401,0.3788289725780487,0.0,False,0
C1_0_90k,refine,256,1,32,it0137,0.5079892873764038,0.4166053831577301,0.16666666666666666,False,0
C1_0_90k,refine,256,1,32,it0138,0.5938157439231873,0.5708053112030029,0.0,False,0
C1_0_90k,refine,256,1,32,it0139,0.7141147255897522,0.623526930809021,0.0,False,0
C1_0_90k,refine,256,1,32,it0140,0.5256654620170593,0.5700567960739136,0.0,False,0
C1_0_90k,refine,256,1,32,it0141,0.6528440713882446,0.6942777037620544,0.06666666666666667,False,0
C1_0_90k,refine,256,1,32,it0142,0.347269743680954,0.3519393503665924,0.0,False,0
C1_0_90k,refine,256,1,32,it0143,0.3981200158596039,0.5590737462043762,0.0,False,0
C1_0_90k,refine,256,1,32,it0144,0.6904671788215637,0.42865028977394104,0.0,False,0
C1_0_90k,refine,256,1,32,it0145,0.5657811164855957,0.6751879453659058,0.0,False,0
C1_0_90k,refine,256,1,32,it0146,0.5143346190452576,0.5165058374404907,0.0,False,0
C1_0_90k,refine,256,1,32,it0147,0.42835932970046997,0.44935476779937744,0.0,False,0
C1_0_90k,refine,256,1,32,it0148,0.30345621705055237,0.24787603318691254,0.07142857142857142,False,0
C1_0_90k,refine,256,1,32,it0149,0.38903820514678955,0.38941043615341187,0.21428571428571427,False,0
C1_0_90k,refine,256,1,32,it0150,0.41649097204208374,0.4344438314437866,0.11538461538461539,False,0
C1_0_90k,refine,256,1,32,it0151,0.5502872467041016,0.43773025274276733,0.0,False,0
C1_0_90k,refine,256,1,32,it0152,0.4866114556789398,0.3312748968601227,0.0,False,0
C1_0_90k,refine,256,1,32,it0153,0.3422545790672302,0.41585075855255127,0.09523809523809523,False,0
C1_0_90k,refine,256,1,32,it0154,0.5233671069145203,0.32925304770469666,0.0,False,0
C1_0_90k,refine,256,1,32,it0155,0.2690766751766205,0.4286389946937561,0.0,False,0
C1_0_90k,refine,256,1,32,it0156,0.5043090581893921,0.46289679408073425,0.0,False,0
C1_0_90k,refine,256,1,32,it0157,0.4967419505119324,0.4349133372306824,0.0,False,0
C1_0_90k,refine,256,1,32,it0158,0.3727809190750122,0.251181036233902,0.10526315789473684,False,0
C1_0_90k,refine,256,1,32,it0159,0.5936294794082642,0.524960994720459,0.14285714285714285,False,0
C1_0_90k,refine,256,1,32,it0160,0.6249024868011475,0.5235207080841064,0.0,False,0
C1_0_90k,refine,256,1,32,it0161,0.24352051317691803,0.31304511427879333,0.06896551724137931,False,0
C1_0_90k,refine,256,1,32,it0162,0.12498114258050919,0.17181618511676788,0.037037037037037035,False,0
C1_0_90k,refine,256,1,32,it0163,0.4959465265274048,0.4847009778022766,0.0,False,0
C1_0_90k,refine,256,1,32,it0164,0.4502081871032715,0.2931431531906128,0.12903225806451613,False,0
C1_0_90k,refine,256,1,32,it0165,0.34550151228904724,0.46215444803237915,0.030303030303030304,False,0
C1_0_90k,refine,256,1,32,it0166,0.5795172452926636,0.22050851583480835,0.16666666666666666,False,0
C1_0_90k,refine,256,1,32,it0167,0.44987863302230835,0.5018821358680725,0.05263157894736842,False,0
C1_0_90k,refine,256,1,32,it0168,0.34691816568374634,0.4426249861717224,0.0,False,0
C1_0_90k,refine,256,1,32,it0169,0.4551219940185547,0.46207788586616516,0.0,False,0
C1_0_90k,refine,256,1,32,it0170,0.4497424364089966,0.492623895406723,0.11764705882352941,False,0
C1_0_90k,refine,256,1,32,it0171,0.6195664405822754,0.602755606174469,0.0,False,0
C1_0_90k,refine,256,1,32,it0172,0.3989052176475525,0.41840413212776184,0.04,False,0
C1_0_90k,refine,256,1,32,it0173,0.6747168898582458,0.6687407493591309,0.0,False,0
C1_0_90k,refine,256,1,32,it0174,0.5379491448402405,0.5129615664482117,0.0,False,0
C1_0_90k,refine,256,1,32,it0175,0.25061798095703125,0.2709598243236542,0.0,False,0
C1_0_90k,refine,256,1,32,it0176,0.4480515122413635,0.49745848774909973,0.05555555555555555,False,0
C1_0_90k,refine,256,1,32,it0177,0.4083368182182312,0.47141599655151367,0.0,False,0
C1_0_90k,refine,256,1,32,it0178,0.3479083180427551,0.3392598330974579,0.23529411764705882,False,0
C1_0_90k,refine,256,1,32,it0179,0.5844241976737976,0.7261524200439453,0.0967741935483871,False,0
C1_0_90k,refine,256,1,32,it0180,0.5382592678070068,0.5454299449920654,0.0,False,0
C1_0_90k,refine,256,1,32,it0181,0.4598868787288666,0.5981857776641846,0.0,False,0
C1_0_90k,refine,256,1,32,it0182,0.6583788990974426,0.5245053768157959,0.0,False,0
C1_0_90k,refine,256,1,32,it0183,0.5766505599021912,0.5371792316436768,0.08,False,0
C1_0_90k,refine,256,1,32,it0184,0.31533747911453247,0.26216551661491394,0.2,False,0
C1_0_90k,refine,256,1,32,it0185,0.4044206142425537,0.3878675103187561,0.0967741935483871,False,0
C1_0_90k,refine,256,1,32,it0186,0.6473502516746521,0.5991811156272888,0.041666666666666664,False,0
C1_0_90k,refine,256,1,32,it0187,0.37454667687416077,0.46357300877571106,0.0,False,0
C1_0_90k,refine,256,1,32,it0188,0.5690423846244812,0.5253429412841797,0.1111111111111111,False,0
C1_0_90k,refine,256,1,32,it0189,0.5194249153137207,0.32759925723075867,0.0,False,0
C1_0_90k,refine,256,1,32,it0190,0.5908806324005127,0.5819826722145081,0.0,False,0
C1_0_90k,refine,256,1,32,it0191,0.5039288997650146,0.5090534687042236,0.0,False,0
C1_0_90k,refine,256,1,32,it0192,0.4731440246105194,0.5994828939437866,0.037037037037037035,False,0
C1_0_90k,refine,256,1,32,it0193,0.4732603430747986,0.3281082212924957,0.125,False,0
C1_0_90k,refine,256,1,32,it0194,0.6853917241096497,0.6519918441772461,0.0,False,0
C1_0_90k,refine,256,1,32,it0195,0.6572148203849792,0.5921290516853333,0.15384615384615385,False,0
C1_0_90k,refine,256,1,32,it0196,0.5147461295127869,0.5034415125846863,0.0,False,0
C1_0_90k,refine,256,1,32,it0197,0.4560813903808594,0.44475510716438293,0.0,False,0
C1_0_90k,refine,256,1,32,it0198,0.2840273678302765,0.23820462822914124,0.125,False,0
C1_0_90k,refine,256,1,32,it0199,0.490531325340271,0.4633573293685913,0.058823529411764705,False,0
C1_0_90k,refine,512,1,64,it0000,0.6881958246231079,0.647068440914154,0.15217391304347827,False,0
C1_0_90k,refine,512,1,64,it0001,0.5256359577178955,0.44567883014678955,0.2222222222222222,False,0
C1_0_90k,refine,512,1,64,it0002,0.3480657935142517,0.17756085097789764,0.0,False,0
C1_0_90k,refine,512,1,64,it0003,0.5455846786499023,0.5059874057769775,0.06666666666666667,False,0
C1_0_90k,refine,512,1,64,it0004,0.5756260752677917,0.32404857873916626,0.1875,False,0
C1_0_90k,refine,512,1,64,it0005,0.5811373591423035,0.5817519426345825,0.0,False,0
C1_0_90k,refine,512,1,64,it0006,0.529165506362915,0.4794272780418396,0.0,False,0
C1_0_90k,refine,512,1,64,it0007,0.3235957622528076,0.3658362030982971,0.06818181818181818,False,0
C1_0_90k,refine,512,1,64,it0008,0.3320561647415161,0.35127002000808716,0.14285714285714285,False,0
C1_0_90k,refine,512,1,64,it0009,0.5953227877616882,0.6305912137031555,0.0,False,0
C1_0_90k,refine,512,1,64,it0010,0.5901997685432434,0.527428925037384,0.05555555555555555,False,0
C1_0_90k,refine,512,1,64,it0011,0.5908095240592957,0.5678092837333679,0.0,False,0
C1_0_90k,refine,512,1,64,it0012,0.5216118693351746,0.4647274315357208,0.20689655172413793,False,0
C1_0_90k,refine,512,1,64,it0013,0.4949183464050293,0.5981797575950623,0.0,False,0
C1_0_90k,refine,512,1,64,it0014,0.5366868376731873,0.5387670993804932,0.0,False,0
C1_0_90k,refine,512,1,64,it0015,0.5443470478057861,0.5943067073822021,0.0,False,0
C1_0_90k,refine,512,1,64,it0016,0.6978543996810913,0.6458613872528076,0.08823529411764706,False,0
C1_0_90k,refine,512,1,64,it0017,0.5324291586875916,0.45232850313186646,0.06666666666666667,False,0
C1_0_90k,refine,512,1,64,it0018,0.5988467931747437,0.5677986741065979,0.029411764705882353,False,0
C1_0_90k,refine,512,1,64,it0019,0.6040424704551697,0.5586065053939819,0.021739130434782608,False,0
C1_0_90k,refine,512,1,64,it0020,0.42410874366760254,0.33514639735221863,0.23076923076923078,False,0
C1_0_90k,refine,512,1,64,it0021,0.5321021676063538,0.48216763138771057,0.030303030303030304,False,0
C1_0_90k,refine,512,1,64,it0022,0.32549411058425903,0.4065536558628082,0.125,False,0
C1_0_90k,refine,512,1,64,it0023,0.6645095944404602,0.6676299571990967,0.16666666666666666,False,0
C1_0_90k,refine,512,1,64,it0024,0.6092479825019836,0.5109513401985168,0.14285714285714285,False,0
C1_0_90k,refine,512,1,64,it0025,0.6757215261459351,0.6664072871208191,0.0,False,0
C1_0_90k,refine,512,1,64,it0026,0.32638344168663025,0.19031046330928802,0.0,False,0
C1_0_90k,refine,512,1,64,it0027,0.7179949879646301,0.6289128065109253,0.0,False,0
C1_0_90k,refine,512,1,64,it0028,0.5633338689804077,0.5748456716537476,0.047619047619047616,False,0
C1_0_90k,refine,512,1,64,it0029,0.30211520195007324,0.44181108474731445,0.0,False,0
C1_0_90k,refine,512,1,64,it0030,0.5269390344619751,0.3971457779407501,0.04,False,0
C1_0_90k,refine,512,1,64,it0031,0.3189474940299988,0.2535313367843628,0.16666666666666666,False,0
C1_0_90k,refine,512,1,64,it0032,0.7193100452423096,0.6643145084381104,0.037037037037037035,False,0
C1_0_90k,refine,512,1,64,it0033,0.30894941091537476,0.27260714769363403,0.0,False,0
C1_0_90k,refine,512,1,64,it0034,0.6491997241973877,0.6221388578414917,0.06666666666666667,False,0
C1_0_90k,refine,512,1,64,it0035,0.2739763855934143,0.1835656762123108,0.0,False,0
C1_0_90k,refine,512,1,64,it0036,0.6629822254180908,0.5946340560913086,0.0,False,0
C1_0_90k,refine,512,1,64,it0037,0.5616937875747681,0.622789204120636,0.0,False,0
C1_0_90k,refine,512,1,64,it0038,0.31820350885391235,0.12023323029279709,0.0,False,0
C1_0_90k,refine,512,1,64,it0039,0.5665733218193054,0.5319948792457581,0.07317073170731707,False,0
C1_0_90k,refine,512,1,64,it0040,0.5049658417701721,0.46578359603881836,0.06666666666666667,False,0
C1_0_90k,refine,512,1,64,it0041,0.6406026482582092,0.5648952722549438,0.09090909090909091,False,0
C1_0_90k,refine,512,1,64,it0042,0.4691309332847595,0.498842716217041,0.1111111111111111,False,0
C1_0_90k,refine,512,1,64,it0043,0.3034653663635254,0.2922665476799011,0.0,False,0
C1_0_90k,refine,512,1,64,it0044,0.5268182754516602,0.6397251486778259,0.16,False,0
C1_0_90k,refine,512,1,64,it0045,0.27365171909332275,0.33493295311927795,0.0,False,0
C1_0_90k,refine,512,1,64,it0046,0.45281219482421875,0.4016258120536804,0.0,False,0
C1_0_90k,refine,512,1,64,it0047,0.271859735250473,0.43853437900543213,0.4,False,0
C1_0_90k,refine,512,1,64,it0048,0.5062986612319946,0.472541481256485,0.0,False,0
C1_0_90k,refine,512,1,64,it0049,0.349420964717865,0.523643970489502,0.0,False,0
C1_0_90k,refine,512,1,64,it0050,0.10809862613677979,-0.10708186775445938,0.09090909090909091,False,0
C1_0_90k,refine,512,1,64,it0051,0.23707608878612518,0.4687974750995636,0.0,False,0
C1_0_90k,refine,512,1,64,it0052,0.37072235345840454,0.511091411113739,0.0,False,0
C1_0_90k,refine,512,1,64,it0053,0.3834749460220337,0.53904128074646,0.08108108108108109,False,0
C1_0_90k,refine,512,1,64,it0054,0.2745562493801117,0.2530173063278198,0.0,False,0
C1_0_90k,refine,512,1,64,it0055,0.4712553322315216,0.5279453992843628,0.0,False,0
C1_0_90k,refine,512,1,64,it0056,0.4135569632053375,0.20881640911102295,0.1,False,0
C1_0_90k,refine,512,1,64,it0057,0.5046893954277039,0.4372934401035309,0.14705882352941177,False,0
C1_0_90k,refine,512,1,64,it0058,0.4445602595806122,0.37859392166137695,0.08333333333333333,False,0
C1_0_90k,refine,512,1,64,it0059,0.6564186215400696,0.6832302808761597,0.03571428571428571,False,0
C1_0_90k,refine,512,1,64,it0060,0.3980799913406372,0.38821250200271606,0.0,False,0
C1_0_90k,refine,512,1,64,it0061,0.5332435965538025,0.6620250940322876,0.0,False,0
C1_0_90k,refine,512,1,64,it0062,0.5312670469284058,0.5507708191871643,0.0,False,0
C1_0_90k,refine,512,1,64,it0063,0.23902137577533722,0.24613550305366516,0.034482758620689655,False,0
C1_0_90k,refine,512,1,64,it0064,0.4261913597583771,0.479692667722702,0.05555555555555555,False,0
C1_0_90k,refine,512,1,64,it0065,0.6830090880393982,0.6952075362205505,0.0,False,0
C1_0_90k,refine,512,1,64,it0066,0.29676780104637146,0.46043047308921814,0.5238095238095238,False,0
C1_0_90k,refine,512,1,64,it0067,0.32460692524909973,0.3113492727279663,0.05555555555555555,False,0
C1_0_90k,refine,512,1,64,it0068,0.691707968711853,0.6650748252868652,0.0,False,0
C1_0_90k,refine,512,1,64,it0069,0.4311651885509491,0.5023950934410095,0.09090909090909091,False,0
C1_0_90k,refine,512,1,64,it0070,0.3619857430458069,0.2543697655200958,0.0,False,0
C1_0_90k,refine,512,1,64,it0071,0.49264371395111084,0.4299154281616211,0.10714285714285714,False,0
C1_0_90k,refine,512,1,64,it0072,0.5361433029174805,0.5654948949813843,0.0,False,0
C1_0_90k,refine,512,1,64,it0073,0.1656072735786438,0.12314927577972412,0.3448275862068966,False,0
C1_0_90k,refine,512,1,64,it0074,0.24705934524536133,0.37235161662101746,0.13333333333333333,False,0
C1_0_90k,refine,512,1,64,it0075,0.30742543935775757,0.39087653160095215,0.043478260869565216,False,0
C1_0_90k,refine,512,1,64,it0076,0.5603195428848267,0.3197770118713379,0.08695652173913043,False,0
C1_0_90k,refine,512,1,64,it0077,0.6110227108001709,0.6234170794487,0.25,False,0
C1_0_90k,refine,512,1,64,it0078,0.36917775869369507,0.27503299713134766,0.14285714285714285,False,0
C1_0_90k,refine,512,1,64,it0079,0.6604234576225281,0.7201219797134399,0.0,False,0
C1_0_90k,refine,512,1,64,it0080,0.30285289883613586,0.21691341698169708,0.0975609756097561,False,0
C1_0_90k,refine,512,1,64,it0081,0.5328434705734253,0.4875788986682892,0.0,False,0
C1_0_90k,refine,512,1,64,it0082,0.46904492378234863,0.5019814968109131,0.0,False,0
C1_0_90k,refine,512,1,64,it0083,0.6510093212127686,0.4798504412174225,0.0,False,0
C1_0_90k,refine,512,1,64,it0084,0.7008240222930908,0.6727789044380188,0.044444444444444446,False,0
C1_0_90k,refine,512,1,64,it0085,0.5466012954711914,0.46305033564567566,0.0,False,0
C1_0_90k,refine,512,1,64,it0086,0.60655677318573,0.662871778011322,0.0,False,0
C1_0_90k,refine,512,1,64,it0087,0.462531179189682,0.4476364552974701,0.25,False,0
C1_0_90k,refine,512,1,64,it0088,0.23540811240673065,0.25049152970314026,0.0,False,0
C1_0_90k,refine,512,1,64,it0089,0.5035615563392639,0.3586167097091675,0.041666666666666664,False,0
C1_0_90k,refine,512,1,64,it0090,0.6526846885681152,0.646734893321991,0.058823529411764705,False,0
C1_0_90k,refine,512,1,64,it0091,0.6178663372993469,0.5824534893035889,0.0,False,0
C1_0_90k,refine,512,1,64,it0092,0.44278019666671753,0.39149773120880127,0.02857142857142857,False,0
C1_0_90k,refine,512,1,64,it0093,0.5063672065734863,0.4083346724510193,0.0,False,0
C1_0_90k,refine,512,1,64,it0094,0.6339390277862549,0.6120637059211731,0.0,False,0
C1_0_90k,refine,512,1,64,it0095,0.5515837669372559,0.6509287357330322,0.0,False,0
C1_0_90k,refine,512,1,64,it0096,0.5628775954246521,0.6124399304389954,0.0,False,0
C1_0_90k,refine,512,1,64,it0097,0.7075464725494385,0.7072274088859558,0.0,False,0
C1_0_90k,refine,512,1,64,it0098,0.5957374572753906,0.5760538578033447,0.2222222222222222,False,0
C1_0_90k,refine,512,1,64,it0099,0.33030423521995544,0.3497266471385956,0.0,False,0
C1_0_90k,refine,512,1,64,it0100,0.6169256567955017,0.6693707704544067,0.0,False,0
C1_0_90k,refine,512,1,64,it0101,0.44559481739997864,0.4305872917175293,0.0,False,0
C1_0_90k,refine,512,1,64,it0102,0.3885306119918823,0.5592366456985474,0.0,False,0
C1_0_90k,refine,512,1,64,it0103,0.39713266491889954,0.5020443201065063,0.0,False,0
C1_0_90k,refine,512,1,64,it0104,0.48338475823402405,0.6042312383651733,0.0,False,0
C1_0_90k,refine,512,1,64,it0105,0.4854891002178192,0.6519383192062378,0.14285714285714285,False,0
C1_0_90k,refine,512,1,64,it0106,0.4378989338874817,0.37128832936286926,0.0,False,0
C1_0_90k,refine,512,1,64,it0107,0.6590456962585449,0.5234972238540649,0.043478260869565216,False,0
C1_0_90k,refine,512,1,64,it0108,0.5638837814331055,0.45117729902267456,0.0625,False,0
C1_0_90k,refine,512,1,64,it0109,0.5238025188446045,0.4758203625679016,0.0,False,0
C1_0_90k,refine,512,1,64,it0110,0.29883432388305664,0.339410662651062,0.0,False,0
C1_0_90k,refine,512,1,64,it0111,0.5403022766113281,0.5334754586219788,0.030303030303030304,False,0
C1_0_90k,refine,512,1,64,it0112,0.6736249923706055,0.6288465857505798,0.0,False,0
C1_0_90k,refine,512,1,64,it0113,0.5551424026489258,0.46551063656806946,0.06818181818181818,False,0
C1_0_90k,refine,512,1,64,it0114,0.4946012794971466,0.5427550673484802,0.3333333333333333,False,0
C1_0_90k,refine,512,1,64,it0115,0.40922775864601135,0.41315600275993347,0.0,False,0
C1_0_90k,refine,512,1,64,it0116,0.6585158109664917,0.46254557371139526,0.058823529411764705,False,0
C1_0_90k,refine,512,1,64,it0117,0.46095848083496094,0.5579653978347778,0.14705882352941177,False,0
C1_0_90k,refine,512,1,64,it0118,0.6602867245674133,0.6341345310211182,0.07692307692307693,False,0
C1_0_90k,refine,512,1,64,it0119,0.39583906531333923,0.42771115899086,0.14285714285714285,False,0
C1_0_90k,refine,512,1,64,it0120,0.6314067840576172,0.4958627223968506,0.0,False,0
C1_0_90k,refine,512,1,64,it0121,0.5439376831054688,0.5416033267974854,0.1,False,0
C1_0_90k,refine,512,1,64,it0122,0.30477985739707947,0.37411442399024963,0.22727272727272727,False,0
C1_0_90k,refine,512,1,64,it0123,0.4142201542854309,0.48430249094963074,0.0,False,0
C1_0_90k,refine,512,1,64,it0124,0.6654190421104431,0.5777519345283508,0.0,False,0
C1_0_90k,refine,512,1,64,it0125,0.5707144141197205,0.4838775098323822,0.02564102564102564,False,0
C1_0_90k,refine,512,1,64,it0126,0.4724811315536499,0.5172711610794067,0.0,False,0
C1_0_90k,refine,512,1,64,it0127,0.4058297574520111,0.5055676102638245,0.058823529411764705,False,0
C1_0_90k,refine,512,1,64,it0128,0.45596081018447876,0.47805339097976685,0.0,False,0
C1_0_90k,refine,512,1,64,it0129,0.4698673486709595,0.434071809053421,0.0,False,0
C1_0_90k,refine,512,1,64,it0130,0.4579547047615051,0.455426424741745,0.0,False,0
C1_0_90k,refine,512,1,64,it0131,0.3269817531108856,0.34191203117370605,0.06451612903225806,False,0
C1_0_90k,refine,512,1,64,it0132,0.4535483717918396,0.3377893269062042,0.0,False,0
C1_0_90k,refine,512,1,64,it0133,0.6001785397529602,0.6411267518997192,0.0,False,0
C1_0_90k,refine,512,1,64,it0134,0.43872955441474915,0.29655921459198,0.0,False,0
C1_0_90k,refine,512,1,64,it0135,0.5336085557937622,0.6144990921020508,0.1282051282051282,False,0
C1_0_90k,refine,512,1,64,it0136,0.36752310395240784,0.5402217507362366,0.0,False,0
C1_0_90k,refine,512,1,64,it0137,0.5171838998794556,0.4035544991493225,0.08333333333333333,False,0
C1_0_90k,refine,512,1,64,it0138,0.5962599515914917,0.5898327827453613,0.0,False,0
C1_0_90k,refine,512,1,64,it0139,0.6720154881477356,0.6221126914024353,0.0,False,0
C1_0_90k,refine,512,1,64,it0140,0.45318853855133057,0.5458937287330627,0.0,False,0
C1_0_90k,refine,512,1,64,it0141,0.5461082458496094,0.6172614693641663,0.06666666666666667,False,0
C1_0_90k,refine,512,1,64,it0142,0.35067129135131836,0.21909818053245544,0.0,False,0
C1_0_90k,refine,512,1,64,it0143,0.38923120498657227,0.5598875284194946,0.0,False,0
C1_0_90k,refine,512,1,64,it0144,0.6403761506080627,0.43350163102149963,0.0,False,0
C1_0_90k,refine,512,1,64,it0145,0.668505847454071,0.7061297297477722,0.0,False,0
C1_0_90k,refine,512,1,64,it0146,0.5301403999328613,0.616947591304779,0.05,False,0
C1_0_90k,refine,512,1,64,it0147,0.5183663368225098,0.4305325448513031,0.17391304347826086,False,0
C1_0_90k,refine,512,1,64,it0148,0.12040013819932938,0.16426633298397064,0.10714285714285714,False,0
C1_0_90k,refine,512,1,64,it0149,0.3625541925430298,0.3531886339187622,0.14285714285714285,False,0
C1_0_90k,refine,512,1,64,it0150,0.3540370762348175,0.44400525093078613,0.19230769230769232,False,0
C1_0_90k,refine,512,1,64,it0151,0.5601909160614014,0.4671163558959961,0.11764705882352941,False,0
C1_0_90k,refine,512,1,64,it0152,0.5178877115249634,0.39852309226989746,0.0,False,0
C1_0_90k,refine,512,1,64,it0153,0.37692731618881226,0.3731849789619446,0.0,False,0
C1_0_90k,refine,512,1,64,it0154,0.5235312581062317,0.2692817449569702,0.05263157894736842,False,0
C1_0_90k,refine,512,1,64,it0155,0.3364750146865845,0.3991527557373047,0.17857142857142858,False,0
C1_0_90k,refine,512,1,64,it0156,0.5314351320266724,0.469974547624588,0.047619047619047616,False,0
C1_0_90k,refine,512,1,64,it0157,0.5175499320030212,0.4577055275440216,0.0,False,0
C1_0_90k,refine,512,1,64,it0158,0.2675120234489441,0.3942488729953766,0.10526315789473684,False,0
C1_0_90k,refine,512,1,64,it0159,0.5374250411987305,0.4588252305984497,0.07142857142857142,False,0
C1_0_90k,refine,512,1,64,it0160,0.5246177911758423,0.5283172726631165,0.03225806451612903,False,0
C1_0_90k,refine,512,1,64,it0161,0.34011247754096985,0.31724417209625244,0.13793103448275862,False,0
C1_0_90k,refine,512,1,64,it0162,0.13869608938694,0.23667243123054504,0.037037037037037035,False,0
C1_0_90k,refine,512,1,64,it0163,0.5496912598609924,0.48484140634536743,0.17647058823529413,False,0
C1_0_90k,refine,512,1,64,it0164,0.5100904703140259,0.40566718578338623,0.0,False,0
C1_0_90k,refine,512,1,64,it0165,0.3913351893424988,0.4342079758644104,0.030303030303030304,False,0
C1_0_90k,refine,512,1,64,it0166,0.5009898543357849,0.2152896374464035,0.25,False,0
C1_0_90k,refine,512,1,64,it0167,0.5070834159851074,0.5614824295043945,0.10526315789473684,False,0
C1_0_90k,refine,512,1,64,it0168,0.45534271001815796,0.5249943733215332,0.0,False,0
C1_0_90k,refine,512,1,64,it0169,0.4501529932022095,0.5089912414550781,0.0,False,0
C1_0_90k,refine,512,1,64,it0170,0.4392048716545105,0.40666496753692627,0.17647058823529413,False,0
C1_0_90k,refine,512,1,64,it0171,0.6305867433547974,0.5812979340553284,0.0,False,0
C1_0_90k,refine,512,1,64,it0172,0.3688717186450958,0.4771665036678314,0.0,False,0
C1_0_90k,refine,512,1,64,it0173,0.7341657876968384,0.6825560927391052,0.0,False,0
C1_0_90k,refine,512,1,64,it0174,0.5188031792640686,0.35802993178367615,0.0,False,0
C1_0_90k,refine,512,1,64,it0175,0.26413485407829285,0.33635929226875305,0.0,False,0
C1_0_90k,refine,512,1,64,it0176,0.41699665784835815,0.519007682800293,0.0,False,0
C1_0_90k,refine,512,1,64,it0177,0.42051461338996887,0.4308743476867676,0.05263157894736842,False,0
C1_0_90k,refine,512,1,64,it0178,0.32225656509399414,0.3065794110298157,0.058823529411764705,False,0
C1_0_90k,refine,512,1,64,it0179,0.6092879176139832,0.6647618412971497,0.16129032258064516,False,0
C1_0_90k,refine,512,1,64,it0180,0.5321548581123352,0.6075847744941711,0.0,False,0
C1_0_90k,refine,512,1,64,it0181,0.5786303281784058,0.6356294751167297,0.0,False,0
C1_0_90k,refine,512,1,64,it0182,0.5377086400985718,0.5783263444900513,0.24,False,0
C1_0_90k,refine,512,1,64,it0183,0.622907817363739,0.6134663820266724,0.0,False,0
C1_0_90k,refine,512,1,64,it0184,0.3550647497177124,0.2974871098995209,0.2,False,0
C1_0_90k,refine,512,1,64,it0185,0.5138932466506958,0.5287090539932251,0.03225806451612903,False,0
C1_0_90k,refine,512,1,64,it0186,0.5964912176132202,0.4978349208831787,0.0,False,0
C1_0_90k,refine,512,1,64,it0187,0.5060550570487976,0.501559317111969,0.0,False,0
C1_0_90k,refine,512,1,64,it0188,0.6687543392181396,0.583469808101654,0.2222222222222222,False,0
C1_0_90k,refine,512,1,64,it0189,0.47766584157943726,0.3658396005630493,0.0,False,0
C1_0_90k,refine,512,1,64,it0190,0.6004721522331238,0.6824145317077637,0.0,False,0
C1_0_90k,refine,512,1,64,it0191,0.4627278745174408,0.4742361307144165,0.0,False,0
C1_0_90k,refine,512,1,64,it0192,0.5510604381561279,0.605192244052887,0.037037037037037035,False,0
C1_0_90k,refine,512,1,64,it0193,0.46877744793891907,0.33277657628059387,0.125,False,0
C1_0_90k,refine,512,1,64,it0194,0.7165170907974243,0.7146798372268677,0.0,False,0
C1_0_90k,refine,512,1,64,it0195,0.6215390563011169,0.5437527894973755,0.23076923076923078,False,0
C1_0_90k,refine,512,1,64,it0196,0.37792283296585083,0.3657388389110565,0.07142857142857142,False,0
C1_0_90k,refine,512,1,64,it0197,0.45131242275238037,0.43414393067359924,0.0,False,0
C1_0_90k,refine,512,1,64,it0198,0.23661795258522034,0.16964221000671387,0.0,False,0
C1_0_90k,refine,512,1,64,it0199,0.49004611372947693,0.4664762020111084,0.0,False,0
