run,arm,nfe,K,T,item,ecapa,wavlm,wer,degenerate,pick
C5_0_90k,search,128,2,8,it0000,0.6835190057754517,0.6776107549667358,0.043478260869565216,False,1
C5_0_90k,search,128,2,8,it0001,0.33746758103370667,0.20510490238666534,0.3888888888888889,False,1
C5_0_90k,search,128,2,8,it0002,0.2962151765823364,0.2241683006286621,0.0,False,0
C5_0_90k,search,128,2,8,it0003,0.5222753286361694,0.3335028886795044,0.2,False,1
C5_0_90k,search,128,2,8,it0004,0.4344939589500427,0.3136803209781647,0.125,False,0
C5_0_90k,search,128,2,8,it0005,0.3730154037475586,0.44202524423599243,0.0,False,0
C5_0_90k,search,128,2,8,it0006,0.41034913063049316,0.4980088174343109,0.1111111111111111,False,1
C5_0_90k,search,128,2,8,it0007,0.3836061954498291,0.463470995426178,0.045454545454545456,False,0
C5_0_90k,search,128,2,8,it0008,0.46590656042099,0.28329595923423767,0.14285714285714285,False,1
C5_0_90k,search,128,2,8,it0009,0.5669159293174744,0.6405081152915955,0.07407407407407407,False,0
C5_0_90k,search,128,2,8,it0010,0.5709879398345947,0.5168064832687378,0.05555555555555555,False,1
C5_0_90k,search,128,2,8,it0011,0.5951414108276367,0.5592872500419617,0.0,False,1
C5_0_90k,search,128,2,8,it0012,0.4373769164085388,0.38293635845184326,0.3448275862068966,False,0
C5_0_90k,search,128,2,8,it0013,0.5134711861610413,0.5963311791419983,0.0,False,0
C5_0_90k,search,128,2,8,it0014,0.6710957288742065,0.5802388191223145,0.0,False,0
C5_0_90k,search,128,2,8,it0015,0.46096378564834595,0.43833601474761963,0.29411764705882354,False,1
C5_0_90k,search,128,2,8,it0016,0.6816801428794861,0.5405901670455933,0.08823529411764706,False,0
C5_0_90k,search,128,2,8,it0017,0.44042834639549255,0.46670717000961304,0.0,False,1
C5_0_90k,search,128,2,8,it0018,0.5228931903839111,0.5869176387786865,0.23529411764705882,False,0
C5_0_90k,search,128,2,8,it0019,0.5923014283180237,0.5771327018737793,0.06521739130434782,False,1
C5_0_90k,search,128,2,8,it0020,0.5412695407867432,0.4076216220855713,0.15384615384615385,False,1
C5_0_90k,search,128,2,8,it0021,0.5528168082237244,0.41509881615638733,0.030303030303030304,False,1
C5_0_90k,search,128,2,8,it0022,0.33077293634414673,0.3839472830295563,0.125,False,0
C5_0_90k,search,128,2,8,it0023,0.5916309356689453,0.6315404772758484,0.16666666666666666,False,0
C5_0_90k,search,128,2,8,it0024,0.5385581254959106,0.4404561519622803,0.14285714285714285,False,0
C5_0_90k,search,128,2,8,it0025,0.6336972713470459,0.645127534866333,0.05,False,1
C5_0_90k,search,128,2,8,it0026,0.2021224945783615,0.2557133734226227,0.125,False,1
C5_0_90k,search,128,2,8,it0027,0.7010788917541504,0.6663393378257751,0.0,False,1
C5_0_90k,search,128,2,8,it0028,0.5042351484298706,0.46703290939331055,0.07142857142857142,False,0
C5_0_90k,search,128,2,8,it0029,0.17517592012882233,0.30525946617126465,0.0,False,0
C5_0_90k,search,128,2,8,it0030,0.5051984190940857,0.48223721981048584,0.0,False,1
C5_0_90k,search,128,2,8,it0031,0.3298782408237457,0.3037976026535034,0.05555555555555555,False,0
C5_0_90k,search,128,2,8,it0032,0.6932083964347839,0.5730375051498413,0.2222222222222222,False,0
C5_0_90k,search,128,2,8,it0033,0.35412082076072693,0.260703980922699,0.15384615384615385,False,0
C5_0_90k,search,128,2,8,it0034,0.6252408027648926,0.6336060166358948,0.03333333333333333,False,1
C5_0_90k,search,128,2,8,it0035,0.3081616163253784,0.29206034541130066,0.15384615384615385,False,1
C5_0_90k,search,128,2,8,it0036,0.650110125541687,0.572455883026123,0.0,False,0
C5_0_90k,search,128,2,8,it0037,0.613370418548584,0.5735613703727722,0.0,False,0
C5_0_90k,search,128,2,8,it0038,0.3803599178791046,0.17940391600131989,0.05405405405405406,False,0
C5_0_90k,search,128,2,8,it0039,0.5572301149368286,0.4964441955089569,0.17073170731707318,False,1
C5_0_90k,search,128,2,8,it0040,0.3563377261161804,0.36895251274108887,0.0,False,0
C5_0_90k,search,128,2,8,it0041,0.6917071342468262,0.57090163230896,0.13636363636363635,False,1
C5_0_90k,search,128,2,8,it0042,0.41774481534957886,0.4516679644584656,0.1111111111111111,False,0
C5_0_90k,search,128,2,8,it0043,0.22019298374652863,0.19483743607997894,0.0,False,0
C5_0_90k,search,128,2,8,it0044,0.6051536798477173,0.6453284025192261,0.16,False,1
C5_0_90k,search,128,2,8,it0045,0.22151783108711243,0.358683705329895,0.03333333333333333,False,0
C5_0_90k,search,128,2,8,it0046,0.41462206840515137,0.35738080739974976,0.0625,False,1
C5_0_90k,search,128,2,8,it0047,0.29756444692611694,0.43163180351257324,0.45,False,0
C5_0_90k,search,128,2,8,it0048,0.4283944070339203,0.3481595814228058,0.0,False,1
C5_0_90k,search,128,2,8,it0049,0.39275655150413513,0.5839664340019226,0.4090909090909091,False,1
C5_0_90k,search,128,2,8,it0050,0.21156877279281616,-0.006737382151186466,0.2727272727272727,False,1
C5_0_90k,search,128,2,8,it0051,0.25631386041641235,0.552118182182312,0.13793103448275862,False,1
C5_0_90k,search,128,2,8,it0052,0.446513831615448,0.5282491445541382,0.06666666666666667,False,0
C5_0_90k,search,128,2,8,it0053,0.3780008554458618,0.4884752035140991,0.13513513513513514,False,0
C5_0_90k,search,128,2,8,it0054,0.30598217248916626,0.3458874225616455,0.25,False,0
C5_0_90k,search,128,2,8,it0055,0.36682623624801636,0.40371471643447876,0.11538461538461539,False,1
C5_0_90k,search,128,2,8,it0056,0.41116398572921753,0.32964596152305603,0.2,False,1
C5_0_90k,search,128,2,8,it0057,0.5541611909866333,0.3467037081718445,0.17647058823529413,False,0
C5_0_90k,search,128,2,8,it0058,0.45671266317367554,0.4554564654827118,0.16666666666666666,False,0
C5_0_90k,search,128,2,8,it0059,0.5221107602119446,0.5821550488471985,0.03571428571428571,False,1
C5_0_90k,search,128,2,8,it0060,0.5064160823822021,0.36662793159484863,0.058823529411764705,False,0
C5_0_90k,search,128,2,8,it0061,0.5350379347801208,0.5848873257637024,0.0,False,0
C5_0_90k,search,128,2,8,it0062,0.5547435879707336,0.5571557283401489,0.0,False,1
C5_0_90k,search,128,2,8,it0063,0.4402768015861511,0.41599538922309875,0.06896551724137931,False,1
C5_0_90k,search,128,2,8,it0064,0.3460138142108917,0.3276040852069855,0.1111111111111111,False,0
C5_0_90k,search,128,2,8,it0065,0.652014970779419,0.6785255074501038,0.02564102564102564,False,1
C5_0_90k,search,128,2,8,it0066,0.2575533390045166,0.38298240303993225,0.2857142857142857,False,0
C5_0_90k,search,128,2,8,it0067,0.3105219900608063,0.1928992122411728,0.05555555555555555,False,0
C5_0_90k,search,128,2,8,it0068,0.6821210384368896,0.6674080491065979,0.0,False,0
C5_0_90k,search,128,2,8,it0069,0.4599473476409912,0.4171156883239746,0.045454545454545456,False,1
C5_0_90k,search,128,2,8,it0070,0.5198212265968323,0.679050862789154,0.0,False,1
C5_0_90k,search,128,2,8,it0071,0.4781811833381653,0.45109641551971436,0.07142857142857142,False,0
C5_0_90k,search,128,2,8,it0072,0.5329221487045288,0.5387722253799438,0.0,False,0
C5_0_90k,search,128,2,8,it0073,0.14341092109680176,0.2705790400505066,0.3103448275862069,False,1
C5_0_90k,search,128,2,8,it0074,0.4067801237106323,0.3860965967178345,0.0,False,0
C5_0_90k,search,128,2,8,it0075,0.3285177946090698,0.4389123320579529,0.043478260869565216,False,1
C5_0_90k,search,128,2,8,it0076,0.6619523763656616,0.4709584712982178,0.782608695652174,True,0
C5_0_90k,search,128,2,8,it0077,0.45919913053512573,0.5726693272590637,0.0,False,1
C5_0_90k,search,128,2,8,it0078,0.3927185535430908,0.43468648195266724,0.14285714285714285,False,0
C5_0_90k,search,128,2,8,it0079,0.6797803640365601,0.652963399887085,0.0,False,1
C5_0_90k,search,128,2,8,it0080,0.5129080414772034,0.29395413398742676,0.2926829268292683,False,1
C5_0_90k,search,128,2,8,it0081,0.4852367043495178,0.5186862349510193,0.14285714285714285,False,1
C5_0_90k,search,128,2,8,it0082,0.4494955241680145,0.4767974615097046,0.11764705882352941,False,1
C5_0_90k,search,128,2,8,it0083,0.5348812341690063,0.44990068674087524,0.0,False,0
C5_0_90k,search,128,2,8,it0084,0.6680443286895752,0.5941811800003052,0.06666666666666667,False,0
C5_0_90k,search,128,2,8,it0085,0.5762585401535034,0.3857121169567108,0.07142857142857142,False,1
C5_0_90k,search,128,2,8,it0086,0.6038857698440552,0.5856192111968994,0.0,False,1
C5_0_90k,search,128,2,8,it0087,0.5456900596618652,0.7104141116142273,0.0,False,0
C5_0_90k,search,128,2,8,it0088,0.2817498445510864,0.40563851594924927,0.047619047619047616,False,1
C5_0_90k,search,128,2,8,it0089,0.5214312672615051,0.34697359800338745,0.0,False,1
C5_0_90k,search,128,2,8,it0090,0.6173520088195801,0.62400221824646,0.0,False,1
C5_0_90k,search,128,2,8,it0091,0.5633196830749512,0.5411046147346497,0.06451612903225806,False,0
C5_0_90k,search,128,2,8,it0092,0.5958918929100037,0.5363087058067322,0.02857142857142857,False,0
C5_0_90k,search,128,2,8,it0093,0.5391579866409302,0.43899956345558167,0.15789473684210525,False,1
C5_0_90k,search,128,2,8,it0094,0.4902043342590332,0.5426598191261292,0.07692307692307693,False,0
C5_0_90k,search,128,2,8,it0095,0.5041024088859558,0.6736645102500916,0.0,False,0
C5_0_90k,search,128,2,8,it0096,0.5490012764930725,0.48639047145843506,0.045454545454545456,False,1
C5_0_90k,search,128,2,8,it0097,0.6104603409767151,0.6871384382247925,0.1,False,0
C5_0_90k,search,128,2,8,it0098,0.561927855014801,0.49304085969924927,0.1111111111111111,False,1
C5_0_90k,search,128,2,8,it0099,0.2754955589771271,0.24193009734153748,0.043478260869565216,False,1
C5_0_90k,search,128,2,8,it0100,0.6308421492576599,0.6832060217857361,0.0,False,1
C5_0_90k,search,128,2,8,it0101,0.44407767057418823,0.40517473220825195,0.21052631578947367,False,1
C5_0_90k,search,128,2,8,it0102,0.23723015189170837,0.41806694865226746,0.0,False,1
C5_0_90k,search,128,2,8,it0103,0.4635533094406128,0.5189601182937622,0.3181818181818182,False,1
C5_0_90k,search,128,2,8,it0104,0.4724504351615906,0.5192367434501648,0.041666666666666664,False,0
C5_0_90k,search,128,2,8,it0105,0.5263873338699341,0.6248307228088379,0.11428571428571428,False,0
C5_0_90k,search,128,2,8,it0106,0.4481399953365326,0.4296792149543762,0.0,False,0
C5_0_90k,search,128,2,8,it0107,0.5942609906196594,0.5404115915298462,0.0,False,1
C5_0_90k,search,128,2,8,it0108,0.606183648109436,0.54099440574646,0.0625,False,0
C5_0_90k,search,128,2,8,it0109,0.4350382089614868,0.4209696352481842,0.0,False,1
C5_0_90k,search,128,2,8,it0110,0.23011748492717743,0.3037058115005493,0.06666666666666667,False,1
C5_0_90k,search,128,2,8,it0111,0.4785829186439514,0.45792123675346375,0.21212121212121213,False,1
C5_0_90k,search,128,2,8,it0112,0.642026424407959,0.588740348815918,0.0,False,0
C5_0_90k,search,128,2,8,it0113,0.5802997946739197,0.532713770866394,0.06818181818181818,False,1
C5_0_90k,search,128,2,8,it0114,0.3222646117210388,0.4429284930229187,0.16666666666666666,False,0
C5_0_90k,search,128,2,8,it0115,0.391732394695282,0.38304218649864197,0.0,False,0
C5_0_90k,search,128,2,8,it0116,0.49687138199806213,0.3394246995449066,0.23529411764705882,False,0
C5_0_90k,search,128,2,8,it0117,0.42729055881500244,0.6015654802322388,0.0,False,0
C5_0_90k,search,128,2,8,it0118,0.6463937759399414,0.60832679271698,0.25,False,1
C5_0_90k,search,128,2,8,it0119,0.5485350489616394,0.521364152431488,0.14285714285714285,False,0
C5_0_90k,search,128,2,8,it0120,0.6209491491317749,0.6563125252723694,0.0,False,1
C5_0_90k,search,128,2,8,it0121,0.5127550363540649,0.45639568567276,0.0,False,0
C5_0_90k,search,128,2,8,it0122,0.3354002833366394,0.330170214176178,0.13636363636363635,False,0
C5_0_90k,search,128,2,8,it0123,0.31559163331985474,0.5602012276649475,0.29411764705882354,False,1
C5_0_90k,search,128,2,8,it0124,0.61544269323349,0.4714778661727905,0.18181818181818182,False,0
C5_0_90k,search,128,2,8,it0125,0.4726148247718811,0.33405816555023193,0.1282051282051282,False,1
C5_0_90k,search,128,2,8,it0126,0.508706271648407,0.4945836365222931,0.0,False,0
C5_0_90k,search,128,2,8,it0127,0.4520227611064911,0.36359041929244995,0.11764705882352941,False,1
C5_0_90k,search,128,2,8,it0128,0.46435973048210144,0.44815391302108765,0.0,False,1
C5_0_90k,search,128,2,8,it0129,0.43542057275772095,0.41055119037628174,0.0,False,1
C5_0_90k,search,128,2,8,it0130,0.4718145728111267,0.38917505741119385,0.0,False,0
C5_0_90k,search,128,2,8,it0131,0.4431295394897461,0.4065573215484619,0.25806451612903225,False,1
C5_0_90k,search,128,2,8,it0132,0.41876694560050964,0.38836079835891724,0.0,False,1
C5_0_90k,search,128,2,8,it0133,0.5813759565353394,0.6787785291671753,0.0,False,1
C5_0_90k,search,128,2,8,it0134,0.34165385365486145,0.3374481797218323,0.10526315789473684,False,1
C5_0_90k,search,128,2,8,it0135,0.5408800840377808,0.6352871656417847,0.20512820512820512,False,1
C5_0_90k,search,128,2,8,it0136,0.5051894783973694,0.5834652185440063,0.0,False,0
C5_0_90k,search,128,2,8,it0137,0.42666658759117126,0.4070982038974762,0.25,False,0
C5_0_90k,search,128,2,8,it0138,0.5354583263397217,0.49748551845550537,0.16666666666666666,False,0
C5_0_90k,search,128,2,8,it0139,0.630864143371582,0.6693921685218811,0.0,False,0
C5_0_90k,search,128,2,8,it0140,0.45132529735565186,0.49368181824684143,0.08333333333333333,False,1
C5_0_90k,search,128,2,8,it0141,0.5926902294158936,0.7103436589241028,0.06666666666666667,False,1
C5_0_90k,search,128,2,8,it0142,0.1475978046655655,0.22782470285892487,0.0,False,1
C5_0_90k,search,128,2,8,it0143,0.3411148190498352,0.546514630317688,0.0625,False,1
C5_0_90k,search,128,2,8,it0144,0.6617093086242676,0.5093762874603271,0.03571428571428571,False,0
C5_0_90k,search,128,2,8,it0145,0.6615200042724609,0.681728184223175,0.0,False,1
C5_0_90k,search,128,2,8,it0146,0.6258260011672974,0.5777074098587036,0.0,False,0
C5_0_90k,search,128,2,8,it0147,0.5538514852523804,0.38008156418800354,0.043478260869565216,False,1
C5_0_90k,search,128,2,8,it0148,0.16642530262470245,0.1993434727191925,0.14285714285714285,False,0
C5_0_90k,search,128,2,8,it0149,0.5586071610450745,0.5671885013580322,0.14285714285714285,False,1
C5_0_90k,search,128,2,8,it0150,0.4750562608242035,0.529323399066925,0.11538461538461539,False,1
C5_0_90k,search,128,2,8,it0151,0.6011861562728882,0.5433894395828247,0.0,False,0
C5_0_90k,search,128,2,8,it0152,0.5175370573997498,0.4254835844039917,0.0,False,0
C5_0_90k,search,128,2,8,it0153,0.388215035200119,0.46651512384414673,0.23809523809523808,False,0
C5_0_90k,search,128,2,8,it0154,0.5156596302986145,0.36584001779556274,0.10526315789473684,False,1
C5_0_90k,search,128,2,8,it0155,0.2336457222700119,0.3082820475101471,0.0,False,0
C5_0_90k,search,128,2,8,it0156,0.3605097532272339,0.36994507908821106,0.0,False,0
C5_0_90k,search,128,2,8,it0157,0.5703960061073303,0.48768091201782227,0.023255813953488372,False,0
C5_0_90k,search,128,2,8,it0158,0.5174733400344849,0.4606371521949768,0.21052631578947367,False,1
C5_0_90k,search,128,2,8,it0159,0.4674997329711914,0.4452768862247467,0.0,False,1
C5_0_90k,search,128,2,8,it0160,0.6039773225784302,0.47821444272994995,0.0,False,1
C5_0_90k,search,128,2,8,it0161,0.45214664936065674,0.41674405336380005,0.10344827586206896,False,1
C5_0_90k,search,128,2,8,it0162,0.08556409925222397,0.24395141005516052,0.037037037037037035,False,1
C5_0_90k,search,128,2,8,it0163,0.4751620292663574,0.5998362898826599,0.0,False,1
C5_0_90k,search,128,2,8,it0164,0.5871677398681641,0.3599047064781189,0.0967741935483871,False,1
C5_0_90k,search,128,2,8,it0165,0.4515777826309204,0.4885956346988678,0.06060606060606061,False,0
C5_0_90k,search,128,2,8,it0166,0.4706619679927826,0.3439357578754425,0.0,False,1
C5_0_90k,search,128,2,8,it0167,0.46441876888275146,0.5406847596168518,0.10526315789473684,False,0
C5_0_90k,search,128,2,8,it0168,0.44640520215034485,0.5449844598770142,0.1,False,0
C5_0_90k,search,128,2,8,it0169,0.4706645607948303,0.4980841279029846,0.0,False,0
C5_0_90k,search,128,2,8,it0170,0.5548704266548157,0.5100969076156616,0.17647058823529413,False,0
C5_0_90k,search,128,2,8,it0171,0.6953669786453247,0.6015980839729309,0.09523809523809523,False,0
C5_0_90k,search,128,2,8,it0172,0.31978675723075867,0.39695337414741516,0.0,False,0
C5_0_90k,search,128,2,8,it0173,0.6845918297767639,0.6633896827697754,0.06666666666666667,False,1
C5_0_90k,search,128,2,8,it0174,0.46452122926712036,0.46703335642814636,0.3125,False,0
C5_0_90k,search,128,2,8,it0175,0.29728588461875916,0.4061422348022461,0.06666666666666667,False,0
C5_0_90k,search,128,2,8,it0176,0.38833561539649963,0.35356616973876953,0.3333333333333333,False,0
C5_0_90k,search,128,2,8,it0177,0.37679004669189453,0.3914380669593811,0.05263157894736842,False,0
C5_0_90k,search,128,2,8,it0178,0.29737743735313416,0.24482466280460358,0.17647058823529413,False,0
C5_0_90k,search,128,2,8,it0179,0.5802803039550781,0.6355414986610413,0.06451612903225806,False,0
C5_0_90k,search,128,2,8,it0180,0.5554443597793579,0.6542478799819946,0.07142857142857142,False,0
C5_0_90k,search,128,2,8,it0181,0.5455753207206726,0.6047842502593994,0.0,False,1
C5_0_90k,search,128,2,8,it0182,0.6357437372207642,0.5359755158424377,0.04,False,0
C5_0_90k,search,128,2,8,it0183,0.6451168656349182,0.5999855995178223,0.04,False,0
C5_0_90k,search,128,2,8,it0184,0.35482466220855713,0.35829615592956543,0.13333333333333333,False,1
C5_0_90k,search,128,2,8,it0185,0.47893986105918884,0.623457670211792,0.06451612903225806,False,1
C5_0_90k,search,128,2,8,it0186,0.5997147560119629,0.5730782747268677,0.041666666666666664,False,1
C5_0_90k,search,128,2,8,it0187,0.41563162207603455,0.46139803528785706,0.0625,False,0
C5_0_90k,search,128,2,8,it0188,0.5322710871696472,0.5515403747558594,0.0,False,0
C5_0_90k,search,128,2,8,it0189,0.37858206033706665,0.28728175163269043,0.0,False,1
C5_0_90k,search,128,2,8,it0190,0.5703275203704834,0.5810221433639526,0.0,False,1
C5_0_90k,search,128,2,8,it0191,0.4902288019657135,0.5087924599647522,0.04,False,1
C5_0_90k,search,128,2,8,it0192,0.5298504829406738,0.5886995792388916,0.1111111111111111,False,0
C5_0_90k,search,128,2,8,it0193,0.5766330361366272,0.30891185998916626,0.1875,False,0
C5_0_90k,search,128,2,8,it0194,0.6830282211303711,0.6457164883613586,0.047619047619047616,False,0
C5_0_90k,search,128,2,8,it0195,0.6048699617385864,0.6505151391029358,0.07692307692307693,False,0
C5_0_90k,search,128,2,8,it0196,0.5645081400871277,0.4366493821144104,0.0,False,1
C5_0_90k,search,128,2,8,it0197,0.310349702835083,0.3745498061180115,0.0,False,1
C5_0_90k,search,128,2,8,it0198,0.21929138898849487,0.2734478712081909,0.0,False,1
C5_0_90k,search,128,2,8,it0199,0.5174679756164551,0.5220257639884949,0.058823529411764705,False,0
C5_0_90k,search,256,4,8,it0000,0.7511892914772034,0.7213786840438843,0.10869565217391304,False,2
C5_0_90k,search,256,4,8,it0001,0.4818684458732605,0.28591400384902954,0.05555555555555555,False,2
C5_0_90k,search,256,4,8,it0002,0.32104068994522095,0.264329195022583,0.2,False,2
C5_0_90k,search,256,4,8,it0003,0.41578853130340576,0.35725322365760803,0.13333333333333333,False,3
C5_0_90k,search,256,4,8,it0004,0.49337708950042725,0.3644936978816986,0.125,False,2
C5_0_90k,search,256,4,8,it0005,0.46620842814445496,0.4614911377429962,0.0,False,3
C5_0_90k,search,256,4,8,it0006,0.41034913063049316,0.4980088174343109,0.1111111111111111,False,1
C5_0_90k,search,256,4,8,it0007,0.3836061954498291,0.463470995426178,0.045454545454545456,False,0
C5_0_90k,search,256,4,8,it0008,0.46590656042099,0.28329595923423767,0.14285714285714285,False,1
C5_0_90k,search,256,4,8,it0009,0.5669159293174744,0.6405081152915955,0.07407407407407407,False,0
C5_0_90k,search,256,4,8,it0010,0.5423458814620972,0.5271005034446716,0.1111111111111111,False,2
C5_0_90k,search,256,4,8,it0011,0.5951414108276367,0.5592872500419617,0.0,False,1
C5_0_90k,search,256,4,8,it0012,0.5259464979171753,0.44005581736564636,0.13793103448275862,False,2
C5_0_90k,search,256,4,8,it0013,0.5134711861610413,0.5963311791419983,0.0,False,0
C5_0_90k,search,256,4,8,it0014,0.6710957288742065,0.5802388191223145,0.0,False,0
C5_0_90k,search,256,4,8,it0015,0.5242782831192017,0.5161198377609253,0.17647058823529413,False,3
C5_0_90k,search,256,4,8,it0016,0.6890613436698914,0.6342847347259521,0.029411764705882353,False,2
C5_0_90k,search,256,4,8,it0017,0.5591026544570923,0.4971020817756653,0.0,False,2
C5_0_90k,search,256,4,8,it0018,0.5228931903839111,0.5869176387786865,0.23529411764705882,False,0
C5_0_90k,search,256,4,8,it0019,0.5923014283180237,0.5771327018737793,0.06521739130434782,False,1
C5_0_90k,search,256,4,8,it0020,0.4553806185722351,0.4103713631629944,0.0,False,2
C5_0_90k,search,256,4,8,it0021,0.6472615003585815,0.5087779760360718,0.09090909090909091,False,3
C5_0_90k,search,256,4,8,it0022,0.3671228885650635,0.4620473086833954,0.225,False,2
C5_0_90k,search,256,4,8,it0023,0.5916309356689453,0.6315404772758484,0.16666666666666666,False,0
C5_0_90k,search,256,4,8,it0024,0.554627537727356,0.532080352306366,0.14285714285714285,False,3
C5_0_90k,search,256,4,8,it0025,0.6336972713470459,0.645127534866333,0.05,False,1
C5_0_90k,search,256,4,8,it0026,0.2021224945783615,0.2557133734226227,0.125,False,1
C5_0_90k,search,256,4,8,it0027,0.6573644876480103,0.7029409408569336,0.0,False,2
C5_0_90k,search,256,4,8,it0028,0.41811904311180115,0.5611090064048767,0.16666666666666666,False,2
C5_0_90k,search,256,4,8,it0029,0.17517592012882233,0.30525946617126465,0.0,False,0
C5_0_90k,search,256,4,8,it0030,0.4687136709690094,0.4849960207939148,0.08,False,3
C5_0_90k,search,256,4,8,it0031,0.30443787574768066,0.3271009027957916,0.2222222222222222,False,3
C5_0_90k,search,256,4,8,it0032,0.6932083964347839,0.5730375051498413,0.2222222222222222,False,0
C5_0_90k,search,256,4,8,it0033,0.35412082076072693,0.260703980922699,0.15384615384615385,False,0
C5_0_90k,search,256,4,8,it0034,0.6252408027648926,0.6336060166358948,0.03333333333333333,False,1
C5_0_90k,search,256,4,8,it0035,0.3081616163253784,0.29206034541130066,0.15384615384615385,False,1
C5_0_90k,search,256,4,8,it0036,0.650110125541687,0.572455883026123,0.0,False,0
C5_0_90k,search,256,4,8,it0037,0.613370418548584,0.5735613703727722,0.0,False,0
C5_0_90k,search,256,4,8,it0038,0.3803599178791046,0.17940391600131989,0.05405405405405406,False,0
C5_0_90k,search,256,4,8,it0039,0.5971692204475403,0.5473920106887817,0.14634146341463414,False,3
C5_0_90k,search,256,4,8,it0040,0.39022296667099,0.385214626789093,0.0,False,3
C5_0_90k,search,256,4,8,it0041,0.6917071342468262,0.57090163230896,0.13636363636363635,False,1
C5_0_90k,search,256,4,8,it0042,0.41774481534957886,0.4516679644584656,0.1111111111111111,False,0
C5_0_90k,search,256,4,8,it0043,0.22019298374652863,0.19483743607997894,0.0,False,0
C5_0_90k,search,256,4,8,it0044,0.5416755676269531,0.6611497402191162,0.16,False,3
C5_0_90k,search,256,4,8,it0045,0.3482253849506378,0.40745943784713745,0.0,False,3
C5_0_90k,search,256,4,8,it0046,0.41462206840515137,0.35738080739974976,0.0625,False,1
C5_0_90k,search,256,4,8,it0047,0.29756444692611694,0.43163180351257324,0.45,False,0
C5_0_90k,search,256,4,8,it0048,0.4662037491798401,0.4290906488895416,0.0625,False,3
C5_0_90k,search,256,4,8,it0049,0.39275655150413513,0.5839664340019226,0.4090909090909091,False,1
C5_0_90k,search,256,4,8,it0050,0.21156877279281616,-0.006737382151186466,0.2727272727272727,False,1
C5_0_90k,search,256,4,8,it0051,0.25631386041641235,0.552118182182312,0.13793103448275862,False,1
C5_0_90k,search,256,4,8,it0052,0.446513831615448,0.5282491445541382,0.06666666666666667,False,0
C5_0_90k,search,256,4,8,it0053,0.3780008554458618,0.4884752035140991,0.13513513513513514,False,0
C5_0_90k,search,256,4,8,it0054,0.4235075116157532,0.3736078441143036,0.125,False,2
C5_0_90k,search,256,4,8,it0055,0.4174259603023529,0.44843047857284546,0.15384615384615385,False,3
C5_0_90k,search,256,4,8,it0056,0.4337082505226135,0.3334159553050995,0.1,False,3
C5_0_90k,search,256,4,8,it0057,0.4449697732925415,0.4273969233036041,0.35294117647058826,False,3
C5_0_90k,search,256,4,8,it0058,0.45671266317367554,0.4554564654827118,0.16666666666666666,False,0
C5_0_90k,search,256,4,8,it0059,0.6407202482223511,0.6266975998878479,0.10714285714285714,False,2
C5_0_90k,search,256,4,8,it0060,0.47323912382125854,0.5476369857788086,0.11764705882352941,False,2
C5_0_90k,search,256,4,8,it0061,0.5350379347801208,0.5848873257637024,0.0,False,0
C5_0_90k,search,256,4,8,it0062,0.5580835342407227,0.5902469158172607,0.0,False,2
C5_0_90k,search,256,4,8,it0063,0.4804161489009857,0.43873101472854614,0.0,False,3
C5_0_90k,search,256,4,8,it0064,0.37829524278640747,0.5660545825958252,0.16666666666666666,False,3
C5_0_90k,search,256,4,8,it0065,0.7231689095497131,0.7141791582107544,0.07692307692307693,False,3
C5_0_90k,search,256,4,8,it0066,0.27496621012687683,0.39486581087112427,0.19047619047619047,False,2
C5_0_90k,search,256,4,8,it0067,0.3146865963935852,0.23599064350128174,0.05555555555555555,False,2
C5_0_90k,search,256,4,8,it0068,0.6821210384368896,0.6674080491065979,0.0,False,0
C5_0_90k,search,256,4,8,it0069,0.5393427014350891,0.4645271301269531,0.045454545454545456,False,2
C5_0_90k,search,256,4,8,it0070,0.5198212265968323,0.679050862789154,0.0,False,1
C5_0_90k,search,256,4,8,it0071,0.491201788187027,0.4988188147544861,0.07142857142857142,False,3
C5_0_90k,search,256,4,8,it0072,0.5329221487045288,0.5387722253799438,0.0,False,0
C5_0_90k,search,256,4,8,it0073,0.14341092109680176,0.2705790400505066,0.3103448275862069,False,1
C5_0_90k,search,256,4,8,it0074,0.435829758644104,0.4531537592411041,0.0,False,2
C5_0_90k,search,256,4,8,it0075,0.26418936252593994,0.4707365930080414,0.0,False,2
C5_0_90k,search,256,4,8,it0076,0.6619523763656616,0.4709584712982178,0.782608695652174,True,0
C5_0_90k,search,256,4,8,it0077,0.45919913053512573,0.5726693272590637,0.0,False,1
C5_0_90k,search,256,4,8,it0078,0.3927185535430908,0.43468648195266724,0.14285714285714285,False,0
C5_0_90k,search,256,4,8,it0079,0.6797803640365601,0.652963399887085,0.0,False,1
C5_0_90k,search,256,4,8,it0080,0.469485342502594,0.3363730013370514,0.17073170731707318,False,2
C5_0_90k,search,256,4,8,it0081,0.5033777356147766,0.5597568154335022,0.03571428571428571,False,3
C5_0_90k,search,256,4,8,it0082,0.502705454826355,0.5808423757553101,0.11764705882352941,False,3
C5_0_90k,search,256,4,8,it0083,0.5348812341690063,0.44990068674087524,0.0,False,0
C5_0_90k,search,256,4,8,it0084,0.6680443286895752,0.5941811800003052,0.06666666666666667,False,0
C5_0_90k,search,256,4,8,it0085,0.5762585401535034,0.3857121169567108,0.07142857142857142,False,1
C5_0_90k,search,256,4,8,it0086,0.5670908689498901,0.5927449464797974,0.0,False,2
C5_0_90k,search,256,4,8,it0087,0.5456900596618652,0.7104141116142273,0.0,False,0
C5_0_90k,search,256,4,8,it0088,0.2817498445510864,0.40563851594924927,0.047619047619047616,False,1
C5_0_90k,search,256,4,8,it0089,0.5019083619117737,0.44199323654174805,0.0,False,3
C5_0_90k,search,256,4,8,it0090,0.6173520088195801,0.62400221824646,0.0,False,1
C5_0_90k,search,256,4,8,it0091,0.6453285217285156,0.5693284869194031,0.03225806451612903,False,3
C5_0_90k,search,256,4,8,it0092,0.5958918929100037,0.5363087058067322,0.02857142857142857,False,0
C5_0_90k,search,256,4,8,it0093,0.5056881904602051,0.5523420572280884,0.0,False,2
C5_0_90k,search,256,4,8,it0094,0.5454095005989075,0.5446733832359314,0.0,False,2
C5_0_90k,search,256,4,8,it0095,0.5041024088859558,0.6736645102500916,0.0,False,0
C5_0_90k,search,256,4,8,it0096,0.5458804965019226,0.5555118322372437,0.18181818181818182,False,3
C5_0_90k,search,256,4,8,it0097,0.6104603409767151,0.6871384382247925,0.1,False,0
C5_0_90k,search,256,4,8,it0098,0.6067690849304199,0.5759685635566711,0.07407407407407407,False,2
C5_0_90k,search,256,4,8,it0099,0.27938592433929443,0.2616640627384186,0.0,False,3
C5_0_90k,search,256,4,8,it0100,0.670118510723114,0.6978188157081604,0.0,False,3
C5_0_90k,search,256,4,8,it0101,0.49824658036231995,0.4914032220840454,0.0,False,3
C5_0_90k,search,256,4,8,it0102,0.23723015189170837,0.41806694865226746,0.0,False,1
C5_0_90k,search,256,4,8,it0103,0.5126283168792725,0.5545394420623779,0.0,False,2
C5_0_90k,search,256,4,8,it0104,0.5389434695243835,0.582184910774231,0.0,False,3
C5_0_90k,search,256,4,8,it0105,0.5263873338699341,0.6248307228088379,0.11428571428571428,False,0
C5_0_90k,search,256,4,8,it0106,0.3816154897212982,0.4570932686328888,0.041666666666666664,False,3
C5_0_90k,search,256,4,8,it0107,0.5942609906196594,0.5404115915298462,0.0,False,1
C5_0_90k,search,256,4,8,it0108,0.606183648109436,0.54099440574646,0.0625,False,0
C5_0_90k,search,256,4,8,it0109,0.5151329040527344,0.44288623332977295,0.10526315789473684,False,2
C5_0_90k,search,256,4,8,it0110,0.23011748492717743,0.3037058115005493,0.06666666666666667,False,1
C5_0_90k,search,256,4,8,it0111,0.4785829186439514,0.45792123675346375,0.21212121212121213,False,1
C5_0_90k,search,256,4,8,it0112,0.642026424407959,0.588740348815918,0.0,False,0
C5_0_90k,search,256,4,8,it0113,0.5802997946739197,0.532713770866394,0.06818181818181818,False,1
C5_0_90k,search,256,4,8,it0114,0.45202773809432983,0.47243961691856384,0.2777777777777778,False,2
C5_0_90k,search,256,4,8,it0115,0.391732394695282,0.38304218649864197,0.0,False,0
C5_0_90k,search,256,4,8,it0116,0.6374613046646118,0.3823091983795166,0.0,False,3
C5_0_90k,search,256,4,8,it0117,0.42729055881500244,0.6015654802322388,0.0,False,0
C5_0_90k,search,256,4,8,it0118,0.6376393437385559,0.641537606716156,0.038461538461538464,False,2
C5_0_90k,search,256,4,8,it0119,0.5072051882743835,0.6130647659301758,0.0,False,3
C5_0_90k,search,256,4,8,it0120,0.6209491491317749,0.6563125252723694,0.0,False,1
C5_0_90k,search,256,4,8,it0121,0.5127550363540649,0.45639568567276,0.0,False,0
C5_0_90k,search,256,4,8,it0122,0.4323212206363678,0.3623013198375702,0.045454545454545456,False,2
C5_0_90k,search,256,4,8,it0123,0.31559163331985474,0.5602012276649475,0.29411764705882354,False,1
C5_0_90k,search,256,4,8,it0124,0.654212474822998,0.5359460115432739,0.030303030303030304,False,2
C5_0_90k,search,256,4,8,it0125,0.47516074776649475,0.33924922347068787,0.1282051282051282,False,3
C5_0_90k,search,256,4,8,it0126,0.505496084690094,0.5281566381454468,0.0,False,2
C5_0_90k,search,256,4,8,it0127,0.4051300287246704,0.4572298526763916,0.4117647058823529,False,2
C5_0_90k,search,256,4,8,it0128,0.46435973048210144,0.44815391302108765,0.0,False,1
C5_0_90k,search,256,4,8,it0129,0.43542057275772095,0.41055119037628174,0.0,False,1
C5_0_90k,search,256,4,8,it0130,0.44908010959625244,0.4379642903804779,0.1,False,3
C5_0_90k,search,256,4,8,it0131,0.4431295394897461,0.4065573215484619,0.25806451612903225,False,1
C5_0_90k,search,256,4,8,it0132,0.4818328022956848,0.5184125304222107,0.0,False,3
C5_0_90k,search,256,4,8,it0133,0.5813759565353394,0.6787785291671753,0.0,False,1
C5_0_90k,search,256,4,8,it0134,0.38359150290489197,0.3569466173648834,0.07894736842105263,False,2
C5_0_90k,search,256,4,8,it0135,0.5408800840377808,0.6352871656417847,0.20512820512820512,False,1
C5_0_90k,search,256,4,8,it0136,0.5051894783973694,0.5834652185440063,0.0,False,0
C5_0_90k,search,256,4,8,it0137,0.519233226776123,0.4826433062553406,0.0,False,2
C5_0_90k,search,256,4,8,it0138,0.5845616459846497,0.6317495107650757,0.2222222222222222,False,2
C5_0_90k,search,256,4,8,it0139,0.630864143371582,0.6693921685218811,0.0,False,0
C5_0_90k,search,256,4,8,it0140,0.45132529735565186,0.49368181824684143,0.08333333333333333,False,1
C5_0_90k,search,256,4,8,it0141,0.5926902294158936,0.7103436589241028,0.06666666666666667,False,1
C5_0_90k,search,256,4,8,it0142,0.3856307864189148,0.4130340814590454,0.0,False,3
C5_0_90k,search,256,4,8,it0143,0.3411148190498352,0.546514630317688,0.0625,False,1
C5_0_90k,search,256,4,8,it0144,0.6617093086242676,0.5093762874603271,0.03571428571428571,False,0
C5_0_90k,search,256,4,8,it0145,0.6615200042724609,0.681728184223175,0.0,False,1
C5_0_90k,search,256,4,8,it0146,0.5410981178283691,0.6381179094314575,0.0,False,2
C5_0_90k,search,256,4,8,it0147,0.5441359281539917,0.4516160488128662,0.0,False,3
C5_0_90k,search,256,4,8,it0148,0.16642530262470245,0.1993434727191925,0.14285714285714285,False,0
C5_0_90k,search,256,4,8,it0149,0.5586071610450745,0.5671885013580322,0.14285714285714285,False,1
C5_0_90k,search,256,4,8,it0150,0.4750562608242035,0.529323399066925,0.11538461538461539,False,1
C5_0_90k,search,256,4,8,it0151,0.6011861562728882,0.5433894395828247,0.0,False,0
C5_0_90k,search,256,4,8,it0152,0.5175370573997498,0.4254835844039917,0.0,False,0
C5_0_90k,search,256,4,8,it0153,0.388215035200119,0.46651512384414673,0.23809523809523808,False,0
C5_0_90k,search,256,4,8,it0154,0.5156596302986145,0.36584001779556274,0.10526315789473684,False,1
C5_0_90k,search,256,4,8,it0155,0.22442534565925598,0.3132852613925934,0.0,False,2
C5_0_90k,search,256,4,8,it0156,0.4799419343471527,0.4803527593612671,0.047619047619047616,False,2
C5_0_90k,search,256,4,8,it0157,0.5703960061073303,0.48768091201782227,0.023255813953488372,False,0
C5_0_90k,search,256,4,8,it0158,0.5174733400344849,0.4606371521949768,0.21052631578947367,False,1
C5_0_90k,search,256,4,8,it0159,0.4674997329711914,0.4452768862247467,0.0,False,1
C5_0_90k,search,256,4,8,it0160,0.5885590314865112,0.49436745047569275,0.0,False,3
C5_0_90k,search,256,4,8,it0161,0.4850761592388153,0.46710532903671265,0.06896551724137931,False,2
C5_0_90k,search,256,4,8,it0162,0.08556409925222397,0.24395141005516052,0.037037037037037035,False,1
C5_0_90k,search,256,4,8,it0163,0.4433751404285431,0.6521450281143188,0.0,False,3
C5_0_90k,search,256,4,8,it0164,0.5777061581611633,0.43581900000572205,0.0,False,2
C5_0_90k,search,256,4,8,it0165,0.5060918927192688,0.5383782982826233,0.030303030303030304,False,3
C5_0_90k,search,256,4,8,it0166,0.4706619679927826,0.3439357578754425,0.0,False,1
C5_0_90k,search,256,4,8,it0167,0.5495126843452454,0.5971759557723999,0.10526315789473684,False,2
C5_0_90k,search,256,4,8,it0168,0.44640520215034485,0.5449844598770142,0.1,False,0
C5_0_90k,search,256,4,8,it0169,0.4706645607948303,0.4980841279029846,0.0,False,0
C5_0_90k,search,256,4,8,it0170,0.5548704266548157,0.5100969076156616,0.17647058823529413,False,0
C5_0_90k,search,256,4,8,it0171,0.6704195737838745,0.6355726718902588,0.047619047619047616,False,3
C5_0_90k,search,256,4,8,it0172,0.3257347345352173,0.48812782764434814,0.04,False,3
C5_0_90k,search,256,4,8,it0173,0.6845918297767639,0.6633896827697754,0.06666666666666667,False,1
C5_0_90k,search,256,4,8,it0174,0.46452122926712036,0.46703335642814636,0.3125,False,0
C5_0_90k,search,256,4,8,it0175,0.29728588461875916,0.4061422348022461,0.06666666666666667,False,0
C5_0_90k,search,256,4,8,it0176,0.40221938490867615,0.44039660692214966,0.1111111111111111,False,3
C5_0_90k,search,256,4,8,it0177,0.4684860408306122,0.5245199799537659,0.05263157894736842,False,3
C5_0_90k,search,256,4,8,it0178,0.29737743735313416,0.24482466280460358,0.17647058823529413,False,0
C5_0_90k,search,256,4,8,it0179,0.5802803039550781,0.6355414986610413,0.06451612903225806,False,0
C5_0_90k,search,256,4,8,it0180,0.5554443597793579,0.6542478799819946,0.07142857142857142,False,0
C5_0_90k,search,256,4,8,it0181,0.5455753207206726,0.6047842502593994,0.0,False,1
C5_0_90k,search,256,4,8,it0182,0.6357437372207642,0.5359755158424377,0.04,False,0
C5_0_90k,search,256,4,8,it0183,0.6451168656349182,0.5999855995178223,0.04,False,0
C5_0_90k,search,256,4,8,it0184,0.35482466220855713,0.35829615592956543,0.13333333333333333,False,1
C5_0_90k,search,256,4,8,it0185,0.47893986105918884,0.623457670211792,0.06451612903225806,False,1
C5_0_90k,search,256,4,8,it0186,0.5997147560119629,0.5730782747268677,0.041666666666666664,False,1
C5_0_90k,search,256,4,8,it0187,0.38366004824638367,0.5205402970314026,0.0,False,3
C5_0_90k,search,256,4,8,it0188,0.5322710871696472,0.5515403747558594,0.0,False,0
C5_0_90k,search,256,4,8,it0189,0.37858206033706665,0.28728175163269043,0.0,False,1
C5_0_90k,search,256,4,8,it0190,0.4726721942424774,0.5870532989501953,0.125,False,2
C5_0_90k,search,256,4,8,it0191,0.4902288019657135,0.5087924599647522,0.04,False,1
C5_0_90k,search,256,4,8,it0192,0.5527315139770508,0.5923377871513367,0.4444444444444444,False,2
C5_0_90k,search,256,4,8,it0193,0.5766330361366272,0.30891185998916626,0.1875,False,0
C5_0_90k,search,256,4,8,it0194,0.6830282211303711,0.6457164883613586,0.047619047619047616,False,0
C5_0_90k,search,256,4,8,it0195,0.6048699617385864,0.6505151391029358,0.07692307692307693,False,0
C5_0_90k,search,256,4,8,it0196,0.5430638194084167,0.4835547208786011,0.14285714285714285,False,2
C5_0_90k,search,256,4,8,it0197,0.4614686369895935,0.4372069835662842,0.0,False,2
C5_0_90k,search,256,4,8,it0198,0.21929138898849487,0.2734478712081909,0.0,False,1
C5_0_90k,search,256,4,8,it0199,0.5174679756164551,0.5220257639884949,0.058823529411764705,False,0
C5_0_90k,search,512,8,8,it0000,0.7511892914772034,0.7213786840438843,0.10869565217391304,False,2
C5_0_90k,search,512,8,8,it0001,0.5065778493881226,0.30601808428764343,0.0,False,5
C5_0_90k,search,512,8,8,it0002,0.40146464109420776,0.37397944927215576,0.26666666666666666,False,4
C5_0_90k,search,512,8,8,it0003,0.5470801591873169,0.4577883780002594,0.2,False,4
C5_0_90k,search,512,8,8,it0004,0.5526266098022461,0.4301277697086334,0.125,False,7
C5_0_90k,search,512,8,8,it0005,0.4423752725124359,0.5444640517234802,0.1111111111111111,False,4
C5_0_90k,search,512,8,8,it0006,0.43593981862068176,0.5332695245742798,0.05555555555555555,False,5
C5_0_90k,search,512,8,8,it0007,0.3452705442905426,0.5206184387207031,0.045454545454545456,False,7
C5_0_90k,search,512,8,8,it0008,0.46590656042099,0.28329595923423767,0.14285714285714285,False,1
C5_0_90k,search,512,8,8,it0009,0.5897830724716187,0.6566267609596252,0.14814814814814814,False,6
C5_0_90k,search,512,8,8,it0010,0.5547387003898621,0.5402925610542297,0.16666666666666666,False,5
C5_0_90k,search,512,8,8,it0011,0.6305996775627136,0.5713299512863159,0.0,False,6
C5_0_90k,search,512,8,8,it0012,0.5259464979171753,0.44005581736564636,0.13793103448275862,False,2
C5_0_90k,search,512,8,8,it0013,0.4885788857936859,0.6553632020950317,0.0,False,7
C5_0_90k,search,512,8,8,it0014,0.6710957288742065,0.5802388191223145,0.0,False,0
C5_0_90k,search,512,8,8,it0015,0.5407062768936157,0.5274302363395691,0.11764705882352941,False,6
C5_0_90k,search,512,8,8,it0016,0.6890613436698914,0.6342847347259521,0.029411764705882353,False,2
C5_0_90k,search,512,8,8,it0017,0.4673377573490143,0.5049726366996765,0.0,False,5
C5_0_90k,search,512,8,8,it0018,0.5737547874450684,0.6490527987480164,0.029411764705882353,False,6
C5_0_90k,search,512,8,8,it0019,0.5923014283180237,0.5771327018737793,0.06521739130434782,False,1
C5_0_90k,search,512,8,8,it0020,0.4553806185722351,0.4103713631629944,0.0,False,2
C5_0_90k,search,512,8,8,it0021,0.6472615003585815,0.5087779760360718,0.09090909090909091,False,3
C5_0_90k,search,512,8,8,it0022,0.40684133768081665,0.47253501415252686,0.225,False,4
C5_0_90k,search,512,8,8,it0023,0.5916309356689453,0.6315404772758484,0.16666666666666666,False,0
C5_0_90k,search,512,8,8,it0024,0.554627537727356,0.532080352306366,0.14285714285714285,False,3
C5_0_90k,search,512,8,8,it0025,0.6336972713470459,0.645127534866333,0.05,False,1
C5_0_90k,search,512,8,8,it0026,0.3301112949848175,0.35927915573120117,0.25,False,4
C5_0_90k,search,512,8,8,it0027,0.6573644876480103,0.7029409408569336,0.0,False,2
C5_0_90k,search,512,8,8,it0028,0.5441513061523438,0.6179242134094238,0.047619047619047616,False,7
C5_0_90k,search,512,8,8,it0029,0.33708521723747253,0.33055463433265686,0.0625,False,6
C5_0_90k,search,512,8,8,it0030,0.5839499831199646,0.5735952854156494,0.04,False,4
C5_0_90k,search,512,8,8,it0031,0.33567968010902405,0.3522629737854004,0.2222222222222222,False,7
C5_0_90k,search,512,8,8,it0032,0.5891161561012268,0.6262035369873047,0.14814814814814814,False,7
C5_0_90k,search,512,8,8,it0033,0.40624308586120605,0.3074602782726288,0.15384615384615385,False,5
C5_0_90k,search,512,8,8,it0034,0.6150004863739014,0.6480239629745483,0.0,False,5
C5_0_90k,search,512,8,8,it0035,0.3081616163253784,0.29206034541130066,0.15384615384615385,False,1
C5_0_90k,search,512,8,8,it0036,0.650110125541687,0.572455883026123,0.0,False,0
C5_0_90k,search,512,8,8,it0037,0.5676789283752441,0.5772237777709961,0.13333333333333333,False,4
C5_0_90k,search,512,8,8,it0038,0.36348238587379456,0.25411444902420044,0.02702702702702703,False,7
C5_0_90k,search,512,8,8,it0039,0.5538806915283203,0.5597962141036987,0.07317073170731707,False,5
C5_0_90k,search,512,8,8,it0040,0.4539303779602051,0.4342672526836395,0.0,False,4
C5_0_90k,search,512,8,8,it0041,0.6917071342468262,0.57090163230896,0.13636363636363635,False,1
C5_0_90k,search,512,8,8,it0042,0.4318367540836334,0.48557788133621216,0.14814814814814814,False,7
C5_0_90k,search,512,8,8,it0043,0.3797816038131714,0.32409897446632385,0.0,False,7
C5_0_90k,search,512,8,8,it0044,0.5416755676269531,0.6611497402191162,0.16,False,3
C5_0_90k,search,512,8,8,it0045,0.32902878522872925,0.45275649428367615,0.03333333333333333,False,4
C5_0_90k,search,512,8,8,it0046,0.34795117378234863,0.39887312054634094,0.0,False,4
C5_0_90k,search,512,8,8,it0047,0.29756444692611694,0.43163180351257324,0.45,False,0
C5_0_90k,search,512,8,8,it0048,0.43745288252830505,0.48668575286865234,0.0,False,5
C5_0_90k,search,512,8,8,it0049,0.39275655150413513,0.5839664340019226,0.4090909090909091,False,1
C5_0_90k,search,512,8,8,it0050,0.21156877279281616,-0.006737382151186466,0.2727272727272727,False,1
C5_0_90k,search,512,8,8,it0051,0.25631386041641235,0.552118182182312,0.13793103448275862,False,1
C5_0_90k,search,512,8,8,it0052,0.446513831615448,0.5282491445541382,0.06666666666666667,False,0
C5_0_90k,search,512,8,8,it0053,0.4123903512954712,0.5657346248626709,0.10810810810810811,False,6
C5_0_90k,search,512,8,8,it0054,0.4235075116157532,0.3736078441143036,0.125,False,2
C5_0_90k,search,512,8,8,it0055,0.5370461344718933,0.5341208577156067,0.07692307692307693,False,7
C5_0_90k,search,512,8,8,it0056,0.5183278918266296,0.3878566026687622,0.15,False,7
C5_0_90k,search,512,8,8,it0057,0.5435105562210083,0.5110560655593872,0.058823529411764705,False,7
C5_0_90k,search,512,8,8,it0058,0.45671266317367554,0.4554564654827118,0.16666666666666666,False,0
C5_0_90k,search,512,8,8,it0059,0.6407202482223511,0.6266975998878479,0.10714285714285714,False,2
C5_0_90k,search,512,8,8,it0060,0.47323912382125854,0.5476369857788086,0.11764705882352941,False,2
C5_0_90k,search,512,8,8,it0061,0.548489511013031,0.6514785289764404,0.0,False,5
C5_0_90k,search,512,8,8,it0062,0.6759785413742065,0.6715237498283386,0.0,False,6
C5_0_90k,search,512,8,8,it0063,0.4804161489009857,0.43873101472854614,0.0,False,3
C5_0_90k,search,512,8,8,it0064,0.5358585119247437,0.6018574237823486,0.0,False,7
C5_0_90k,search,512,8,8,it0065,0.6947768926620483,0.7376207709312439,0.1794871794871795,False,5
C5_0_90k,search,512,8,8,it0066,0.375665545463562,0.4452907145023346,0.3333333333333333,False,6
C5_0_90k,search,512,8,8,it0067,0.29366374015808105,0.2931141257286072,0.16666666666666666,False,7
C5_0_90k,search,512,8,8,it0068,0.6821210384368896,0.6674080491065979,0.0,False,0
C5_0_90k,search,512,8,8,it0069,0.48072507977485657,0.46826353669166565,0.09090909090909091,False,6
C5_0_90k,search,512,8,8,it0070,0.5198212265968323,0.679050862789154,0.0,False,1
C5_0_90k,search,512,8,8,it0071,0.5670440793037415,0.5849952697753906,0.17857142857142858,False,5
C5_0_90k,search,512,8,8,it0072,0.5024843811988831,0.5398025512695312,0.0,False,5
C5_0_90k,search,512,8,8,it0073,0.20521898567676544,0.353556364774704,0.1724137931034483,False,7
C5_0_90k,search,512,8,8,it0074,0.3779340982437134,0.4668203592300415,0.0,False,7
C5_0_90k,search,512,8,8,it0075,0.26418936252593994,0.4707365930080414,0.0,False,2
C5_0_90k,search,512,8,8,it0076,0.6619523763656616,0.4709584712982178,0.782608695652174,True,0
C5_0_90k,search,512,8,8,it0077,0.5095074772834778,0.5820684432983398,0.16666666666666666,False,7
C5_0_90k,search,512,8,8,it0078,0.3927185535430908,0.43468648195266724,0.14285714285714285,False,0
C5_0_90k,search,512,8,8,it0079,0.6797803640365601,0.652963399887085,0.0,False,1
C5_0_90k,search,512,8,8,it0080,0.469485342502594,0.3363730013370514,0.17073170731707318,False,2
C5_0_90k,search,512,8,8,it0081,0.5033777356147766,0.5597568154335022,0.03571428571428571,False,3
C5_0_90k,search,512,8,8,it0082,0.5406516194343567,0.5918062329292297,0.0,False,4
C5_0_90k,search,512,8,8,it0083,0.5913115739822388,0.4606025815010071,0.0,False,7
C5_0_90k,search,512,8,8,it0084,0.6676771640777588,0.6070923209190369,0.0,False,4
C5_0_90k,search,512,8,8,it0085,0.626854419708252,0.44730517268180847,0.0,False,5
C5_0_90k,search,512,8,8,it0086,0.5670908689498901,0.5927449464797974,0.0,False,2
C5_0_90k,search,512,8,8,it0087,0.5456900596618652,0.7104141116142273,0.0,False,0
C5_0_90k,search,512,8,8,it0088,0.2817498445510864,0.40563851594924927,0.047619047619047616,False,1
C5_0_90k,search,512,8,8,it0089,0.5019083619117737,0.44199323654174805,0.0,False,3
C5_0_90k,search,512,8,8,it0090,0.613100528717041,0.6401989459991455,0.0,False,4
C5_0_90k,search,512,8,8,it0091,0.5977203845977783,0.5992148518562317,0.0,False,5
C5_0_90k,search,512,8,8,it0092,0.5382512211799622,0.5952126979827881,0.05714285714285714,False,6
C5_0_90k,search,512,8,8,it0093,0.5056881904602051,0.5523420572280884,0.0,False,2
C5_0_90k,search,512,8,8,it0094,0.6368271112442017,0.5676065683364868,0.0,False,6
C5_0_90k,search,512,8,8,it0095,0.5041024088859558,0.6736645102500916,0.0,False,0
C5_0_90k,search,512,8,8,it0096,0.5458804965019226,0.5555118322372437,0.18181818181818182,False,3
C5_0_90k,search,512,8,8,it0097,0.6104603409767151,0.6871384382247925,0.1,False,0
C5_0_90k,search,512,8,8,it0098,0.6067690849304199,0.5759685635566711,0.07407407407407407,False,2
C5_0_90k,search,512,8,8,it0099,0.27938592433929443,0.2616640627384186,0.0,False,3
C5_0_90k,search,512,8,8,it0100,0.670118510723114,0.6978188157081604,0.0,False,3
C5_0_90k,search,512,8,8,it0101,0.5313681960105896,0.4978182315826416,0.0,False,5
C5_0_90k,search,512,8,8,it0102,0.23723015189170837,0.41806694865226746,0.0,False,1
C5_0_90k,search,512,8,8,it0103,0.5126283168792725,0.5545394420623779,0.0,False,2
C5_0_90k,search,512,8,8,it0104,0.5389434695243835,0.582184910774231,0.0,False,3
C5_0_90k,search,512,8,8,it0105,0.5293018817901611,0.6940290927886963,0.02857142857142857,False,7
C5_0_90k,search,512,8,8,it0106,0.3816154897212982,0.4570932686328888,0.041666666666666664,False,3
C5_0_90k,search,512,8,8,it0107,0.5942609906196594,0.5404115915298462,0.0,False,1
C5_0_90k,search,512,8,8,it0108,0.5626320838928223,0.5871036052703857,0.25,False,5
C5_0_90k,search,512,8,8,it0109,0.5151329040527344,0.44288623332977295,0.10526315789473684,False,2
C5_0_90k,search,512,8,8,it0110,0.1978866159915924,0.33230289816856384,0.1,False,5
C5_0_90k,search,512,8,8,it0111,0.4785829186439514,0.45792123675346375,0.21212121212121213,False,1
C5_0_90k,search,512,8,8,it0112,0.6852559447288513,0.6031244993209839,0.0,False,4
C5_0_90k,search,512,8,8,it0113,0.5802997946739197,0.532713770866394,0.06818181818181818,False,1
C5_0_90k,search,512,8,8,it0114,0.5259566903114319,0.4741576313972473,0.2777777777777778,False,5
C5_0_90k,search,512,8,8,it0115,0.391732394695282,0.38304218649864197,0.0,False,0
C5_0_90k,search,512,8,8,it0116,0.6146640777587891,0.4253716766834259,0.29411764705882354,False,4
C5_0_90k,search,512,8,8,it0117,0.42729055881500244,0.6015654802322388,0.0,False,0
C5_0_90k,search,512,8,8,it0118,0.6376393437385559,0.641537606716156,0.038461538461538464,False,2
C5_0_90k,search,512,8,8,it0119,0.47743260860443115,0.6397844552993774,0.14285714285714285,False,4
C5_0_90k,search,512,8,8,it0120,0.6209491491317749,0.6563125252723694,0.0,False,1
C5_0_90k,search,512,8,8,it0121,0.5993458032608032,0.5138746500015259,0.15,False,7
C5_0_90k,search,512,8,8,it0122,0.381589412689209,0.3726401627063751,0.22727272727272727,False,5
C5_0_90k,search,512,8,8,it0123,0.39858192205429077,0.5642209053039551,0.058823529411764705,False,7
C5_0_90k,search,512,8,8,it0124,0.654212474822998,0.5359460115432739,0.030303030303030304,False,2
C5_0_90k,search,512,8,8,it0125,0.5410579442977905,0.39315253496170044,0.02564102564102564,False,7
C5_0_90k,search,512,8,8,it0126,0.43826204538345337,0.5745892524719238,0.0,False,7
C5_0_90k,search,512,8,8,it0127,0.4051300287246704,0.4572298526763916,0.4117647058823529,False,2
C5_0_90k,search,512,8,8,it0128,0.3845033049583435,0.4692372977733612,0.0,False,4
C5_0_90k,search,512,8,8,it0129,0.4412810802459717,0.44495731592178345,0.0,False,5
C5_0_90k,search,512,8,8,it0130,0.43970009684562683,0.5430622100830078,0.0,False,7
C5_0_90k,search,512,8,8,it0131,0.49814078211784363,0.4799022674560547,0.2903225806451613,False,4
C5_0_90k,search,512,8,8,it0132,0.4818328022956848,0.5184125304222107,0.0,False,3
C5_0_90k,search,512,8,8,it0133,0.5813759565353394,0.6787785291671753,0.0,False,1
C5_0_90k,search,512,8,8,it0134,0.5063194632530212,0.38929450511932373,0.0,False,4
C5_0_90k,search,512,8,8,it0135,0.5408800840377808,0.6352871656417847,0.20512820512820512,False,1
C5_0_90k,search,512,8,8,it0136,0.5051894783973694,0.5834652185440063,0.0,False,0
C5_0_90k,search,512,8,8,it0137,0.519233226776123,0.4826433062553406,0.0,False,2
C5_0_90k,search,512,8,8,it0138,0.5726162791252136,0.6415517330169678,0.2222222222222222,False,4
C5_0_90k,search,512,8,8,it0139,0.630864143371582,0.6693921685218811,0.0,False,0
C5_0_90k,search,512,8,8,it0140,0.45132529735565186,0.49368181824684143,0.08333333333333333,False,1
C5_0_90k,search,512,8,8,it0141,0.5926902294158936,0.7103436589241028,0.06666666666666667,False,1
C5_0_90k,search,512,8,8,it0142,0.3856307864189148,0.4130340814590454,0.0,False,3
C5_0_90k,search,512,8,8,it0143,0.3916836678981781,0.551260769367218,0.0625,False,7
C5_0_90k,search,512,8,8,it0144,0.6617093086242676,0.5093762874603271,0.03571428571428571,False,0
C5_0_90k,search,512,8,8,it0145,0.6595844626426697,0.7340980172157288,0.025,False,7
C5_0_90k,search,512,8,8,it0146,0.5410981178283691,0.6381179094314575,0.0,False,2
C5_0_90k,search,512,8,8,it0147,0.4891120195388794,0.46434518694877625,0.0,False,5
C5_0_90k,search,512,8,8,it0148,0.21543562412261963,0.33625882863998413,0.17857142857142858,False,6
C5_0_90k,search,512,8,8,it0149,0.5586071610450745,0.5671885013580322,0.14285714285714285,False,1
C5_0_90k,search,512,8,8,it0150,0.47851240634918213,0.5440834164619446,0.11538461538461539,False,6
C5_0_90k,search,512,8,8,it0151,0.5819027423858643,0.54426109790802,0.058823529411764705,False,7
C5_0_90k,search,512,8,8,it0152,0.6098138093948364,0.5148221850395203,0.0,False,4
C5_0_90k,search,512,8,8,it0153,0.388215035200119,0.46651512384414673,0.23809523809523808,False,0
C5_0_90k,search,512,8,8,it0154,0.5156596302986145,0.36584001779556274,0.10526315789473684,False,1
C5_0_90k,search,512,8,8,it0155,0.27183693647384644,0.3197101652622223,0.03571428571428571,False,6
C5_0_90k,search,512,8,8,it0156,0.4183536767959595,0.4933706820011139,0.0,False,7
C5_0_90k,search,512,8,8,it0157,0.5680456161499023,0.5038449168205261,0.0,False,4
C5_0_90k,search,512,8,8,it0158,0.4549921751022339,0.4942053258419037,0.21052631578947367,False,7
C5_0_90k,search,512,8,8,it0159,0.5376073718070984,0.44973424077033997,0.0,False,4
C5_0_90k,search,512,8,8,it0160,0.5885590314865112,0.49436745047569275,0.0,False,3
C5_0_90k,search,512,8,8,it0161,0.5219293832778931,0.49890947341918945,0.10344827586206896,False,7
C5_0_90k,search,512,8,8,it0162,0.12037670612335205,0.28463080525398254,0.037037037037037035,False,6
C5_0_90k,search,512,8,8,it0163,0.5146638751029968,0.6521457433700562,0.0,False,6
C5_0_90k,search,512,8,8,it0164,0.5777061581611633,0.43581900000572205,0.0,False,2
C5_0_90k,search,512,8,8,it0165,0.5060918927192688,0.5383782982826233,0.030303030303030304,False,3
C5_0_90k,search,512,8,8,it0166,0.5547133088111877,0.3756076991558075,0.16666666666666666,False,6
C5_0_90k,search,512,8,8,it0167,0.5495126843452454,0.5971759557723999,0.10526315789473684,False,2
C5_0_90k,search,512,8,8,it0168,0.44640520215034485,0.5449844598770142,0.1,False,0
C5_0_90k,search,512,8,8,it0169,0.45054957270622253,0.5581326484680176,0.05,False,4
C5_0_90k,search,512,8,8,it0170,0.4647025465965271,0.5248867273330688,0.11764705882352941,False,5
C5_0_90k,search,512,8,8,it0171,0.6164902448654175,0.6447501182556152,0.09523809523809523,False,7
C5_0_90k,search,512,8,8,it0172,0.3257347345352173,0.48812782764434814,0.04,False,3
C5_0_90k,search,512,8,8,it0173,0.6319920420646667,0.6751564145088196,0.0,False,5
C5_0_90k,search,512,8,8,it0174,0.46452122926712036,0.46703335642814636,0.3125,False,0
C5_0_90k,search,512,8,8,it0175,0.29728588461875916,0.4061422348022461,0.06666666666666667,False,0
C5_0_90k,search,512,8,8,it0176,0.4558710753917694,0.5156523585319519,0.2222222222222222,False,7
C5_0_90k,search,512,8,8,it0177,0.4684860408306122,0.5245199799537659,0.05263157894736842,False,3
C5_0_90k,search,512,8,8,it0178,0.2957010567188263,0.2983951270580292,0.23529411764705882,False,7
C5_0_90k,search,512,8,8,it0179,0.5431250333786011,0.6650501489639282,0.0967741935483871,False,4
C5_0_90k,search,512,8,8,it0180,0.5554443597793579,0.6542478799819946,0.07142857142857142,False,0
C5_0_90k,search,512,8,8,it0181,0.5585803985595703,0.6093113422393799,0.024390243902439025,False,4
C5_0_90k,search,512,8,8,it0182,0.6357437372207642,0.5359755158424377,0.04,False,0
C5_0_90k,search,512,8,8,it0183,0.6451168656349182,0.5999855995178223,0.04,False,0
C5_0_90k,search,512,8,8,it0184,0.35482466220855713,0.35829615592956543,0.13333333333333333,False,1
C5_0_90k,search,512,8,8,it0185,0.47893986105918884,0.623457670211792,0.06451612903225806,False,1
C5_0_90k,search,512,8,8,it0186,0.6897239685058594,0.6542829275131226,0.16666666666666666,False,7
C5_0_90k,search,512,8,8,it0187,0.4857875406742096,0.5486054420471191,0.0625,False,4
C5_0_90k,search,512,8,8,it0188,0.5322710871696472,0.5515403747558594,0.0,False,0
C5_0_90k,search,512,8,8,it0189,0.49372217059135437,0.4074106514453888,0.05,False,7
C5_0_90k,search,512,8,8,it0190,0.6122682094573975,0.6209334135055542,0.0,False,7
C5_0_90k,search,512,8,8,it0191,0.4902288019657135,0.5087924599647522,0.04,False,1
C5_0_90k,search,512,8,8,it0192,0.5320179462432861,0.6661041975021362,0.1111111111111111,False,7
C5_0_90k,search,512,8,8,it0193,0.5766330361366272,0.30891185998916626,0.1875,False,0
C5_0_90k,search,512,8,8,it0194,0.6687986850738525,0.6965529918670654,0.0,False,4
C5_0_90k,search,512,8,8,it0195,0.6048699617385864,0.6505151391029358,0.07692307692307693,False,0
C5_0_90k,search,512,8,8,it0196,0.5430638194084167,0.4835547208786011,0.14285714285714285,False,2
C5_0_90k,search,512,8,8,it0197,0.4614686369895935,0.4372069835662842,0.0,False,2
C5_0_90k,search,512,8,8,it0198,0.21929138898849487,0.2734478712081909,0.0,False,1
C5_0_90k,search,512,8,8,it0199,0.5174679756164551,0.5220257639884949,0.058823529411764705,False,0
C5_0_90k,refine,128,1,16,it0000,0.6732280254364014,0.6761598587036133,0.0,False,0
C5_0_90k,refine,128,1,16,it0001,0.5274889469146729,0.3663318455219269,0.0,False,0
C5_0_90k,refine,128,1,16,it0002,0.3983001708984375,0.3801427483558655,0.0,False,0
C5_0_90k,refine,128,1,16,it0003,0.5236809849739075,0.39895352721214294,0.06666666666666667,False,0
C5_0_90k,refine,128,1,16,it0004,0.495010107755661,0.39176398515701294,0.1875,False,0
C5_0_90k,refine,128,1,16,it0005,0.4585791230201721,0.51246178150177,0.0,False,0
C5_0_90k,refine,128,1,16,it0006,0.40384072065353394,0.381786584854126,0.0,False,0
C5_0_90k,refine,128,1,16,it0007,0.24710533022880554,0.3282756805419922,0.045454545454545456,False,0
C5_0_90k,refine,128,1,16,it0008,0.3821141719818115,0.17704316973686218,0.09523809523809523,False,0
C5_0_90k,refine,128,1,16,it0009,0.5372759103775024,0.5912901163101196,0.0,False,0
C5_0_90k,refine,128,1,16,it0010,0.5158933997154236,0.5878697633743286,0.1111111111111111,False,0
C5_0_90k,refine,128,1,16,it0011,0.496955543756485,0.5573171377182007,0.0,False,0
C5_0_90k,refine,128,1,16,it0012,0.40232735872268677,0.31015604734420776,0.06896551724137931,False,0
C5_0_90k,refine,128,1,16,it0013,0.521999716758728,0.5342519283294678,0.037037037037037035,False,0
C5_0_90k,refine,128,1,16,it0014,0.5619603991508484,0.4152342677116394,0.0,False,0
C5_0_90k,refine,128,1,16,it0015,0.4722961485385895,0.34653440117836,0.0,False,0
C5_0_90k,refine,128,1,16,it0016,0.6649771332740784,0.5602285861968994,0.058823529411764705,False,0
C5_0_90k,refine,128,1,16,it0017,0.4804251492023468,0.5275939702987671,0.0,False,0
C5_0_90k,refine,128,1,16,it0018,0.5109663605690002,0.5028459429740906,0.029411764705882353,False,0
C5_0_90k,refine,128,1,16,it0019,0.5985656976699829,0.5883313417434692,0.06521739130434782,False,0
C5_0_90k,refine,128,1,16,it0020,0.3329770267009735,0.2323494404554367,0.0,False,0
C5_0_90k,refine,128,1,16,it0021,0.5114129781723022,0.42942890524864197,0.030303030303030304,False,0
C5_0_90k,refine,128,1,16,it0022,0.3454382121562958,0.39600270986557007,0.375,False,0
C5_0_90k,refine,128,1,16,it0023,0.6104958653450012,0.6203863620758057,0.1111111111111111,False,0
C5_0_90k,refine,128,1,16,it0024,0.6018310785293579,0.5372304916381836,0.21428571428571427,False,0
C5_0_90k,refine,128,1,16,it0025,0.671173095703125,0.7097190618515015,0.0,False,0
C5_0_90k,refine,128,1,16,it0026,0.23948092758655548,0.233659565448761,0.0,False,0
C5_0_90k,refine,128,1,16,it0027,0.7106562852859497,0.6937457919120789,0.0625,False,0
C5_0_90k,refine,128,1,16,it0028,0.4824933409690857,0.5309011936187744,0.14285714285714285,False,0
C5_0_90k,refine,128,1,16,it0029,0.33863991498947144,0.2870599925518036,0.0,False,0
C5_0_90k,refine,128,1,16,it0030,0.5883874297142029,0.5128176212310791,0.08,False,0
C5_0_90k,refine,128,1,16,it0031,0.3655005097389221,0.3012164533138275,0.05555555555555555,False,0
C5_0_90k,refine,128,1,16,it0032,0.7033446431159973,0.6250642538070679,0.037037037037037035,False,0
C5_0_90k,refine,128,1,16,it0033,0.2806795835494995,0.2342795729637146,0.15384615384615385,False,0
C5_0_90k,refine,128,1,16,it0034,0.665375828742981,0.621060311794281,0.06666666666666667,False,0
C5_0_90k,refine,128,1,16,it0035,0.2784655690193176,0.10401689261198044,0.15384615384615385,False,0
C5_0_90k,refine,128,1,16,it0036,0.570033073425293,0.5400363802909851,0.0,False,0
C5_0_90k,refine,128,1,16,it0037,0.6284092664718628,0.5703427195549011,0.0,False,0
C5_0_90k,refine,128,1,16,it0038,0.42261064052581787,0.23016883432865143,0.08108108108108109,False,0
C5_0_90k,refine,128,1,16,it0039,0.5874648094177246,0.5893805623054504,0.04878048780487805,False,0
C5_0_90k,refine,128,1,16,it0040,0.36564451456069946,0.3582976758480072,0.0,False,0
C5_0_90k,refine,128,1,16,it0041,0.6592830419540405,0.5050293803215027,0.0,False,0
C5_0_90k,refine,128,1,16,it0042,0.3611874282360077,0.39821940660476685,0.07407407407407407,False,0
C5_0_90k,refine,128,1,16,it0043,0.21424460411071777,0.26899439096450806,0.0,False,0
C5_0_90k,refine,128,1,16,it0044,0.5425405502319336,0.6057020425796509,0.04,False,0
C5_0_90k,refine,128,1,16,it0045,0.3050193786621094,0.48197346925735474,0.0,False,0
C5_0_90k,refine,128,1,16,it0046,0.45471617579460144,0.3434622883796692,0.0625,False,0
C5_0_90k,refine,128,1,16,it0047,0.23853735625743866,0.40940895676612854,0.4,False,0
C5_0_90k,refine,128,1,16,it0048,0.4019029140472412,0.3125092685222626,0.0625,False,0
C5_0_90k,refine,128,1,16,it0049,0.2798674702644348,0.4375825524330139,0.0,False,0
C5_0_90k,refine,128,1,16,it0050,0.12105003744363785,-0.05289027839899063,0.22727272727272727,False,0
C5_0_90k,refine,128,1,16,it0051,0.21348610520362854,0.4421192407608032,0.0,False,0
C5_0_90k,refine,128,1,16,it0052,0.3858153223991394,0.4935881495475769,0.0,False,0
C5_0_90k,refine,128,1,16,it0053,0.31347620487213135,0.4015654921531677,0.13513513513513514,False,0
C5_0_90k,refine,128,1,16,it0054,0.29979759454727173,0.24766072630882263,0.041666666666666664,False,0
C5_0_90k,refine,128,1,16,it0055,0.36562496423721313,0.4601795971393585,0.15384615384615385,False,0
C5_0_90k,refine,128,1,16,it0056,0.4202580451965332,0.1841653287410736,0.1,False,0
C5_0_90k,refine,128,1,16,it0057,0.5423349142074585,0.3495607078075409,0.058823529411764705,False,0
C5_0_90k,refine,128,1,16,it0058,0.4127251207828522,0.40553244948387146,0.0,False,0
C5_0_90k,refine,128,1,16,it0059,0.5359494090080261,0.45627614855766296,0.03571428571428571,False,0
C5_0_90k,refine,128,1,16,it0060,0.4267406463623047,0.4307011067867279,0.0,False,0
C5_0_90k,refine,128,1,16,it0061,0.5516150593757629,0.6071946620941162,0.0,False,0
C5_0_90k,refine,128,1,16,it0062,0.5457706451416016,0.5346606373786926,0.0,False,0
C5_0_90k,refine,128,1,16,it0063,0.4033825695514679,0.35246455669403076,0.1724137931034483,False,0
C5_0_90k,refine,128,1,16,it0064,0.35796257853507996,0.37705230712890625,0.2222222222222222,False,0
C5_0_90k,refine,128,1,16,it0065,0.6909959316253662,0.7021812796592712,0.02564102564102564,False,0
C5_0_90k,refine,128,1,16,it0066,0.3082689642906189,0.3538163900375366,0.09523809523809523,False,0
C5_0_90k,refine,128,1,16,it0067,0.335786372423172,0.38846561312675476,0.05555555555555555,False,0
C5_0_90k,refine,128,1,16,it0068,0.7015649080276489,0.6762791275978088,0.0,False,0
C5_0_90k,refine,128,1,16,it0069,0.4586039185523987,0.42248591780662537,0.045454545454545456,False,0
C5_0_90k,refine,128,1,16,it0070,0.41836652159690857,0.5567432641983032,0.0,False,0
C5_0_90k,refine,128,1,16,it0071,0.5272103548049927,0.5809635519981384,0.10714285714285714,False,0
C5_0_90k,refine,128,1,16,it0072,0.5450276136398315,0.5754503011703491,0.045454545454545456,False,0
C5_0_90k,refine,128,1,16,it0073,0.15490233898162842,0.1533978283405304,0.2413793103448276,False,0
C5_0_90k,refine,128,1,16,it0074,0.2812735140323639,0.308599054813385,0.0,False,0
C5_0_90k,refine,128,1,16,it0075,0.2449854612350464,0.47415226697921753,0.0,False,0
C5_0_90k,refine,128,1,16,it0076,0.641589879989624,0.3939036726951599,0.08695652173913043,False,0
C5_0_90k,refine,128,1,16,it0077,0.4032497704029083,0.23923136293888092,0.0,False,0
C5_0_90k,refine,128,1,16,it0078,0.44569969177246094,0.3657771348953247,0.23809523809523808,False,0
C5_0_90k,refine,128,1,16,it0079,0.6200132369995117,0.6943849325180054,0.0,False,0
C5_0_90k,refine,128,1,16,it0080,0.25573986768722534,0.15205053985118866,0.07317073170731707,False,0
C5_0_90k,refine,128,1,16,it0081,0.39668649435043335,0.41419559717178345,0.0,False,0
C5_0_90k,refine,128,1,16,it0082,0.4634520709514618,0.48967328667640686,0.0,False,0
C5_0_90k,refine,128,1,16,it0083,0.5882368087768555,0.3948972821235657,0.0,False,0
C5_0_90k,refine,128,1,16,it0084,0.6455225944519043,0.6085213422775269,0.0,False,0
C5_0_90k,refine,128,1,16,it0085,0.640405535697937,0.336557000875473,0.0,False,0
C5_0_90k,refine,128,1,16,it0086,0.571861982345581,0.44647663831710815,0.0,False,0
C5_0_90k,refine,128,1,16,it0087,0.48561739921569824,0.5776537656784058,0.0,False,0
C5_0_90k,refine,128,1,16,it0088,0.29635506868362427,0.3906186819076538,0.047619047619047616,False,0
C5_0_90k,refine,128,1,16,it0089,0.4625113904476166,0.26632431149482727,0.0,False,0
C5_0_90k,refine,128,1,16,it0090,0.5880687832832336,0.6010420918464661,0.0,False,0
C5_0_90k,refine,128,1,16,it0091,0.6935638785362244,0.6405565738677979,0.0,False,0
C5_0_90k,refine,128,1,16,it0092,0.6007460355758667,0.516873300075531,0.0,False,0
C5_0_90k,refine,128,1,16,it0093,0.5833373665809631,0.46942806243896484,0.0,False,0
C5_0_90k,refine,128,1,16,it0094,0.5358936786651611,0.5076452493667603,0.0,False,0
C5_0_90k,refine,128,1,16,it0095,0.4442692995071411,0.5700205564498901,0.0,False,0
C5_0_90k,refine,128,1,16,it0096,0.5844681859016418,0.5257726907730103,0.09090909090909091,False,0
C5_0_90k,refine,128,1,16,it0097,0.6871973872184753,0.6117194294929504,0.0,False,0
C5_0_90k,refine,128,1,16,it0098,0.6189067363739014,0.503240704536438,0.07407407407407407,False,0
C5_0_90k,refine,128,1,16,it0099,0.28396856784820557,0.3810059428215027,0.043478260869565216,False,0
C5_0_90k,refine,128,1,16,it0100,0.5772239565849304,0.6267406940460205,0.0,False,0
C5_0_90k,refine,128,1,16,it0101,0.5355984568595886,0.43753835558891296,0.0,False,0
C5_0_90k,refine,128,1,16,it0102,0.31229111552238464,0.42620861530303955,0.0,False,0
C5_0_90k,refine,128,1,16,it0103,0.3627789616584778,0.4944765567779541,0.13636363636363635,False,0
C5_0_90k,refine,128,1,16,it0104,0.4990825951099396,0.40252023935317993,0.0,False,0
C5_0_90k,refine,128,1,16,it0105,0.47774553298950195,0.6649097204208374,0.14285714285714285,False,0
C5_0_90k,refine,128,1,16,it0106,0.4774249494075775,0.4050147533416748,0.0,False,0
C5_0_90k,refine,128,1,16,it0107,0.59120774269104,0.4955006241798401,0.043478260869565216,False,0
C5_0_90k,refine,128,1,16,it0108,0.5607433915138245,0.41238248348236084,0.0,False,0
C5_0_90k,refine,128,1,16,it0109,0.5420761108398438,0.4626672565937042,0.0,False,0
C5_0_90k,refine,128,1,16,it0110,0.11768040060997009,0.19594819843769073,0.0,False,0
C5_0_90k,refine,128,1,16,it0111,0.45708709955215454,0.3946714401245117,0.06060606060606061,False,0
C5_0_90k,refine,128,1,16,it0112,0.566048264503479,0.4769573509693146,0.0,False,0
C5_0_90k,refine,128,1,16,it0113,0.4965299963951111,0.45968934893608093,0.0,False,0
C5_0_90k,refine,128,1,16,it0114,0.5453380346298218,0.4841042757034302,0.1111111111111111,False,0
C5_0_90k,refine,128,1,16,it0115,0.3746885359287262,0.22365126013755798,0.07142857142857142,False,0
C5_0_90k,refine,128,1,16,it0116,0.534286618232727,0.3950219452381134,0.11764705882352941,False,0
C5_0_90k,refine,128,1,16,it0117,0.5227694511413574,0.6241036057472229,0.0,False,0
C5_0_90k,refine,128,1,16,it0118,0.6113525629043579,0.6045550107955933,0.1346153846153846,False,0
C5_0_90k,refine,128,1,16,it0119,0.43667829036712646,0.49664753675460815,0.21428571428571427,False,0
C5_0_90k,refine,128,1,16,it0120,0.6596560478210449,0.5814794301986694,0.0,False,0
C5_0_90k,refine,128,1,16,it0121,0.507343053817749,0.48634999990463257,0.15,False,0
C5_0_90k,refine,128,1,16,it0122,0.3484559655189514,0.22377294301986694,0.18181818181818182,False,0
C5_0_90k,refine,128,1,16,it0123,0.2896538972854614,0.4686892032623291,0.058823529411764705,False,0
C5_0_90k,refine,128,1,16,it0124,0.6111215949058533,0.5119388699531555,0.0,False,0
C5_0_90k,refine,128,1,16,it0125,0.5002232193946838,0.41956067085266113,0.05128205128205128,False,0
C5_0_90k,refine,128,1,16,it0126,0.5332534313201904,0.503256618976593,0.0,False,0
C5_0_90k,refine,128,1,16,it0127,0.3423844575881958,0.40703287720680237,0.0,False,0
C5_0_90k,refine,128,1,16,it0128,0.5026071071624756,0.4488312005996704,0.0,False,0
C5_0_90k,refine,128,1,16,it0129,0.34943240880966187,0.36073458194732666,0.0,False,0
C5_0_90k,refine,128,1,16,it0130,0.46063944697380066,0.4394131600856781,0.1,False,0
C5_0_90k,refine,128,1,16,it0131,0.44276291131973267,0.4458736479282379,0.0,False,0
C5_0_90k,refine,128,1,16,it0132,0.5144423246383667,0.39797160029411316,0.0,False,0
C5_0_90k,refine,128,1,16,it0133,0.5955833196640015,0.6487894654273987,0.0,False,0
C5_0_90k,refine,128,1,16,it0134,0.41914698481559753,0.37119466066360474,0.02631578947368421,False,0
C5_0_90k,refine,128,1,16,it0135,0.5382934212684631,0.5362755060195923,0.1282051282051282,False,0
C5_0_90k,refine,128,1,16,it0136,0.5132266879081726,0.5800790190696716,0.0,False,0
C5_0_90k,refine,128,1,16,it0137,0.4051220715045929,0.4292222261428833,0.0,False,0
C5_0_90k,refine,128,1,16,it0138,0.5560625791549683,0.5497093796730042,0.0,False,0
C5_0_90k,refine,128,1,16,it0139,0.6891792416572571,0.577487051486969,0.0,False,0
C5_0_90k,refine,128,1,16,it0140,0.342644602060318,0.3497508466243744,0.125,False,0
C5_0_90k,refine,128,1,16,it0141,0.6293739080429077,0.7264449596405029,0.06666666666666667,False,0
C5_0_90k,refine,128,1,16,it0142,0.2247970849275589,0.17596231400966644,0.04,False,0
C5_0_90k,refine,128,1,16,it0143,0.4143778085708618,0.5306316018104553,0.0,False,0
C5_0_90k,refine,128,1,16,it0144,0.6019905209541321,0.4177766442298889,0.0,False,0
C5_0_90k,refine,128,1,16,it0145,0.6712589263916016,0.703632652759552,0.0,False,0
C5_0_90k,refine,128,1,16,it0146,0.5482242703437805,0.5247253775596619,0.0,False,0
C5_0_90k,refine,128,1,16,it0147,0.5168939232826233,0.40928539633750916,0.0,False,0
C5_0_90k,refine,128,1,16,it0148,0.162720188498497,0.19697442650794983,0.10714285714285714,False,0
C5_0_90k,refine,128,1,16,it0149,0.45206013321876526,0.3545878827571869,0.14285714285714285,False,0
C5_0_90k,refine,128,1,16,it0150,0.42901381850242615,0.5063932538032532,0.11538461538461539,False,0
C5_0_90k,refine,128,1,16,it0151,0.5840564370155334,0.5342655777931213,0.0,False,0
C5_0_90k,refine,128,1,16,it0152,0.5260054469108582,0.34214484691619873,0.0,False,0
C5_0_90k,refine,128,1,16,it0153,0.4062539041042328,0.4130534827709198,0.09523809523809523,False,0
C5_0_90k,refine,128,1,16,it0154,0.47515591979026794,0.28084641695022583,0.10526315789473684,False,0
C5_0_90k,refine,128,1,16,it0155,0.11390699446201324,0.1922289878129959,0.0,False,0
C5_0_90k,refine,128,1,16,it0156,0.4448479413986206,0.48116594552993774,0.0,False,0
C5_0_90k,refine,128,1,16,it0157,0.5086545348167419,0.47335362434387207,0.16279069767441862,False,0
C5_0_90k,refine,128,1,16,it0158,0.4136148691177368,0.41007885336875916,0.21052631578947367,False,0
C5_0_90k,refine,128,1,16,it0159,0.5055124759674072,0.41894638538360596,0.14285714285714285,False,0
C5_0_90k,refine,128,1,16,it0160,0.5772603154182434,0.45579659938812256,0.06451612903225806,False,0
C5_0_90k,refine,128,1,16,it0161,0.42387399077415466,0.32779261469841003,0.0,False,0
C5_0_90k,refine,128,1,16,it0162,0.22810950875282288,0.3117276728153229,0.037037037037037035,False,0
C5_0_90k,refine,128,1,16,it0163,0.4790698289871216,0.5672850012779236,0.058823529411764705,False,0
C5_0_90k,refine,128,1,16,it0164,0.5874513387680054,0.3071914315223694,0.0,False,0
C5_0_90k,refine,128,1,16,it0165,0.4023677110671997,0.4272769093513489,0.06060606060606061,False,0
C5_0_90k,refine,128,1,16,it0166,0.6076242923736572,0.44200488924980164,0.08333333333333333,False,0
C5_0_90k,refine,128,1,16,it0167,0.41304951906204224,0.5038641691207886,0.05263157894736842,False,0
C5_0_90k,refine,128,1,16,it0168,0.40705496072769165,0.45950502157211304,0.1,False,0
C5_0_90k,refine,128,1,16,it0169,0.5004212260246277,0.4366571009159088,0.0,False,0
C5_0_90k,refine,128,1,16,it0170,0.44237902760505676,0.46380001306533813,0.17647058823529413,False,0
C5_0_90k,refine,128,1,16,it0171,0.6587278842926025,0.6357964277267456,0.047619047619047616,False,0
C5_0_90k,refine,128,1,16,it0172,0.3173849582672119,0.3811793029308319,0.0,False,0
C5_0_90k,refine,128,1,16,it0173,0.6946908235549927,0.6553977727890015,0.0,False,0
C5_0_90k,refine,128,1,16,it0174,0.4730018377304077,0.3139857351779938,0.0,False,0
C5_0_90k,refine,128,1,16,it0175,0.28503715991973877,0.19060944020748138,0.06666666666666667,False,0
C5_0_90k,refine,128,1,16,it0176,0.42723727226257324,0.45678403973579407,0.1111111111111111,False,0
C5_0_90k,refine,128,1,16,it0177,0.5417724847793579,0.5291556715965271,0.0,False,0
C5_0_90k,refine,128,1,16,it0178,0.3066241145133972,0.1627095490694046,0.11764705882352941,False,0
C5_0_90k,refine,128,1,16,it0179,0.6080691814422607,0.6827493906021118,0.0967741935483871,False,0
C5_0_90k,refine,128,1,16,it0180,0.5151208639144897,0.5954682230949402,0.0,False,0
C5_0_90k,refine,128,1,16,it0181,0.5261541604995728,0.491359680891037,0.0,False,0
C5_0_90k,refine,128,1,16,it0182,0.5618489384651184,0.505582332611084,0.0,False,0
C5_0_90k,refine,128,1,16,it0183,0.6585260629653931,0.6396125555038452,0.04,False,0
C5_0_90k,refine,128,1,16,it0184,0.24820443987846375,0.3813159763813019,0.3333333333333333,False,0
C5_0_90k,refine,128,1,16,it0185,0.5126619935035706,0.5954322814941406,0.0,False,0
C5_0_90k,refine,128,1,16,it0186,0.6609267592430115,0.6557042598724365,0.0,False,0
C5_0_90k,refine,128,1,16,it0187,0.46655428409576416,0.5123326778411865,0.0,False,0
C5_0_90k,refine,128,1,16,it0188,0.5958988070487976,0.5244198441505432,0.3888888888888889,False,0
C5_0_90k,refine,128,1,16,it0189,0.24421650171279907,0.1615070253610611,0.0,False,0
C5_0_90k,refine,128,1,16,it0190,0.5155213475227356,0.5713251233100891,0.125,False,0
C5_0_90k,refine,128,1,16,it0191,0.38573649525642395,0.32992494106292725,0.0,False,0
C5_0_90k,refine,128,1,16,it0192,0.5534665584564209,0.631369948387146,0.07407407407407407,False,0
C5_0_90k,refine,128,1,16,it0193,0.476807177066803,0.2677144408226013,0.1875,False,0
C5_0_90k,refine,128,1,16,it0194,0.7260811924934387,0.656267523765564,0.0,False,0
C5_0_90k,refine,128,1,16,it0195,0.6470745801925659,0.6092111468315125,0.0,False,0
C5_0_90k,refine,128,1,16,it0196,0.3726033568382263,0.38893336057662964,0.14285714285714285,False,0
C5_0_90k,refine,128,1,16,it0197,0.4019334614276886,0.31505003571510315,0.0,False,0
C5_0_90k,refine,128,1,16,it0198,0.0956462174654007,0.2930152416229248,0.0,False,0
C5_0_90k,refine,128,1,16,it0199,0.38448938727378845,0.3556308448314667,0.058823529411764705,False,0
C5_0_90k,refine,256,1,32,it0000,0.6990711688995361,0.6819817423820496,0.0,False,0
C5_0_90k,refine,256,1,32,it0001,0.4728814959526062,0.3485780358314514,0.0,False,0
C5_0_90k,refine,256,1,32,it0002,0.2438778579235077,0.2950335144996643,0.0,False,0
C5_0_90k,refine,256,1,32,it0003,0.5422191023826599,0.41755637526512146,0.06666666666666667,False,0
C5_0_90k,refine,256,1,32,it0004,0.5413677096366882,0.5081478357315063,0.125,False,0
C5_0_90k,refine,256,1,32,it0005,0.41199392080307007,0.3720821142196655,0.0,False,0
C5_0_90k,refine,256,1,32,it0006,0.4673895239830017,0.3285391330718994,0.05555555555555555,False,0
C5_0_90k,refine,256,1,32,it0007,0.3568527102470398,0.44703057408332825,0.022727272727272728,False,0
C5_0_90k,refine,256,1,32,it0008,0.38944804668426514,0.27232271432876587,0.19047619047619047,False,0
C5_0_90k,refine,256,1,32,it0009,0.5804204940795898,0.5429298281669617,0.07407407407407407,False,0
C5_0_90k,refine,256,1,32,it0010,0.5370017290115356,0.6068891882896423,0.0,False,0
C5_0_90k,refine,256,1,32,it0011,0.46612548828125,0.5547675490379333,0.0,False,0
C5_0_90k,refine,256,1,32,it0012,0.4289424419403076,0.3501495122909546,0.13793103448275862,False,0
C5_0_90k,refine,256,1,32,it0013,0.48854804039001465,0.6421915292739868,0.0,False,0
C5_0_90k,refine,256,1,32,it0014,0.48418354988098145,0.45989736914634705,0.0,False,0
C5_0_90k,refine,256,1,32,it0015,0.5517956018447876,0.5621999502182007,0.0,False,0
C5_0_90k,refine,256,1,32,it0016,0.6811716556549072,0.5389332175254822,0.08823529411764706,False,0
C5_0_90k,refine,256,1,32,it0017,0.46937325596809387,0.3622216582298279,0.0,False,0
C5_0_90k,refine,256,1,32,it0018,0.5513021349906921,0.575865626335144,0.058823529411764705,False,0
C5_0_90k,refine,256,1,32,it0019,0.6640521287918091,0.5383586287498474,0.10869565217391304,False,0
C5_0_90k,refine,256,1,32,it0020,0.3491051197052002,0.15961377322673798,0.0,False,0
C5_0_90k,refine,256,1,32,it0021,0.5104527473449707,0.4755783677101135,0.030303030303030304,False,0
C5_0_90k,refine,256,1,32,it0022,0.33143186569213867,0.41829681396484375,0.25,False,0
C5_0_90k,refine,256,1,32,it0023,0.5714046359062195,0.666960597038269,0.2777777777777778,False,0
C5_0_90k,refine,256,1,32,it0024,0.665678858757019,0.5276985764503479,0.14285714285714285,False,0
C5_0_90k,refine,256,1,32,it0025,0.7002509236335754,0.7186909317970276,0.1,False,0
C5_0_90k,refine,256,1,32,it0026,0.21239878237247467,0.3549027740955353,0.0,False,0
C5_0_90k,refine,256,1,32,it0027,0.7205018401145935,0.7107837200164795,0.0,False,0
C5_0_90k,refine,256,1,32,it0028,0.5303124189376831,0.6148175597190857,0.09523809523809523,False,0
C5_0_90k,refine,256,1,32,it0029,0.28969770669937134,0.3340589106082916,0.0,False,0
C5_0_90k,refine,256,1,32,it0030,0.5480400919914246,0.4501231610774994,0.08,False,0
C5_0_90k,refine,256,1,32,it0031,0.37433290481567383,0.28727710247039795,0.16666666666666666,False,0
C5_0_90k,refine,256,1,32,it0032,0.5928685665130615,0.5254361033439636,0.037037037037037035,False,0
C5_0_90k,refine,256,1,32,it0033,0.28053009510040283,0.21086978912353516,0.15384615384615385,False,0
C5_0_90k,refine,256,1,32,it0034,0.5649216771125793,0.6276551485061646,0.0,False,0
C5_0_90k,refine,256,1,32,it0035,0.3135780692100525,0.30993908643722534,0.0,False,0
C5_0_90k,refine,256,1,32,it0036,0.6528261303901672,0.61895751953125,0.0,False,0
C5_0_90k,refine,256,1,32,it0037,0.5646781325340271,0.5691107511520386,0.06666666666666667,False,0
C5_0_90k,refine,256,1,32,it0038,0.38500604033470154,0.1396949738264084,0.05405405405405406,False,0
C5_0_90k,refine,256,1,32,it0039,0.5296261310577393,0.5063533782958984,0.024390243902439025,False,0
C5_0_90k,refine,256,1,32,it0040,0.37049978971481323,0.3121604919433594,0.06666666666666667,False,0
C5_0_90k,refine,256,1,32,it0041,0.7046238780021667,0.49637746810913086,0.045454545454545456,False,0
C5_0_90k,refine,256,1,32,it0042,0.43069812655448914,0.3796367049217224,0.1111111111111111,False,0
C5_0_90k,refine,256,1,32,it0043,0.20057696104049683,0.15429292619228363,0.0,False,0
C5_0_90k,refine,256,1,32,it0044,0.5078659653663635,0.6165586709976196,0.08,False,0
C5_0_90k,refine,256,1,32,it0045,0.28952261805534363,0.3731081783771515,0.06666666666666667,False,0
C5_0_90k,refine,256,1,32,it0046,0.41838234663009644,0.39451006054878235,0.0,False,0
C5_0_90k,refine,256,1,32,it0047,0.3066648542881012,0.39298075437545776,0.25,False,0
C5_0_90k,refine,256,1,32,it0048,0.42048195004463196,0.429145872592926,0.0,False,0
C5_0_90k,refine,256,1,32,it0049,0.30282333493232727,0.5846519470214844,0.045454545454545456,False,0
C5_0_90k,refine,256,1,32,it0050,0.06640774756669998,-0.1287246197462082,0.3181818181818182,False,0
C5_0_90k,refine,256,1,32,it0051,0.22056414186954498,0.5460379719734192,0.0,False,0
C5_0_90k,refine,256,1,32,it0052,0.3703226149082184,0.4249814748764038,0.0,False,0
C5_0_90k,refine,256,1,32,it0053,0.3718288540840149,0.459730863571167,0.13513513513513514,False,0
C5_0_90k,refine,256,1,32,it0054,0.3925507366657257,0.25115376710891724,0.0,False,0
C5_0_90k,refine,256,1,32,it0055,0.35174259543418884,0.4144250750541687,0.038461538461538464,False,0
C5_0_90k,refine,256,1,32,it0056,0.38198763132095337,0.2792552709579468,0.05,False,0
C5_0_90k,refine,256,1,32,it0057,0.5617782473564148,0.3863222002983093,0.058823529411764705,False,0
C5_0_90k,refine,256,1,32,it0058,0.45658954977989197,0.44713449478149414,0.08333333333333333,False,0
C5_0_90k,refine,256,1,32,it0059,0.5203936100006104,0.5268413424491882,0.03571428571428571,False,0
C5_0_90k,refine,256,1,32,it0060,0.4437923729419708,0.34559154510498047,0.0,False,0
C5_0_90k,refine,256,1,32,it0061,0.6147687435150146,0.6616477370262146,0.0,False,0
C5_0_90k,refine,256,1,32,it0062,0.5274887681007385,0.5670119524002075,0.0,False,0
C5_0_90k,refine,256,1,32,it0063,0.5459724068641663,0.2927735149860382,0.0,False,0
C5_0_90k,refine,256,1,32,it0064,0.4614849388599396,0.44164398312568665,0.0,False,0
C5_0_90k,refine,256,1,32,it0065,0.5993186235427856,0.6511802673339844,0.02564102564102564,False,0
C5_0_90k,refine,256,1,32,it0066,0.22415153682231903,0.343565434217453,0.047619047619047616,False,0
C5_0_90k,refine,256,1,32,it0067,0.2379894107580185,0.3227223753929138,0.05555555555555555,False,0
C5_0_90k,refine,256,1,32,it0068,0.6567626595497131,0.6360642313957214,0.0,False,0
C5_0_90k,refine,256,1,32,it0069,0.413097083568573,0.382223904132843,0.13636363636363635,False,0
C5_0_90k,refine,256,1,32,it0070,0.3491067588329315,0.31903940439224243,0.0,False,0
C5_0_90k,refine,256,1,32,it0071,0.5362446308135986,0.5335425734519958,0.10714285714285714,False,0
C5_0_90k,refine,256,1,32,it0072,0.505609393119812,0.5526815056800842,0.0,False,0
C5_0_90k,refine,256,1,32,it0073,0.10279056429862976,0.046415481716394424,0.3448275862068966,False,0
C5_0_90k,refine,256,1,32,it0074,0.44116246700286865,0.47795093059539795,0.0,False,0
C5_0_90k,refine,256,1,32,it0075,0.31784284114837646,0.4249799847602844,0.0,False,0
C5_0_90k,refine,256,1,32,it0076,0.5387864708900452,0.4069311320781708,0.08695652173913043,False,0
C5_0_90k,refine,256,1,32,it0077,0.5089847445487976,0.422507107257843,0.0,False,0
C5_0_90k,refine,256,1,32,it0078,0.33695152401924133,0.3642348051071167,0.0,False,0
C5_0_90k,refine,256,1,32,it0079,0.6786177158355713,0.6656640768051147,0.0,False,0
C5_0_90k,refine,256,1,32,it0080,0.4974333643913269,0.2903357744216919,0.0975609756097561,False,0
C5_0_90k,refine,256,1,32,it0081,0.38269123435020447,0.4085332453250885,0.03571428571428571,False,0
C5_0_90k,refine,256,1,32,it0082,0.4972372055053711,0.5306371450424194,0.0,False,0
C5_0_90k,refine,256,1,32,it0083,0.5703986883163452,0.4866971969604492,0.0,False,0
C5_0_90k,refine,256,1,32,it0084,0.6475739479064941,0.6232278347015381,0.0,False,0
C5_0_90k,refine,256,1,32,it0085,0.578641414642334,0.48176127672195435,0.0,False,0
C5_0_90k,refine,256,1,32,it0086,0.6020178198814392,0.5405510067939758,0.0,False,0
C5_0_90k,refine,256,1,32,it0087,0.5878703594207764,0.6094682812690735,0.0,False,0
C5_0_90k,refine,256,1,32,it0088,0.29412102699279785,0.2807193100452423,0.047619047619047616,False,0
C5_0_90k,refine,256,1,32,it0089,0.4969555139541626,0.26551690697669983,0.0,False,0
C5_0_90k,refine,256,1,32,it0090,0.6297680139541626,0.6608942151069641,0.0,False,0
C5_0_90k,refine,256,1,32,it0091,0.5940240621566772,0.5851473808288574,0.0,False,0
C5_0_90k,refine,256,1,32,it0092,0.5569888949394226,0.5187766551971436,0.0,False,0
C5_0_90k,refine,256,1,32,it0093,0.5579235553741455,0.5189647674560547,0.0,False,0
C5_0_90k,refine,256,1,32,it0094,0.5799325704574585,0.566051185131073,0.0,False,0
C5_0_90k,refine,256,1,32,it0095,0.591045618057251,0.6588497161865234,0.0,False,0
C5_0_90k,refine,256,1,32,it0096,0.4568901062011719,0.48257362842559814,0.045454545454545456,False,0
C5_0_90k,refine,256,1,32,it0097,0.6751943826675415,0.6742287874221802,0.0,False,0
C5_0_90k,refine,256,1,32,it0098,0.5731707811355591,0.5551364421844482,0.07407407407407407,False,0
C5_0_90k,refine,256,1,32,it0099,0.2424955517053604,0.20227617025375366,0.0,False,0
C5_0_90k,refine,256,1,32,it0100,0.6313539147377014,0.6036455631256104,0.0,False,0
C5_0_90k,refine,256,1,32,it0101,0.46268051862716675,0.4586077630519867,0.0,False,0
C5_0_90k,refine,256,1,32,it0102,0.2693534791469574,0.46908098459243774,0.0,False,0
C5_0_90k,refine,256,1,32,it0103,0.4806097745895386,0.5261516571044922,0.045454545454545456,False,0
C5_0_90k,refine,256,1,32,it0104,0.5872854590415955,0.5474678874015808,0.0,False,0
C5_0_90k,refine,256,1,32,it0105,0.449812114238739,0.6010892987251282,0.0,False,0
C5_0_90k,refine,256,1,32,it0106,0.49153172969818115,0.32273346185684204,0.0,False,0
C5_0_90k,refine,256,1,32,it0107,0.5507165789604187,0.4430294632911682,0.08695652173913043,False,0
C5_0_90k,refine,256,1,32,it0108,0.5893789529800415,0.5625052452087402,0.0,False,0
C5_0_90k,refine,256,1,32,it0109,0.35077178478240967,0.22657525539398193,0.0,False,0
C5_0_90k,refine,256,1,32,it0110,0.11695672571659088,0.17257928848266602,0.0,False,0
C5_0_90k,refine,256,1,32,it0111,0.44720059633255005,0.4390786290168762,0.030303030303030304,False,0
C5_0_90k,refine,256,1,32,it0112,0.5777561068534851,0.5184769630432129,0.0,False,0
C5_0_90k,refine,256,1,32,it0113,0.5083518028259277,0.43330687284469604,0.0,False,0
C5_0_90k,refine,256,1,32,it0114,0.4760146737098694,0.3703150749206543,0.16666666666666666,False,0
C5_0_90k,refine,256,1,32,it0115,0.23354874551296234,0.2681729793548584,0.07142857142857142,False,0
C5_0_90k,refine,256,1,32,it0116,0.4513297975063324,0.3776509761810303,0.0,False,0
C5_0_90k,refine,256,1,32,it0117,0.4689426124095917,0.574734628200531,0.0,False,0
C5_0_90k,refine,256,1,32,it0118,0.626755952835083,0.578411877155304,0.038461538461538464,False,0
C5_0_90k,refine,256,1,32,it0119,0.40602612495422363,0.4753895401954651,0.0,False,0
C5_0_90k,refine,256,1,32,it0120,0.5586008429527283,0.5775970816612244,0.0,False,0
C5_0_90k,refine,256,1,32,it0121,0.5520498156547546,0.46668675541877747,0.05,False,0
C5_0_90k,refine,256,1,32,it0122,0.3298725485801697,0.27045273780822754,0.045454545454545456,False,0
C5_0_90k,refine,256,1,32,it0123,0.34212327003479004,0.430336594581604,0.058823529411764705,False,0
C5_0_90k,refine,256,1,32,it0124,0.612748920917511,0.4551464319229126,0.0,False,0
C5_0_90k,refine,256,1,32,it0125,0.5198357701301575,0.3699435293674469,0.07692307692307693,False,0
C5_0_90k,refine,256,1,32,it0126,0.45418789982795715,0.4168890416622162,0.0625,False,0
C5_0_90k,refine,256,1,32,it0127,0.4782801568508148,0.3481009304523468,0.0,False,0
C5_0_90k,refine,256,1,32,it0128,0.4693458080291748,0.44498714804649353,0.0,False,0
C5_0_90k,refine,256,1,32,it0129,0.3247814476490021,0.43696874380111694,0.0,False,0
C5_0_90k,refine,256,1,32,it0130,0.44150280952453613,0.4344172179698944,0.1,False,0
C5_0_90k,refine,256,1,32,it0131,0.2901626229286194,0.22199316322803497,0.16129032258064516,False,0
C5_0_90k,refine,256,1,32,it0132,0.4748058319091797,0.35973888635635376,0.0,False,0
C5_0_90k,refine,256,1,32,it0133,0.6404505968093872,0.7044350504875183,0.0,False,0
C5_0_90k,refine,256,1,32,it0134,0.25657543540000916,0.2805389165878296,0.05263157894736842,False,0
C5_0_90k,refine,256,1,32,it0135,0.5631096363067627,0.5363160371780396,0.07692307692307693,False,0
C5_0_90k,refine,256,1,32,it0136,0.517574667930603,0.5137573480606079,0.0,False,0
C5_0_90k,refine,256,1,32,it0137,0.4384213387966156,0.45435768365859985,0.0,False,0
C5_0_90k,refine,256,1,32,it0138,0.6614615321159363,0.5636894702911377,0.0,False,0
C5_0_90k,refine,256,1,32,it0139,0.6938608288764954,0.688367486000061,0.0,False,0
C5_0_90k,refine,256,1,32,it0140,0.43876081705093384,0.4350331723690033,0.0,False,0
C5_0_90k,refine,256,1,32,it0141,0.5334128141403198,0.6370960474014282,0.1,False,0
C5_0_90k,refine,256,1,32,it0142,0.491627037525177,0.4214091897010803,0.0,False,0
C5_0_90k,refine,256,1,32,it0143,0.29450464248657227,0.4674654006958008,0.0,False,0
C5_0_90k,refine,256,1,32,it0144,0.6028499603271484,0.29740720987319946,0.0,False,0
C5_0_90k,refine,256,1,32,it0145,0.6581178903579712,0.69404536485672,0.0,False,0
C5_0_90k,refine,256,1,32,it0146,0.5054559707641602,0.5594826936721802,0.05,False,0
C5_0_90k,refine,256,1,32,it0147,0.48631802201271057,0.32397568225860596,0.0,False,0
C5_0_90k,refine,256,1,32,it0148,0.12256157398223877,0.20362341403961182,0.14285714285714285,False,0
C5_0_90k,refine,256,1,32,it0149,0.3898608088493347,0.4259986877441406,0.14285714285714285,False,0
C5_0_90k,refine,256,1,32,it0150,0.4166492819786072,0.5167710185050964,0.07692307692307693,False,0
C5_0_90k,refine,256,1,32,it0151,0.5028637051582336,0.5011005997657776,0.058823529411764705,False,0
C5_0_90k,refine,256,1,32,it0152,0.5403554439544678,0.45310452580451965,0.0,False,0
C5_0_90k,refine,256,1,32,it0153,0.39149120450019836,0.4434922933578491,0.11904761904761904,False,0
C5_0_90k,refine,256,1,32,it0154,0.39313408732414246,0.23886224627494812,0.10526315789473684,False,0
C5_0_90k,refine,256,1,32,it0155,0.2547025978565216,0.37575656175613403,0.0,False,0
C5_0_90k,refine,256,1,32,it0156,0.33458825945854187,0.3869602084159851,0.0,False,0
C5_0_90k,refine,256,1,32,it0157,0.5115026235580444,0.5144493579864502,0.0,False,0
C5_0_90k,refine,256,1,32,it0158,0.4109826982021332,0.34146755933761597,0.10526315789473684,False,0
C5_0_90k,refine,256,1,32,it0159,0.26498937606811523,0.08780386298894882,0.14285714285714285,False,0
C5_0_90k,refine,256,1,32,it0160,0.6373991966247559,0.5188052654266357,0.1935483870967742,False,0
C5_0_90k,refine,256,1,32,it0161,0.41540491580963135,0.334928035736084,0.034482758620689655,False,0
C5_0_90k,refine,256,1,32,it0162,0.1498313844203949,0.18547680974006653,0.14814814814814814,False,0
C5_0_90k,refine,256,1,32,it0163,0.47842252254486084,0.43754082918167114,0.0,False,0
C5_0_90k,refine,256,1,32,it0164,0.45174843072891235,0.35209476947784424,0.0,False,0
C5_0_90k,refine,256,1,32,it0165,0.394764244556427,0.4169361889362335,0.030303030303030304,False,0
C5_0_90k,refine,256,1,32,it0166,0.5476905703544617,0.4309430718421936,0.0,False,0
C5_0_90k,refine,256,1,32,it0167,0.5059469938278198,0.4020800292491913,0.0,False,0
C5_0_90k,refine,256,1,32,it0168,0.33488208055496216,0.3928316831588745,0.0,False,0
C5_0_90k,refine,256,1,32,it0169,0.40372323989868164,0.4746495187282562,0.05,False,0
C5_0_90k,refine,256,1,32,it0170,0.47698497772216797,0.4596737027168274,0.17647058823529413,False,0
C5_0_90k,refine,256,1,32,it0171,0.6822040677070618,0.5687103271484375,0.0,False,0
C5_0_90k,refine,256,1,32,it0172,0.3129471242427826,0.47782737016677856,0.04,False,0
C5_0_90k,refine,256,1,32,it0173,0.6977777481079102,0.676177978515625,0.0,False,0
C5_0_90k,refine,256,1,32,it0174,0.5475991368293762,0.4335412383079529,0.1875,False,0
C5_0_90k,refine,256,1,32,it0175,0.26443082094192505,0.15337248146533966,0.0,False,0
C5_0_90k,refine,256,1,32,it0176,0.3654288947582245,0.3635106682777405,0.16666666666666666,False,0
C5_0_90k,refine,256,1,32,it0177,0.43719735741615295,0.48147833347320557,0.0,False,0
C5_0_90k,refine,256,1,32,it0178,0.3055710792541504,0.1589238941669464,0.17647058823529413,False,0
C5_0_90k,refine,256,1,32,it0179,0.601229727268219,0.6682716012001038,0.03225806451612903,False,0
C5_0_90k,refine,256,1,32,it0180,0.5105485320091248,0.606281042098999,0.0,False,0
C5_0_90k,refine,256,1,32,it0181,0.5781278610229492,0.5460556149482727,0.0,False,0
C5_0_90k,refine,256,1,32,it0182,0.6024404764175415,0.5309111475944519,0.0,False,0
C5_0_90k,refine,256,1,32,it0183,0.6335031390190125,0.5037809014320374,0.0,False,0
C5_0_90k,refine,256,1,32,it0184,0.19919201731681824,0.1561364382505417,0.2,False,0
C5_0_90k,refine,256,1,32,it0185,0.5315332412719727,0.5576434135437012,0.0,False,0
C5_0_90k,refine,256,1,32,it0186,0.6167824268341064,0.6201685667037964,0.0,False,0
C5_0_90k,refine,256,1,32,it0187,0.35877734422683716,0.5271770358085632,0.0,False,0
C5_0_90k,refine,256,1,32,it0188,0.46545952558517456,0.5079392194747925,0.16666666666666666,False,0
C5_0_90k,refine,256,1,32,it0189,0.42782920598983765,0.3216479420661926,0.0,False,0
C5_0_90k,refine,256,1,32,it0190,0.5599634051322937,0.660596489906311,0.0,False,0
C5_0_90k,refine,256,1,32,it0191,0.42015114426612854,0.38533374667167664,0.0,False,0
C5_0_90k,refine,256,1,32,it0192,0.5855615139007568,0.6201079487800598,0.037037037037037035,False,0
C5_0_90k,refine,256,1,32,it0193,0.48131728172302246,0.4098053574562073,0.0,False,0
C5_0_90k,refine,256,1,32,it0194,0.6921285390853882,0.7008250951766968,0.0,False,0
C5_0_90k,refine,256,1,32,it0195,0.6117304563522339,0.5837489366531372,0.038461538461538464,False,0
C5_0_90k,refine,256,1,32,it0196,0.419227659702301,0.38470593094825745,0.14285714285714285,False,0
C5_0_90k,refine,256,1,32,it0197,0.28357982635498047,0.36292561888694763,0.0,False,0
C5_0_90k,refine,256,1,32,it0198,0.22163628041744232,0.12032070010900497,0.0,False,0
C5_0_90k,refine,256,1,32,it0199,0.39767569303512573,0.34743812680244446,0.0,False,0
C5_0_90k,refine,512,1,64,it0000,0.657424807548523,0.6653090715408325,0.10869565217391304,False,0
C5_0_90k,refine,512,1,64,it0001,0.35143715143203735,0.17475704848766327,0.05555555555555555,False,0
C5_0_90k,refine,512,1,64,it0002,0.31497326493263245,0.23829196393489838,0.0,False,0
C5_0_90k,refine,512,1,64,it0003,0.4643961787223816,0.3434268832206726,0.3333333333333333,False,0
C5_0_90k,refine,512,1,64,it0004,0.42382752895355225,0.2774483859539032,0.125,False,0
C5_0_90k,refine,512,1,64,it0005,0.5104615688323975,0.4748084247112274,0.0,False,0
C5_0_90k,refine,512,1,64,it0006,0.3661031126976013,0.32827192544937134,0.0,False,0
C5_0_90k,refine,512,1,64,it0007,0.3350837230682373,0.3978317975997925,0.022727272727272728,False,0
C5_0_90k,refine,512,1,64,it0008,0.3221876919269562,0.2381158471107483,0.14285714285714285,False,0
C5_0_90k,refine,512,1,64,it0009,0.5405942797660828,0.6428713798522949,0.0,False,0
C5_0_90k,refine,512,1,64,it0010,0.5089959502220154,0.5289300680160522,0.1111111111111111,False,0
C5_0_90k,refine,512,1,64,it0011,0.45218250155448914,0.5311509370803833,0.0,False,0
C5_0_90k,refine,512,1,64,it0012,0.46814456582069397,0.409789502620697,0.10344827586206896,False,0
C5_0_90k,refine,512,1,64,it0013,0.5420183539390564,0.6192447543144226,0.0,False,0
C5_0_90k,refine,512,1,64,it0014,0.5545913577079773,0.430614709854126,0.0,False,0
C5_0_90k,refine,512,1,64,it0015,0.52779221534729,0.5215688347816467,0.11764705882352941,False,0
C5_0_90k,refine,512,1,64,it0016,0.7157713770866394,0.6946713328361511,0.029411764705882353,False,0
C5_0_90k,refine,512,1,64,it0017,0.5407701134681702,0.44407516717910767,0.0,False,0
C5_0_90k,refine,512,1,64,it0018,0.5129295587539673,0.5557026863098145,0.058823529411764705,False,0
C5_0_90k,refine,512,1,64,it0019,0.612313985824585,0.5320584774017334,0.043478260869565216,False,0
C5_0_90k,refine,512,1,64,it0020,0.4226325750350952,0.25101879239082336,0.07692307692307693,False,0
C5_0_90k,refine,512,1,64,it0021,0.5446604490280151,0.5028541684150696,0.06060606060606061,False,0
C5_0_90k,refine,512,1,64,it0022,0.324314147233963,0.29244178533554077,0.3,False,0
C5_0_90k,refine,512,1,64,it0023,0.6484218239784241,0.6109158992767334,0.16666666666666666,False,0
C5_0_90k,refine,512,1,64,it0024,0.5393972396850586,0.4506966173648834,0.21428571428571427,False,0
C5_0_90k,refine,512,1,64,it0025,0.6401594281196594,0.647035539150238,0.0,False,0
C5_0_90k,refine,512,1,64,it0026,0.34590622782707214,0.15214674174785614,0.0,False,0
C5_0_90k,refine,512,1,64,it0027,0.7224382758140564,0.6706687211990356,0.0,False,0
C5_0_90k,refine,512,1,64,it0028,0.48749348521232605,0.48796939849853516,0.047619047619047616,False,0
C5_0_90k,refine,512,1,64,it0029,0.3547210991382599,0.3863324522972107,0.0,False,0
C5_0_90k,refine,512,1,64,it0030,0.6037673950195312,0.5679886937141418,0.0,False,0
C5_0_90k,refine,512,1,64,it0031,0.30288222432136536,0.35446813702583313,0.0,False,0
C5_0_90k,refine,512,1,64,it0032,0.699514627456665,0.6654009222984314,0.037037037037037035,False,0
C5_0_90k,refine,512,1,64,it0033,0.2187051773071289,0.11135236918926239,0.15384615384615385,False,0
C5_0_90k,refine,512,1,64,it0034,0.6493812799453735,0.6298172473907471,0.0,False,0
C5_0_90k,refine,512,1,64,it0035,0.20267915725708008,0.15734067559242249,0.15384615384615385,False,0
C5_0_90k,refine,512,1,64,it0036,0.5746271014213562,0.557782769203186,0.05555555555555555,False,0
C5_0_90k,refine,512,1,64,it0037,0.5887249112129211,0.5612179636955261,0.13333333333333333,False,0
C5_0_90k,refine,512,1,64,it0038,0.3632303476333618,0.19915036857128143,0.0,False,0
C5_0_90k,refine,512,1,64,it0039,0.5923112034797668,0.4823913872241974,0.07317073170731707,False,0
C5_0_90k,refine,512,1,64,it0040,0.3476662039756775,0.13506624102592468,0.0,False,0
C5_0_90k,refine,512,1,64,it0041,0.6632493138313293,0.5175831913948059,0.09090909090909091,False,0
C5_0_90k,refine,512,1,64,it0042,0.467883825302124,0.4494659900665283,0.1111111111111111,False,0
C5_0_90k,refine,512,1,64,it0043,0.3284881114959717,0.24448567628860474,0.0,False,0
C5_0_90k,refine,512,1,64,it0044,0.49101537466049194,0.6080242395401001,0.08,False,0
C5_0_90k,refine,512,1,64,it0045,0.22780588269233704,0.33715957403182983,0.06666666666666667,False,0
C5_0_90k,refine,512,1,64,it0046,0.40614673495292664,0.22839757800102234,0.0,False,0
C5_0_90k,refine,512,1,64,it0047,0.25121769309043884,0.4388350248336792,0.3,False,0
C5_0_90k,refine,512,1,64,it0048,0.43174195289611816,0.45376384258270264,0.0,False,0
C5_0_90k,refine,512,1,64,it0049,0.3333834111690521,0.5417354106903076,0.045454545454545456,False,0
C5_0_90k,refine,512,1,64,it0050,0.12121734023094177,-0.13028831779956818,0.2727272727272727,False,0
C5_0_90k,refine,512,1,64,it0051,0.2557067275047302,0.5066508054733276,0.0,False,0
C5_0_90k,refine,512,1,64,it0052,0.33647048473358154,0.4660916328430176,0.0,False,0
C5_0_90k,refine,512,1,64,it0053,0.40463653206825256,0.5284574627876282,0.1891891891891892,False,0
C5_0_90k,refine,512,1,64,it0054,0.43363362550735474,0.2879495620727539,0.0,False,0
C5_0_90k,refine,512,1,64,it0055,0.3537006378173828,0.4236131012439728,0.0,False,0
C5_0_90k,refine,512,1,64,it0056,0.38486427068710327,0.2982807755470276,0.05,False,0
C5_0_90k,refine,512,1,64,it0057,0.4857499301433563,0.32694146037101746,0.08823529411764706,False,0
C5_0_90k,refine,512,1,64,it0058,0.4012032151222229,0.43015310168266296,0.25,False,0
C5_0_90k,refine,512,1,64,it0059,0.5366801619529724,0.5375491380691528,0.03571428571428571,False,0
C5_0_90k,refine,512,1,64,it0060,0.3988617956638336,0.42045333981513977,0.058823529411764705,False,0
C5_0_90k,refine,512,1,64,it0061,0.6000455617904663,0.6329301595687866,0.05714285714285714,False,0
C5_0_90k,refine,512,1,64,it0062,0.5513260364532471,0.5231708288192749,0.0,False,0
C5_0_90k,refine,512,1,64,it0063,0.42735210061073303,0.28192979097366333,0.0,False,0
C5_0_90k,refine,512,1,64,it0064,0.3690759539604187,0.47600871324539185,0.2222222222222222,False,0
C5_0_90k,refine,512,1,64,it0065,0.6567597389221191,0.7083633542060852,0.0,False,0
C5_0_90k,refine,512,1,64,it0066,0.271202027797699,0.2999749779701233,0.09523809523809523,False,0
C5_0_90k,refine,512,1,64,it0067,0.16641423106193542,0.16594184935092926,0.05555555555555555,False,0
C5_0_90k,refine,512,1,64,it0068,0.7079458832740784,0.6600988507270813,0.07692307692307693,False,0
C5_0_90k,refine,512,1,64,it0069,0.4511570632457733,0.4265437424182892,0.13636363636363635,False,0
C5_0_90k,refine,512,1,64,it0070,0.42680269479751587,0.41504108905792236,0.0,False,0
C5_0_90k,refine,512,1,64,it0071,0.511104941368103,0.47382813692092896,0.07142857142857142,False,0
C5_0_90k,refine,512,1,64,it0072,0.445165753364563,0.5156371593475342,0.0,False,0
C5_0_90k,refine,512,1,64,it0073,0.12344260513782501,0.07589652389287949,0.13793103448275862,False,0
C5_0_90k,refine,512,1,64,it0074,0.2306782752275467,0.3515078127384186,0.06666666666666667,False,0
C5_0_90k,refine,512,1,64,it0075,0.3571719527244568,0.43091142177581787,0.0,False,0
C5_0_90k,refine,512,1,64,it0076,0.5561894774436951,0.3555818200111389,0.13043478260869565,False,0
C5_0_90k,refine,512,1,64,it0077,0.3910791277885437,0.4835987687110901,0.16666666666666666,False,0
C5_0_90k,refine,512,1,64,it0078,0.3969342112541199,0.38942307233810425,0.09523809523809523,False,0
C5_0_90k,refine,512,1,64,it0079,0.6480634808540344,0.6427659392356873,0.0,False,0
C5_0_90k,refine,512,1,64,it0080,0.35084688663482666,0.17899388074874878,0.024390243902439025,False,0
C5_0_90k,refine,512,1,64,it0081,0.5830678939819336,0.49597445130348206,0.0,False,0
C5_0_90k,refine,512,1,64,it0082,0.4785447120666504,0.5487123727798462,0.0,False,0
C5_0_90k,refine,512,1,64,it0083,0.48371177911758423,0.43293067812919617,0.0,False,0
C5_0_90k,refine,512,1,64,it0084,0.6382390260696411,0.5829927325248718,0.022222222222222223,False,0
C5_0_90k,refine,512,1,64,it0085,0.4889654815196991,0.31161341071128845,0.0,False,0
C5_0_90k,refine,512,1,64,it0086,0.6028304100036621,0.659419596195221,0.0,False,0
C5_0_90k,refine,512,1,64,it0087,0.5651357769966125,0.5985267162322998,0.0,False,0
C5_0_90k,refine,512,1,64,it0088,0.3221246302127838,0.35321229696273804,0.0,False,0
C5_0_90k,refine,512,1,64,it0089,0.5081891417503357,0.3771343529224396,0.0,False,0
C5_0_90k,refine,512,1,64,it0090,0.6240494847297668,0.6626921892166138,0.0,False,0
C5_0_90k,refine,512,1,64,it0091,0.5435349941253662,0.5083869695663452,0.03225806451612903,False,0
C5_0_90k,refine,512,1,64,it0092,0.5754712820053101,0.4400233030319214,0.0,False,0
C5_0_90k,refine,512,1,64,it0093,0.5173252820968628,0.4904506802558899,0.0,False,0
C5_0_90k,refine,512,1,64,it0094,0.5903725624084473,0.5333951711654663,0.0,False,0
C5_0_90k,refine,512,1,64,it0095,0.5837051868438721,0.6552616357803345,0.09523809523809523,False,0
C5_0_90k,refine,512,1,64,it0096,0.5846412777900696,0.48119086027145386,0.0,False,0
C5_0_90k,refine,512,1,64,it0097,0.631318211555481,0.6209266781806946,0.0,False,0
C5_0_90k,refine,512,1,64,it0098,0.5933914184570312,0.4141329526901245,0.1111111111111111,False,0
C5_0_90k,refine,512,1,64,it0099,0.3125573396682739,0.2434808909893036,0.0,False,0
C5_0_90k,refine,512,1,64,it0100,0.7024508714675903,0.7103865146636963,0.0,False,0
C5_0_90k,refine,512,1,64,it0101,0.45322728157043457,0.4931502938270569,0.0,False,0
C5_0_90k,refine,512,1,64,it0102,0.393913596868515,0.42059943079948425,0.0,False,0
C5_0_90k,refine,512,1,64,it0103,0.3838634490966797,0.46645888686180115,0.045454545454545456,False,0
C5_0_90k,refine,512,1,64,it0104,0.5533028841018677,0.5085778832435608,0.0,False,0
C5_0_90k,refine,512,1,64,it0105,0.3662188947200775,0.6089309453964233,0.11428571428571428,False,0
C5_0_90k,refine,512,1,64,it0106,0.3747842609882355,0.4825859069824219,0.0,False,0
C5_0_90k,refine,512,1,64,it0107,0.5991278290748596,0.4796494245529175,0.0,False,0
C5_0_90k,refine,512,1,64,it0108,0.4499821960926056,0.42136871814727783,0.0,False,0
C5_0_90k,refine,512,1,64,it0109,0.45783552527427673,0.41381263732910156,0.0,False,0
C5_0_90k,refine,512,1,64,it0110,0.11508738994598389,0.33268240094184875,0.0,False,0
C5_0_90k,refine,512,1,64,it0111,0.4940638840198517,0.4679562449455261,0.0,False,0
C5_0_90k,refine,512,1,64,it0112,0.5941022038459778,0.5281296968460083,0.0,False,0
C5_0_90k,refine,512,1,64,it0113,0.5188632011413574,0.4732166826725006,0.0,False,0
C5_0_90k,refine,512,1,64,it0114,0.48992159962654114,0.34873631596565247,0.1111111111111111,False,0
C5_0_90k,refine,512,1,64,it0115,0.3536597490310669,0.28733551502227783,0.0,False,0
C5_0_90k,refine,512,1,64,it0116,0.6447634696960449,0.4195777177810669,0.0,False,0
C5_0_90k,refine,512,1,64,it0117,0.5120480060577393,0.5500655770301819,0.0,False,0
C5_0_90k,refine,512,1,64,it0118,0.6096768379211426,0.5680720806121826,0.038461538461538464,False,0
C5_0_90k,refine,512,1,64,it0119,0.34746161103248596,0.3721572756767273,0.0,False,0
C5_0_90k,refine,512,1,64,it0120,0.6437355875968933,0.49993935227394104,0.0,False,0
C5_0_90k,refine,512,1,64,it0121,0.5127369165420532,0.4254857003688812,0.15,False,0
C5_0_90k,refine,512,1,64,it0122,0.42827045917510986,0.36670804023742676,0.3181818181818182,False,0
C5_0_90k,refine,512,1,64,it0123,0.39144718647003174,0.5569201111793518,0.058823529411764705,False,0
C5_0_90k,refine,512,1,64,it0124,0.640306830406189,0.47380995750427246,0.030303030303030304,False,0
C5_0_90k,refine,512,1,64,it0125,0.4710931181907654,0.3042588233947754,0.05128205128205128,False,0
C5_0_90k,refine,512,1,64,it0126,0.4962393045425415,0.4931791126728058,0.0,False,0
C5_0_90k,refine,512,1,64,it0127,0.3838772475719452,0.3415790796279907,0.0,False,0
C5_0_90k,refine,512,1,64,it0128,0.4721606969833374,0.4686848223209381,0.0,False,0
C5_0_90k,refine,512,1,64,it0129,0.4325450360774994,0.43119925260543823,0.0,False,0
C5_0_90k,refine,512,1,64,it0130,0.39720484614372253,0.43220436573028564,0.0,False,0
C5_0_90k,refine,512,1,64,it0131,0.370434045791626,0.42157605290412903,0.0,False,0
C5_0_90k,refine,512,1,64,it0132,0.4997681677341461,0.35874468088150024,0.0,False,0
C5_0_90k,refine,512,1,64,it0133,0.6069676280021667,0.6349645256996155,0.0,False,0
C5_0_90k,refine,512,1,64,it0134,0.4678719639778137,0.4091331362724304,0.0,False,0
C5_0_90k,refine,512,1,64,it0135,0.5216141939163208,0.543559730052948,0.10256410256410256,False,0
C5_0_90k,refine,512,1,64,it0136,0.4216596484184265,0.48753827810287476,0.0,False,0
C5_0_90k,refine,512,1,64,it0137,0.4482117295265198,0.42246848344802856,0.16666666666666666,False,0
C5_0_90k,refine,512,1,64,it0138,0.5496501922607422,0.5301274657249451,0.05555555555555555,False,0
C5_0_90k,refine,512,1,64,it0139,0.7007702589035034,0.565915584564209,0.0,False,0
C5_0_90k,refine,512,1,64,it0140,0.331050843000412,0.4484812617301941,0.0,False,0
C5_0_90k,refine,512,1,64,it0141,0.5756277441978455,0.6452534198760986,0.06666666666666667,False,0
C5_0_90k,refine,512,1,64,it0142,0.3612014949321747,0.2112191915512085,0.0,False,0
C5_0_90k,refine,512,1,64,it0143,0.42015179991722107,0.5759032964706421,0.0,False,0
C5_0_90k,refine,512,1,64,it0144,0.609963059425354,0.3399747312068939,0.0,False,0
C5_0_90k,refine,512,1,64,it0145,0.548596978187561,0.703403115272522,0.0,False,0
C5_0_90k,refine,512,1,64,it0146,0.6492014527320862,0.6249592304229736,0.0,False,0
C5_0_90k,refine,512,1,64,it0147,0.5109646320343018,0.40858039259910583,0.0,False,0
C5_0_90k,refine,512,1,64,it0148,0.15136046707630157,0.18491843342781067,0.07142857142857142,False,0
C5_0_90k,refine,512,1,64,it0149,0.11211331188678741,0.1720084547996521,0.14285714285714285,False,0
C5_0_90k,refine,512,1,64,it0150,0.44579631090164185,0.5376302599906921,0.07692307692307693,False,0
C5_0_90k,refine,512,1,64,it0151,0.6075955033302307,0.5320212244987488,0.058823529411764705,False,0
C5_0_90k,refine,512,1,64,it0152,0.48150256276130676,0.3976878523826599,0.0,False,0
C5_0_90k,refine,512,1,64,it0153,0.3484411835670471,0.3075793981552124,0.09523809523809523,False,0
C5_0_90k,refine,512,1,64,it0154,0.43323028087615967,0.1957743763923645,0.10526315789473684,False,0
C5_0_90k,refine,512,1,64,it0155,0.3130618929862976,0.42889514565467834,0.03571428571428571,False,0
C5_0_90k,refine,512,1,64,it0156,0.26589298248291016,0.4199164807796478,0.0,False,0
C5_0_90k,refine,512,1,64,it0157,0.49384546279907227,0.4346250295639038,0.023255813953488372,False,0
C5_0_90k,refine,512,1,64,it0158,0.25168538093566895,0.25287142395973206,0.15789473684210525,False,0
C5_0_90k,refine,512,1,64,it0159,0.4517369866371155,0.39312735199928284,0.14285714285714285,False,0
C5_0_90k,refine,512,1,64,it0160,0.5690338015556335,0.4553697109222412,0.0,False,0
C5_0_90k,refine,512,1,64,it0161,0.5279994010925293,0.43532055616378784,0.034482758620689655,False,0
C5_0_90k,refine,512,1,64,it0162,0.09608389437198639,0.22537308931350708,0.1111111111111111,False,0
C5_0_90k,refine,512,1,64,it0163,0.4794827699661255,0.666488528251648,0.0,False,0
C5_0_90k,refine,512,1,64,it0164,0.6244192123413086,0.5028554201126099,0.0,False,0
C5_0_90k,refine,512,1,64,it0165,0.37483084201812744,0.4082966446876526,0.0,False,0
C5_0_90k,refine,512,1,64,it0166,0.5499439835548401,0.21382352709770203,0.0,False,0
C5_0_90k,refine,512,1,64,it0167,0.509162425994873,0.4937927722930908,0.0,False,0
C5_0_90k,refine,512,1,64,it0168,0.3565305471420288,0.4286733865737915,0.0,False,0
C5_0_90k,refine,512,1,64,it0169,0.3848051428794861,0.5334152579307556,0.05,False,0
C5_0_90k,refine,512,1,64,it0170,0.49929630756378174,0.554811954498291,0.11764705882352941,False,0
C5_0_90k,refine,512,1,64,it0171,0.5578776001930237,0.5414939522743225,0.0,False,0
C5_0_90k,refine,512,1,64,it0172,0.3300607204437256,0.4806654155254364,0.04,False,0
C5_0_90k,refine,512,1,64,it0173,0.6294017434120178,0.6295141577720642,0.0,False,0
C5_0_90k,refine,512,1,64,it0174,0.5279625654220581,0.241531640291214,0.0,False,0
C5_0_90k,refine,512,1,64,it0175,0.20039235055446625,0.18750514090061188,0.0,False,0
C5_0_90k,refine,512,1,64,it0176,0.4311852753162384,0.47607892751693726,0.0,False,0
C5_0_90k,refine,512,1,64,it0177,0.4433496296405792,0.5322608947753906,0.05263157894736842,False,0
C5_0_90k,refine,512,1,64,it0178,0.3631440997123718,0.3044583201408386,0.35294117647058826,False,0
C5_0_90k,refine,512,1,64,it0179,0.6041943430900574,0.6771602630615234,0.06451612903225806,False,0
C5_0_90k,refine,512,1,64,it0180,0.5318647623062134,0.6345244646072388,0.0,False,0
C5_0_90k,refine,512,1,64,it0181,0.558601438999176,0.5988651514053345,0.0,False,0
C5_0_90k,refine,512,1,64,it0182,0.5904751420021057,0.5092628002166748,0.08,False,0
C5_0_90k,refine,512,1,64,it0183,0.6784822344779968,0.6363502144813538,0.0,False,0
C5_0_90k,refine,512,1,64,it0184,0.17177040874958038,0.11772997677326202,0.13333333333333333,False,0
C5_0_90k,refine,512,1,64,it0185,0.46552953124046326,0.5228776931762695,0.0967741935483871,False,0
C5_0_90k,refine,512,1,64,it0186,0.5944268107414246,0.5591108202934265,0.041666666666666664,False,0
C5_0_90k,refine,512,1,64,it0187,0.441827654838562,0.5422015190124512,0.125,False,0
C5_0_90k,refine,512,1,64,it0188,0.5293043255805969,0.49973341822624207,0.0,False,0
C5_0_90k,refine,512,1,64,it0189,0.4019545912742615,0.3133690655231476,0.0,False,0
C5_0_90k,refine,512,1,64,it0190,0.5531009435653687,0.5530705451965332,0.0,False,0
C5_0_90k,refine,512,1,64,it0191,0.3635759949684143,0.4166252613067627,0.0,False,0
C5_0_90k,refine,512,1,64,it0192,0.5917253494262695,0.5125032067298889,0.037037037037037035,False,0
C5_0_90k,refine,512,1,64,it0193,0.42113563418388367,0.27115893363952637,0.1875,False,0
C5_0_90k,refine,512,1,64,it0194,0.7504298090934753,0.7010329961776733,0.0,False,0
C5_0_90k,refine,512,1,64,it0195,0.6622216701507568,0.6241915225982666,0.0,False,0
C5_0_90k,refine,512,1,64,it0196,0.5264878869056702,0.4099924564361572,0.14285714285714285,False,0
C5_0_90k,refine,512,1,64,it0197,0.4349689483642578,0.3415219783782959,0.0,False,0
C5_0_90k,refine,512,1,64,it0198,0.36262136697769165,0.2595634460449219,0.0,False,0
C5_0_90k,refine,512,1,64,it0199,0.47766953706741333,0.47348588705062866,0.0,False,0
