run,arm,nfe,K,T,item,ecapa,wavlm,wer,degenerate,pick
D1_1,search,128,2,8,it0000,0.5376052856445312,0.4637379050254822,0.1956521739130435,False,1
D1_1,search,128,2,8,it0001,0.30689191818237305,0.18185126781463623,0.3333333333333333,False,1
D1_1,search,128,2,8,it0002,0.35362759232521057,0.28522494435310364,0.2,False,1
D1_1,search,128,2,8,it0003,0.38602548837661743,0.2278091162443161,0.4666666666666667,False,0
D1_1,search,128,2,8,it0004,0.49864497780799866,0.3890424370765686,0.1875,False,1
D1_1,search,128,2,8,it0005,0.5019257068634033,0.4744156002998352,0.0,False,1
D1_1,search,128,2,8,it0006,0.5007816553115845,0.45452579855918884,0.1111111111111111,False,1
D1_1,search,128,2,8,it0007,0.32885071635246277,0.35548099875450134,0.11363636363636363,False,1
D1_1,search,128,2,8,it0008,0.35659945011138916,0.23408031463623047,0.42857142857142855,False,0
D1_1,search,128,2,8,it0009,0.5461412072181702,0.4794769287109375,0.2222222222222222,False,1
D1_1,search,128,2,8,it0010,0.49817952513694763,0.49392104148864746,0.2777777777777778,False,0
D1_1,search,128,2,8,it0011,0.5324782133102417,0.4781806766986847,0.043478260869565216,False,1
D1_1,search,128,2,8,it0012,0.3351728320121765,0.32726147770881653,0.6551724137931034,False,0
D1_1,search,128,2,8,it0013,0.6098195314407349,0.586993932723999,0.0,False,0
D1_1,search,128,2,8,it0014,0.4207109212875366,0.41357922554016113,0.2,False,1
D1_1,search,128,2,8,it0015,0.4690711498260498,0.475260853767395,0.11764705882352941,False,0
D1_1,search,128,2,8,it0016,0.6454104781150818,0.4628198444843292,0.17647058823529413,False,1
D1_1,search,128,2,8,it0017,0.49802103638648987,0.38501545786857605,0.06666666666666667,False,1
D1_1,search,128,2,8,it0018,0.4214349687099457,0.3501583933830261,0.058823529411764705,False,1
D1_1,search,128,2,8,it0019,0.6703289747238159,0.546335756778717,0.1956521739130435,False,0
D1_1,search,128,2,8,it0020,0.32245996594429016,0.31065207719802856,0.38461538461538464,False,1
D1_1,search,128,2,8,it0021,0.4455391466617584,0.43670639395713806,0.12121212121212122,False,0
D1_1,search,128,2,8,it0022,0.5333927869796753,0.525378406047821,0.675,False,1
D1_1,search,128,2,8,it0023,0.5587931275367737,0.5291743278503418,0.3333333333333333,False,0
D1_1,search,128,2,8,it0024,0.5796331167221069,0.46782785654067993,0.14285714285714285,False,0
D1_1,search,128,2,8,it0025,0.5804260969161987,0.5088186860084534,0.2,False,1
D1_1,search,128,2,8,it0026,0.34295231103897095,0.2585020959377289,0.0,False,0
D1_1,search,128,2,8,it0027,0.6955015063285828,0.6851323843002319,0.0625,False,0
D1_1,search,128,2,8,it0028,0.45038533210754395,0.5253955125808716,0.3333333333333333,False,0
D1_1,search,128,2,8,it0029,0.24296867847442627,0.35398417711257935,0.0625,False,1
D1_1,search,128,2,8,it0030,0.42914995551109314,0.36293771862983704,0.36,False,0
D1_1,search,128,2,8,it0031,0.2819962501525879,0.31165239214897156,0.2777777777777778,False,0
D1_1,search,128,2,8,it0032,0.6328234672546387,0.5765285491943359,0.1111111111111111,False,1
D1_1,search,128,2,8,it0033,0.2495519369840622,0.2986048460006714,0.15384615384615385,False,1
D1_1,search,128,2,8,it0034,0.4241650700569153,0.2761693596839905,0.13333333333333333,False,1
D1_1,search,128,2,8,it0035,0.3158239722251892,0.1802428662776947,0.23076923076923078,False,1
D1_1,search,128,2,8,it0036,0.636814534664154,0.4577024579048157,0.2222222222222222,False,0
D1_1,search,128,2,8,it0037,0.5130476951599121,0.4928685426712036,0.0,False,1
D1_1,search,128,2,8,it0038,0.3349861800670624,0.2927508056163788,0.05405405405405406,False,0
D1_1,search,128,2,8,it0039,0.449385404586792,0.4245426654815674,0.14634146341463414,False,1
D1_1,search,128,2,8,it0040,0.2062176614999771,0.12451259791851044,0.26666666666666666,False,1
D1_1,search,128,2,8,it0041,0.6297624111175537,0.4382781386375427,0.18181818181818182,False,1
D1_1,search,128,2,8,it0042,0.39909589290618896,0.4105141758918762,0.14814814814814814,False,1
D1_1,search,128,2,8,it0043,0.23971030116081238,0.15733298659324646,0.07692307692307693,False,0
D1_1,search,128,2,8,it0044,0.5143861174583435,0.5375453233718872,0.28,False,0
D1_1,search,128,2,8,it0045,0.2725878357887268,0.4389859437942505,0.2,False,1
D1_1,search,128,2,8,it0046,0.3566272556781769,0.3162369430065155,0.125,False,0
D1_1,search,128,2,8,it0047,0.2848820686340332,0.44136953353881836,0.6,False,0
D1_1,search,128,2,8,it0048,0.5051166415214539,0.4763921797275543,0.1875,False,0
D1_1,search,128,2,8,it0049,0.3005257248878479,0.4588254690170288,0.45454545454545453,False,0
D1_1,search,128,2,8,it0050,0.21770860254764557,0.0035482123494148254,0.36363636363636365,False,1
D1_1,search,128,2,8,it0051,0.18116028606891632,0.4600207507610321,0.3103448275862069,False,1
D1_1,search,128,2,8,it0052,0.24516339600086212,0.26919257640838623,0.0,False,1
D1_1,search,128,2,8,it0053,0.3155849874019623,0.4004349112510681,0.3783783783783784,False,1
D1_1,search,128,2,8,it0054,0.3216284513473511,0.2677825689315796,0.20833333333333334,False,1
D1_1,search,128,2,8,it0055,0.46169307827949524,0.399321049451828,0.19230769230769232,False,1
D1_1,search,128,2,8,it0056,0.4066604971885681,0.29723671078681946,0.1,False,0
D1_1,search,128,2,8,it0057,0.5022841095924377,0.35228991508483887,0.3235294117647059,False,1
D1_1,search,128,2,8,it0058,0.42861372232437134,0.3736516535282135,0.0,False,1
D1_1,search,128,2,8,it0059,0.509461522102356,0.5974464416503906,0.35714285714285715,False,1
D1_1,search,128,2,8,it0060,0.3441898822784424,0.40041857957839966,0.058823529411764705,False,1
D1_1,search,128,2,8,it0061,0.5558028221130371,0.6285814046859741,0.11428571428571428,False,1
D1_1,search,128,2,8,it0062,0.5886098146438599,0.5848166942596436,0.09523809523809523,False,0
D1_1,search,128,2,8,it0063,0.48283615708351135,0.45818331837654114,0.13793103448275862,False,0
D1_1,search,128,2,8,it0064,0.3363313376903534,0.4983367919921875,0.16666666666666666,False,1
D1_1,search,128,2,8,it0065,0.6087946891784668,0.615476131439209,0.28205128205128205,False,1
D1_1,search,128,2,8,it0066,0.3301088809967041,0.36660659313201904,0.19047619047619047,False,1
D1_1,search,128,2,8,it0067,0.2682431936264038,0.20893226563930511,0.2777777777777778,False,0
D1_1,search,128,2,8,it0068,0.6707063317298889,0.6200361847877502,0.02564102564102564,False,1
D1_1,search,128,2,8,it0069,0.30787909030914307,0.2923346757888794,0.2727272727272727,False,1
D1_1,search,128,2,8,it0070,0.4615219235420227,0.4557727575302124,0.13333333333333333,False,1
D1_1,search,128,2,8,it0071,0.5394055843353271,0.4743340015411377,0.14285714285714285,False,0
D1_1,search,128,2,8,it0072,0.5130013823509216,0.40515580773353577,0.09090909090909091,False,0
D1_1,search,128,2,8,it0073,0.23612624406814575,0.2508190870285034,0.20689655172413793,False,0
D1_1,search,128,2,8,it0074,0.2971682548522949,0.17927159368991852,0.4,False,1
D1_1,search,128,2,8,it0075,0.34926488995552063,0.43155553936958313,0.13043478260869565,False,1
D1_1,search,128,2,8,it0076,0.6428489685058594,0.4042282700538635,0.13043478260869565,False,1
D1_1,search,128,2,8,it0077,0.5141681432723999,0.5710116624832153,0.25,False,1
D1_1,search,128,2,8,it0078,0.3350468575954437,0.25616949796676636,0.047619047619047616,False,1
D1_1,search,128,2,8,it0079,0.6638461351394653,0.5603768825531006,0.041666666666666664,False,1
D1_1,search,128,2,8,it0080,0.3341866433620453,0.23918725550174713,0.2682926829268293,False,1
D1_1,search,128,2,8,it0081,0.35689055919647217,0.3910413682460785,0.03571428571428571,False,0
D1_1,search,128,2,8,it0082,0.5096900463104248,0.47380781173706055,0.11764705882352941,False,1
D1_1,search,128,2,8,it0083,0.4996333718299866,0.3384510278701782,0.029411764705882353,False,0
D1_1,search,128,2,8,it0084,0.6327847838401794,0.5229823589324951,0.022222222222222223,False,0
D1_1,search,128,2,8,it0085,0.529013991355896,0.5327435731887817,0.07142857142857142,False,1
D1_1,search,128,2,8,it0086,0.6290444135665894,0.5868563652038574,0.23529411764705882,False,0
D1_1,search,128,2,8,it0087,0.41842126846313477,0.5791431069374084,0.1875,False,0
D1_1,search,128,2,8,it0088,0.41117310523986816,0.49417921900749207,0.047619047619047616,False,0
D1_1,search,128,2,8,it0089,0.49119019508361816,0.2526487112045288,0.0,False,1
D1_1,search,128,2,8,it0090,0.5373713970184326,0.5868880748748779,0.058823529411764705,False,1
D1_1,search,128,2,8,it0091,0.5532169342041016,0.5412247776985168,0.12903225806451613,False,1
D1_1,search,128,2,8,it0092,0.5128724575042725,0.350111722946167,0.02857142857142857,False,0
D1_1,search,128,2,8,it0093,0.46710827946662903,0.34469079971313477,0.0,False,1
D1_1,search,128,2,8,it0094,0.4905996322631836,0.5380598306655884,0.0,False,0
D1_1,search,128,2,8,it0095,0.4808799922466278,0.5068545341491699,0.09523809523809523,False,0
D1_1,search,128,2,8,it0096,0.4492267072200775,0.40431639552116394,0.5,False,1
D1_1,search,128,2,8,it0097,0.6517870426177979,0.6160814762115479,0.0,False,0
D1_1,search,128,2,8,it0098,0.4448731541633606,0.3845480680465698,0.18518518518518517,False,0
D1_1,search,128,2,8,it0099,0.2656269669532776,0.17982915043830872,0.0,False,1
D1_1,search,128,2,8,it0100,0.5836081504821777,0.6831219792366028,0.0,False,1
D1_1,search,128,2,8,it0101,0.41312727332115173,0.45085644721984863,0.05263157894736842,False,0
D1_1,search,128,2,8,it0102,0.3106503486633301,0.37467026710510254,0.07692307692307693,False,0
D1_1,search,128,2,8,it0103,0.4544526934623718,0.5409660339355469,0.18181818181818182,False,0
D1_1,search,128,2,8,it0104,0.5190935134887695,0.5125811100006104,0.08333333333333333,False,0
D1_1,search,128,2,8,it0105,0.4353595972061157,0.5749236345291138,0.3142857142857143,False,1
D1_1,search,128,2,8,it0106,0.3981870710849762,0.4087873697280884,0.041666666666666664,False,1
D1_1,search,128,2,8,it0107,0.5075874924659729,0.45077675580978394,0.13043478260869565,False,1
D1_1,search,128,2,8,it0108,0.49244704842567444,0.39049428701400757,0.1875,False,1
D1_1,search,128,2,8,it0109,0.4390648305416107,0.36057814955711365,0.0,False,0
D1_1,search,128,2,8,it0110,0.2937563955783844,0.1593034863471985,0.16666666666666666,False,0
D1_1,search,128,2,8,it0111,0.22305962443351746,0.19053132832050323,0.30303030303030304,False,1
D1_1,search,128,2,8,it0112,0.6381601691246033,0.5314501523971558,0.022727272727272728,False,1
D1_1,search,128,2,8,it0113,0.5307263731956482,0.4118776321411133,0.0,False,1
D1_1,search,128,2,8,it0114,0.3063233196735382,0.2889426648616791,0.5555555555555556,False,1
D1_1,search,128,2,8,it0115,0.3692150413990021,0.19819438457489014,0.14285714285714285,False,1
D1_1,search,128,2,8,it0116,0.48385709524154663,0.3135284185409546,0.4117647058823529,False,1
D1_1,search,128,2,8,it0117,0.4238768219947815,0.5086625218391418,0.08823529411764706,False,0
D1_1,search,128,2,8,it0118,0.667909562587738,0.5346981287002563,0.09615384615384616,False,1
D1_1,search,128,2,8,it0119,0.44971156120300293,0.565189778804779,0.21428571428571427,False,1
D1_1,search,128,2,8,it0120,0.5976561903953552,0.5389941334724426,0.0,False,0
D1_1,search,128,2,8,it0121,0.4434300363063812,0.3447721004486084,0.2,False,0
D1_1,search,128,2,8,it0122,0.1575969159603119,0.2950802743434906,0.45454545454545453,False,0
D1_1,search,128,2,8,it0123,0.2552540600299835,0.4228399097919464,0.23529411764705882,False,1
D1_1,search,128,2,8,it0124,0.6056610345840454,0.4658903479576111,0.09090909090909091,False,1
D1_1,search,128,2,8,it0125,0.49463510513305664,0.3710617423057556,0.20512820512820512,False,0
D1_1,search,128,2,8,it0126,0.4007296860218048,0.213099405169487,0.0,False,1
D1_1,search,128,2,8,it0127,0.3266614079475403,0.3317212164402008,0.11764705882352941,False,0
D1_1,search,128,2,8,it0128,0.4824296832084656,0.47054052352905273,0.05,False,0
D1_1,search,128,2,8,it0129,0.40317386388778687,0.36366522312164307,0.058823529411764705,False,0
D1_1,search,128,2,8,it0130,0.24932563304901123,0.27432528138160706,0.0,False,0
D1_1,search,128,2,8,it0131,0.38195085525512695,0.3471086025238037,0.12903225806451613,False,0
D1_1,search,128,2,8,it0132,0.3569391965866089,0.19195805490016937,0.07142857142857142,False,0
D1_1,search,128,2,8,it0133,0.6041789650917053,0.5964372158050537,0.0,False,0
D1_1,search,128,2,8,it0134,0.46159034967422485,0.3158664107322693,0.13157894736842105,False,1
D1_1,search,128,2,8,it0135,0.3779483139514923,0.33236414194107056,0.1282051282051282,False,1
D1_1,search,128,2,8,it0136,0.3462596833705902,0.36387741565704346,0.2,False,1
D1_1,search,128,2,8,it0137,0.48127904534339905,0.5047237873077393,0.3333333333333333,False,0
D1_1,search,128,2,8,it0138,0.5243794322013855,0.5831764340400696,0.2777777777777778,False,1
D1_1,search,128,2,8,it0139,0.5383076071739197,0.27533796429634094,0.05555555555555555,False,1
D1_1,search,128,2,8,it0140,0.4454800486564636,0.4390588402748108,0.20833333333333334,False,1
D1_1,search,128,2,8,it0141,0.6055799722671509,0.6643730401992798,0.5,False,0
D1_1,search,128,2,8,it0142,0.19824914634227753,0.2629743218421936,0.56,False,1
D1_1,search,128,2,8,it0143,0.23578006029129028,0.3793380856513977,0.1875,False,0
D1_1,search,128,2,8,it0144,0.6072854995727539,0.3342810273170471,0.17857142857142858,False,1
D1_1,search,128,2,8,it0145,0.44197338819503784,0.5435593128204346,0.1,False,0
D1_1,search,128,2,8,it0146,0.4847032129764557,0.6120641827583313,0.05,False,0
D1_1,search,128,2,8,it0147,0.2485656887292862,0.322863906621933,0.17391304347826086,False,0
D1_1,search,128,2,8,it0148,0.12378430366516113,0.2105436474084854,0.21428571428571427,False,1
D1_1,search,128,2,8,it0149,0.5040568709373474,0.4396210312843323,0.21428571428571427,False,1
D1_1,search,128,2,8,it0150,0.4468159079551697,0.3913938105106354,0.038461538461538464,False,0
D1_1,search,128,2,8,it0151,0.6841801404953003,0.5626420378684998,0.058823529411764705,False,1
D1_1,search,128,2,8,it0152,0.49587711691856384,0.4933629631996155,0.0,False,0
D1_1,search,128,2,8,it0153,0.3947964012622833,0.4133835732936859,0.16666666666666666,False,0
D1_1,search,128,2,8,it0154,0.3209857642650604,0.26219043135643005,0.3157894736842105,False,1
D1_1,search,128,2,8,it0155,0.29623904824256897,0.32211923599243164,0.10714285714285714,False,1
D1_1,search,128,2,8,it0156,0.27321940660476685,0.23649147152900696,0.14285714285714285,False,0
D1_1,search,128,2,8,it0157,0.5839664340019226,0.4768454134464264,0.06976744186046512,False,1
D1_1,search,128,2,8,it0158,0.2664855420589447,0.2575090527534485,0.05263157894736842,False,0
D1_1,search,128,2,8,it0159,0.437400758266449,0.266273558139801,0.14285714285714285,False,1
D1_1,search,128,2,8,it0160,0.6236398816108704,0.5555750727653503,0.0967741935483871,False,0
D1_1,search,128,2,8,it0161,0.2561489939689636,0.30835649371147156,0.10344827586206896,False,0
D1_1,search,128,2,8,it0162,0.15324515104293823,0.3167567849159241,0.2962962962962963,False,0
D1_1,search,128,2,8,it0163,0.5156643390655518,0.38123342394828796,0.17647058823529413,False,0
D1_1,search,128,2,8,it0164,0.35931217670440674,0.26405978202819824,0.1935483870967742,False,1
D1_1,search,128,2,8,it0165,0.3088114559650421,0.2626711130142212,0.030303030303030304,False,1
D1_1,search,128,2,8,it0166,0.517758846282959,0.3812013566493988,0.5,False,0
D1_1,search,128,2,8,it0167,0.43832138180732727,0.49956515431404114,0.2631578947368421,False,1
D1_1,search,128,2,8,it0168,0.4215828776359558,0.40349334478378296,0.2,False,1
D1_1,search,128,2,8,it0169,0.3838697075843811,0.4461202621459961,0.1,False,1
D1_1,search,128,2,8,it0170,0.30328911542892456,0.3692077696323395,0.29411764705882354,False,1
D1_1,search,128,2,8,it0171,0.596897304058075,0.5906509757041931,0.047619047619047616,False,0
D1_1,search,128,2,8,it0172,0.31113529205322266,0.36174073815345764,0.04,False,0
D1_1,search,128,2,8,it0173,0.6498130559921265,0.6502012014389038,0.2,False,1
D1_1,search,128,2,8,it0174,0.6569285988807678,0.39855679869651794,0.4375,False,0
D1_1,search,128,2,8,it0175,0.22501130402088165,0.29367706179618835,0.13333333333333333,False,1
D1_1,search,128,2,8,it0176,0.4206278920173645,0.4457136392593384,0.16666666666666666,False,1
D1_1,search,128,2,8,it0177,0.3873070478439331,0.3852193057537079,0.05263157894736842,False,1
D1_1,search,128,2,8,it0178,0.41889485716819763,0.1646963506937027,0.11764705882352941,False,1
D1_1,search,128,2,8,it0179,0.5784258246421814,0.6484133005142212,0.1935483870967742,False,0
D1_1,search,128,2,8,it0180,0.39604151248931885,0.418201208114624,0.14285714285714285,False,0
D1_1,search,128,2,8,it0181,0.5958384275436401,0.580082356929779,0.0975609756097561,False,0
D1_1,search,128,2,8,it0182,0.6166661977767944,0.4996183514595032,0.24,False,0
D1_1,search,128,2,8,it0183,0.5992863178253174,0.4974847137928009,0.04,False,1
D1_1,search,128,2,8,it0184,0.3262244462966919,0.21142596006393433,0.2,False,0
D1_1,search,128,2,8,it0185,0.44305479526519775,0.4806258976459503,0.16129032258064516,False,1
D1_1,search,128,2,8,it0186,0.5293991565704346,0.4036121666431427,0.041666666666666664,False,1
D1_1,search,128,2,8,it0187,0.3547092080116272,0.459654301404953,0.25,False,0
D1_1,search,128,2,8,it0188,0.5444230437278748,0.4753437042236328,0.3888888888888889,False,1
D1_1,search,128,2,8,it0189,0.4598988890647888,0.4050511121749878,0.0,False,1
D1_1,search,128,2,8,it0190,0.5842161774635315,0.505497395992279,0.125,False,0
D1_1,search,128,2,8,it0191,0.3988935053348541,0.3745918273925781,0.12,False,0
D1_1,search,128,2,8,it0192,0.5639654994010925,0.47625696659088135,0.18518518518518517,False,0
D1_1,search,128,2,8,it0193,0.4354466199874878,0.2586413621902466,0.4375,False,0
D1_1,search,128,2,8,it0194,0.5414392948150635,0.587531566619873,0.0,False,1
D1_1,search,128,2,8,it0195,0.6071306467056274,0.46628469228744507,0.6153846153846154,False,0
D1_1,search,128,2,8,it0196,0.47571736574172974,0.4203256368637085,0.0,False,1
D1_1,search,128,2,8,it0197,0.44686126708984375,0.4693933129310608,0.0,False,1
D1_1,search,128,2,8,it0198,0.28701329231262207,0.3378676772117615,0.125,False,1
D1_1,search,128,2,8,it0199,0.3984256386756897,0.46493715047836304,0.058823529411764705,False,0
D1_1,search,256,4,8,it0000,0.5990155339241028,0.5209514498710632,0.15217391304347827,False,2
D1_1,search,256,4,8,it0001,0.30689191818237305,0.18185126781463623,0.3333333333333333,False,1
D1_1,search,256,4,8,it0002,0.3501873314380646,0.28642740845680237,0.2,False,2
D1_1,search,256,4,8,it0003,0.525387167930603,0.3001382648944855,0.2,False,2
D1_1,search,256,4,8,it0004,0.5126417875289917,0.44550806283950806,0.1875,False,3
D1_1,search,256,4,8,it0005,0.5019257068634033,0.4744156002998352,0.0,False,1
D1_1,search,256,4,8,it0006,0.40983834862709045,0.49538910388946533,0.16666666666666666,False,3
D1_1,search,256,4,8,it0007,0.379696249961853,0.44831061363220215,0.25,False,2
D1_1,search,256,4,8,it0008,0.35659945011138916,0.23408031463623047,0.42857142857142855,False,0
D1_1,search,256,4,8,it0009,0.4928954839706421,0.5539774298667908,0.037037037037037035,False,2
D1_1,search,256,4,8,it0010,0.5894739031791687,0.5345791578292847,0.3333333333333333,False,3
D1_1,search,256,4,8,it0011,0.5324782133102417,0.4781806766986847,0.043478260869565216,False,1
D1_1,search,256,4,8,it0012,0.5091518759727478,0.3891846537590027,0.6206896551724138,False,3
D1_1,search,256,4,8,it0013,0.6098195314407349,0.586993932723999,0.0,False,0
D1_1,search,256,4,8,it0014,0.4207109212875366,0.41357922554016113,0.2,False,1
D1_1,search,256,4,8,it0015,0.4690711498260498,0.475260853767395,0.11764705882352941,False,0
D1_1,search,256,4,8,it0016,0.6344218850135803,0.5940448045730591,0.23529411764705882,False,3
D1_1,search,256,4,8,it0017,0.49802103638648987,0.38501545786857605,0.06666666666666667,False,1
D1_1,search,256,4,8,it0018,0.4431391954421997,0.4665800631046295,0.17647058823529413,False,3
D1_1,search,256,4,8,it0019,0.6703289747238159,0.546335756778717,0.1956521739130435,False,0
D1_1,search,256,4,8,it0020,0.5146479606628418,0.36991626024246216,0.5384615384615384,False,3
D1_1,search,256,4,8,it0021,0.4699462056159973,0.47336331009864807,0.09090909090909091,False,3
D1_1,search,256,4,8,it0022,0.5333927869796753,0.525378406047821,0.675,False,1
D1_1,search,256,4,8,it0023,0.6816446185112,0.5382508635520935,0.5,False,3
D1_1,search,256,4,8,it0024,0.5796331167221069,0.46782785654067993,0.14285714285714285,False,0
D1_1,search,256,4,8,it0025,0.6230901479721069,0.574130654335022,0.0,False,3
D1_1,search,256,4,8,it0026,0.34295231103897095,0.2585020959377289,0.0,False,0
D1_1,search,256,4,8,it0027,0.7330743670463562,0.6883220076560974,0.1875,False,3
D1_1,search,256,4,8,it0028,0.45038533210754395,0.5253955125808716,0.3333333333333333,False,0
D1_1,search,256,4,8,it0029,0.37026751041412354,0.3645114600658417,0.0,False,2
D1_1,search,256,4,8,it0030,0.5173081755638123,0.46461737155914307,0.12,False,2
D1_1,search,256,4,8,it0031,0.4950297474861145,0.38599738478660583,0.05555555555555555,False,2
D1_1,search,256,4,8,it0032,0.6328234672546387,0.5765285491943359,0.1111111111111111,False,1
D1_1,search,256,4,8,it0033,0.3694398105144501,0.29919666051864624,0.0,False,3
D1_1,search,256,4,8,it0034,0.42792215943336487,0.3694709837436676,0.23333333333333334,False,2
D1_1,search,256,4,8,it0035,0.23856724798679352,0.28266048431396484,0.3076923076923077,False,2
D1_1,search,256,4,8,it0036,0.6023157238960266,0.4585530161857605,0.3888888888888889,False,3
D1_1,search,256,4,8,it0037,0.5782245993614197,0.5948632955551147,0.0,False,3
D1_1,search,256,4,8,it0038,0.3349861800670624,0.2927508056163788,0.05405405405405406,False,0
D1_1,search,256,4,8,it0039,0.5678677558898926,0.528413712978363,0.0975609756097561,False,2
D1_1,search,256,4,8,it0040,0.2062176614999771,0.12451259791851044,0.26666666666666666,False,1
D1_1,search,256,4,8,it0041,0.6297624111175537,0.4382781386375427,0.18181818181818182,False,1
D1_1,search,256,4,8,it0042,0.3922918438911438,0.43213680386543274,0.37037037037037035,False,3
D1_1,search,256,4,8,it0043,0.3106158673763275,0.17936983704566956,0.038461538461538464,False,3
D1_1,search,256,4,8,it0044,0.5143861174583435,0.5375453233718872,0.28,False,0
D1_1,search,256,4,8,it0045,0.2725878357887268,0.4389859437942505,0.2,False,1
D1_1,search,256,4,8,it0046,0.364585816860199,0.3264223039150238,0.0625,False,2
D1_1,search,256,4,8,it0047,0.2848820686340332,0.44136953353881836,0.6,False,0
D1_1,search,256,4,8,it0048,0.5594660043716431,0.5354577302932739,0.125,False,3
D1_1,search,256,4,8,it0049,0.3987044095993042,0.5080257654190063,0.5,False,2
D1_1,search,256,4,8,it0050,0.18549449741840363,0.09058193862438202,0.3181818181818182,False,3
D1_1,search,256,4,8,it0051,0.18116028606891632,0.4600207507610321,0.3103448275862069,False,1
D1_1,search,256,4,8,it0052,0.3110068440437317,0.32224422693252563,0.0,False,2
D1_1,search,256,4,8,it0053,0.3155849874019623,0.4004349112510681,0.3783783783783784,False,1
D1_1,search,256,4,8,it0054,0.3216284513473511,0.2677825689315796,0.20833333333333334,False,1
D1_1,search,256,4,8,it0055,0.5810813307762146,0.5642021894454956,0.2692307692307692,False,2
D1_1,search,256,4,8,it0056,0.41565895080566406,0.37960344552993774,0.2,False,3
D1_1,search,256,4,8,it0057,0.5022841095924377,0.35228991508483887,0.3235294117647059,False,1
D1_1,search,256,4,8,it0058,0.3511216342449188,0.4467207193374634,0.0,False,2
D1_1,search,256,4,8,it0059,0.5922425985336304,0.6296257972717285,0.07142857142857142,False,3
D1_1,search,256,4,8,it0060,0.5187525749206543,0.402082234621048,0.0,False,3
D1_1,search,256,4,8,it0061,0.5558028221130371,0.6285814046859741,0.11428571428571428,False,1
D1_1,search,256,4,8,it0062,0.6647868156433105,0.5987568497657776,0.0,False,3
D1_1,search,256,4,8,it0063,0.48283615708351135,0.45818331837654114,0.13793103448275862,False,0
D1_1,search,256,4,8,it0064,0.3363313376903534,0.4983367919921875,0.16666666666666666,False,1
D1_1,search,256,4,8,it0065,0.641865611076355,0.6204681396484375,0.1282051282051282,False,2
D1_1,search,256,4,8,it0066,0.38097408413887024,0.49592503905296326,0.38095238095238093,False,2
D1_1,search,256,4,8,it0067,0.3295101523399353,0.3170554041862488,0.3333333333333333,False,2
D1_1,search,256,4,8,it0068,0.6987609267234802,0.6249523162841797,0.10256410256410256,False,3
D1_1,search,256,4,8,it0069,0.30312269926071167,0.32504376769065857,0.18181818181818182,False,2
D1_1,search,256,4,8,it0070,0.5129413604736328,0.47069430351257324,0.13333333333333333,False,2
D1_1,search,256,4,8,it0071,0.6030883193016052,0.4986049234867096,0.10714285714285714,False,3
D1_1,search,256,4,8,it0072,0.4300411343574524,0.4380396604537964,0.18181818181818182,False,2
D1_1,search,256,4,8,it0073,0.23612624406814575,0.2508190870285034,0.20689655172413793,False,0
D1_1,search,256,4,8,it0074,0.25196459889411926,0.2175140529870987,0.0,False,3
D1_1,search,256,4,8,it0075,0.34926488995552063,0.43155553936958313,0.13043478260869565,False,1
D1_1,search,256,4,8,it0076,0.6428489685058594,0.4042282700538635,0.13043478260869565,False,1
D1_1,search,256,4,8,it0077,0.5141681432723999,0.5710116624832153,0.25,False,1
D1_1,search,256,4,8,it0078,0.37717995047569275,0.3485466539859772,0.23809523809523808,False,3
D1_1,search,256,4,8,it0079,0.612071692943573,0.6305538415908813,0.041666666666666664,False,2
D1_1,search,256,4,8,it0080,0.4765651822090149,0.3055114448070526,0.43902439024390244,False,3
D1_1,search,256,4,8,it0081,0.35689055919647217,0.3910413682460785,0.03571428571428571,False,0
D1_1,search,256,4,8,it0082,0.5096900463104248,0.47380781173706055,0.11764705882352941,False,1
D1_1,search,256,4,8,it0083,0.5242298245429993,0.3652394413948059,0.11764705882352941,False,3
D1_1,search,256,4,8,it0084,0.6907778382301331,0.5343058109283447,0.022222222222222223,False,2
D1_1,search,256,4,8,it0085,0.529013991355896,0.5327435731887817,0.07142857142857142,False,1
D1_1,search,256,4,8,it0086,0.6290444135665894,0.5868563652038574,0.23529411764705882,False,0
D1_1,search,256,4,8,it0087,0.4989013671875,0.6369806528091431,0.375,False,2
D1_1,search,256,4,8,it0088,0.41117310523986816,0.49417921900749207,0.047619047619047616,False,0
D1_1,search,256,4,8,it0089,0.471602201461792,0.2694827616214752,0.041666666666666664,False,3
D1_1,search,256,4,8,it0090,0.5373713970184326,0.5868880748748779,0.058823529411764705,False,1
D1_1,search,256,4,8,it0091,0.5532169342041016,0.5412247776985168,0.12903225806451613,False,1
D1_1,search,256,4,8,it0092,0.5826380848884583,0.41397571563720703,0.05714285714285714,False,3
D1_1,search,256,4,8,it0093,0.46710827946662903,0.34469079971313477,0.0,False,1
D1_1,search,256,4,8,it0094,0.4905996322631836,0.5380598306655884,0.0,False,0
D1_1,search,256,4,8,it0095,0.4934149980545044,0.524846613407135,0.38095238095238093,False,3
D1_1,search,256,4,8,it0096,0.5591326951980591,0.4662931561470032,0.5,False,3
D1_1,search,256,4,8,it0097,0.6517870426177979,0.6160814762115479,0.0,False,0
D1_1,search,256,4,8,it0098,0.49392542243003845,0.4212768077850342,0.18518518518518517,False,2
D1_1,search,256,4,8,it0099,0.23923109471797943,0.2329668402671814,0.0,False,2
D1_1,search,256,4,8,it0100,0.5836081504821777,0.6831219792366028,0.0,False,1
D1_1,search,256,4,8,it0101,0.41312727332115173,0.45085644721984863,0.05263157894736842,False,0
D1_1,search,256,4,8,it0102,0.3123975098133087,0.4382038116455078,0.23076923076923078,False,2
D1_1,search,256,4,8,it0103,0.4544526934623718,0.5409660339355469,0.18181818181818182,False,0
D1_1,search,256,4,8,it0104,0.6170320510864258,0.586207389831543,0.0,False,3
D1_1,search,256,4,8,it0105,0.4353595972061157,0.5749236345291138,0.3142857142857143,False,1
D1_1,search,256,4,8,it0106,0.4357045590877533,0.4450331926345825,0.125,False,2
D1_1,search,256,4,8,it0107,0.5111051201820374,0.5063382387161255,0.13043478260869565,False,3
D1_1,search,256,4,8,it0108,0.49244704842567444,0.39049428701400757,0.1875,False,1
D1_1,search,256,4,8,it0109,0.42482131719589233,0.40151435136795044,0.42105263157894735,False,3
D1_1,search,256,4,8,it0110,0.16700100898742676,0.23407655954360962,0.26666666666666666,False,3
D1_1,search,256,4,8,it0111,0.30668050050735474,0.23409277200698853,0.06060606060606061,False,2
D1_1,search,256,4,8,it0112,0.6381601691246033,0.5314501523971558,0.022727272727272728,False,1
D1_1,search,256,4,8,it0113,0.5256476402282715,0.4675444960594177,0.11363636363636363,False,3
D1_1,search,256,4,8,it0114,0.4289897084236145,0.388558030128479,0.5,False,2
D1_1,search,256,4,8,it0115,0.2767763137817383,0.26369035243988037,0.0,False,2
D1_1,search,256,4,8,it0116,0.6045135259628296,0.34376510977745056,0.17647058823529413,False,3
D1_1,search,256,4,8,it0117,0.4238768219947815,0.5086625218391418,0.08823529411764706,False,0
D1_1,search,256,4,8,it0118,0.6386759877204895,0.5761765837669373,0.1346153846153846,False,2
D1_1,search,256,4,8,it0119,0.44971156120300293,0.565189778804779,0.21428571428571427,False,1
D1_1,search,256,4,8,it0120,0.5976561903953552,0.5389941334724426,0.0,False,0
D1_1,search,256,4,8,it0121,0.555033802986145,0.5085618495941162,0.15,False,2
D1_1,search,256,4,8,it0122,0.32191240787506104,0.3574112057685852,0.36363636363636365,False,2
D1_1,search,256,4,8,it0123,0.2552540600299835,0.4228399097919464,0.23529411764705882,False,1
D1_1,search,256,4,8,it0124,0.5604678392410278,0.5100067257881165,0.24242424242424243,False,3
D1_1,search,256,4,8,it0125,0.4857187271118164,0.3950715959072113,0.1282051282051282,False,2
D1_1,search,256,4,8,it0126,0.5483361482620239,0.4884685277938843,0.125,False,2
D1_1,search,256,4,8,it0127,0.38005876541137695,0.3542596697807312,0.0,False,2
D1_1,search,256,4,8,it0128,0.4824296832084656,0.47054052352905273,0.05,False,0
D1_1,search,256,4,8,it0129,0.40317386388778687,0.36366522312164307,0.058823529411764705,False,0
D1_1,search,256,4,8,it0130,0.3656157851219177,0.3340338468551636,0.0,False,2
D1_1,search,256,4,8,it0131,0.48040515184402466,0.46415194869041443,0.1935483870967742,False,2
D1_1,search,256,4,8,it0132,0.29244542121887207,0.2162047028541565,0.0,False,2
D1_1,search,256,4,8,it0133,0.6041789650917053,0.5964372158050537,0.0,False,0
D1_1,search,256,4,8,it0134,0.47696352005004883,0.3413035273551941,0.18421052631578946,False,2
D1_1,search,256,4,8,it0135,0.3779483139514923,0.33236414194107056,0.1282051282051282,False,1
D1_1,search,256,4,8,it0136,0.43648430705070496,0.4280557930469513,0.0,False,3
D1_1,search,256,4,8,it0137,0.48127904534339905,0.5047237873077393,0.3333333333333333,False,0
D1_1,search,256,4,8,it0138,0.5303031802177429,0.6107010841369629,0.8333333333333334,False,3
D1_1,search,256,4,8,it0139,0.5308739542961121,0.33118030428886414,0.4444444444444444,False,2
D1_1,search,256,4,8,it0140,0.4454800486564636,0.4390588402748108,0.20833333333333334,False,1
D1_1,search,256,4,8,it0141,0.6055799722671509,0.6643730401992798,0.5,False,0
D1_1,search,256,4,8,it0142,0.19824914634227753,0.2629743218421936,0.56,False,1
D1_1,search,256,4,8,it0143,0.23578006029129028,0.3793380856513977,0.1875,False,0
D1_1,search,256,4,8,it0144,0.5502790808677673,0.43067947030067444,0.25,False,3
D1_1,search,256,4,8,it0145,0.5877753496170044,0.6197196245193481,0.075,False,2
D1_1,search,256,4,8,it0146,0.4847032129764557,0.6120641827583313,0.05,False,0
D1_1,search,256,4,8,it0147,0.471087783575058,0.35471540689468384,0.13043478260869565,False,3
D1_1,search,256,4,8,it0148,0.17313680052757263,0.2278776466846466,0.17857142857142858,False,3
D1_1,search,256,4,8,it0149,0.5040568709373474,0.4396210312843323,0.21428571428571427,False,1
D1_1,search,256,4,8,it0150,0.529587984085083,0.47064483165740967,0.11538461538461539,False,2
D1_1,search,256,4,8,it0151,0.6841801404953003,0.5626420378684998,0.058823529411764705,False,1
D1_1,search,256,4,8,it0152,0.49587711691856384,0.4933629631996155,0.0,False,0
D1_1,search,256,4,8,it0153,0.3947964012622833,0.4133835732936859,0.16666666666666666,False,0
D1_1,search,256,4,8,it0154,0.3209857642650604,0.26219043135643005,0.3157894736842105,False,1
D1_1,search,256,4,8,it0155,0.27457016706466675,0.3737694025039673,0.03571428571428571,False,3
D1_1,search,256,4,8,it0156,0.35402408242225647,0.27637284994125366,0.19047619047619047,False,3
D1_1,search,256,4,8,it0157,0.5536952018737793,0.5180355310440063,0.023255813953488372,False,2
D1_1,search,256,4,8,it0158,0.2567729949951172,0.3193776607513428,0.2631578947368421,False,3
D1_1,search,256,4,8,it0159,0.37694206833839417,0.37046271562576294,0.07142857142857142,False,3
D1_1,search,256,4,8,it0160,0.6236398816108704,0.5555750727653503,0.0967741935483871,False,0
D1_1,search,256,4,8,it0161,0.2561489939689636,0.30835649371147156,0.10344827586206896,False,0
D1_1,search,256,4,8,it0162,0.15324515104293823,0.3167567849159241,0.2962962962962963,False,0
D1_1,search,256,4,8,it0163,0.5156643390655518,0.38123342394828796,0.17647058823529413,False,0
D1_1,search,256,4,8,it0164,0.3741142153739929,0.30431774258613586,0.3870967741935484,False,2
D1_1,search,256,4,8,it0165,0.36546584963798523,0.41805341839790344,0.09090909090909091,False,3
D1_1,search,256,4,8,it0166,0.517758846282959,0.3812013566493988,0.5,False,0
D1_1,search,256,4,8,it0167,0.43832138180732727,0.49956515431404114,0.2631578947368421,False,1
D1_1,search,256,4,8,it0168,0.4215828776359558,0.40349334478378296,0.2,False,1
D1_1,search,256,4,8,it0169,0.4352656900882721,0.4860840141773224,0.3,False,3
D1_1,search,256,4,8,it0170,0.30328911542892456,0.3692077696323395,0.29411764705882354,False,1
D1_1,search,256,4,8,it0171,0.596897304058075,0.5906509757041931,0.047619047619047616,False,0
D1_1,search,256,4,8,it0172,0.3519691228866577,0.44822239875793457,0.08,False,2
D1_1,search,256,4,8,it0173,0.670539379119873,0.6615616679191589,0.06666666666666667,False,2
D1_1,search,256,4,8,it0174,0.6569285988807678,0.39855679869651794,0.4375,False,0
D1_1,search,256,4,8,it0175,0.22501130402088165,0.29367706179618835,0.13333333333333333,False,1
D1_1,search,256,4,8,it0176,0.4206278920173645,0.4457136392593384,0.16666666666666666,False,1
D1_1,search,256,4,8,it0177,0.41010406613349915,0.4872455596923828,0.10526315789473684,False,2
D1_1,search,256,4,8,it0178,0.4165257513523102,0.278225302696228,0.5882352941176471,False,2
D1_1,search,256,4,8,it0179,0.6315235495567322,0.6671419739723206,0.1935483870967742,False,2
D1_1,search,256,4,8,it0180,0.45797207951545715,0.4827473759651184,0.07142857142857142,False,2
D1_1,search,256,4,8,it0181,0.5958384275436401,0.580082356929779,0.0975609756097561,False,0
D1_1,search,256,4,8,it0182,0.6166661977767944,0.4996183514595032,0.24,False,0
D1_1,search,256,4,8,it0183,0.5992863178253174,0.4974847137928009,0.04,False,1
D1_1,search,256,4,8,it0184,0.30452290177345276,0.27929529547691345,0.13333333333333333,False,2
D1_1,search,256,4,8,it0185,0.44305479526519775,0.4806258976459503,0.16129032258064516,False,1
D1_1,search,256,4,8,it0186,0.47076812386512756,0.45189252495765686,0.4166666666666667,False,3
D1_1,search,256,4,8,it0187,0.3547092080116272,0.459654301404953,0.25,False,0
D1_1,search,256,4,8,it0188,0.5444230437278748,0.4753437042236328,0.3888888888888889,False,1
D1_1,search,256,4,8,it0189,0.4598988890647888,0.4050511121749878,0.0,False,1
D1_1,search,256,4,8,it0190,0.5842161774635315,0.505497395992279,0.125,False,0
D1_1,search,256,4,8,it0191,0.3988935053348541,0.3745918273925781,0.12,False,0
D1_1,search,256,4,8,it0192,0.5849450826644897,0.5620041489601135,0.1111111111111111,False,3
D1_1,search,256,4,8,it0193,0.4354466199874878,0.2586413621902466,0.4375,False,0
D1_1,search,256,4,8,it0194,0.6505428552627563,0.632087767124176,0.047619047619047616,False,2
D1_1,search,256,4,8,it0195,0.6649437546730042,0.49418699741363525,0.34615384615384615,False,2
D1_1,search,256,4,8,it0196,0.47571736574172974,0.4203256368637085,0.0,False,1
D1_1,search,256,4,8,it0197,0.44686126708984375,0.4693933129310608,0.0,False,1
D1_1,search,256,4,8,it0198,0.28701329231262207,0.3378676772117615,0.125,False,1
D1_1,search,256,4,8,it0199,0.3984256386756897,0.46493715047836304,0.058823529411764705,False,0
D1_1,search,512,8,8,it0000,0.6361192464828491,0.5374740958213806,0.21739130434782608,False,5
D1_1,search,512,8,8,it0001,0.42377546429634094,0.3499283492565155,0.5,False,7
D1_1,search,512,8,8,it0002,0.3501873314380646,0.28642740845680237,0.2,False,2
D1_1,search,512,8,8,it0003,0.525387167930603,0.3001382648944855,0.2,False,2
D1_1,search,512,8,8,it0004,0.5126417875289917,0.44550806283950806,0.1875,False,3
D1_1,search,512,8,8,it0005,0.4034830331802368,0.47443532943725586,0.037037037037037035,False,5
D1_1,search,512,8,8,it0006,0.40983834862709045,0.49538910388946533,0.16666666666666666,False,3
D1_1,search,512,8,8,it0007,0.379696249961853,0.44831061363220215,0.25,False,2
D1_1,search,512,8,8,it0008,0.35659945011138916,0.23408031463623047,0.42857142857142855,False,0
D1_1,search,512,8,8,it0009,0.6173795461654663,0.5740855932235718,0.0,False,7
D1_1,search,512,8,8,it0010,0.5691129565238953,0.5578710436820984,0.2222222222222222,False,5
D1_1,search,512,8,8,it0011,0.5324782133102417,0.4781806766986847,0.043478260869565216,False,1
D1_1,search,512,8,8,it0012,0.5091518759727478,0.3891846537590027,0.6206896551724138,False,3
D1_1,search,512,8,8,it0013,0.6073726415634155,0.6662164926528931,0.0,False,4
D1_1,search,512,8,8,it0014,0.4207109212875366,0.41357922554016113,0.2,False,1
D1_1,search,512,8,8,it0015,0.4486451745033264,0.5142881870269775,0.058823529411764705,False,4
D1_1,search,512,8,8,it0016,0.6344218850135803,0.5940448045730591,0.23529411764705882,False,3
D1_1,search,512,8,8,it0017,0.5105401277542114,0.4781065583229065,0.13333333333333333,False,4
D1_1,search,512,8,8,it0018,0.42931050062179565,0.50197434425354,0.29411764705882354,False,7
D1_1,search,512,8,8,it0019,0.6703289747238159,0.546335756778717,0.1956521739130435,False,0
D1_1,search,512,8,8,it0020,0.5146479606628418,0.36991626024246216,0.5384615384615384,False,3
D1_1,search,512,8,8,it0021,0.4699462056159973,0.47336331009864807,0.09090909090909091,False,3
D1_1,search,512,8,8,it0022,0.5333927869796753,0.525378406047821,0.675,False,1
D1_1,search,512,8,8,it0023,0.6576590538024902,0.6056519150733948,0.2222222222222222,False,6
D1_1,search,512,8,8,it0024,0.6025898456573486,0.6029224395751953,0.21428571428571427,False,6
D1_1,search,512,8,8,it0025,0.6230901479721069,0.574130654335022,0.0,False,3
D1_1,search,512,8,8,it0026,0.3550660312175751,0.3681539297103882,0.0625,False,6
D1_1,search,512,8,8,it0027,0.7330743670463562,0.6883220076560974,0.1875,False,3
D1_1,search,512,8,8,it0028,0.4132134020328522,0.546649694442749,0.21428571428571427,False,4
D1_1,search,512,8,8,it0029,0.3352130651473999,0.5028854608535767,0.125,False,7
D1_1,search,512,8,8,it0030,0.5076274871826172,0.48023754358291626,0.12,False,4
D1_1,search,512,8,8,it0031,0.4950297474861145,0.38599738478660583,0.05555555555555555,False,2
D1_1,search,512,8,8,it0032,0.6328234672546387,0.5765285491943359,0.1111111111111111,False,1
D1_1,search,512,8,8,it0033,0.4227001965045929,0.3480457067489624,0.23076923076923078,False,6
D1_1,search,512,8,8,it0034,0.47334468364715576,0.5454578399658203,0.3333333333333333,False,6
D1_1,search,512,8,8,it0035,0.23856724798679352,0.28266048431396484,0.3076923076923077,False,2
D1_1,search,512,8,8,it0036,0.6023157238960266,0.4585530161857605,0.3888888888888889,False,3
D1_1,search,512,8,8,it0037,0.5782245993614197,0.5948632955551147,0.0,False,3
D1_1,search,512,8,8,it0038,0.3349861800670624,0.2927508056163788,0.05405405405405406,False,0
D1_1,search,512,8,8,it0039,0.5678677558898926,0.528413712978363,0.0975609756097561,False,2
D1_1,search,512,8,8,it0040,0.3131346106529236,0.2377851903438568,0.13333333333333333,False,4
D1_1,search,512,8,8,it0041,0.6173572540283203,0.46625572443008423,0.3181818181818182,False,5
D1_1,search,512,8,8,it0042,0.457022488117218,0.5041318535804749,0.2962962962962963,False,5
D1_1,search,512,8,8,it0043,0.2612309455871582,0.23499800264835358,0.11538461538461539,False,7
D1_1,search,512,8,8,it0044,0.5027720332145691,0.5825616121292114,0.12,False,5
D1_1,search,512,8,8,it0045,0.35586634278297424,0.4440765380859375,0.23333333333333334,False,7
D1_1,search,512,8,8,it0046,0.3118397295475006,0.33081382513046265,0.0,False,7
D1_1,search,512,8,8,it0047,0.2848820686340332,0.44136953353881836,0.6,False,0
D1_1,search,512,8,8,it0048,0.5594660043716431,0.5354577302932739,0.125,False,3
D1_1,search,512,8,8,it0049,0.21667586266994476,0.5205157995223999,0.45454545454545453,False,5
D1_1,search,512,8,8,it0050,0.3350830078125,0.1313682496547699,0.18181818181818182,False,6
D1_1,search,512,8,8,it0051,0.21185070276260376,0.4733629524707794,0.20689655172413793,False,7
D1_1,search,512,8,8,it0052,0.3110068440437317,0.32224422693252563,0.0,False,2
D1_1,search,512,8,8,it0053,0.3155849874019623,0.4004349112510681,0.3783783783783784,False,1
D1_1,search,512,8,8,it0054,0.3216284513473511,0.2677825689315796,0.20833333333333334,False,1
D1_1,search,512,8,8,it0055,0.5810813307762146,0.5642021894454956,0.2692307692307692,False,2
D1_1,search,512,8,8,it0056,0.41565895080566406,0.37960344552993774,0.2,False,3
D1_1,search,512,8,8,it0057,0.4857792258262634,0.42786794900894165,0.20588235294117646,False,6
D1_1,search,512,8,8,it0058,0.3569802939891815,0.47827059030532837,0.08333333333333333,False,4
D1_1,search,512,8,8,it0059,0.5922425985336304,0.6296257972717285,0.07142857142857142,False,3
D1_1,search,512,8,8,it0060,0.5187525749206543,0.402082234621048,0.0,False,3
D1_1,search,512,8,8,it0061,0.5558028221130371,0.6285814046859741,0.11428571428571428,False,1
D1_1,search,512,8,8,it0062,0.6647868156433105,0.5987568497657776,0.0,False,3
D1_1,search,512,8,8,it0063,0.48283615708351135,0.45818331837654114,0.13793103448275862,False,0
D1_1,search,512,8,8,it0064,0.4204358756542206,0.5397946834564209,0.2777777777777778,False,5
D1_1,search,512,8,8,it0065,0.641865611076355,0.6204681396484375,0.1282051282051282,False,2
D1_1,search,512,8,8,it0066,0.38097408413887024,0.49592503905296326,0.38095238095238093,False,2
D1_1,search,512,8,8,it0067,0.34407904744148254,0.4135484993457794,0.2777777777777778,False,5
D1_1,search,512,8,8,it0068,0.7187820672988892,0.679046094417572,0.02564102564102564,False,4
D1_1,search,512,8,8,it0069,0.442757248878479,0.4228058159351349,0.09090909090909091,False,7
D1_1,search,512,8,8,it0070,0.4448791444301605,0.5503965020179749,0.3333333333333333,False,4
D1_1,search,512,8,8,it0071,0.5326036810874939,0.5368330478668213,0.21428571428571427,False,6
D1_1,search,512,8,8,it0072,0.4709393382072449,0.5263512134552002,0.045454545454545456,False,7
D1_1,search,512,8,8,it0073,0.1633581966161728,0.2630857229232788,0.4827586206896552,False,5
D1_1,search,512,8,8,it0074,0.366809606552124,0.23372569680213928,0.13333333333333333,False,5
D1_1,search,512,8,8,it0075,0.34926488995552063,0.43155553936958313,0.13043478260869565,False,1
D1_1,search,512,8,8,it0076,0.6428489685058594,0.4042282700538635,0.13043478260869565,False,1
D1_1,search,512,8,8,it0077,0.47633376717567444,0.6650218367576599,0.3333333333333333,False,5
D1_1,search,512,8,8,it0078,0.4650784432888031,0.4085511267185211,0.38095238095238093,False,7
D1_1,search,512,8,8,it0079,0.612071692943573,0.6305538415908813,0.041666666666666664,False,2
D1_1,search,512,8,8,it0080,0.4765651822090149,0.3055114448070526,0.43902439024390244,False,3
D1_1,search,512,8,8,it0081,0.35689055919647217,0.3910413682460785,0.03571428571428571,False,0
D1_1,search,512,8,8,it0082,0.3486628234386444,0.5017988085746765,0.058823529411764705,False,5
D1_1,search,512,8,8,it0083,0.5479872822761536,0.3847156763076782,0.0,False,4
D1_1,search,512,8,8,it0084,0.640944242477417,0.5343774557113647,0.044444444444444446,False,5
D1_1,search,512,8,8,it0085,0.529013991355896,0.5327435731887817,0.07142857142857142,False,1
D1_1,search,512,8,8,it0086,0.5903944969177246,0.6152918934822083,0.4117647058823529,False,6
D1_1,search,512,8,8,it0087,0.4989013671875,0.6369806528091431,0.375,False,2
D1_1,search,512,8,8,it0088,0.41117310523986816,0.49417921900749207,0.047619047619047616,False,0
D1_1,search,512,8,8,it0089,0.4766464829444885,0.29779574275016785,0.0,False,4
D1_1,search,512,8,8,it0090,0.5972540974617004,0.6268057227134705,0.17647058823529413,False,5
D1_1,search,512,8,8,it0091,0.49014514684677124,0.5597662925720215,0.0967741935483871,False,7
D1_1,search,512,8,8,it0092,0.5826380848884583,0.41397571563720703,0.05714285714285714,False,3
D1_1,search,512,8,8,it0093,0.5273339748382568,0.4611417055130005,0.15789473684210525,False,5
D1_1,search,512,8,8,it0094,0.4905996322631836,0.5380598306655884,0.0,False,0
D1_1,search,512,8,8,it0095,0.4895220696926117,0.5416110157966614,0.6666666666666666,False,6
D1_1,search,512,8,8,it0096,0.5591326951980591,0.4662931561470032,0.5,False,3
D1_1,search,512,8,8,it0097,0.6546393632888794,0.6319601535797119,0.0,False,5
D1_1,search,512,8,8,it0098,0.5301849842071533,0.4894315004348755,0.3333333333333333,False,6
D1_1,search,512,8,8,it0099,0.23912133276462555,0.31062203645706177,0.0,False,5
D1_1,search,512,8,8,it0100,0.5836081504821777,0.6831219792366028,0.0,False,1
D1_1,search,512,8,8,it0101,0.41312727332115173,0.45085644721984863,0.05263157894736842,False,0
D1_1,search,512,8,8,it0102,0.324893057346344,0.44379502534866333,0.15384615384615385,False,6
D1_1,search,512,8,8,it0103,0.4544526934623718,0.5409660339355469,0.18181818181818182,False,0
D1_1,search,512,8,8,it0104,0.6170320510864258,0.586207389831543,0.0,False,3
D1_1,search,512,8,8,it0105,0.5122982263565063,0.5765613317489624,0.37142857142857144,False,7
D1_1,search,512,8,8,it0106,0.4357045590877533,0.4450331926345825,0.125,False,2
D1_1,search,512,8,8,it0107,0.5111051201820374,0.5063382387161255,0.13043478260869565,False,3
D1_1,search,512,8,8,it0108,0.5423825979232788,0.5402108430862427,0.0625,False,6
D1_1,search,512,8,8,it0109,0.5247231721878052,0.4153668284416199,0.2631578947368421,False,6
D1_1,search,512,8,8,it0110,0.23945623636245728,0.3121037185192108,0.13333333333333333,False,5
D1_1,search,512,8,8,it0111,0.30668050050735474,0.23409277200698853,0.06060606060606061,False,2
D1_1,search,512,8,8,it0112,0.6381601691246033,0.5314501523971558,0.022727272727272728,False,1
D1_1,search,512,8,8,it0113,0.6054649949073792,0.5600079894065857,0.22727272727272727,False,4
D1_1,search,512,8,8,it0114,0.41045111417770386,0.49198058247566223,0.3333333333333333,False,7
D1_1,search,512,8,8,it0115,0.2767763137817383,0.26369035243988037,0.0,False,2
D1_1,search,512,8,8,it0116,0.5488036274909973,0.40807822346687317,0.29411764705882354,False,4
D1_1,search,512,8,8,it0117,0.4516833424568176,0.5616202354431152,0.058823529411764705,False,4
D1_1,search,512,8,8,it0118,0.66774582862854,0.6050444841384888,0.3269230769230769,False,7
D1_1,search,512,8,8,it0119,0.44971156120300293,0.565189778804779,0.21428571428571427,False,1
D1_1,search,512,8,8,it0120,0.5976561903953552,0.5389941334724426,0.0,False,0
D1_1,search,512,8,8,it0121,0.555033802986145,0.5085618495941162,0.15,False,2
D1_1,search,512,8,8,it0122,0.22181279957294464,0.38504758477211,0.3181818181818182,False,7
D1_1,search,512,8,8,it0123,0.42879751324653625,0.5337412357330322,0.11764705882352941,False,7
D1_1,search,512,8,8,it0124,0.5604678392410278,0.5100067257881165,0.24242424242424243,False,3
D1_1,search,512,8,8,it0125,0.5315614342689514,0.4501326084136963,0.20512820512820512,False,6
D1_1,search,512,8,8,it0126,0.5483361482620239,0.4884685277938843,0.125,False,2
D1_1,search,512,8,8,it0127,0.2717720866203308,0.35808518528938293,0.058823529411764705,False,4
D1_1,search,512,8,8,it0128,0.4824296832084656,0.47054052352905273,0.05,False,0
D1_1,search,512,8,8,it0129,0.40317386388778687,0.36366522312164307,0.058823529411764705,False,0
D1_1,search,512,8,8,it0130,0.4077591896057129,0.41924992203712463,0.0,False,4
D1_1,search,512,8,8,it0131,0.48040515184402466,0.46415194869041443,0.1935483870967742,False,2
D1_1,search,512,8,8,it0132,0.29244542121887207,0.2162047028541565,0.0,False,2
D1_1,search,512,8,8,it0133,0.6041789650917053,0.5964372158050537,0.0,False,0
D1_1,search,512,8,8,it0134,0.47696352005004883,0.3413035273551941,0.18421052631578946,False,2
D1_1,search,512,8,8,it0135,0.41470324993133545,0.3990582525730133,0.15384615384615385,False,5
D1_1,search,512,8,8,it0136,0.43648430705070496,0.4280557930469513,0.0,False,3
D1_1,search,512,8,8,it0137,0.48127904534339905,0.5047237873077393,0.3333333333333333,False,0
D1_1,search,512,8,8,it0138,0.518496036529541,0.6297617554664612,0.2777777777777778,False,4
D1_1,search,512,8,8,it0139,0.5308739542961121,0.33118030428886414,0.4444444444444444,False,2
D1_1,search,512,8,8,it0140,0.4454800486564636,0.4390588402748108,0.20833333333333334,False,1
D1_1,search,512,8,8,it0141,0.6354100108146667,0.6955481767654419,0.26666666666666666,False,5
D1_1,search,512,8,8,it0142,0.19824914634227753,0.2629743218421936,0.56,False,1
D1_1,search,512,8,8,it0143,0.4346412718296051,0.4766516089439392,0.375,False,4
D1_1,search,512,8,8,it0144,0.5502790808677673,0.43067947030067444,0.25,False,3
D1_1,search,512,8,8,it0145,0.5877753496170044,0.6197196245193481,0.075,False,2
D1_1,search,512,8,8,it0146,0.4847032129764557,0.6120641827583313,0.05,False,0
D1_1,search,512,8,8,it0147,0.4347116947174072,0.3925302028656006,0.08695652173913043,False,4
D1_1,search,512,8,8,it0148,0.17313680052757263,0.2278776466846466,0.17857142857142858,False,3
D1_1,search,512,8,8,it0149,0.5466147065162659,0.45547521114349365,0.14285714285714285,False,5
D1_1,search,512,8,8,it0150,0.4989640712738037,0.49219244718551636,0.19230769230769232,False,5
D1_1,search,512,8,8,it0151,0.6841801404953003,0.5626420378684998,0.058823529411764705,False,1
D1_1,search,512,8,8,it0152,0.49587711691856384,0.4933629631996155,0.0,False,0
D1_1,search,512,8,8,it0153,0.39765140414237976,0.4631597697734833,0.38095238095238093,False,5
D1_1,search,512,8,8,it0154,0.3209857642650604,0.26219043135643005,0.3157894736842105,False,1
D1_1,search,512,8,8,it0155,0.27457016706466675,0.3737694025039673,0.03571428571428571,False,3
D1_1,search,512,8,8,it0156,0.35402408242225647,0.27637284994125366,0.19047619047619047,False,3
D1_1,search,512,8,8,it0157,0.5536952018737793,0.5180355310440063,0.023255813953488372,False,2
D1_1,search,512,8,8,it0158,0.3409423232078552,0.36228781938552856,0.15789473684210525,False,7
D1_1,search,512,8,8,it0159,0.37694206833839417,0.37046271562576294,0.07142857142857142,False,3
D1_1,search,512,8,8,it0160,0.6236398816108704,0.5555750727653503,0.0967741935483871,False,0
D1_1,search,512,8,8,it0161,0.36101892590522766,0.43097496032714844,0.06896551724137931,False,5
D1_1,search,512,8,8,it0162,0.19112244248390198,0.4650925099849701,0.25925925925925924,False,5
D1_1,search,512,8,8,it0163,0.42883726954460144,0.40593421459198,0.0,False,7
D1_1,search,512,8,8,it0164,0.5029916763305664,0.40836092829704285,0.03225806451612903,False,6
D1_1,search,512,8,8,it0165,0.36546584963798523,0.41805341839790344,0.09090909090909091,False,3
D1_1,search,512,8,8,it0166,0.6275567412376404,0.445008784532547,0.25,False,5
D1_1,search,512,8,8,it0167,0.43832138180732727,0.49956515431404114,0.2631578947368421,False,1
D1_1,search,512,8,8,it0168,0.4215828776359558,0.40349334478378296,0.2,False,1
D1_1,search,512,8,8,it0169,0.4352656900882721,0.4860840141773224,0.3,False,3
D1_1,search,512,8,8,it0170,0.42233404517173767,0.42337581515312195,0.17647058823529413,False,7
D1_1,search,512,8,8,it0171,0.596897304058075,0.5906509757041931,0.047619047619047616,False,0
D1_1,search,512,8,8,it0172,0.3280535340309143,0.4802020788192749,0.28,False,4
D1_1,search,512,8,8,it0173,0.652731716632843,0.6995955109596252,0.2,False,5
D1_1,search,512,8,8,it0174,0.5671749711036682,0.41542407870292664,0.125,False,7
D1_1,search,512,8,8,it0175,0.2446976900100708,0.3056844174861908,0.0,False,7
D1_1,search,512,8,8,it0176,0.4206278920173645,0.4457136392593384,0.16666666666666666,False,1
D1_1,search,512,8,8,it0177,0.41010406613349915,0.4872455596923828,0.10526315789473684,False,2
D1_1,search,512,8,8,it0178,0.43495893478393555,0.33511197566986084,0.6470588235294118,False,6
D1_1,search,512,8,8,it0179,0.6315235495567322,0.6671419739723206,0.1935483870967742,False,2
D1_1,search,512,8,8,it0180,0.395290732383728,0.5369303226470947,0.0,False,4
D1_1,search,512,8,8,it0181,0.5958384275436401,0.580082356929779,0.0975609756097561,False,0
D1_1,search,512,8,8,it0182,0.6140623092651367,0.5135672688484192,0.16,False,6
D1_1,search,512,8,8,it0183,0.5420722961425781,0.517137348651886,0.04,False,5
D1_1,search,512,8,8,it0184,0.311168372631073,0.3499789834022522,0.13333333333333333,False,6
D1_1,search,512,8,8,it0185,0.46491068601608276,0.5227972269058228,0.3225806451612903,False,4
D1_1,search,512,8,8,it0186,0.47076812386512756,0.45189252495765686,0.4166666666666667,False,3
D1_1,search,512,8,8,it0187,0.45695260167121887,0.5471602082252502,0.0625,False,6
D1_1,search,512,8,8,it0188,0.6728057861328125,0.517241895198822,0.05555555555555555,False,6
D1_1,search,512,8,8,it0189,0.45475688576698303,0.4068453013896942,0.1,False,6
D1_1,search,512,8,8,it0190,0.576105535030365,0.5241531729698181,0.125,False,4
D1_1,search,512,8,8,it0191,0.3988935053348541,0.3745918273925781,0.12,False,0
D1_1,search,512,8,8,it0192,0.5454608201980591,0.5779496431350708,0.25925925925925924,False,5
D1_1,search,512,8,8,it0193,0.4354466199874878,0.2586413621902466,0.4375,False,0
D1_1,search,512,8,8,it0194,0.5453106760978699,0.6534029245376587,0.047619047619047616,False,4
D1_1,search,512,8,8,it0195,0.5818943381309509,0.5003481507301331,0.38461538461538464,False,5
D1_1,search,512,8,8,it0196,0.4635463058948517,0.4762616753578186,0.14285714285714285,False,6
D1_1,search,512,8,8,it0197,0.44686126708984375,0.4693933129310608,0.0,False,1
D1_1,search,512,8,8,it0198,0.28701329231262207,0.3378676772117615,0.125,False,1
D1_1,search,512,8,8,it0199,0.5026557445526123,0.4949248433113098,0.11764705882352941,False,4
D1_1,refine,128,1,16,it0000,0.4276160001754761,0.4810725450515747,0.043478260869565216,False,0
D1_1,refine,128,1,16,it0001,0.3895716369152069,0.11666280031204224,0.5555555555555556,False,0
D1_1,refine,128,1,16,it0002,0.3411983847618103,0.1767878383398056,0.13333333333333333,False,0
D1_1,refine,128,1,16,it0003,0.4116674065589905,0.21853503584861755,0.4,False,0
D1_1,refine,128,1,16,it0004,0.4949444532394409,0.3717052936553955,0.1875,False,0
D1_1,refine,128,1,16,it0005,0.4486570656299591,0.37586134672164917,0.07407407407407407,False,0
D1_1,refine,128,1,16,it0006,0.34951648116111755,0.3511863648891449,0.2777777777777778,False,0
D1_1,refine,128,1,16,it0007,0.24146278202533722,0.3653958737850189,0.045454545454545456,False,0
D1_1,refine,128,1,16,it0008,0.43756425380706787,0.2766208052635193,0.23809523809523808,False,0
D1_1,refine,128,1,16,it0009,0.5427775979042053,0.501867413520813,0.037037037037037035,False,0
D1_1,refine,128,1,16,it0010,0.6581604480743408,0.600917637348175,0.05555555555555555,False,0
D1_1,refine,128,1,16,it0011,0.48689088225364685,0.4571227431297302,0.043478260869565216,False,0
D1_1,refine,128,1,16,it0012,0.2725246548652649,0.2737424969673157,0.5172413793103449,False,0
D1_1,refine,128,1,16,it0013,0.5759061574935913,0.6475865244865417,0.0,False,0
D1_1,refine,128,1,16,it0014,0.2860313057899475,0.28855669498443604,0.0,False,0
D1_1,refine,128,1,16,it0015,0.37908661365509033,0.48199260234832764,0.11764705882352941,False,0
D1_1,refine,128,1,16,it0016,0.6045498847961426,0.5045632123947144,0.08823529411764706,False,0
D1_1,refine,128,1,16,it0017,0.49157819151878357,0.30060914158821106,0.13333333333333333,False,0
D1_1,refine,128,1,16,it0018,0.3621159791946411,0.21071851253509521,0.058823529411764705,False,0
D1_1,refine,128,1,16,it0019,0.6412476301193237,0.5009065866470337,0.021739130434782608,False,0
D1_1,refine,128,1,16,it0020,0.36485129594802856,0.3622686564922333,0.38461538461538464,False,0
D1_1,refine,128,1,16,it0021,0.36954063177108765,0.31361454725265503,0.21212121212121213,False,0
D1_1,refine,128,1,16,it0022,0.4454159736633301,0.48251044750213623,0.6,False,0
D1_1,refine,128,1,16,it0023,0.5529027581214905,0.5484858155250549,0.2777777777777778,False,0
D1_1,refine,128,1,16,it0024,0.6801510453224182,0.5212851166725159,0.14285714285714285,False,0
D1_1,refine,128,1,16,it0025,0.5607718229293823,0.5649957060813904,0.2,False,0
D1_1,refine,128,1,16,it0026,0.19302232563495636,0.22870072722434998,0.0,False,0
D1_1,refine,128,1,16,it0027,0.6627286672592163,0.5689536929130554,0.0625,False,0
D1_1,refine,128,1,16,it0028,0.42837074398994446,0.5008845925331116,0.2619047619047619,False,0
D1_1,refine,128,1,16,it0029,0.21030963957309723,0.37278255820274353,0.0,False,0
D1_1,refine,128,1,16,it0030,0.5661783814430237,0.48678600788116455,0.08,False,0
D1_1,refine,128,1,16,it0031,0.3662566542625427,0.3436620831489563,0.2777777777777778,False,0
D1_1,refine,128,1,16,it0032,0.6576704978942871,0.6017788648605347,0.18518518518518517,False,0
D1_1,refine,128,1,16,it0033,0.21843087673187256,0.17081910371780396,0.0,False,0
D1_1,refine,128,1,16,it0034,0.31407299637794495,0.2505241930484772,0.1,False,0
D1_1,refine,128,1,16,it0035,0.34987419843673706,0.22576239705085754,0.5384615384615384,False,0
D1_1,refine,128,1,16,it0036,0.5899187326431274,0.5478094816207886,0.16666666666666666,False,0
D1_1,refine,128,1,16,it0037,0.5281143188476562,0.4807780086994171,0.06666666666666667,False,0
D1_1,refine,128,1,16,it0038,0.4244091808795929,0.2043078988790512,0.10810810810810811,False,0
D1_1,refine,128,1,16,it0039,0.47980430722236633,0.45505625009536743,0.0975609756097561,False,0
D1_1,refine,128,1,16,it0040,0.314453661441803,0.08289133012294769,0.06666666666666667,False,0
D1_1,refine,128,1,16,it0041,0.5819128155708313,0.32866913080215454,0.09090909090909091,False,0
D1_1,refine,128,1,16,it0042,0.39897286891937256,0.4215918779373169,0.2222222222222222,False,0
D1_1,refine,128,1,16,it0043,0.2242070585489273,0.33306562900543213,0.07692307692307693,False,0
D1_1,refine,128,1,16,it0044,0.5394880175590515,0.6001083850860596,0.2,False,0
D1_1,refine,128,1,16,it0045,0.19338737428188324,0.25130969285964966,0.13333333333333333,False,0
D1_1,refine,128,1,16,it0046,0.4105600118637085,0.2674047350883484,0.0,False,0
D1_1,refine,128,1,16,it0047,0.2518780827522278,0.18303494155406952,0.6,False,0
D1_1,refine,128,1,16,it0048,0.5664786696434021,0.4316574037075043,0.0625,False,0
D1_1,refine,128,1,16,it0049,0.27374982833862305,0.5062317848205566,0.22727272727272727,False,0
D1_1,refine,128,1,16,it0050,0.002342071384191513,0.005053482949733734,0.36363636363636365,False,0
D1_1,refine,128,1,16,it0051,0.1526629775762558,0.3990439176559448,0.1724137931034483,False,0
D1_1,refine,128,1,16,it0052,0.10717406868934631,0.19884583353996277,0.0,False,0
D1_1,refine,128,1,16,it0053,0.30724072456359863,0.37843820452690125,0.4594594594594595,False,0
D1_1,refine,128,1,16,it0054,0.23328065872192383,0.045621760189533234,0.125,False,0
D1_1,refine,128,1,16,it0055,0.3746560215950012,0.4321712553501129,0.07692307692307693,False,0
D1_1,refine,128,1,16,it0056,0.39891839027404785,0.2618437707424164,0.25,False,0
D1_1,refine,128,1,16,it0057,0.5290951132774353,0.38175293803215027,0.17647058823529413,False,0
D1_1,refine,128,1,16,it0058,0.26226383447647095,0.19027383625507355,0.25,False,0
D1_1,refine,128,1,16,it0059,0.5938313603401184,0.531234622001648,0.35714285714285715,False,0
D1_1,refine,128,1,16,it0060,0.47964417934417725,0.4356206953525543,0.0,False,0
D1_1,refine,128,1,16,it0061,0.5134791731834412,0.599966824054718,0.0,False,0
D1_1,refine,128,1,16,it0062,0.6462245583534241,0.6240806579589844,0.0,False,0
D1_1,refine,128,1,16,it0063,0.4190588593482971,0.20689433813095093,0.06896551724137931,False,0
D1_1,refine,128,1,16,it0064,0.3272506296634674,0.416259229183197,0.4444444444444444,False,0
D1_1,refine,128,1,16,it0065,0.574871838092804,0.5125174522399902,0.2564102564102564,False,0
D1_1,refine,128,1,16,it0066,0.23190537095069885,0.30306369066238403,0.14285714285714285,False,0
D1_1,refine,128,1,16,it0067,0.1508832424879074,0.20205043256282806,0.1111111111111111,False,0
D1_1,refine,128,1,16,it0068,0.7029441595077515,0.6045474410057068,0.02564102564102564,False,0
D1_1,refine,128,1,16,it0069,0.31511127948760986,0.43370217084884644,0.18181818181818182,False,0
D1_1,refine,128,1,16,it0070,0.47081294655799866,0.398786723613739,0.0,False,0
D1_1,refine,128,1,16,it0071,0.5177136659622192,0.6098827719688416,0.21428571428571427,False,0
D1_1,refine,128,1,16,it0072,0.41860431432724,0.42912235856056213,0.045454545454545456,False,0
D1_1,refine,128,1,16,it0073,0.15396517515182495,0.061672672629356384,0.41379310344827586,False,0
D1_1,refine,128,1,16,it0074,0.23010192811489105,0.0933816060423851,0.0,False,0
D1_1,refine,128,1,16,it0075,0.40466591715812683,0.23115620017051697,0.08695652173913043,False,0
D1_1,refine,128,1,16,it0076,0.5302047729492188,0.32869043946266174,0.5217391304347826,False,0
D1_1,refine,128,1,16,it0077,0.44095101952552795,0.6406863927841187,0.4166666666666667,False,0
D1_1,refine,128,1,16,it0078,0.4211893081665039,0.2908784747123718,0.23809523809523808,False,0
D1_1,refine,128,1,16,it0079,0.6571872234344482,0.5835768580436707,0.041666666666666664,False,0
D1_1,refine,128,1,16,it0080,0.4316267669200897,0.2824646830558777,0.7804878048780488,True,0
D1_1,refine,128,1,16,it0081,0.3123006820678711,0.26177000999450684,0.10714285714285714,False,0
D1_1,refine,128,1,16,it0082,0.42558878660202026,0.487175852060318,0.058823529411764705,False,0
D1_1,refine,128,1,16,it0083,0.5395188927650452,0.44347599148750305,0.029411764705882353,False,0
D1_1,refine,128,1,16,it0084,0.6906014680862427,0.4828872084617615,0.06666666666666667,False,0
D1_1,refine,128,1,16,it0085,0.48091232776641846,0.3072760999202728,0.2857142857142857,False,0
D1_1,refine,128,1,16,it0086,0.665965735912323,0.488622784614563,0.5294117647058824,False,0
D1_1,refine,128,1,16,it0087,0.4403436481952667,0.5048214793205261,0.1875,False,0
D1_1,refine,128,1,16,it0088,0.22279196977615356,0.21964946389198303,0.0,False,0
D1_1,refine,128,1,16,it0089,0.5357818007469177,0.3505374789237976,0.0,False,0
D1_1,refine,128,1,16,it0090,0.6139917373657227,0.5578746795654297,0.0,False,0
D1_1,refine,128,1,16,it0091,0.49233874678611755,0.4911820888519287,0.12903225806451613,False,0
D1_1,refine,128,1,16,it0092,0.4870011806488037,0.3442971408367157,0.08571428571428572,False,0
D1_1,refine,128,1,16,it0093,0.3768917918205261,0.32204172015190125,0.10526315789473684,False,0
D1_1,refine,128,1,16,it0094,0.32384616136550903,0.4580785632133484,0.23076923076923078,False,0
D1_1,refine,128,1,16,it0095,0.43627431988716125,0.5117917656898499,0.2857142857142857,False,0
D1_1,refine,128,1,16,it0096,0.5307207703590393,0.3354562819004059,0.8636363636363636,False,0
D1_1,refine,128,1,16,it0097,0.7042793035507202,0.6699492931365967,0.1,False,0
D1_1,refine,128,1,16,it0098,0.4761154353618622,0.3683386445045471,0.1111111111111111,False,0
D1_1,refine,128,1,16,it0099,0.23980437219142914,0.14091867208480835,0.043478260869565216,False,0
D1_1,refine,128,1,16,it0100,0.6647764444351196,0.6170303225517273,0.0,False,0
D1_1,refine,128,1,16,it0101,0.09936252236366272,0.17491281032562256,0.07894736842105263,False,0
D1_1,refine,128,1,16,it0102,0.37107565999031067,0.2871730923652649,0.3076923076923077,False,0
D1_1,refine,128,1,16,it0103,0.46558481454849243,0.4720544219017029,0.09090909090909091,False,0
D1_1,refine,128,1,16,it0104,0.5113846659660339,0.42151176929473877,0.0,False,0
D1_1,refine,128,1,16,it0105,0.4779815971851349,0.5386018753051758,0.2,False,0
D1_1,refine,128,1,16,it0106,0.4098092317581177,0.35262975096702576,0.125,False,0
D1_1,refine,128,1,16,it0107,0.5245658159255981,0.4690132737159729,0.08695652173913043,False,0
D1_1,refine,128,1,16,it0108,0.3838132619857788,0.422294944524765,0.0625,False,0
D1_1,refine,128,1,16,it0109,0.4859641492366791,0.3291516900062561,0.05263157894736842,False,0
D1_1,refine,128,1,16,it0110,0.20771744847297668,0.16780343651771545,0.3333333333333333,False,0
D1_1,refine,128,1,16,it0111,0.3261678218841553,0.18269404768943787,0.3939393939393939,False,0
D1_1,refine,128,1,16,it0112,0.6458203792572021,0.5533746480941772,0.06818181818181818,False,0
D1_1,refine,128,1,16,it0113,0.5771165490150452,0.4867146611213684,0.06818181818181818,False,0
D1_1,refine,128,1,16,it0114,0.4992445707321167,0.4156606197357178,0.3888888888888889,False,0
D1_1,refine,128,1,16,it0115,0.3735862970352173,0.15605871379375458,0.0,False,0
D1_1,refine,128,1,16,it0116,0.6093125939369202,0.3062508702278137,0.17647058823529413,False,0
D1_1,refine,128,1,16,it0117,0.47942718863487244,0.593157947063446,0.17647058823529413,False,0
D1_1,refine,128,1,16,it0118,0.6233306527137756,0.57924485206604,0.25,False,0
D1_1,refine,128,1,16,it0119,0.5663479566574097,0.6282800436019897,0.07142857142857142,False,0
D1_1,refine,128,1,16,it0120,0.5507949590682983,0.3572806715965271,0.13333333333333333,False,0
D1_1,refine,128,1,16,it0121,0.44049346446990967,0.3312002122402191,0.35,False,0
D1_1,refine,128,1,16,it0122,0.3095116913318634,0.40883854031562805,0.36363636363636365,False,0
D1_1,refine,128,1,16,it0123,0.5036931037902832,0.5160355567932129,0.29411764705882354,False,0
D1_1,refine,128,1,16,it0124,0.5715796947479248,0.45772913098335266,0.15151515151515152,False,0
D1_1,refine,128,1,16,it0125,0.5238462090492249,0.4213370680809021,0.10256410256410256,False,0
D1_1,refine,128,1,16,it0126,0.48090410232543945,0.4481651782989502,0.0625,False,0
D1_1,refine,128,1,16,it0127,0.3524300158023834,0.2560296952724457,0.0,False,0
D1_1,refine,128,1,16,it0128,0.4846424162387848,0.3908512592315674,0.0,False,0
D1_1,refine,128,1,16,it0129,0.39949917793273926,0.33837103843688965,0.0,False,0
D1_1,refine,128,1,16,it0130,0.2510196566581726,0.328524649143219,0.0,False,0
D1_1,refine,128,1,16,it0131,0.40559494495391846,0.3357851207256317,0.25806451612903225,False,0
D1_1,refine,128,1,16,it0132,0.2692149579524994,0.16456401348114014,0.0,False,0
D1_1,refine,128,1,16,it0133,0.5317702293395996,0.5326410531997681,0.03571428571428571,False,0
D1_1,refine,128,1,16,it0134,0.4419049024581909,0.4104234278202057,0.0,False,0
D1_1,refine,128,1,16,it0135,0.2468593418598175,0.3209037482738495,0.10256410256410256,False,0
D1_1,refine,128,1,16,it0136,0.42344245314598083,0.34626251459121704,0.0,False,0
D1_1,refine,128,1,16,it0137,0.4638370871543884,0.3070296049118042,0.5833333333333334,False,0
D1_1,refine,128,1,16,it0138,0.4834241569042206,0.6712000966072083,0.5,False,0
D1_1,refine,128,1,16,it0139,0.5460591912269592,0.2559702396392822,0.0,False,0
D1_1,refine,128,1,16,it0140,0.3839380145072937,0.3156087100505829,0.041666666666666664,False,0
D1_1,refine,128,1,16,it0141,0.6726961135864258,0.6808337569236755,0.4666666666666667,False,0
D1_1,refine,128,1,16,it0142,0.26120835542678833,0.17948932945728302,0.08,False,0
D1_1,refine,128,1,16,it0143,0.35386282205581665,0.4236018657684326,0.0,False,0
D1_1,refine,128,1,16,it0144,0.5173062682151794,0.38898834586143494,0.07142857142857142,False,0
D1_1,refine,128,1,16,it0145,0.5144830346107483,0.616181492805481,0.0,False,0
D1_1,refine,128,1,16,it0146,0.5963077545166016,0.4113691449165344,0.0,False,0
D1_1,refine,128,1,16,it0147,0.4961710572242737,0.3941028118133545,0.08695652173913043,False,0
D1_1,refine,128,1,16,it0148,-0.010270657017827034,0.02053835242986679,0.14285714285714285,False,0
D1_1,refine,128,1,16,it0149,0.43004024028778076,0.44165274500846863,0.14285714285714285,False,0
D1_1,refine,128,1,16,it0150,0.41050276160240173,0.4709269106388092,0.07692307692307693,False,0
D1_1,refine,128,1,16,it0151,0.6060537695884705,0.43505653738975525,0.058823529411764705,False,0
D1_1,refine,128,1,16,it0152,0.4541178047657013,0.2927415668964386,0.0,False,0
D1_1,refine,128,1,16,it0153,0.27725881338119507,0.37938693165779114,0.14285714285714285,False,0
D1_1,refine,128,1,16,it0154,0.24412423372268677,0.1392093300819397,0.10526315789473684,False,0
D1_1,refine,128,1,16,it0155,0.23984766006469727,0.35133951902389526,0.0,False,0
D1_1,refine,128,1,16,it0156,0.26011842489242554,0.14760060608386993,0.23809523809523808,False,0
D1_1,refine,128,1,16,it0157,0.5568274259567261,0.5266730785369873,0.023255813953488372,False,0
D1_1,refine,128,1,16,it0158,0.26235726475715637,0.18838374316692352,0.10526315789473684,False,0
D1_1,refine,128,1,16,it0159,0.4354260563850403,0.2294272631406784,0.21428571428571427,False,0
D1_1,refine,128,1,16,it0160,0.6026657223701477,0.4500036835670471,0.03225806451612903,False,0
D1_1,refine,128,1,16,it0161,0.24688254296779633,0.15968549251556396,0.10344827586206896,False,0
D1_1,refine,128,1,16,it0162,0.18858906626701355,0.29570549726486206,0.037037037037037035,False,0
D1_1,refine,128,1,16,it0163,0.4180642366409302,0.2681388258934021,0.0,False,0
D1_1,refine,128,1,16,it0164,0.5469319224357605,0.3951178193092346,0.12903225806451613,False,0
D1_1,refine,128,1,16,it0165,0.3246542513370514,0.27845755219459534,0.15151515151515152,False,0
D1_1,refine,128,1,16,it0166,0.5929991006851196,0.32898029685020447,0.3333333333333333,False,0
D1_1,refine,128,1,16,it0167,0.3398703336715698,0.3763967752456665,0.05263157894736842,False,0
D1_1,refine,128,1,16,it0168,0.28695568442344666,0.23690271377563477,0.1,False,0
D1_1,refine,128,1,16,it0169,0.47019320726394653,0.42878231406211853,0.1,False,0
D1_1,refine,128,1,16,it0170,0.2818460464477539,0.23468467593193054,0.23529411764705882,False,0
D1_1,refine,128,1,16,it0171,0.6850400567054749,0.5534122586250305,0.047619047619047616,False,0
D1_1,refine,128,1,16,it0172,0.2932458519935608,0.3543703556060791,0.0,False,0
D1_1,refine,128,1,16,it0173,0.6960607767105103,0.635168194770813,0.0,False,0
D1_1,refine,128,1,16,it0174,0.6129070520401001,0.31997883319854736,0.25,False,0
D1_1,refine,128,1,16,it0175,0.2551664710044861,0.17131659388542175,0.13333333333333333,False,0
D1_1,refine,128,1,16,it0176,0.3269083499908447,0.36125463247299194,0.1111111111111111,False,0
D1_1,refine,128,1,16,it0177,0.32136842608451843,0.26987943053245544,0.05263157894736842,False,0
D1_1,refine,128,1,16,it0178,0.4298746883869171,0.2303834706544876,0.29411764705882354,False,0
D1_1,refine,128,1,16,it0179,0.5959676504135132,0.5901999473571777,0.06451612903225806,False,0
D1_1,refine,128,1,16,it0180,0.45217475295066833,0.5731077194213867,0.14285714285714285,False,0
D1_1,refine,128,1,16,it0181,0.5359843969345093,0.5151594877243042,0.0975609756097561,False,0
D1_1,refine,128,1,16,it0182,0.615767776966095,0.4161452054977417,0.0,False,0
D1_1,refine,128,1,16,it0183,0.49145954847335815,0.5089318156242371,0.0,False,0
D1_1,refine,128,1,16,it0184,0.24413827061653137,0.16969111561775208,0.13333333333333333,False,0
D1_1,refine,128,1,16,it0185,0.4416380822658539,0.4274792969226837,0.16129032258064516,False,0
D1_1,refine,128,1,16,it0186,0.5990365147590637,0.5189235210418701,0.125,False,0
D1_1,refine,128,1,16,it0187,0.4688935875892639,0.42494678497314453,0.0625,False,0
D1_1,refine,128,1,16,it0188,0.5032811164855957,0.47250035405158997,0.2777777777777778,False,0
D1_1,refine,128,1,16,it0189,0.47432976961135864,0.2103806436061859,0.1,False,0
D1_1,refine,128,1,16,it0190,0.6227523684501648,0.5577885508537292,0.1875,False,0
D1_1,refine,128,1,16,it0191,0.46083584427833557,0.36647096276283264,0.0,False,0
D1_1,refine,128,1,16,it0192,0.5865808725357056,0.5491912364959717,0.2222222222222222,False,0
D1_1,refine,128,1,16,it0193,0.32969531416893005,0.10342568904161453,0.25,False,0
D1_1,refine,128,1,16,it0194,0.5982459187507629,0.6375260353088379,0.047619047619047616,False,0
D1_1,refine,128,1,16,it0195,0.588586151599884,0.514115571975708,0.19230769230769232,False,0
D1_1,refine,128,1,16,it0196,0.3706379234790802,0.31543394923210144,0.0,False,0
D1_1,refine,128,1,16,it0197,0.3406031131744385,0.4138808846473694,0.09090909090909091,False,0
D1_1,refine,128,1,16,it0198,0.07546365261077881,0.09164334088563919,0.0,False,0
D1_1,refine,128,1,16,it0199,0.5174866318702698,0.4659561514854431,0.17647058823529413,False,0
D1_1,refine,256,1,32,it0000,0.535027265548706,0.5506422519683838,0.043478260869565216,False,0
D1_1,refine,256,1,32,it0001,0.36067456007003784,0.18126671016216278,0.3333333333333333,False,0
D1_1,refine,256,1,32,it0002,0.27930936217308044,0.4403822124004364,0.26666666666666666,False,0
D1_1,refine,256,1,32,it0003,0.3732396960258484,0.2808747887611389,0.06666666666666667,False,0
D1_1,refine,256,1,32,it0004,0.5270209908485413,0.43560394644737244,0.125,False,0
D1_1,refine,256,1,32,it0005,0.4822022318840027,0.4297811686992645,0.14814814814814814,False,0
D1_1,refine,256,1,32,it0006,0.44931697845458984,0.3532125949859619,0.16666666666666666,False,0
D1_1,refine,256,1,32,it0007,0.2569098174571991,0.26421117782592773,0.5909090909090909,False,0
D1_1,refine,256,1,32,it0008,0.5049862861633301,0.3388667404651642,0.14285714285714285,False,0
D1_1,refine,256,1,32,it0009,0.5886504650115967,0.54694664478302,0.037037037037037035,False,0
D1_1,refine,256,1,32,it0010,0.5108596682548523,0.593654215335846,0.1111111111111111,False,0
D1_1,refine,256,1,32,it0011,0.573915421962738,0.5039126873016357,0.13043478260869565,False,0
D1_1,refine,256,1,32,it0012,0.366361528635025,0.31051871180534363,0.4482758620689655,False,0
D1_1,refine,256,1,32,it0013,0.5691441297531128,0.5689411163330078,0.0,False,0
D1_1,refine,256,1,32,it0014,0.4582046568393707,0.3831687569618225,0.0,False,0
D1_1,refine,256,1,32,it0015,0.40903085470199585,0.5268374681472778,0.23529411764705882,False,0
D1_1,refine,256,1,32,it0016,0.644469678401947,0.5215290784835815,0.058823529411764705,False,0
D1_1,refine,256,1,32,it0017,0.446946382522583,0.328564316034317,0.0,False,0
D1_1,refine,256,1,32,it0018,0.2864013910293579,0.27850279211997986,0.029411764705882353,False,0
D1_1,refine,256,1,32,it0019,0.6131210327148438,0.5129860639572144,0.06521739130434782,False,0
D1_1,refine,256,1,32,it0020,0.3402206599712372,0.2860129177570343,0.3076923076923077,False,0
D1_1,refine,256,1,32,it0021,0.3591381013393402,0.17656636238098145,0.09090909090909091,False,0
D1_1,refine,256,1,32,it0022,0.3350602984428406,0.3261013627052307,0.4,False,0
D1_1,refine,256,1,32,it0023,0.5643382668495178,0.5084121823310852,0.16666666666666666,False,0
D1_1,refine,256,1,32,it0024,0.6257464289665222,0.45273783802986145,0.14285714285714285,False,0
D1_1,refine,256,1,32,it0025,0.5982234477996826,0.553246796131134,0.05,False,0
D1_1,refine,256,1,32,it0026,0.22190751135349274,0.17242805659770966,0.125,False,0
D1_1,refine,256,1,32,it0027,0.6647792458534241,0.5981453657150269,0.125,False,0
D1_1,refine,256,1,32,it0028,0.43312397599220276,0.5008825063705444,0.047619047619047616,False,0
D1_1,refine,256,1,32,it0029,0.3898284137248993,0.4216047525405884,0.0625,False,0
D1_1,refine,256,1,32,it0030,0.6302122473716736,0.5449132323265076,0.2,False,0
D1_1,refine,256,1,32,it0031,0.24148410558700562,0.2020464837551117,0.3333333333333333,False,0
D1_1,refine,256,1,32,it0032,0.6490712761878967,0.6032177805900574,0.2222222222222222,False,0
D1_1,refine,256,1,32,it0033,0.374166876077652,0.3384014070034027,0.15384615384615385,False,0
D1_1,refine,256,1,32,it0034,0.43561479449272156,0.44721856713294983,0.06666666666666667,False,0
D1_1,refine,256,1,32,it0035,0.31918570399284363,0.21368913352489471,0.23076923076923078,False,0
D1_1,refine,256,1,32,it0036,0.5774173140525818,0.5809272527694702,0.2777777777777778,False,0
D1_1,refine,256,1,32,it0037,0.489117830991745,0.5331167578697205,0.06666666666666667,False,0
D1_1,refine,256,1,32,it0038,0.3168932795524597,0.20311683416366577,0.08108108108108109,False,0
D1_1,refine,256,1,32,it0039,0.4955131411552429,0.4726323187351227,0.0975609756097561,False,0
D1_1,refine,256,1,32,it0040,0.2669258415699005,0.138052836060524,0.2,False,0
D1_1,refine,256,1,32,it0041,0.6378744840621948,0.4564076066017151,0.045454545454545456,False,0
D1_1,refine,256,1,32,it0042,0.3792465329170227,0.2775357961654663,0.1111111111111111,False,0
D1_1,refine,256,1,32,it0043,0.1169474795460701,0.1635914444923401,0.0,False,0
D1_1,refine,256,1,32,it0044,0.5373573899269104,0.5943374037742615,0.2,False,0
D1_1,refine,256,1,32,it0045,0.23031139373779297,0.3720119297504425,0.0,False,0
D1_1,refine,256,1,32,it0046,0.33174487948417664,0.287651926279068,0.0,False,0
D1_1,refine,256,1,32,it0047,0.271589994430542,0.3246166408061981,0.6,False,0
D1_1,refine,256,1,32,it0048,0.5559877157211304,0.4867819845676422,0.0,False,0
D1_1,refine,256,1,32,it0049,0.2972126603126526,0.4032488465309143,0.09090909090909091,False,0
D1_1,refine,256,1,32,it0050,0.11866515129804611,-0.021617082878947258,0.3181818181818182,False,0
D1_1,refine,256,1,32,it0051,0.1692003309726715,0.3987308144569397,0.2413793103448276,False,0
D1_1,refine,256,1,32,it0052,0.18204139173030853,0.22945302724838257,0.0,False,0
D1_1,refine,256,1,32,it0053,0.3832985460758209,0.3962109386920929,0.24324324324324326,False,0
D1_1,refine,256,1,32,it0054,0.2010425329208374,0.02516000159084797,0.3333333333333333,False,0
D1_1,refine,256,1,32,it0055,0.44852349162101746,0.4502273201942444,0.07692307692307693,False,0
D1_1,refine,256,1,32,it0056,0.3876613676548004,0.2692755460739136,0.15,False,0
D1_1,refine,256,1,32,it0057,0.5386992692947388,0.36754870414733887,0.14705882352941177,False,0
D1_1,refine,256,1,32,it0058,0.39135199785232544,0.26052385568618774,0.0,False,0
D1_1,refine,256,1,32,it0059,0.4912281632423401,0.5493518114089966,0.21428571428571427,False,0
D1_1,refine,256,1,32,it0060,0.34905266761779785,0.41635584831237793,0.058823529411764705,False,0
D1_1,refine,256,1,32,it0061,0.5821167230606079,0.6385585069656372,0.02857142857142857,False,0
D1_1,refine,256,1,32,it0062,0.5848928689956665,0.5038560032844543,0.047619047619047616,False,0
D1_1,refine,256,1,32,it0063,0.4519846439361572,0.3028283417224884,0.0,False,0
D1_1,refine,256,1,32,it0064,0.3335058093070984,0.42363888025283813,0.2222222222222222,False,0
D1_1,refine,256,1,32,it0065,0.6595090627670288,0.5738236904144287,0.2564102564102564,False,0
D1_1,refine,256,1,32,it0066,0.3116830587387085,0.2846965789794922,0.38095238095238093,False,0
D1_1,refine,256,1,32,it0067,0.17708580195903778,0.2053363025188446,0.2222222222222222,False,0
D1_1,refine,256,1,32,it0068,0.6287373304367065,0.6679325699806213,0.0,False,0
D1_1,refine,256,1,32,it0069,0.2830115258693695,0.31044530868530273,0.2727272727272727,False,0
D1_1,refine,256,1,32,it0070,0.44825172424316406,0.46058201789855957,0.13333333333333333,False,0
D1_1,refine,256,1,32,it0071,0.4943293035030365,0.437383770942688,0.14285714285714285,False,0
D1_1,refine,256,1,32,it0072,0.4746149182319641,0.43284517526626587,0.09090909090909091,False,0
D1_1,refine,256,1,32,it0073,0.12595108151435852,0.1723264902830124,0.3793103448275862,False,0
D1_1,refine,256,1,32,it0074,0.20182864367961884,0.16066396236419678,0.0,False,0
D1_1,refine,256,1,32,it0075,0.3268897235393524,0.38461989164352417,0.0,False,0
D1_1,refine,256,1,32,it0076,0.4736262261867523,0.2816353738307953,0.2608695652173913,False,0
D1_1,refine,256,1,32,it0077,0.4054166078567505,0.549770712852478,0.4166666666666667,False,0
D1_1,refine,256,1,32,it0078,0.3042847514152527,0.18411915004253387,0.047619047619047616,False,0
D1_1,refine,256,1,32,it0079,0.6424832344055176,0.6136274337768555,0.041666666666666664,False,0
D1_1,refine,256,1,32,it0080,0.3932739794254303,0.25221458077430725,0.17073170731707318,False,0
D1_1,refine,256,1,32,it0081,0.3035438656806946,0.25289270281791687,0.03571428571428571,False,0
D1_1,refine,256,1,32,it0082,0.3422527313232422,0.35831108689308167,0.058823529411764705,False,0
D1_1,refine,256,1,32,it0083,0.5186935663223267,0.39469093084335327,0.0,False,0
D1_1,refine,256,1,32,it0084,0.5940042734146118,0.49443042278289795,0.022222222222222223,False,0
D1_1,refine,256,1,32,it0085,0.5977778434753418,0.48459044098854065,0.0,False,0
D1_1,refine,256,1,32,it0086,0.6742963790893555,0.6440304517745972,0.23529411764705882,False,0
D1_1,refine,256,1,32,it0087,0.5263386964797974,0.5172868371009827,0.1875,False,0
D1_1,refine,256,1,32,it0088,0.35941874980926514,0.3285033404827118,0.047619047619047616,False,0
D1_1,refine,256,1,32,it0089,0.4818057715892792,0.2032562494277954,0.0,False,0
D1_1,refine,256,1,32,it0090,0.6610347032546997,0.5469033122062683,0.0,False,0
D1_1,refine,256,1,32,it0091,0.4416913390159607,0.4891417920589447,0.06451612903225806,False,0
D1_1,refine,256,1,32,it0092,0.4357394576072693,0.34282124042510986,0.11428571428571428,False,0
D1_1,refine,256,1,32,it0093,0.39428776502609253,0.29339802265167236,0.05263157894736842,False,0
D1_1,refine,256,1,32,it0094,0.30640292167663574,0.4325714409351349,0.07692307692307693,False,0
D1_1,refine,256,1,32,it0095,0.4514164924621582,0.540298342704773,0.047619047619047616,False,0
D1_1,refine,256,1,32,it0096,0.4634912312030792,0.41426339745521545,0.6818181818181818,False,0
D1_1,refine,256,1,32,it0097,0.6513652801513672,0.6376568078994751,0.0,False,0
D1_1,refine,256,1,32,it0098,0.4968997538089752,0.40398210287094116,0.2962962962962963,False,0
D1_1,refine,256,1,32,it0099,0.2735792398452759,0.20227384567260742,0.0,False,0
D1_1,refine,256,1,32,it0100,0.6535757780075073,0.5614707469940186,0.0,False,0
D1_1,refine,256,1,32,it0101,0.36005592346191406,0.2587301433086395,0.05263157894736842,False,0
D1_1,refine,256,1,32,it0102,0.4168170988559723,0.3827035129070282,0.15384615384615385,False,0
D1_1,refine,256,1,32,it0103,0.364043653011322,0.39373576641082764,0.2727272727272727,False,0
D1_1,refine,256,1,32,it0104,0.5651077032089233,0.4368799328804016,0.041666666666666664,False,0
D1_1,refine,256,1,32,it0105,0.3748794496059418,0.5498601198196411,0.2857142857142857,False,0
D1_1,refine,256,1,32,it0106,0.44433143734931946,0.4629775285720825,0.041666666666666664,False,0
D1_1,refine,256,1,32,it0107,0.29596763849258423,0.25558918714523315,0.08695652173913043,False,0
D1_1,refine,256,1,32,it0108,0.45669612288475037,0.38906219601631165,0.25,False,0
D1_1,refine,256,1,32,it0109,0.36772018671035767,0.36222633719444275,0.05263157894736842,False,0
D1_1,refine,256,1,32,it0110,0.21632565557956696,0.199822798371315,0.16666666666666666,False,0
D1_1,refine,256,1,32,it0111,0.2644221782684326,0.12058360874652863,0.30303030303030304,False,0
D1_1,refine,256,1,32,it0112,0.5601742267608643,0.4767732322216034,0.022727272727272728,False,0
D1_1,refine,256,1,32,it0113,0.5707681179046631,0.5022553205490112,0.0,False,0
D1_1,refine,256,1,32,it0114,0.44266024231910706,0.43332427740097046,0.6111111111111112,False,0
D1_1,refine,256,1,32,it0115,0.35832178592681885,0.2215171754360199,0.0,False,0
D1_1,refine,256,1,32,it0116,0.5740911364555359,0.27711161971092224,0.11764705882352941,False,0
D1_1,refine,256,1,32,it0117,0.41798269748687744,0.5493125319480896,0.0,False,0
D1_1,refine,256,1,32,it0118,0.5627681612968445,0.5317229628562927,0.2692307692307692,False,0
D1_1,refine,256,1,32,it0119,0.5755079388618469,0.6553966999053955,0.0,False,0
D1_1,refine,256,1,32,it0120,0.5181789398193359,0.5368250012397766,0.26666666666666666,False,0
D1_1,refine,256,1,32,it0121,0.45913559198379517,0.378711074590683,0.35,False,0
D1_1,refine,256,1,32,it0122,0.24178245663642883,0.3389423191547394,0.22727272727272727,False,0
D1_1,refine,256,1,32,it0123,0.4663478136062622,0.49314582347869873,0.058823529411764705,False,0
D1_1,refine,256,1,32,it0124,0.5009050965309143,0.38360512256622314,0.09090909090909091,False,0
D1_1,refine,256,1,32,it0125,0.4630008935928345,0.22930733859539032,0.05128205128205128,False,0
D1_1,refine,256,1,32,it0126,0.48507463932037354,0.385427325963974,0.0,False,0
D1_1,refine,256,1,32,it0127,0.3939589560031891,0.4222916066646576,0.11764705882352941,False,0
D1_1,refine,256,1,32,it0128,0.4480772614479065,0.3388252258300781,0.05,False,0
D1_1,refine,256,1,32,it0129,0.34277111291885376,0.25641101598739624,0.0,False,0
D1_1,refine,256,1,32,it0130,0.30932024121284485,0.3704815208911896,0.0,False,0
D1_1,refine,256,1,32,it0131,0.42138954997062683,0.48712998628616333,0.12903225806451613,False,0
D1_1,refine,256,1,32,it0132,0.29341644048690796,0.18612807989120483,0.0,False,0
D1_1,refine,256,1,32,it0133,0.5412103533744812,0.5305150747299194,0.0,False,0
D1_1,refine,256,1,32,it0134,0.3953041434288025,0.30327701568603516,0.05263157894736842,False,0
D1_1,refine,256,1,32,it0135,0.3400440812110901,0.3357866406440735,0.07692307692307693,False,0
D1_1,refine,256,1,32,it0136,0.3456646502017975,0.35783398151397705,0.05,False,0
D1_1,refine,256,1,32,it0137,0.46608874201774597,0.45611274242401123,0.0,False,0
D1_1,refine,256,1,32,it0138,0.5648909211158752,0.4191146492958069,0.3333333333333333,False,0
D1_1,refine,256,1,32,it0139,0.5270453691482544,0.21865567564964294,0.0,False,0
D1_1,refine,256,1,32,it0140,0.4269954562187195,0.4192900061607361,0.08333333333333333,False,0
D1_1,refine,256,1,32,it0141,0.6206436157226562,0.6522926688194275,0.06666666666666667,False,0
D1_1,refine,256,1,32,it0142,0.18642887473106384,0.0982760637998581,0.04,False,0
D1_1,refine,256,1,32,it0143,0.3690498471260071,0.35152944922447205,0.0,False,0
D1_1,refine,256,1,32,it0144,0.5500155687332153,0.43540480732917786,0.10714285714285714,False,0
D1_1,refine,256,1,32,it0145,0.42293205857276917,0.5416929125785828,0.0,False,0
D1_1,refine,256,1,32,it0146,0.45378339290618896,0.4203406870365143,0.0,False,0
D1_1,refine,256,1,32,it0147,0.41521283984184265,0.343793123960495,0.0,False,0
D1_1,refine,256,1,32,it0148,0.09127497673034668,0.06593749672174454,0.17857142857142858,False,0
D1_1,refine,256,1,32,it0149,0.3804401457309723,0.33271053433418274,0.14285714285714285,False,0
D1_1,refine,256,1,32,it0150,0.38421866297721863,0.43833571672439575,0.038461538461538464,False,0
D1_1,refine,256,1,32,it0151,0.6398416757583618,0.5369634032249451,0.0,False,0
D1_1,refine,256,1,32,it0152,0.5986239910125732,0.43361714482307434,0.0,False,0
D1_1,refine,256,1,32,it0153,0.3808196783065796,0.37498795986175537,0.07142857142857142,False,0
D1_1,refine,256,1,32,it0154,0.18331725895404816,0.08475133031606674,0.05263157894736842,False,0
D1_1,refine,256,1,32,it0155,0.2514706254005432,0.33939608931541443,0.07142857142857142,False,0
D1_1,refine,256,1,32,it0156,0.33813169598579407,0.3008526563644409,0.0,False,0
D1_1,refine,256,1,32,it0157,0.4940185248851776,0.4460507035255432,0.11627906976744186,False,0
D1_1,refine,256,1,32,it0158,0.3236722946166992,0.23874159157276154,0.10526315789473684,False,0
D1_1,refine,256,1,32,it0159,0.465213805437088,0.26911741495132446,0.21428571428571427,False,0
D1_1,refine,256,1,32,it0160,0.6656197905540466,0.4485757350921631,0.06451612903225806,False,0
D1_1,refine,256,1,32,it0161,0.2745812237262726,0.3051201105117798,0.10344827586206896,False,0
D1_1,refine,256,1,32,it0162,0.2989148199558258,0.35109278559684753,0.18518518518518517,False,0
D1_1,refine,256,1,32,it0163,0.5617923140525818,0.4338049292564392,0.058823529411764705,False,0
D1_1,refine,256,1,32,it0164,0.51333087682724,0.42419564723968506,0.0,False,0
D1_1,refine,256,1,32,it0165,0.3894076347351074,0.342204213142395,0.030303030303030304,False,0
D1_1,refine,256,1,32,it0166,0.4408324658870697,0.27088069915771484,0.08333333333333333,False,0
D1_1,refine,256,1,32,it0167,0.3831009864807129,0.41255325078964233,0.10526315789473684,False,0
D1_1,refine,256,1,32,it0168,0.38249629735946655,0.39909249544143677,0.1,False,0
D1_1,refine,256,1,32,it0169,0.3412426710128784,0.3015349507331848,0.1,False,0
D1_1,refine,256,1,32,it0170,0.3936576545238495,0.3267468214035034,0.17647058823529413,False,0
D1_1,refine,256,1,32,it0171,0.6457407474517822,0.5363777279853821,0.0,False,0
D1_1,refine,256,1,32,it0172,0.26324963569641113,0.4559757709503174,0.0,False,0
D1_1,refine,256,1,32,it0173,0.6636103987693787,0.6317972540855408,0.03333333333333333,False,0
D1_1,refine,256,1,32,it0174,0.5737897753715515,0.3232518136501312,0.0,False,0
D1_1,refine,256,1,32,it0175,0.18291476368904114,0.18207965791225433,0.06666666666666667,False,0
D1_1,refine,256,1,32,it0176,0.3389165997505188,0.261048287153244,0.0,False,0
D1_1,refine,256,1,32,it0177,0.4557347893714905,0.38798776268959045,0.05263157894736842,False,0
D1_1,refine,256,1,32,it0178,0.33926019072532654,0.17872992157936096,0.5882352941176471,False,0
D1_1,refine,256,1,32,it0179,0.6371514797210693,0.6391838192939758,0.16129032258064516,False,0
D1_1,refine,256,1,32,it0180,0.4598649740219116,0.5518484115600586,0.07142857142857142,False,0
D1_1,refine,256,1,32,it0181,0.4895550012588501,0.47071269154548645,0.024390243902439025,False,0
D1_1,refine,256,1,32,it0182,0.6448285579681396,0.5265287160873413,0.16,False,0
D1_1,refine,256,1,32,it0183,0.5308332443237305,0.4902333617210388,0.0,False,0
D1_1,refine,256,1,32,it0184,0.2732417583465576,0.420193076133728,0.4,False,0
D1_1,refine,256,1,32,it0185,0.4358672797679901,0.44184979796409607,0.12903225806451613,False,0
D1_1,refine,256,1,32,it0186,0.5942877531051636,0.4973357915878296,0.125,False,0
D1_1,refine,256,1,32,it0187,0.4284151792526245,0.43848782777786255,0.125,False,0
D1_1,refine,256,1,32,it0188,0.5930615663528442,0.5609079599380493,0.16666666666666666,False,0
D1_1,refine,256,1,32,it0189,0.4004574418067932,0.34194374084472656,0.25,False,0
D1_1,refine,256,1,32,it0190,0.5661290287971497,0.53980553150177,0.125,False,0
D1_1,refine,256,1,32,it0191,0.4507410526275635,0.45823073387145996,0.0,False,0
D1_1,refine,256,1,32,it0192,0.6112908124923706,0.516265869140625,0.18518518518518517,False,0
D1_1,refine,256,1,32,it0193,0.42556074261665344,0.2136998176574707,0.25,False,0
D1_1,refine,256,1,32,it0194,0.7033951282501221,0.658855676651001,0.0,False,0
D1_1,refine,256,1,32,it0195,0.5412501096725464,0.424041211605072,0.34615384615384615,False,0
D1_1,refine,256,1,32,it0196,0.45613521337509155,0.33198171854019165,0.0,False,0
D1_1,refine,256,1,32,it0197,0.3039567470550537,0.39515599608421326,0.0,False,0
D1_1,refine,256,1,32,it0198,0.35229241847991943,0.168854221701622,0.0,False,0
D1_1,refine,256,1,32,it0199,0.4357166290283203,0.46758517622947693,0.0,False,0
D1_1,refine,512,1,64,it0000,0.5835261940956116,0.6046202778816223,0.21739130434782608,False,0
D1_1,refine,512,1,64,it0001,0.4374709725379944,0.17044232785701752,0.5,False,0
D1_1,refine,512,1,64,it0002,0.2847023606300354,0.18418103456497192,0.13333333333333333,False,0
D1_1,refine,512,1,64,it0003,0.4223272502422333,0.2670438587665558,0.2,False,0
D1_1,refine,512,1,64,it0004,0.4955117106437683,0.3117351233959198,0.125,False,0
D1_1,refine,512,1,64,it0005,0.4334743320941925,0.38842955231666565,0.0,False,0
D1_1,refine,512,1,64,it0006,0.4652637243270874,0.37984222173690796,0.1111111111111111,False,0
D1_1,refine,512,1,64,it0007,0.29079657793045044,0.38305187225341797,0.29545454545454547,False,0
D1_1,refine,512,1,64,it0008,0.4240516424179077,0.23200096189975739,0.14285714285714285,False,0
D1_1,refine,512,1,64,it0009,0.5198136568069458,0.4626532196998596,0.1111111111111111,False,0
D1_1,refine,512,1,64,it0010,0.6529752612113953,0.5654001832008362,0.1111111111111111,False,0
D1_1,refine,512,1,64,it0011,0.5264825224876404,0.4048236310482025,0.0,False,0
D1_1,refine,512,1,64,it0012,0.4813845753669739,0.25415369868278503,0.3793103448275862,False,0
D1_1,refine,512,1,64,it0013,0.5044437050819397,0.5960379242897034,0.0,False,0
D1_1,refine,512,1,64,it0014,0.4609895944595337,0.4533892869949341,0.13333333333333333,False,0
D1_1,refine,512,1,64,it0015,0.4103970229625702,0.39931437373161316,0.0,False,0
D1_1,refine,512,1,64,it0016,0.5883645415306091,0.4631836712360382,0.11764705882352941,False,0
D1_1,refine,512,1,64,it0017,0.4923037588596344,0.32423675060272217,0.2,False,0
D1_1,refine,512,1,64,it0018,0.38400763273239136,0.38538628816604614,0.029411764705882353,False,0
D1_1,refine,512,1,64,it0019,0.6126065850257874,0.49093005061149597,0.021739130434782608,False,0
D1_1,refine,512,1,64,it0020,0.39164969325065613,0.28544366359710693,0.38461538461538464,False,0
D1_1,refine,512,1,64,it0021,0.4154554605484009,0.5131300687789917,0.09090909090909091,False,0
D1_1,refine,512,1,64,it0022,0.44559603929519653,0.3728695809841156,0.35,False,0
D1_1,refine,512,1,64,it0023,0.6166393756866455,0.46208202838897705,0.16666666666666666,False,0
D1_1,refine,512,1,64,it0024,0.6133918762207031,0.5194854736328125,0.14285714285714285,False,0
D1_1,refine,512,1,64,it0025,0.5524463653564453,0.6133157014846802,0.2,False,0
D1_1,refine,512,1,64,it0026,0.30464795231819153,0.18372339010238647,0.0,False,0
D1_1,refine,512,1,64,it0027,0.6965579986572266,0.6754917502403259,0.0625,False,0
D1_1,refine,512,1,64,it0028,0.5284351110458374,0.6019402742385864,0.11904761904761904,False,0
D1_1,refine,512,1,64,it0029,0.30745929479599,0.33648067712783813,0.0,False,0
D1_1,refine,512,1,64,it0030,0.5566705465316772,0.4320560693740845,0.08,False,0
D1_1,refine,512,1,64,it0031,0.21514751017093658,0.23425985872745514,0.3333333333333333,False,0
D1_1,refine,512,1,64,it0032,0.6192189455032349,0.603314995765686,0.07407407407407407,False,0
D1_1,refine,512,1,64,it0033,0.2923911213874817,0.31181061267852783,0.15384615384615385,False,0
D1_1,refine,512,1,64,it0034,0.36279404163360596,0.3758760690689087,0.06666666666666667,False,0
D1_1,refine,512,1,64,it0035,0.4053160846233368,0.25986558198928833,0.15384615384615385,False,0
D1_1,refine,512,1,64,it0036,0.5429234504699707,0.5301253795623779,0.05555555555555555,False,0
D1_1,refine,512,1,64,it0037,0.5699217915534973,0.5602019429206848,0.06666666666666667,False,0
D1_1,refine,512,1,64,it0038,0.3796204924583435,0.25156575441360474,0.02702702702702703,False,0
D1_1,refine,512,1,64,it0039,0.46255654096603394,0.4648289680480957,0.07317073170731707,False,0
D1_1,refine,512,1,64,it0040,0.2512979209423065,0.16529308259487152,0.06666666666666667,False,0
D1_1,refine,512,1,64,it0041,0.5482051968574524,0.45410069823265076,0.09090909090909091,False,0
D1_1,refine,512,1,64,it0042,0.40816521644592285,0.3740979731082916,0.07407407407407407,False,0
D1_1,refine,512,1,64,it0043,0.3991868495941162,0.2540431618690491,0.0,False,0
D1_1,refine,512,1,64,it0044,0.519799530506134,0.40967726707458496,0.12,False,0
D1_1,refine,512,1,64,it0045,0.2655358910560608,0.40289223194122314,0.06666666666666667,False,0
D1_1,refine,512,1,64,it0046,0.3197963833808899,0.20924338698387146,0.125,False,0
D1_1,refine,512,1,64,it0047,0.3162921667098999,0.4262327551841736,0.55,False,0
D1_1,refine,512,1,64,it0048,0.5139634609222412,0.4414413273334503,0.25,False,0
D1_1,refine,512,1,64,it0049,0.3842020332813263,0.504220187664032,0.18181818181818182,False,0
D1_1,refine,512,1,64,it0050,0.08533622324466705,0.044697344303131104,0.36363636363636365,False,0
D1_1,refine,512,1,64,it0051,0.1607435941696167,0.26268327236175537,0.10344827586206896,False,0
D1_1,refine,512,1,64,it0052,0.23963655531406403,0.27755194902420044,0.0,False,0
D1_1,refine,512,1,64,it0053,0.37001579999923706,0.41951990127563477,0.2702702702702703,False,0
D1_1,refine,512,1,64,it0054,0.3416064977645874,0.04870493337512016,0.041666666666666664,False,0
D1_1,refine,512,1,64,it0055,0.4467395544052124,0.5246151685714722,0.0,False,0
D1_1,refine,512,1,64,it0056,0.31336385011672974,0.166399285197258,0.15,False,0
D1_1,refine,512,1,64,it0057,0.5464563369750977,0.37975576519966125,0.23529411764705882,False,0
D1_1,refine,512,1,64,it0058,0.2552465796470642,0.31961649656295776,0.3333333333333333,False,0
D1_1,refine,512,1,64,it0059,0.578497588634491,0.6251329779624939,0.07142857142857142,False,0
D1_1,refine,512,1,64,it0060,0.4656780958175659,0.35216978192329407,0.058823529411764705,False,0
D1_1,refine,512,1,64,it0061,0.5113185048103333,0.650884211063385,0.0,False,0
D1_1,refine,512,1,64,it0062,0.6466787457466125,0.5246803760528564,0.047619047619047616,False,0
D1_1,refine,512,1,64,it0063,0.4047723412513733,0.3080250024795532,0.0,False,0
D1_1,refine,512,1,64,it0064,0.29522836208343506,0.41913095116615295,0.16666666666666666,False,0
D1_1,refine,512,1,64,it0065,0.5791907906532288,0.5827652812004089,0.10256410256410256,False,0
D1_1,refine,512,1,64,it0066,0.336673766374588,0.40491318702697754,0.14285714285714285,False,0
D1_1,refine,512,1,64,it0067,0.2143230438232422,0.14969731867313385,0.16666666666666666,False,0
D1_1,refine,512,1,64,it0068,0.7251391410827637,0.5951142311096191,0.0,False,0
D1_1,refine,512,1,64,it0069,0.34046727418899536,0.25692662596702576,0.09090909090909091,False,0
D1_1,refine,512,1,64,it0070,0.38664597272872925,0.27581116557121277,0.06666666666666667,False,0
D1_1,refine,512,1,64,it0071,0.50601726770401,0.5234172344207764,0.32142857142857145,False,0
D1_1,refine,512,1,64,it0072,0.45016053318977356,0.47004958987236023,0.0,False,0
D1_1,refine,512,1,64,it0073,0.15505293011665344,0.07051008939743042,0.27586206896551724,False,0
D1_1,refine,512,1,64,it0074,0.24747443199157715,0.2617802321910858,0.2,False,0
D1_1,refine,512,1,64,it0075,0.2642834782600403,0.3948652446269989,0.043478260869565216,False,0
D1_1,refine,512,1,64,it0076,0.5799987316131592,0.17163266241550446,0.34782608695652173,False,0
D1_1,refine,512,1,64,it0077,0.5318403840065002,0.38560938835144043,0.25,False,0
D1_1,refine,512,1,64,it0078,0.35400867462158203,0.1755148321390152,0.19047619047619047,False,0
D1_1,refine,512,1,64,it0079,0.6188178062438965,0.5901352167129517,0.0,False,0
D1_1,refine,512,1,64,it0080,0.3548887372016907,0.19708508253097534,0.1951219512195122,False,0
D1_1,refine,512,1,64,it0081,0.3486049473285675,0.2906526029109955,0.03571428571428571,False,0
D1_1,refine,512,1,64,it0082,0.37474316358566284,0.428792268037796,0.058823529411764705,False,0
D1_1,refine,512,1,64,it0083,0.510758638381958,0.4187733232975006,0.0,False,0
D1_1,refine,512,1,64,it0084,0.6009750366210938,0.5611973404884338,0.15555555555555556,False,0
D1_1,refine,512,1,64,it0085,0.537670373916626,0.39055824279785156,0.14285714285714285,False,0
D1_1,refine,512,1,64,it0086,0.6713436841964722,0.5269367694854736,0.058823529411764705,False,0
D1_1,refine,512,1,64,it0087,0.5549958944320679,0.570770263671875,0.25,False,0
D1_1,refine,512,1,64,it0088,0.3652198612689972,0.49597251415252686,0.14285714285714285,False,0
D1_1,refine,512,1,64,it0089,0.41414934396743774,0.17947299778461456,0.125,False,0
D1_1,refine,512,1,64,it0090,0.6428146362304688,0.5800685882568359,0.0,False,0
D1_1,refine,512,1,64,it0091,0.49050071835517883,0.49208760261535645,0.06451612903225806,False,0
D1_1,refine,512,1,64,it0092,0.5186869502067566,0.4295409619808197,0.05714285714285714,False,0
D1_1,refine,512,1,64,it0093,0.3709484934806824,0.3450706899166107,0.05263157894736842,False,0
D1_1,refine,512,1,64,it0094,0.3859531283378601,0.3205723166465759,0.0,False,0
D1_1,refine,512,1,64,it0095,0.4331822097301483,0.5057388544082642,0.09523809523809523,False,0
D1_1,refine,512,1,64,it0096,0.5322678685188293,0.3803829550743103,0.045454545454545456,False,0
D1_1,refine,512,1,64,it0097,0.5747201442718506,0.5927490592002869,0.0,False,0
D1_1,refine,512,1,64,it0098,0.5386043190956116,0.45866090059280396,0.25925925925925924,False,0
D1_1,refine,512,1,64,it0099,0.24459508061408997,0.1364697366952896,0.0,False,0
D1_1,refine,512,1,64,it0100,0.6905605792999268,0.6718851327896118,0.07692307692307693,False,0
D1_1,refine,512,1,64,it0101,0.2468874603509903,0.30064383149147034,0.23684210526315788,False,0
D1_1,refine,512,1,64,it0102,0.3676126301288605,0.3672063648700714,0.23076923076923078,False,0
D1_1,refine,512,1,64,it0103,0.23743575811386108,0.3304021954536438,0.22727272727272727,False,0
D1_1,refine,512,1,64,it0104,0.5936097502708435,0.48727917671203613,0.041666666666666664,False,0
D1_1,refine,512,1,64,it0105,0.41630882024765015,0.45869526267051697,0.2571428571428571,False,0
D1_1,refine,512,1,64,it0106,0.43493950366973877,0.45792606472969055,0.16666666666666666,False,0
D1_1,refine,512,1,64,it0107,0.5596891045570374,0.4831186532974243,0.13043478260869565,False,0
D1_1,refine,512,1,64,it0108,0.48872116208076477,0.3136574327945709,0.25,False,0
D1_1,refine,512,1,64,it0109,0.5156747698783875,0.4268331527709961,0.2631578947368421,False,0
D1_1,refine,512,1,64,it0110,0.227529376745224,0.1480005979537964,0.3333333333333333,False,0
D1_1,refine,512,1,64,it0111,0.2526289224624634,0.22487595677375793,0.15151515151515152,False,0
D1_1,refine,512,1,64,it0112,0.6196915507316589,0.5218239426612854,0.045454545454545456,False,0
D1_1,refine,512,1,64,it0113,0.5939808487892151,0.4640881419181824,0.0,False,0
D1_1,refine,512,1,64,it0114,0.5012543797492981,0.36930376291275024,0.4444444444444444,False,0
D1_1,refine,512,1,64,it0115,0.3899405002593994,0.30442774295806885,0.0,False,0
D1_1,refine,512,1,64,it0116,0.5724576115608215,0.35091298818588257,0.29411764705882354,False,0
D1_1,refine,512,1,64,it0117,0.4014531970024109,0.6016332507133484,0.058823529411764705,False,0
D1_1,refine,512,1,64,it0118,0.6816027164459229,0.597466230392456,0.038461538461538464,False,0
D1_1,refine,512,1,64,it0119,0.41567930579185486,0.25169068574905396,0.07142857142857142,False,0
D1_1,refine,512,1,64,it0120,0.52842116355896,0.45589005947113037,0.06666666666666667,False,0
D1_1,refine,512,1,64,it0121,0.4982878565788269,0.32841965556144714,0.35,False,0
D1_1,refine,512,1,64,it0122,0.3078705668449402,0.21995210647583008,0.09090909090909091,False,0
D1_1,refine,512,1,64,it0123,0.2904205024242401,0.29780489206314087,0.0,False,0
D1_1,refine,512,1,64,it0124,0.5623259544372559,0.5075057148933411,0.0,False,0
D1_1,refine,512,1,64,it0125,0.5223072171211243,0.3538708984851837,0.15384615384615385,False,0
D1_1,refine,512,1,64,it0126,0.4397085905075073,0.5109248161315918,0.0,False,0
D1_1,refine,512,1,64,it0127,0.34543174505233765,0.2568817436695099,0.0,False,0
D1_1,refine,512,1,64,it0128,0.44056805968284607,0.37159302830696106,0.0,False,0
D1_1,refine,512,1,64,it0129,0.3068195581436157,0.30369365215301514,0.11764705882352941,False,0
D1_1,refine,512,1,64,it0130,0.2764029800891876,0.30017226934432983,0.2,False,0
D1_1,refine,512,1,64,it0131,0.2684691250324249,0.3102323114871979,0.0967741935483871,False,0
D1_1,refine,512,1,64,it0132,0.40671977400779724,0.27433890104293823,0.07142857142857142,False,0
D1_1,refine,512,1,64,it0133,0.5248934030532837,0.5618969202041626,0.03571428571428571,False,0
D1_1,refine,512,1,64,it0134,0.44679391384124756,0.38216671347618103,0.02631578947368421,False,0
D1_1,refine,512,1,64,it0135,0.42290961742401123,0.4082719385623932,0.02564102564102564,False,0
D1_1,refine,512,1,64,it0136,0.3847704827785492,0.3615873157978058,0.1,False,0
D1_1,refine,512,1,64,it0137,0.42635783553123474,0.3955599069595337,0.08333333333333333,False,0
D1_1,refine,512,1,64,it0138,0.4733263850212097,0.4814739227294922,0.1111111111111111,False,0
D1_1,refine,512,1,64,it0139,0.5554924607276917,0.1547243595123291,0.0,False,0
D1_1,refine,512,1,64,it0140,0.3707464337348938,0.3095419108867645,0.0,False,0
D1_1,refine,512,1,64,it0141,0.5935878753662109,0.6553109288215637,0.23333333333333334,False,0
D1_1,refine,512,1,64,it0142,0.15313196182250977,0.08264868706464767,0.04,False,0
D1_1,refine,512,1,64,it0143,0.37747126817703247,0.5224238634109497,0.0,False,0
D1_1,refine,512,1,64,it0144,0.564389169216156,0.38966700434684753,0.10714285714285714,False,0
D1_1,refine,512,1,64,it0145,0.4658730924129486,0.5381853580474854,0.075,False,0
D1_1,refine,512,1,64,it0146,0.5871537327766418,0.5474069118499756,0.1,False,0
D1_1,refine,512,1,64,it0147,0.38508421182632446,0.4196763038635254,0.0,False,0
D1_1,refine,512,1,64,it0148,0.14909419417381287,0.15473249554634094,0.14285714285714285,False,0
D1_1,refine,512,1,64,it0149,0.4749082326889038,0.3885306119918823,0.07142857142857142,False,0
D1_1,refine,512,1,64,it0150,0.41605719923973083,0.4383138418197632,0.07692307692307693,False,0
D1_1,refine,512,1,64,it0151,0.6133242249488831,0.5862798690795898,0.11764705882352941,False,0
D1_1,refine,512,1,64,it0152,0.5587395429611206,0.40127208828926086,0.0,False,0
D1_1,refine,512,1,64,it0153,0.253113716840744,0.294485867023468,0.09523809523809523,False,0
D1_1,refine,512,1,64,it0154,0.24460357427597046,0.11473313719034195,0.15789473684210525,False,0
D1_1,refine,512,1,64,it0155,0.16421833634376526,0.22535499930381775,0.10714285714285714,False,0
D1_1,refine,512,1,64,it0156,0.26291099190711975,0.19516950845718384,0.047619047619047616,False,0
D1_1,refine,512,1,64,it0157,0.5594531297683716,0.5428363084793091,0.06976744186046512,False,0
D1_1,refine,512,1,64,it0158,0.29211193323135376,0.28853878378868103,0.2631578947368421,False,0
D1_1,refine,512,1,64,it0159,0.3898867964744568,0.23555010557174683,0.0,False,0
D1_1,refine,512,1,64,it0160,0.5231630802154541,0.35012099146842957,0.03225806451612903,False,0
D1_1,refine,512,1,64,it0161,0.24646596610546112,0.25337934494018555,0.034482758620689655,False,0
D1_1,refine,512,1,64,it0162,0.07489334046840668,0.25644242763519287,0.25925925925925924,False,0
D1_1,refine,512,1,64,it0163,0.5562824010848999,0.41649124026298523,0.11764705882352941,False,0
D1_1,refine,512,1,64,it0164,0.6006554961204529,0.3158281147480011,0.0,False,0
D1_1,refine,512,1,64,it0165,0.40285560488700867,0.28067490458488464,0.030303030303030304,False,0
D1_1,refine,512,1,64,it0166,0.5782565474510193,0.25474676489830017,0.25,False,0
D1_1,refine,512,1,64,it0167,0.37390488386154175,0.40126073360443115,0.10526315789473684,False,0
D1_1,refine,512,1,64,it0168,0.35621464252471924,0.30628716945648193,0.1,False,0
D1_1,refine,512,1,64,it0169,0.46008267998695374,0.449075311422348,0.1,False,0
D1_1,refine,512,1,64,it0170,0.3107144832611084,0.33476340770721436,0.17647058823529413,False,0
D1_1,refine,512,1,64,it0171,0.6360366940498352,0.5594390034675598,0.19047619047619047,False,0
D1_1,refine,512,1,64,it0172,0.21940520405769348,0.33807188272476196,0.0,False,0
D1_1,refine,512,1,64,it0173,0.7070400714874268,0.7102137207984924,0.0,False,0
D1_1,refine,512,1,64,it0174,0.4519524574279785,0.3515493869781494,0.0625,False,0
D1_1,refine,512,1,64,it0175,0.22867031395435333,0.17733778059482574,0.06666666666666667,False,0
D1_1,refine,512,1,64,it0176,0.37874168157577515,0.37782973051071167,0.1111111111111111,False,0
D1_1,refine,512,1,64,it0177,0.5271459817886353,0.5841792225837708,0.05263157894736842,False,0
D1_1,refine,512,1,64,it0178,0.35758349299430847,0.16635391116142273,0.6470588235294118,False,0
D1_1,refine,512,1,64,it0179,0.609761655330658,0.5911526679992676,0.06451612903225806,False,0
D1_1,refine,512,1,64,it0180,0.47433191537857056,0.4649093449115753,0.07142857142857142,False,0
D1_1,refine,512,1,64,it0181,0.5630798935890198,0.5437611937522888,0.12195121951219512,False,0
D1_1,refine,512,1,64,it0182,0.5350712537765503,0.4831311106681824,0.2,False,0
D1_1,refine,512,1,64,it0183,0.48107773065567017,0.512244462966919,0.4,False,0
D1_1,refine,512,1,64,it0184,0.22343596816062927,0.1134275272488594,0.13333333333333333,False,0
D1_1,refine,512,1,64,it0185,0.35588356852531433,0.40172278881073,0.0,False,0
D1_1,refine,512,1,64,it0186,0.51576167345047,0.4917449653148651,0.041666666666666664,False,0
D1_1,refine,512,1,64,it0187,0.4910529851913452,0.5155676007270813,0.125,False,0
D1_1,refine,512,1,64,it0188,0.5004274845123291,0.43113934993743896,0.05555555555555555,False,0
D1_1,refine,512,1,64,it0189,0.3893117904663086,0.292772501707077,0.0,False,0
D1_1,refine,512,1,64,it0190,0.600272536277771,0.5663115382194519,0.0,False,0
D1_1,refine,512,1,64,it0191,0.4033004641532898,0.36627811193466187,0.0,False,0
D1_1,refine,512,1,64,it0192,0.5515373349189758,0.588668942451477,0.25925925925925924,False,0
D1_1,refine,512,1,64,it0193,0.48139166831970215,0.24040809273719788,0.125,False,0
D1_1,refine,512,1,64,it0194,0.6344955563545227,0.7018189430236816,0.0,False,0
D1_1,refine,512,1,64,it0195,0.547602117061615,0.47239747643470764,0.038461538461538464,False,0
D1_1,refine,512,1,64,it0196,0.4880259037017822,0.3866328299045563,0.14285714285714285,False,0
D1_1,refine,512,1,64,it0197,0.44537943601608276,0.3403095304965973,0.09090909090909091,False,0
D1_1,refine,512,1,64,it0198,0.21776126325130463,0.14187684655189514,0.0,False,0
D1_1,refine,512,1,64,it0199,0.44419047236442566,0.4177643656730652,0.0,False,0
