run,arm,nfe,K,T,item,ecapa,wavlm,wer,degenerate,pick
D5_1,search,128,2,8,it0000,0.3409651815891266,0.29812169075012207,0.043478260869565216,False,1
D5_1,search,128,2,8,it0001,0.353787362575531,0.3303818702697754,0.2777777777777778,False,0
D5_1,search,128,2,8,it0002,0.2972012460231781,0.1860475391149521,0.2,False,1
D5_1,search,128,2,8,it0003,0.5126278400421143,0.22084802389144897,0.06666666666666667,False,1
D5_1,search,128,2,8,it0004,0.549862802028656,0.3723590672016144,0.125,False,0
D5_1,search,128,2,8,it0005,0.526464581489563,0.3546547293663025,0.0,False,1
D5_1,search,128,2,8,it0006,0.3027554154396057,0.3923797309398651,0.05555555555555555,False,0
D5_1,search,128,2,8,it0007,0.33806395530700684,0.30562421679496765,0.09090909090909091,False,1
D5_1,search,128,2,8,it0008,0.3981015980243683,0.15473318099975586,0.19047619047619047,False,0
D5_1,search,128,2,8,it0009,0.5635758638381958,0.5848801732063293,0.0,False,0
D5_1,search,128,2,8,it0010,0.5725885629653931,0.5608823299407959,0.16666666666666666,False,1
D5_1,search,128,2,8,it0011,0.5837043523788452,0.5324581265449524,0.0,False,1
D5_1,search,128,2,8,it0012,0.3082254230976105,0.2830229103565216,0.41379310344827586,False,0
D5_1,search,128,2,8,it0013,0.6213330626487732,0.5686865448951721,0.0,False,0
D5_1,search,128,2,8,it0014,0.47134625911712646,0.4219992458820343,0.0,False,0
D5_1,search,128,2,8,it0015,0.4959530532360077,0.44162967801094055,0.17647058823529413,False,1
D5_1,search,128,2,8,it0016,0.6939369440078735,0.542140543460846,0.20588235294117646,False,1
D5_1,search,128,2,8,it0017,0.4880523085594177,0.3127235472202301,0.26666666666666666,False,0
D5_1,search,128,2,8,it0018,0.30809107422828674,0.25424718856811523,0.14705882352941177,False,0
D5_1,search,128,2,8,it0019,0.6393185257911682,0.5262680649757385,0.1956521739130435,False,0
D5_1,search,128,2,8,it0020,0.3560478985309601,0.2905571162700653,0.15384615384615385,False,1
D5_1,search,128,2,8,it0021,0.43377524614334106,0.3379148840904236,0.06060606060606061,False,0
D5_1,search,128,2,8,it0022,0.45204487442970276,0.475607305765152,0.5,False,0
D5_1,search,128,2,8,it0023,0.650748074054718,0.5709162950515747,0.1111111111111111,False,1
D5_1,search,128,2,8,it0024,0.6625449061393738,0.5680713057518005,0.21428571428571427,False,1
D5_1,search,128,2,8,it0025,0.6969072222709656,0.6431145668029785,0.0,False,1
D5_1,search,128,2,8,it0026,0.26159173250198364,0.3287174105644226,0.125,False,0
D5_1,search,128,2,8,it0027,0.7395861148834229,0.6039470434188843,0.0,False,1
D5_1,search,128,2,8,it0028,0.43517568707466125,0.5584191083908081,0.09523809523809523,False,1
D5_1,search,128,2,8,it0029,0.3883047103881836,0.3414604365825653,0.0625,False,0
D5_1,search,128,2,8,it0030,0.5499584674835205,0.36258918046951294,0.16,False,1
D5_1,search,128,2,8,it0031,0.4189084768295288,0.3325261175632477,0.2222222222222222,False,1
D5_1,search,128,2,8,it0032,0.5753974914550781,0.5531131029129028,0.18518518518518517,False,1
D5_1,search,128,2,8,it0033,0.3514340817928314,0.3065093159675598,0.15384615384615385,False,0
D5_1,search,128,2,8,it0034,0.4220591187477112,0.37328094244003296,0.1,False,1
D5_1,search,128,2,8,it0035,0.29003268480300903,0.2863001525402069,0.15384615384615385,False,0
D5_1,search,128,2,8,it0036,0.6067243218421936,0.5328941941261292,0.0,False,1
D5_1,search,128,2,8,it0037,0.5580490231513977,0.5533813238143921,0.0,False,1
D5_1,search,128,2,8,it0038,0.39058417081832886,0.16075797379016876,0.10810810810810811,False,1
D5_1,search,128,2,8,it0039,0.4147983193397522,0.49743783473968506,0.12195121951219512,False,0
D5_1,search,128,2,8,it0040,0.3481314480304718,0.22035285830497742,0.4666666666666667,False,0
D5_1,search,128,2,8,it0041,0.6452376246452332,0.3279278874397278,0.045454545454545456,False,0
D5_1,search,128,2,8,it0042,0.43341144919395447,0.43177634477615356,0.25925925925925924,False,1
D5_1,search,128,2,8,it0043,0.26886940002441406,0.2582237124443054,0.07692307692307693,False,0
D5_1,search,128,2,8,it0044,0.4489098787307739,0.49521970748901367,0.28,False,1
D5_1,search,128,2,8,it0045,0.23822131752967834,0.46895673871040344,0.26666666666666666,False,0
D5_1,search,128,2,8,it0046,0.3856767416000366,0.3537251353263855,0.125,False,0
D5_1,search,128,2,8,it0047,0.2953377962112427,0.28015798330307007,0.65,False,0
D5_1,search,128,2,8,it0048,0.4860093593597412,0.42836296558380127,0.125,False,1
D5_1,search,128,2,8,it0049,0.4566057622432709,0.5055774450302124,0.18181818181818182,False,0
D5_1,search,128,2,8,it0050,0.26200658082962036,0.044609442353248596,0.18181818181818182,False,1
D5_1,search,128,2,8,it0051,0.18229436874389648,0.35896894335746765,0.034482758620689655,False,0
D5_1,search,128,2,8,it0052,0.39903876185417175,0.3961363434791565,0.0,False,0
D5_1,search,128,2,8,it0053,0.3390990197658539,0.46489718556404114,0.16216216216216217,False,1
D5_1,search,128,2,8,it0054,0.37413114309310913,0.1671089380979538,0.08333333333333333,False,1
D5_1,search,128,2,8,it0055,0.6137688159942627,0.5815702676773071,0.0,False,1
D5_1,search,128,2,8,it0056,0.3493052124977112,0.31855863332748413,0.1,False,0
D5_1,search,128,2,8,it0057,0.5518062114715576,0.45392361283302307,0.17647058823529413,False,0
D5_1,search,128,2,8,it0058,0.49597471952438354,0.37830355763435364,0.08333333333333333,False,1
D5_1,search,128,2,8,it0059,0.605469822883606,0.5840729475021362,0.10714285714285714,False,1
D5_1,search,128,2,8,it0060,0.5835908055305481,0.5026941299438477,0.29411764705882354,False,1
D5_1,search,128,2,8,it0061,0.5045278072357178,0.5840538144111633,0.0,False,0
D5_1,search,128,2,8,it0062,0.6258742213249207,0.5605638027191162,0.0,False,0
D5_1,search,128,2,8,it0063,0.5058743357658386,0.33914175629615784,0.2413793103448276,False,1
D5_1,search,128,2,8,it0064,0.38309648633003235,0.4615720212459564,0.1111111111111111,False,0
D5_1,search,128,2,8,it0065,0.6808512806892395,0.6427896022796631,0.10256410256410256,False,1
D5_1,search,128,2,8,it0066,0.3087405562400818,0.30658501386642456,0.09523809523809523,False,1
D5_1,search,128,2,8,it0067,0.40952739119529724,0.39984646439552307,0.16666666666666666,False,0
D5_1,search,128,2,8,it0068,0.657089352607727,0.5853742957115173,0.02564102564102564,False,0
D5_1,search,128,2,8,it0069,0.37599867582321167,0.3069325387477875,0.09090909090909091,False,0
D5_1,search,128,2,8,it0070,0.36604171991348267,0.4591742753982544,0.0,False,0
D5_1,search,128,2,8,it0071,0.5483735799789429,0.5218005180358887,0.25,False,1
D5_1,search,128,2,8,it0072,0.4592013359069824,0.49845314025878906,0.09090909090909091,False,1
D5_1,search,128,2,8,it0073,0.22560188174247742,0.23788098990917206,0.41379310344827586,False,1
D5_1,search,128,2,8,it0074,0.2719150483608246,0.22065801918506622,0.2,False,1
D5_1,search,128,2,8,it0075,0.3495261073112488,0.46943625807762146,0.0,False,1
D5_1,search,128,2,8,it0076,0.6161291599273682,0.36155086755752563,0.17391304347826086,False,0
D5_1,search,128,2,8,it0077,0.4480440020561218,0.538735568523407,0.3333333333333333,False,1
D5_1,search,128,2,8,it0078,0.3586184084415436,0.2868635058403015,0.2857142857142857,False,0
D5_1,search,128,2,8,it0079,0.625618577003479,0.5875181555747986,0.041666666666666664,False,1
D5_1,search,128,2,8,it0080,0.49649086594581604,0.27427932620048523,0.21951219512195122,False,1
D5_1,search,128,2,8,it0081,0.33445554971694946,0.2830197513103485,0.03571428571428571,False,0
D5_1,search,128,2,8,it0082,0.3350386917591095,0.4469189941883087,0.35294117647058826,False,1
D5_1,search,128,2,8,it0083,0.5275033712387085,0.45214807987213135,0.11764705882352941,False,0
D5_1,search,128,2,8,it0084,0.6557894945144653,0.5076185464859009,0.1111111111111111,False,1
D5_1,search,128,2,8,it0085,0.6601866483688354,0.4659242033958435,0.07142857142857142,False,1
D5_1,search,128,2,8,it0086,0.6222219467163086,0.4976378381252289,0.058823529411764705,False,0
D5_1,search,128,2,8,it0087,0.611492395401001,0.6025682687759399,0.25,False,0
D5_1,search,128,2,8,it0088,0.32837700843811035,0.39687445759773254,0.047619047619047616,False,0
D5_1,search,128,2,8,it0089,0.5320504903793335,0.36880654096603394,0.0,False,1
D5_1,search,128,2,8,it0090,0.6306689381599426,0.5854150652885437,0.0,False,0
D5_1,search,128,2,8,it0091,0.4982296824455261,0.5084247589111328,0.0,False,0
D5_1,search,128,2,8,it0092,0.5846823453903198,0.4749316871166229,0.02857142857142857,False,0
D5_1,search,128,2,8,it0093,0.3714430332183838,0.3428465723991394,0.0,False,0
D5_1,search,128,2,8,it0094,0.47770506143569946,0.5107839703559875,0.23076923076923078,False,1
D5_1,search,128,2,8,it0095,0.5263254642486572,0.5704905986785889,0.09523809523809523,False,0
D5_1,search,128,2,8,it0096,0.5344904661178589,0.40922340750694275,0.09090909090909091,False,0
D5_1,search,128,2,8,it0097,0.6570533514022827,0.6145609617233276,0.0,False,0
D5_1,search,128,2,8,it0098,0.5827579498291016,0.5008423328399658,0.0,False,1
D5_1,search,128,2,8,it0099,0.2623690962791443,0.3647431433200836,0.0,False,1
D5_1,search,128,2,8,it0100,0.6444694995880127,0.7107625603675842,0.0,False,1
D5_1,search,128,2,8,it0101,0.3840707540512085,0.4321652352809906,0.10526315789473684,False,0
D5_1,search,128,2,8,it0102,0.40136292576789856,0.4233560562133789,0.23076923076923078,False,0
D5_1,search,128,2,8,it0103,0.19999626278877258,0.44435596466064453,0.2727272727272727,False,1
D5_1,search,128,2,8,it0104,0.5331029295921326,0.4548042416572571,0.0,False,0
D5_1,search,128,2,8,it0105,0.45755696296691895,0.5973357558250427,0.22857142857142856,False,0
D5_1,search,128,2,8,it0106,0.33474695682525635,0.372087687253952,0.0,False,1
D5_1,search,128,2,8,it0107,0.5918587446212769,0.5536810159683228,0.13043478260869565,False,0
D5_1,search,128,2,8,it0108,0.5769524574279785,0.3270348608493805,0.0,False,1
D5_1,search,128,2,8,it0109,0.5563279390335083,0.445516437292099,0.0,False,1
D5_1,search,128,2,8,it0110,0.207054004073143,0.3282318413257599,0.23333333333333334,False,0
D5_1,search,128,2,8,it0111,0.26650071144104004,0.14992859959602356,0.3939393939393939,False,1
D5_1,search,128,2,8,it0112,0.6486136317253113,0.537158727645874,0.09090909090909091,False,0
D5_1,search,128,2,8,it0113,0.5801100134849548,0.4655449092388153,0.09090909090909091,False,1
D5_1,search,128,2,8,it0114,0.4562963843345642,0.5046074986457825,0.2777777777777778,False,1
D5_1,search,128,2,8,it0115,0.4396054744720459,0.39103466272354126,0.07142857142857142,False,0
D5_1,search,128,2,8,it0116,0.4516677260398865,0.2945287525653839,0.47058823529411764,False,0
D5_1,search,128,2,8,it0117,0.44285619258880615,0.5733184218406677,0.23529411764705882,False,1
D5_1,search,128,2,8,it0118,0.618215799331665,0.6161876320838928,0.19230769230769232,False,1
D5_1,search,128,2,8,it0119,0.5708035826683044,0.570235013961792,0.5,False,0
D5_1,search,128,2,8,it0120,0.5682045221328735,0.4831302762031555,0.0,False,0
D5_1,search,128,2,8,it0121,0.498775839805603,0.4148610234260559,0.15,False,1
D5_1,search,128,2,8,it0122,0.09838683903217316,0.34913748502731323,0.45454545454545453,False,1
D5_1,search,128,2,8,it0123,0.3266890048980713,0.5302674770355225,0.23529411764705882,False,1
D5_1,search,128,2,8,it0124,0.5639276504516602,0.4798928499221802,0.21212121212121213,False,1
D5_1,search,128,2,8,it0125,0.49466103315353394,0.44213351607322693,0.10256410256410256,False,1
D5_1,search,128,2,8,it0126,0.5189624428749084,0.47952550649642944,0.0,False,1
D5_1,search,128,2,8,it0127,0.37935978174209595,0.4265809953212738,0.17647058823529413,False,0
D5_1,search,128,2,8,it0128,0.4542263448238373,0.4129679799079895,0.0,False,0
D5_1,search,128,2,8,it0129,0.3902657628059387,0.29644230008125305,0.058823529411764705,False,1
D5_1,search,128,2,8,it0130,0.2844264805316925,0.40114545822143555,0.1,False,1
D5_1,search,128,2,8,it0131,0.3677840232849121,0.46052849292755127,0.41935483870967744,False,0
D5_1,search,128,2,8,it0132,0.20261111855506897,0.2865559160709381,0.21428571428571427,False,1
D5_1,search,128,2,8,it0133,0.5263127684593201,0.5377581119537354,0.03571428571428571,False,1
D5_1,search,128,2,8,it0134,0.4521971344947815,0.4016149938106537,0.10526315789473684,False,1
D5_1,search,128,2,8,it0135,0.3712559938430786,0.35915157198905945,0.10256410256410256,False,0
D5_1,search,128,2,8,it0136,0.43401429057121277,0.4945793151855469,0.0,False,0
D5_1,search,128,2,8,it0137,0.5678165555000305,0.40036821365356445,0.16666666666666666,False,0
D5_1,search,128,2,8,it0138,0.6053366661071777,0.5887712240219116,0.1111111111111111,False,0
D5_1,search,128,2,8,it0139,0.5891445875167847,0.3775446116924286,0.1111111111111111,False,1
D5_1,search,128,2,8,it0140,0.4948931038379669,0.5191681981086731,0.08333333333333333,False,0
D5_1,search,128,2,8,it0141,0.6236250996589661,0.6406506299972534,0.16666666666666666,False,1
D5_1,search,128,2,8,it0142,0.33515551686286926,0.28371870517730713,0.12,False,1
D5_1,search,128,2,8,it0143,0.30416518449783325,0.4475939869880676,0.0,False,1
D5_1,search,128,2,8,it0144,0.5375673770904541,0.4006531238555908,0.10714285714285714,False,1
D5_1,search,128,2,8,it0145,0.5519184470176697,0.6322188377380371,0.0,False,1
D5_1,search,128,2,8,it0146,0.5081180334091187,0.5426828265190125,0.0,False,1
D5_1,search,128,2,8,it0147,0.39579707384109497,0.4673922061920166,0.0,False,0
D5_1,search,128,2,8,it0148,0.22278855741024017,0.27866172790527344,0.17857142857142858,False,0
D5_1,search,128,2,8,it0149,0.5701677799224854,0.4111942946910858,0.07142857142857142,False,1
D5_1,search,128,2,8,it0150,0.5167275667190552,0.5363332033157349,0.07692307692307693,False,0
D5_1,search,128,2,8,it0151,0.6716795563697815,0.6158815026283264,0.058823529411764705,False,0
D5_1,search,128,2,8,it0152,0.3342377245426178,0.26573818922042847,0.0,False,0
D5_1,search,128,2,8,it0153,0.22049525380134583,0.3171754479408264,0.21428571428571427,False,0
D5_1,search,128,2,8,it0154,0.2952980101108551,0.1793595850467682,0.10526315789473684,False,0
D5_1,search,128,2,8,it0155,0.32034730911254883,0.3359748125076294,0.03571428571428571,False,0
D5_1,search,128,2,8,it0156,0.3544194996356964,0.2660985589027405,0.23809523809523808,False,1
D5_1,search,128,2,8,it0157,0.5962343811988831,0.5780821442604065,0.16279069767441862,False,0
D5_1,search,128,2,8,it0158,0.25694048404693604,0.2566593289375305,0.21052631578947367,False,0
D5_1,search,128,2,8,it0159,0.4318346083164215,0.40605849027633667,0.2857142857142857,False,0
D5_1,search,128,2,8,it0160,0.6220546364784241,0.5082312226295471,0.0967741935483871,False,0
D5_1,search,128,2,8,it0161,0.35904693603515625,0.3544674813747406,0.06896551724137931,False,1
D5_1,search,128,2,8,it0162,0.31897515058517456,0.4313514828681946,0.3333333333333333,False,0
D5_1,search,128,2,8,it0163,0.5220921635627747,0.35543009638786316,0.058823529411764705,False,0
D5_1,search,128,2,8,it0164,0.5166802406311035,0.3974202573299408,0.0967741935483871,False,0
D5_1,search,128,2,8,it0165,0.37226730585098267,0.406174898147583,0.18181818181818182,False,1
D5_1,search,128,2,8,it0166,0.573686957359314,0.336025595664978,0.3333333333333333,False,0
D5_1,search,128,2,8,it0167,0.3926590085029602,0.46238982677459717,0.05263157894736842,False,0
D5_1,search,128,2,8,it0168,0.2655198574066162,0.2697126865386963,0.0,False,0
D5_1,search,128,2,8,it0169,0.36994677782058716,0.4045320153236389,0.05,False,0
D5_1,search,128,2,8,it0170,0.4622875154018402,0.39417436718940735,0.35294117647058826,False,1
D5_1,search,128,2,8,it0171,0.6776672601699829,0.5598562955856323,0.09523809523809523,False,0
D5_1,search,128,2,8,it0172,0.2825120985507965,0.4233535826206207,0.08,False,0
D5_1,search,128,2,8,it0173,0.632395327091217,0.6137024164199829,0.0,False,0
D5_1,search,128,2,8,it0174,0.4457457363605499,0.3461668789386749,0.25,False,0
D5_1,search,128,2,8,it0175,0.17003971338272095,0.16206513345241547,0.13333333333333333,False,0
D5_1,search,128,2,8,it0176,0.36799442768096924,0.48972412943840027,0.0,False,1
D5_1,search,128,2,8,it0177,0.4678344130516052,0.5158288478851318,0.05263157894736842,False,0
D5_1,search,128,2,8,it0178,0.3285430073738098,0.2513847351074219,0.17647058823529413,False,0
D5_1,search,128,2,8,it0179,0.622528076171875,0.6467671394348145,0.0967741935483871,False,0
D5_1,search,128,2,8,it0180,0.4791507422924042,0.449133962392807,0.07142857142857142,False,0
D5_1,search,128,2,8,it0181,0.513910174369812,0.5092703700065613,0.024390243902439025,False,1
D5_1,search,128,2,8,it0182,0.607790470123291,0.4905643165111542,0.16,False,0
D5_1,search,128,2,8,it0183,0.5262917876243591,0.42805567383766174,0.12,False,1
D5_1,search,128,2,8,it0184,0.24881434440612793,0.2295338362455368,0.13333333333333333,False,0
D5_1,search,128,2,8,it0185,0.542007327079773,0.552017867565155,0.12903225806451613,False,1
D5_1,search,128,2,8,it0186,0.47509968280792236,0.4446524977684021,0.08333333333333333,False,0
D5_1,search,128,2,8,it0187,0.4552156627178192,0.44109442830085754,0.1875,False,1
D5_1,search,128,2,8,it0188,0.44768452644348145,0.4175330400466919,0.0,False,0
D5_1,search,128,2,8,it0189,0.41034048795700073,0.2146812528371811,0.2,False,0
D5_1,search,128,2,8,it0190,0.6189416646957397,0.5358598828315735,0.0,False,1
D5_1,search,128,2,8,it0191,0.45090675354003906,0.27366021275520325,0.12,False,0
D5_1,search,128,2,8,it0192,0.5714106559753418,0.558708667755127,0.07407407407407407,False,1
D5_1,search,128,2,8,it0193,0.40851104259490967,0.22441324591636658,0.1875,False,1
D5_1,search,128,2,8,it0194,0.6017494201660156,0.6484736204147339,0.0,False,0
D5_1,search,128,2,8,it0195,0.6176220178604126,0.6239069104194641,0.11538461538461539,False,1
D5_1,search,128,2,8,it0196,0.39943090081214905,0.33710572123527527,0.0,False,0
D5_1,search,128,2,8,it0197,0.4762880206108093,0.4511720836162567,0.09090909090909091,False,1
D5_1,search,128,2,8,it0198,0.2366827428340912,0.25209078192710876,0.0,False,0
D5_1,search,128,2,8,it0199,0.46599316596984863,0.4391686022281647,0.058823529411764705,False,0
D5_1,search,256,4,8,it0000,0.3409651815891266,0.29812169075012207,0.043478260869565216,False,1
D5_1,search,256,4,8,it0001,0.353787362575531,0.3303818702697754,0.2777777777777778,False,0
D5_1,search,256,4,8,it0002,0.2972012460231781,0.1860475391149521,0.2,False,1
D5_1,search,256,4,8,it0003,0.36017754673957825,0.3238976299762726,0.2,False,2
D5_1,search,256,4,8,it0004,0.549862802028656,0.3723590672016144,0.125,False,0
D5_1,search,256,4,8,it0005,0.526464581489563,0.3546547293663025,0.0,False,1
D5_1,search,256,4,8,it0006,0.3027554154396057,0.3923797309398651,0.05555555555555555,False,0
D5_1,search,256,4,8,it0007,0.2648274302482605,0.3635169267654419,0.09090909090909091,False,2
D5_1,search,256,4,8,it0008,0.4146871566772461,0.21874766051769257,0.2857142857142857,False,3
D5_1,search,256,4,8,it0009,0.5635758638381958,0.5848801732063293,0.0,False,0
D5_1,search,256,4,8,it0010,0.5919359922409058,0.575306236743927,0.0,False,3
D5_1,search,256,4,8,it0011,0.5837043523788452,0.5324581265449524,0.0,False,1
D5_1,search,256,4,8,it0012,0.5244213342666626,0.4134763479232788,0.7931034482758621,False,3
D5_1,search,256,4,8,it0013,0.5824891328811646,0.5952116250991821,0.037037037037037035,False,2
D5_1,search,256,4,8,it0014,0.39239203929901123,0.43625062704086304,0.13333333333333333,False,2
D5_1,search,256,4,8,it0015,0.4800739586353302,0.5344338417053223,0.23529411764705882,False,3
D5_1,search,256,4,8,it0016,0.6939369440078735,0.542140543460846,0.20588235294117646,False,1
D5_1,search,256,4,8,it0017,0.5405775904655457,0.36118701100349426,0.06666666666666667,False,3
D5_1,search,256,4,8,it0018,0.40452444553375244,0.28016093373298645,0.058823529411764705,False,3
D5_1,search,256,4,8,it0019,0.6425262689590454,0.5805287957191467,0.13043478260869565,False,2
D5_1,search,256,4,8,it0020,0.3560478985309601,0.2905571162700653,0.15384615384615385,False,1
D5_1,search,256,4,8,it0021,0.4969424307346344,0.4536687731742859,0.030303030303030304,False,3
D5_1,search,256,4,8,it0022,0.45204487442970276,0.475607305765152,0.5,False,0
D5_1,search,256,4,8,it0023,0.6744154691696167,0.5739309191703796,0.2777777777777778,False,2
D5_1,search,256,4,8,it0024,0.6625449061393738,0.5680713057518005,0.21428571428571427,False,1
D5_1,search,256,4,8,it0025,0.6969072222709656,0.6431145668029785,0.0,False,1
D5_1,search,256,4,8,it0026,0.398844450712204,0.39697960019111633,0.125,False,3
D5_1,search,256,4,8,it0027,0.6659447550773621,0.6175234913825989,0.0,False,2
D5_1,search,256,4,8,it0028,0.43517568707466125,0.5584191083908081,0.09523809523809523,False,1
D5_1,search,256,4,8,it0029,0.3312157392501831,0.3663952350616455,0.125,False,2
D5_1,search,256,4,8,it0030,0.5579996109008789,0.3970783054828644,0.08,False,2
D5_1,search,256,4,8,it0031,0.37886980175971985,0.3523082435131073,0.3333333333333333,False,2
D5_1,search,256,4,8,it0032,0.6413882970809937,0.5646621584892273,0.18518518518518517,False,3
D5_1,search,256,4,8,it0033,0.3369448781013489,0.3427009582519531,0.0,False,2
D5_1,search,256,4,8,it0034,0.4220591187477112,0.37328094244003296,0.1,False,1
D5_1,search,256,4,8,it0035,0.29003268480300903,0.2863001525402069,0.15384615384615385,False,0
D5_1,search,256,4,8,it0036,0.6008570790290833,0.5458166599273682,0.16666666666666666,False,3
D5_1,search,256,4,8,it0037,0.5580490231513977,0.5533813238143921,0.0,False,1
D5_1,search,256,4,8,it0038,0.31265801191329956,0.19506175816059113,0.02702702702702703,False,2
D5_1,search,256,4,8,it0039,0.4147983193397522,0.49743783473968506,0.12195121951219512,False,0
D5_1,search,256,4,8,it0040,0.4492470324039459,0.38374441862106323,0.06666666666666667,False,3
D5_1,search,256,4,8,it0041,0.5505779981613159,0.3827904462814331,0.09090909090909091,False,2
D5_1,search,256,4,8,it0042,0.43341144919395447,0.43177634477615356,0.25925925925925924,False,1
D5_1,search,256,4,8,it0043,0.26886940002441406,0.2582237124443054,0.07692307692307693,False,0
D5_1,search,256,4,8,it0044,0.5903173089027405,0.523884654045105,0.6,False,3
D5_1,search,256,4,8,it0045,0.23822131752967834,0.46895673871040344,0.26666666666666666,False,0
D5_1,search,256,4,8,it0046,0.3856767416000366,0.3537251353263855,0.125,False,0
D5_1,search,256,4,8,it0047,0.304521381855011,0.32112109661102295,0.8,False,3
D5_1,search,256,4,8,it0048,0.5277047157287598,0.4431055188179016,0.625,False,3
D5_1,search,256,4,8,it0049,0.36916059255599976,0.5239881873130798,0.09090909090909091,False,3
D5_1,search,256,4,8,it0050,0.35417577624320984,0.1394670158624649,0.2727272727272727,False,3
D5_1,search,256,4,8,it0051,0.2713809609413147,0.43764737248420715,0.0,False,2
D5_1,search,256,4,8,it0052,0.39903876185417175,0.3961363434791565,0.0,False,0
D5_1,search,256,4,8,it0053,0.3390990197658539,0.46489718556404114,0.16216216216216217,False,1
D5_1,search,256,4,8,it0054,0.2883603870868683,0.21672560274600983,0.041666666666666664,False,3
D5_1,search,256,4,8,it0055,0.6137688159942627,0.5815702676773071,0.0,False,1
D5_1,search,256,4,8,it0056,0.3493052124977112,0.31855863332748413,0.1,False,0
D5_1,search,256,4,8,it0057,0.5518062114715576,0.45392361283302307,0.17647058823529413,False,0
D5_1,search,256,4,8,it0058,0.49597471952438354,0.37830355763435364,0.08333333333333333,False,1
D5_1,search,256,4,8,it0059,0.605469822883606,0.5840729475021362,0.10714285714285714,False,1
D5_1,search,256,4,8,it0060,0.5835908055305481,0.5026941299438477,0.29411764705882354,False,1
D5_1,search,256,4,8,it0061,0.5045278072357178,0.5840538144111633,0.0,False,0
D5_1,search,256,4,8,it0062,0.6910456418991089,0.6403605937957764,0.047619047619047616,False,3
D5_1,search,256,4,8,it0063,0.32665252685546875,0.3604479730129242,0.13793103448275862,False,3
D5_1,search,256,4,8,it0064,0.3443981409072876,0.49902650713920593,0.05555555555555555,False,2
D5_1,search,256,4,8,it0065,0.6808512806892395,0.6427896022796631,0.10256410256410256,False,1
D5_1,search,256,4,8,it0066,0.3599977195262909,0.36509671807289124,0.3333333333333333,False,3
D5_1,search,256,4,8,it0067,0.40952739119529724,0.39984646439552307,0.16666666666666666,False,0
D5_1,search,256,4,8,it0068,0.6754335761070251,0.6124195456504822,0.0,False,3
D5_1,search,256,4,8,it0069,0.2912757992744446,0.3804584741592407,0.18181818181818182,False,3
D5_1,search,256,4,8,it0070,0.4693368077278137,0.47035664319992065,0.06666666666666667,False,2
D5_1,search,256,4,8,it0071,0.6129083633422852,0.5536967515945435,0.10714285714285714,False,3
D5_1,search,256,4,8,it0072,0.4592013359069824,0.49845314025878906,0.09090909090909091,False,1
D5_1,search,256,4,8,it0073,0.12589655816555023,0.2660120129585266,0.41379310344827586,False,2
D5_1,search,256,4,8,it0074,0.3359147012233734,0.2966807782649994,0.06666666666666667,False,2
D5_1,search,256,4,8,it0075,0.3495261073112488,0.46943625807762146,0.0,False,1
D5_1,search,256,4,8,it0076,0.6161291599273682,0.36155086755752563,0.17391304347826086,False,0
D5_1,search,256,4,8,it0077,0.4209597706794739,0.578018069267273,0.3333333333333333,False,3
D5_1,search,256,4,8,it0078,0.472271203994751,0.46609944105148315,0.09523809523809523,False,2
D5_1,search,256,4,8,it0079,0.6794880032539368,0.6007595062255859,0.0,False,2
D5_1,search,256,4,8,it0080,0.49649086594581604,0.27427932620048523,0.21951219512195122,False,1
D5_1,search,256,4,8,it0081,0.2913486957550049,0.35186702013015747,0.10714285714285714,False,3
D5_1,search,256,4,8,it0082,0.5023576021194458,0.5186270475387573,0.11764705882352941,False,3
D5_1,search,256,4,8,it0083,0.5275033712387085,0.45214807987213135,0.11764705882352941,False,0
D5_1,search,256,4,8,it0084,0.6428377628326416,0.5374006032943726,0.08888888888888889,False,3
D5_1,search,256,4,8,it0085,0.6601866483688354,0.4659242033958435,0.07142857142857142,False,1
D5_1,search,256,4,8,it0086,0.6044554114341736,0.5839876532554626,0.11764705882352941,False,2
D5_1,search,256,4,8,it0087,0.611492395401001,0.6025682687759399,0.25,False,0
D5_1,search,256,4,8,it0088,0.38890719413757324,0.4121210277080536,0.0,False,3
D5_1,search,256,4,8,it0089,0.5611898899078369,0.41361644864082336,0.16666666666666666,False,3
D5_1,search,256,4,8,it0090,0.6306689381599426,0.5854150652885437,0.0,False,0
D5_1,search,256,4,8,it0091,0.5821605920791626,0.5224654674530029,0.0,False,3
D5_1,search,256,4,8,it0092,0.5846823453903198,0.4749316871166229,0.02857142857142857,False,0
D5_1,search,256,4,8,it0093,0.3714430332183838,0.3428465723991394,0.0,False,0
D5_1,search,256,4,8,it0094,0.490912526845932,0.5791939496994019,0.07692307692307693,False,2
D5_1,search,256,4,8,it0095,0.5263254642486572,0.5704905986785889,0.09523809523809523,False,0
D5_1,search,256,4,8,it0096,0.4799090623855591,0.5199597477912903,0.45454545454545453,False,3
D5_1,search,256,4,8,it0097,0.6835617423057556,0.646876335144043,0.0,False,2
D5_1,search,256,4,8,it0098,0.5827579498291016,0.5008423328399658,0.0,False,1
D5_1,search,256,4,8,it0099,0.2623690962791443,0.3647431433200836,0.0,False,1
D5_1,search,256,4,8,it0100,0.6444694995880127,0.7107625603675842,0.0,False,1
D5_1,search,256,4,8,it0101,0.3840707540512085,0.4321652352809906,0.10526315789473684,False,0
D5_1,search,256,4,8,it0102,0.40136292576789856,0.4233560562133789,0.23076923076923078,False,0
D5_1,search,256,4,8,it0103,0.19999626278877258,0.44435596466064453,0.2727272727272727,False,1
D5_1,search,256,4,8,it0104,0.5219178199768066,0.5261588096618652,0.041666666666666664,False,2
D5_1,search,256,4,8,it0105,0.485000878572464,0.6392534971237183,0.2571428571428571,False,2
D5_1,search,256,4,8,it0106,0.4479038417339325,0.5076814293861389,0.08333333333333333,False,2
D5_1,search,256,4,8,it0107,0.5918587446212769,0.5536810159683228,0.13043478260869565,False,0
D5_1,search,256,4,8,it0108,0.5081018805503845,0.38570234179496765,0.0625,False,3
D5_1,search,256,4,8,it0109,0.46722614765167236,0.47119787335395813,0.15789473684210525,False,3
D5_1,search,256,4,8,it0110,0.207054004073143,0.3282318413257599,0.23333333333333334,False,0
D5_1,search,256,4,8,it0111,0.37236684560775757,0.15672117471694946,0.21212121212121213,False,3
D5_1,search,256,4,8,it0112,0.652616560459137,0.6433166265487671,0.0,False,3
D5_1,search,256,4,8,it0113,0.5708193182945251,0.47299128770828247,0.0,False,3
D5_1,search,256,4,8,it0114,0.4562963843345642,0.5046074986457825,0.2777777777777778,False,1
D5_1,search,256,4,8,it0115,0.4396054744720459,0.39103466272354126,0.07142857142857142,False,0
D5_1,search,256,4,8,it0116,0.5343012809753418,0.3337540626525879,0.11764705882352941,False,3
D5_1,search,256,4,8,it0117,0.44285619258880615,0.5733184218406677,0.23529411764705882,False,1
D5_1,search,256,4,8,it0118,0.618215799331665,0.6161876320838928,0.19230769230769232,False,1
D5_1,search,256,4,8,it0119,0.5331069231033325,0.5790145397186279,0.7142857142857143,False,3
D5_1,search,256,4,8,it0120,0.6620076894760132,0.5314164161682129,0.06666666666666667,False,3
D5_1,search,256,4,8,it0121,0.5452128648757935,0.43022018671035767,0.05,False,2
D5_1,search,256,4,8,it0122,0.3788817226886749,0.4026145339012146,0.22727272727272727,False,3
D5_1,search,256,4,8,it0123,0.3266890048980713,0.5302674770355225,0.23529411764705882,False,1
D5_1,search,256,4,8,it0124,0.5639276504516602,0.4798928499221802,0.21212121212121213,False,1
D5_1,search,256,4,8,it0125,0.519631028175354,0.45413562655448914,0.07692307692307693,False,3
D5_1,search,256,4,8,it0126,0.5189624428749084,0.47952550649642944,0.0,False,1
D5_1,search,256,4,8,it0127,0.37935978174209595,0.4265809953212738,0.17647058823529413,False,0
D5_1,search,256,4,8,it0128,0.4542263448238373,0.4129679799079895,0.0,False,0
D5_1,search,256,4,8,it0129,0.3902657628059387,0.29644230008125305,0.058823529411764705,False,1
D5_1,search,256,4,8,it0130,0.5417921543121338,0.4355205297470093,0.1,False,2
D5_1,search,256,4,8,it0131,0.4676640033721924,0.5318055152893066,0.12903225806451613,False,3
D5_1,search,256,4,8,it0132,0.20261111855506897,0.2865559160709381,0.21428571428571427,False,1
D5_1,search,256,4,8,it0133,0.536798357963562,0.5488681197166443,0.0,False,3
D5_1,search,256,4,8,it0134,0.4521971344947815,0.4016149938106537,0.10526315789473684,False,1
D5_1,search,256,4,8,it0135,0.3712559938430786,0.35915157198905945,0.10256410256410256,False,0
D5_1,search,256,4,8,it0136,0.46543949842453003,0.5758204460144043,0.25,False,2
D5_1,search,256,4,8,it0137,0.4532410502433777,0.5274119973182678,0.25,False,3
D5_1,search,256,4,8,it0138,0.6053366661071777,0.5887712240219116,0.1111111111111111,False,0
D5_1,search,256,4,8,it0139,0.5639371275901794,0.3976774513721466,0.1111111111111111,False,2
D5_1,search,256,4,8,it0140,0.4948931038379669,0.5191681981086731,0.08333333333333333,False,0
D5_1,search,256,4,8,it0141,0.6775081157684326,0.6732541918754578,0.26666666666666666,False,2
D5_1,search,256,4,8,it0142,0.33515551686286926,0.28371870517730713,0.12,False,1
D5_1,search,256,4,8,it0143,0.30416518449783325,0.4475939869880676,0.0,False,1
D5_1,search,256,4,8,it0144,0.6304567456245422,0.42929309606552124,0.0,False,2
D5_1,search,256,4,8,it0145,0.5519184470176697,0.6322188377380371,0.0,False,1
D5_1,search,256,4,8,it0146,0.5081180334091187,0.5426828265190125,0.0,False,1
D5_1,search,256,4,8,it0147,0.39579707384109497,0.4673922061920166,0.0,False,0
D5_1,search,256,4,8,it0148,0.22278855741024017,0.27866172790527344,0.17857142857142858,False,0
D5_1,search,256,4,8,it0149,0.5056709051132202,0.4215465188026428,0.14285714285714285,False,3
D5_1,search,256,4,8,it0150,0.5167275667190552,0.5363332033157349,0.07692307692307693,False,0
D5_1,search,256,4,8,it0151,0.6716795563697815,0.6158815026283264,0.058823529411764705,False,0
D5_1,search,256,4,8,it0152,0.6029098629951477,0.4843710660934448,0.058823529411764705,False,2
D5_1,search,256,4,8,it0153,0.29176878929138184,0.4160241484642029,0.11904761904761904,False,2
D5_1,search,256,4,8,it0154,0.3455030918121338,0.3133646249771118,0.05263157894736842,False,3
D5_1,search,256,4,8,it0155,0.3955700993537903,0.3679119646549225,0.2857142857142857,False,2
D5_1,search,256,4,8,it0156,0.3544194996356964,0.2660985589027405,0.23809523809523808,False,1
D5_1,search,256,4,8,it0157,0.5962343811988831,0.5780821442604065,0.16279069767441862,False,0
D5_1,search,256,4,8,it0158,0.3358488976955414,0.31390005350112915,0.10526315789473684,False,3
D5_1,search,256,4,8,it0159,0.4318346083164215,0.40605849027633667,0.2857142857142857,False,0
D5_1,search,256,4,8,it0160,0.644675076007843,0.5639562606811523,0.0967741935483871,False,2
D5_1,search,256,4,8,it0161,0.4312737286090851,0.3646788001060486,0.06896551724137931,False,2
D5_1,search,256,4,8,it0162,0.31897515058517456,0.4313514828681946,0.3333333333333333,False,0
D5_1,search,256,4,8,it0163,0.6082731485366821,0.5359786152839661,0.0,False,3
D5_1,search,256,4,8,it0164,0.5764476656913757,0.42039427161216736,0.0,False,2
D5_1,search,256,4,8,it0165,0.37226730585098267,0.406174898147583,0.18181818181818182,False,1
D5_1,search,256,4,8,it0166,0.573686957359314,0.336025595664978,0.3333333333333333,False,0
D5_1,search,256,4,8,it0167,0.5356627702713013,0.47130465507507324,0.15789473684210525,False,3
D5_1,search,256,4,8,it0168,0.35648202896118164,0.3580515384674072,0.1,False,3
D5_1,search,256,4,8,it0169,0.43800973892211914,0.4093988537788391,0.2,False,2
D5_1,search,256,4,8,it0170,0.4622875154018402,0.39417436718940735,0.35294117647058826,False,1
D5_1,search,256,4,8,it0171,0.6776672601699829,0.5598562955856323,0.09523809523809523,False,0
D5_1,search,256,4,8,it0172,0.2825120985507965,0.4233535826206207,0.08,False,0
D5_1,search,256,4,8,it0173,0.6958308219909668,0.6460993885993958,0.0,False,3
D5_1,search,256,4,8,it0174,0.518826961517334,0.4511369466781616,0.0625,False,2
D5_1,search,256,4,8,it0175,0.20877031981945038,0.1862158179283142,0.0,False,2
D5_1,search,256,4,8,it0176,0.36799442768096924,0.48972412943840027,0.0,False,1
D5_1,search,256,4,8,it0177,0.4678344130516052,0.5158288478851318,0.05263157894736842,False,0
D5_1,search,256,4,8,it0178,0.3285430073738098,0.2513847351074219,0.17647058823529413,False,0
D5_1,search,256,4,8,it0179,0.6155214309692383,0.6897445321083069,0.0967741935483871,False,2
D5_1,search,256,4,8,it0180,0.4791507422924042,0.449133962392807,0.07142857142857142,False,0
D5_1,search,256,4,8,it0181,0.5598050355911255,0.5428489446640015,0.0,False,2
D5_1,search,256,4,8,it0182,0.5868961215019226,0.5070304870605469,0.04,False,3
D5_1,search,256,4,8,it0183,0.5307969450950623,0.4520917236804962,0.04,False,2
D5_1,search,256,4,8,it0184,0.2426062822341919,0.2455047070980072,0.26666666666666666,False,2
D5_1,search,256,4,8,it0185,0.539166271686554,0.5939649939537048,0.16129032258064516,False,2
D5_1,search,256,4,8,it0186,0.5470100045204163,0.5241674780845642,0.16666666666666666,False,3
D5_1,search,256,4,8,it0187,0.4552156627178192,0.44109442830085754,0.1875,False,1
D5_1,search,256,4,8,it0188,0.44768452644348145,0.4175330400466919,0.0,False,0
D5_1,search,256,4,8,it0189,0.3348962962627411,0.4268532395362854,0.2,False,3
D5_1,search,256,4,8,it0190,0.5641613006591797,0.5897543430328369,0.0,False,2
D5_1,search,256,4,8,it0191,0.6231706738471985,0.3931926190853119,0.0,False,2
D5_1,search,256,4,8,it0192,0.5258170962333679,0.5768753290176392,0.18518518518518517,False,2
D5_1,search,256,4,8,it0193,0.4428376257419586,0.30673402547836304,0.3125,False,2
D5_1,search,256,4,8,it0194,0.6017494201660156,0.6484736204147339,0.0,False,0
D5_1,search,256,4,8,it0195,0.6176220178604126,0.6239069104194641,0.11538461538461539,False,1
D5_1,search,256,4,8,it0196,0.4626500606536865,0.3634965419769287,0.21428571428571427,False,2
D5_1,search,256,4,8,it0197,0.4762880206108093,0.4511720836162567,0.09090909090909091,False,1
D5_1,search,256,4,8,it0198,0.2366827428340912,0.25209078192710876,0.0,False,0
D5_1,search,256,4,8,it0199,0.4110468626022339,0.48911741375923157,0.23529411764705882,False,2
D5_1,search,512,8,8,it0000,0.42216992378234863,0.3105553686618805,0.10869565217391304,False,6
D5_1,search,512,8,8,it0001,0.3514140844345093,0.3772740364074707,0.8333333333333334,True,4
D5_1,search,512,8,8,it0002,0.24277877807617188,0.1888381540775299,0.26666666666666666,False,5
D5_1,search,512,8,8,it0003,0.40788179636001587,0.3600158095359802,0.06666666666666667,False,5
D5_1,search,512,8,8,it0004,0.6116488575935364,0.393069326877594,0.125,False,4
D5_1,search,512,8,8,it0005,0.5097911357879639,0.41379305720329285,0.0,False,5
D5_1,search,512,8,8,it0006,0.3016396760940552,0.40687376260757446,0.2222222222222222,False,5
D5_1,search,512,8,8,it0007,0.33850380778312683,0.38759052753448486,0.09090909090909091,False,5
D5_1,search,512,8,8,it0008,0.44827425479888916,0.45725029706954956,0.19047619047619047,False,4
D5_1,search,512,8,8,it0009,0.5221409201622009,0.6191509962081909,0.0,False,4
D5_1,search,512,8,8,it0010,0.548147439956665,0.6257177591323853,0.16666666666666666,False,7
D5_1,search,512,8,8,it0011,0.5837043523788452,0.5324581265449524,0.0,False,1
D5_1,search,512,8,8,it0012,0.5244213342666626,0.4134763479232788,0.7931034482758621,False,3
D5_1,search,512,8,8,it0013,0.5981958508491516,0.5999519228935242,0.0,False,6
D5_1,search,512,8,8,it0014,0.39239203929901123,0.43625062704086304,0.13333333333333333,False,2
D5_1,search,512,8,8,it0015,0.4800739586353302,0.5344338417053223,0.23529411764705882,False,3
D5_1,search,512,8,8,it0016,0.5936271548271179,0.5877396464347839,0.14705882352941177,False,4
D5_1,search,512,8,8,it0017,0.4806182384490967,0.43726953864097595,0.0,False,5
D5_1,search,512,8,8,it0018,0.3788415193557739,0.28924819827079773,0.029411764705882353,False,6
D5_1,search,512,8,8,it0019,0.6425262689590454,0.5805287957191467,0.13043478260869565,False,2
D5_1,search,512,8,8,it0020,0.32877060770988464,0.3153250217437744,0.3076923076923077,False,7
D5_1,search,512,8,8,it0021,0.5253332853317261,0.4618280827999115,0.06060606060606061,False,7
D5_1,search,512,8,8,it0022,0.5068400502204895,0.5223738551139832,0.35,False,5
D5_1,search,512,8,8,it0023,0.5525786280632019,0.6030641198158264,0.3888888888888889,False,7
D5_1,search,512,8,8,it0024,0.6625449061393738,0.5680713057518005,0.21428571428571427,False,1
D5_1,search,512,8,8,it0025,0.6969072222709656,0.6431145668029785,0.0,False,1
D5_1,search,512,8,8,it0026,0.398844450712204,0.39697960019111633,0.125,False,3
D5_1,search,512,8,8,it0027,0.6598566174507141,0.6723509430885315,0.0,False,5
D5_1,search,512,8,8,it0028,0.43517568707466125,0.5584191083908081,0.09523809523809523,False,1
D5_1,search,512,8,8,it0029,0.3312157392501831,0.3663952350616455,0.125,False,2
D5_1,search,512,8,8,it0030,0.5608717799186707,0.521285891532898,0.24,False,4
D5_1,search,512,8,8,it0031,0.42811697721481323,0.35324767231941223,0.05555555555555555,False,7
D5_1,search,512,8,8,it0032,0.6568580269813538,0.657328724861145,0.2222222222222222,False,7
D5_1,search,512,8,8,it0033,0.3562309145927429,0.40785813331604004,0.3076923076923077,False,7
D5_1,search,512,8,8,it0034,0.45963627099990845,0.3919453024864197,0.06666666666666667,False,5
D5_1,search,512,8,8,it0035,0.29003268480300903,0.2863001525402069,0.15384615384615385,False,0
D5_1,search,512,8,8,it0036,0.6008570790290833,0.5458166599273682,0.16666666666666666,False,3
D5_1,search,512,8,8,it0037,0.5580490231513977,0.5533813238143921,0.0,False,1
D5_1,search,512,8,8,it0038,0.3586444854736328,0.2572644352912903,0.08108108108108109,False,6
D5_1,search,512,8,8,it0039,0.5588153600692749,0.5639926791191101,0.21951219512195122,False,4
D5_1,search,512,8,8,it0040,0.4492470324039459,0.38374441862106323,0.06666666666666667,False,3
D5_1,search,512,8,8,it0041,0.6489476561546326,0.409407377243042,0.0,False,7
D5_1,search,512,8,8,it0042,0.43341144919395447,0.43177634477615356,0.25925925925925924,False,1
D5_1,search,512,8,8,it0043,0.26886940002441406,0.2582237124443054,0.07692307692307693,False,0
D5_1,search,512,8,8,it0044,0.5713642239570618,0.5566482543945312,0.4,False,5
D5_1,search,512,8,8,it0045,0.23822131752967834,0.46895673871040344,0.26666666666666666,False,0
D5_1,search,512,8,8,it0046,0.29423266649246216,0.37379884719848633,0.0,False,5
D5_1,search,512,8,8,it0047,0.3240486681461334,0.447473406791687,0.55,False,4
D5_1,search,512,8,8,it0048,0.4988333582878113,0.4811371862888336,0.25,False,7
D5_1,search,512,8,8,it0049,0.44610217213630676,0.5625157356262207,0.4090909090909091,False,6
D5_1,search,512,8,8,it0050,0.35417577624320984,0.1394670158624649,0.2727272727272727,False,3
D5_1,search,512,8,8,it0051,0.2713809609413147,0.43764737248420715,0.0,False,2
D5_1,search,512,8,8,it0052,0.39903876185417175,0.3961363434791565,0.0,False,0
D5_1,search,512,8,8,it0053,0.37193700671195984,0.4838676452636719,0.1891891891891892,False,4
D5_1,search,512,8,8,it0054,0.2883603870868683,0.21672560274600983,0.041666666666666664,False,3
D5_1,search,512,8,8,it0055,0.6137688159942627,0.5815702676773071,0.0,False,1
D5_1,search,512,8,8,it0056,0.325149804353714,0.3485635221004486,0.1,False,7
D5_1,search,512,8,8,it0057,0.5518062114715576,0.45392361283302307,0.17647058823529413,False,0
D5_1,search,512,8,8,it0058,0.43786922097206116,0.38050854206085205,0.3333333333333333,False,5
D5_1,search,512,8,8,it0059,0.6064444780349731,0.5860931873321533,0.14285714285714285,False,4
D5_1,search,512,8,8,it0060,0.5835908055305481,0.5026941299438477,0.29411764705882354,False,1
D5_1,search,512,8,8,it0061,0.5533924102783203,0.6167667508125305,0.05714285714285714,False,5
D5_1,search,512,8,8,it0062,0.7210041880607605,0.6706880927085876,0.09523809523809523,False,5
D5_1,search,512,8,8,it0063,0.32665252685546875,0.3604479730129242,0.13793103448275862,False,3
D5_1,search,512,8,8,it0064,0.3443981409072876,0.49902650713920593,0.05555555555555555,False,2
D5_1,search,512,8,8,it0065,0.6808512806892395,0.6427896022796631,0.10256410256410256,False,1
D5_1,search,512,8,8,it0066,0.3702368140220642,0.4212278127670288,0.09523809523809523,False,7
D5_1,search,512,8,8,it0067,0.40952739119529724,0.39984646439552307,0.16666666666666666,False,0
D5_1,search,512,8,8,it0068,0.7238842844963074,0.6673242449760437,0.0,False,4
D5_1,search,512,8,8,it0069,0.2912757992744446,0.3804584741592407,0.18181818181818182,False,3
D5_1,search,512,8,8,it0070,0.40869420766830444,0.5391151905059814,0.06666666666666667,False,4
D5_1,search,512,8,8,it0071,0.6129083633422852,0.5536967515945435,0.10714285714285714,False,3
D5_1,search,512,8,8,it0072,0.5802870988845825,0.5412696599960327,0.0,False,5
D5_1,search,512,8,8,it0073,0.12589655816555023,0.2660120129585266,0.41379310344827586,False,2
D5_1,search,512,8,8,it0074,0.3509317934513092,0.3977647125720978,0.06666666666666667,False,4
D5_1,search,512,8,8,it0075,0.4119935631752014,0.4781232476234436,0.0,False,6
D5_1,search,512,8,8,it0076,0.6161291599273682,0.36155086755752563,0.17391304347826086,False,0
D5_1,search,512,8,8,it0077,0.39389270544052124,0.6938048601150513,0.25,False,5
D5_1,search,512,8,8,it0078,0.472271203994751,0.46609944105148315,0.09523809523809523,False,2
D5_1,search,512,8,8,it0079,0.6475886702537537,0.604397714138031,0.0,False,5
D5_1,search,512,8,8,it0080,0.5070059895515442,0.2851836681365967,0.21951219512195122,False,5
D5_1,search,512,8,8,it0081,0.2913486957550049,0.35186702013015747,0.10714285714285714,False,3
D5_1,search,512,8,8,it0082,0.5023576021194458,0.5186270475387573,0.11764705882352941,False,3
D5_1,search,512,8,8,it0083,0.5275033712387085,0.45214807987213135,0.11764705882352941,False,0
D5_1,search,512,8,8,it0084,0.6460379362106323,0.5468130707740784,0.022222222222222223,False,7
D5_1,search,512,8,8,it0085,0.580332338809967,0.4662141799926758,0.0,False,7
D5_1,search,512,8,8,it0086,0.6044554114341736,0.5839876532554626,0.11764705882352941,False,2
D5_1,search,512,8,8,it0087,0.6220939755439758,0.6780861616134644,0.375,False,7
D5_1,search,512,8,8,it0088,0.41059908270835876,0.42731547355651855,0.047619047619047616,False,4
D5_1,search,512,8,8,it0089,0.5611898899078369,0.41361644864082336,0.16666666666666666,False,3
D5_1,search,512,8,8,it0090,0.5947650671005249,0.6347304582595825,0.0,False,4
D5_1,search,512,8,8,it0091,0.48393169045448303,0.5828109979629517,0.06451612903225806,False,4
D5_1,search,512,8,8,it0092,0.5783445835113525,0.5180844068527222,0.05714285714285714,False,6
D5_1,search,512,8,8,it0093,0.39504268765449524,0.45183688402175903,0.15789473684210525,False,5
D5_1,search,512,8,8,it0094,0.490912526845932,0.5791939496994019,0.07692307692307693,False,2
D5_1,search,512,8,8,it0095,0.5263254642486572,0.5704905986785889,0.09523809523809523,False,0
D5_1,search,512,8,8,it0096,0.4799090623855591,0.5199597477912903,0.45454545454545453,False,3
D5_1,search,512,8,8,it0097,0.6835617423057556,0.646876335144043,0.0,False,2
D5_1,search,512,8,8,it0098,0.5773946642875671,0.5077769756317139,0.1111111111111111,False,4
D5_1,search,512,8,8,it0099,0.2623690962791443,0.3647431433200836,0.0,False,1
D5_1,search,512,8,8,it0100,0.6444694995880127,0.7107625603675842,0.0,False,1
D5_1,search,512,8,8,it0101,0.3840707540512085,0.4321652352809906,0.10526315789473684,False,0
D5_1,search,512,8,8,it0102,0.3669358491897583,0.4910542666912079,0.0,False,4
D5_1,search,512,8,8,it0103,0.3778277039527893,0.54043048620224,0.045454545454545456,False,7
D5_1,search,512,8,8,it0104,0.42665958404541016,0.5457658171653748,0.041666666666666664,False,5
D5_1,search,512,8,8,it0105,0.485000878572464,0.6392534971237183,0.2571428571428571,False,2
D5_1,search,512,8,8,it0106,0.4479038417339325,0.5076814293861389,0.08333333333333333,False,2
D5_1,search,512,8,8,it0107,0.5102220773696899,0.5762701034545898,0.08695652173913043,False,5
D5_1,search,512,8,8,it0108,0.5081018805503845,0.38570234179496765,0.0625,False,3
D5_1,search,512,8,8,it0109,0.46722614765167236,0.47119787335395813,0.15789473684210525,False,3
D5_1,search,512,8,8,it0110,0.207054004073143,0.3282318413257599,0.23333333333333334,False,0
D5_1,search,512,8,8,it0111,0.38141968846321106,0.25705769658088684,0.5151515151515151,False,5
D5_1,search,512,8,8,it0112,0.652616560459137,0.6433166265487671,0.0,False,3
D5_1,search,512,8,8,it0113,0.6094018220901489,0.5260999202728271,0.0,False,6
D5_1,search,512,8,8,it0114,0.4562963843345642,0.5046074986457825,0.2777777777777778,False,1
D5_1,search,512,8,8,it0115,0.4396054744720459,0.39103466272354126,0.07142857142857142,False,0
D5_1,search,512,8,8,it0116,0.45171335339546204,0.40912285447120667,0.17647058823529413,False,5
D5_1,search,512,8,8,it0117,0.5194231271743774,0.6180608868598938,0.14705882352941177,False,5
D5_1,search,512,8,8,it0118,0.618215799331665,0.6161876320838928,0.19230769230769232,False,1
D5_1,search,512,8,8,it0119,0.5559358596801758,0.6793355345726013,0.21428571428571427,False,7
D5_1,search,512,8,8,it0120,0.6101624369621277,0.5898854732513428,0.0,False,5
D5_1,search,512,8,8,it0121,0.5675287842750549,0.4813004732131958,0.15,False,7
D5_1,search,512,8,8,it0122,0.3788817226886749,0.4026145339012146,0.22727272727272727,False,3
D5_1,search,512,8,8,it0123,0.3266890048980713,0.5302674770355225,0.23529411764705882,False,1
D5_1,search,512,8,8,it0124,0.5905119180679321,0.5114657878875732,0.0,False,6
D5_1,search,512,8,8,it0125,0.519631028175354,0.45413562655448914,0.07692307692307693,False,3
D5_1,search,512,8,8,it0126,0.5189624428749084,0.47952550649642944,0.0,False,1
D5_1,search,512,8,8,it0127,0.3446400463581085,0.43257996439933777,0.23529411764705882,False,5
D5_1,search,512,8,8,it0128,0.4542263448238373,0.4129679799079895,0.0,False,0
D5_1,search,512,8,8,it0129,0.4243672490119934,0.41174575686454773,0.0,False,4
D5_1,search,512,8,8,it0130,0.4382952153682709,0.4551731050014496,0.0,False,7
D5_1,search,512,8,8,it0131,0.32232630252838135,0.5369278192520142,0.06451612903225806,False,4
D5_1,search,512,8,8,it0132,0.20261111855506897,0.2865559160709381,0.21428571428571427,False,1
D5_1,search,512,8,8,it0133,0.6190621852874756,0.6098753213882446,0.0,False,7
D5_1,search,512,8,8,it0134,0.4521971344947815,0.4016149938106537,0.10526315789473684,False,1
D5_1,search,512,8,8,it0135,0.3605954051017761,0.40978923439979553,0.07692307692307693,False,7
D5_1,search,512,8,8,it0136,0.46543949842453003,0.5758204460144043,0.25,False,2
D5_1,search,512,8,8,it0137,0.4532410502433777,0.5274119973182678,0.25,False,3
D5_1,search,512,8,8,it0138,0.5750066041946411,0.6219828724861145,0.05555555555555555,False,4
D5_1,search,512,8,8,it0139,0.5923846960067749,0.4694148898124695,0.0,False,7
D5_1,search,512,8,8,it0140,0.4948931038379669,0.5191681981086731,0.08333333333333333,False,0
D5_1,search,512,8,8,it0141,0.6389161348342896,0.7061037421226501,0.06666666666666667,False,6
D5_1,search,512,8,8,it0142,0.4323425889015198,0.291326642036438,0.12,False,6
D5_1,search,512,8,8,it0143,0.3163129687309265,0.49747103452682495,0.0,False,5
D5_1,search,512,8,8,it0144,0.5834872126579285,0.4967876076698303,0.17857142857142858,False,6
D5_1,search,512,8,8,it0145,0.5764384865760803,0.6868959665298462,0.05,False,7
D5_1,search,512,8,8,it0146,0.5011165142059326,0.5465670228004456,0.0,False,7
D5_1,search,512,8,8,it0147,0.4593200981616974,0.4809936583042145,0.0,False,6
D5_1,search,512,8,8,it0148,0.22278855741024017,0.27866172790527344,0.17857142857142858,False,0
D5_1,search,512,8,8,it0149,0.4326983690261841,0.4338476359844208,0.07142857142857142,False,4
D5_1,search,512,8,8,it0150,0.5167275667190552,0.5363332033157349,0.07692307692307693,False,0
D5_1,search,512,8,8,it0151,0.6716795563697815,0.6158815026283264,0.058823529411764705,False,0
D5_1,search,512,8,8,it0152,0.6029098629951477,0.4843710660934448,0.058823529411764705,False,2
D5_1,search,512,8,8,it0153,0.37736445665359497,0.5029881000518799,0.3333333333333333,False,5
D5_1,search,512,8,8,it0154,0.27050673961639404,0.3155878782272339,0.15789473684210525,False,5
D5_1,search,512,8,8,it0155,0.3955700993537903,0.3679119646549225,0.2857142857142857,False,2
D5_1,search,512,8,8,it0156,0.3096652030944824,0.3838549256324768,0.23809523809523808,False,4
D5_1,search,512,8,8,it0157,0.5962343811988831,0.5780821442604065,0.16279069767441862,False,0
D5_1,search,512,8,8,it0158,0.3070221245288849,0.3522016704082489,0.21052631578947367,False,7
D5_1,search,512,8,8,it0159,0.4318346083164215,0.40605849027633667,0.2857142857142857,False,0
D5_1,search,512,8,8,it0160,0.644675076007843,0.5639562606811523,0.0967741935483871,False,2
D5_1,search,512,8,8,it0161,0.35591012239456177,0.3677767813205719,0.1724137931034483,False,7
D5_1,search,512,8,8,it0162,0.31897515058517456,0.4313514828681946,0.3333333333333333,False,0
D5_1,search,512,8,8,it0163,0.6082731485366821,0.5359786152839661,0.0,False,3
D5_1,search,512,8,8,it0164,0.5259217619895935,0.45023950934410095,0.0967741935483871,False,7
D5_1,search,512,8,8,it0165,0.37226730585098267,0.406174898147583,0.18181818181818182,False,1
D5_1,search,512,8,8,it0166,0.573686957359314,0.336025595664978,0.3333333333333333,False,0
D5_1,search,512,8,8,it0167,0.5356627702713013,0.47130465507507324,0.15789473684210525,False,3
D5_1,search,512,8,8,it0168,0.35648202896118164,0.3580515384674072,0.1,False,3
D5_1,search,512,8,8,it0169,0.4570229649543762,0.44764894247055054,0.1,False,5
D5_1,search,512,8,8,it0170,0.48743724822998047,0.4865671992301941,0.29411764705882354,False,6
D5_1,search,512,8,8,it0171,0.6880519390106201,0.5941066145896912,0.19047619047619047,False,5
D5_1,search,512,8,8,it0172,0.2825120985507965,0.4233535826206207,0.08,False,0
D5_1,search,512,8,8,it0173,0.676497757434845,0.6742337346076965,0.06666666666666667,False,7
D5_1,search,512,8,8,it0174,0.518826961517334,0.4511369466781616,0.0625,False,2
D5_1,search,512,8,8,it0175,0.2511345148086548,0.3460633456707001,0.13333333333333333,False,7
D5_1,search,512,8,8,it0176,0.36799442768096924,0.48972412943840027,0.0,False,1
D5_1,search,512,8,8,it0177,0.4678344130516052,0.5158288478851318,0.05263157894736842,False,0
D5_1,search,512,8,8,it0178,0.3285430073738098,0.2513847351074219,0.17647058823529413,False,0
D5_1,search,512,8,8,it0179,0.6155214309692383,0.6897445321083069,0.0967741935483871,False,2
D5_1,search,512,8,8,it0180,0.4938581585884094,0.5143839120864868,0.14285714285714285,False,6
D5_1,search,512,8,8,it0181,0.5305356979370117,0.5475060343742371,0.0,False,7
D5_1,search,512,8,8,it0182,0.5868961215019226,0.5070304870605469,0.04,False,3
D5_1,search,512,8,8,it0183,0.6338352560997009,0.6145966053009033,0.04,False,5
D5_1,search,512,8,8,it0184,0.39399969577789307,0.24557974934577942,0.13333333333333333,False,5
D5_1,search,512,8,8,it0185,0.539166271686554,0.5939649939537048,0.16129032258064516,False,2
D5_1,search,512,8,8,it0186,0.5646489858627319,0.5493474006652832,0.16666666666666666,False,5
D5_1,search,512,8,8,it0187,0.5111649632453918,0.46630364656448364,0.0,False,6
D5_1,search,512,8,8,it0188,0.47477972507476807,0.5497263073921204,0.4444444444444444,False,4
D5_1,search,512,8,8,it0189,0.3348962962627411,0.4268532395362854,0.2,False,3
D5_1,search,512,8,8,it0190,0.6352798938751221,0.6187984943389893,0.0,False,4
D5_1,search,512,8,8,it0191,0.6231706738471985,0.3931926190853119,0.0,False,2
D5_1,search,512,8,8,it0192,0.5477774143218994,0.6334482431411743,0.07407407407407407,False,4
D5_1,search,512,8,8,it0193,0.3912653625011444,0.3160577416419983,0.375,False,5
D5_1,search,512,8,8,it0194,0.7166962623596191,0.6904964447021484,0.14285714285714285,False,7
D5_1,search,512,8,8,it0195,0.6176220178604126,0.6239069104194641,0.11538461538461539,False,1
D5_1,search,512,8,8,it0196,0.5260425806045532,0.4532007873058319,0.07142857142857142,False,6
D5_1,search,512,8,8,it0197,0.4762880206108093,0.4511720836162567,0.09090909090909091,False,1
D5_1,search,512,8,8,it0198,0.3939991891384125,0.33591338992118835,0.0625,False,5
D5_1,search,512,8,8,it0199,0.4110468626022339,0.48911741375923157,0.23529411764705882,False,2
D5_1,refine,128,1,16,it0000,0.3092693090438843,0.26305192708969116,0.043478260869565216,False,0
D5_1,refine,128,1,16,it0001,0.43251875042915344,0.3400653302669525,0.1111111111111111,False,0
D5_1,refine,128,1,16,it0002,0.39602577686309814,0.24894559383392334,0.13333333333333333,False,0
D5_1,refine,128,1,16,it0003,0.39160463213920593,0.20890645682811737,0.06666666666666667,False,0
D5_1,refine,128,1,16,it0004,0.47964513301849365,0.3561254143714905,0.125,False,0
D5_1,refine,128,1,16,it0005,0.441867858171463,0.4039953351020813,0.037037037037037035,False,0
D5_1,refine,128,1,16,it0006,0.3586512506008148,0.25444188714027405,0.05555555555555555,False,0
D5_1,refine,128,1,16,it0007,0.30919569730758667,0.3309529721736908,0.022727272727272728,False,0
D5_1,refine,128,1,16,it0008,0.5040990114212036,0.27494797110557556,0.14285714285714285,False,0
D5_1,refine,128,1,16,it0009,0.5007858276367188,0.45733246207237244,0.037037037037037035,False,0
D5_1,refine,128,1,16,it0010,0.5862696170806885,0.5472529530525208,0.05555555555555555,False,0
D5_1,refine,128,1,16,it0011,0.44502681493759155,0.5208210349082947,0.043478260869565216,False,0
D5_1,refine,128,1,16,it0012,0.4252510070800781,0.29720497131347656,0.4482758620689655,False,0
D5_1,refine,128,1,16,it0013,0.6113361120223999,0.6039547324180603,0.0,False,0
D5_1,refine,128,1,16,it0014,0.3190622329711914,0.40633904933929443,0.26666666666666666,False,0
D5_1,refine,128,1,16,it0015,0.5883204936981201,0.6375914812088013,0.11764705882352941,False,0
D5_1,refine,128,1,16,it0016,0.6593444347381592,0.5738939642906189,0.17647058823529413,False,0
D5_1,refine,128,1,16,it0017,0.4601118862628937,0.3596450388431549,0.0,False,0
D5_1,refine,128,1,16,it0018,0.308541864156723,0.23666295409202576,0.029411764705882353,False,0
D5_1,refine,128,1,16,it0019,0.5841543078422546,0.5230890512466431,0.021739130434782608,False,0
D5_1,refine,128,1,16,it0020,0.28201836347579956,0.20771723985671997,0.23076923076923078,False,0
D5_1,refine,128,1,16,it0021,0.2943033277988434,0.1594333052635193,0.30303030303030304,False,0
D5_1,refine,128,1,16,it0022,0.45837584137916565,0.46688440442085266,0.35,False,0
D5_1,refine,128,1,16,it0023,0.6458762884140015,0.47250932455062866,0.3333333333333333,False,0
D5_1,refine,128,1,16,it0024,0.5725558400154114,0.41557127237319946,0.2857142857142857,False,0
D5_1,refine,128,1,16,it0025,0.6452456712722778,0.5356932282447815,0.05,False,0
D5_1,refine,128,1,16,it0026,0.24849525094032288,0.36352524161338806,0.0,False,0
D5_1,refine,128,1,16,it0027,0.704325795173645,0.6872103810310364,0.0,False,0
D5_1,refine,128,1,16,it0028,0.47701412439346313,0.4340764582157135,0.07142857142857142,False,0
D5_1,refine,128,1,16,it0029,0.38731807470321655,0.28746357560157776,0.0,False,0
D5_1,refine,128,1,16,it0030,0.5702705383300781,0.44264349341392517,0.0,False,0
D5_1,refine,128,1,16,it0031,0.35849738121032715,0.33267542719841003,0.05555555555555555,False,0
D5_1,refine,128,1,16,it0032,0.6198598146438599,0.526962399482727,0.07407407407407407,False,0
D5_1,refine,128,1,16,it0033,0.3408060073852539,0.24666672945022583,0.15384615384615385,False,0
D5_1,refine,128,1,16,it0034,0.39903223514556885,0.22807440161705017,0.03333333333333333,False,0
D5_1,refine,128,1,16,it0035,0.262126088142395,0.2385689616203308,0.23076923076923078,False,0
D5_1,refine,128,1,16,it0036,0.6109133362770081,0.5322645306587219,0.05555555555555555,False,0
D5_1,refine,128,1,16,it0037,0.5529466271400452,0.4959108233451843,0.0,False,0
D5_1,refine,128,1,16,it0038,0.2631489932537079,0.18586978316307068,0.08108108108108109,False,0
D5_1,refine,128,1,16,it0039,0.5337614417076111,0.5367228984832764,0.04878048780487805,False,0
D5_1,refine,128,1,16,it0040,0.42023035883903503,0.31224846839904785,0.2,False,0
D5_1,refine,128,1,16,it0041,0.6583709716796875,0.46515747904777527,0.09090909090909091,False,0
D5_1,refine,128,1,16,it0042,0.33193087577819824,0.27273643016815186,0.1111111111111111,False,0
D5_1,refine,128,1,16,it0043,0.2700507938861847,0.2685486972332001,0.038461538461538464,False,0
D5_1,refine,128,1,16,it0044,0.5420002937316895,0.46807897090911865,0.2,False,0
D5_1,refine,128,1,16,it0045,0.2039811611175537,0.26948535442352295,0.03333333333333333,False,0
D5_1,refine,128,1,16,it0046,0.3554617166519165,0.2828984260559082,0.125,False,0
D5_1,refine,128,1,16,it0047,0.38492974638938904,0.45781296491622925,0.5,False,0
D5_1,refine,128,1,16,it0048,0.4662366509437561,0.43604618310928345,0.375,False,0
D5_1,refine,128,1,16,it0049,0.477003276348114,0.5490193367004395,0.045454545454545456,False,0
D5_1,refine,128,1,16,it0050,0.21300750970840454,0.09733611345291138,0.22727272727272727,False,0
D5_1,refine,128,1,16,it0051,0.13013122975826263,0.37734657526016235,0.06896551724137931,False,0
D5_1,refine,128,1,16,it0052,0.2691347002983093,0.25513124465942383,0.0,False,0
D5_1,refine,128,1,16,it0053,0.3359427750110626,0.4538783133029938,0.24324324324324326,False,0
D5_1,refine,128,1,16,it0054,0.3135274052619934,0.11204409599304199,0.08333333333333333,False,0
D5_1,refine,128,1,16,it0055,0.5671899914741516,0.5676841735839844,0.15384615384615385,False,0
D5_1,refine,128,1,16,it0056,0.3321268558502197,0.3144165277481079,0.1,False,0
D5_1,refine,128,1,16,it0057,0.5593221187591553,0.46101799607276917,0.20588235294117646,False,0
D5_1,refine,128,1,16,it0058,0.43721193075180054,0.3802374303340912,0.0,False,0
D5_1,refine,128,1,16,it0059,0.5256913304328918,0.5463777184486389,0.07142857142857142,False,0
D5_1,refine,128,1,16,it0060,0.5508887767791748,0.383449524641037,0.0,False,0
D5_1,refine,128,1,16,it0061,0.5232503414154053,0.6704741716384888,0.02857142857142857,False,0
D5_1,refine,128,1,16,it0062,0.5787864327430725,0.5264912247657776,0.0,False,0
D5_1,refine,128,1,16,it0063,0.4618532657623291,0.34616899490356445,0.10344827586206896,False,0
D5_1,refine,128,1,16,it0064,0.39046549797058105,0.41549912095069885,0.1111111111111111,False,0
D5_1,refine,128,1,16,it0065,0.6638237237930298,0.6171958446502686,0.15384615384615385,False,0
D5_1,refine,128,1,16,it0066,0.2777382731437683,0.2507587969303131,0.09523809523809523,False,0
D5_1,refine,128,1,16,it0067,0.1706382930278778,0.2442852258682251,0.1111111111111111,False,0
D5_1,refine,128,1,16,it0068,0.696135938167572,0.7093146443367004,0.02564102564102564,False,0
D5_1,refine,128,1,16,it0069,0.30007418990135193,0.1792021542787552,0.13636363636363635,False,0
D5_1,refine,128,1,16,it0070,0.4254394471645355,0.411946564912796,0.06666666666666667,False,0
D5_1,refine,128,1,16,it0071,0.5612125396728516,0.516083836555481,0.35714285714285715,False,0
D5_1,refine,128,1,16,it0072,0.4426511228084564,0.5097761750221252,0.0,False,0
D5_1,refine,128,1,16,it0073,0.1220901608467102,0.15267808735370636,0.3103448275862069,False,0
D5_1,refine,128,1,16,it0074,0.3371751606464386,0.27044159173965454,0.0,False,0
D5_1,refine,128,1,16,it0075,0.28254228830337524,0.4385083019733429,0.0,False,0
D5_1,refine,128,1,16,it0076,0.6013041138648987,0.33534225821495056,0.13043478260869565,False,0
D5_1,refine,128,1,16,it0077,0.45739442110061646,0.46862712502479553,0.25,False,0
D5_1,refine,128,1,16,it0078,0.3843477964401245,0.3458399772644043,0.14285714285714285,False,0
D5_1,refine,128,1,16,it0079,0.6595237851142883,0.5905672311782837,0.041666666666666664,False,0
D5_1,refine,128,1,16,it0080,0.2717491090297699,0.13311831653118134,0.0975609756097561,False,0
D5_1,refine,128,1,16,it0081,0.36019110679626465,0.32343876361846924,0.07142857142857142,False,0
D5_1,refine,128,1,16,it0082,0.43470531702041626,0.48269110918045044,0.17647058823529413,False,0
D5_1,refine,128,1,16,it0083,0.50186687707901,0.38527217507362366,0.029411764705882353,False,0
D5_1,refine,128,1,16,it0084,0.6314208507537842,0.4901942014694214,0.022222222222222223,False,0
D5_1,refine,128,1,16,it0085,0.5530398488044739,0.47949501872062683,0.0,False,0
D5_1,refine,128,1,16,it0086,0.6444005966186523,0.42114245891571045,0.058823529411764705,False,0
D5_1,refine,128,1,16,it0087,0.529120147228241,0.5992172360420227,0.1875,False,0
D5_1,refine,128,1,16,it0088,0.2401616871356964,0.270397424697876,0.047619047619047616,False,0
D5_1,refine,128,1,16,it0089,0.45522645115852356,0.3458734154701233,0.0,False,0
D5_1,refine,128,1,16,it0090,0.6402761936187744,0.6282301545143127,0.058823529411764705,False,0
D5_1,refine,128,1,16,it0091,0.5160222053527832,0.5272742509841919,0.0,False,0
D5_1,refine,128,1,16,it0092,0.4835982620716095,0.3330463767051697,0.02857142857142857,False,0
D5_1,refine,128,1,16,it0093,0.4860911965370178,0.3335247039794922,0.0,False,0
D5_1,refine,128,1,16,it0094,0.43113601207733154,0.41895121335983276,0.0,False,0
D5_1,refine,128,1,16,it0095,0.5146200656890869,0.4737835228443146,0.09523809523809523,False,0
D5_1,refine,128,1,16,it0096,0.483684241771698,0.4363950490951538,0.2727272727272727,False,0
D5_1,refine,128,1,16,it0097,0.6515302658081055,0.6305311322212219,0.0,False,0
D5_1,refine,128,1,16,it0098,0.6059172749519348,0.34999459981918335,0.2222222222222222,False,0
D5_1,refine,128,1,16,it0099,0.28078213334083557,0.13822321593761444,0.08695652173913043,False,0
D5_1,refine,128,1,16,it0100,0.6418324708938599,0.6274121403694153,0.0,False,0
D5_1,refine,128,1,16,it0101,0.3296610414981842,0.3405309319496155,0.0,False,0
D5_1,refine,128,1,16,it0102,0.260800838470459,0.34459155797958374,0.15384615384615385,False,0
D5_1,refine,128,1,16,it0103,0.35886672139167786,0.4753710627555847,0.045454545454545456,False,0
D5_1,refine,128,1,16,it0104,0.5115581750869751,0.47380852699279785,0.08333333333333333,False,0
D5_1,refine,128,1,16,it0105,0.44910311698913574,0.594882071018219,0.14285714285714285,False,0
D5_1,refine,128,1,16,it0106,0.2342793047428131,0.3172856569290161,0.041666666666666664,False,0
D5_1,refine,128,1,16,it0107,0.5818257927894592,0.4525448679924011,0.08695652173913043,False,0
D5_1,refine,128,1,16,it0108,0.49182450771331787,0.3443281948566437,0.125,False,0
D5_1,refine,128,1,16,it0109,0.480986088514328,0.5336495041847229,0.10526315789473684,False,0
D5_1,refine,128,1,16,it0110,0.23068784177303314,0.23794624209403992,0.13333333333333333,False,0
D5_1,refine,128,1,16,it0111,0.2491925209760666,0.13570111989974976,0.06060606060606061,False,0
D5_1,refine,128,1,16,it0112,0.5805485844612122,0.5765007734298706,0.022727272727272728,False,0
D5_1,refine,128,1,16,it0113,0.5546045899391174,0.5079512596130371,0.022727272727272728,False,0
D5_1,refine,128,1,16,it0114,0.506260871887207,0.519845187664032,0.16666666666666666,False,0
D5_1,refine,128,1,16,it0115,0.2546951472759247,0.19015537202358246,0.0,False,0
D5_1,refine,128,1,16,it0116,0.5594050884246826,0.35530194640159607,0.17647058823529413,False,0
D5_1,refine,128,1,16,it0117,0.4327075481414795,0.529506266117096,0.08823529411764706,False,0
D5_1,refine,128,1,16,it0118,0.520881712436676,0.5592737793922424,0.09615384615384616,False,0
D5_1,refine,128,1,16,it0119,0.5629312992095947,0.5540134906768799,0.0,False,0
D5_1,refine,128,1,16,it0120,0.6556321382522583,0.49370336532592773,0.0,False,0
D5_1,refine,128,1,16,it0121,0.6012108325958252,0.4291389286518097,0.25,False,0
D5_1,refine,128,1,16,it0122,0.28949958086013794,0.35844868421554565,0.22727272727272727,False,0
D5_1,refine,128,1,16,it0123,0.3090648949146271,0.3567041754722595,0.058823529411764705,False,0
D5_1,refine,128,1,16,it0124,0.5520464181900024,0.43265867233276367,0.030303030303030304,False,0
D5_1,refine,128,1,16,it0125,0.5207539200782776,0.4451415240764618,0.07692307692307693,False,0
D5_1,refine,128,1,16,it0126,0.4452463984489441,0.18146148324012756,0.0,False,0
D5_1,refine,128,1,16,it0127,0.3365890085697174,0.4136544466018677,0.0,False,0
D5_1,refine,128,1,16,it0128,0.5455802083015442,0.504432737827301,0.1,False,0
D5_1,refine,128,1,16,it0129,0.3469159007072449,0.2613949179649353,0.0,False,0
D5_1,refine,128,1,16,it0130,0.2698812782764435,0.3552187979221344,0.0,False,0
D5_1,refine,128,1,16,it0131,0.37970244884490967,0.4619945287704468,0.16129032258064516,False,0
D5_1,refine,128,1,16,it0132,0.30351942777633667,0.2648499011993408,0.0,False,0
D5_1,refine,128,1,16,it0133,0.5821219682693481,0.5793936848640442,0.03571428571428571,False,0
D5_1,refine,128,1,16,it0134,0.33895155787467957,0.26071566343307495,0.0,False,0
D5_1,refine,128,1,16,it0135,0.33241206407546997,0.2849363684654236,0.15384615384615385,False,0
D5_1,refine,128,1,16,it0136,0.40021467208862305,0.3506567180156708,0.0,False,0
D5_1,refine,128,1,16,it0137,0.48232388496398926,0.5099520087242126,0.16666666666666666,False,0
D5_1,refine,128,1,16,it0138,0.4500443935394287,0.5711632966995239,0.1111111111111111,False,0
D5_1,refine,128,1,16,it0139,0.5389341115951538,0.2801095247268677,0.0,False,0
D5_1,refine,128,1,16,it0140,0.42259693145751953,0.32324665784835815,0.0,False,0
D5_1,refine,128,1,16,it0141,0.5499127507209778,0.6419689059257507,0.1,False,0
D5_1,refine,128,1,16,it0142,0.2629581391811371,0.08379705250263214,0.04,False,0
D5_1,refine,128,1,16,it0143,0.3692443072795868,0.5591585636138916,0.0,False,0
D5_1,refine,128,1,16,it0144,0.6196796894073486,0.24229572713375092,0.03571428571428571,False,0
D5_1,refine,128,1,16,it0145,0.5116117596626282,0.6257036328315735,0.025,False,0
D5_1,refine,128,1,16,it0146,0.5550618171691895,0.40088215470314026,0.05,False,0
D5_1,refine,128,1,16,it0147,0.35834693908691406,0.3169102072715759,0.13043478260869565,False,0
D5_1,refine,128,1,16,it0148,0.08486993610858917,0.1188911646604538,0.07142857142857142,False,0
D5_1,refine,128,1,16,it0149,0.4455373287200928,0.432302862405777,0.14285714285714285,False,0
D5_1,refine,128,1,16,it0150,0.4047384560108185,0.48282915353775024,0.23076923076923078,False,0
D5_1,refine,128,1,16,it0151,0.47628188133239746,0.38823679089546204,0.0,False,0
D5_1,refine,128,1,16,it0152,0.5334728956222534,0.326308012008667,0.0,False,0
D5_1,refine,128,1,16,it0153,0.3284795880317688,0.3729831874370575,0.16666666666666666,False,0
D5_1,refine,128,1,16,it0154,0.2791680693626404,0.12395158410072327,0.15789473684210525,False,0
D5_1,refine,128,1,16,it0155,0.3257983922958374,0.36341726779937744,0.07142857142857142,False,0
D5_1,refine,128,1,16,it0156,0.2513175308704376,0.1680421531200409,0.14285714285714285,False,0
D5_1,refine,128,1,16,it0157,0.5547212362289429,0.48655253648757935,0.046511627906976744,False,0
D5_1,refine,128,1,16,it0158,0.23570066690444946,0.09828652441501617,0.05263157894736842,False,0
D5_1,refine,128,1,16,it0159,0.39004307985305786,0.3930068016052246,0.14285714285714285,False,0
D5_1,refine,128,1,16,it0160,0.6076223254203796,0.4470936059951782,0.03225806451612903,False,0
D5_1,refine,128,1,16,it0161,0.3644629716873169,0.3300054669380188,0.034482758620689655,False,0
D5_1,refine,128,1,16,it0162,0.12053617835044861,0.19923098385334015,0.2222222222222222,False,0
D5_1,refine,128,1,16,it0163,0.42709028720855713,0.3319140076637268,0.0,False,0
D5_1,refine,128,1,16,it0164,0.5193828344345093,0.27161705493927,0.0967741935483871,False,0
D5_1,refine,128,1,16,it0165,0.38680586218833923,0.37922850251197815,0.09090909090909091,False,0
D5_1,refine,128,1,16,it0166,0.4653239846229553,0.14480699598789215,0.16666666666666666,False,0
D5_1,refine,128,1,16,it0167,0.4388006627559662,0.5360805988311768,0.10526315789473684,False,0
D5_1,refine,128,1,16,it0168,0.30251386761665344,0.28578466176986694,0.2,False,0
D5_1,refine,128,1,16,it0169,0.27320629358291626,0.4092094302177429,0.0,False,0
D5_1,refine,128,1,16,it0170,0.3581162095069885,0.3706034719944,0.23529411764705882,False,0
D5_1,refine,128,1,16,it0171,0.6901417970657349,0.5684545040130615,0.047619047619047616,False,0
D5_1,refine,128,1,16,it0172,0.2694713771343231,0.2489730715751648,0.0,False,0
D5_1,refine,128,1,16,it0173,0.6902159452438354,0.6631631851196289,0.06666666666666667,False,0
D5_1,refine,128,1,16,it0174,0.5492922067642212,0.28249430656433105,0.0,False,0
D5_1,refine,128,1,16,it0175,0.19502855837345123,0.11771945655345917,0.0,False,0
D5_1,refine,128,1,16,it0176,0.38668501377105713,0.4045463800430298,0.1111111111111111,False,0
D5_1,refine,128,1,16,it0177,0.35907500982284546,0.5028713345527649,0.05263157894736842,False,0
D5_1,refine,128,1,16,it0178,0.3323524594306946,0.1788128763437271,0.11764705882352941,False,0
D5_1,refine,128,1,16,it0179,0.5283762216567993,0.6057031154632568,0.0967741935483871,False,0
D5_1,refine,128,1,16,it0180,0.41778457164764404,0.4632243812084198,0.0,False,0
D5_1,refine,128,1,16,it0181,0.552657425403595,0.5674746632575989,0.0,False,0
D5_1,refine,128,1,16,it0182,0.617106556892395,0.4908694922924042,0.04,False,0
D5_1,refine,128,1,16,it0183,0.5255259275436401,0.5185914635658264,0.0,False,0
D5_1,refine,128,1,16,it0184,0.35743752121925354,0.313546359539032,0.06666666666666667,False,0
D5_1,refine,128,1,16,it0185,0.4613320231437683,0.5128958821296692,0.03225806451612903,False,0
D5_1,refine,128,1,16,it0186,0.5482158064842224,0.5026344060897827,0.08333333333333333,False,0
D5_1,refine,128,1,16,it0187,0.4927395284175873,0.31183815002441406,0.0625,False,0
D5_1,refine,128,1,16,it0188,0.36491286754608154,0.34960782527923584,0.2222222222222222,False,0
D5_1,refine,128,1,16,it0189,0.4551624059677124,0.25387507677078247,0.25,False,0
D5_1,refine,128,1,16,it0190,0.5883720517158508,0.5348417162895203,0.0,False,0
D5_1,refine,128,1,16,it0191,0.37565651535987854,0.3176398277282715,0.04,False,0
D5_1,refine,128,1,16,it0192,0.5844417810440063,0.5458661317825317,0.037037037037037035,False,0
D5_1,refine,128,1,16,it0193,0.4164561927318573,0.27940595149993896,0.125,False,0
D5_1,refine,128,1,16,it0194,0.5585434436798096,0.6298913955688477,0.0,False,0
D5_1,refine,128,1,16,it0195,0.6476398706436157,0.4875495433807373,0.0,False,0
D5_1,refine,128,1,16,it0196,0.45583876967430115,0.4443347454071045,0.2857142857142857,False,0
D5_1,refine,128,1,16,it0197,0.33262157440185547,0.3359780013561249,0.0,False,0
D5_1,refine,128,1,16,it0198,0.3137687146663666,0.24781344830989838,0.0,False,0
D5_1,refine,128,1,16,it0199,0.41652899980545044,0.474982887506485,0.11764705882352941,False,0
D5_1,refine,256,1,32,it0000,0.4880014657974243,0.3250817358493805,0.1956521739130435,False,0
D5_1,refine,256,1,32,it0001,0.2092161327600479,0.20015542209148407,0.16666666666666666,False,0
D5_1,refine,256,1,32,it0002,0.3682606816291809,0.2812034487724304,0.06666666666666667,False,0
D5_1,refine,256,1,32,it0003,0.5176981091499329,0.2707594335079193,0.06666666666666667,False,0
D5_1,refine,256,1,32,it0004,0.4747316837310791,0.4122021198272705,0.125,False,0
D5_1,refine,256,1,32,it0005,0.41261565685272217,0.4041186571121216,0.0,False,0
D5_1,refine,256,1,32,it0006,0.3281605541706085,0.3804730772972107,0.0,False,0
D5_1,refine,256,1,32,it0007,0.2960973083972931,0.4161900579929352,0.11363636363636363,False,0
D5_1,refine,256,1,32,it0008,0.33640438318252563,0.1885024607181549,0.14285714285714285,False,0
D5_1,refine,256,1,32,it0009,0.601429283618927,0.5150078535079956,0.0,False,0
D5_1,refine,256,1,32,it0010,0.5843850374221802,0.6013844013214111,0.05555555555555555,False,0
D5_1,refine,256,1,32,it0011,0.5509411096572876,0.5243347883224487,0.0,False,0
D5_1,refine,256,1,32,it0012,0.4275079071521759,0.27377963066101074,0.3448275862068966,False,0
D5_1,refine,256,1,32,it0013,0.5774283409118652,0.544235110282898,0.0,False,0
D5_1,refine,256,1,32,it0014,0.44793814420700073,0.36726582050323486,0.0,False,0
D5_1,refine,256,1,32,it0015,0.48672911524772644,0.43986886739730835,0.23529411764705882,False,0
D5_1,refine,256,1,32,it0016,0.6323283314704895,0.5391222238540649,0.058823529411764705,False,0
D5_1,refine,256,1,32,it0017,0.4904060363769531,0.37308448553085327,0.0,False,0
D5_1,refine,256,1,32,it0018,0.23171892762184143,0.20258773863315582,0.029411764705882353,False,0
D5_1,refine,256,1,32,it0019,0.5959324836730957,0.5308542847633362,0.021739130434782608,False,0
D5_1,refine,256,1,32,it0020,0.3459937274456024,0.1455298513174057,0.3076923076923077,False,0
D5_1,refine,256,1,32,it0021,0.43596261739730835,0.2386162430047989,0.030303030303030304,False,0
D5_1,refine,256,1,32,it0022,0.4417905807495117,0.4433450698852539,0.325,False,0
D5_1,refine,256,1,32,it0023,0.6470046639442444,0.5684448480606079,0.1111111111111111,False,0
D5_1,refine,256,1,32,it0024,0.5580450892448425,0.45223528146743774,0.21428571428571427,False,0
D5_1,refine,256,1,32,it0025,0.6395401358604431,0.5766246318817139,0.0,False,0
D5_1,refine,256,1,32,it0026,0.23876070976257324,0.18871402740478516,0.0,False,0
D5_1,refine,256,1,32,it0027,0.7128210067749023,0.5874921679496765,0.0,False,0
D5_1,refine,256,1,32,it0028,0.42232438921928406,0.3736077547073364,0.047619047619047616,False,0
D5_1,refine,256,1,32,it0029,0.27709731459617615,0.3802321255207062,0.0625,False,0
D5_1,refine,256,1,32,it0030,0.4566366374492645,0.45142683386802673,0.12,False,0
D5_1,refine,256,1,32,it0031,0.2504093647003174,0.2981945276260376,0.2222222222222222,False,0
D5_1,refine,256,1,32,it0032,0.6046342253684998,0.6622344851493835,0.07407407407407407,False,0
D5_1,refine,256,1,32,it0033,0.26064643263816833,0.275961697101593,0.15384615384615385,False,0
D5_1,refine,256,1,32,it0034,0.3581995368003845,0.29651787877082825,0.06666666666666667,False,0
D5_1,refine,256,1,32,it0035,0.2799336910247803,0.21634048223495483,0.07692307692307693,False,0
D5_1,refine,256,1,32,it0036,0.5518673062324524,0.46843546628952026,0.05555555555555555,False,0
D5_1,refine,256,1,32,it0037,0.5595546960830688,0.4711783230304718,0.0,False,0
D5_1,refine,256,1,32,it0038,0.3179870843887329,0.16995121538639069,0.05405405405405406,False,0
D5_1,refine,256,1,32,it0039,0.42653143405914307,0.48385950922966003,0.04878048780487805,False,0
D5_1,refine,256,1,32,it0040,0.3222314119338989,0.15673303604125977,0.3333333333333333,False,0
D5_1,refine,256,1,32,it0041,0.6755043268203735,0.49376344680786133,0.09090909090909091,False,0
D5_1,refine,256,1,32,it0042,0.3438921570777893,0.3066156804561615,0.18518518518518517,False,0
D5_1,refine,256,1,32,it0043,0.20247015357017517,0.11699415743350983,0.0,False,0
D5_1,refine,256,1,32,it0044,0.5147445797920227,0.6044716835021973,0.16,False,0
D5_1,refine,256,1,32,it0045,0.2485487163066864,0.4110810160636902,0.06666666666666667,False,0
D5_1,refine,256,1,32,it0046,0.3719591200351715,0.2496613711118698,0.0,False,0
D5_1,refine,256,1,32,it0047,0.33545929193496704,0.46880242228507996,0.55,False,0
D5_1,refine,256,1,32,it0048,0.5141133069992065,0.40087372064590454,0.1875,False,0
D5_1,refine,256,1,32,it0049,0.34070172905921936,0.4974508285522461,0.045454545454545456,False,0
D5_1,refine,256,1,32,it0050,0.22637687623500824,0.16726040840148926,0.8636363636363636,False,0
D5_1,refine,256,1,32,it0051,0.17098993062973022,0.3686527907848358,0.034482758620689655,False,0
D5_1,refine,256,1,32,it0052,0.40953588485717773,0.44661664962768555,0.0,False,0
D5_1,refine,256,1,32,it0053,0.3042178153991699,0.37747883796691895,0.10810810810810811,False,0
D5_1,refine,256,1,32,it0054,0.2702166736125946,0.009116074070334435,0.08333333333333333,False,0
D5_1,refine,256,1,32,it0055,0.4810454249382019,0.5123071670532227,0.11538461538461539,False,0
D5_1,refine,256,1,32,it0056,0.35816797614097595,0.21021951735019684,0.1,False,0
D5_1,refine,256,1,32,it0057,0.48445478081703186,0.3691543936729431,0.08823529411764706,False,0
D5_1,refine,256,1,32,it0058,0.4060002863407135,0.3508439362049103,0.08333333333333333,False,0
D5_1,refine,256,1,32,it0059,0.533597469329834,0.6083369255065918,0.07142857142857142,False,0
D5_1,refine,256,1,32,it0060,0.45900851488113403,0.33942294120788574,0.11764705882352941,False,0
D5_1,refine,256,1,32,it0061,0.5164191126823425,0.5908635854721069,0.0,False,0
D5_1,refine,256,1,32,it0062,0.6861212849617004,0.5431627631187439,0.14285714285714285,False,0
D5_1,refine,256,1,32,it0063,0.43370622396469116,0.3611465096473694,0.06896551724137931,False,0
D5_1,refine,256,1,32,it0064,0.35986486077308655,0.4421740770339966,0.05555555555555555,False,0
D5_1,refine,256,1,32,it0065,0.6475462317466736,0.5856391191482544,0.07692307692307693,False,0
D5_1,refine,256,1,32,it0066,0.28158140182495117,0.25875961780548096,0.09523809523809523,False,0
D5_1,refine,256,1,32,it0067,0.30311319231987,0.35218918323516846,0.2222222222222222,False,0
D5_1,refine,256,1,32,it0068,0.6901853680610657,0.6411905884742737,0.02564102564102564,False,0
D5_1,refine,256,1,32,it0069,0.37418240308761597,0.38805538415908813,0.09090909090909091,False,0
D5_1,refine,256,1,32,it0070,0.3875129520893097,0.32678091526031494,0.06666666666666667,False,0
D5_1,refine,256,1,32,it0071,0.5554661750793457,0.48683345317840576,0.07142857142857142,False,0
D5_1,refine,256,1,32,it0072,0.41750067472457886,0.489948570728302,0.0,False,0
D5_1,refine,256,1,32,it0073,0.06357191503047943,0.11840327829122543,0.3793103448275862,False,0
D5_1,refine,256,1,32,it0074,0.3054679036140442,0.1961945742368698,0.13333333333333333,False,0
D5_1,refine,256,1,32,it0075,0.36303114891052246,0.42777788639068604,0.043478260869565216,False,0
D5_1,refine,256,1,32,it0076,0.4933956563472748,0.267241895198822,0.13043478260869565,False,0
D5_1,refine,256,1,32,it0077,0.4682632088661194,0.3124408423900604,0.25,False,0
D5_1,refine,256,1,32,it0078,0.37927311658859253,0.3015255033969879,0.23809523809523808,False,0
D5_1,refine,256,1,32,it0079,0.6872943043708801,0.5513338446617126,0.041666666666666664,False,0
D5_1,refine,256,1,32,it0080,0.40985679626464844,0.2178615927696228,0.07317073170731707,False,0
D5_1,refine,256,1,32,it0081,0.30771833658218384,0.24358408153057098,0.03571428571428571,False,0
D5_1,refine,256,1,32,it0082,0.4284800887107849,0.5323936343193054,0.11764705882352941,False,0
D5_1,refine,256,1,32,it0083,0.4892905652523041,0.3800014555454254,0.0,False,0
D5_1,refine,256,1,32,it0084,0.5597566962242126,0.43471434712409973,0.08888888888888889,False,0
D5_1,refine,256,1,32,it0085,0.5018193125724792,0.48942261934280396,0.21428571428571427,False,0
D5_1,refine,256,1,32,it0086,0.6142362952232361,0.5921928882598877,0.058823529411764705,False,0
D5_1,refine,256,1,32,it0087,0.5523209571838379,0.5302869081497192,0.1875,False,0
D5_1,refine,256,1,32,it0088,0.29927894473075867,0.3627217411994934,0.0,False,0
D5_1,refine,256,1,32,it0089,0.3843228220939636,0.3098720908164978,0.041666666666666664,False,0
D5_1,refine,256,1,32,it0090,0.6013405323028564,0.5740370750427246,0.0,False,0
D5_1,refine,256,1,32,it0091,0.4837287366390228,0.45217835903167725,0.03225806451612903,False,0
D5_1,refine,256,1,32,it0092,0.4745986759662628,0.3712407946586609,0.0,False,0
D5_1,refine,256,1,32,it0093,0.5076554417610168,0.3625282049179077,0.0,False,0
D5_1,refine,256,1,32,it0094,0.42504963278770447,0.5172481536865234,0.07692307692307693,False,0
D5_1,refine,256,1,32,it0095,0.433633953332901,0.5437825918197632,0.14285714285714285,False,0
D5_1,refine,256,1,32,it0096,0.5498500466346741,0.4149319529533386,0.18181818181818182,False,0
D5_1,refine,256,1,32,it0097,0.6284265518188477,0.6914494633674622,0.0,False,0
D5_1,refine,256,1,32,it0098,0.5287133455276489,0.45599037408828735,0.07407407407407407,False,0
D5_1,refine,256,1,32,it0099,0.26583683490753174,0.25332438945770264,0.0,False,0
D5_1,refine,256,1,32,it0100,0.6316388249397278,0.5976888537406921,0.0,False,0
D5_1,refine,256,1,32,it0101,0.3585317134857178,0.38984414935112,0.0,False,0
D5_1,refine,256,1,32,it0102,0.23000234365463257,0.42943137884140015,0.15384615384615385,False,0
D5_1,refine,256,1,32,it0103,0.23597753047943115,0.37768834829330444,0.0,False,0
D5_1,refine,256,1,32,it0104,0.6010478138923645,0.5556768774986267,0.0,False,0
D5_1,refine,256,1,32,it0105,0.33417391777038574,0.489208459854126,0.14285714285714285,False,0
D5_1,refine,256,1,32,it0106,0.3103847801685333,0.2870050072669983,0.041666666666666664,False,0
D5_1,refine,256,1,32,it0107,0.540042519569397,0.5304484367370605,0.13043478260869565,False,0
D5_1,refine,256,1,32,it0108,0.47420892119407654,0.3003729283809662,0.125,False,0
D5_1,refine,256,1,32,it0109,0.4840616285800934,0.47922050952911377,0.15789473684210525,False,0
D5_1,refine,256,1,32,it0110,0.23851275444030762,0.13737790286540985,0.0,False,0
D5_1,refine,256,1,32,it0111,0.18924613296985626,0.12930981814861298,0.36363636363636365,False,0
D5_1,refine,256,1,32,it0112,0.6172525882720947,0.5555505752563477,0.045454545454545456,False,0
D5_1,refine,256,1,32,it0113,0.5266377925872803,0.4952968955039978,0.0,False,0
D5_1,refine,256,1,32,it0114,0.45515069365501404,0.3900141417980194,0.6666666666666666,False,0
D5_1,refine,256,1,32,it0115,0.3032710552215576,0.20620611310005188,0.0,False,0
D5_1,refine,256,1,32,it0116,0.4590767025947571,0.35143035650253296,0.11764705882352941,False,0
D5_1,refine,256,1,32,it0117,0.44654086232185364,0.5944478511810303,0.029411764705882353,False,0
D5_1,refine,256,1,32,it0118,0.69793301820755,0.6399827003479004,0.21153846153846154,False,0
D5_1,refine,256,1,32,it0119,0.4855465590953827,0.6336950063705444,0.21428571428571427,False,0
D5_1,refine,256,1,32,it0120,0.5971042513847351,0.5873581767082214,0.0,False,0
D5_1,refine,256,1,32,it0121,0.5652529001235962,0.40228012204170227,0.15,False,0
D5_1,refine,256,1,32,it0122,0.2863315939903259,0.4309953451156616,0.45454545454545453,False,0
D5_1,refine,256,1,32,it0123,0.2738988995552063,0.3272348940372467,0.11764705882352941,False,0
D5_1,refine,256,1,32,it0124,0.6022541522979736,0.49738338589668274,0.0,False,0
D5_1,refine,256,1,32,it0125,0.5041611194610596,0.4596901535987854,0.02564102564102564,False,0
D5_1,refine,256,1,32,it0126,0.5272019505500793,0.41642680764198303,0.0625,False,0
D5_1,refine,256,1,32,it0127,0.41845545172691345,0.3672388792037964,0.0,False,0
D5_1,refine,256,1,32,it0128,0.32042455673217773,0.3812185823917389,0.0,False,0
D5_1,refine,256,1,32,it0129,0.3317820131778717,0.25918108224868774,0.0,False,0
D5_1,refine,256,1,32,it0130,0.2848743498325348,0.40245121717453003,0.1,False,0
D5_1,refine,256,1,32,it0131,0.35436922311782837,0.4201890826225281,0.0,False,0
D5_1,refine,256,1,32,it0132,0.3248944878578186,0.26231592893600464,0.0,False,0
D5_1,refine,256,1,32,it0133,0.5295301079750061,0.48587697744369507,0.07142857142857142,False,0
D5_1,refine,256,1,32,it0134,0.49067893624305725,0.4550158977508545,0.02631578947368421,False,0
D5_1,refine,256,1,32,it0135,0.37266016006469727,0.3422386646270752,0.02564102564102564,False,0
D5_1,refine,256,1,32,it0136,0.3963289260864258,0.44078999757766724,0.0,False,0
D5_1,refine,256,1,32,it0137,0.5774044394493103,0.4402421712875366,0.08333333333333333,False,0
D5_1,refine,256,1,32,it0138,0.5637238621711731,0.5987865328788757,0.2777777777777778,False,0
D5_1,refine,256,1,32,it0139,0.5692554116249084,0.24425014853477478,0.0,False,0
D5_1,refine,256,1,32,it0140,0.521277666091919,0.4253675937652588,0.041666666666666664,False,0
D5_1,refine,256,1,32,it0141,0.6368961334228516,0.6943917274475098,0.1,False,0
D5_1,refine,256,1,32,it0142,0.2543788552284241,0.27496254444122314,0.0,False,0
D5_1,refine,256,1,32,it0143,0.3399064838886261,0.5674371123313904,0.0,False,0
D5_1,refine,256,1,32,it0144,0.6256114840507507,0.38963085412979126,0.03571428571428571,False,0
D5_1,refine,256,1,32,it0145,0.5204771161079407,0.5758556127548218,0.025,False,0
D5_1,refine,256,1,32,it0146,0.5156481266021729,0.40344858169555664,0.05,False,0
D5_1,refine,256,1,32,it0147,0.4106159210205078,0.27775415778160095,0.0,False,0
D5_1,refine,256,1,32,it0148,0.12335345149040222,0.24618594348430634,0.03571428571428571,False,0
D5_1,refine,256,1,32,it0149,0.5512499809265137,0.4599663317203522,0.14285714285714285,False,0
D5_1,refine,256,1,32,it0150,0.37746474146842957,0.4382418096065521,0.07692307692307693,False,0
D5_1,refine,256,1,32,it0151,0.5800471305847168,0.5983563661575317,0.0,False,0
D5_1,refine,256,1,32,it0152,0.538110613822937,0.4344397187232971,0.0,False,0
D5_1,refine,256,1,32,it0153,0.25575557351112366,0.3239673972129822,0.07142857142857142,False,0
D5_1,refine,256,1,32,it0154,0.3640744686126709,0.25319361686706543,0.0,False,0
D5_1,refine,256,1,32,it0155,0.26917892694473267,0.30739861726760864,0.0,False,0
D5_1,refine,256,1,32,it0156,0.2702871561050415,0.2026161253452301,0.0,False,0
D5_1,refine,256,1,32,it0157,0.5750466585159302,0.5048035383224487,0.023255813953488372,False,0
D5_1,refine,256,1,32,it0158,0.25225457549095154,0.1407485008239746,0.10526315789473684,False,0
D5_1,refine,256,1,32,it0159,0.48833635449409485,0.3985096216201782,0.07142857142857142,False,0
D5_1,refine,256,1,32,it0160,0.6250733733177185,0.5169082880020142,0.06451612903225806,False,0
D5_1,refine,256,1,32,it0161,0.3196079730987549,0.2396440953016281,0.034482758620689655,False,0
D5_1,refine,256,1,32,it0162,0.13983365893363953,0.10307297855615616,0.037037037037037035,False,0
D5_1,refine,256,1,32,it0163,0.4399206340312958,0.34464284777641296,0.058823529411764705,False,0
D5_1,refine,256,1,32,it0164,0.5840925574302673,0.3581724762916565,0.0,False,0
D5_1,refine,256,1,32,it0165,0.3687204122543335,0.4104863703250885,0.030303030303030304,False,0
D5_1,refine,256,1,32,it0166,0.5431098937988281,0.29989397525787354,0.08333333333333333,False,0
D5_1,refine,256,1,32,it0167,0.39914971590042114,0.3755173683166504,0.21052631578947367,False,0
D5_1,refine,256,1,32,it0168,0.3367231488227844,0.3486957252025604,0.0,False,0
D5_1,refine,256,1,32,it0169,0.4943234920501709,0.47474801540374756,0.15,False,0
D5_1,refine,256,1,32,it0170,0.3503386080265045,0.3323209285736084,0.35294117647058826,False,0
D5_1,refine,256,1,32,it0171,0.697687566280365,0.4910375475883484,0.0,False,0
D5_1,refine,256,1,32,it0172,0.2074144035577774,0.199385404586792,0.0,False,0
D5_1,refine,256,1,32,it0173,0.6877362728118896,0.672969400882721,0.03333333333333333,False,0
D5_1,refine,256,1,32,it0174,0.43860745429992676,0.3063581883907318,0.25,False,0
D5_1,refine,256,1,32,it0175,0.23325899243354797,0.16752441227436066,0.13333333333333333,False,0
D5_1,refine,256,1,32,it0176,0.28447702527046204,0.305471807718277,0.0,False,0
D5_1,refine,256,1,32,it0177,0.38335272669792175,0.4039705693721771,0.05263157894736842,False,0
D5_1,refine,256,1,32,it0178,0.4545721411705017,0.23734845221042633,0.17647058823529413,False,0
D5_1,refine,256,1,32,it0179,0.5359740853309631,0.6392439007759094,0.12903225806451613,False,0
D5_1,refine,256,1,32,it0180,0.4079287648200989,0.4481967091560364,0.0,False,0
D5_1,refine,256,1,32,it0181,0.46878474950790405,0.4807937443256378,0.024390243902439025,False,0
D5_1,refine,256,1,32,it0182,0.5651973485946655,0.49809738993644714,0.24,False,0
D5_1,refine,256,1,32,it0183,0.5530825853347778,0.5188884735107422,0.0,False,0
D5_1,refine,256,1,32,it0184,0.354670912027359,0.4303581714630127,0.13333333333333333,False,0
D5_1,refine,256,1,32,it0185,0.45269066095352173,0.4814288318157196,0.0,False,0
D5_1,refine,256,1,32,it0186,0.5438552498817444,0.5163280963897705,0.125,False,0
D5_1,refine,256,1,32,it0187,0.47284796833992004,0.42192959785461426,0.0,False,0
D5_1,refine,256,1,32,it0188,0.5417779684066772,0.5573750734329224,0.1111111111111111,False,0
D5_1,refine,256,1,32,it0189,0.42855238914489746,0.3409911096096039,0.0,False,0
D5_1,refine,256,1,32,it0190,0.6073977947235107,0.530828058719635,0.0625,False,0
D5_1,refine,256,1,32,it0191,0.4138679504394531,0.37188833951950073,0.0,False,0
D5_1,refine,256,1,32,it0192,0.5021612048149109,0.6025738716125488,0.2962962962962963,False,0
D5_1,refine,256,1,32,it0193,0.4314804673194885,0.14703111350536346,0.125,False,0
D5_1,refine,256,1,32,it0194,0.6354437470436096,0.6789920330047607,0.0,False,0
D5_1,refine,256,1,32,it0195,0.5858988761901855,0.5561219453811646,0.07692307692307693,False,0
D5_1,refine,256,1,32,it0196,0.5066757202148438,0.40046465396881104,0.14285714285714285,False,0
D5_1,refine,256,1,32,it0197,0.3736949861049652,0.40039485692977905,0.0,False,0
D5_1,refine,256,1,32,it0198,0.3669324815273285,0.13117705285549164,0.0,False,0
D5_1,refine,256,1,32,it0199,0.4788402318954468,0.45286825299263,0.058823529411764705,False,0
D5_1,refine,512,1,64,it0000,0.3823854923248291,0.3473379611968994,0.043478260869565216,False,0
D5_1,refine,512,1,64,it0001,0.40744566917419434,0.3093537986278534,0.0,False,0
D5_1,refine,512,1,64,it0002,0.31341153383255005,0.1958979219198227,0.2,False,0
D5_1,refine,512,1,64,it0003,0.4846673309803009,0.3552568554878235,0.06666666666666667,False,0
D5_1,refine,512,1,64,it0004,0.5161414742469788,0.3424815535545349,0.1875,False,0
D5_1,refine,512,1,64,it0005,0.48637568950653076,0.3902725577354431,0.0,False,0
D5_1,refine,512,1,64,it0006,0.26674702763557434,0.33526307344436646,0.05555555555555555,False,0
D5_1,refine,512,1,64,it0007,0.2099982500076294,0.3239735960960388,0.045454545454545456,False,0
D5_1,refine,512,1,64,it0008,0.28844282031059265,0.23247717320919037,0.19047619047619047,False,0
D5_1,refine,512,1,64,it0009,0.5603013038635254,0.49101555347442627,0.1111111111111111,False,0
D5_1,refine,512,1,64,it0010,0.6235339045524597,0.620147705078125,0.1111111111111111,False,0
D5_1,refine,512,1,64,it0011,0.5449779629707336,0.5072790384292603,0.0,False,0
D5_1,refine,512,1,64,it0012,0.3997264802455902,0.33372607827186584,0.3103448275862069,False,0
D5_1,refine,512,1,64,it0013,0.5996706485748291,0.5612648725509644,0.0,False,0
D5_1,refine,512,1,64,it0014,0.3758985996246338,0.3762430250644684,0.0,False,0
D5_1,refine,512,1,64,it0015,0.5619761347770691,0.5158872008323669,0.11764705882352941,False,0
D5_1,refine,512,1,64,it0016,0.6612995266914368,0.5113800764083862,0.11764705882352941,False,0
D5_1,refine,512,1,64,it0017,0.49585458636283875,0.2962409257888794,0.06666666666666667,False,0
D5_1,refine,512,1,64,it0018,0.27664047479629517,0.17460578680038452,0.029411764705882353,False,0
D5_1,refine,512,1,64,it0019,0.6500207781791687,0.5465714335441589,0.0,False,0
D5_1,refine,512,1,64,it0020,0.30897390842437744,0.24012599885463715,0.3076923076923077,False,0
D5_1,refine,512,1,64,it0021,0.5316931009292603,0.5646379590034485,0.030303030303030304,False,0
D5_1,refine,512,1,64,it0022,0.4408218264579773,0.4063487648963928,0.175,False,0
D5_1,refine,512,1,64,it0023,0.66691654920578,0.5239467024803162,0.1111111111111111,False,0
D5_1,refine,512,1,64,it0024,0.6142705082893372,0.45793598890304565,0.21428571428571427,False,0
D5_1,refine,512,1,64,it0025,0.5513702034950256,0.5665448904037476,0.0,False,0
D5_1,refine,512,1,64,it0026,0.14790506660938263,0.24845322966575623,0.0,False,0
D5_1,refine,512,1,64,it0027,0.6570317149162292,0.6171419024467468,0.125,False,0
D5_1,refine,512,1,64,it0028,0.515974760055542,0.49142396450042725,0.023809523809523808,False,0
D5_1,refine,512,1,64,it0029,0.28102943301200867,0.3993194103240967,0.0,False,0
D5_1,refine,512,1,64,it0030,0.5960263013839722,0.5222345590591431,0.08,False,0
D5_1,refine,512,1,64,it0031,0.19174741208553314,0.2905353605747223,0.16666666666666666,False,0
D5_1,refine,512,1,64,it0032,0.6228001713752747,0.5769901275634766,0.037037037037037035,False,0
D5_1,refine,512,1,64,it0033,0.3848528265953064,0.3035830855369568,0.15384615384615385,False,0
D5_1,refine,512,1,64,it0034,0.3640906810760498,0.22561699151992798,0.03333333333333333,False,0
D5_1,refine,512,1,64,it0035,0.3368740379810333,0.28467339277267456,0.15384615384615385,False,0
D5_1,refine,512,1,64,it0036,0.5289082527160645,0.45119351148605347,0.0,False,0
D5_1,refine,512,1,64,it0037,0.5496780276298523,0.47382134199142456,0.0,False,0
D5_1,refine,512,1,64,it0038,0.24756905436515808,0.14916054904460907,0.02702702702702703,False,0
D5_1,refine,512,1,64,it0039,0.47379934787750244,0.4996802806854248,0.024390243902439025,False,0
D5_1,refine,512,1,64,it0040,0.382491797208786,0.07979933172464371,0.13333333333333333,False,0
D5_1,refine,512,1,64,it0041,0.607024073600769,0.43495407700538635,0.045454545454545456,False,0
D5_1,refine,512,1,64,it0042,0.34930118918418884,0.38533422350883484,0.037037037037037035,False,0
D5_1,refine,512,1,64,it0043,0.16154980659484863,0.10170699656009674,0.0,False,0
D5_1,refine,512,1,64,it0044,0.4665117859840393,0.3224898874759674,0.16,False,0
D5_1,refine,512,1,64,it0045,0.18562251329421997,0.45760053396224976,0.03333333333333333,False,0
D5_1,refine,512,1,64,it0046,0.35974791646003723,0.3525450825691223,0.0,False,0
D5_1,refine,512,1,64,it0047,0.34124845266342163,0.24610573053359985,0.45,False,0
D5_1,refine,512,1,64,it0048,0.4746782183647156,0.3040582835674286,0.1875,False,0
D5_1,refine,512,1,64,it0049,0.36937209963798523,0.46300259232521057,0.09090909090909091,False,0
D5_1,refine,512,1,64,it0050,0.19633328914642334,0.1186683177947998,0.7727272727272727,False,0
D5_1,refine,512,1,64,it0051,0.20795167982578278,0.3750322759151459,0.06896551724137931,False,0
D5_1,refine,512,1,64,it0052,0.3828016519546509,0.5085636377334595,0.0,False,0
D5_1,refine,512,1,64,it0053,0.24968639016151428,0.38594481348991394,0.08108108108108109,False,0
D5_1,refine,512,1,64,it0054,0.27121371030807495,0.06574518233537674,0.0,False,0
D5_1,refine,512,1,64,it0055,0.5471923351287842,0.5057885646820068,0.038461538461538464,False,0
D5_1,refine,512,1,64,it0056,0.38510143756866455,0.18834535777568817,0.1,False,0
D5_1,refine,512,1,64,it0057,0.5384314060211182,0.4420047998428345,0.029411764705882353,False,0
D5_1,refine,512,1,64,it0058,0.4314849078655243,0.37827068567276,0.0,False,0
D5_1,refine,512,1,64,it0059,0.5031256675720215,0.5718506574630737,0.07142857142857142,False,0
D5_1,refine,512,1,64,it0060,0.4345996081829071,0.3318538963794708,0.0,False,0
D5_1,refine,512,1,64,it0061,0.5004690885543823,0.5801301598548889,0.0,False,0
D5_1,refine,512,1,64,it0062,0.576046884059906,0.4892246723175049,0.0,False,0
D5_1,refine,512,1,64,it0063,0.36393654346466064,0.23439563810825348,0.10344827586206896,False,0
D5_1,refine,512,1,64,it0064,0.44403019547462463,0.5758397579193115,0.16666666666666666,False,0
D5_1,refine,512,1,64,it0065,0.5600413084030151,0.5522779226303101,0.1794871794871795,False,0
D5_1,refine,512,1,64,it0066,0.3553563356399536,0.3380832374095917,0.14285714285714285,False,0
D5_1,refine,512,1,64,it0067,0.20014098286628723,0.27670833468437195,0.3333333333333333,False,0
D5_1,refine,512,1,64,it0068,0.7061259150505066,0.6333237290382385,0.05128205128205128,False,0
D5_1,refine,512,1,64,it0069,0.24490642547607422,0.2943645119667053,0.045454545454545456,False,0
D5_1,refine,512,1,64,it0070,0.5082348585128784,0.4830888509750366,0.0,False,0
D5_1,refine,512,1,64,it0071,0.5692196488380432,0.5900821685791016,0.14285714285714285,False,0
D5_1,refine,512,1,64,it0072,0.47463259100914,0.3900189697742462,0.0,False,0
D5_1,refine,512,1,64,it0073,0.07144345343112946,0.10544435679912567,0.27586206896551724,False,0
D5_1,refine,512,1,64,it0074,0.26806241273880005,0.13836191594600677,0.13333333333333333,False,0
D5_1,refine,512,1,64,it0075,0.34238871932029724,0.4329165518283844,0.0,False,0
D5_1,refine,512,1,64,it0076,0.5501775145530701,0.1993705928325653,0.17391304347826086,False,0
D5_1,refine,512,1,64,it0077,0.4351845383644104,0.5177288055419922,0.25,False,0
D5_1,refine,512,1,64,it0078,0.27432072162628174,0.29820704460144043,0.0,False,0
D5_1,refine,512,1,64,it0079,0.6366696357727051,0.5878135561943054,0.041666666666666664,False,0
D5_1,refine,512,1,64,it0080,0.43776237964630127,0.2526851296424866,0.0,False,0
D5_1,refine,512,1,64,it0081,0.2866048514842987,0.19013620913028717,0.0,False,0
D5_1,refine,512,1,64,it0082,0.4938812255859375,0.43190327286720276,0.23529411764705882,False,0
D5_1,refine,512,1,64,it0083,0.4679649770259857,0.4021874666213989,0.0,False,0
D5_1,refine,512,1,64,it0084,0.6646625995635986,0.45609092712402344,0.022222222222222223,False,0
D5_1,refine,512,1,64,it0085,0.6013365983963013,0.44496557116508484,0.0,False,0
D5_1,refine,512,1,64,it0086,0.5996745228767395,0.529712438583374,0.0,False,0
D5_1,refine,512,1,64,it0087,0.6001120805740356,0.6265782117843628,0.25,False,0
D5_1,refine,512,1,64,it0088,0.3759298622608185,0.3461191952228546,0.0,False,0
D5_1,refine,512,1,64,it0089,0.4721176028251648,0.1987297683954239,0.0,False,0
D5_1,refine,512,1,64,it0090,0.6500841975212097,0.5754875540733337,0.0,False,0
D5_1,refine,512,1,64,it0091,0.4472277760505676,0.470451295375824,0.06451612903225806,False,0
D5_1,refine,512,1,64,it0092,0.5067955255508423,0.4648474454879761,0.0,False,0
D5_1,refine,512,1,64,it0093,0.4505894184112549,0.3376171588897705,0.0,False,0
D5_1,refine,512,1,64,it0094,0.45765578746795654,0.4184666872024536,0.0,False,0
D5_1,refine,512,1,64,it0095,0.5419328212738037,0.5287200808525085,0.23809523809523808,False,0
D5_1,refine,512,1,64,it0096,0.5490079522132874,0.49400994181632996,0.22727272727272727,False,0
D5_1,refine,512,1,64,it0097,0.6324712634086609,0.6321758031845093,0.0,False,0
D5_1,refine,512,1,64,it0098,0.5281068086624146,0.3911721110343933,0.07407407407407407,False,0
D5_1,refine,512,1,64,it0099,0.29636749625205994,0.20828017592430115,0.0,False,0
D5_1,refine,512,1,64,it0100,0.6560359597206116,0.6166591048240662,0.0,False,0
D5_1,refine,512,1,64,it0101,0.20196326076984406,0.28127819299697876,0.02631578947368421,False,0
D5_1,refine,512,1,64,it0102,0.36150121688842773,0.44010621309280396,0.07692307692307693,False,0
D5_1,refine,512,1,64,it0103,0.23479583859443665,0.31283363699913025,0.045454545454545456,False,0
D5_1,refine,512,1,64,it0104,0.548123300075531,0.5975605249404907,0.0,False,0
D5_1,refine,512,1,64,it0105,0.395150750875473,0.4730704724788666,0.17142857142857143,False,0
D5_1,refine,512,1,64,it0106,0.3637990951538086,0.43152299523353577,0.0,False,0
D5_1,refine,512,1,64,it0107,0.4940919578075409,0.4355277717113495,0.043478260869565216,False,0
D5_1,refine,512,1,64,it0108,0.5173580050468445,0.31314122676849365,0.0625,False,0
D5_1,refine,512,1,64,it0109,0.5359984040260315,0.4361914396286011,0.21052631578947367,False,0
D5_1,refine,512,1,64,it0110,0.2101791650056839,0.14099112153053284,0.13333333333333333,False,0
D5_1,refine,512,1,64,it0111,0.21279685199260712,0.08014218509197235,0.09090909090909091,False,0
D5_1,refine,512,1,64,it0112,0.6639909744262695,0.6068817973136902,0.022727272727272728,False,0
D5_1,refine,512,1,64,it0113,0.5461218357086182,0.5397643446922302,0.022727272727272728,False,0
D5_1,refine,512,1,64,it0114,0.432597279548645,0.41023004055023193,0.3888888888888889,False,0
D5_1,refine,512,1,64,it0115,0.22885075211524963,0.14984843134880066,0.0,False,0
D5_1,refine,512,1,64,it0116,0.5934983491897583,0.3083075284957886,0.29411764705882354,False,0
D5_1,refine,512,1,64,it0117,0.39320752024650574,0.5038100481033325,0.029411764705882353,False,0
D5_1,refine,512,1,64,it0118,0.4515533149242401,0.5542101860046387,0.25,False,0
D5_1,refine,512,1,64,it0119,0.47563478350639343,0.521092414855957,0.2857142857142857,False,0
D5_1,refine,512,1,64,it0120,0.5305737853050232,0.6202139854431152,0.0,False,0
D5_1,refine,512,1,64,it0121,0.4944102168083191,0.324422687292099,0.25,False,0
D5_1,refine,512,1,64,it0122,0.21041734516620636,0.4703196883201599,0.36363636363636365,False,0
D5_1,refine,512,1,64,it0123,0.2903386652469635,0.40446242690086365,0.17647058823529413,False,0
D5_1,refine,512,1,64,it0124,0.6067624688148499,0.4031549096107483,0.030303030303030304,False,0
D5_1,refine,512,1,64,it0125,0.39933300018310547,0.30068689584732056,0.05128205128205128,False,0
D5_1,refine,512,1,64,it0126,0.5235722064971924,0.34865668416023254,0.0,False,0
D5_1,refine,512,1,64,it0127,0.409003883600235,0.23433268070220947,0.058823529411764705,False,0
D5_1,refine,512,1,64,it0128,0.42789191007614136,0.4580642580986023,0.0,False,0
D5_1,refine,512,1,64,it0129,0.328154057264328,0.30292433500289917,0.0,False,0
D5_1,refine,512,1,64,it0130,0.24150192737579346,0.37204304337501526,0.1,False,0
D5_1,refine,512,1,64,it0131,0.24070137739181519,0.3678407669067383,0.0,False,0
D5_1,refine,512,1,64,it0132,0.260192334651947,0.20385023951530457,0.0,False,0
D5_1,refine,512,1,64,it0133,0.5451918840408325,0.5820088386535645,0.03571428571428571,False,0
D5_1,refine,512,1,64,it0134,0.5071673393249512,0.4421050548553467,0.05263157894736842,False,0
D5_1,refine,512,1,64,it0135,0.3101508915424347,0.21857252717018127,0.02564102564102564,False,0
D5_1,refine,512,1,64,it0136,0.44313907623291016,0.44401776790618896,0.0,False,0
D5_1,refine,512,1,64,it0137,0.5000661015510559,0.3278954327106476,0.08333333333333333,False,0
D5_1,refine,512,1,64,it0138,0.4861186146736145,0.388465017080307,0.2222222222222222,False,0
D5_1,refine,512,1,64,it0139,0.48561736941337585,0.4297046959400177,0.0,False,0
D5_1,refine,512,1,64,it0140,0.3428440988063812,0.3852609395980835,0.0,False,0
D5_1,refine,512,1,64,it0141,0.5672169923782349,0.6280722618103027,0.1,False,0
D5_1,refine,512,1,64,it0142,0.28250357508659363,0.22541922330856323,0.04,False,0
D5_1,refine,512,1,64,it0143,0.40197548270225525,0.49852675199508667,0.0,False,0
D5_1,refine,512,1,64,it0144,0.6337724924087524,0.43335071206092834,0.0,False,0
D5_1,refine,512,1,64,it0145,0.5342395305633545,0.6190712451934814,0.025,False,0
D5_1,refine,512,1,64,it0146,0.49839338660240173,0.4183942675590515,0.05,False,0
D5_1,refine,512,1,64,it0147,0.421139657497406,0.48326170444488525,0.043478260869565216,False,0
D5_1,refine,512,1,64,it0148,0.12921981513500214,0.12188175320625305,0.07142857142857142,False,0
D5_1,refine,512,1,64,it0149,0.43591374158859253,0.37571823596954346,0.14285714285714285,False,0
D5_1,refine,512,1,64,it0150,0.31320270895957947,0.42994076013565063,0.15384615384615385,False,0
D5_1,refine,512,1,64,it0151,0.5335763096809387,0.4959254860877991,0.0,False,0
D5_1,refine,512,1,64,it0152,0.4840204119682312,0.44167768955230713,0.0,False,0
D5_1,refine,512,1,64,it0153,0.19010955095291138,0.25390756130218506,0.0,False,0
D5_1,refine,512,1,64,it0154,0.3988215923309326,0.2244156002998352,0.0,False,0
D5_1,refine,512,1,64,it0155,0.22258597612380981,0.2226928025484085,0.03571428571428571,False,0
D5_1,refine,512,1,64,it0156,0.36132529377937317,0.2236313819885254,0.14285714285714285,False,0
D5_1,refine,512,1,64,it0157,0.5676930546760559,0.5539619326591492,0.11627906976744186,False,0
D5_1,refine,512,1,64,it0158,0.27902495861053467,0.15263906121253967,0.10526315789473684,False,0
D5_1,refine,512,1,64,it0159,0.37737324833869934,0.36911752820014954,0.14285714285714285,False,0
D5_1,refine,512,1,64,it0160,0.572494626045227,0.42549198865890503,0.06451612903225806,False,0
D5_1,refine,512,1,64,it0161,0.45321735739707947,0.41198617219924927,0.0,False,0
D5_1,refine,512,1,64,it0162,0.11615994572639465,0.24784845113754272,0.2222222222222222,False,0
D5_1,refine,512,1,64,it0163,0.5457895398139954,0.39413827657699585,0.11764705882352941,False,0
D5_1,refine,512,1,64,it0164,0.5400155186653137,0.3565809428691864,0.0,False,0
D5_1,refine,512,1,64,it0165,0.3852364718914032,0.2443796694278717,0.030303030303030304,False,0
D5_1,refine,512,1,64,it0166,0.45875969529151917,0.11968374252319336,0.08333333333333333,False,0
D5_1,refine,512,1,64,it0167,0.41733819246292114,0.45706087350845337,0.0,False,0
D5_1,refine,512,1,64,it0168,0.28604209423065186,0.3454323410987854,0.0,False,0
D5_1,refine,512,1,64,it0169,0.33896180987358093,0.28467047214508057,0.05,False,0
D5_1,refine,512,1,64,it0170,0.3997041881084442,0.33739277720451355,0.17647058823529413,False,0
D5_1,refine,512,1,64,it0171,0.7070772647857666,0.5682657361030579,0.047619047619047616,False,0
D5_1,refine,512,1,64,it0172,0.1336149275302887,0.19438742101192474,0.0,False,0
D5_1,refine,512,1,64,it0173,0.7067660093307495,0.6916247010231018,0.0,False,0
D5_1,refine,512,1,64,it0174,0.4979453682899475,0.4883352518081665,0.0,False,0
D5_1,refine,512,1,64,it0175,0.1826828271150589,0.1409449428319931,0.06666666666666667,False,0
D5_1,refine,512,1,64,it0176,0.3453158736228943,0.3813569247722626,0.16666666666666666,False,0
D5_1,refine,512,1,64,it0177,0.3617343306541443,0.5080838799476624,0.05263157894736842,False,0
D5_1,refine,512,1,64,it0178,0.3625669777393341,0.2943759560585022,0.11764705882352941,False,0
D5_1,refine,512,1,64,it0179,0.5990967750549316,0.5852625966072083,0.03225806451612903,False,0
D5_1,refine,512,1,64,it0180,0.44721683859825134,0.5150978565216064,0.0,False,0
D5_1,refine,512,1,64,it0181,0.5736864805221558,0.5415790677070618,0.0,False,0
D5_1,refine,512,1,64,it0182,0.5292838215827942,0.38126417994499207,0.0,False,0
D5_1,refine,512,1,64,it0183,0.5218107104301453,0.3953002393245697,0.0,False,0
D5_1,refine,512,1,64,it0184,0.26629823446273804,0.16409091651439667,0.13333333333333333,False,0
D5_1,refine,512,1,64,it0185,0.43471506237983704,0.4890293478965759,0.03225806451612903,False,0
D5_1,refine,512,1,64,it0186,0.4771290123462677,0.48843133449554443,0.08333333333333333,False,0
D5_1,refine,512,1,64,it0187,0.4766068458557129,0.45316293835639954,0.0625,False,0
D5_1,refine,512,1,64,it0188,0.3839956820011139,0.3408920466899872,0.0,False,0
D5_1,refine,512,1,64,it0189,0.3855203092098236,0.3758401870727539,0.2,False,0
D5_1,refine,512,1,64,it0190,0.6356521844863892,0.5475528240203857,0.0,False,0
D5_1,refine,512,1,64,it0191,0.3864203691482544,0.2568872570991516,0.04,False,0
D5_1,refine,512,1,64,it0192,0.5576976537704468,0.5842509865760803,0.14814814814814814,False,0
D5_1,refine,512,1,64,it0193,0.2534227967262268,0.1474946290254593,0.1875,False,0
D5_1,refine,512,1,64,it0194,0.610328197479248,0.6736820936203003,0.0,False,0
D5_1,refine,512,1,64,it0195,0.572598934173584,0.5113167762756348,0.07692307692307693,False,0
D5_1,refine,512,1,64,it0196,0.46951407194137573,0.4740949273109436,0.0,False,0
D5_1,refine,512,1,64,it0197,0.30055707693099976,0.27874892950057983,0.0,False,0
D5_1,refine,512,1,64,it0198,0.3056613504886627,0.10018289089202881,0.0,False,0
D5_1,refine,512,1,64,it0199,0.4604344666004181,0.4484027028083801,0.058823529411764705,False,0
