run,arm,nfe,K,T,item,ecapa,wavlm,wer,degenerate,pick
D2_1,search,128,2,8,it0000,0.48988133668899536,0.47663190960884094,0.021739130434782608,False,1
D2_1,search,128,2,8,it0001,0.40471309423446655,0.2926850914955139,0.16666666666666666,False,1
D2_1,search,128,2,8,it0002,0.20863766968250275,0.2834635376930237,0.4,False,0
D2_1,search,128,2,8,it0003,0.42395371198654175,0.3156774640083313,0.13333333333333333,False,0
D2_1,search,128,2,8,it0004,0.4851076602935791,0.32521212100982666,0.125,False,1
D2_1,search,128,2,8,it0005,0.43096938729286194,0.42999157309532166,0.037037037037037035,False,1
D2_1,search,128,2,8,it0006,0.2536374628543854,0.3357647955417633,0.2222222222222222,False,1
D2_1,search,128,2,8,it0007,0.25641781091690063,0.40904805064201355,0.13636363636363635,False,0
D2_1,search,128,2,8,it0008,0.4169064462184906,0.34590134024620056,0.47619047619047616,False,1
D2_1,search,128,2,8,it0009,0.5712250471115112,0.5621713399887085,0.0,False,1
D2_1,search,128,2,8,it0010,0.6561217904090881,0.5725943446159363,0.16666666666666666,False,0
D2_1,search,128,2,8,it0011,0.6184006929397583,0.5282541513442993,0.0,False,1
D2_1,search,128,2,8,it0012,0.46614187955856323,0.40448176860809326,0.4827586206896552,False,1
D2_1,search,128,2,8,it0013,0.5547263622283936,0.587294340133667,0.0,False,0
D2_1,search,128,2,8,it0014,0.46880385279655457,0.39924147725105286,0.13333333333333333,False,1
D2_1,search,128,2,8,it0015,0.5471752882003784,0.5492582321166992,0.47058823529411764,False,0
D2_1,search,128,2,8,it0016,0.6003147959709167,0.4665916860103607,0.029411764705882353,False,1
D2_1,search,128,2,8,it0017,0.5683890581130981,0.37370678782463074,0.2,False,0
D2_1,search,128,2,8,it0018,0.3750765919685364,0.310875803232193,0.029411764705882353,False,1
D2_1,search,128,2,8,it0019,0.6629959940910339,0.5456105470657349,0.08695652173913043,False,0
D2_1,search,128,2,8,it0020,0.2798956334590912,0.26101943850517273,0.38461538461538464,False,1
D2_1,search,128,2,8,it0021,0.47632041573524475,0.4393981397151947,0.45454545454545453,False,1
D2_1,search,128,2,8,it0022,0.41665762662887573,0.3991492688655853,0.575,False,1
D2_1,search,128,2,8,it0023,0.6010664701461792,0.40965116024017334,0.3888888888888889,False,0
D2_1,search,128,2,8,it0024,0.6136397123336792,0.5864237546920776,0.14285714285714285,False,0
D2_1,search,128,2,8,it0025,0.6339944005012512,0.6476203799247742,0.0,False,1
D2_1,search,128,2,8,it0026,0.24620434641838074,0.16685160994529724,0.375,False,1
D2_1,search,128,2,8,it0027,0.6934840679168701,0.6874600648880005,0.0625,False,0
D2_1,search,128,2,8,it0028,0.5344272255897522,0.594165563583374,0.11904761904761904,False,1
D2_1,search,128,2,8,it0029,0.3492198884487152,0.5016975998878479,0.0625,False,1
D2_1,search,128,2,8,it0030,0.5567541718482971,0.4373226463794708,0.04,False,0
D2_1,search,128,2,8,it0031,0.3480486273765564,0.27967047691345215,0.16666666666666666,False,0
D2_1,search,128,2,8,it0032,0.6353679299354553,0.5262129902839661,0.18518518518518517,False,1
D2_1,search,128,2,8,it0033,0.37620630860328674,0.2778819799423218,0.15384615384615385,False,1
D2_1,search,128,2,8,it0034,0.37970802187919617,0.4580323398113251,0.03333333333333333,False,1
D2_1,search,128,2,8,it0035,0.2794979214668274,0.2735061049461365,0.23076923076923078,False,1
D2_1,search,128,2,8,it0036,0.6224529147148132,0.5181921720504761,0.2777777777777778,False,1
D2_1,search,128,2,8,it0037,0.46493083238601685,0.55460524559021,0.0,False,1
D2_1,search,128,2,8,it0038,0.29793909192085266,0.23040463030338287,0.02702702702702703,False,0
D2_1,search,128,2,8,it0039,0.5468728542327881,0.5213570594787598,0.07317073170731707,False,0
D2_1,search,128,2,8,it0040,0.28939878940582275,0.29832130670547485,0.0,False,1
D2_1,search,128,2,8,it0041,0.6246165037155151,0.4167450964450836,0.13636363636363635,False,1
D2_1,search,128,2,8,it0042,0.4405618906021118,0.4157736897468567,0.2222222222222222,False,0
D2_1,search,128,2,8,it0043,0.39403003454208374,0.3980015814304352,0.07692307692307693,False,1
D2_1,search,128,2,8,it0044,0.532331645488739,0.495800256729126,0.36,False,1
D2_1,search,128,2,8,it0045,0.19312536716461182,0.4308049976825714,0.3333333333333333,False,0
D2_1,search,128,2,8,it0046,0.32464921474456787,0.2949146032333374,0.0,False,1
D2_1,search,128,2,8,it0047,0.36613258719444275,0.34700530767440796,0.6,False,1
D2_1,search,128,2,8,it0048,0.4529781937599182,0.4022566080093384,0.25,False,1
D2_1,search,128,2,8,it0049,0.31058722734451294,0.5139135718345642,0.22727272727272727,False,1
D2_1,search,128,2,8,it0050,0.26328185200691223,0.17083966732025146,0.18181818181818182,False,1
D2_1,search,128,2,8,it0051,0.20771269500255585,0.4179881513118744,0.034482758620689655,False,1
D2_1,search,128,2,8,it0052,0.23117637634277344,0.3244466185569763,0.0,False,1
D2_1,search,128,2,8,it0053,0.3997606635093689,0.4713493585586548,0.21621621621621623,False,1
D2_1,search,128,2,8,it0054,0.40155482292175293,0.33188921213150024,0.0,False,1
D2_1,search,128,2,8,it0055,0.579717218875885,0.6281755566596985,0.038461538461538464,False,0
D2_1,search,128,2,8,it0056,0.37802854180336,0.3169530928134918,0.15,False,1
D2_1,search,128,2,8,it0057,0.4930066764354706,0.38732582330703735,0.14705882352941177,False,0
D2_1,search,128,2,8,it0058,0.37425893545150757,0.3538627624511719,0.08333333333333333,False,0
D2_1,search,128,2,8,it0059,0.6018856167793274,0.583073616027832,0.14285714285714285,False,1
D2_1,search,128,2,8,it0060,0.5668829679489136,0.39730945229530334,0.0,False,0
D2_1,search,128,2,8,it0061,0.4983733892440796,0.5871065258979797,0.05714285714285714,False,1
D2_1,search,128,2,8,it0062,0.7143270969390869,0.5629261136054993,0.09523809523809523,False,0
D2_1,search,128,2,8,it0063,0.46736401319503784,0.40214279294013977,0.13793103448275862,False,0
D2_1,search,128,2,8,it0064,0.40111300349235535,0.5003978610038757,0.0,False,1
D2_1,search,128,2,8,it0065,0.5946331024169922,0.591143786907196,0.358974358974359,False,1
D2_1,search,128,2,8,it0066,0.2699473798274994,0.3130742311477661,0.14285714285714285,False,0
D2_1,search,128,2,8,it0067,0.4661616384983063,0.43034064769744873,0.1111111111111111,False,0
D2_1,search,128,2,8,it0068,0.7202571630477905,0.6028926372528076,0.0,False,0
D2_1,search,128,2,8,it0069,0.4048863649368286,0.3266047537326813,0.09090909090909091,False,1
D2_1,search,128,2,8,it0070,0.45719844102859497,0.40515968203544617,0.06666666666666667,False,1
D2_1,search,128,2,8,it0071,0.5071821808815002,0.5808010101318359,0.14285714285714285,False,1
D2_1,search,128,2,8,it0072,0.49372100830078125,0.5136960744857788,0.18181818181818182,False,0
D2_1,search,128,2,8,it0073,0.17366944253444672,0.19956137239933014,0.4482758620689655,False,1
D2_1,search,128,2,8,it0074,0.22195062041282654,0.22008666396141052,0.3333333333333333,False,1
D2_1,search,128,2,8,it0075,0.3082810640335083,0.44240322709083557,0.08695652173913043,False,0
D2_1,search,128,2,8,it0076,0.630588173866272,0.36844968795776367,0.21739130434782608,False,1
D2_1,search,128,2,8,it0077,0.47446608543395996,0.5117550492286682,0.25,False,1
D2_1,search,128,2,8,it0078,0.27693846821784973,0.26861897110939026,0.23809523809523808,False,0
D2_1,search,128,2,8,it0079,0.6099932789802551,0.6424587368965149,0.041666666666666664,False,0
D2_1,search,128,2,8,it0080,0.41941043734550476,0.2519204020500183,0.04878048780487805,False,0
D2_1,search,128,2,8,it0081,0.29672861099243164,0.1795203536748886,0.03571428571428571,False,0
D2_1,search,128,2,8,it0082,0.42826762795448303,0.3946983218193054,0.0,False,0
D2_1,search,128,2,8,it0083,0.48160189390182495,0.34741824865341187,0.0,False,0
D2_1,search,128,2,8,it0084,0.6611274480819702,0.5446186065673828,0.044444444444444446,False,1
D2_1,search,128,2,8,it0085,0.6384398341178894,0.46225377917289734,0.07142857142857142,False,0
D2_1,search,128,2,8,it0086,0.5938119888305664,0.5469880104064941,0.35294117647058826,False,1
D2_1,search,128,2,8,it0087,0.5282831192016602,0.6725146174430847,0.25,False,1
D2_1,search,128,2,8,it0088,0.335928738117218,0.3534339666366577,0.047619047619047616,False,0
D2_1,search,128,2,8,it0089,0.49259912967681885,0.3255002498626709,0.0,False,0
D2_1,search,128,2,8,it0090,0.5948169231414795,0.6430699229240417,0.0,False,1
D2_1,search,128,2,8,it0091,0.6046196818351746,0.5244144201278687,0.0,False,0
D2_1,search,128,2,8,it0092,0.48924490809440613,0.38719844818115234,0.05714285714285714,False,1
D2_1,search,128,2,8,it0093,0.5143839120864868,0.45551109313964844,0.05263157894736842,False,1
D2_1,search,128,2,8,it0094,0.3500376343727112,0.4757867157459259,0.0,False,0
D2_1,search,128,2,8,it0095,0.48357853293418884,0.5311776399612427,0.09523809523809523,False,0
D2_1,search,128,2,8,it0096,0.5201792120933533,0.420319139957428,0.22727272727272727,False,1
D2_1,search,128,2,8,it0097,0.627238392829895,0.5832889080047607,0.1,False,0
D2_1,search,128,2,8,it0098,0.5190803408622742,0.3811456859111786,0.037037037037037035,False,0
D2_1,search,128,2,8,it0099,0.2590084969997406,0.18166284263134003,0.0,False,0
D2_1,search,128,2,8,it0100,0.6418507099151611,0.6599004864692688,0.15384615384615385,False,1
D2_1,search,128,2,8,it0101,0.3733188211917877,0.3856889307498932,0.18421052631578946,False,1
D2_1,search,128,2,8,it0102,0.3618530035018921,0.477666437625885,0.0,False,0
D2_1,search,128,2,8,it0103,0.40836191177368164,0.42258888483047485,0.22727272727272727,False,0
D2_1,search,128,2,8,it0104,0.5490818619728088,0.48762086033821106,0.041666666666666664,False,0
D2_1,search,128,2,8,it0105,0.4626120924949646,0.5812543034553528,0.22857142857142856,False,1
D2_1,search,128,2,8,it0106,0.4060549736022949,0.4505276381969452,0.125,False,1
D2_1,search,128,2,8,it0107,0.5030561685562134,0.5704910159111023,0.21739130434782608,False,1
D2_1,search,128,2,8,it0108,0.5405101776123047,0.34831374883651733,0.0,False,0
D2_1,search,128,2,8,it0109,0.5106080770492554,0.4244910180568695,0.0,False,1
D2_1,search,128,2,8,it0110,0.14363783597946167,0.3058045208454132,0.0,False,1
D2_1,search,128,2,8,it0111,0.22399817407131195,0.07488586008548737,0.24242424242424243,False,1
D2_1,search,128,2,8,it0112,0.6382908225059509,0.6033025979995728,0.11363636363636363,False,0
D2_1,search,128,2,8,it0113,0.555307924747467,0.49419379234313965,0.0,False,0
D2_1,search,128,2,8,it0114,0.41352415084838867,0.43550100922584534,0.2777777777777778,False,0
D2_1,search,128,2,8,it0115,0.40629929304122925,0.2801460027694702,0.07142857142857142,False,0
D2_1,search,128,2,8,it0116,0.4415222406387329,0.3211900293827057,0.17647058823529413,False,1
D2_1,search,128,2,8,it0117,0.46723702549934387,0.6614176034927368,0.14705882352941177,False,1
D2_1,search,128,2,8,it0118,0.5273905992507935,0.5186690092086792,0.34615384615384615,False,0
D2_1,search,128,2,8,it0119,0.5234211087226868,0.6679159998893738,0.6428571428571429,False,0
D2_1,search,128,2,8,it0120,0.6156668066978455,0.5193314552307129,0.0,False,1
D2_1,search,128,2,8,it0121,0.5753065347671509,0.3375161588191986,0.3,False,1
D2_1,search,128,2,8,it0122,0.2189921885728836,0.33111709356307983,0.36363636363636365,False,1
D2_1,search,128,2,8,it0123,0.34537291526794434,0.4867270886898041,0.0,False,1
D2_1,search,128,2,8,it0124,0.6416559815406799,0.4454652965068817,0.15151515151515152,False,0
D2_1,search,128,2,8,it0125,0.44750845432281494,0.37035873532295227,0.1282051282051282,False,1
D2_1,search,128,2,8,it0126,0.4815509617328644,0.5221571326255798,0.125,False,0
D2_1,search,128,2,8,it0127,0.4271014630794525,0.4765969216823578,0.058823529411764705,False,0
D2_1,search,128,2,8,it0128,0.3472500145435333,0.5059564709663391,0.1,False,1
D2_1,search,128,2,8,it0129,0.36602872610092163,0.2844625413417816,0.0,False,0
D2_1,search,128,2,8,it0130,0.26436808705329895,0.3234681487083435,0.1,False,1
D2_1,search,128,2,8,it0131,0.4527857303619385,0.5251836180686951,0.0,False,0
D2_1,search,128,2,8,it0132,0.32872045040130615,0.2054906189441681,0.07142857142857142,False,1
D2_1,search,128,2,8,it0133,0.5788134932518005,0.592162549495697,0.07142857142857142,False,0
D2_1,search,128,2,8,it0134,0.4646472930908203,0.3264695405960083,0.07894736842105263,False,0
D2_1,search,128,2,8,it0135,0.22592106461524963,0.27399978041648865,0.05128205128205128,False,0
D2_1,search,128,2,8,it0136,0.3669128119945526,0.360361248254776,0.05,False,0
D2_1,search,128,2,8,it0137,0.4774079918861389,0.3308026194572449,0.3333333333333333,False,0
D2_1,search,128,2,8,it0138,0.61862713098526,0.5605655908584595,0.1111111111111111,False,1
D2_1,search,128,2,8,it0139,0.5356672406196594,0.3310643434524536,0.0,False,0
D2_1,search,128,2,8,it0140,0.46454915404319763,0.48164933919906616,0.375,False,1
D2_1,search,128,2,8,it0141,0.560743510723114,0.6498292684555054,0.3333333333333333,False,0
D2_1,search,128,2,8,it0142,0.2722730040550232,0.3249053657054901,0.04,False,1
D2_1,search,128,2,8,it0143,0.3193439543247223,0.514700174331665,0.0,False,0
D2_1,search,128,2,8,it0144,0.513751745223999,0.35749348998069763,0.07142857142857142,False,0
D2_1,search,128,2,8,it0145,0.6527529358863831,0.6746610403060913,0.025,False,0
D2_1,search,128,2,8,it0146,0.49796733260154724,0.5157970786094666,0.0,False,1
D2_1,search,128,2,8,it0147,0.4903501272201538,0.2730047106742859,0.13043478260869565,False,1
D2_1,search,128,2,8,it0148,0.17721916735172272,0.29181045293807983,0.17857142857142858,False,1
D2_1,search,128,2,8,it0149,0.5906122326850891,0.5099440217018127,0.21428571428571427,False,0
D2_1,search,128,2,8,it0150,0.468357115983963,0.4496263265609741,0.19230769230769232,False,0
D2_1,search,128,2,8,it0151,0.587796151638031,0.5081928372383118,0.058823529411764705,False,0
D2_1,search,128,2,8,it0152,0.5331116914749146,0.5100106000900269,0.0,False,0
D2_1,search,128,2,8,it0153,0.27177679538726807,0.39675840735435486,0.21428571428571427,False,0
D2_1,search,128,2,8,it0154,0.28172555565834045,0.16475187242031097,0.0,False,1
D2_1,search,128,2,8,it0155,0.3271671533584595,0.3566725254058838,0.0,False,1
D2_1,search,128,2,8,it0156,0.2793421745300293,0.275374174118042,0.047619047619047616,False,1
D2_1,search,128,2,8,it0157,0.5911244750022888,0.5284386873245239,0.16279069767441862,False,0
D2_1,search,128,2,8,it0158,0.3604360818862915,0.3336814343929291,0.15789473684210525,False,0
D2_1,search,128,2,8,it0159,0.4588451683521271,0.356796532869339,0.14285714285714285,False,0
D2_1,search,128,2,8,it0160,0.6060930490493774,0.5001122355461121,0.0,False,0
D2_1,search,128,2,8,it0161,0.27970412373542786,0.22582530975341797,0.13793103448275862,False,1
D2_1,search,128,2,8,it0162,0.22171364724636078,0.5119533538818359,0.5555555555555556,False,1
D2_1,search,128,2,8,it0163,0.5006049275398254,0.3134067952632904,0.0,False,1
D2_1,search,128,2,8,it0164,0.5455425977706909,0.37038400769233704,0.0967741935483871,False,0
D2_1,search,128,2,8,it0165,0.30512070655822754,0.35858774185180664,0.06060606060606061,False,1
D2_1,search,128,2,8,it0166,0.44424816966056824,0.31425994634628296,0.08333333333333333,False,1
D2_1,search,128,2,8,it0167,0.4626498222351074,0.4587211608886719,0.2631578947368421,False,0
D2_1,search,128,2,8,it0168,0.3874411880970001,0.34587663412094116,0.1,False,1
D2_1,search,128,2,8,it0169,0.4502434730529785,0.3977879285812378,0.2,False,1
D2_1,search,128,2,8,it0170,0.3895648121833801,0.373399019241333,0.11764705882352941,False,1
D2_1,search,128,2,8,it0171,0.6243535280227661,0.5863534808158875,0.19047619047619047,False,1
D2_1,search,128,2,8,it0172,0.2551141381263733,0.3826116621494293,0.0,False,1
D2_1,search,128,2,8,it0173,0.6813779473304749,0.676254391670227,0.03333333333333333,False,0
D2_1,search,128,2,8,it0174,0.6673837900161743,0.33004453778266907,0.0625,False,0
D2_1,search,128,2,8,it0175,0.1791248768568039,0.13094374537467957,0.0,False,1
D2_1,search,128,2,8,it0176,0.41759636998176575,0.42059609293937683,0.1111111111111111,False,1
D2_1,search,128,2,8,it0177,0.49603548645973206,0.4852423071861267,0.10526315789473684,False,0
D2_1,search,128,2,8,it0178,0.369763046503067,0.2607240378856659,0.058823529411764705,False,1
D2_1,search,128,2,8,it0179,0.5666638612747192,0.6006484031677246,0.22580645161290322,False,1
D2_1,search,128,2,8,it0180,0.41145747900009155,0.5618607997894287,0.0,False,0
D2_1,search,128,2,8,it0181,0.6443850994110107,0.6487800478935242,0.0,False,1
D2_1,search,128,2,8,it0182,0.5768065452575684,0.4385426342487335,0.2,False,0
D2_1,search,128,2,8,it0183,0.5185124278068542,0.5187686085700989,0.08,False,0
D2_1,search,128,2,8,it0184,0.2524888515472412,0.2619510293006897,0.06666666666666667,False,1
D2_1,search,128,2,8,it0185,0.46224355697631836,0.4609295427799225,0.0967741935483871,False,0
D2_1,search,128,2,8,it0186,0.6313906908035278,0.5460596084594727,0.3333333333333333,False,0
D2_1,search,128,2,8,it0187,0.46888041496276855,0.4505372941493988,0.1875,False,1
D2_1,search,128,2,8,it0188,0.538286566734314,0.48879188299179077,0.16666666666666666,False,1
D2_1,search,128,2,8,it0189,0.4638790190219879,0.4248599410057068,0.05,False,1
D2_1,search,128,2,8,it0190,0.6553835868835449,0.49544772505760193,0.125,False,0
D2_1,search,128,2,8,it0191,0.49161097407341003,0.32016852498054504,0.0,False,1
D2_1,search,128,2,8,it0192,0.49622872471809387,0.5577014088630676,0.037037037037037035,False,0
D2_1,search,128,2,8,it0193,0.5190938711166382,0.13373050093650818,0.1875,False,0
D2_1,search,128,2,8,it0194,0.5983296632766724,0.5767763257026672,0.0,False,1
D2_1,search,128,2,8,it0195,0.6816962361335754,0.6078018546104431,0.2692307692307692,False,0
D2_1,search,128,2,8,it0196,0.44663915038108826,0.5103901624679565,0.0,False,0
D2_1,search,128,2,8,it0197,0.4682387113571167,0.3586232364177704,0.09090909090909091,False,0
D2_1,search,128,2,8,it0198,0.27875131368637085,0.25405579805374146,0.0625,False,0
D2_1,search,128,2,8,it0199,0.5020554661750793,0.4782101511955261,0.0,False,0
D2_1,search,256,4,8,it0000,0.5432888865470886,0.4803772568702698,0.2608695652173913,False,3
D2_1,search,256,4,8,it0001,0.40471309423446655,0.2926850914955139,0.16666666666666666,False,1
D2_1,search,256,4,8,it0002,0.3318512439727783,0.31782761216163635,0.06666666666666667,False,2
D2_1,search,256,4,8,it0003,0.5165044665336609,0.42039579153060913,0.06666666666666667,False,3
D2_1,search,256,4,8,it0004,0.4851076602935791,0.32521212100982666,0.125,False,1
D2_1,search,256,4,8,it0005,0.43096938729286194,0.42999157309532166,0.037037037037037035,False,1
D2_1,search,256,4,8,it0006,0.2544826567173004,0.33623629808425903,0.2777777777777778,False,3
D2_1,search,256,4,8,it0007,0.36476680636405945,0.43709057569503784,0.09090909090909091,False,3
D2_1,search,256,4,8,it0008,0.3345654308795929,0.4195947051048279,0.09523809523809523,False,3
D2_1,search,256,4,8,it0009,0.6011644601821899,0.6062692403793335,0.25925925925925924,False,2
D2_1,search,256,4,8,it0010,0.6684951782226562,0.6187919974327087,0.1111111111111111,False,2
D2_1,search,256,4,8,it0011,0.6184006929397583,0.5282541513442993,0.0,False,1
D2_1,search,256,4,8,it0012,0.46614187955856323,0.40448176860809326,0.4827586206896552,False,1
D2_1,search,256,4,8,it0013,0.6383172869682312,0.616986870765686,0.0,False,3
D2_1,search,256,4,8,it0014,0.46880385279655457,0.39924147725105286,0.13333333333333333,False,1
D2_1,search,256,4,8,it0015,0.5471752882003784,0.5492582321166992,0.47058823529411764,False,0
D2_1,search,256,4,8,it0016,0.5793388485908508,0.4752359390258789,0.14705882352941177,False,3
D2_1,search,256,4,8,it0017,0.5683890581130981,0.37370678782463074,0.2,False,0
D2_1,search,256,4,8,it0018,0.3750765919685364,0.310875803232193,0.029411764705882353,False,1
D2_1,search,256,4,8,it0019,0.6629959940910339,0.5456105470657349,0.08695652173913043,False,0
D2_1,search,256,4,8,it0020,0.3144598603248596,0.2786228358745575,0.23076923076923078,False,3
D2_1,search,256,4,8,it0021,0.47754380106925964,0.45462924242019653,0.030303030303030304,False,3
D2_1,search,256,4,8,it0022,0.49587541818618774,0.5320925712585449,0.675,False,2
D2_1,search,256,4,8,it0023,0.5856266617774963,0.5221561193466187,0.2222222222222222,False,2
D2_1,search,256,4,8,it0024,0.6136397123336792,0.5864237546920776,0.14285714285714285,False,0
D2_1,search,256,4,8,it0025,0.6339944005012512,0.6476203799247742,0.0,False,1
D2_1,search,256,4,8,it0026,0.32674598693847656,0.21579128503799438,0.25,False,2
D2_1,search,256,4,8,it0027,0.6934840679168701,0.6874600648880005,0.0625,False,0
D2_1,search,256,4,8,it0028,0.5344272255897522,0.594165563583374,0.11904761904761904,False,1
D2_1,search,256,4,8,it0029,0.3492198884487152,0.5016975998878479,0.0625,False,1
D2_1,search,256,4,8,it0030,0.5485175848007202,0.464103639125824,0.08,False,2
D2_1,search,256,4,8,it0031,0.45954790711402893,0.4410308599472046,0.16666666666666666,False,2
D2_1,search,256,4,8,it0032,0.6353679299354553,0.5262129902839661,0.18518518518518517,False,1
D2_1,search,256,4,8,it0033,0.32975876331329346,0.38013404607772827,0.3076923076923077,False,2
D2_1,search,256,4,8,it0034,0.37970802187919617,0.4580323398113251,0.03333333333333333,False,1
D2_1,search,256,4,8,it0035,0.2794979214668274,0.2735061049461365,0.23076923076923078,False,1
D2_1,search,256,4,8,it0036,0.6224529147148132,0.5181921720504761,0.2777777777777778,False,1
D2_1,search,256,4,8,it0037,0.46493083238601685,0.55460524559021,0.0,False,1
D2_1,search,256,4,8,it0038,0.32849863171577454,0.40134546160697937,0.05405405405405406,False,3
D2_1,search,256,4,8,it0039,0.5468728542327881,0.5213570594787598,0.07317073170731707,False,0
D2_1,search,256,4,8,it0040,0.44414982199668884,0.3299453854560852,0.2,False,2
D2_1,search,256,4,8,it0041,0.6605304479598999,0.47644686698913574,0.09090909090909091,False,3
D2_1,search,256,4,8,it0042,0.5035481452941895,0.42164379358291626,0.14814814814814814,False,3
D2_1,search,256,4,8,it0043,0.39403003454208374,0.3980015814304352,0.07692307692307693,False,1
D2_1,search,256,4,8,it0044,0.5574027299880981,0.6447708606719971,0.4,False,2
D2_1,search,256,4,8,it0045,0.19312536716461182,0.4308049976825714,0.3333333333333333,False,0
D2_1,search,256,4,8,it0046,0.3473716974258423,0.33401739597320557,0.125,False,3
D2_1,search,256,4,8,it0047,0.36613258719444275,0.34700530767440796,0.6,False,1
D2_1,search,256,4,8,it0048,0.5605196952819824,0.5133011937141418,0.3125,False,2
D2_1,search,256,4,8,it0049,0.31058722734451294,0.5139135718345642,0.22727272727272727,False,1
D2_1,search,256,4,8,it0050,0.26328185200691223,0.17083966732025146,0.18181818181818182,False,1
D2_1,search,256,4,8,it0051,0.20771269500255585,0.4179881513118744,0.034482758620689655,False,1
D2_1,search,256,4,8,it0052,0.28868886828422546,0.3870669901371002,0.0,False,2
D2_1,search,256,4,8,it0053,0.3997606635093689,0.4713493585586548,0.21621621621621623,False,1
D2_1,search,256,4,8,it0054,0.40155482292175293,0.33188921213150024,0.0,False,1
D2_1,search,256,4,8,it0055,0.579717218875885,0.6281755566596985,0.038461538461538464,False,0
D2_1,search,256,4,8,it0056,0.37802854180336,0.3169530928134918,0.15,False,1
D2_1,search,256,4,8,it0057,0.5106731057167053,0.47046199440956116,0.38235294117647056,False,3
D2_1,search,256,4,8,it0058,0.37425893545150757,0.3538627624511719,0.08333333333333333,False,0
D2_1,search,256,4,8,it0059,0.5696649551391602,0.5976746678352356,0.07142857142857142,False,2
D2_1,search,256,4,8,it0060,0.5352479219436646,0.4607715904712677,0.4117647058823529,False,3
D2_1,search,256,4,8,it0061,0.5218886733055115,0.6393437385559082,0.0,False,3
D2_1,search,256,4,8,it0062,0.7143270969390869,0.5629261136054993,0.09523809523809523,False,0
D2_1,search,256,4,8,it0063,0.46736401319503784,0.40214279294013977,0.13793103448275862,False,0
D2_1,search,256,4,8,it0064,0.40111300349235535,0.5003978610038757,0.0,False,1
D2_1,search,256,4,8,it0065,0.5946331024169922,0.591143786907196,0.358974358974359,False,1
D2_1,search,256,4,8,it0066,0.3261808454990387,0.32814884185791016,0.09523809523809523,False,2
D2_1,search,256,4,8,it0067,0.4661616384983063,0.43034064769744873,0.1111111111111111,False,0
D2_1,search,256,4,8,it0068,0.7075746059417725,0.6739456653594971,0.0,False,2
D2_1,search,256,4,8,it0069,0.3314277231693268,0.3481823801994324,0.09090909090909091,False,2
D2_1,search,256,4,8,it0070,0.36827370524406433,0.46828097105026245,0.0,False,2
D2_1,search,256,4,8,it0071,0.5071821808815002,0.5808010101318359,0.14285714285714285,False,1
D2_1,search,256,4,8,it0072,0.49372100830078125,0.5136960744857788,0.18181818181818182,False,0
D2_1,search,256,4,8,it0073,0.17366944253444672,0.19956137239933014,0.4482758620689655,False,1
D2_1,search,256,4,8,it0074,0.2779538333415985,0.24399733543395996,0.13333333333333333,False,3
D2_1,search,256,4,8,it0075,0.3082810640335083,0.44240322709083557,0.08695652173913043,False,0
D2_1,search,256,4,8,it0076,0.630588173866272,0.36844968795776367,0.21739130434782608,False,1
D2_1,search,256,4,8,it0077,0.40969961881637573,0.557978630065918,0.3333333333333333,False,2
D2_1,search,256,4,8,it0078,0.4310832619667053,0.390455424785614,0.19047619047619047,False,2
D2_1,search,256,4,8,it0079,0.6099932789802551,0.6424587368965149,0.041666666666666664,False,0
D2_1,search,256,4,8,it0080,0.41941043734550476,0.2519204020500183,0.04878048780487805,False,0
D2_1,search,256,4,8,it0081,0.33411067724227905,0.27568453550338745,0.03571428571428571,False,3
D2_1,search,256,4,8,it0082,0.4545128345489502,0.4814538061618805,0.17647058823529413,False,3
D2_1,search,256,4,8,it0083,0.503412127494812,0.44308269023895264,0.0,False,2
D2_1,search,256,4,8,it0084,0.6847546696662903,0.5885889530181885,0.022222222222222223,False,2
D2_1,search,256,4,8,it0085,0.7081481218338013,0.4850274920463562,0.35714285714285715,False,2
D2_1,search,256,4,8,it0086,0.5938119888305664,0.5469880104064941,0.35294117647058826,False,1
D2_1,search,256,4,8,it0087,0.5282831192016602,0.6725146174430847,0.25,False,1
D2_1,search,256,4,8,it0088,0.335928738117218,0.3534339666366577,0.047619047619047616,False,0
D2_1,search,256,4,8,it0089,0.4938574433326721,0.3568289279937744,0.0,False,2
D2_1,search,256,4,8,it0090,0.5948169231414795,0.6430699229240417,0.0,False,1
D2_1,search,256,4,8,it0091,0.4715753197669983,0.5388795733451843,0.03225806451612903,False,3
D2_1,search,256,4,8,it0092,0.5362846255302429,0.46905314922332764,0.02857142857142857,False,3
D2_1,search,256,4,8,it0093,0.5143839120864868,0.45551109313964844,0.05263157894736842,False,1
D2_1,search,256,4,8,it0094,0.5850032567977905,0.5540476441383362,0.0,False,3
D2_1,search,256,4,8,it0095,0.5807855129241943,0.6044535636901855,0.23809523809523808,False,3
D2_1,search,256,4,8,it0096,0.5819076895713806,0.5037730932235718,0.18181818181818182,False,3
D2_1,search,256,4,8,it0097,0.627238392829895,0.5832889080047607,0.1,False,0
D2_1,search,256,4,8,it0098,0.5909603834152222,0.5582002401351929,0.1111111111111111,False,2
D2_1,search,256,4,8,it0099,0.3732576370239258,0.2252991497516632,0.13043478260869565,False,2
D2_1,search,256,4,8,it0100,0.6418507099151611,0.6599004864692688,0.15384615384615385,False,1
D2_1,search,256,4,8,it0101,0.3733188211917877,0.3856889307498932,0.18421052631578946,False,1
D2_1,search,256,4,8,it0102,0.3618530035018921,0.477666437625885,0.0,False,0
D2_1,search,256,4,8,it0103,0.40836191177368164,0.42258888483047485,0.22727272727272727,False,0
D2_1,search,256,4,8,it0104,0.5206510424613953,0.5857177972793579,0.0,False,3
D2_1,search,256,4,8,it0105,0.4667961299419403,0.5937739610671997,0.0,False,3
D2_1,search,256,4,8,it0106,0.4060549736022949,0.4505276381969452,0.125,False,1
D2_1,search,256,4,8,it0107,0.5030561685562134,0.5704910159111023,0.21739130434782608,False,1
D2_1,search,256,4,8,it0108,0.4845079481601715,0.35156044363975525,0.25,False,3
D2_1,search,256,4,8,it0109,0.48735666275024414,0.4440193176269531,0.0,False,2
D2_1,search,256,4,8,it0110,0.14363783597946167,0.3058045208454132,0.0,False,1
D2_1,search,256,4,8,it0111,0.23237353563308716,0.19137290120124817,0.48484848484848486,False,3
D2_1,search,256,4,8,it0112,0.6382908225059509,0.6033025979995728,0.11363636363636363,False,0
D2_1,search,256,4,8,it0113,0.6561745405197144,0.6145913600921631,0.09090909090909091,False,3
D2_1,search,256,4,8,it0114,0.41352415084838867,0.43550100922584534,0.2777777777777778,False,0
D2_1,search,256,4,8,it0115,0.40629929304122925,0.2801460027694702,0.07142857142857142,False,0
D2_1,search,256,4,8,it0116,0.4415222406387329,0.3211900293827057,0.17647058823529413,False,1
D2_1,search,256,4,8,it0117,0.46723702549934387,0.6614176034927368,0.14705882352941177,False,1
D2_1,search,256,4,8,it0118,0.628788948059082,0.5436076521873474,0.3269230769230769,False,2
D2_1,search,256,4,8,it0119,0.5234211087226868,0.6679159998893738,0.6428571428571429,False,0
D2_1,search,256,4,8,it0120,0.574851930141449,0.5529663562774658,0.0,False,3
D2_1,search,256,4,8,it0121,0.46646827459335327,0.37942150235176086,0.45,False,3
D2_1,search,256,4,8,it0122,0.23696695268154144,0.368762731552124,0.22727272727272727,False,3
D2_1,search,256,4,8,it0123,0.3111785650253296,0.5165338516235352,0.058823529411764705,False,3
D2_1,search,256,4,8,it0124,0.6311609745025635,0.5124362111091614,0.15151515151515152,False,3
D2_1,search,256,4,8,it0125,0.5342377424240112,0.43600258231163025,0.28205128205128205,False,2
D2_1,search,256,4,8,it0126,0.4815509617328644,0.5221571326255798,0.125,False,0
D2_1,search,256,4,8,it0127,0.4271014630794525,0.4765969216823578,0.058823529411764705,False,0
D2_1,search,256,4,8,it0128,0.3472500145435333,0.5059564709663391,0.1,False,1
D2_1,search,256,4,8,it0129,0.36602872610092163,0.2844625413417816,0.0,False,0
D2_1,search,256,4,8,it0130,0.2697960436344147,0.3942519724369049,0.0,False,3
D2_1,search,256,4,8,it0131,0.4527857303619385,0.5251836180686951,0.0,False,0
D2_1,search,256,4,8,it0132,0.31306615471839905,0.22888509929180145,0.0,False,2
D2_1,search,256,4,8,it0133,0.5788134932518005,0.592162549495697,0.07142857142857142,False,0
D2_1,search,256,4,8,it0134,0.36792927980422974,0.3802965581417084,0.02631578947368421,False,3
D2_1,search,256,4,8,it0135,0.36505773663520813,0.3567202091217041,0.1794871794871795,False,3
D2_1,search,256,4,8,it0136,0.39906907081604004,0.3914809226989746,0.0,False,3
D2_1,search,256,4,8,it0137,0.5498443841934204,0.43494999408721924,0.3333333333333333,False,2
D2_1,search,256,4,8,it0138,0.5288293361663818,0.5944857001304626,0.3333333333333333,False,2
D2_1,search,256,4,8,it0139,0.5798470973968506,0.387783408164978,0.0,False,3
D2_1,search,256,4,8,it0140,0.46454915404319763,0.48164933919906616,0.375,False,1
D2_1,search,256,4,8,it0141,0.6939548254013062,0.7434886693954468,0.43333333333333335,False,2
D2_1,search,256,4,8,it0142,0.2722730040550232,0.3249053657054901,0.04,False,1
D2_1,search,256,4,8,it0143,0.3193439543247223,0.514700174331665,0.0,False,0
D2_1,search,256,4,8,it0144,0.5392684936523438,0.4546278417110443,0.03571428571428571,False,3
D2_1,search,256,4,8,it0145,0.6527529358863831,0.6746610403060913,0.025,False,0
D2_1,search,256,4,8,it0146,0.49796733260154724,0.5157970786094666,0.0,False,1
D2_1,search,256,4,8,it0147,0.41379642486572266,0.3757748007774353,0.0,False,2
D2_1,search,256,4,8,it0148,0.17721916735172272,0.29181045293807983,0.17857142857142858,False,1
D2_1,search,256,4,8,it0149,0.5518282651901245,0.518976628780365,0.14285714285714285,False,3
D2_1,search,256,4,8,it0150,0.468357115983963,0.4496263265609741,0.19230769230769232,False,0
D2_1,search,256,4,8,it0151,0.6196706891059875,0.5165035128593445,0.0,False,3
D2_1,search,256,4,8,it0152,0.5331116914749146,0.5100106000900269,0.0,False,0
D2_1,search,256,4,8,it0153,0.27177679538726807,0.39675840735435486,0.21428571428571427,False,0
D2_1,search,256,4,8,it0154,0.28172555565834045,0.16475187242031097,0.0,False,1
D2_1,search,256,4,8,it0155,0.3271671533584595,0.3566725254058838,0.0,False,1
D2_1,search,256,4,8,it0156,0.4100508391857147,0.4008404016494751,0.09523809523809523,False,3
D2_1,search,256,4,8,it0157,0.5729832649230957,0.6044707894325256,0.11627906976744186,False,2
D2_1,search,256,4,8,it0158,0.3052009642124176,0.41961681842803955,0.21052631578947367,False,3
D2_1,search,256,4,8,it0159,0.4564836919307709,0.3737810254096985,0.14285714285714285,False,2
D2_1,search,256,4,8,it0160,0.6060930490493774,0.5001122355461121,0.0,False,0
D2_1,search,256,4,8,it0161,0.4169948995113373,0.26233819127082825,0.06896551724137931,False,3
D2_1,search,256,4,8,it0162,0.22171364724636078,0.5119533538818359,0.5555555555555556,False,1
D2_1,search,256,4,8,it0163,0.5348316431045532,0.4465087354183197,0.058823529411764705,False,3
D2_1,search,256,4,8,it0164,0.5455425977706909,0.37038400769233704,0.0967741935483871,False,0
D2_1,search,256,4,8,it0165,0.30512070655822754,0.35858774185180664,0.06060606060606061,False,1
D2_1,search,256,4,8,it0166,0.44424816966056824,0.31425994634628296,0.08333333333333333,False,1
D2_1,search,256,4,8,it0167,0.41904181241989136,0.48223063349723816,0.15789473684210525,False,2
D2_1,search,256,4,8,it0168,0.3874411880970001,0.34587663412094116,0.1,False,1
D2_1,search,256,4,8,it0169,0.4502434730529785,0.3977879285812378,0.2,False,1
D2_1,search,256,4,8,it0170,0.4525390565395355,0.410391628742218,0.058823529411764705,False,3
D2_1,search,256,4,8,it0171,0.6761447787284851,0.5965150594711304,0.19047619047619047,False,3
D2_1,search,256,4,8,it0172,0.4045862555503845,0.41275906562805176,0.0,False,3
D2_1,search,256,4,8,it0173,0.6597888469696045,0.7115642428398132,0.06666666666666667,False,2
D2_1,search,256,4,8,it0174,0.6006208658218384,0.38268226385116577,0.0,False,2
D2_1,search,256,4,8,it0175,0.2689712643623352,0.20982243120670319,0.06666666666666667,False,2
D2_1,search,256,4,8,it0176,0.38499629497528076,0.4863830506801605,0.16666666666666666,False,3
D2_1,search,256,4,8,it0177,0.49603548645973206,0.4852423071861267,0.10526315789473684,False,0
D2_1,search,256,4,8,it0178,0.369763046503067,0.2607240378856659,0.058823529411764705,False,1
D2_1,search,256,4,8,it0179,0.5697518587112427,0.6280406713485718,0.06451612903225806,False,2
D2_1,search,256,4,8,it0180,0.41145747900009155,0.5618607997894287,0.0,False,0
D2_1,search,256,4,8,it0181,0.6443850994110107,0.6487800478935242,0.0,False,1
D2_1,search,256,4,8,it0182,0.6578404307365417,0.5131266117095947,0.08,False,3
D2_1,search,256,4,8,it0183,0.5399407744407654,0.5488778948783875,0.04,False,2
D2_1,search,256,4,8,it0184,0.2799087166786194,0.2883191704750061,0.4,False,3
D2_1,search,256,4,8,it0185,0.5054188966751099,0.5272224545478821,0.03225806451612903,False,2
D2_1,search,256,4,8,it0186,0.5162412524223328,0.5579516887664795,0.16666666666666666,False,2
D2_1,search,256,4,8,it0187,0.41462165117263794,0.5203202962875366,0.0625,False,2
D2_1,search,256,4,8,it0188,0.538286566734314,0.48879188299179077,0.16666666666666666,False,1
D2_1,search,256,4,8,it0189,0.40828633308410645,0.4697169065475464,0.1,False,3
D2_1,search,256,4,8,it0190,0.5460094809532166,0.5368157029151917,0.125,False,2
D2_1,search,256,4,8,it0191,0.43317919969558716,0.3398239314556122,0.08,False,3
D2_1,search,256,4,8,it0192,0.6170971393585205,0.637327253818512,0.1111111111111111,False,2
D2_1,search,256,4,8,it0193,0.46420595049858093,0.24937483668327332,0.3125,False,3
D2_1,search,256,4,8,it0194,0.6009879112243652,0.6819579005241394,0.047619047619047616,False,3
D2_1,search,256,4,8,it0195,0.6816962361335754,0.6078018546104431,0.2692307692307692,False,0
D2_1,search,256,4,8,it0196,0.44663915038108826,0.5103901624679565,0.0,False,0
D2_1,search,256,4,8,it0197,0.44500112533569336,0.3830939531326294,0.2727272727272727,False,3
D2_1,search,256,4,8,it0198,0.2253735363483429,0.2641174793243408,0.125,False,2
D2_1,search,256,4,8,it0199,0.5020554661750793,0.4782101511955261,0.0,False,0
D2_1,search,512,8,8,it0000,0.5955235958099365,0.5718560218811035,0.15217391304347827,False,7
D2_1,search,512,8,8,it0001,0.40471309423446655,0.2926850914955139,0.16666666666666666,False,1
D2_1,search,512,8,8,it0002,0.3318512439727783,0.31782761216163635,0.06666666666666667,False,2
D2_1,search,512,8,8,it0003,0.5165044665336609,0.42039579153060913,0.06666666666666667,False,3
D2_1,search,512,8,8,it0004,0.5226695537567139,0.42470666766166687,0.125,False,6
D2_1,search,512,8,8,it0005,0.5569659471511841,0.48364144563674927,0.037037037037037035,False,4
D2_1,search,512,8,8,it0006,0.4820479154586792,0.42344820499420166,0.16666666666666666,False,4
D2_1,search,512,8,8,it0007,0.36476680636405945,0.43709057569503784,0.09090909090909091,False,3
D2_1,search,512,8,8,it0008,0.3345654308795929,0.4195947051048279,0.09523809523809523,False,3
D2_1,search,512,8,8,it0009,0.6011644601821899,0.6062692403793335,0.25925925925925924,False,2
D2_1,search,512,8,8,it0010,0.6213525533676147,0.6211556196212769,0.1111111111111111,False,4
D2_1,search,512,8,8,it0011,0.6184006929397583,0.5282541513442993,0.0,False,1
D2_1,search,512,8,8,it0012,0.44197848439216614,0.4561161398887634,0.7931034482758621,False,6
D2_1,search,512,8,8,it0013,0.5969456434249878,0.6579142808914185,0.037037037037037035,False,4
D2_1,search,512,8,8,it0014,0.46880385279655457,0.39924147725105286,0.13333333333333333,False,1
D2_1,search,512,8,8,it0015,0.5471752882003784,0.5492582321166992,0.47058823529411764,False,0
D2_1,search,512,8,8,it0016,0.6004319190979004,0.506485104560852,0.08823529411764706,False,5
D2_1,search,512,8,8,it0017,0.5217646956443787,0.41371390223503113,0.06666666666666667,False,4
D2_1,search,512,8,8,it0018,0.4338599443435669,0.32065367698669434,0.029411764705882353,False,5
D2_1,search,512,8,8,it0019,0.6573204398155212,0.5767930150032043,0.13043478260869565,False,6
D2_1,search,512,8,8,it0020,0.3144598603248596,0.2786228358745575,0.23076923076923078,False,3
D2_1,search,512,8,8,it0021,0.47754380106925964,0.45462924242019653,0.030303030303030304,False,3
D2_1,search,512,8,8,it0022,0.49587541818618774,0.5320925712585449,0.675,False,2
D2_1,search,512,8,8,it0023,0.6780576705932617,0.5293533802032471,0.3333333333333333,False,4
D2_1,search,512,8,8,it0024,0.6136397123336792,0.5864237546920776,0.14285714285714285,False,0
D2_1,search,512,8,8,it0025,0.6339944005012512,0.6476203799247742,0.0,False,1
D2_1,search,512,8,8,it0026,0.2538045048713684,0.29891568422317505,0.0625,False,6
D2_1,search,512,8,8,it0027,0.6934840679168701,0.6874600648880005,0.0625,False,0
D2_1,search,512,8,8,it0028,0.5344272255897522,0.594165563583374,0.11904761904761904,False,1
D2_1,search,512,8,8,it0029,0.3492198884487152,0.5016975998878479,0.0625,False,1
D2_1,search,512,8,8,it0030,0.5492338538169861,0.5227359533309937,0.12,False,4
D2_1,search,512,8,8,it0031,0.45954790711402893,0.4410308599472046,0.16666666666666666,False,2
D2_1,search,512,8,8,it0032,0.6915650963783264,0.6095700263977051,0.14814814814814814,False,7
D2_1,search,512,8,8,it0033,0.32975876331329346,0.38013404607772827,0.3076923076923077,False,2
D2_1,search,512,8,8,it0034,0.37970802187919617,0.4580323398113251,0.03333333333333333,False,1
D2_1,search,512,8,8,it0035,0.2794979214668274,0.2735061049461365,0.23076923076923078,False,1
D2_1,search,512,8,8,it0036,0.5906950831413269,0.5962056517601013,0.2222222222222222,False,4
D2_1,search,512,8,8,it0037,0.5959370136260986,0.5638671517372131,0.13333333333333333,False,4
D2_1,search,512,8,8,it0038,0.32849863171577454,0.40134546160697937,0.05405405405405406,False,3
D2_1,search,512,8,8,it0039,0.5603662729263306,0.5304446220397949,0.04878048780487805,False,4
D2_1,search,512,8,8,it0040,0.38543450832366943,0.33568328619003296,0.0,False,5
D2_1,search,512,8,8,it0041,0.6605304479598999,0.47644686698913574,0.09090909090909091,False,3
D2_1,search,512,8,8,it0042,0.5035481452941895,0.42164379358291626,0.14814814814814814,False,3
D2_1,search,512,8,8,it0043,0.39403003454208374,0.3980015814304352,0.07692307692307693,False,1
D2_1,search,512,8,8,it0044,0.5574027299880981,0.6447708606719971,0.4,False,2
D2_1,search,512,8,8,it0045,0.25351017713546753,0.4487307369709015,0.03333333333333333,False,4
D2_1,search,512,8,8,it0046,0.42532721161842346,0.3729902505874634,0.0,False,6
D2_1,search,512,8,8,it0047,0.3754747211933136,0.34752699732780457,0.7,False,5
D2_1,search,512,8,8,it0048,0.561784565448761,0.5503787398338318,0.1875,False,7
D2_1,search,512,8,8,it0049,0.3580412268638611,0.5425839424133301,0.3181818181818182,False,5
D2_1,search,512,8,8,it0050,0.26328185200691223,0.17083966732025146,0.18181818181818182,False,1
D2_1,search,512,8,8,it0051,0.20998193323612213,0.5408371090888977,0.1724137931034483,False,6
D2_1,search,512,8,8,it0052,0.296764999628067,0.47489750385284424,0.0,False,7
D2_1,search,512,8,8,it0053,0.3997606635093689,0.4713493585586548,0.21621621621621623,False,1
D2_1,search,512,8,8,it0054,0.3869682848453522,0.4226515591144562,0.125,False,6
D2_1,search,512,8,8,it0055,0.579717218875885,0.6281755566596985,0.038461538461538464,False,0
D2_1,search,512,8,8,it0056,0.3837439715862274,0.32014957070350647,0.15,False,5
D2_1,search,512,8,8,it0057,0.5106731057167053,0.47046199440956116,0.38235294117647056,False,3
D2_1,search,512,8,8,it0058,0.41448646783828735,0.4977688491344452,0.25,False,7
D2_1,search,512,8,8,it0059,0.5696649551391602,0.5976746678352356,0.07142857142857142,False,2
D2_1,search,512,8,8,it0060,0.5352479219436646,0.4607715904712677,0.4117647058823529,False,3
D2_1,search,512,8,8,it0061,0.5912430286407471,0.6754029393196106,0.02857142857142857,False,4
D2_1,search,512,8,8,it0062,0.6236663460731506,0.597038745880127,0.047619047619047616,False,6
D2_1,search,512,8,8,it0063,0.46736401319503784,0.40214279294013977,0.13793103448275862,False,0
D2_1,search,512,8,8,it0064,0.3467419147491455,0.5178417563438416,0.1111111111111111,False,5
D2_1,search,512,8,8,it0065,0.6845771074295044,0.6795309782028198,0.2564102564102564,False,5
D2_1,search,512,8,8,it0066,0.32823389768600464,0.4583624005317688,0.047619047619047616,False,7
D2_1,search,512,8,8,it0067,0.4661616384983063,0.43034064769744873,0.1111111111111111,False,0
D2_1,search,512,8,8,it0068,0.7075746059417725,0.6739456653594971,0.0,False,2
D2_1,search,512,8,8,it0069,0.350932240486145,0.43548116087913513,0.045454545454545456,False,6
D2_1,search,512,8,8,it0070,0.46568483114242554,0.5579142570495605,0.0,False,7
D2_1,search,512,8,8,it0071,0.5071821808815002,0.5808010101318359,0.14285714285714285,False,1
D2_1,search,512,8,8,it0072,0.5377892255783081,0.5648888349533081,0.13636363636363635,False,6
D2_1,search,512,8,8,it0073,0.19774971902370453,0.3516196608543396,0.3793103448275862,False,5
D2_1,search,512,8,8,it0074,0.39265379309654236,0.3030708432197571,0.06666666666666667,False,5
D2_1,search,512,8,8,it0075,0.3082810640335083,0.44240322709083557,0.08695652173913043,False,0
D2_1,search,512,8,8,it0076,0.5307129621505737,0.39023613929748535,0.30434782608695654,False,5
D2_1,search,512,8,8,it0077,0.459065318107605,0.6138511300086975,0.25,False,5
D2_1,search,512,8,8,it0078,0.4310832619667053,0.390455424785614,0.19047619047619047,False,2
D2_1,search,512,8,8,it0079,0.6296602487564087,0.6627160906791687,0.0,False,4
D2_1,search,512,8,8,it0080,0.5035617351531982,0.348509281873703,0.24390243902439024,False,7
D2_1,search,512,8,8,it0081,0.39901331067085266,0.3140210509300232,0.03571428571428571,False,7
D2_1,search,512,8,8,it0082,0.45136579871177673,0.5222057700157166,0.0,False,7
D2_1,search,512,8,8,it0083,0.503412127494812,0.44308269023895264,0.0,False,2
D2_1,search,512,8,8,it0084,0.6847546696662903,0.5885889530181885,0.022222222222222223,False,2
D2_1,search,512,8,8,it0085,0.5862087607383728,0.501931369304657,0.0,False,7
D2_1,search,512,8,8,it0086,0.5938119888305664,0.5469880104064941,0.35294117647058826,False,1
D2_1,search,512,8,8,it0087,0.5282831192016602,0.6725146174430847,0.25,False,1
D2_1,search,512,8,8,it0088,0.36560896039009094,0.426520973443985,0.0,False,5
D2_1,search,512,8,8,it0089,0.4938574433326721,0.3568289279937744,0.0,False,2
D2_1,search,512,8,8,it0090,0.6414380669593811,0.7049704194068909,0.0,False,5
D2_1,search,512,8,8,it0091,0.4715753197669983,0.5388795733451843,0.03225806451612903,False,3
D2_1,search,512,8,8,it0092,0.5362846255302429,0.46905314922332764,0.02857142857142857,False,3
D2_1,search,512,8,8,it0093,0.6189005374908447,0.4919823408126831,0.05263157894736842,False,4
D2_1,search,512,8,8,it0094,0.4692937731742859,0.5825815796852112,0.07692307692307693,False,7
D2_1,search,512,8,8,it0095,0.5807855129241943,0.6044535636901855,0.23809523809523808,False,3
D2_1,search,512,8,8,it0096,0.5819076895713806,0.5037730932235718,0.18181818181818182,False,3
D2_1,search,512,8,8,it0097,0.7019411325454712,0.6296043992042542,0.0,False,7
D2_1,search,512,8,8,it0098,0.5909603834152222,0.5582002401351929,0.1111111111111111,False,2
D2_1,search,512,8,8,it0099,0.3732576370239258,0.2252991497516632,0.13043478260869565,False,2
D2_1,search,512,8,8,it0100,0.6731419563293457,0.7485772967338562,0.0,False,6
D2_1,search,512,8,8,it0101,0.3733188211917877,0.3856889307498932,0.18421052631578946,False,1
D2_1,search,512,8,8,it0102,0.33670729398727417,0.4946204721927643,0.15384615384615385,False,5
D2_1,search,512,8,8,it0103,0.4157467186450958,0.5121890902519226,0.3181818181818182,False,6
D2_1,search,512,8,8,it0104,0.5206510424613953,0.5857177972793579,0.0,False,3
D2_1,search,512,8,8,it0105,0.47495582699775696,0.6792181134223938,0.17142857142857143,False,6
D2_1,search,512,8,8,it0106,0.38940802216529846,0.463390052318573,0.041666666666666664,False,4
D2_1,search,512,8,8,it0107,0.5030561685562134,0.5704910159111023,0.21739130434782608,False,1
D2_1,search,512,8,8,it0108,0.46769630908966064,0.4216322600841522,0.0,False,6
D2_1,search,512,8,8,it0109,0.47354456782341003,0.46759647130966187,0.10526315789473684,False,5
D2_1,search,512,8,8,it0110,0.18854756653308868,0.33696019649505615,0.06666666666666667,False,4
D2_1,search,512,8,8,it0111,0.23237353563308716,0.19137290120124817,0.48484848484848486,False,3
D2_1,search,512,8,8,it0112,0.6382908225059509,0.6033025979995728,0.11363636363636363,False,0
D2_1,search,512,8,8,it0113,0.6561745405197144,0.6145913600921631,0.09090909090909091,False,3
D2_1,search,512,8,8,it0114,0.53803950548172,0.5232704281806946,0.3333333333333333,False,5
D2_1,search,512,8,8,it0115,0.40629929304122925,0.2801460027694702,0.07142857142857142,False,0
D2_1,search,512,8,8,it0116,0.40973514318466187,0.3450848162174225,0.4117647058823529,False,4
D2_1,search,512,8,8,it0117,0.46723702549934387,0.6614176034927368,0.14705882352941177,False,1
D2_1,search,512,8,8,it0118,0.572284460067749,0.5621596574783325,0.28846153846153844,False,7
D2_1,search,512,8,8,it0119,0.5234211087226868,0.6679159998893738,0.6428571428571429,False,0
D2_1,search,512,8,8,it0120,0.6260526776313782,0.5978586673736572,0.0,False,4
D2_1,search,512,8,8,it0121,0.5763012766838074,0.4908270239830017,0.3,False,6
D2_1,search,512,8,8,it0122,0.23696695268154144,0.368762731552124,0.22727272727272727,False,3
D2_1,search,512,8,8,it0123,0.47731098532676697,0.5618158578872681,0.11764705882352941,False,6
D2_1,search,512,8,8,it0124,0.6311609745025635,0.5124362111091614,0.15151515151515152,False,3
D2_1,search,512,8,8,it0125,0.5342377424240112,0.43600258231163025,0.28205128205128205,False,2
D2_1,search,512,8,8,it0126,0.44149452447891235,0.5699281096458435,0.0625,False,5
D2_1,search,512,8,8,it0127,0.4271014630794525,0.4765969216823578,0.058823529411764705,False,0
D2_1,search,512,8,8,it0128,0.3472500145435333,0.5059564709663391,0.1,False,1
D2_1,search,512,8,8,it0129,0.36602872610092163,0.2844625413417816,0.0,False,0
D2_1,search,512,8,8,it0130,0.2697960436344147,0.3942519724369049,0.0,False,3
D2_1,search,512,8,8,it0131,0.4527857303619385,0.5251836180686951,0.0,False,0
D2_1,search,512,8,8,it0132,0.36814287304878235,0.31058019399642944,0.0,False,5
D2_1,search,512,8,8,it0133,0.5665484666824341,0.6359425187110901,0.0,False,6
D2_1,search,512,8,8,it0134,0.36792927980422974,0.3802965581417084,0.02631578947368421,False,3
D2_1,search,512,8,8,it0135,0.45446497201919556,0.5217138528823853,0.2564102564102564,False,6
D2_1,search,512,8,8,it0136,0.40031158924102783,0.4063570499420166,0.0,False,7
D2_1,search,512,8,8,it0137,0.5498443841934204,0.43494999408721924,0.3333333333333333,False,2
D2_1,search,512,8,8,it0138,0.5288293361663818,0.5944857001304626,0.3333333333333333,False,2
D2_1,search,512,8,8,it0139,0.5798470973968506,0.387783408164978,0.0,False,3
D2_1,search,512,8,8,it0140,0.46454915404319763,0.48164933919906616,0.375,False,1
D2_1,search,512,8,8,it0141,0.6939548254013062,0.7434886693954468,0.43333333333333335,False,2
D2_1,search,512,8,8,it0142,0.37685856223106384,0.32567715644836426,0.08,False,6
D2_1,search,512,8,8,it0143,0.3193439543247223,0.514700174331665,0.0,False,0
D2_1,search,512,8,8,it0144,0.5392684936523438,0.4546278417110443,0.03571428571428571,False,3
D2_1,search,512,8,8,it0145,0.6703163385391235,0.6757025122642517,0.025,False,5
D2_1,search,512,8,8,it0146,0.49796733260154724,0.5157970786094666,0.0,False,1
D2_1,search,512,8,8,it0147,0.5340378880500793,0.46757274866104126,0.0,False,5
D2_1,search,512,8,8,it0148,0.23961248993873596,0.30159738659858704,0.14285714285714285,False,4
D2_1,search,512,8,8,it0149,0.5518282651901245,0.518976628780365,0.14285714285714285,False,3
D2_1,search,512,8,8,it0150,0.468357115983963,0.4496263265609741,0.19230769230769232,False,0
D2_1,search,512,8,8,it0151,0.5707719326019287,0.5844597816467285,0.11764705882352941,False,7
D2_1,search,512,8,8,it0152,0.5331116914749146,0.5100106000900269,0.0,False,0
D2_1,search,512,8,8,it0153,0.3305979073047638,0.458792507648468,0.23809523809523808,False,7
D2_1,search,512,8,8,it0154,0.31559455394744873,0.1654396951198578,0.10526315789473684,False,5
D2_1,search,512,8,8,it0155,0.2606181204319,0.361421138048172,0.03571428571428571,False,6
D2_1,search,512,8,8,it0156,0.4100508391857147,0.4008404016494751,0.09523809523809523,False,3
D2_1,search,512,8,8,it0157,0.5729832649230957,0.6044707894325256,0.11627906976744186,False,2
D2_1,search,512,8,8,it0158,0.30748051404953003,0.4585401713848114,0.3684210526315789,False,7
D2_1,search,512,8,8,it0159,0.48416346311569214,0.39465993642807007,0.07142857142857142,False,7
D2_1,search,512,8,8,it0160,0.6060930490493774,0.5001122355461121,0.0,False,0
D2_1,search,512,8,8,it0161,0.4018722474575043,0.3169701099395752,0.13793103448275862,False,4
D2_1,search,512,8,8,it0162,0.22171364724636078,0.5119533538818359,0.5555555555555556,False,1
D2_1,search,512,8,8,it0163,0.5348316431045532,0.4465087354183197,0.058823529411764705,False,3
D2_1,search,512,8,8,it0164,0.5129382014274597,0.4274023473262787,0.22580645161290322,False,5
D2_1,search,512,8,8,it0165,0.4693223237991333,0.3669608235359192,0.06060606060606061,False,4
D2_1,search,512,8,8,it0166,0.5347627401351929,0.3580668568611145,0.25,False,6
D2_1,search,512,8,8,it0167,0.3911168575286865,0.4922722578048706,0.10526315789473684,False,7
D2_1,search,512,8,8,it0168,0.27315184473991394,0.35965561866760254,0.0,False,7
D2_1,search,512,8,8,it0169,0.42163342237472534,0.45312806963920593,0.2,False,6
D2_1,search,512,8,8,it0170,0.3931555449962616,0.4147016704082489,0.17647058823529413,False,7
D2_1,search,512,8,8,it0171,0.6761447787284851,0.5965150594711304,0.19047619047619047,False,3
D2_1,search,512,8,8,it0172,0.4045862555503845,0.41275906562805176,0.0,False,3
D2_1,search,512,8,8,it0173,0.6597888469696045,0.7115642428398132,0.06666666666666667,False,2
D2_1,search,512,8,8,it0174,0.5545664429664612,0.440681517124176,0.0,False,5
D2_1,search,512,8,8,it0175,0.12828588485717773,0.2983090877532959,0.0,False,7
D2_1,search,512,8,8,it0176,0.38499629497528076,0.4863830506801605,0.16666666666666666,False,3
D2_1,search,512,8,8,it0177,0.5374299883842468,0.539609432220459,0.10526315789473684,False,5
D2_1,search,512,8,8,it0178,0.5265069603919983,0.29724159836769104,0.5882352941176471,False,4
D2_1,search,512,8,8,it0179,0.6194970607757568,0.6510037183761597,0.22580645161290322,False,7
D2_1,search,512,8,8,it0180,0.41145747900009155,0.5618607997894287,0.0,False,0
D2_1,search,512,8,8,it0181,0.6443850994110107,0.6487800478935242,0.0,False,1
D2_1,search,512,8,8,it0182,0.6578404307365417,0.5131266117095947,0.08,False,3
D2_1,search,512,8,8,it0183,0.664876401424408,0.5770561099052429,0.0,False,4
D2_1,search,512,8,8,it0184,0.2799087166786194,0.2883191704750061,0.4,False,3
D2_1,search,512,8,8,it0185,0.5054188966751099,0.5272224545478821,0.03225806451612903,False,2
D2_1,search,512,8,8,it0186,0.5162412524223328,0.5579516887664795,0.16666666666666666,False,2
D2_1,search,512,8,8,it0187,0.4907967448234558,0.5323528051376343,0.1875,False,7
D2_1,search,512,8,8,it0188,0.6408469080924988,0.5301095843315125,0.05555555555555555,False,7
D2_1,search,512,8,8,it0189,0.40828633308410645,0.4697169065475464,0.1,False,3
D2_1,search,512,8,8,it0190,0.6137970685958862,0.5439874529838562,0.0,False,4
D2_1,search,512,8,8,it0191,0.4815364181995392,0.3963002860546112,0.08,False,7
D2_1,search,512,8,8,it0192,0.6170971393585205,0.637327253818512,0.1111111111111111,False,2
D2_1,search,512,8,8,it0193,0.5150682330131531,0.2883148789405823,0.3125,False,6
D2_1,search,512,8,8,it0194,0.6009879112243652,0.6819579005241394,0.047619047619047616,False,3
D2_1,search,512,8,8,it0195,0.6816962361335754,0.6078018546104431,0.2692307692307692,False,0
D2_1,search,512,8,8,it0196,0.44663915038108826,0.5103901624679565,0.0,False,0
D2_1,search,512,8,8,it0197,0.43028175830841064,0.4131607711315155,0.0,False,6
D2_1,search,512,8,8,it0198,0.3667455017566681,0.26498496532440186,0.0,False,7
D2_1,search,512,8,8,it0199,0.5472314357757568,0.4979214370250702,0.0,False,6
D2_1,refine,128,1,16,it0000,0.5731639862060547,0.5513080954551697,0.2608695652173913,False,0
D2_1,refine,128,1,16,it0001,0.4324132204055786,0.21798807382583618,0.2222222222222222,False,0
D2_1,refine,128,1,16,it0002,0.30976957082748413,0.21723371744155884,0.0,False,0
D2_1,refine,128,1,16,it0003,0.4406268000602722,0.3412378132343292,0.06666666666666667,False,0
D2_1,refine,128,1,16,it0004,0.5188307166099548,0.2956371009349823,0.125,False,0
D2_1,refine,128,1,16,it0005,0.4924039840698242,0.3743381202220917,0.0,False,0
D2_1,refine,128,1,16,it0006,0.26314666867256165,0.2510014772415161,0.0,False,0
D2_1,refine,128,1,16,it0007,0.3246966600418091,0.2926427125930786,0.1590909090909091,False,0
D2_1,refine,128,1,16,it0008,0.3861522078514099,0.25433096289634705,0.09523809523809523,False,0
D2_1,refine,128,1,16,it0009,0.48862072825431824,0.5305524468421936,0.037037037037037035,False,0
D2_1,refine,128,1,16,it0010,0.5314080715179443,0.6088330745697021,0.16666666666666666,False,0
D2_1,refine,128,1,16,it0011,0.4948553740978241,0.4642499089241028,0.0,False,0
D2_1,refine,128,1,16,it0012,0.3589816987514496,0.26546144485473633,0.20689655172413793,False,0
D2_1,refine,128,1,16,it0013,0.6193720698356628,0.5470370650291443,0.0,False,0
D2_1,refine,128,1,16,it0014,0.5329965353012085,0.41326624155044556,0.0,False,0
D2_1,refine,128,1,16,it0015,0.4376164972782135,0.4747038781642914,0.17647058823529413,False,0
D2_1,refine,128,1,16,it0016,0.5163472294807434,0.31298765540122986,0.058823529411764705,False,0
D2_1,refine,128,1,16,it0017,0.5602636337280273,0.27306488156318665,0.06666666666666667,False,0
D2_1,refine,128,1,16,it0018,0.3490835428237915,0.2094397097826004,0.029411764705882353,False,0
D2_1,refine,128,1,16,it0019,0.6760918498039246,0.5438087582588196,0.08695652173913043,False,0
D2_1,refine,128,1,16,it0020,0.4084123969078064,0.1715361773967743,0.3076923076923077,False,0
D2_1,refine,128,1,16,it0021,0.43631795048713684,0.44778454303741455,0.030303030303030304,False,0
D2_1,refine,128,1,16,it0022,0.36740317940711975,0.4168081283569336,0.2,False,0
D2_1,refine,128,1,16,it0023,0.5524806976318359,0.4823012053966522,0.16666666666666666,False,0
D2_1,refine,128,1,16,it0024,0.6468325257301331,0.45813268423080444,0.21428571428571427,False,0
D2_1,refine,128,1,16,it0025,0.603594958782196,0.61529141664505,0.0,False,0
D2_1,refine,128,1,16,it0026,0.20373475551605225,0.03882547840476036,0.0625,False,0
D2_1,refine,128,1,16,it0027,0.7066654562950134,0.6204690933227539,0.125,False,0
D2_1,refine,128,1,16,it0028,0.5161925554275513,0.4966405928134918,0.047619047619047616,False,0
D2_1,refine,128,1,16,it0029,0.19938646256923676,0.30534568428993225,0.0625,False,0
D2_1,refine,128,1,16,it0030,0.614200234413147,0.5132309794425964,0.0,False,0
D2_1,refine,128,1,16,it0031,0.3819695711135864,0.3206998407840729,0.16666666666666666,False,0
D2_1,refine,128,1,16,it0032,0.5623549818992615,0.5464528799057007,0.18518518518518517,False,0
D2_1,refine,128,1,16,it0033,0.3445393443107605,0.31664538383483887,0.15384615384615385,False,0
D2_1,refine,128,1,16,it0034,0.5005936622619629,0.4763891100883484,0.0,False,0
D2_1,refine,128,1,16,it0035,0.25385135412216187,0.1675381362438202,0.46153846153846156,False,0
D2_1,refine,128,1,16,it0036,0.5717489123344421,0.4246941804885864,0.16666666666666666,False,0
D2_1,refine,128,1,16,it0037,0.5385161638259888,0.5565215349197388,0.4666666666666667,False,0
D2_1,refine,128,1,16,it0038,0.430776983499527,0.23338375985622406,0.05405405405405406,False,0
D2_1,refine,128,1,16,it0039,0.5084443092346191,0.5149918794631958,0.04878048780487805,False,0
D2_1,refine,128,1,16,it0040,0.5122422575950623,0.45001083612442017,0.13333333333333333,False,0
D2_1,refine,128,1,16,it0041,0.6325942277908325,0.4746556282043457,0.0,False,0
D2_1,refine,128,1,16,it0042,0.4869594871997833,0.29051899909973145,0.1111111111111111,False,0
D2_1,refine,128,1,16,it0043,0.19163566827774048,0.13728810846805573,0.07692307692307693,False,0
D2_1,refine,128,1,16,it0044,0.5114449858665466,0.5702345371246338,0.2,False,0
D2_1,refine,128,1,16,it0045,0.2862207889556885,0.46010923385620117,0.0,False,0
D2_1,refine,128,1,16,it0046,0.2750795781612396,0.24841627478599548,0.0,False,0
D2_1,refine,128,1,16,it0047,0.33652210235595703,0.3980712294578552,0.55,False,0
D2_1,refine,128,1,16,it0048,0.5274450778961182,0.47957643866539,0.1875,False,0
D2_1,refine,128,1,16,it0049,0.37184831500053406,0.3827957808971405,0.09090909090909091,False,0
D2_1,refine,128,1,16,it0050,0.2546630799770355,-0.03153300657868385,0.36363636363636365,False,0
D2_1,refine,128,1,16,it0051,0.19705910980701447,0.41093865036964417,0.034482758620689655,False,0
D2_1,refine,128,1,16,it0052,0.32447999715805054,0.253576397895813,0.0,False,0
D2_1,refine,128,1,16,it0053,0.36615073680877686,0.4868584871292114,0.16216216216216217,False,0
D2_1,refine,128,1,16,it0054,0.33253875374794006,0.1867455542087555,0.0,False,0
D2_1,refine,128,1,16,it0055,0.32552990317344666,0.41822952032089233,0.07692307692307693,False,0
D2_1,refine,128,1,16,it0056,0.2859311103820801,0.1999676376581192,0.1,False,0
D2_1,refine,128,1,16,it0057,0.5016822814941406,0.33685746788978577,0.20588235294117646,False,0
D2_1,refine,128,1,16,it0058,0.28246745467185974,0.3607015013694763,0.0,False,0
D2_1,refine,128,1,16,it0059,0.628119945526123,0.5828480124473572,0.10714285714285714,False,0
D2_1,refine,128,1,16,it0060,0.38317471742630005,0.37076041102409363,0.058823529411764705,False,0
D2_1,refine,128,1,16,it0061,0.5077397227287292,0.555899977684021,0.0,False,0
D2_1,refine,128,1,16,it0062,0.6752654314041138,0.4993323087692261,0.14285714285714285,False,0
D2_1,refine,128,1,16,it0063,0.43061530590057373,0.35190102458000183,0.2413793103448276,False,0
D2_1,refine,128,1,16,it0064,0.39375048875808716,0.4440573453903198,0.1111111111111111,False,0
D2_1,refine,128,1,16,it0065,0.5976107716560364,0.6293029189109802,0.1282051282051282,False,0
D2_1,refine,128,1,16,it0066,0.36920252442359924,0.34644925594329834,0.19047619047619047,False,0
D2_1,refine,128,1,16,it0067,0.40492668747901917,0.2552585005760193,0.05555555555555555,False,0
D2_1,refine,128,1,16,it0068,0.7009902596473694,0.6033989191055298,0.0,False,0
D2_1,refine,128,1,16,it0069,0.3851417899131775,0.4144130349159241,0.09090909090909091,False,0
D2_1,refine,128,1,16,it0070,0.47765156626701355,0.37118810415267944,0.06666666666666667,False,0
D2_1,refine,128,1,16,it0071,0.5478156805038452,0.4859699606895447,0.39285714285714285,False,0
D2_1,refine,128,1,16,it0072,0.4834243357181549,0.514453113079071,0.045454545454545456,False,0
D2_1,refine,128,1,16,it0073,0.14546547830104828,0.219009131193161,0.3448275862068966,False,0
D2_1,refine,128,1,16,it0074,0.3017216920852661,0.2766951620578766,0.0,False,0
D2_1,refine,128,1,16,it0075,0.3456602096557617,0.5059924125671387,0.0,False,0
D2_1,refine,128,1,16,it0076,0.5505610704421997,0.2544122338294983,0.17391304347826086,False,0
D2_1,refine,128,1,16,it0077,0.49056851863861084,0.5300831198692322,0.25,False,0
D2_1,refine,128,1,16,it0078,0.3313194513320923,0.3150290846824646,0.14285714285714285,False,0
D2_1,refine,128,1,16,it0079,0.6045916080474854,0.5793377757072449,0.041666666666666664,False,0
D2_1,refine,128,1,16,it0080,0.23331612348556519,0.12767449021339417,0.14634146341463414,False,0
D2_1,refine,128,1,16,it0081,0.279295951128006,0.13814856112003326,0.0,False,0
D2_1,refine,128,1,16,it0082,0.45592400431632996,0.46919113397598267,0.17647058823529413,False,0
D2_1,refine,128,1,16,it0083,0.5634518265724182,0.4209863245487213,0.029411764705882353,False,0
D2_1,refine,128,1,16,it0084,0.6349075436592102,0.49477455019950867,0.022222222222222223,False,0
D2_1,refine,128,1,16,it0085,0.5548359751701355,0.40734919905662537,0.0,False,0
D2_1,refine,128,1,16,it0086,0.6561426520347595,0.5008274912834167,0.0,False,0
D2_1,refine,128,1,16,it0087,0.39672020077705383,0.47426024079322815,0.1875,False,0
D2_1,refine,128,1,16,it0088,0.3501318693161011,0.4011690318584442,0.047619047619047616,False,0
D2_1,refine,128,1,16,it0089,0.38783952593803406,0.19826525449752808,0.0,False,0
D2_1,refine,128,1,16,it0090,0.5984848737716675,0.526512622833252,0.0,False,0
D2_1,refine,128,1,16,it0091,0.5351811647415161,0.4679858088493347,0.0,False,0
D2_1,refine,128,1,16,it0092,0.5165082812309265,0.4452841579914093,0.0,False,0
D2_1,refine,128,1,16,it0093,0.5597422122955322,0.4242563545703888,0.10526315789473684,False,0
D2_1,refine,128,1,16,it0094,0.48887622356414795,0.592229425907135,0.0,False,0
D2_1,refine,128,1,16,it0095,0.5405816435813904,0.5119490027427673,0.2857142857142857,False,0
D2_1,refine,128,1,16,it0096,0.5350228548049927,0.36945587396621704,0.18181818181818182,False,0
D2_1,refine,128,1,16,it0097,0.6364531517028809,0.5866616368293762,0.0,False,0
D2_1,refine,128,1,16,it0098,0.5213764309883118,0.4704152047634125,0.037037037037037035,False,0
D2_1,refine,128,1,16,it0099,0.2459021657705307,0.19282066822052002,0.0,False,0
D2_1,refine,128,1,16,it0100,0.6303442716598511,0.6088855862617493,0.07692307692307693,False,0
D2_1,refine,128,1,16,it0101,0.4013897478580475,0.3235906660556793,0.02631578947368421,False,0
D2_1,refine,128,1,16,it0102,0.36359038949012756,0.40862977504730225,0.0,False,0
D2_1,refine,128,1,16,it0103,0.3081030547618866,0.33326756954193115,0.0,False,0
D2_1,refine,128,1,16,it0104,0.5479820370674133,0.5132942199707031,0.041666666666666664,False,0
D2_1,refine,128,1,16,it0105,0.44775480031967163,0.5796406865119934,0.17142857142857143,False,0
D2_1,refine,128,1,16,it0106,0.2970656454563141,0.3306792974472046,0.08333333333333333,False,0
D2_1,refine,128,1,16,it0107,0.5890727639198303,0.5288801193237305,0.13043478260869565,False,0
D2_1,refine,128,1,16,it0108,0.3843510150909424,0.25357526540756226,0.0,False,0
D2_1,refine,128,1,16,it0109,0.3983825743198395,0.3301418125629425,0.15789473684210525,False,0
D2_1,refine,128,1,16,it0110,0.2882661819458008,0.09732943773269653,0.06666666666666667,False,0
D2_1,refine,128,1,16,it0111,0.32718324661254883,0.11857158690690994,0.3333333333333333,False,0
D2_1,refine,128,1,16,it0112,0.6705716848373413,0.5641999840736389,0.1590909090909091,False,0
D2_1,refine,128,1,16,it0113,0.5852376222610474,0.5621236562728882,0.0,False,0
D2_1,refine,128,1,16,it0114,0.5396907329559326,0.47234153747558594,0.2777777777777778,False,0
D2_1,refine,128,1,16,it0115,0.34880080819129944,0.33380597829818726,0.0,False,0
D2_1,refine,128,1,16,it0116,0.49653396010398865,0.2348354160785675,0.11764705882352941,False,0
D2_1,refine,128,1,16,it0117,0.5049487352371216,0.5411296486854553,0.058823529411764705,False,0
D2_1,refine,128,1,16,it0118,0.5607679486274719,0.5599863529205322,0.07692307692307693,False,0
D2_1,refine,128,1,16,it0119,0.603036642074585,0.6071435213088989,0.42857142857142855,False,0
D2_1,refine,128,1,16,it0120,0.6046670079231262,0.5303877592086792,0.0,False,0
D2_1,refine,128,1,16,it0121,0.5340774059295654,0.372268408536911,0.25,False,0
D2_1,refine,128,1,16,it0122,0.23316021263599396,0.2727520763874054,0.2727272727272727,False,0
D2_1,refine,128,1,16,it0123,0.435281902551651,0.4256036877632141,0.11764705882352941,False,0
D2_1,refine,128,1,16,it0124,0.612691342830658,0.4416765570640564,0.030303030303030304,False,0
D2_1,refine,128,1,16,it0125,0.5265272259712219,0.3358621299266815,0.07692307692307693,False,0
D2_1,refine,128,1,16,it0126,0.5048031210899353,0.31746676564216614,0.0,False,0
D2_1,refine,128,1,16,it0127,0.3655180335044861,0.3022948205471039,0.0,False,0
D2_1,refine,128,1,16,it0128,0.162468820810318,0.12748205661773682,0.1,False,0
D2_1,refine,128,1,16,it0129,0.3701154887676239,0.1281094253063202,0.0,False,0
D2_1,refine,128,1,16,it0130,0.28950586915016174,0.364150732755661,0.0,False,0
D2_1,refine,128,1,16,it0131,0.4174162447452545,0.4602488875389099,0.12903225806451613,False,0
D2_1,refine,128,1,16,it0132,0.29565224051475525,0.18985125422477722,0.0,False,0
D2_1,refine,128,1,16,it0133,0.5661622881889343,0.6077740788459778,0.0,False,0
D2_1,refine,128,1,16,it0134,0.3749779164791107,0.41291964054107666,0.02631578947368421,False,0
D2_1,refine,128,1,16,it0135,0.2962883412837982,0.38580137491226196,0.10256410256410256,False,0
D2_1,refine,128,1,16,it0136,0.31322041153907776,0.3538879156112671,0.0,False,0
D2_1,refine,128,1,16,it0137,0.622151792049408,0.47378653287887573,0.0,False,0
D2_1,refine,128,1,16,it0138,0.5085930824279785,0.4165712594985962,0.05555555555555555,False,0
D2_1,refine,128,1,16,it0139,0.538925051689148,0.3195412755012512,0.0,False,0
D2_1,refine,128,1,16,it0140,0.4086625277996063,0.4153253734111786,0.20833333333333334,False,0
D2_1,refine,128,1,16,it0141,0.6185668110847473,0.5946639180183411,0.3,False,0
D2_1,refine,128,1,16,it0142,0.3108581602573395,0.3775255084037781,0.08,False,0
D2_1,refine,128,1,16,it0143,0.34226322174072266,0.39413413405418396,0.0,False,0
D2_1,refine,128,1,16,it0144,0.46546754240989685,0.189439594745636,0.0,False,0
D2_1,refine,128,1,16,it0145,0.5298610329627991,0.6634002923965454,0.0,False,0
D2_1,refine,128,1,16,it0146,0.5089203715324402,0.38706016540527344,0.0,False,0
D2_1,refine,128,1,16,it0147,0.47055840492248535,0.3935922682285309,0.0,False,0
D2_1,refine,128,1,16,it0148,0.08885535597801208,0.08931384235620499,0.07142857142857142,False,0
D2_1,refine,128,1,16,it0149,0.44022494554519653,0.4463198482990265,0.35714285714285715,False,0
D2_1,refine,128,1,16,it0150,0.35625576972961426,0.44868236780166626,0.07692307692307693,False,0
D2_1,refine,128,1,16,it0151,0.6062056422233582,0.5438637733459473,0.0,False,0
D2_1,refine,128,1,16,it0152,0.5100497603416443,0.36753901839256287,0.0,False,0
D2_1,refine,128,1,16,it0153,0.24980740249156952,0.32673364877700806,0.07142857142857142,False,0
D2_1,refine,128,1,16,it0154,0.27342042326927185,0.21812763810157776,0.10526315789473684,False,0
D2_1,refine,128,1,16,it0155,0.3249402344226837,0.25733307003974915,0.03571428571428571,False,0
D2_1,refine,128,1,16,it0156,0.21014821529388428,0.19607876241207123,0.0,False,0
D2_1,refine,128,1,16,it0157,0.576375424861908,0.5171084403991699,0.046511627906976744,False,0
D2_1,refine,128,1,16,it0158,0.26100215315818787,0.16824929416179657,0.21052631578947367,False,0
D2_1,refine,128,1,16,it0159,0.557646632194519,0.3483310043811798,0.07142857142857142,False,0
D2_1,refine,128,1,16,it0160,0.5182982087135315,0.4993305206298828,0.0,False,0
D2_1,refine,128,1,16,it0161,0.29954859614372253,0.2487775981426239,0.06896551724137931,False,0
D2_1,refine,128,1,16,it0162,0.1414475440979004,0.29070743918418884,0.1111111111111111,False,0
D2_1,refine,128,1,16,it0163,0.4315817952156067,0.4064633250236511,0.0,False,0
D2_1,refine,128,1,16,it0164,0.6107945442199707,0.40716618299484253,0.12903225806451613,False,0
D2_1,refine,128,1,16,it0165,0.37772971391677856,0.32846465706825256,0.0,False,0
D2_1,refine,128,1,16,it0166,0.48717495799064636,0.16336315870285034,0.3333333333333333,False,0
D2_1,refine,128,1,16,it0167,0.3900296092033386,0.4128791093826294,0.2631578947368421,False,0
D2_1,refine,128,1,16,it0168,0.27506840229034424,0.270320326089859,0.2,False,0
D2_1,refine,128,1,16,it0169,0.4243790805339813,0.37977516651153564,0.0,False,0
D2_1,refine,128,1,16,it0170,0.40635931491851807,0.385885089635849,0.29411764705882354,False,0
D2_1,refine,128,1,16,it0171,0.6546497344970703,0.5611998438835144,0.09523809523809523,False,0
D2_1,refine,128,1,16,it0172,0.36625605821609497,0.441146582365036,0.0,False,0
D2_1,refine,128,1,16,it0173,0.6528098583221436,0.6323326230049133,0.1,False,0
D2_1,refine,128,1,16,it0174,0.46289411187171936,0.38684624433517456,0.0,False,0
D2_1,refine,128,1,16,it0175,0.1375853568315506,0.16742166876792908,0.0,False,0
D2_1,refine,128,1,16,it0176,0.3997925817966461,0.3302857279777527,0.05555555555555555,False,0
D2_1,refine,128,1,16,it0177,0.5123792886734009,0.5342005491256714,0.05263157894736842,False,0
D2_1,refine,128,1,16,it0178,0.19470740854740143,0.18730664253234863,0.058823529411764705,False,0
D2_1,refine,128,1,16,it0179,0.6198710799217224,0.6893312931060791,0.12903225806451613,False,0
D2_1,refine,128,1,16,it0180,0.4379057288169861,0.48779037594795227,0.0,False,0
D2_1,refine,128,1,16,it0181,0.5892588496208191,0.4643978774547577,0.0,False,0
D2_1,refine,128,1,16,it0182,0.564195990562439,0.4106954336166382,0.16,False,0
D2_1,refine,128,1,16,it0183,0.6704509854316711,0.5674252510070801,0.0,False,0
D2_1,refine,128,1,16,it0184,0.3041404187679291,0.16291378438472748,0.13333333333333333,False,0
D2_1,refine,128,1,16,it0185,0.396671861410141,0.34582775831222534,0.03225806451612903,False,0
D2_1,refine,128,1,16,it0186,0.5074654221534729,0.5113461017608643,0.16666666666666666,False,0
D2_1,refine,128,1,16,it0187,0.5055635571479797,0.5520645976066589,0.125,False,0
D2_1,refine,128,1,16,it0188,0.5715472102165222,0.5331223011016846,0.05555555555555555,False,0
D2_1,refine,128,1,16,it0189,0.4520188570022583,0.37280797958374023,0.1,False,0
D2_1,refine,128,1,16,it0190,0.5470710396766663,0.5693709850311279,0.1875,False,0
D2_1,refine,128,1,16,it0191,0.4697823226451874,0.29962167143821716,0.04,False,0
D2_1,refine,128,1,16,it0192,0.5295735597610474,0.5842083096504211,0.14814814814814814,False,0
D2_1,refine,128,1,16,it0193,0.41630977392196655,0.28293466567993164,0.1875,False,0
D2_1,refine,128,1,16,it0194,0.6048393249511719,0.6397165656089783,0.047619047619047616,False,0
D2_1,refine,128,1,16,it0195,0.5865407586097717,0.4595619738101959,0.11538461538461539,False,0
D2_1,refine,128,1,16,it0196,0.4090694487094879,0.39601773023605347,0.0,False,0
D2_1,refine,128,1,16,it0197,0.3215312361717224,0.28709760308265686,0.0,False,0
D2_1,refine,128,1,16,it0198,0.3271535038948059,0.28047817945480347,0.0,False,0
D2_1,refine,128,1,16,it0199,0.4733313024044037,0.4253768026828766,0.17647058823529413,False,0
D2_1,refine,256,1,32,it0000,0.571816086769104,0.539297878742218,0.06521739130434782,False,0
D2_1,refine,256,1,32,it0001,0.3297765254974365,0.25990161299705505,0.0,False,0
D2_1,refine,256,1,32,it0002,0.2721969783306122,0.18405106663703918,0.0,False,0
D2_1,refine,256,1,32,it0003,0.4207249879837036,0.28158825635910034,0.06666666666666667,False,0
D2_1,refine,256,1,32,it0004,0.46776527166366577,0.2994421422481537,0.125,False,0
D2_1,refine,256,1,32,it0005,0.43023762106895447,0.47647419571876526,0.0,False,0
D2_1,refine,256,1,32,it0006,0.33787602186203003,0.4422968029975891,0.2222222222222222,False,0
D2_1,refine,256,1,32,it0007,0.34100252389907837,0.3190239667892456,0.045454545454545456,False,0
D2_1,refine,256,1,32,it0008,0.3473658263683319,0.3249099850654602,0.14285714285714285,False,0
D2_1,refine,256,1,32,it0009,0.5267534255981445,0.5517809987068176,0.0,False,0
D2_1,refine,256,1,32,it0010,0.5865169763565063,0.6053292155265808,0.05555555555555555,False,0
D2_1,refine,256,1,32,it0011,0.5331143140792847,0.4813406765460968,0.0,False,0
D2_1,refine,256,1,32,it0012,0.4801343083381653,0.43698930740356445,0.13793103448275862,False,0
D2_1,refine,256,1,32,it0013,0.5849419832229614,0.5232923030853271,0.0,False,0
D2_1,refine,256,1,32,it0014,0.4583095908164978,0.3472082316875458,0.0,False,0
D2_1,refine,256,1,32,it0015,0.46387505531311035,0.462700754404068,0.17647058823529413,False,0
D2_1,refine,256,1,32,it0016,0.5987856388092041,0.4792875349521637,0.029411764705882353,False,0
D2_1,refine,256,1,32,it0017,0.4726925194263458,0.36430948972702026,0.06666666666666667,False,0
D2_1,refine,256,1,32,it0018,0.37829434871673584,0.30455392599105835,0.058823529411764705,False,0
D2_1,refine,256,1,32,it0019,0.5924864411354065,0.5378108024597168,0.0,False,0
D2_1,refine,256,1,32,it0020,0.3945435881614685,0.2884608209133148,0.23076923076923078,False,0
D2_1,refine,256,1,32,it0021,0.4041556119918823,0.3705887198448181,0.06060606060606061,False,0
D2_1,refine,256,1,32,it0022,0.3555414378643036,0.373324453830719,0.15,False,0
D2_1,refine,256,1,32,it0023,0.5534569621086121,0.47604918479919434,0.1111111111111111,False,0
D2_1,refine,256,1,32,it0024,0.6297382712364197,0.580159604549408,0.14285714285714285,False,0
D2_1,refine,256,1,32,it0025,0.6648547649383545,0.6375689506530762,0.0,False,0
D2_1,refine,256,1,32,it0026,0.17488203942775726,0.128123477101326,0.0625,False,0
D2_1,refine,256,1,32,it0027,0.6772790551185608,0.6828635334968567,0.0,False,0
D2_1,refine,256,1,32,it0028,0.5282366275787354,0.5072267651557922,0.07142857142857142,False,0
D2_1,refine,256,1,32,it0029,0.3183479309082031,0.4554332494735718,0.0625,False,0
D2_1,refine,256,1,32,it0030,0.634567141532898,0.48817360401153564,0.12,False,0
D2_1,refine,256,1,32,it0031,0.3768812417984009,0.298311710357666,0.1111111111111111,False,0
D2_1,refine,256,1,32,it0032,0.5909427404403687,0.5443228483200073,0.1111111111111111,False,0
D2_1,refine,256,1,32,it0033,0.4399730861186981,0.30168789625167847,0.3076923076923077,False,0
D2_1,refine,256,1,32,it0034,0.39096271991729736,0.24736906588077545,0.1,False,0
D2_1,refine,256,1,32,it0035,0.39544376730918884,0.19129693508148193,0.0,False,0
D2_1,refine,256,1,32,it0036,0.5697486400604248,0.5294288396835327,0.1111111111111111,False,0
D2_1,refine,256,1,32,it0037,0.5121714472770691,0.523501455783844,0.26666666666666666,False,0
D2_1,refine,256,1,32,it0038,0.25816890597343445,0.13137108087539673,0.02702702702702703,False,0
D2_1,refine,256,1,32,it0039,0.44508031010627747,0.5177788138389587,0.04878048780487805,False,0
D2_1,refine,256,1,32,it0040,0.335771769285202,0.1388084888458252,0.06666666666666667,False,0
D2_1,refine,256,1,32,it0041,0.644524872303009,0.45547401905059814,0.13636363636363635,False,0
D2_1,refine,256,1,32,it0042,0.4208301603794098,0.32433202862739563,0.037037037037037035,False,0
D2_1,refine,256,1,32,it0043,0.2116052508354187,0.17916351556777954,0.0,False,0
D2_1,refine,256,1,32,it0044,0.5005056858062744,0.4513610899448395,0.32,False,0
D2_1,refine,256,1,32,it0045,0.22171546518802643,0.35089895129203796,0.1,False,0
D2_1,refine,256,1,32,it0046,0.3052322566509247,0.3096390664577484,0.0,False,0
D2_1,refine,256,1,32,it0047,0.41759926080703735,0.35478878021240234,0.45,False,0
D2_1,refine,256,1,32,it0048,0.5431079864501953,0.44388365745544434,0.1875,False,0
D2_1,refine,256,1,32,it0049,0.3747120797634125,0.4640686810016632,0.09090909090909091,False,0
D2_1,refine,256,1,32,it0050,0.25276830792427063,0.13636626303195953,0.45454545454545453,False,0
D2_1,refine,256,1,32,it0051,0.21462655067443848,0.3332345187664032,0.0,False,0
D2_1,refine,256,1,32,it0052,0.18348774313926697,0.19394949078559875,0.0,False,0
D2_1,refine,256,1,32,it0053,0.3418607711791992,0.49476340413093567,0.2702702702702703,False,0
D2_1,refine,256,1,32,it0054,0.3519833981990814,0.1532316356897354,0.08333333333333333,False,0
D2_1,refine,256,1,32,it0055,0.4615080654621124,0.5515726208686829,0.07692307692307693,False,0
D2_1,refine,256,1,32,it0056,0.38029056787490845,0.23355449736118317,0.15,False,0
D2_1,refine,256,1,32,it0057,0.5316492319107056,0.3808050751686096,0.029411764705882353,False,0
D2_1,refine,256,1,32,it0058,0.3117504417896271,0.30610817670822144,0.08333333333333333,False,0
D2_1,refine,256,1,32,it0059,0.5012162923812866,0.5335951447486877,0.10714285714285714,False,0
D2_1,refine,256,1,32,it0060,0.39511817693710327,0.3332209885120392,0.058823529411764705,False,0
D2_1,refine,256,1,32,it0061,0.5081144571304321,0.5993340015411377,0.0,False,0
D2_1,refine,256,1,32,it0062,0.6325594186782837,0.5125895142555237,0.0,False,0
D2_1,refine,256,1,32,it0063,0.4368021488189697,0.31600654125213623,0.034482758620689655,False,0
D2_1,refine,256,1,32,it0064,0.29684820771217346,0.4381694197654724,0.1111111111111111,False,0
D2_1,refine,256,1,32,it0065,0.6270120143890381,0.6358631253242493,0.28205128205128205,False,0
D2_1,refine,256,1,32,it0066,0.22345982491970062,0.27100807428359985,0.14285714285714285,False,0
D2_1,refine,256,1,32,it0067,0.234421968460083,0.31196749210357666,0.1111111111111111,False,0
D2_1,refine,256,1,32,it0068,0.6993055939674377,0.6623181104660034,0.0,False,0
D2_1,refine,256,1,32,it0069,0.37633663415908813,0.4206807613372803,0.13636363636363635,False,0
D2_1,refine,256,1,32,it0070,0.4537144899368286,0.383811891078949,0.0,False,0
D2_1,refine,256,1,32,it0071,0.4911489486694336,0.4993422031402588,0.39285714285714285,False,0
D2_1,refine,256,1,32,it0072,0.5531467199325562,0.5443777441978455,0.13636363636363635,False,0
D2_1,refine,256,1,32,it0073,0.16605783998966217,0.13719168305397034,0.3448275862068966,False,0
D2_1,refine,256,1,32,it0074,0.21360312402248383,0.20959004759788513,0.06666666666666667,False,0
D2_1,refine,256,1,32,it0075,0.3579927086830139,0.4573877453804016,0.043478260869565216,False,0
D2_1,refine,256,1,32,it0076,0.5394177436828613,0.24467866122722626,0.13043478260869565,False,0
D2_1,refine,256,1,32,it0077,0.4774198830127716,0.5401461124420166,0.25,False,0
D2_1,refine,256,1,32,it0078,0.2541632652282715,0.24033302068710327,0.0,False,0
D2_1,refine,256,1,32,it0079,0.6215178370475769,0.6437863111495972,0.0,False,0
D2_1,refine,256,1,32,it0080,0.39821311831474304,0.2136349231004715,0.14634146341463414,False,0
D2_1,refine,256,1,32,it0081,0.36460447311401367,0.2800295352935791,0.07142857142857142,False,0
D2_1,refine,256,1,32,it0082,0.4061151444911957,0.45197010040283203,0.0,False,0
D2_1,refine,256,1,32,it0083,0.48876726627349854,0.3566124141216278,0.0,False,0
D2_1,refine,256,1,32,it0084,0.6465615630149841,0.5323202610015869,0.044444444444444446,False,0
D2_1,refine,256,1,32,it0085,0.5399661064147949,0.4554293751716614,0.0,False,0
D2_1,refine,256,1,32,it0086,0.6164382696151733,0.5109484195709229,0.11764705882352941,False,0
D2_1,refine,256,1,32,it0087,0.41804563999176025,0.6279503703117371,0.3125,False,0
D2_1,refine,256,1,32,it0088,0.40842121839523315,0.41388750076293945,0.047619047619047616,False,0
D2_1,refine,256,1,32,it0089,0.520892858505249,0.32217520475387573,0.0,False,0
D2_1,refine,256,1,32,it0090,0.6440355777740479,0.5757359266281128,0.0,False,0
D2_1,refine,256,1,32,it0091,0.49676039814949036,0.5263715386390686,0.03225806451612903,False,0
D2_1,refine,256,1,32,it0092,0.5673735737800598,0.30782246589660645,0.08571428571428572,False,0
D2_1,refine,256,1,32,it0093,0.5240402221679688,0.4348243474960327,0.0,False,0
D2_1,refine,256,1,32,it0094,0.5208439230918884,0.48933497071266174,0.07692307692307693,False,0
D2_1,refine,256,1,32,it0095,0.46730443835258484,0.5172073245048523,0.047619047619047616,False,0
D2_1,refine,256,1,32,it0096,0.48709672689437866,0.4227462708950043,0.13636363636363635,False,0
D2_1,refine,256,1,32,it0097,0.5800321102142334,0.5892646312713623,0.0,False,0
D2_1,refine,256,1,32,it0098,0.4766254723072052,0.48597636818885803,0.2222222222222222,False,0
D2_1,refine,256,1,32,it0099,0.2841176390647888,0.1639915108680725,0.0,False,0
D2_1,refine,256,1,32,it0100,0.6366932988166809,0.5733280181884766,0.0,False,0
D2_1,refine,256,1,32,it0101,0.495498925447464,0.42986851930618286,0.0,False,0
D2_1,refine,256,1,32,it0102,0.31889647245407104,0.4063992500305176,0.15384615384615385,False,0
D2_1,refine,256,1,32,it0103,0.4577335715293884,0.32453104853630066,0.13636363636363635,False,0
D2_1,refine,256,1,32,it0104,0.47402721643447876,0.44543325901031494,0.041666666666666664,False,0
D2_1,refine,256,1,32,it0105,0.5305191278457642,0.5983231663703918,0.05714285714285714,False,0
D2_1,refine,256,1,32,it0106,0.2874981760978699,0.2741547226905823,0.08333333333333333,False,0
D2_1,refine,256,1,32,it0107,0.49093562364578247,0.3399016857147217,0.13043478260869565,False,0
D2_1,refine,256,1,32,it0108,0.5089284777641296,0.44153741002082825,0.0,False,0
D2_1,refine,256,1,32,it0109,0.4061603844165802,0.3371078073978424,0.10526315789473684,False,0
D2_1,refine,256,1,32,it0110,0.2818211317062378,0.2216346710920334,0.06666666666666667,False,0
D2_1,refine,256,1,32,it0111,0.2765923738479614,0.19523747265338898,0.24242424242424243,False,0
D2_1,refine,256,1,32,it0112,0.6254197359085083,0.576776921749115,0.045454545454545456,False,0
D2_1,refine,256,1,32,it0113,0.5097522735595703,0.5020284652709961,0.06818181818181818,False,0
D2_1,refine,256,1,32,it0114,0.4572516679763794,0.3466508686542511,0.1111111111111111,False,0
D2_1,refine,256,1,32,it0115,0.4177691340446472,0.3822227418422699,0.0,False,0
D2_1,refine,256,1,32,it0116,0.4775967001914978,0.21877673268318176,0.0,False,0
D2_1,refine,256,1,32,it0117,0.4408285319805145,0.5227700471878052,0.0,False,0
D2_1,refine,256,1,32,it0118,0.6068689823150635,0.5616340041160583,0.057692307692307696,False,0
D2_1,refine,256,1,32,it0119,0.5167626738548279,0.5791025757789612,0.42857142857142855,False,0
D2_1,refine,256,1,32,it0120,0.628182053565979,0.4915735125541687,0.0,False,0
D2_1,refine,256,1,32,it0121,0.47411298751831055,0.401740163564682,0.25,False,0
D2_1,refine,256,1,32,it0122,0.24243313074111938,0.2431546151638031,0.3181818181818182,False,0
D2_1,refine,256,1,32,it0123,0.28725600242614746,0.45591604709625244,0.0,False,0
D2_1,refine,256,1,32,it0124,0.5563894510269165,0.3246275782585144,0.0,False,0
D2_1,refine,256,1,32,it0125,0.4401664137840271,0.34656307101249695,0.23076923076923078,False,0
D2_1,refine,256,1,32,it0126,0.4292343258857727,0.4481211304664612,0.0,False,0
D2_1,refine,256,1,32,it0127,0.3950943052768707,0.4438619017601013,0.058823529411764705,False,0
D2_1,refine,256,1,32,it0128,0.31487229466438293,0.29414165019989014,0.05,False,0
D2_1,refine,256,1,32,it0129,0.4098643660545349,0.3260855972766876,0.0,False,0
D2_1,refine,256,1,32,it0130,0.3347693681716919,0.42898446321487427,0.2,False,0
D2_1,refine,256,1,32,it0131,0.34477517008781433,0.3778485655784607,0.16129032258064516,False,0
D2_1,refine,256,1,32,it0132,0.20284876227378845,0.2751463055610657,0.0,False,0
D2_1,refine,256,1,32,it0133,0.5088503360748291,0.5724290609359741,0.03571428571428571,False,0
D2_1,refine,256,1,32,it0134,0.4970684051513672,0.4088597893714905,0.0,False,0
D2_1,refine,256,1,32,it0135,0.3318464159965515,0.3227527439594269,0.02564102564102564,False,0
D2_1,refine,256,1,32,it0136,0.29186832904815674,0.3155662715435028,0.0,False,0
D2_1,refine,256,1,32,it0137,0.5361936092376709,0.37403303384780884,0.3333333333333333,False,0
D2_1,refine,256,1,32,it0138,0.5722692608833313,0.6714824438095093,0.2222222222222222,False,0
D2_1,refine,256,1,32,it0139,0.5108613967895508,0.2461671233177185,0.0,False,0
D2_1,refine,256,1,32,it0140,0.26851657032966614,0.23726655542850494,0.0,False,0
D2_1,refine,256,1,32,it0141,0.5476256608963013,0.6227132081985474,0.13333333333333333,False,0
D2_1,refine,256,1,32,it0142,0.24786777794361115,0.25999531149864197,0.08,False,0
D2_1,refine,256,1,32,it0143,0.38366973400115967,0.42282232642173767,0.0,False,0
D2_1,refine,256,1,32,it0144,0.5288665890693665,0.3912966847419739,0.0,False,0
D2_1,refine,256,1,32,it0145,0.5469826459884644,0.6170119643211365,0.0,False,0
D2_1,refine,256,1,32,it0146,0.5229538679122925,0.4887336492538452,0.0,False,0
D2_1,refine,256,1,32,it0147,0.5222668647766113,0.4985108971595764,0.043478260869565216,False,0
D2_1,refine,256,1,32,it0148,0.1215701624751091,0.12319423258304596,0.07142857142857142,False,0
D2_1,refine,256,1,32,it0149,0.43778595328330994,0.4184733033180237,0.21428571428571427,False,0
D2_1,refine,256,1,32,it0150,0.3711707293987274,0.40242791175842285,0.038461538461538464,False,0
D2_1,refine,256,1,32,it0151,0.6996673941612244,0.5600693225860596,0.0,False,0
D2_1,refine,256,1,32,it0152,0.5756143927574158,0.4031524658203125,0.0,False,0
D2_1,refine,256,1,32,it0153,0.38234004378318787,0.3705955743789673,0.11904761904761904,False,0
D2_1,refine,256,1,32,it0154,0.24100014567375183,0.06812828779220581,0.10526315789473684,False,0
D2_1,refine,256,1,32,it0155,0.3662785589694977,0.495574027299881,0.21428571428571427,False,0
D2_1,refine,256,1,32,it0156,0.2889038622379303,0.28102585673332214,0.0,False,0
D2_1,refine,256,1,32,it0157,0.5730230808258057,0.559097409248352,0.09302325581395349,False,0
D2_1,refine,256,1,32,it0158,0.3486507833003998,0.24200233817100525,0.05263157894736842,False,0
D2_1,refine,256,1,32,it0159,0.484588623046875,0.366493821144104,0.0,False,0
D2_1,refine,256,1,32,it0160,0.5524730086326599,0.3578507602214813,0.0967741935483871,False,0
D2_1,refine,256,1,32,it0161,0.24059098958969116,0.2653541564941406,0.034482758620689655,False,0
D2_1,refine,256,1,32,it0162,0.25011545419692993,0.4180847406387329,0.14814814814814814,False,0
D2_1,refine,256,1,32,it0163,0.6079491376876831,0.5199780464172363,0.0,False,0
D2_1,refine,256,1,32,it0164,0.4964456260204315,0.33224260807037354,0.0967741935483871,False,0
D2_1,refine,256,1,32,it0165,0.33965864777565,0.3944188356399536,0.06060606060606061,False,0
D2_1,refine,256,1,32,it0166,0.4664706885814667,0.21069708466529846,0.08333333333333333,False,0
D2_1,refine,256,1,32,it0167,0.37384289503097534,0.37649670243263245,0.05263157894736842,False,0
D2_1,refine,256,1,32,it0168,0.332670122385025,0.34082555770874023,0.2,False,0
D2_1,refine,256,1,32,it0169,0.4371020495891571,0.4411134719848633,0.15,False,0
D2_1,refine,256,1,32,it0170,0.3604951798915863,0.4244331121444702,0.17647058823529413,False,0
D2_1,refine,256,1,32,it0171,0.6845499873161316,0.5552126169204712,0.047619047619047616,False,0
D2_1,refine,256,1,32,it0172,0.2879513204097748,0.4405951201915741,0.0,False,0
D2_1,refine,256,1,32,it0173,0.6308377981185913,0.6183348298072815,0.1,False,0
D2_1,refine,256,1,32,it0174,0.341963529586792,0.36274251341819763,0.0,False,0
D2_1,refine,256,1,32,it0175,0.08706999570131302,0.03825316205620766,0.0,False,0
D2_1,refine,256,1,32,it0176,0.3528987765312195,0.4730749726295471,0.0,False,0
D2_1,refine,256,1,32,it0177,0.30220526456832886,0.3198266327381134,0.05263157894736842,False,0
D2_1,refine,256,1,32,it0178,0.2908186614513397,0.17516879737377167,0.11764705882352941,False,0
D2_1,refine,256,1,32,it0179,0.5708004832267761,0.5661717057228088,0.16129032258064516,False,0
D2_1,refine,256,1,32,it0180,0.47473639249801636,0.5161899924278259,0.0,False,0
D2_1,refine,256,1,32,it0181,0.5644243955612183,0.5079876780509949,0.0,False,0
D2_1,refine,256,1,32,it0182,0.6343331933021545,0.5559889078140259,0.16,False,0
D2_1,refine,256,1,32,it0183,0.6104835271835327,0.6179024577140808,0.0,False,0
D2_1,refine,256,1,32,it0184,0.2344146966934204,0.26047009229660034,0.13333333333333333,False,0
D2_1,refine,256,1,32,it0185,0.3340488374233246,0.3985946774482727,0.03225806451612903,False,0
D2_1,refine,256,1,32,it0186,0.5662775039672852,0.43577057123184204,0.0,False,0
D2_1,refine,256,1,32,it0187,0.46420589089393616,0.5194087624549866,0.0,False,0
D2_1,refine,256,1,32,it0188,0.5030702948570251,0.41587093472480774,0.0,False,0
D2_1,refine,256,1,32,it0189,0.35984376072883606,0.3659204840660095,0.2,False,0
D2_1,refine,256,1,32,it0190,0.5105681419372559,0.547882616519928,0.0625,False,0
D2_1,refine,256,1,32,it0191,0.39160946011543274,0.38818496465682983,0.0,False,0
D2_1,refine,256,1,32,it0192,0.5216051936149597,0.6169288754463196,0.1111111111111111,False,0
D2_1,refine,256,1,32,it0193,0.507658839225769,0.24602824449539185,0.25,False,0
D2_1,refine,256,1,32,it0194,0.6154532432556152,0.6752359867095947,0.0,False,0
D2_1,refine,256,1,32,it0195,0.6369244456291199,0.558417558670044,0.0,False,0
D2_1,refine,256,1,32,it0196,0.494663804769516,0.3678618371486664,0.0,False,0
D2_1,refine,256,1,32,it0197,0.3681190609931946,0.22577068209648132,0.0,False,0
D2_1,refine,256,1,32,it0198,0.21201424300670624,0.19060730934143066,0.0,False,0
D2_1,refine,256,1,32,it0199,0.43014055490493774,0.3655189275741577,0.058823529411764705,False,0
D2_1,refine,512,1,64,it0000,0.48463335633277893,0.451858788728714,0.043478260869565216,False,0
D2_1,refine,512,1,64,it0001,0.31823140382766724,0.2503269910812378,0.2777777777777778,False,0
D2_1,refine,512,1,64,it0002,0.28148534893989563,0.06203774735331535,0.13333333333333333,False,0
D2_1,refine,512,1,64,it0003,0.39035364985466003,0.3225584030151367,0.06666666666666667,False,0
D2_1,refine,512,1,64,it0004,0.5107163786888123,0.3771868646144867,0.125,False,0
D2_1,refine,512,1,64,it0005,0.44950610399246216,0.4182770848274231,0.0,False,0
D2_1,refine,512,1,64,it0006,0.37409907579421997,0.36762940883636475,0.1111111111111111,False,0
D2_1,refine,512,1,64,it0007,0.3370645046234131,0.3458174467086792,0.20454545454545456,False,0
D2_1,refine,512,1,64,it0008,0.2649492621421814,0.18979494273662567,0.14285714285714285,False,0
D2_1,refine,512,1,64,it0009,0.49383172392845154,0.4460409879684448,0.0,False,0
D2_1,refine,512,1,64,it0010,0.5328769683837891,0.5781117081642151,0.1111111111111111,False,0
D2_1,refine,512,1,64,it0011,0.5129283666610718,0.4289880692958832,0.0,False,0
D2_1,refine,512,1,64,it0012,0.36193540692329407,0.23317581415176392,0.27586206896551724,False,0
D2_1,refine,512,1,64,it0013,0.5054811835289001,0.5986851453781128,0.0,False,0
D2_1,refine,512,1,64,it0014,0.4629736840724945,0.4246101975440979,0.0,False,0
D2_1,refine,512,1,64,it0015,0.48293498158454895,0.48825863003730774,0.23529411764705882,False,0
D2_1,refine,512,1,64,it0016,0.6574558615684509,0.5322480797767639,0.058823529411764705,False,0
D2_1,refine,512,1,64,it0017,0.48785215616226196,0.34514015913009644,0.06666666666666667,False,0
D2_1,refine,512,1,64,it0018,0.40650874376296997,0.1940872073173523,0.029411764705882353,False,0
D2_1,refine,512,1,64,it0019,0.6325066089630127,0.5252431631088257,0.021739130434782608,False,0
D2_1,refine,512,1,64,it0020,0.3289579153060913,0.31862494349479675,0.5384615384615384,False,0
D2_1,refine,512,1,64,it0021,0.4664381146430969,0.36732321977615356,0.030303030303030304,False,0
D2_1,refine,512,1,64,it0022,0.4430660307407379,0.42632177472114563,0.175,False,0
D2_1,refine,512,1,64,it0023,0.5857536196708679,0.5237445831298828,0.1111111111111111,False,0
D2_1,refine,512,1,64,it0024,0.6377896070480347,0.46476244926452637,0.14285714285714285,False,0
D2_1,refine,512,1,64,it0025,0.5569665431976318,0.6093352437019348,0.0,False,0
D2_1,refine,512,1,64,it0026,0.2880825102329254,0.16721367835998535,0.125,False,0
D2_1,refine,512,1,64,it0027,0.6685338020324707,0.6563379764556885,0.0625,False,0
D2_1,refine,512,1,64,it0028,0.5122125744819641,0.5079277157783508,0.047619047619047616,False,0
D2_1,refine,512,1,64,it0029,0.31054800748825073,0.41905924677848816,0.0,False,0
D2_1,refine,512,1,64,it0030,0.5902665257453918,0.5207061171531677,0.12,False,0
D2_1,refine,512,1,64,it0031,0.29335346817970276,0.25544247031211853,0.16666666666666666,False,0
D2_1,refine,512,1,64,it0032,0.564267635345459,0.5112394094467163,0.037037037037037035,False,0
D2_1,refine,512,1,64,it0033,0.3055891692638397,0.29933595657348633,0.15384615384615385,False,0
D2_1,refine,512,1,64,it0034,0.2887604236602783,0.1481841653585434,0.0,False,0
D2_1,refine,512,1,64,it0035,0.27639007568359375,0.26632067561149597,0.0,False,0
D2_1,refine,512,1,64,it0036,0.5545629262924194,0.4946914613246918,0.1111111111111111,False,0
D2_1,refine,512,1,64,it0037,0.5850151777267456,0.5157506465911865,0.0,False,0
D2_1,refine,512,1,64,it0038,0.323076456785202,0.25776004791259766,0.02702702702702703,False,0
D2_1,refine,512,1,64,it0039,0.41570696234703064,0.4162522554397583,0.07317073170731707,False,0
D2_1,refine,512,1,64,it0040,0.4102928042411804,0.2599794268608093,0.0,False,0
D2_1,refine,512,1,64,it0041,0.6213989853858948,0.3544265627861023,0.09090909090909091,False,0
D2_1,refine,512,1,64,it0042,0.38554877042770386,0.44813594222068787,0.1111111111111111,False,0
D2_1,refine,512,1,64,it0043,0.26958489418029785,0.13333681225776672,0.0,False,0
D2_1,refine,512,1,64,it0044,0.5304254293441772,0.4367554187774658,0.24,False,0
D2_1,refine,512,1,64,it0045,0.22585450112819672,0.406731516122818,0.0,False,0
D2_1,refine,512,1,64,it0046,0.19678711891174316,0.14341622591018677,0.0,False,0
D2_1,refine,512,1,64,it0047,0.35574743151664734,0.4298679530620575,0.55,False,0
D2_1,refine,512,1,64,it0048,0.5266732573509216,0.4390258491039276,0.1875,False,0
D2_1,refine,512,1,64,it0049,0.2947004437446594,0.4161486327648163,0.18181818181818182,False,0
D2_1,refine,512,1,64,it0050,0.18239417672157288,0.014333832077682018,0.13636363636363635,False,0
D2_1,refine,512,1,64,it0051,0.21001645922660828,0.38617637753486633,0.034482758620689655,False,0
D2_1,refine,512,1,64,it0052,0.28355681896209717,0.331189900636673,0.0,False,0
D2_1,refine,512,1,64,it0053,0.29787856340408325,0.4308372139930725,0.2972972972972973,False,0
D2_1,refine,512,1,64,it0054,0.29766660928726196,0.03725586086511612,0.125,False,0
D2_1,refine,512,1,64,it0055,0.35459551215171814,0.5115947127342224,0.23076923076923078,False,0
D2_1,refine,512,1,64,it0056,0.2942105829715729,0.24474389851093292,0.1,False,0
D2_1,refine,512,1,64,it0057,0.48921215534210205,0.366030216217041,0.029411764705882353,False,0
D2_1,refine,512,1,64,it0058,0.2546580731868744,0.3038332462310791,0.08333333333333333,False,0
D2_1,refine,512,1,64,it0059,0.5262676477432251,0.5551385283470154,0.10714285714285714,False,0
D2_1,refine,512,1,64,it0060,0.4491739571094513,0.33445852994918823,0.11764705882352941,False,0
D2_1,refine,512,1,64,it0061,0.5242604613304138,0.6094971299171448,0.0,False,0
D2_1,refine,512,1,64,it0062,0.6368244886398315,0.5109436511993408,0.047619047619047616,False,0
D2_1,refine,512,1,64,it0063,0.3806096613407135,0.3774182200431824,0.034482758620689655,False,0
D2_1,refine,512,1,64,it0064,0.3532845079898834,0.4383595287799835,0.05555555555555555,False,0
D2_1,refine,512,1,64,it0065,0.5796480774879456,0.5008415579795837,0.07692307692307693,False,0
D2_1,refine,512,1,64,it0066,0.30029118061065674,0.31853872537612915,0.19047619047619047,False,0
D2_1,refine,512,1,64,it0067,0.3731193244457245,0.35908937454223633,0.05555555555555555,False,0
D2_1,refine,512,1,64,it0068,0.7231091856956482,0.6247416734695435,0.0,False,0
D2_1,refine,512,1,64,it0069,0.2579672634601593,0.36200472712516785,0.09090909090909091,False,0
D2_1,refine,512,1,64,it0070,0.4624366760253906,0.3885553479194641,0.0,False,0
D2_1,refine,512,1,64,it0071,0.5706337094306946,0.5389800071716309,0.21428571428571427,False,0
D2_1,refine,512,1,64,it0072,0.4648103713989258,0.4938812851905823,0.09090909090909091,False,0
D2_1,refine,512,1,64,it0073,0.11894097924232483,0.11344699561595917,0.1724137931034483,False,0
D2_1,refine,512,1,64,it0074,0.3532693684101105,0.3373381495475769,0.2,False,0
D2_1,refine,512,1,64,it0075,0.3885691165924072,0.471488356590271,0.08695652173913043,False,0
D2_1,refine,512,1,64,it0076,0.5399866700172424,0.25630098581314087,0.13043478260869565,False,0
D2_1,refine,512,1,64,it0077,0.476542204618454,0.4785442650318146,0.25,False,0
D2_1,refine,512,1,64,it0078,0.2907903492450714,0.18897506594657898,0.047619047619047616,False,0
D2_1,refine,512,1,64,it0079,0.6111360192298889,0.5980756282806396,0.0,False,0
D2_1,refine,512,1,64,it0080,0.374809592962265,0.22352004051208496,0.17073170731707318,False,0
D2_1,refine,512,1,64,it0081,0.3599373996257782,0.31116414070129395,0.0,False,0
D2_1,refine,512,1,64,it0082,0.4350348114967346,0.38316354155540466,0.0,False,0
D2_1,refine,512,1,64,it0083,0.5206502079963684,0.37476515769958496,0.029411764705882353,False,0
D2_1,refine,512,1,64,it0084,0.6024975180625916,0.5242418646812439,0.022222222222222223,False,0
D2_1,refine,512,1,64,it0085,0.572284460067749,0.47754648327827454,0.0,False,0
D2_1,refine,512,1,64,it0086,0.6636223793029785,0.5760644674301147,0.0,False,0
D2_1,refine,512,1,64,it0087,0.528674840927124,0.6494801044464111,0.1875,False,0
D2_1,refine,512,1,64,it0088,0.3023085296154022,0.3035537302494049,0.0,False,0
D2_1,refine,512,1,64,it0089,0.45365673303604126,0.265072762966156,0.0,False,0
D2_1,refine,512,1,64,it0090,0.6529189348220825,0.6325510740280151,0.0,False,0
D2_1,refine,512,1,64,it0091,0.5079534649848938,0.5469076037406921,0.03225806451612903,False,0
D2_1,refine,512,1,64,it0092,0.552905261516571,0.49542373418807983,0.08571428571428572,False,0
D2_1,refine,512,1,64,it0093,0.49643653631210327,0.3690372109413147,0.0,False,0
D2_1,refine,512,1,64,it0094,0.4602106809616089,0.4800969660282135,0.0,False,0
D2_1,refine,512,1,64,it0095,0.6277256608009338,0.61093670129776,0.0,False,0
D2_1,refine,512,1,64,it0096,0.5082550644874573,0.33876803517341614,0.045454545454545456,False,0
D2_1,refine,512,1,64,it0097,0.6481246948242188,0.67240309715271,0.0,False,0
D2_1,refine,512,1,64,it0098,0.5598430633544922,0.4244269132614136,0.18518518518518517,False,0
D2_1,refine,512,1,64,it0099,0.20910359919071198,0.1513931155204773,0.0,False,0
D2_1,refine,512,1,64,it0100,0.6133844256401062,0.6297709345817566,0.15384615384615385,False,0
D2_1,refine,512,1,64,it0101,0.18663649260997772,0.23286676406860352,0.0,False,0
D2_1,refine,512,1,64,it0102,0.27737438678741455,0.3689878284931183,0.0,False,0
D2_1,refine,512,1,64,it0103,0.4098077714443207,0.5051769614219666,0.0,False,0
D2_1,refine,512,1,64,it0104,0.5505876541137695,0.5403904914855957,0.041666666666666664,False,0
D2_1,refine,512,1,64,it0105,0.46608638763427734,0.6408129930496216,0.2571428571428571,False,0
D2_1,refine,512,1,64,it0106,0.4794989824295044,0.5363759398460388,0.041666666666666664,False,0
D2_1,refine,512,1,64,it0107,0.5267041921615601,0.43666088581085205,0.08695652173913043,False,0
D2_1,refine,512,1,64,it0108,0.506669819355011,0.32826507091522217,0.0,False,0
D2_1,refine,512,1,64,it0109,0.429524302482605,0.3474303185939789,0.10526315789473684,False,0
D2_1,refine,512,1,64,it0110,0.2564600706100464,0.3290942907333374,0.06666666666666667,False,0
D2_1,refine,512,1,64,it0111,0.2674909234046936,0.1940920650959015,0.12121212121212122,False,0
D2_1,refine,512,1,64,it0112,0.6140103340148926,0.5624927282333374,0.0,False,0
D2_1,refine,512,1,64,it0113,0.5457305908203125,0.47804588079452515,0.0,False,0
D2_1,refine,512,1,64,it0114,0.4503107964992523,0.26176920533180237,0.3888888888888889,False,0
D2_1,refine,512,1,64,it0115,0.42029398679733276,0.25617870688438416,0.07142857142857142,False,0
D2_1,refine,512,1,64,it0116,0.5819895267486572,0.4643765091896057,0.17647058823529413,False,0
D2_1,refine,512,1,64,it0117,0.441567063331604,0.59549880027771,0.029411764705882353,False,0
D2_1,refine,512,1,64,it0118,0.5135785937309265,0.49592363834381104,0.09615384615384616,False,0
D2_1,refine,512,1,64,it0119,0.5092962384223938,0.5539443492889404,0.21428571428571427,False,0
D2_1,refine,512,1,64,it0120,0.6409726738929749,0.6423455476760864,0.0,False,0
D2_1,refine,512,1,64,it0121,0.5455726385116577,0.424654483795166,0.05,False,0
D2_1,refine,512,1,64,it0122,0.21830657124519348,0.3137168884277344,0.18181818181818182,False,0
D2_1,refine,512,1,64,it0123,0.3577645421028137,0.43743374943733215,0.0,False,0
D2_1,refine,512,1,64,it0124,0.5756063461303711,0.47377651929855347,0.030303030303030304,False,0
D2_1,refine,512,1,64,it0125,0.40893879532814026,0.3195653259754181,0.05128205128205128,False,0
D2_1,refine,512,1,64,it0126,0.5028518438339233,0.47389528155326843,0.0,False,0
D2_1,refine,512,1,64,it0127,0.31477218866348267,0.2456953525543213,0.058823529411764705,False,0
D2_1,refine,512,1,64,it0128,0.4696083962917328,0.37304797768592834,0.05,False,0
D2_1,refine,512,1,64,it0129,0.29719051718711853,0.2122398316860199,0.0,False,0
D2_1,refine,512,1,64,it0130,0.34721672534942627,0.3877970576286316,0.1,False,0
D2_1,refine,512,1,64,it0131,0.3385734558105469,0.46110936999320984,0.0,False,0
D2_1,refine,512,1,64,it0132,0.32161834836006165,0.2888161540031433,0.07142857142857142,False,0
D2_1,refine,512,1,64,it0133,0.5926824808120728,0.6011590957641602,0.0,False,0
D2_1,refine,512,1,64,it0134,0.5016725659370422,0.39121437072753906,0.10526315789473684,False,0
D2_1,refine,512,1,64,it0135,0.30085596442222595,0.4009380042552948,0.05128205128205128,False,0
D2_1,refine,512,1,64,it0136,0.31546318531036377,0.32820406556129456,0.0,False,0
D2_1,refine,512,1,64,it0137,0.5172613263130188,0.39800626039505005,0.3333333333333333,False,0
D2_1,refine,512,1,64,it0138,0.6018600463867188,0.5525743961334229,0.05555555555555555,False,0
D2_1,refine,512,1,64,it0139,0.45885947346687317,0.320319265127182,0.0,False,0
D2_1,refine,512,1,64,it0140,0.34082266688346863,0.3924468159675598,0.041666666666666664,False,0
D2_1,refine,512,1,64,it0141,0.4664318263530731,0.6109987497329712,0.3333333333333333,False,0
D2_1,refine,512,1,64,it0142,0.24633191525936127,0.2684323787689209,0.2,False,0
D2_1,refine,512,1,64,it0143,0.44232240319252014,0.4820571839809418,0.0,False,0
D2_1,refine,512,1,64,it0144,0.5921434760093689,0.4158397316932678,0.10714285714285714,False,0
D2_1,refine,512,1,64,it0145,0.4992808699607849,0.6051012873649597,0.0,False,0
D2_1,refine,512,1,64,it0146,0.29550084471702576,0.25463593006134033,0.05,False,0
D2_1,refine,512,1,64,it0147,0.4929971992969513,0.4778295159339905,0.043478260869565216,False,0
D2_1,refine,512,1,64,it0148,0.10001952946186066,0.286600798368454,0.03571428571428571,False,0
D2_1,refine,512,1,64,it0149,0.32275164127349854,0.33358749747276306,0.14285714285714285,False,0
D2_1,refine,512,1,64,it0150,0.3514396846294403,0.25473469495773315,0.11538461538461539,False,0
D2_1,refine,512,1,64,it0151,0.6470744609832764,0.5165894031524658,0.058823529411764705,False,0
D2_1,refine,512,1,64,it0152,0.5184295773506165,0.4381589889526367,0.0,False,0
D2_1,refine,512,1,64,it0153,0.26627621054649353,0.4003807008266449,0.047619047619047616,False,0
D2_1,refine,512,1,64,it0154,0.258661687374115,0.10280518233776093,0.10526315789473684,False,0
D2_1,refine,512,1,64,it0155,0.23311375081539154,0.32410570979118347,0.0,False,0
D2_1,refine,512,1,64,it0156,0.25525954365730286,0.2193564623594284,0.047619047619047616,False,0
D2_1,refine,512,1,64,it0157,0.5783944129943848,0.5511696934700012,0.023255813953488372,False,0
D2_1,refine,512,1,64,it0158,0.16497275233268738,0.24319331347942352,0.05263157894736842,False,0
D2_1,refine,512,1,64,it0159,0.5132675170898438,0.4653382897377014,0.0,False,0
D2_1,refine,512,1,64,it0160,0.5252407193183899,0.4283769726753235,0.06451612903225806,False,0
D2_1,refine,512,1,64,it0161,0.35967278480529785,0.24439296126365662,0.034482758620689655,False,0
D2_1,refine,512,1,64,it0162,0.10174532979726791,0.25622057914733887,0.07407407407407407,False,0
D2_1,refine,512,1,64,it0163,0.5340288877487183,0.5576644539833069,0.0,False,0
D2_1,refine,512,1,64,it0164,0.6091516017913818,0.4396507740020752,0.0967741935483871,False,0
D2_1,refine,512,1,64,it0165,0.29751038551330566,0.24474181234836578,0.030303030303030304,False,0
D2_1,refine,512,1,64,it0166,0.5049517154693604,0.3332985043525696,0.08333333333333333,False,0
D2_1,refine,512,1,64,it0167,0.3873288035392761,0.3984571099281311,0.10526315789473684,False,0
D2_1,refine,512,1,64,it0168,0.23624542355537415,0.2403520941734314,0.2,False,0
D2_1,refine,512,1,64,it0169,0.43023863434791565,0.4516719579696655,0.1,False,0
D2_1,refine,512,1,64,it0170,0.35256892442703247,0.369782030582428,0.23529411764705882,False,0
D2_1,refine,512,1,64,it0171,0.6812185049057007,0.597413182258606,0.0,False,0
D2_1,refine,512,1,64,it0172,0.2885213792324066,0.33272090554237366,0.0,False,0
D2_1,refine,512,1,64,it0173,0.7168769836425781,0.6790348291397095,0.06666666666666667,False,0
D2_1,refine,512,1,64,it0174,0.5320686101913452,0.33133673667907715,0.0,False,0
D2_1,refine,512,1,64,it0175,0.11541872471570969,0.15884822607040405,0.0,False,0
D2_1,refine,512,1,64,it0176,0.28881198167800903,0.29878196120262146,0.0,False,0
D2_1,refine,512,1,64,it0177,0.5057671070098877,0.5244273543357849,0.05263157894736842,False,0
D2_1,refine,512,1,64,it0178,0.3131714165210724,0.2469240427017212,0.29411764705882354,False,0
D2_1,refine,512,1,64,it0179,0.6814592480659485,0.6805305480957031,0.06451612903225806,False,0
D2_1,refine,512,1,64,it0180,0.474709689617157,0.4975556433200836,0.0,False,0
D2_1,refine,512,1,64,it0181,0.5447952151298523,0.4287174940109253,0.0,False,0
D2_1,refine,512,1,64,it0182,0.4887751042842865,0.447367399930954,0.24,False,0
D2_1,refine,512,1,64,it0183,0.5865296125411987,0.6194596290588379,0.0,False,0
D2_1,refine,512,1,64,it0184,0.23125916719436646,0.16896933317184448,0.06666666666666667,False,0
D2_1,refine,512,1,64,it0185,0.40602463483810425,0.3750607371330261,0.06451612903225806,False,0
D2_1,refine,512,1,64,it0186,0.5715008974075317,0.4534711539745331,0.0,False,0
D2_1,refine,512,1,64,it0187,0.5134066939353943,0.4768008887767792,0.0625,False,0
D2_1,refine,512,1,64,it0188,0.468099981546402,0.34679657220840454,0.0,False,0
D2_1,refine,512,1,64,it0189,0.3182787597179413,0.26664161682128906,0.0,False,0
D2_1,refine,512,1,64,it0190,0.6116563677787781,0.5987803936004639,0.0,False,0
D2_1,refine,512,1,64,it0191,0.4092743694782257,0.3911307454109192,0.0,False,0
D2_1,refine,512,1,64,it0192,0.5507383346557617,0.689693808555603,0.07407407407407407,False,0
D2_1,refine,512,1,64,it0193,0.4068453311920166,0.21824121475219727,0.25,False,0
D2_1,refine,512,1,64,it0194,0.6042830944061279,0.6825575828552246,0.0,False,0
D2_1,refine,512,1,64,it0195,0.5842801332473755,0.5169989466667175,0.07692307692307693,False,0
D2_1,refine,512,1,64,it0196,0.4991905093193054,0.386744886636734,0.0,False,0
D2_1,refine,512,1,64,it0197,0.3567745089530945,0.39449024200439453,0.0,False,0
D2_1,refine,512,1,64,it0198,0.2505785822868347,0.17118418216705322,0.0,False,0
D2_1,refine,512,1,64,it0199,0.4626094102859497,0.45094218850135803,0.11764705882352941,False,0
